ilce_id,ilce,il,year,crop,verim_kg_da,gdd_cum_season,gdd_flowering,vernalization_days,tp_season_sum,tp_winter_sum,tp_flowering,tp_grain_fill,aridity_index,heat_stress_days,t2m_flowering_mean,t2m_flowering_max,tdiff_mean,ssr_flowering_sum,ssr_season_sum
1163,Babaeski,Kırklareli,2004,aycicegi_yaglik,154.0,2213.675,505.72,0,232.29999999999995,,29.24,43.07,0.18004528663116456,29,24.24612903225806,32.020645161290325,13.69174863387978,811.5,3913.5899999999997
1163,Babaeski,Kırklareli,2005,aycicegi_yaglik,149.0,2326.2650000000003,544.35,0,236.76999999999995,,66.3,28.179999999999996,0.18457905675224914,42,25.300322580645165,32.47741935483871,13.19497267759563,771.1199999999999,3869.6200000000003
1163,Babaeski,Kırklareli,2006,aycicegi_yaglik,170.0,2313.7799999999997,508.77,0,243.17000000000002,,32.04,11.84,0.1811332465388713,42,24.351290322580642,31.77483870967742,13.267540983606558,793.3299999999999,3987.07
1163,Babaeski,Kırklareli,2007,aycicegi_yaglik,170.0,2564.635,611.9600000000002,0,154.98,,0.29000000000000004,18.169999999999998,0.10111067607185537,54,27.761612903225803,36.381290322580654,14.914863387978142,870.1200000000001,4190.389999999999
1163,Babaeski,Kırklareli,2008,aycicegi_yaglik,186.0,2424.2200000000003,557.43,0,186.76,,18.590000000000003,8.27,0.13171303862708925,45,25.966129032258067,33.76903225806451,13.794863387978141,832.6800000000001,4015.2800000000007
1163,Babaeski,Kırklareli,2009,aycicegi_yaglik,187.0,2351.51,563.9,0,219.61999999999995,,54.55,8.01,0.15668201958825387,38,26.169354838709673,33.32,13.928852459016394,784.03,4084.36
1163,Babaeski,Kırklareli,2010,aycicegi_yaglik,172.0,2425.7700000000004,525.24,0,266.83000000000004,,83.03000000000002,1.39,0.20745531182175822,42,24.87322580645161,31.17483870967742,12.859453551912567,722.4999999999998,3898.2200000000003
1163,Babaeski,Kırklareli,2011,aycicegi_yaglik,149.0,2317.3849999999998,581.83,0,246.61,,18.52,16.02,0.18065973691360393,48,26.659677419354836,34.475806451612904,13.777486338797813,818.9300000000002,3958.1800000000007
1163,Babaeski,Kırklareli,2012,aycicegi_yaglik,218.0,2691.225,653.525,0,160.2,,2.3699999999999997,6.47,0.10393904643081626,55,29.02064516129032,37.28806451612903,14.535737704918033,841.9599999999998,4212.359999999999
1163,Babaeski,Kırklareli,2013,aycicegi_yaglik,266.0,2486.4800000000005,549.8550000000001,0,131.23,,7.52,0.24999999999999997,0.09189604639485524,50,25.687096774193545,33.34225806451612,13.723715846994539,803.5100000000001,4128.34
1163,Babaeski,Kırklareli,2014,aycicegi_yaglik,250.0,2316.225,529.69,0,441.9,,52.059999999999995,34.47,0.35850786169618043,41,24.992903225806447,32.2141935483871,12.6251912568306,780.4300000000002,3760.33
1163,Babaeski,Kırklareli,2015,aycicegi_yaglik,260.0,2417.43,567.345,0,236.07999999999998,,5.5,21.47,0.1726871656484569,49,26.182258064516127,34.557096774193546,13.567486338797817,851.7500000000001,4017.7899999999995
1163,Babaeski,Kırklareli,2016,aycicegi_yaglik,202.0,2532.93,584.58,0,177.58,,10.11,6.0600000000000005,0.12669487010219385,52,26.742258064516125,34.68677419354839,13.72174863387978,831.27,4045.44
1163,Babaeski,Kırklareli,2017,aycicegi_yaglik,223.0,2428.81,553.2599999999999,0,273.96999999999997,,59.83,12.01,0.1916481994462084,39,25.581290322580646,33.62580645161291,14.356775956284153,802.7799999999997,4059.7899999999995
1163,Babaeski,Kırklareli,2018,aycicegi_yaglik,279.0,2519.5899999999997,541.5949999999999,0,258.65,,79.18,1.89,0.19450844666115316,42,25.350000000000005,31.60258064516129,13.068852459016396,740.6800000000001,4002.0599999999995
1163,Babaeski,Kırklareli,2019,aycicegi_yaglik,278.0,2482.7200000000003,544.5500000000001,0,230.70000000000005,,45.38,31.68,0.1655446088164147,44,25.515483870967746,33.28645161290322,14.009344262295082,764.9699999999999,3977.57
1163,Babaeski,Kırklareli,2020,aycicegi_yaglik,300.0,2469.95,572.3299999999999,0,229.10999999999999,,1.84,7.41,0.15966457135756312,54,26.26612903225806,34.483548387096775,14.179945355191258,860.68,4106.630000000001
1163,Babaeski,Kırklareli,2021,aycicegi_yaglik,282.0,2390.16,599.15,0,220.56,,14.399999999999999,13.81,0.166668432710007,55,27.134516129032253,35.18,13.302240437158469,819.3400000000001,3896.35
1163,Babaeski,Kırklareli,2022,aycicegi_yaglik,313.0,2495.07,581.8800000000001,0,221.16,,20.27,46.8,0.15562847823231865,50,26.649677419354834,34.76258064516129,14.103169398907104,833.4399999999999,4065.29
1163,Babaeski,Kırklareli,2023,aycicegi_yaglik,192.0,2558.1450000000004,630.4299999999998,0,218.67,,19.77,10.48,0.16027555197817375,57,28.345161290322583,36.51870967741936,13.636120218579235,833.3900000000002,3850.9900000000002
1163,Babaeski,Kırklareli,2024,aycicegi_yaglik,225.0,2786.885,648.5999999999999,0,172.17,,20.090000000000003,10.34,0.1138738987891553,58,28.8141935483871,36.67161290322581,14.260928961748634,805.9199999999998,4080.6799999999994
1163,Babaeski,Kırklareli,2025,aycicegi_yaglik,112.0,2658.195,668.6700000000001,0,144.03,,4.16,18.22,0.09366072677482871,53,29.44354838709678,37.96870967741936,14.841530054644808,841.8700000000001,4157.780000000001
1163,Babaeski,Kırklareli,2004,bugday,323.0,2355.0750000000003,503.85499999999996,15,293.20000000000005,96.31000000000002,44.540000000000006,90.51,0.3403826299458685,8,16.31903225806452,23.144516129032258,11.795989847715736,688.84,3124.8399999999997
1163,Babaeski,Kırklareli,2005,bugday,366.0,3400.7200000000003,548.385,58,504.59000000000003,308.97,72.94,18.12,0.5011884587422811,8,17.638709677419353,24.06935483870968,11.059131944444443,641.15,3813.6400000000003
1163,Babaeski,Kırklareli,2006,bugday,317.0,3177.28,519.9350000000001,50,525.26,325.17999999999995,24.919999999999995,51.24,0.5276976087280704,19,16.74290322580645,22.970967741935485,10.563749999999999,711.84,3835.2099999999996
1163,Babaeski,Kırklareli,2007,bugday,404.0,3641.1449999999995,601.2300000000001,74,349.51,206.56,70.25,11.91,0.30290416571105655,24,19.07225806451613,26.241290322580646,11.502708333333333,686.8200000000002,3997.12
1163,Babaeski,Kırklareli,2008,bugday,358.0,3434.5150000000003,541.045,63,452.59000000000003,322.27000000000004,26.43,39.209999999999994,0.41014354656444946,20,17.49225806451613,24.314838709677424,10.73038062283737,745.67,3951.0600000000004
1163,Babaeski,Kırklareli,2009,bugday,322.0,3496.0499999999997,570.7500000000001,50,409.39,235.28,23.58,18.5,0.37668569007196684,22,18.240645161290324,25.288387096774198,11.190104166666666,736.5500000000002,3906.9199999999996
1163,Babaeski,Kırklareli,2010,bugday,280.0,3410.175,546.365,48,829.0000000000001,555.19,26.780000000000005,71.56,0.871577322882701,12,17.63967741935484,23.79677419354838,10.323506944444444,742.0799999999999,3713.16
1163,Babaeski,Kırklareli,2011,bugday,318.0,3323.385,510.345,36,525.15,331.51,28.71,68.39999999999999,0.5381394206449684,12,16.49064516129032,22.68,10.498541666666666,674.77,3724.83
1163,Babaeski,Kırklareli,2012,bugday,410.0,3282.9849999999997,562.53,70,501.64000000000004,343.05999999999995,88.09,3.69,0.44202246684739516,25,18.034193548387098,24.098387096774193,11.228166089965399,640.3700000000001,4040.29
1163,Babaeski,Kırklareli,2013,bugday,388.0,3673.025,604.975,51,608.44,444.13,8.86,70.62,0.5608765840090376,18,19.369032258064514,26.12129032258065,10.660694444444443,759.2800000000001,3907.6099999999997
1163,Babaeski,Kırklareli,2014,bugday,428.0,3599.5449999999996,541.72,61,483.57000000000005,163.81000000000003,80.24,109.8,0.48053671825471,8,17.49806451612903,23.233870967741936,10.904722222222224,654.2499999999998,3772.58
1163,Babaeski,Kırklareli,2015,bugday,379.0,3292.585,564.465,59,669.39,446.65999999999997,22.220000000000002,63.5,0.6911799285676673,5,18.105806451612903,24.404193548387095,10.11263888888889,736.1900000000002,3773.48
1163,Babaeski,Kırklareli,2016,bugday,374.0,3756.54,518.965,54,556.3299999999999,350.76,63.26,23.0,0.5046855588604869,20,16.607741935483872,22.417419354838703,11.116297577854672,645.83,4025.5599999999995
1163,Babaeski,Kırklareli,2017,bugday,458.0,3272.91,530.49,46,483.78999999999996,257.82,47.9,57.769999999999996,0.43327810169677455,16,16.99,23.632258064516126,11.577569444444443,696.88,4022.21
1163,Babaeski,Kırklareli,2018,bugday,442.0,3645.125,575.925,60,758.1700000000001,454.41,35.48000000000001,107.69000000000001,0.7224146068705211,12,18.41064516129032,24.698387096774194,10.704583333333334,674.3399999999999,3904.03
1163,Babaeski,Kırklareli,2019,bugday,445.0,3559.9700000000003,574.69,61,496.35,317.1700000000001,51.559999999999995,35.63999999999999,0.46317007533802573,26,18.274516129032257,25.027419354838706,11.310555555555554,660.11,3843.5499999999997
1163,Babaeski,Kırklareli,2020,bugday,352.0,3752.7149999999997,543.2449999999999,51,439.13,192.16,71.26,68.47000000000001,0.39133526993992257,15,17.3441935483871,24.115161290322586,11.677889273356401,655.2299999999999,4067.9399999999996
1163,Babaeski,Kırklareli,2021,bugday,483.0,3555.51,533.905,58,716.1500000000001,478.68,58.6,63.760000000000005,0.7228070521708525,9,17.102258064516132,23.206129032258065,10.520138888888889,680.8100000000001,3826.01
1163,Babaeski,Kırklareli,2022,bugday,438.0,3445.385,551.33,50,520.54,379.26000000000005,25.990000000000006,44.26999999999998,0.47852092784451133,27,17.686774193548384,25.150645161290324,11.32576388888889,762.4200000000001,3943.88
1163,Babaeski,Kırklareli,2023,bugday,411.0,3837.175,506.35,55,403.3,173.08000000000004,46.510000000000005,34.35,0.38595429117729285,14,16.13741935483871,22.204838709677418,11.180208333333333,575.88,3779.36
1163,Babaeski,Kırklareli,2024,bugday,408.0,4160.43,523.115,50,445.49999999999994,290.63,42.85,8.760000000000002,0.3591494330327114,31,16.666774193548388,23.37258064516129,11.814636678200692,673.8800000000001,4062.8100000000004
1163,Babaeski,Kırklareli,2025,bugday,309.0,3745.26,556.6,68,349.28999999999996,202.5,58.28000000000001,5.659999999999999,0.28004599146133613,27,17.771290322580644,24.93290322580646,12.280868055555556,675.4599999999999,4186.51
1250,Çerkezköy,Tekirdağ,2004,aycicegi_yaglik,175.0,1986.545,455.14500000000004,0,202.3,,15.339999999999998,66.38,0.21239169639820102,3,22.4741935483871,27.10516129032258,8.44655737704918,793.22,3829.49
1250,Çerkezköy,Tekirdağ,2005,aycicegi_yaglik,149.0,2131.785,497.0350000000001,0,191.20000000000002,,45.38,17.980000000000008,0.20463419664122276,3,23.692258064516135,28.199032258064523,8.232513661202187,741.5400000000001,3712.84
1250,Çerkezköy,Tekirdağ,2006,aycicegi_yaglik,186.0,2120.7749999999996,461.73999999999995,0,170.65,,14.03,12.530000000000001,0.1723529318149354,7,22.74483870967742,26.852258064516132,8.308743169398907,776.9599999999999,3885.34
1250,Çerkezköy,Tekirdağ,2007,aycicegi_yaglik,98.0,2318.665,530.5899999999999,0,106.41999999999999,,0.21,19.39,0.09595636534615146,13,25.018064516129037,30.09741935483871,9.428907103825138,818.34,3998.22
1250,Çerkezköy,Tekirdağ,2008,aycicegi_yaglik,164.0,2221.7799999999997,498.40999999999997,0,175.62,,18.18,2.53,0.16950062710110167,8,23.99032258064516,28.857741935483876,8.665245901639343,808.1,3886.46
1250,Çerkezköy,Tekirdağ,2009,aycicegi_yaglik,180.0,2137.67,521.775,0,194.51999999999998,,25.990000000000006,6.51,0.19095696087381725,6,24.65322580645161,29.27387096774193,8.329562841530054,776.9800000000001,3980.0
1250,Çerkezköy,Tekirdağ,2010,aycicegi_yaglik,189.0,2282.665,505.61499999999995,0,250.04000000000002,,55.77,1.87,0.2563038181908587,16,24.17967741935485,28.19451612903226,8.265081967213115,732.05,3806.8899999999994
1250,Çerkezköy,Tekirdağ,2011,aycicegi_yaglik,198.0,2055.04,521.015,0,239.3,,18.06,10.81,0.24981336050453098,3,24.52548387096774,29.462258064516128,7.9576502732240435,789.43,3822.1899999999996
1250,Çerkezköy,Tekirdağ,2012,aycicegi_yaglik,160.0,2424.2799999999997,572.405,0,152.6,,1.5700000000000003,13.879999999999999,0.1395656676698086,20,26.28354838709678,30.982258064516127,8.95464480874317,798.8800000000001,3998.2
1250,Çerkezköy,Tekirdağ,2013,aycicegi_yaglik,210.0,2283.5549999999994,491.33,0,104.48,,6.609999999999999,3.0500000000000003,0.09990126622738128,2,23.59161290322581,28.22193548387097,8.669890710382514,788.59,3973.45
1250,Çerkezköy,Tekirdağ,2014,aycicegi_yaglik,175.0,2221.5950000000003,506.31500000000005,0,424.98,,32.8,51.96,0.4434586146573827,4,24.135483870967743,28.81999999999999,8.415355191256833,773.7599999999998,3681.81
1250,Çerkezköy,Tekirdağ,2015,aycicegi_yaglik,195.0,2222.75,503.00000000000006,0,240.5,,2.07,12.850000000000001,0.24295918331465835,10,24.01290322580645,28.924838709677413,8.407978142076502,816.5599999999998,3850.1000000000004
1250,Çerkezköy,Tekirdağ,2016,aycicegi_yaglik,181.0,2339.4849999999997,516.96,0,167.07,,10.589999999999998,15.930000000000003,0.1629519334080408,4,24.48,29.088709677419356,8.590437158469944,800.3399999999999,3909.34
1250,Çerkezköy,Tekirdağ,2017,aycicegi_yaglik,244.0,2154.745,493.51499999999993,0,305.87000000000006,,69.3,26.84,0.3013912998239427,7,23.69322580645161,28.41838709677419,8.890382513661203,765.2900000000002,3863.42
1250,Çerkezköy,Tekirdağ,2018,aycicegi_yaglik,210.0,2344.5099999999998,520.8,0,321.81000000000006,,83.59,3.8600000000000003,0.3370030294850312,1,24.61483870967742,28.843225806451613,7.870710382513661,760.83,3806.1099999999997
1250,Çerkezköy,Tekirdağ,2019,aycicegi_yaglik,250.0,2236.675,486.38500000000005,0,234.29999999999998,,58.97,33.04,0.23556863666848582,3,23.52645161290323,28.098064516129035,8.29224043715847,743.0199999999999,3865.42
1250,Çerkezköy,Tekirdağ,2020,aycicegi_yaglik,245.0,2211.5299999999997,497.5299999999999,0,202.31,,4.930000000000001,9.719999999999999,0.1978728792012617,2,23.88677419354839,28.284838709677423,8.529617486338799,803.9700000000001,3954.7500000000005
1250,Çerkezköy,Tekirdağ,2021,aycicegi_yaglik,220.0,2187.8100000000004,536.8900000000001,0,222.63000000000002,,17.92,13.039999999999997,0.2250211585791207,16,25.12967741935484,29.785806451612903,8.39415300546448,772.84,3821.6
1250,Çerkezköy,Tekirdağ,2022,aycicegi_yaglik,163.0,2219.985,493.71500000000003,0,250.23999999999998,,46.67,45.26,0.24281484393836897,3,23.731612903225805,28.196451612903232,8.666721311475408,826.1899999999999,3973.69
1250,Çerkezköy,Tekirdağ,2023,aycicegi_yaglik,105.0,2286.835,554.205,0,206.84999999999997,,12.629999999999999,7.15,0.21196275647730142,17,25.791612903225808,31.065483870967746,8.205956284153006,809.2,3725.74
1250,Çerkezköy,Tekirdağ,2024,aycicegi_yaglik,140.0,2496.8999999999996,574.9400000000002,0,172.32,,17.54,7.75,0.16104049283072872,14,26.322580645161292,30.924193548387095,8.491147540983608,774.4100000000002,3954.74
1250,Çerkezköy,Tekirdağ,2025,aycicegi_yaglik,130.0,2337.4900000000002,575.4050000000001,0,129.1,,0.3,14.059999999999999,0.11954116811242851,16,26.330645161290327,31.580967741935485,8.817486338797815,813.4899999999999,3994.51
1250,Çerkezköy,Tekirdağ,2004,bugday,387.0,2221.5299999999997,464.235,19,351.89000000000004,170.43,29.42,64.30999999999999,0.5338989852621945,2,14.929677419354837,19.310322580645167,7.614873096446701,692.52,3078.3600000000006
1250,Çerkezköy,Tekirdağ,2005,bugday,273.0,3386.575,498.55,62,504.78999999999996,348.4599999999999,33.989999999999995,14.49,0.6540120943996041,1,15.89741935483871,20.360967741935482,7.319895833333334,606.2200000000001,3636.17
1250,Çerkezköy,Tekirdağ,2006,bugday,300.0,3176.295,496.8400000000001,58,552.39,409.65,9.75,29.23,0.7243542120105521,2,15.893870967741936,20.185483870967747,6.8403125,718.4199999999998,3672.0200000000004
1250,Çerkezköy,Tekirdağ,2007,bugday,444.0,3603.585,558.23,74,333.82,229.14,36.2,9.610000000000001,0.37777312163301996,10,17.654516129032256,22.885161290322586,7.585590277777778,664.51,3864.92
1250,Çerkezköy,Tekirdağ,2008,bugday,437.0,3472.1,509.795,74,497.25,373.02,22.880000000000003,21.33,0.5773691347479321,5,16.300322580645158,21.075483870967744,7.272318339100345,733.3199999999999,3826.4500000000003
1250,Çerkezköy,Tekirdağ,2009,bugday,315.0,3495.7099999999996,518.1899999999999,59,484.11000000000007,332.95000000000005,10.97,10.589999999999998,0.5810241901361978,3,16.580645161290327,20.927419354838708,7.09,733.42,3794.61
1250,Çerkezköy,Tekirdağ,2010,bugday,315.0,3512.125,533.4050000000001,44,879.53,613.0,24.400000000000002,89.49000000000001,1.136292977420864,1,17.108387096774194,21.75870967741936,7.157118055555555,717.1299999999999,3624.41
1250,Çerkezköy,Tekirdağ,2011,bugday,318.0,3329.8450000000003,470.51000000000005,50,647.08,450.2,23.820000000000004,48.720000000000006,0.8965388641843632,1,15.062903225806451,19.104193548387098,6.743020833333333,644.9900000000001,3547.22
1250,Çerkezköy,Tekirdağ,2012,bugday,470.0,3313.24,529.7449999999999,72,529.18,373.15,56.910000000000004,4.88,0.6199828964083272,6,16.99806451612903,21.32741935483871,7.327474048442906,598.29,3825.3599999999997
1250,Çerkezköy,Tekirdağ,2013,bugday,350.0,3719.6800000000003,571.76,55,623.24,486.9000000000001,8.030000000000001,46.91,0.747295782219883,2,18.264193548387098,22.886774193548387,7.071215277777778,712.5800000000002,3755.56
1250,Çerkezköy,Tekirdağ,2014,bugday,374.0,3629.33,527.77,60,418.19,155.32000000000002,71.65,88.44,0.5121337062274534,2,17.013870967741937,21.378387096774198,7.56638888888889,666.13,3671.2599999999993
1250,Çerkezköy,Tekirdağ,2015,bugday,379.0,3381.085,532.865,62,661.63,449.87,39.14000000000001,43.24,0.8785978573611516,1,16.92838709677419,21.414193548387097,6.733402777777777,696.1400000000001,3596.07
1250,Çerkezköy,Tekirdağ,2016,bugday,374.0,3792.2650000000003,513.03,52,556.88,376.87,52.18,31.17,0.6507445685011757,9,16.44806451612903,20.770967741935483,7.49719723183391,647.2200000000001,3840.8999999999996
1250,Çerkezköy,Tekirdağ,2017,bugday,420.0,3235.2250000000004,483.15999999999997,68,602.17,407.96999999999997,34.87,43.46,0.733195593705806,4,15.481612903225805,19.640645161290323,7.397812499999999,673.3499999999999,3787.32
1250,Çerkezköy,Tekirdağ,2018,bugday,343.0,3691.445,553.215,57,754.47,484.52,43.900000000000006,91.09,0.9442192424517879,0,17.60161290322581,21.6383870967742,7.191770833333332,587.6999999999999,3710.5499999999997
1250,Çerkezköy,Tekirdağ,2019,bugday,380.0,3533.1400000000003,537.73,70,602.3399999999999,420.29999999999995,45.89,31.91,0.7594270768468212,3,17.195483870967745,21.890645161290323,7.0010763888888885,653.04,3666.9599999999996
1250,Çerkezköy,Tekirdağ,2020,bugday,430.0,3752.6499999999996,503.47,52,512.21,291.21,75.82999999999998,57.650000000000006,0.6027197344743304,1,16.2,20.675806451612896,7.446262975778548,654.86,3874.3899999999994
1250,Çerkezköy,Tekirdağ,2021,bugday,527.0,3643.27,516.915,42,650.78,403.28,48.959999999999994,65.54,0.8156656637291524,2,16.624838709677416,20.809354838709673,7.114513888888889,681.22,3707.88
1250,Çerkezköy,Tekirdağ,2022,bugday,382.0,3393.71,501.94499999999994,55,584.62,381.40999999999997,17.490000000000002,47.02,0.7204421570493217,1,15.900645161290322,20.910000000000004,7.197361111111111,761.58,3809.49
1250,Çerkezköy,Tekirdağ,2023,bugday,351.0,3764.72,462.485,49,381.76,164.4,33.57,21.58,0.485962425171175,1,14.684838709677422,18.500322580645157,7.158333333333335,576.3999999999999,3629.4399999999996
1250,Çerkezköy,Tekirdağ,2024,bugday,334.0,4064.2799999999997,482.81,55,565.8199999999999,405.67,35.77,8.19,0.6264416083397577,8,15.438709677419356,19.517741935483873,7.605813148788927,676.01,3874.3999999999996
1250,Çerkezköy,Tekirdağ,2025,bugday,339.0,3692.5299999999997,513.86,58,406.78,280.65999999999997,52.919999999999995,1.9100000000000001,0.4479465819785669,6,16.33451612903226,21.298387096774192,7.752847222222223,665.4399999999999,3945.1099999999997
1258,Çorlu,Tekirdağ,2004,aycicegi_yaglik,188.0,2189.0,496.47999999999996,0,211.27,,17.29,49.809999999999995,0.18995656840574002,11,23.86612903225807,29.843225806451613,10.317704918032787,811.5,3913.5899999999997
1258,Çorlu,Tekirdağ,2005,aycicegi_yaglik,186.0,2337.7650000000003,543.0699999999999,0,175.09000000000003,,33.56999999999999,15.559999999999999,0.15565486495774844,22,25.281290322580638,30.934516129032264,10.207158469945355,771.1199999999999,3869.6200000000003
1258,Çorlu,Tekirdağ,2006,aycicegi_yaglik,203.0,2296.4449999999997,493.51,0,180.57999999999998,,10.030000000000001,8.41,0.15483508688763464,26,23.83709677419355,29.380645161290317,10.198415300546449,793.3299999999999,3987.07
1258,Çorlu,Tekirdağ,2007,aycicegi_yaglik,93.0,2543.505,572.1249999999999,0,109.78,,0.08,11.18,0.08221164081541311,38,26.437419354838706,32.920645161290324,11.570655737704918,870.1200000000001,4190.389999999999
1258,Çorlu,Tekirdağ,2008,aycicegi_yaglik,194.0,2402.9699999999993,539.985,0,140.44,,13.530000000000001,4.51,0.1155346451905991,24,25.347096774193552,31.245806451612907,10.3848087431694,832.6800000000001,4015.2800000000007
1258,Çorlu,Tekirdağ,2009,aycicegi_yaglik,191.0,2318.62,557.5350000000001,0,207.54000000000002,,41.72,4.119999999999999,0.172476763170626,13,25.95483870967742,31.488064516129032,10.426775956284153,784.03,4084.36
1258,Çorlu,Tekirdağ,2010,aycicegi_yaglik,196.0,2429.07,534.205,0,230.06,,49.58999999999999,1.0,0.20536818979058272,32,25.14451612903226,30.22741935483871,9.847103825136612,722.4999999999998,3898.2200000000003
1258,Çorlu,Tekirdağ,2011,aycicegi_yaglik,190.0,2228.0,556.04,0,300.02000000000004,,10.309999999999999,12.370000000000001,0.2610248239420063,22,25.83,31.59290322580645,10.142732240437159,818.9300000000002,3958.1800000000007
1258,Çorlu,Tekirdağ,2012,aycicegi_yaglik,180.0,2615.075,609.665,0,154.98000000000002,,3.09,11.239999999999998,0.11778741815107713,42,27.554516129032255,33.71935483870968,10.90289617486339,841.9599999999998,4212.359999999999
1258,Çorlu,Tekirdağ,2013,aycicegi_yaglik,196.0,2450.59,530.3050000000001,0,98.93999999999998,,3.7600000000000002,1.03,0.08053400132244974,22,24.94741935483871,30.833548387096773,10.396174863387978,803.5100000000001,4128.34
1258,Çorlu,Tekirdağ,2014,aycicegi_yaglik,249.0,2375.3949999999995,534.005,0,409.55000000000007,,45.279999999999994,54.52000000000001,0.37436103909242985,27,25.165161290322576,30.688387096774196,9.901366120218578,780.4300000000002,3760.33
1258,Çorlu,Tekirdağ,2015,aycicegi_yaglik,165.0,2396.0699999999997,546.5400000000001,0,219.35999999999999,,1.5700000000000003,6.77,0.18562454212942253,29,25.406451612903226,31.744516129032263,10.330273224043717,851.7500000000001,4017.7899999999995
1258,Çorlu,Tekirdağ,2016,aycicegi_yaglik,181.0,2533.7299999999996,561.385,0,126.71999999999998,,4.6899999999999995,4.47,0.10429026480161628,27,25.937741935483874,31.875161290322577,10.402732240437157,831.27,4045.44
1258,Çorlu,Tekirdağ,2017,aycicegi_yaglik,234.0,2367.5649999999996,537.8,0,234.37,,44.309999999999995,17.209999999999997,0.19106693212693032,25,25.10129032258065,31.197741935483872,10.87431693989071,802.7799999999997,4059.7899999999995
1258,Çorlu,Tekirdağ,2018,aycicegi_yaglik,220.0,2524.5299999999997,557.21,0,272.72,,79.53,1.01,0.23649844176997356,15,25.91161290322581,30.81548387096775,9.810601092896176,740.6800000000001,4002.0599999999995
1258,Çorlu,Tekirdağ,2019,aycicegi_yaglik,235.0,2419.7349999999997,520.565,0,172.78,,31.849999999999998,19.75,0.14638918836270112,22,24.761612903225803,30.468064516129036,10.292950819672132,764.9699999999999,3977.57
1258,Çorlu,Tekirdağ,2020,aycicegi_yaglik,267.0,2400.71,535.4399999999999,0,219.83,,7.03,10.909999999999998,0.17905306069366572,24,25.127096774193554,31.142258064516124,10.639562841530056,860.68,4106.630000000001
1258,Çorlu,Tekirdağ,2021,aycicegi_yaglik,250.0,2382.5199999999995,577.4,0,211.36,,13.469999999999997,12.929999999999998,0.18444933986843645,34,26.508064516129032,32.46129032258064,10.046939890710384,819.3400000000001,3896.35
1258,Çorlu,Tekirdağ,2022,aycicegi_yaglik,174.0,2436.91,533.1850000000001,0,193.09999999999997,,21.900000000000002,42.79,0.15860019232014544,22,25.059677419354845,30.976129032258065,10.63912568306011,833.4399999999999,4065.29
1258,Çorlu,Tekirdağ,2023,aycicegi_yaglik,88.0,2486.13,603.845,0,186.23999999999998,,11.19,3.1899999999999995,0.15963504142614027,44,27.444193548387098,33.73064516129032,10.268415300546447,833.3900000000002,3850.9900000000002
1258,Çorlu,Tekirdağ,2024,aycicegi_yaglik,160.0,2694.8700000000003,615.275,0,135.59,,7.81,5.0200000000000005,0.10574327036102284,47,27.701935483870965,33.66193548387097,10.677814207650274,805.9199999999998,4080.6799999999994
1258,Çorlu,Tekirdağ,2025,aycicegi_yaglik,141.0,2579.965,626.445,0,125.8,,0.5,11.979999999999999,0.09596138461906702,40,28.054516129032255,34.56741935483871,11.147650273224043,841.8700000000001,4157.780000000001
1258,Çorlu,Tekirdağ,2004,bugday,444.0,2389.975,496.21,19,346.40000000000003,152.72999999999996,29.31,79.83,0.46412268912433796,4,16.031612903225803,21.078387096774193,8.817258883248732,688.84,3124.8399999999997
1258,Çorlu,Tekirdağ,2005,bugday,428.0,3614.795,541.47,62,457.99,300.4699999999999,66.02,12.169999999999998,0.5107748855192539,3,17.39032258064516,22.56451612903226,8.423125,641.15,3813.6400000000003
1258,Çorlu,Tekirdağ,2006,bugday,356.0,3367.775,519.7549999999999,56,519.59,365.19,14.969999999999999,28.529999999999998,0.5887675282988115,10,16.732258064516127,21.74032258064516,7.997499999999999,711.84,3835.2099999999996
1258,Çorlu,Tekirdağ,2007,bugday,444.0,3815.01,602.3349999999999,72,292.87,174.95999999999998,47.46,10.53,0.2861409530613221,18,19.179354838709678,25.106129032258067,8.854513888888889,686.8200000000002,3997.12
1258,Çorlu,Tekirdağ,2008,bugday,477.0,3646.27,543.35,72,464.48,339.24999999999994,18.57,31.619999999999997,0.47961940145888615,15,17.490645161290324,22.776129032258062,8.241833910034604,745.67,3951.0600000000004
1258,Çorlu,Tekirdağ,2009,bugday,385.0,3676.31,561.5350000000001,51,432.14,269.43999999999994,16.21,13.069999999999999,0.4554805553767524,12,18.020967741935483,23.27516129032258,8.33184027777778,736.5500000000002,3906.9199999999996
1258,Çorlu,Tekirdağ,2010,bugday,336.0,3664.9,549.625,37,783.6599999999999,552.5199999999999,24.03,76.96000000000001,0.9297944082970713,6,17.718387096774194,22.47225806451613,7.8880902777777795,742.0799999999999,3713.16
1258,Çorlu,Tekirdağ,2011,bugday,353.0,3503.375,499.27000000000004,49,632.52,400.79999999999995,36.78,85.81,0.7547079647644088,3,16.04193548387097,20.835483870967742,7.811145833333334,674.77,3724.83
1258,Çorlu,Tekirdağ,2012,bugday,470.0,3455.62,559.0550000000001,73,512.44,352.4,64.56000000000002,2.42,0.5167463254448027,14,17.960645161290326,22.826451612903224,8.518339100346022,640.3700000000001,4040.29
1258,Çorlu,Tekirdağ,2013,bugday,350.0,3904.7200000000003,597.6299999999999,53,597.46,456.59999999999997,10.27,45.06,0.6289739975388886,8,19.110000000000003,24.22548387096774,8.058020833333334,759.2800000000001,3907.6099999999997
1258,Çorlu,Tekirdağ,2014,bugday,428.0,3822.0550000000003,552.25,58,415.09999999999997,147.11,72.56999999999998,77.41999999999999,0.45637395282478127,5,17.793548387096777,22.49516129032258,8.50375,654.2499999999998,3772.58
1258,Çorlu,Tekirdağ,2015,bugday,413.0,3526.395,560.605,58,646.97,435.45,41.11,49.44999999999999,0.7522614535043476,2,17.986451612903227,22.826451612903224,7.800277777777778,736.1900000000002,3773.48
1258,Çorlu,Tekirdağ,2016,bugday,412.0,3977.12,543.1650000000001,50,501.23999999999995,339.79999999999995,43.699999999999996,27.389999999999997,0.509376583103549,18,17.43225806451613,22.194516129032255,8.544048442906574,645.83,4025.5599999999995
1258,Çorlu,Tekirdağ,2017,bugday,443.0,3444.4750000000004,519.705,65,535.49,357.32000000000005,28.89,45.42999999999999,0.5494985196144898,10,16.690967741935488,21.734193548387097,8.684548611111111,696.88,4022.21
1258,Çorlu,Tekirdağ,2018,bugday,324.0,3889.63,576.5649999999999,54,693.3799999999999,450.12,38.519999999999996,83.98,0.7380063893221427,2,18.403225806451612,23.19,8.399687499999999,674.3399999999999,3904.03
1258,Çorlu,Tekirdağ,2019,bugday,418.0,3695.9049999999997,566.9650000000001,66,537.84,379.59000000000003,40.370000000000005,21.8,0.5843458230059949,14,18.18129032258064,23.116774193548384,8.343715277777777,660.11,3843.5499999999997
1258,Çorlu,Tekirdağ,2020,bugday,391.0,3929.29,540.555,50,461.77,224.69,84.86999999999999,60.78,0.4697044771942579,6,17.358387096774194,22.42354838709677,8.739307958477507,655.2299999999999,4067.9399999999996
1258,Çorlu,Tekirdağ,2021,bugday,527.0,3818.0,544.74,39,644.16,399.11999999999995,69.66,56.11,0.725921769251223,8,17.46903225806452,22.211290322580652,8.008993055555555,680.8100000000001,3826.01
1258,Çorlu,Tekirdağ,2022,bugday,382.0,3608.46,550.65,50,487.48,339.53999999999996,19.099999999999998,32.1,0.5113887740971701,10,17.546774193548384,23.60354838709678,8.661701388888888,762.4200000000001,3943.88
1258,Çorlu,Tekirdağ,2023,bugday,351.0,3967.4849999999997,497.89000000000004,47,361.31,143.14000000000001,35.46,27.91,0.39364818875570173,6,15.881612903225806,20.64645161290322,8.55875,575.88,3779.36
1258,Çorlu,Tekirdağ,2024,bugday,431.0,4276.360000000001,512.235,48,542.39,395.52,31.230000000000008,4.199999999999999,0.5123006590920146,24,16.412903225806453,21.41258064516129,8.750588235294117,673.8800000000001,4062.8100000000004
1258,Çorlu,Tekirdağ,2025,bugday,361.0,3922.4300000000003,561.15,55,354.88,236.89999999999998,52.18,1.7300000000000002,0.3268564790615109,18,17.879999999999995,23.52903225806451,9.27923611111111,675.4599999999999,4186.51
1270,Demirköy,Kırklareli,2004,bugday,242.0,2007.5149999999999,437.57,15,277.18999999999994,93.78,46.42,78.84,0.3608305622001552,4,14.09935483870968,20.28548387096774,10.58736040609137,688.84,3124.8399999999997
1270,Demirköy,Kırklareli,2005,bugday,273.0,2937.95,491.71500000000003,52,439.17,263.71,39.01,21.650000000000002,0.48604631972122997,3,15.60967741935484,21.78322580645161,9.958506944444444,641.15,3813.6400000000003
1270,Demirköy,Kırklareli,2006,bugday,277.0,2749.58,474.52,53,475.56,298.59000000000003,14.49,40.80999999999999,0.5361414814485685,8,15.118387096774194,20.894193548387097,9.240694444444443,711.84,3835.2099999999996
1270,Demirköy,Kırklareli,2007,bugday,242.0,3150.24,539.41,72,339.63,231.46999999999997,41.87000000000001,14.459999999999999,0.3278183105805047,13,16.99451612903226,23.86354838709677,10.377638888888889,686.8200000000002,3997.12
1270,Demirköy,Kırklareli,2008,bugday,286.0,2968.88,477.875,61,418.20000000000005,293.78,32.18000000000001,38.31,0.41893935633270735,8,15.363870967741935,21.955483870967743,9.842595155709343,745.67,3951.0600000000004
1270,Demirköy,Kırklareli,2009,bugday,251.0,3001.13,494.245,52,377.59,226.86,15.770000000000001,20.440000000000005,0.38880859383211647,9,15.783870967741938,22.08870967741936,9.877083333333333,736.5500000000002,3906.9199999999996
1270,Demirköy,Kırklareli,2010,bugday,245.0,2995.3550000000005,498.235,53,852.91,556.75,35.23,75.51,0.9842354206398075,2,15.957419354838713,22.18677419354838,9.454375,742.0799999999999,3713.16
1270,Demirköy,Kırklareli,2011,bugday,174.0,2868.94,449.59999999999997,33,514.71,336.42999999999995,25.12,37.31,0.5989838968222919,2,14.346774193548388,19.861290322580643,9.319652777777776,674.77,3724.83
1270,Demirköy,Kırklareli,2021,bugday,362.0,3062.9700000000003,482.105,69,776.73,494.75000000000006,54.71,74.81999999999998,0.8801944646097158,3,15.39516129032258,21.194516129032255,9.326423611111112,680.8100000000001,3826.01
1270,Demirköy,Kırklareli,2022,bugday,317.0,2896.835,476.08500000000004,53,626.64,457.45,15.510000000000002,60.790000000000006,0.6695271957803659,2,15.161612903225807,21.873548387096776,9.54861111111111,762.4200000000001,3943.88
1270,Demirköy,Kırklareli,2023,bugday,292.0,3298.16,439.58,64,369.83,172.64,33.09,26.25,0.40033999241730533,5,13.853870967741937,19.211935483870967,9.918368055555556,575.88,3779.36
1270,Demirköy,Kırklareli,2024,bugday,256.0,3584.52,446.68,54,537.18,380.66999999999996,33.62,7.72,0.4961897011291543,15,14.19064516129032,19.92258064516129,10.481764705882354,673.8800000000001,4062.8100000000004
1270,Demirköy,Kırklareli,2025,bugday,283.0,3152.0950000000003,471.00500000000005,80,429.02000000000004,257.86,77.47999999999999,4.1899999999999995,0.3958812180100579,10,15.014516129032256,21.386129032258065,10.7346875,675.4599999999999,4186.51
1295,Merkez,Edirne,2004,aycicegi_yaglik,173.0,2168.1549999999997,499.31,0,231.13,,35.53,28.3,0.18102994611007692,25,24.081935483870968,31.838064516129034,13.68191256830601,808.26,3886.7
1295,Merkez,Edirne,2005,aycicegi_yaglik,186.0,2226.5550000000003,516.52,0,284.28,,78.32000000000001,32.95,0.22841195472515638,33,24.494193548387095,31.45806451612903,12.880054644808745,751.63,3862.13
1295,Merkez,Edirne,2006,aycicegi_yaglik,212.0,2246.3050000000003,501.84,0,285.92999999999995,,34.0,18.990000000000002,0.2181920517870753,40,24.121935483870967,31.57354838709678,13.130983606557379,777.8899999999999,3936.26
1295,Merkez,Edirne,2007,aycicegi_yaglik,123.0,2485.965,613.605,0,228.64,,0.39,24.400000000000002,0.15269506000140406,54,27.898064516129033,36.451612903225815,14.663060109289619,865.9099999999999,4166.530000000001
1295,Merkez,Edirne,2008,aycicegi_yaglik,138.0,2383.695,551.575,0,198.43,,19.110000000000003,9.709999999999999,0.14186175944872065,49,25.84193548387097,33.59645161290322,13.82065573770492,818.7,3973.749999999999
1295,Merkez,Edirne,2009,aycicegi_yaglik,172.0,2297.1949999999997,550.67,0,209.28,,52.78,9.030000000000001,0.15169255927515837,39,25.823548387096775,32.88516129032258,13.951366120218582,783.0200000000001,4036.07
1295,Merkez,Edirne,2010,aycicegi_yaglik,298.0,2361.8349999999996,508.95000000000005,0,301.41999999999996,,95.84,1.56,0.23930336373318453,41,24.396451612903228,30.56612903225807,12.726502732240439,722.23,3866.68
1295,Merkez,Edirne,2011,aycicegi_yaglik,206.0,2311.0750000000003,586.19,0,199.2,,19.060000000000002,26.190000000000005,0.14597601437883065,47,26.9041935483871,34.63677419354839,14.032786885245901,810.98,3934.499999999999
1295,Merkez,Edirne,2012,aycicegi_yaglik,187.0,2641.62,657.04,0,184.22,,1.66,3.2199999999999998,0.120764742499654,55,29.202580645161287,37.55193548387096,14.470655737704917,842.5900000000001,4199.299999999999
1295,Merkez,Edirne,2013,aycicegi_yaglik,225.0,2437.7349999999997,539.3850000000001,0,158.64000000000001,,12.16,0.29000000000000004,0.11149119589949213,49,25.430322580645154,32.96354838709677,13.743169398907105,805.3399999999999,4131.789999999999
1295,Merkez,Edirne,2014,aycicegi_yaglik,290.0,2242.25,514.92,0,447.44000000000005,,58.870000000000005,44.96,0.3675427236555194,34,24.561290322580643,31.538387096774194,12.401038251366122,776.0,3787.5699999999997
1295,Merkez,Edirne,2015,aycicegi_yaglik,227.0,2369.0499999999993,563.1650000000001,0,255.43,,6.920000000000001,25.150000000000002,0.18961739200119063,46,26.140645161290323,34.357741935483865,13.485464480874318,831.8000000000001,3982.249999999999
1295,Merkez,Edirne,2016,aycicegi_yaglik,237.0,2496.6949999999997,581.9000000000001,0,185.57999999999998,,12.32,4.99,0.1337383140559512,49,26.70129032258065,34.4783870967742,13.70912568306011,823.09,4020.38
1295,Merkez,Edirne,2017,aycicegi_yaglik,252.0,2400.0550000000003,550.7,0,278.05999999999995,,58.8,11.700000000000001,0.19700944651241967,42,25.526129032258062,33.60096774193548,14.345792349726775,775.2200000000001,4016.24
1295,Merkez,Edirne,2018,aycicegi_yaglik,262.0,2478.4700000000003,527.24,0,255.97000000000003,,79.02000000000001,1.62,0.19171271381634847,38,24.903548387096777,30.955483870967743,13.20918032786885,733.86,4012.9500000000003
1295,Merkez,Edirne,2019,aycicegi_yaglik,262.0,2444.41,540.6949999999999,0,249.86,,49.06,38.69,0.17983777454441394,44,25.4158064516129,33.05064516129032,14.052240437158472,756.7299999999999,3987.3599999999997
1295,Merkez,Edirne,2020,aycicegi_yaglik,254.0,2437.1900000000005,570.1449999999999,0,232.20999999999998,,0.6900000000000001,5.71,0.16434086220398822,56,26.316129032258072,34.38032258064517,14.233551912568307,836.0299999999999,4054.0199999999995
1295,Merkez,Edirne,2021,aycicegi_yaglik,258.0,2375.25,598.9699999999999,0,223.95000000000002,,14.43,13.18,0.1669580034955597,54,27.219032258064516,35.25774193548387,13.490382513661201,823.1500000000002,3943.4099999999994
1295,Merkez,Edirne,2022,aycicegi_yaglik,250.0,2475.5550000000003,585.2600000000001,0,230.32,,22.35,52.86000000000001,0.16220567718062182,49,26.874838709677416,34.89290322580646,14.071912568306008,831.5500000000002,4073.0699999999997
1295,Merkez,Edirne,2023,aycicegi_yaglik,202.0,2509.65,629.6449999999999,0,222.94,,21.450000000000003,12.349999999999998,0.166507560570836,55,28.309677419354838,36.32774193548387,13.614590163934428,808.1800000000001,3806.9699999999993
1295,Merkez,Edirne,2024,aycicegi_yaglik,123.0,2781.2999999999997,639.84,0,184.0,,23.96,12.02,0.12251320044756464,56,28.700645161290325,36.40741935483871,14.36863387978142,779.2800000000002,4035.9400000000005
1295,Merkez,Edirne,2025,aycicegi_yaglik,107.0,2626.1450000000004,668.29,0,145.58,,7.15,15.920000000000002,0.09512048476264193,54,29.551290322580645,37.83774193548387,14.813715846994535,831.0000000000001,4153.469999999999
1295,Merkez,Edirne,2004,bugday,315.0,2303.5950000000003,494.04499999999996,14,269.35,74.85000000000001,57.14000000000001,77.41,0.3176051944599583,8,15.985161290322582,22.689677419354833,11.678832487309647,680.57,3122.12
1295,Merkez,Edirne,2005,bugday,389.0,3247.66,536.72,56,625.71,377.01000000000005,97.82999999999998,29.120000000000005,0.6439202614239959,8,17.245161290322578,23.28451612903226,10.799652777777778,626.85,3818.2599999999998
1295,Merkez,Edirne,2006,bugday,396.0,3087.1,510.475,52,602.16,360.97,35.65,62.39,0.6185747396845013,15,16.443870967741937,22.56838709677419,10.411875,709.3900000000001,3845.06
1295,Merkez,Edirne,2007,bugday,468.0,3557.5249999999996,588.86,76,402.14,205.01999999999998,106.43,18.94,0.3565456372144088,22,18.68,25.60741935483871,11.413576388888888,670.19,4005.44
1295,Merkez,Edirne,2008,bugday,398.0,3332.55,539.7199999999999,58,462.07,316.28,23.279999999999998,45.57,0.42613021033250364,19,17.446129032258067,24.256774193548384,10.592629757785467,734.6199999999999,3944.12
1295,Merkez,Edirne,2009,bugday,350.0,3362.855,561.9350000000001,48,430.42,233.8,39.300000000000004,25.499999999999996,0.39997583547409205,18,18.021935483870966,24.97903225806452,11.216944444444444,730.5,3946.1000000000004
1295,Merkez,Edirne,2010,bugday,450.0,3311.08,540.975,46,801.93,510.81,35.589999999999996,73.41,0.8607897553434075,12,17.49645161290323,23.56290322580646,10.318611111111112,715.4800000000001,3696.1699999999996
1295,Merkez,Edirne,2011,bugday,318.0,3235.7300000000005,515.545,37,439.61,283.83,33.35,48.599999999999994,0.4472833335832916,15,16.551612903225806,23.03258064516129,10.587777777777777,673.0800000000002,3748.6800000000003
1295,Merkez,Edirne,2012,bugday,476.0,3140.035,549.16,66,540.62,352.66,121.21999999999998,9.639999999999999,0.48259892679254923,21,17.62677419354839,23.431290322580644,11.120069204152248,621.7599999999999,4080.9599999999996
1295,Merkez,Edirne,2013,bugday,379.0,3530.2599999999993,599.13,52,625.5999999999999,427.74,11.310000000000002,85.55000000000001,0.5793134515009529,18,19.21741935483871,25.961935483870963,10.755868055555554,771.1700000000001,3942.9700000000003
1295,Merkez,Edirne,2014,bugday,438.0,3477.77,531.1949999999999,62,494.35999999999996,170.75,68.47999999999999,93.59,0.49463327303133503,6,17.102903225806454,22.85709677419355,10.859201388888888,662.9599999999999,3818.6000000000004
1295,Merkez,Edirne,2015,bugday,339.0,3173.6549999999997,565.035,62,731.98,485.24,22.859999999999996,69.14000000000001,0.7774076963779883,5,18.097419354838706,24.24838709677419,9.925972222222223,731.0300000000001,3744.59
1295,Merkez,Edirne,2016,bugday,387.0,3674.565,509.13500000000016,53,578.8100000000001,356.81999999999994,65.65,22.689999999999998,0.5316644959566648,20,16.240645161290324,22.031935483870964,10.989757785467129,639.75,4037.9
1295,Merkez,Edirne,2017,bugday,393.0,3188.985,531.135,41,472.69,241.05999999999997,51.779999999999994,62.53,0.4285052580550198,16,16.962903225806453,23.64806451612903,11.602256944444443,684.0300000000001,4037.23
1295,Merkez,Edirne,2018,bugday,353.0,3539.675,574.44,63,748.51,444.69000000000005,34.14,109.17,0.7098542466262228,12,18.432258064516127,24.756129032258062,10.727638888888889,701.0600000000002,3943.71
1295,Merkez,Edirne,2019,bugday,394.0,3449.5,564.4200000000001,61,508.44999999999993,317.59,52.16,39.809999999999995,0.47258246228847833,24,17.897096774193546,24.77193548387097,11.233263888888889,673.7900000000001,3915.1299999999997
1295,Merkez,Edirne,2020,bugday,361.0,3631.3500000000004,536.795,53,459.74,201.71,68.32,67.11,0.4173304635985683,14,17.11064516129032,23.886774193548394,11.59311418685121,647.6200000000001,4062.5200000000004
1295,Merkez,Edirne,2021,bugday,491.0,3457.36,534.4899999999999,65,766.32,524.36,62.82,63.43,0.762296726303387,9,17.01967741935484,23.343548387096774,10.538819444444446,695.1699999999998,3892.0600000000004
1295,Merkez,Edirne,2022,bugday,408.0,3348.3099999999995,558.62,52,539.45,394.35,27.949999999999996,48.02,0.49448968842340874,26,18.017741935483873,25.44516129032258,11.27670138888889,745.6100000000001,3999.7200000000003
1295,Merkez,Edirne,2023,bugday,559.0,3719.8050000000003,497.77000000000004,58,427.99,196.42000000000002,50.190000000000005,36.72,0.4112992986392858,13,15.911612903225807,21.90903225806451,11.1140625,566.0899999999999,3829.0600000000004
1295,Merkez,Edirne,2024,bugday,370.0,4118.15,526.735,48,424.34000000000003,269.43,44.82,9.53,0.33920741740881,29,16.817419354838712,23.703548387096777,11.899031141868512,655.75,4102.01
1295,Merkez,Edirne,2025,bugday,382.0,3609.4700000000003,547.285,73,364.47999999999996,212.25,60.12000000000001,7.17,0.2951198336933776,27,17.55129032258064,24.440967741935484,12.11795138888889,688.72,4230.620000000001
1307,Enez,Edirne,2004,aycicegi_yaglik,171.0,2332.7650000000003,517.3399999999999,0,123.21,,8.54,13.43,0.12650862325649423,2,24.741290322580642,28.654516129032253,6.760273224043717,860.1599999999999,4129.969999999999
1307,Enez,Edirne,2005,aycicegi_yaglik,149.0,2431.165,545.21,0,171.64000000000001,,29.189999999999998,8.29,0.17516997014780494,7,25.63774193548387,29.199677419354842,6.5519672131147555,815.73,4160.65
1307,Enez,Edirne,2006,aycicegi_yaglik,170.0,2393.8149999999996,504.77,0,200.27999999999997,,13.110000000000001,10.120000000000001,0.2016940003825664,6,24.41870967741935,28.23967741935484,6.620491803278689,827.7100000000002,4177.6500000000015
1307,Enez,Edirne,2007,aycicegi_yaglik,170.0,2582.3900000000003,582.4799999999999,0,127.64,,0.01,5.73,0.11458666509771931,15,26.858387096774194,31.272258064516123,7.369398907103824,890.9,4363.93
1307,Enez,Edirne,2008,aycicegi_yaglik,149.0,2490.9049999999997,548.73,0,122.67999999999998,,11.35,18.680000000000003,0.11852664148697198,9,25.73516129032258,29.43193548387097,6.7887978142076495,865.5699999999999,4199.25
1307,Enez,Edirne,2009,aycicegi_yaglik,150.0,2430.8,567.0049999999999,0,118.69999999999999,,13.409999999999998,0.95,0.11529802702853742,5,26.43,29.83774193548387,6.987103825136613,841.13,4218.769999999999
1307,Enez,Edirne,2010,aycicegi_yaglik,248.0,2574.5200000000004,553.905,0,200.20999999999998,,41.61,0.33999999999999997,0.20328257167074895,17,25.945483870967745,29.3241935483871,6.581857923497268,777.7900000000001,4119.07
1307,Enez,Edirne,2011,aycicegi_yaglik,206.0,2419.44,572.5100000000001,0,160.26,,5.620000000000001,5.81,0.15439794228370135,8,26.49774193548387,30.252903225806453,7.131803278688524,856.0199999999999,4159.79
1307,Enez,Edirne,2012,aycicegi_yaglik,196.0,2701.74,622.2100000000002,0,170.67999999999998,,0.67,23.689999999999998,0.15300163670792213,32,27.999032258064517,32.36774193548387,7.115300546448087,858.7899999999997,4357.72
1307,Enez,Edirne,2013,aycicegi_yaglik,215.0,2574.83,550.1500000000001,0,106.18,,1.08,0.0,0.09987684499960052,3,25.828709677419354,29.725161290322585,6.78360655737705,846.08,4323.3
1307,Enez,Edirne,2014,aycicegi_yaglik,270.0,2486.4800000000005,549.09,0,310.36,,28.520000000000003,39.160000000000004,0.3308871875152732,3,25.76870967741935,29.213870967741936,6.25672131147541,823.9000000000001,3997.920000000001
1307,Enez,Edirne,2015,aycicegi_yaglik,227.0,2502.2100000000005,558.99,0,221.61000000000004,,3.5,2.92,0.21761880102948172,11,25.93677419354839,30.182258064516137,6.80327868852459,871.9099999999999,4196.01
1307,Enez,Edirne,2016,aycicegi_yaglik,266.0,2625.74,575.7199999999999,0,85.52000000000001,,1.8,0.27,0.08144303581866198,8,26.54838709677419,30.46645161290322,6.822622950819672,863.8399999999999,4274.589999999999
1307,Enez,Edirne,2017,aycicegi_yaglik,256.0,2512.3,555.5749999999999,0,160.38,,31.68,6.6,0.15027669831841178,13,25.802580645161292,29.98451612903226,7.3144262295081965,819.4899999999999,4238.02
1307,Enez,Edirne,2018,aycicegi_yaglik,276.0,2664.8399999999997,573.1500000000001,0,198.27999999999997,,56.559999999999995,0.17,0.19432688954274435,0,26.562903225806448,29.557741935483868,6.832240437158468,798.4799999999999,4150.03
1307,Enez,Edirne,2019,aycicegi_yaglik,282.0,2557.26,542.53,0,175.67000000000002,,35.38,11.729999999999999,0.16805505828719944,10,25.52612903225806,29.413548387096775,6.953442622950819,824.9899999999999,4212.64
1307,Enez,Edirne,2020,aycicegi_yaglik,292.0,2505.085,556.035,0,177.70999999999998,,2.7199999999999998,5.619999999999998,0.16596133976297234,15,25.85967741935484,30.2858064516129,7.215573770491804,878.3400000000001,4285.5
1307,Enez,Edirne,2021,aycicegi_yaglik,202.0,2523.885,591.835,0,202.38,,6.430000000000001,6.0,0.19996667817045144,19,27.08096774193549,31.023870967741928,6.549125683060111,852.5899999999999,4231.2699999999995
1307,Enez,Edirne,2022,aycicegi_yaglik,195.0,2538.4350000000004,552.26,0,192.88,,20.98,78.08,0.1820536449611694,8,25.737419354838707,30.042903225806455,7.119071038251366,846.59,4259.530000000001
1307,Enez,Edirne,2023,aycicegi_yaglik,157.0,2548.4450000000006,604.4449999999999,0,149.02,,10.379999999999999,1.1600000000000001,0.1502411724007007,19,27.56032258064516,31.494516129032256,6.963333333333333,852.4700000000001,3944.6200000000003
1307,Enez,Edirne,2024,aycicegi_yaglik,130.0,2806.3099999999995,626.4150000000001,0,127.25000000000001,,4.85,3.9000000000000004,0.11430379944674919,28,28.236451612903227,32.32741935483871,7.255628415300545,821.7900000000001,4235.79
1307,Enez,Edirne,2025,aycicegi_yaglik,121.0,2634.035,620.16,0,91.80000000000001,,0.5800000000000001,4.39,0.08020176453090898,14,27.896774193548385,32.26741935483871,7.66224043715847,859.4200000000002,4366.41
1307,Enez,Edirne,2004,bugday,363.0,2686.6000000000004,524.125,18,314.25,173.93000000000004,22.370000000000005,42.9,0.47452796045561807,0,16.970000000000002,20.20451612903226,5.770507614213199,745.6200000000001,3336.17
1307,Enez,Edirne,2005,bugday,312.0,4033.8,563.65,47,555.9200000000001,383.68,91.22999999999999,15.870000000000001,0.7126353220122141,0,18.18,21.21709677419355,5.235486111111111,653.8299999999999,4120.1
1307,Enez,Edirne,2006,bugday,317.0,3787.18,541.405,45,606.5,412.04999999999995,23.61,32.35000000000001,0.7931996326568712,4,17.515806451612907,20.531935483870964,5.172743055555555,770.23,4042.8399999999997
1307,Enez,Edirne,2007,bugday,363.0,4137.82,600.4849999999999,40,349.46999999999997,165.76,55.48,23.040000000000003,0.40572070071985117,8,19.160967741935483,22.788387096774198,5.507152777777778,713.4300000000001,4251.639999999999
1307,Enez,Edirne,2008,bugday,358.0,4021.5299999999997,567.5450000000001,62,400.08000000000004,301.17,6.409999999999999,15.639999999999999,0.483739204951554,6,18.373870967741937,21.621612903225806,5.189377162629758,779.8499999999998,4215.950000000001
1307,Enez,Edirne,2009,bugday,315.0,4081.905,584.5899999999999,38,415.04999999999995,285.32,19.560000000000002,10.620000000000003,0.5099973799224541,1,18.791290322580643,22.336129032258064,5.309826388888889,768.54,4149.12
1307,Enez,Edirne,2010,bugday,360.0,4166.83,581.4850000000001,28,669.37,467.7699999999999,28.340000000000003,62.040000000000006,0.8776196488066338,5,18.79225806451613,21.585483870967742,5.240868055555556,764.93,4014.6899999999996
1307,Enez,Edirne,2011,bugday,247.0,3967.9149999999995,536.2749999999999,39,573.97,409.03,29.050000000000004,45.709999999999994,0.7503369059434656,0,17.289032258064513,20.61741935483871,5.173090277777778,683.6899999999999,3978.36
1307,Enez,Edirne,2012,bugday,453.0,3870.1500000000005,584.0900000000001,57,501.72,333.61,86.32000000000001,5.42,0.5840188056903859,5,18.82612903225807,21.67451612903226,5.5401384083044976,675.8299999999999,4272.540000000001
1307,Enez,Edirne,2013,bugday,355.0,4322.959999999999,620.8250000000002,41,587.05,445.43999999999994,3.9199999999999995,35.84,0.703228099521862,3,19.950967741935486,23.16806451612903,5.262638888888889,780.6099999999999,4151.34
1307,Enez,Edirne,2014,bugday,378.0,4161.0599999999995,576.975,45,450.46999999999997,200.65,34.88,66.94000000000001,0.5833464684781482,0,18.631612903225808,21.409999999999997,5.183402777777778,697.1099999999999,4053.54
1307,Enez,Edirne,2015,bugday,335.0,3947.6399999999994,592.6850000000002,36,745.4599999999999,502.04999999999995,21.990000000000002,58.56999999999999,0.9855334673823715,0,19.115483870967736,22.20741935483871,5.151770833333334,764.0799999999999,3991.36
1307,Enez,Edirne,2016,bugday,330.0,4335.0199999999995,564.5600000000001,43,468.90000000000003,335.96000000000004,39.93,14.589999999999998,0.5519490605024433,9,18.19225806451613,20.99064516129032,5.3556401384083046,683.8900000000001,4329.14
1307,Enez,Edirne,2017,bugday,335.0,3900.325,556.225,59,443.15,302.7900000000001,32.68,35.68,0.5085841818835534,8,17.9441935483871,21.24709677419355,5.832604166666666,710.1300000000002,4264.71
1307,Enez,Edirne,2018,bugday,334.0,4356.275,611.96,34,621.89,436.86,29.010000000000005,60.55,0.7417498931043742,0,19.661935483870966,22.973225806451616,5.4521875,686.61,4162.33
1307,Enez,Edirne,2019,bugday,321.0,4108.8150000000005,584.575,49,576.85,399.13000000000005,22.84,35.85,0.711402023912258,11,18.70387096774194,21.581290322580642,5.510243055555555,709.0600000000001,4098.429999999999
1307,Enez,Edirne,2020,bugday,309.0,4322.995,557.43,36,463.40999999999997,263.12,59.800000000000004,37.66,0.5436903279438609,1,18.04548387096774,21.127419354838707,5.596851211072664,708.0,4263.72
1307,Enez,Edirne,2021,bugday,448.0,4275.63,570.73,22,839.55,588.8799999999999,89.39000000000001,55.629999999999995,1.065137160148327,6,18.334193548387095,21.334838709677417,4.995902777777777,752.45,4190.5599999999995
1307,Enez,Edirne,2022,bugday,398.0,4049.51,578.1250000000001,36,542.1199999999999,411.94999999999993,14.73,31.429999999999996,0.633042009799041,1,18.57,22.45290322580645,5.769236111111111,778.39,4231.91
1307,Enez,Edirne,2023,bugday,506.0,4333.57,530.41,23,428.89,225.14,30.13,35.4,0.5365961556494224,2,17.095483870967744,20.256451612903227,5.502083333333333,588.3899999999999,3994.4399999999996
1307,Enez,Edirne,2024,bugday,386.0,4716.01,550.12,28,529.75,416.85,22.51,1.01,0.570023764359652,16,17.7558064516129,21.067741935483877,5.6932179930795845,701.1700000000001,4311.64
1307,Enez,Edirne,2025,bugday,301.0,4284.915,570.0550000000001,27,361.15999999999997,255.94,46.29,3.37,0.3774328282957447,14,18.330645161290327,21.736451612903224,6.104618055555555,736.53,4453.21
1385,Havsa,Edirne,2004,aycicegi_yaglik,172.0,2213.675,505.72,0,232.29999999999995,,29.24,43.07,0.18130386511788432,29,24.24612903225806,32.020645161290325,13.69174863387978,808.26,3886.7
1385,Havsa,Edirne,2005,aycicegi_yaglik,186.0,2326.2650000000003,544.35,0,236.76999999999995,,66.3,28.179999999999996,0.18558936487375305,42,25.300322580645165,32.47741935483871,13.19497267759563,751.63,3862.13
1385,Havsa,Edirne,2006,aycicegi_yaglik,170.0,2313.7799999999997,508.77,0,243.17000000000002,,32.04,11.84,0.18337643948905372,42,24.351290322580642,31.77483870967742,13.267540983606558,777.8899999999999,3936.26
1385,Havsa,Edirne,2007,aycicegi_yaglik,178.0,2564.635,611.9600000000002,0,154.98,,0.29000000000000004,18.169999999999998,0.10185069915115283,54,27.761612903225803,36.381290322580654,14.914863387978142,865.9099999999999,4166.530000000001
1385,Havsa,Edirne,2008,aycicegi_yaglik,171.0,2424.2200000000003,557.43,0,186.76,,18.590000000000003,8.27,0.13338803473468824,45,25.966129032258067,33.76903225806451,13.794863387978141,818.7,3973.749999999999
1385,Havsa,Edirne,2009,aycicegi_yaglik,172.0,2351.51,563.9,0,219.61999999999995,,54.55,8.01,0.1587177410383975,38,26.169354838709673,33.32,13.928852459016394,783.0200000000001,4036.07
1385,Havsa,Edirne,2010,aycicegi_yaglik,227.0,2425.7700000000004,525.24,0,266.83000000000004,,83.03000000000002,1.39,0.20946574784729272,42,24.87322580645161,31.17483870967742,12.859453551912567,722.23,3866.68
1385,Havsa,Edirne,2011,aycicegi_yaglik,192.0,2317.3849999999998,581.83,0,246.61,,18.52,16.02,0.18232490827764833,48,26.659677419354836,34.475806451612904,13.777486338797813,810.98,3934.499999999999
1385,Havsa,Edirne,2012,aycicegi_yaglik,205.0,2691.225,653.525,0,160.2,,2.3699999999999997,6.47,0.1043835434850271,55,29.02064516129032,37.28806451612903,14.535737704918033,842.5900000000001,4199.299999999999
1385,Havsa,Edirne,2013,aycicegi_yaglik,244.0,2486.4800000000005,549.8550000000001,0,131.23,,7.52,0.24999999999999997,0.0919299066540223,50,25.687096774193545,33.34225806451612,13.723715846994539,805.3399999999999,4131.789999999999
1385,Havsa,Edirne,2014,aycicegi_yaglik,308.0,2316.225,529.69,0,441.9,,52.059999999999995,34.47,0.3570985045698339,41,24.992903225806447,32.2141935483871,12.6251912568306,776.0,3787.5699999999997
1385,Havsa,Edirne,2015,aycicegi_yaglik,251.0,2417.43,567.345,0,236.07999999999998,,5.5,21.47,0.1742844927393779,49,26.182258064516127,34.557096774193546,13.567486338797817,831.8000000000001,3982.249999999999
1385,Havsa,Edirne,2016,aycicegi_yaglik,228.0,2532.93,584.58,0,177.58,,10.11,6.0600000000000005,0.1275393761262339,52,26.742258064516125,34.68677419354839,13.72174863387978,823.09,4020.38
1385,Havsa,Edirne,2017,aycicegi_yaglik,259.0,2428.81,553.2599999999999,0,273.96999999999997,,59.83,12.01,0.1938683738695647,39,25.581290322580646,33.62580645161291,14.356775956284153,775.2200000000001,4016.24
1385,Havsa,Edirne,2018,aycicegi_yaglik,233.0,2519.5899999999997,541.5949999999999,0,258.65,,79.18,1.89,0.19422201229625033,42,25.350000000000005,31.60258064516129,13.068852459016396,733.86,4012.9500000000003
1385,Havsa,Edirne,2019,aycicegi_yaglik,212.0,2482.7200000000003,544.5500000000001,0,230.70000000000005,,45.38,31.68,0.1655486325851696,44,25.515483870967746,33.28645161290322,14.009344262295082,756.7299999999999,3987.3599999999997
1385,Havsa,Edirne,2020,aycicegi_yaglik,224.0,2469.95,572.3299999999999,0,229.10999999999999,,1.84,7.41,0.16229403377381416,54,26.26612903225806,34.483548387096775,14.179945355191258,836.0299999999999,4054.0199999999995
1385,Havsa,Edirne,2021,aycicegi_yaglik,250.0,2390.16,599.15,0,220.56,,14.399999999999999,13.81,0.16539285203623522,55,27.134516129032253,35.18,13.302240437158469,823.1500000000002,3943.4099999999994
1385,Havsa,Edirne,2022,aycicegi_yaglik,241.0,2495.07,581.8800000000001,0,221.16,,20.27,46.8,0.15589616485169555,50,26.649677419354834,34.76258064516129,14.103169398907104,831.5500000000002,4073.0699999999997
1385,Havsa,Edirne,2023,aycicegi_yaglik,231.0,2558.1450000000004,630.4299999999998,0,218.67,,19.77,10.48,0.1624380392253557,57,28.345161290322583,36.51870967741936,13.636120218579235,808.1800000000001,3806.9699999999993
1385,Havsa,Edirne,2024,aycicegi_yaglik,132.0,2786.885,648.5999999999999,0,172.17,,20.090000000000003,10.34,0.11552642558090478,58,28.8141935483871,36.67161290322581,14.260928961748634,779.2800000000002,4035.9400000000005
1385,Havsa,Edirne,2025,aycicegi_yaglik,141.0,2658.195,668.6700000000001,0,144.03,,4.16,18.22,0.09403819763447592,53,29.44354838709678,37.96870967741936,14.841530054644808,831.0000000000001,4153.469999999999
1385,Havsa,Edirne,2004,bugday,323.0,2355.0750000000003,503.85499999999996,15,293.20000000000005,96.31000000000002,44.540000000000006,90.51,0.3429926898953051,8,16.31903225806452,23.144516129032258,11.795989847715736,680.57,3122.12
1385,Havsa,Edirne,2005,bugday,350.0,3400.7200000000003,548.385,58,504.59000000000003,308.97,72.94,18.12,0.5034190286255329,8,17.638709677419353,24.06935483870968,11.059131944444443,626.85,3818.2599999999998
1385,Havsa,Edirne,2006,bugday,237.0,3177.28,519.9350000000001,50,525.26,325.17999999999995,24.919999999999995,51.24,0.5296289036358965,19,16.74290322580645,22.970967741935485,10.563749999999999,709.3900000000001,3845.06
1385,Havsa,Edirne,2007,bugday,444.0,3641.1449999999995,601.2300000000001,74,349.51,206.56,70.25,11.91,0.3046325992904103,24,19.07225806451613,26.241290322580646,11.502708333333333,670.19,4005.44
1385,Havsa,Edirne,2008,bugday,398.0,3434.5150000000003,541.045,63,452.59000000000003,322.27000000000004,26.43,39.209999999999994,0.41336758231235216,20,17.49225806451613,24.314838709677424,10.73038062283737,734.6199999999999,3944.12
1385,Havsa,Edirne,2009,bugday,350.0,3496.0499999999997,570.7500000000001,50,409.39,235.28,23.58,18.5,0.37598735792314864,22,18.240645161290324,25.288387096774198,11.190104166666666,730.5,3946.1000000000004
1385,Havsa,Edirne,2010,bugday,400.0,3410.175,546.365,48,829.0000000000001,555.19,26.780000000000005,71.56,0.8810097261894053,12,17.63967741935484,23.79677419354838,10.323506944444444,715.4800000000001,3696.1699999999996
1385,Havsa,Edirne,2011,bugday,283.0,3323.385,510.345,36,525.15,331.51,28.71,68.39999999999999,0.5381137214071721,12,16.49064516129032,22.68,10.498541666666666,673.0800000000002,3748.6800000000003
1385,Havsa,Edirne,2012,bugday,448.0,3282.9849999999997,562.53,70,501.64000000000004,343.05999999999995,88.09,3.69,0.4408386105805575,25,18.034193548387098,24.098387096774193,11.228166089965399,621.7599999999999,4080.9599999999996
1385,Havsa,Edirne,2013,bugday,381.0,3673.025,604.975,51,608.44,444.13,8.86,70.62,0.5574480378340939,18,19.369032258064514,26.12129032258065,10.660694444444443,771.1700000000001,3942.9700000000003
1385,Havsa,Edirne,2014,bugday,455.0,3599.5449999999996,541.72,61,483.57000000000005,163.81000000000003,80.24,109.8,0.4776915569873006,8,17.49806451612903,23.233870967741936,10.904722222222224,662.9599999999999,3818.6000000000004
1385,Havsa,Edirne,2015,bugday,375.0,3292.585,564.465,59,669.39,446.65999999999997,22.220000000000002,63.5,0.700185916319354,5,18.105806451612903,24.404193548387095,10.11263888888889,731.0300000000001,3744.59
1385,Havsa,Edirne,2016,bugday,386.0,3756.54,518.965,54,556.3299999999999,350.76,63.26,23.0,0.5054599672624625,20,16.607741935483872,22.417419354838703,11.116297577854672,639.75,4037.9
1385,Havsa,Edirne,2017,bugday,390.0,3272.91,530.49,46,483.78999999999996,257.82,47.9,57.769999999999996,0.4355231501023008,16,16.99,23.632258064516126,11.577569444444443,684.0300000000001,4037.23
1385,Havsa,Edirne,2018,bugday,368.0,3645.125,575.925,60,758.1700000000001,454.41,35.48000000000001,107.69000000000001,0.7175191773224854,12,18.41064516129032,24.698387096774194,10.704583333333334,701.0600000000002,3943.71
1385,Havsa,Edirne,2019,bugday,411.0,3559.9700000000003,574.69,61,496.35,317.1700000000001,51.559999999999995,35.63999999999999,0.4565729856844301,26,18.274516129032257,25.027419354838706,11.310555555555554,673.7900000000001,3915.1299999999997
1385,Havsa,Edirne,2020,bugday,343.0,3752.7149999999997,543.2449999999999,51,439.13,192.16,71.26,68.47000000000001,0.3947775486507726,15,17.3441935483871,24.115161290322586,11.677889273356401,647.6200000000001,4062.5200000000004
1385,Havsa,Edirne,2021,bugday,431.0,3555.51,533.905,58,716.1500000000001,478.68,58.6,63.760000000000005,0.7116731875883521,9,17.102258064516132,23.206129032258065,10.520138888888889,695.1699999999998,3892.0600000000004
1385,Havsa,Edirne,2022,bugday,388.0,3445.385,551.33,50,520.54,379.26000000000005,25.990000000000006,44.26999999999998,0.47660164512233577,27,17.686774193548384,25.150645161290324,11.32576388888889,745.6100000000001,3999.7200000000003
1385,Havsa,Edirne,2023,bugday,533.0,3837.175,506.35,55,403.3,173.08000000000004,46.510000000000005,34.35,0.38296006616534717,14,16.13741935483871,22.204838709677418,11.180208333333333,566.0899999999999,3829.0600000000004
1385,Havsa,Edirne,2024,bugday,396.0,4160.43,523.115,50,445.49999999999994,290.63,42.85,8.760000000000002,0.35922332826741776,31,16.666774193548388,23.37258064516129,11.814636678200692,655.75,4102.01
1385,Havsa,Edirne,2025,bugday,324.0,3745.26,556.6,68,349.28999999999996,202.5,58.28000000000001,5.659999999999999,0.27894015520082993,27,17.771290322580644,24.93290322580646,12.280868055555556,688.72,4230.620000000001
1388,Hayrabolu,Tekirdağ,2004,aycicegi_yaglik,167.0,2227.56,513.8599999999999,0,196.73000000000002,,18.19,37.17,0.1538197966229995,32,24.46677419354839,32.31096774193548,13.412295081967212,811.5,3913.5899999999997
1388,Hayrabolu,Tekirdağ,2005,aycicegi_yaglik,201.0,2369.67,560.8249999999999,0,190.32,,36.73,15.969999999999999,0.147535724683399,47,25.839032258064517,33.29387096774193,13.19792349726776,771.1199999999999,3869.6200000000003
1388,Hayrabolu,Tekirdağ,2006,aycicegi_yaglik,229.0,2310.61,511.99500000000006,0,213.27,,15.24,10.11,0.15956643022647335,42,24.408387096774188,31.85161290322581,13.163989071038253,793.3299999999999,3987.07
1388,Hayrabolu,Tekirdağ,2007,aycicegi_yaglik,119.0,2581.185,604.205,0,132.51,,0.09,9.3,0.08630331192888603,52,27.476129032258065,36.107741935483865,14.964754098360654,870.1200000000001,4190.389999999999
1388,Hayrabolu,Tekirdağ,2008,aycicegi_yaglik,186.0,2441.6549999999997,560.365,0,141.99,,12.879999999999997,8.12,0.1006413090336467,46,25.97193548387097,33.87354838709677,13.687814207650273,832.6800000000001,4015.2800000000007
1388,Hayrabolu,Tekirdağ,2009,aycicegi_yaglik,187.0,2345.7200000000003,566.8749999999999,0,198.57000000000002,,44.56999999999999,3.7699999999999996,0.1425381817413577,40,26.283870967741933,33.46258064516129,13.780437158469944,784.03,4084.36
1388,Hayrabolu,Tekirdağ,2010,aycicegi_yaglik,194.0,2451.7,539.5500000000001,0,228.16999999999996,,57.6,0.59,0.17579366463623064,48,25.267419354838715,32.00838709677419,13.053333333333335,722.4999999999998,3898.2200000000003
1388,Hayrabolu,Tekirdağ,2011,aycicegi_yaglik,182.0,2271.1050000000005,573.0349999999999,0,277.36,,10.049999999999999,12.469999999999999,0.20782118636118171,47,26.367419354838706,34.02096774193548,13.376721311475407,818.9300000000002,3958.1800000000007
1388,Hayrabolu,Tekirdağ,2012,aycicegi_yaglik,175.0,2678.6299999999997,649.3250000000002,0,155.01000000000002,,2.8600000000000003,9.97,0.10132149425409728,53,28.765161290322585,37.157419354838716,14.40775956284153,841.9599999999998,4212.359999999999
1388,Hayrabolu,Tekirdağ,2013,aycicegi_yaglik,241.0,2476.615,548.9050000000001,0,103.13999999999999,,3.6399999999999997,0.11,0.07276597659509901,49,25.655483870967743,33.36774193548387,13.589781420765028,803.5100000000001,4128.34
1388,Hayrabolu,Tekirdağ,2014,aycicegi_yaglik,231.0,2344.845,539.2650000000001,0,393.64,,48.49,52.260000000000005,0.31672301339764247,44,25.25225806451613,32.53677419354839,12.797213114754095,780.4300000000002,3760.33
1388,Hayrabolu,Tekirdağ,2015,aycicegi_yaglik,194.0,2416.5499999999997,565.865,0,236.23,,5.529999999999999,10.14,0.17398128799045165,50,25.99451612903226,34.39677419354839,13.438142076502734,851.7500000000001,4017.7899999999995
1388,Hayrabolu,Tekirdağ,2016,aycicegi_yaglik,208.0,2558.0449999999996,587.21,0,129.24999999999997,,6.03,1.4000000000000001,0.0919682996261041,52,26.753225806451617,34.71258064516129,13.694262295081968,831.27,4045.44
1388,Hayrabolu,Tekirdağ,2017,aycicegi_yaglik,239.0,2441.805,560.5649999999999,0,221.77,,43.46,10.46,0.15504236281751765,39,25.76838709677419,33.88483870967742,14.358688524590166,802.7799999999997,4059.7899999999995
1388,Hayrabolu,Tekirdağ,2018,aycicegi_yaglik,250.0,2545.095,557.055,0,226.76999999999998,,69.7,0.32999999999999996,0.1698464814518727,46,25.848064516129032,32.31935483870968,13.023989071038253,740.6800000000001,4002.0599999999995
1388,Hayrabolu,Tekirdağ,2019,aycicegi_yaglik,270.0,2469.15,538.27,0,200.81000000000003,,38.11000000000001,19.32,0.1454960574872206,46,25.375161290322584,33.07322580645161,13.799508196721309,764.9699999999999,3977.57
1388,Hayrabolu,Tekirdağ,2020,aycicegi_yaglik,233.0,2460.79,568.9150000000001,0,200.92999999999998,,2.39,7.19,0.14075851066555264,54,26.134516129032257,34.33,14.056284153005466,860.68,4106.630000000001
1388,Hayrabolu,Tekirdağ,2021,aycicegi_yaglik,230.0,2390.5150000000003,592.72,0,225.49999999999997,,9.850000000000001,9.75,0.17178593662355848,56,26.89838709677419,34.90161290322581,13.141475409836065,819.3400000000001,3896.35
1388,Hayrabolu,Tekirdağ,2022,aycicegi_yaglik,193.0,2479.795,567.7499999999999,0,212.62,,16.509999999999998,65.92999999999999,0.1517249867373177,48,26.16741935483871,34.218709677419355,13.788688524590164,833.4399999999999,4065.29
1388,Hayrabolu,Tekirdağ,2023,aycicegi_yaglik,113.0,2544.955,626.855,0,178.61,,15.979999999999999,4.839999999999999,0.13214838540509885,57,28.177419354838708,36.34838709677419,13.451639344262295,833.3900000000002,3850.9900000000002
1388,Hayrabolu,Tekirdağ,2024,aycicegi_yaglik,181.0,2784.83,652.2099999999999,0,149.42,,9.589999999999998,6.890000000000001,0.09960706444367942,58,28.842903225806456,36.8158064516129,14.086120218579236,805.9199999999998,4080.6799999999994
1388,Hayrabolu,Tekirdağ,2025,aycicegi_yaglik,132.0,2669.325,662.815,0,118.33,,2.11,10.45,0.07718928052574107,57,29.187419354838713,37.766774193548386,14.773661202185792,841.8700000000001,4157.780000000001
1388,Hayrabolu,Tekirdağ,2004,bugday,484.0,2366.875,494.665,17,322.69000000000005,136.46,31.25,77.4,0.38114995971992266,11,15.977741935483873,22.444516129032262,11.320558375634521,688.84,3124.8399999999997
1388,Hayrabolu,Tekirdağ,2005,bugday,467.0,3480.87,547.61,56,510.85,332.27,85.08000000000001,16.05,0.5098328010304983,8,17.529677419354837,23.844516129032264,10.791458333333333,641.15,3813.6400000000003
1388,Hayrabolu,Tekirdağ,2006,bugday,297.0,3225.215,513.11,49,554.6500000000001,372.11,22.75,37.28,0.5618646487166787,20,16.56451612903226,22.712258064516128,10.247222222222222,711.84,3835.2099999999996
1388,Hayrabolu,Tekirdağ,2007,bugday,444.0,3701.375,604.2400000000001,73,319.37,176.28999999999996,61.38999999999999,13.069999999999999,0.27688712089206435,25,19.126774193548385,26.433225806451613,11.28892361111111,686.8200000000002,3997.12
1388,Hayrabolu,Tekirdağ,2008,bugday,477.0,3498.1800000000003,546.225,65,460.07000000000005,336.72,17.85,32.48,0.41925874690192383,23,17.53548387096774,24.341612903225816,10.560657439446368,745.67,3951.0600000000004
1388,Hayrabolu,Tekirdağ,2009,bugday,357.0,3549.195,571.495,52,415.29999999999995,253.26999999999998,20.16,14.019999999999998,0.38459707687795436,22,18.232580645161292,25.20806451612903,10.870625,736.5500000000002,3906.9199999999996
1388,Hayrabolu,Tekirdağ,2010,bugday,294.0,3503.8950000000004,547.6299999999999,52,767.0999999999999,536.51,24.11,68.25,0.8037959001227196,14,17.59290322580645,23.77387096774193,10.183402777777777,742.0799999999999,3713.16
1388,Hayrabolu,Tekirdağ,2011,bugday,318.0,3339.06,499.9799999999999,39,592.84,375.78000000000003,35.53999999999999,83.69999999999999,0.6250990922072841,10,16.073548387096775,22.104838709677423,10.085833333333333,674.77,3724.83
1388,Hayrabolu,Tekirdağ,2012,bugday,500.0,3312.92,556.1999999999999,67,505.53,345.43999999999994,75.57999999999998,2.9099999999999997,0.4502624064797277,25,17.747741935483873,23.954838709677418,10.997266435986159,640.3700000000001,4040.29
1388,Hayrabolu,Tekirdağ,2013,bugday,388.0,3736.715,599.7450000000001,50,595.74,452.46,7.489999999999998,50.96,0.553577602290744,18,19.147096774193546,25.67645161290322,10.438923611111111,759.2800000000001,3907.6099999999997
1388,Hayrabolu,Tekirdağ,2014,bugday,444.0,3671.3599999999997,544.605,58,436.63,163.61,64.87,79.53,0.43057563361603524,9,17.46387096774194,23.395161290322587,10.795902777777778,654.2499999999998,3772.58
1388,Hayrabolu,Tekirdağ,2015,bugday,379.0,3340.6549999999997,558.97,59,708.99,473.03999999999996,19.529999999999998,61.17000000000001,0.7379669413492377,5,17.977741935483873,24.130322580645167,9.921284722222222,736.1900000000002,3773.48
1388,Hayrabolu,Tekirdağ,2016,bugday,412.0,3831.425,525.1350000000001,51,514.61,345.58,50.980000000000004,18.099999999999998,0.4652855442073617,21,16.822580645161292,22.722580645161287,10.938996539792386,645.83,4025.5599999999995
1388,Hayrabolu,Tekirdağ,2017,bugday,458.0,3336.135,530.66,50,462.66,274.64,42.21000000000001,49.260000000000005,0.41401771542986837,18,16.972580645161294,23.678064516129037,11.40204861111111,696.88,4022.21
1388,Hayrabolu,Tekirdağ,2018,bugday,343.0,3736.39,577.965,51,693.7800000000001,441.84000000000003,31.62,86.67,0.6544918498176208,11,18.409032258064514,24.602903225806454,10.678993055555557,674.3399999999999,3904.03
1388,Hayrabolu,Tekirdağ,2019,bugday,456.0,3566.6900000000005,565.145,61,528.49,348.80999999999995,39.290000000000006,35.23,0.503401046681078,23,18.003225806451614,24.453225806451613,10.869930555555555,660.11,3843.5499999999997
1388,Hayrabolu,Tekirdağ,2020,bugday,394.0,3771.0249999999996,539.81,46,447.02,224.55999999999997,65.90999999999998,49.059999999999995,0.40319376463429624,16,17.22967741935484,23.793870967741935,11.294532871972319,655.2299999999999,4067.9399999999996
1388,Hayrabolu,Tekirdağ,2021,bugday,483.0,3615.84,537.045,52,844.54,586.98,87.1,66.47,0.8603168223957617,9,17.15806451612903,23.122258064516135,10.218368055555555,680.8100000000001,3826.01
1388,Hayrabolu,Tekirdağ,2022,bugday,406.0,3492.255,552.96,48,536.6600000000001,397.42,22.900000000000002,41.01,0.4985783109599084,27,17.649032258064512,25.07967741935484,11.074027777777777,762.4200000000001,3943.88
1388,Hayrabolu,Tekirdağ,2023,bugday,344.0,3853.62,501.69000000000005,51,402.79999999999995,191.01,39.33,35.690000000000005,0.3897403593784167,13,15.982903225806453,21.903548387096773,10.939965277777778,575.88,3779.36
1388,Hayrabolu,Tekirdağ,2024,bugday,386.0,4213.055,521.84,44,477.17999999999995,352.87,29.52,3.7899999999999996,0.39040108128339707,29,16.66032258064516,23.348387096774196,11.34871972318339,673.8800000000001,4062.8100000000004
1388,Hayrabolu,Tekirdağ,2025,bugday,339.0,3790.67,564.0350000000001,67,343.06000000000006,217.56000000000003,53.709999999999994,5.43,0.2767744174504616,28,17.88193548387096,25.15064516129032,12.049652777777778,675.4599999999999,4186.51
1412,İpsala,Edirne,2004,aycicegi_yaglik,154.0,2340.93,537.4000000000001,0,171.38,,19.04,20.74,0.1297039865971458,34,25.347419354838703,32.43806451612903,12.342513661202185,860.1599999999999,4129.969999999999
1412,İpsala,Edirne,2005,aycicegi_yaglik,186.0,2420.0750000000003,560.415,0,238.45,,42.7,18.950000000000003,0.1813905747521658,41,25.96290322580645,32.560645161290324,11.818688524590165,815.73,4160.65
1412,İpsala,Edirne,2006,aycicegi_yaglik,212.0,2391.095,530.5749999999999,0,278.77,,24.42,18.95,0.2072048692640687,40,25.090322580645164,31.933870967741935,11.94912568306011,827.7100000000002,4177.6500000000015
1412,İpsala,Edirne,2007,aycicegi_yaglik,187.0,2639.215,626.5200000000001,0,194.75,,0.11,14.479999999999999,0.12809341819482573,53,28.251612903225812,36.05483870967742,13.377103825136613,890.9,4363.93
1412,İpsala,Edirne,2008,aycicegi_yaglik,186.0,2540.5649999999996,574.9000000000001,0,153.81,,18.620000000000005,10.08,0.10859952104655278,53,26.495806451612907,33.490645161290324,12.383005464480876,865.5699999999999,4199.25
1412,İpsala,Edirne,2009,aycicegi_yaglik,187.0,2460.675,584.8000000000001,0,159.46,,29.150000000000002,3.45,0.11389359121608984,45,26.90838709677419,33.41129032258065,12.656010928961747,841.13,4218.769999999999
1412,İpsala,Edirne,2010,aycicegi_yaglik,300.0,2550.23,556.86,0,261.65999999999997,,69.35999999999999,0.5499999999999999,0.19780381011043063,46,25.916774193548385,31.968064516129036,11.794426229508197,777.7900000000001,4119.07
1412,İpsala,Edirne,2011,aycicegi_yaglik,206.0,2462.0950000000003,603.65,0,177.6,,12.21,15.77,0.12719431154545793,50,27.465483870967738,34.38870967741936,12.649289617486343,856.0199999999999,4159.79
1412,İpsala,Edirne,2012,aycicegi_yaglik,169.0,2792.8849999999998,673.545,0,171.22,,1.01,9.19,0.11227932662436553,56,29.660322580645165,37.254516129032254,12.963825136612023,858.7899999999997,4357.72
1412,İpsala,Edirne,2013,aycicegi_yaglik,214.0,2594.915,569.7249999999999,0,121.67,,4.46,0.03,0.08422297282018117,50,26.499677419354835,33.34225806451612,12.361584699453552,846.08,4323.3
1412,İpsala,Edirne,2014,aycicegi_yaglik,285.0,2441.3199999999997,556.6250000000001,0,368.6,,40.830000000000005,53.339999999999996,0.2918578624213793,42,25.919354838709673,32.31645161290323,11.398688524590165,823.9000000000001,3997.920000000001
1412,İpsala,Edirne,2015,aycicegi_yaglik,222.0,2515.485,585.05,0,238.82999999999998,,5.959999999999999,11.18,0.17398500477372275,50,26.74161290322581,34.29774193548387,12.193934426229509,871.9099999999999,4196.01
1412,İpsala,Edirne,2016,aycicegi_yaglik,184.0,2673.325,606.515,0,129.04,,6.1000000000000005,1.46,0.09036765459064953,54,27.464516129032255,34.56677419354838,12.381693989071037,863.8399999999999,4274.589999999999
1412,İpsala,Edirne,2017,aycicegi_yaglik,217.0,2570.71,580.4749999999999,0,220.14999999999998,,43.63,9.559999999999999,0.1526146419219781,44,26.49838709677419,33.80838709677419,13.0568306010929,819.4899999999999,4238.02
1412,İpsala,Edirne,2018,aycicegi_yaglik,266.0,2671.2799999999997,570.1750000000001,0,226.13000000000002,,69.61,0.38,0.16649352170267168,45,26.39967741935483,32.06677419354839,12.07289617486339,798.4799999999999,4150.03
1412,İpsala,Edirne,2019,aycicegi_yaglik,267.0,2599.42,561.9200000000001,0,208.86,,40.730000000000004,21.92,0.146935876249813,45,26.165806451612898,33.171290322580646,12.637158469945357,824.9899999999999,4212.64
1412,İpsala,Edirne,2020,aycicegi_yaglik,247.0,2581.635,593.505,0,201.60999999999999,,1.6700000000000002,6.57,0.1392244596138856,57,27.027741935483867,34.5116129032258,12.859508196721311,878.3400000000001,4285.5
1412,İpsala,Edirne,2021,aycicegi_yaglik,214.0,2517.925,616.2550000000001,0,225.22,,9.25,9.93,0.1636811360217807,58,27.756129032258066,34.968709677419355,12.018087431693989,852.5899999999999,4231.2699999999995
1412,İpsala,Edirne,2022,aycicegi_yaglik,252.0,2616.8150000000005,598.47,0,215.72000000000003,,16.08,69.1,0.15043009777751767,49,27.241612903225807,34.55483870967742,12.657158469945356,846.59,4259.530000000001
1412,İpsala,Edirne,2023,aycicegi_yaglik,147.0,2654.1600000000003,642.575,0,179.13,,17.44,5.099999999999999,0.13318810261533032,56,28.74935483870968,35.95645161290323,12.400218579234972,852.4700000000001,3944.6200000000003
1412,İpsala,Edirne,2024,aycicegi_yaglik,142.0,2925.3949999999995,671.4700000000001,0,153.26,,10.72,7.6,0.1011665949866576,59,29.594838709677422,36.667741935483875,12.926502732240436,821.7900000000001,4235.79
1412,İpsala,Edirne,2025,aycicegi_yaglik,144.0,2775.14,677.9499999999999,0,117.33000000000001,,3.2199999999999998,10.000000000000002,0.0755563710914173,55,29.758709677419354,37.354193548387094,13.489344262295083,859.4200000000002,4366.41
1412,İpsala,Edirne,2004,bugday,290.0,2501.14,520.1149999999999,18,284.03,112.13,37.949999999999996,60.94,0.3201326435275367,14,16.848064516129032,22.864193548387096,10.423604060913707,745.6200000000001,3336.17
1412,İpsala,Edirne,2005,bugday,273.0,3604.9849999999997,565.3399999999999,58,650.42,425.18,112.85999999999999,29.69,0.6313701908147579,6,18.11516129032258,23.773870967741935,9.52951388888889,653.8299999999999,4120.1
1412,İpsala,Edirne,2006,bugday,277.0,3378.9000000000005,531.0149999999999,50,637.1400000000001,408.01000000000005,33.24,48.29,0.6300862464948178,17,17.171935483870968,22.72645161290322,9.272812499999999,770.23,4042.8399999999997
1412,İpsala,Edirne,2007,bugday,404.0,3827.72,611.305,72,378.44,188.44,88.63000000000001,20.67,0.3269880551772642,24,19.440645161290327,25.80064516129032,10.101180555555555,713.4300000000001,4251.639999999999
1412,İpsala,Edirne,2008,bugday,517.0,3653.58,571.215,64,440.50000000000006,317.83000000000004,13.58,30.139999999999997,0.3948061861660139,18,18.379677419354838,24.597096774193545,9.43121107266436,779.8499999999998,4215.950000000001
1412,İpsala,Edirne,2009,bugday,350.0,3708.3900000000003,596.58,45,408.75,250.14999999999998,30.63,18.500000000000004,0.37047526639310274,17,19.059032258064516,25.56129032258065,9.906354166666667,768.54,4149.12
1412,İpsala,Edirne,2010,bugday,350.0,3691.12,570.4,36,727.6999999999999,475.37,37.120000000000005,64.91,0.7215468787287478,14,18.421935483870964,23.947741935483872,9.316388888888888,764.93,4014.6899999999996
1412,İpsala,Edirne,2011,bugday,353.0,3563.38,542.4449999999999,41,478.80999999999995,325.76,34.59,44.470000000000006,0.47223435960057775,15,17.389032258064518,23.273870967741935,9.337013888888889,683.6899999999999,3978.36
1412,İpsala,Edirne,2012,bugday,454.0,3486.7200000000003,586.0250000000001,69,501.65999999999997,324.78999999999996,107.17999999999999,8.17,0.43833405972908857,23,18.673548387096773,24.157419354838712,9.961868512110728,675.8299999999999,4272.540000000001
1412,İpsala,Edirne,2013,bugday,345.0,3918.4750000000004,627.57,47,570.94,412.57000000000005,6.550000000000001,61.339999999999996,0.5136221765319685,21,20.104193548387094,26.12322580645161,9.530416666666667,780.6099999999999,4151.34
1412,İpsala,Edirne,2014,bugday,415.0,3807.005,564.915,61,471.53,198.42000000000002,47.28,74.21,0.4558825993216378,9,18.18516129032258,23.457419354838706,9.591284722222222,697.1099999999999,4053.54
1412,İpsala,Edirne,2015,bugday,321.0,3512.1549999999997,584.5649999999999,55,751.23,506.1500000000001,19.72,61.82000000000001,0.7620899086892092,6,18.812258064516126,24.354516129032255,9.025520833333335,764.0799999999999,3991.36
1412,İpsala,Edirne,2016,bugday,350.0,4007.665,549.1300000000001,49,513.8,342.76,52.00999999999999,17.53,0.4509068000154999,18,17.53838709677419,22.95258064516129,9.77456747404844,683.8900000000001,4329.14
1412,İpsala,Edirne,2017,bugday,345.0,3523.2749999999996,559.8449999999999,58,448.77000000000004,262.08,43.07000000000001,48.379999999999995,0.3895179443527228,18,17.89064516129032,24.09129032258065,10.441388888888888,710.1300000000002,4264.71
1412,İpsala,Edirne,2018,bugday,345.0,3931.005,609.7049999999999,53,689.11,434.96000000000004,30.710000000000004,89.78999999999999,0.6292017694806169,16,19.50258064516129,25.34548387096774,9.663437499999999,686.61,4162.33
1412,İpsala,Edirne,2019,bugday,383.0,3761.485,588.9049999999999,61,531.57,348.48,38.67,37.610000000000014,0.4865528510392606,24,18.717741935483875,24.720000000000002,9.910381944444445,709.0600000000001,4098.429999999999
1412,İpsala,Edirne,2020,bugday,432.0,3953.715,563.4350000000001,50,461.35,236.51,63.40999999999999,49.96,0.40826109510076597,15,17.976129032258065,23.973548387096773,10.223771626297578,708.0,4263.72
1412,İpsala,Edirne,2021,bugday,529.0,3814.98,561.755,44,858.53,602.4,86.47999999999999,66.69999999999999,0.8191838226323328,9,17.941290322580645,23.50064516129032,9.2275,752.45,4190.5599999999995
1412,İpsala,Edirne,2022,bugday,438.0,3695.17,588.595,52,550.11,409.68,22.849999999999998,43.480000000000004,0.48801261084596476,28,18.876451612903224,25.89612903225807,10.1096875,778.39,4231.91
1412,İpsala,Edirne,2023,bugday,576.0,4035.2699999999995,532.8149999999999,50,417.04999999999995,208.13,39.03999999999999,36.14,0.3926753951407357,13,17.042580645161287,22.671612903225807,9.9821875,588.3899999999999,3994.4399999999996
1412,İpsala,Edirne,2024,bugday,409.0,4426.675,556.0949999999998,43,466.15,341.96000000000004,30.51,4.119999999999999,0.37135355590035163,30,17.804516129032255,24.09709677419355,10.388546712802768,701.1700000000001,4311.64
1412,İpsala,Edirne,2025,bugday,307.0,3956.4200000000005,579.41,62,349.87,222.36,53.24000000000001,5.99,0.2759036184840172,28,18.469677419354838,24.88451612903225,10.87378472222222,736.53,4453.21
1464,Keşan,Edirne,2004,aycicegi_yaglik,171.0,2227.56,513.8599999999999,0,196.73000000000002,,18.19,37.17,0.14580977837631795,32,24.46677419354839,32.31096774193548,13.412295081967212,860.1599999999999,4129.969999999999
1464,Keşan,Edirne,2005,aycicegi_yaglik,186.0,2369.67,560.8249999999999,0,190.32,,36.73,15.969999999999999,0.13819863758446374,47,25.839032258064517,33.29387096774193,13.19792349726776,815.73,4160.65
1464,Keşan,Edirne,2006,aycicegi_yaglik,212.0,2310.61,511.99500000000006,0,213.27,,15.24,10.11,0.15287404572572377,42,24.408387096774188,31.85161290322581,13.163989071038253,827.7100000000002,4177.6500000000015
1464,Keşan,Edirne,2007,aycicegi_yaglik,233.0,2581.185,604.205,0,132.51,,0.09,9.3,0.08320767156185857,52,27.476129032258065,36.107741935483865,14.964754098360654,890.9,4363.93
1464,Keşan,Edirne,2008,aycicegi_yaglik,224.0,2441.6549999999997,560.365,0,141.99,,12.879999999999997,8.12,0.09688874683943234,46,25.97193548387097,33.87354838709677,13.687814207650273,865.5699999999999,4199.25
1464,Keşan,Edirne,2009,aycicegi_yaglik,225.0,2345.7200000000003,566.8749999999999,0,198.57000000000002,,44.56999999999999,3.7699999999999996,0.13809258919978404,40,26.283870967741933,33.46258064516129,13.780437158469944,841.13,4218.769999999999
1464,Keşan,Edirne,2010,aycicegi_yaglik,245.0,2451.7,539.5500000000001,0,228.16999999999996,,57.6,0.59,0.16670034599852807,48,25.267419354838715,32.00838709677419,13.053333333333335,777.7900000000001,4119.07
1464,Keşan,Edirne,2011,aycicegi_yaglik,223.0,2271.1050000000005,573.0349999999999,0,277.36,,10.049999999999999,12.469999999999999,0.19822032161454814,47,26.367419354838706,34.02096774193548,13.376721311475407,856.0199999999999,4159.79
1464,Keşan,Edirne,2012,aycicegi_yaglik,226.0,2678.6299999999997,649.3250000000002,0,155.01000000000002,,2.8600000000000003,9.97,0.09821486632862668,53,28.765161290322585,37.157419354838716,14.40775956284153,858.7899999999997,4357.72
1464,Keşan,Edirne,2013,aycicegi_yaglik,235.0,2476.615,548.9050000000001,0,103.13999999999999,,3.6399999999999997,0.11,0.06951554922193312,49,25.655483870967743,33.36774193548387,13.589781420765028,846.08,4323.3
1464,Keşan,Edirne,2014,aycicegi_yaglik,287.0,2344.845,539.2650000000001,0,393.64,,48.49,52.260000000000005,0.2993663815189649,44,25.25225806451613,32.53677419354839,12.797213114754095,823.9000000000001,3997.920000000001
1464,Keşan,Edirne,2015,aycicegi_yaglik,251.0,2416.5499999999997,565.865,0,236.23,,5.529999999999999,10.14,0.1667612988754831,50,25.99451612903226,34.39677419354839,13.438142076502734,871.9099999999999,4196.01
1464,Keşan,Edirne,2016,aycicegi_yaglik,243.0,2558.0449999999996,587.21,0,129.24999999999997,,6.03,1.4000000000000001,0.08752830811727812,52,26.753225806451617,34.71258064516129,13.694262295081968,863.8399999999999,4274.589999999999
1464,Keşan,Edirne,2017,aycicegi_yaglik,255.0,2441.805,560.5649999999999,0,221.77,,43.46,10.46,0.14940036604493845,39,25.76838709677419,33.88483870967742,14.358688524590166,819.4899999999999,4238.02
1464,Keşan,Edirne,2018,aycicegi_yaglik,260.0,2545.095,557.055,0,226.76999999999998,,69.7,0.32999999999999996,0.16381043664680342,46,25.848064516129032,32.31935483870968,13.023989071038253,798.4799999999999,4150.03
1464,Keşan,Edirne,2019,aycicegi_yaglik,257.0,2469.15,538.27,0,200.81000000000003,,38.11000000000001,19.32,0.1379018725717103,46,25.375161290322584,33.07322580645161,13.799508196721309,824.9899999999999,4212.64
1464,Keşan,Edirne,2020,aycicegi_yaglik,249.0,2460.79,568.9150000000001,0,200.92999999999998,,2.39,7.19,0.13529080102622185,54,26.134516129032257,34.33,14.056284153005466,878.3400000000001,4285.5
1464,Keşan,Edirne,2021,aycicegi_yaglik,279.0,2390.5150000000003,592.72,0,225.49999999999997,,9.850000000000001,9.75,0.15981485000735662,56,26.89838709677419,34.90161290322581,13.141475409836065,852.5899999999999,4231.2699999999995
1464,Keşan,Edirne,2022,aycicegi_yaglik,268.0,2479.795,567.7499999999999,0,212.62,,16.509999999999998,65.92999999999999,0.14553164415919903,48,26.16741935483871,34.218709677419355,13.788688524590164,846.59,4259.530000000001
1464,Keşan,Edirne,2023,aycicegi_yaglik,189.0,2544.955,626.855,0,178.61,,15.979999999999999,4.839999999999999,0.12928554777694637,57,28.177419354838708,36.34838709677419,13.451639344262295,852.4700000000001,3944.6200000000003
1464,Keşan,Edirne,2024,aycicegi_yaglik,156.0,2784.83,652.2099999999999,0,149.42,,9.589999999999998,6.890000000000001,0.09640337786901845,58,28.842903225806456,36.8158064516129,14.086120218579236,821.7900000000001,4235.79
1464,Keşan,Edirne,2025,aycicegi_yaglik,155.0,2669.325,662.815,0,118.33,,2.11,10.45,0.07402422401631426,57,29.187419354838713,37.766774193548386,14.773661202185792,859.4200000000002,4366.41
1464,Keşan,Edirne,2004,bugday,323.0,2366.875,494.665,17,322.69000000000005,136.46,31.25,77.4,0.3586475308829907,11,15.977741935483873,22.444516129032262,11.320558375634521,745.6200000000001,3336.17
1464,Keşan,Edirne,2005,bugday,311.0,3480.87,547.61,56,510.85,332.27,85.08000000000001,16.05,0.4743998992435087,8,17.529677419354837,23.844516129032264,10.791458333333333,653.8299999999999,4120.1
1464,Keşan,Edirne,2006,bugday,317.0,3225.215,513.11,49,554.6500000000001,372.11,22.75,37.28,0.5325199461359463,20,16.56451612903226,22.712258064516128,10.247222222222222,770.23,4042.8399999999997
1464,Keşan,Edirne,2007,bugday,468.0,3701.375,604.2400000000001,73,319.37,176.28999999999996,61.38999999999999,13.069999999999999,0.26389133389327385,25,19.126774193548385,26.433225806451613,11.28892361111111,713.4300000000001,4251.639999999999
1464,Keşan,Edirne,2008,bugday,493.0,3498.1800000000003,546.225,65,460.07000000000005,336.72,17.85,32.48,0.3975825678556561,23,17.53548387096774,24.341612903225816,10.560657439446368,779.8499999999998,4215.950000000001
1464,Keşan,Edirne,2009,bugday,367.0,3549.195,571.495,52,415.29999999999995,253.26999999999998,20.16,14.019999999999998,0.3650276388184577,22,18.232580645161292,25.20806451612903,10.870625,768.54,4149.12
1464,Keşan,Edirne,2010,bugday,384.0,3503.8950000000004,547.6299999999999,52,767.0999999999999,536.51,24.11,68.25,0.7439859919912405,14,17.59290322580645,23.77387096774193,10.183402777777777,764.93,4014.6899999999996
1464,Keşan,Edirne,2011,bugday,318.0,3339.06,499.9799999999999,39,592.84,375.78000000000003,35.53999999999999,83.69999999999999,0.5868565907426695,10,16.073548387096775,22.104838709677423,10.085833333333333,683.6899999999999,3978.36
1464,Keşan,Edirne,2012,bugday,474.0,3312.92,556.1999999999999,67,505.53,345.43999999999994,75.57999999999998,2.9099999999999997,0.4290775766877783,25,17.747741935483873,23.954838709677418,10.997266435986159,675.8299999999999,4272.540000000001
1464,Keşan,Edirne,2013,bugday,378.0,3736.715,599.7450000000001,50,595.74,452.46,7.489999999999998,50.96,0.5233277671061084,18,19.147096774193546,25.67645161290322,10.438923611111111,780.6099999999999,4151.34
1464,Keşan,Edirne,2014,bugday,431.0,3671.3599999999997,544.605,58,436.63,163.61,64.87,79.53,0.4041564712815521,9,17.46387096774194,23.395161290322587,10.795902777777778,697.1099999999999,4053.54
1464,Keşan,Edirne,2015,bugday,421.0,3340.6549999999997,558.97,59,708.99,473.03999999999996,19.529999999999998,61.17000000000001,0.7009125147964514,5,17.977741935483873,24.130322580645167,9.921284722222222,764.0799999999999,3991.36
1464,Keşan,Edirne,2016,bugday,417.0,3831.425,525.1350000000001,51,514.61,345.58,50.980000000000004,18.099999999999998,0.43583132390668333,21,16.822580645161292,22.722580645161287,10.938996539792386,683.8900000000001,4329.14
1464,Keşan,Edirne,2017,bugday,424.0,3336.135,530.66,50,462.66,274.64,42.21000000000001,49.260000000000005,0.39368294123347436,18,16.972580645161294,23.678064516129037,11.40204861111111,710.1300000000002,4264.71
1464,Keşan,Edirne,2018,bugday,387.0,3736.39,577.965,51,693.7800000000001,441.84000000000003,31.62,86.67,0.6198303467901833,11,18.409032258064514,24.602903225806454,10.678993055555557,686.61,4162.33
1464,Keşan,Edirne,2019,bugday,422.0,3566.6900000000005,565.145,61,528.49,348.80999999999995,39.290000000000006,35.23,0.47294550454680057,23,18.003225806451614,24.453225806451613,10.869930555555555,709.0600000000001,4098.429999999999
1464,Keşan,Edirne,2020,bugday,434.0,3771.0249999999996,539.81,46,447.02,224.55999999999997,65.90999999999998,49.059999999999995,0.38548311596630724,16,17.22967741935484,23.793870967741935,11.294532871972319,708.0,4263.72
1464,Keşan,Edirne,2021,bugday,531.0,3615.84,537.045,52,844.54,586.98,87.1,66.47,0.7861021377187215,9,17.15806451612903,23.122258064516135,10.218368055555555,752.45,4190.5599999999995
1464,Keşan,Edirne,2022,bugday,440.0,3492.255,552.96,48,536.6600000000001,397.42,22.900000000000002,41.01,0.47018285754424355,27,17.649032258064512,25.07967741935484,11.074027777777777,778.39,4231.91
1464,Keşan,Edirne,2023,bugday,559.0,3853.62,501.69000000000005,51,402.79999999999995,191.01,39.33,35.690000000000005,0.371154563104291,13,15.982903225806453,21.903548387096773,10.939965277777778,588.3899999999999,3994.4399999999996
1464,Keşan,Edirne,2024,bugday,410.0,4213.055,521.84,44,477.17999999999995,352.87,29.52,3.7899999999999996,0.37319771851669914,29,16.66032258064516,23.348387096774196,11.34871972318339,701.1700000000001,4311.64
1464,Keşan,Edirne,2025,bugday,378.0,3790.67,564.0350000000001,67,343.06000000000006,217.56000000000003,53.709999999999994,5.43,0.2627566415293735,28,17.88193548387096,25.15064516129032,12.049652777777778,736.53,4453.21
1471,Merkez,Kırklareli,2004,aycicegi_yaglik,154.0,2048.065,470.995,0,233.41000000000003,,25.4,53.97,0.19272369082375337,15,22.976129032258065,30.265806451612903,12.77863387978142,811.5,3913.5899999999997
1471,Merkez,Kırklareli,2005,aycicegi_yaglik,149.0,2208.005,520.3449999999999,0,210.08999999999997,,56.62,23.29,0.17171461876813585,26,24.35870967741936,31.322903225806453,12.554918032786887,771.1199999999999,3869.6200000000003
1471,Merkez,Kırklareli,2006,aycicegi_yaglik,161.0,2173.075,475.2500000000001,0,214.20999999999998,,25.600000000000005,10.56,0.1683284648703213,33,23.141290322580645,29.875483870967738,12.545191256830599,793.3299999999999,3987.07
1471,Merkez,Kırklareli,2007,aycicegi_yaglik,153.0,2411.535,566.74,0,131.0,,0.19,18.550000000000004,0.09035623346316674,41,26.169999999999995,34.20483870967742,14.065355191256831,870.1200000000001,4190.389999999999
1471,Merkez,Kırklareli,2008,aycicegi_yaglik,149.0,2262.115,517.715,0,181.39,,19.77,5.779999999999999,0.13594481333661676,33,24.61483870967742,32.07064516129032,12.964699453551912,832.6800000000001,4015.2800000000007
1471,Merkez,Kırklareli,2009,aycicegi_yaglik,150.0,2184.5199999999995,535.48,0,218.14999999999998,,47.919999999999995,7.08,0.16635336592335334,21,25.13258064516129,32.11709677419355,12.866065573770486,784.03,4084.36
1471,Merkez,Kırklareli,2010,aycicegi_yaglik,143.0,2283.205,503.3,0,260.9,,72.25000000000001,1.3,0.21421060583583698,33,24.158709677419353,30.097741935483874,12.127978142076506,722.4999999999998,3898.2200000000003
1471,Merkez,Kırklareli,2011,aycicegi_yaglik,161.0,2119.575,541.9749999999999,0,258.96,,18.560000000000002,14.07,0.20651808426892534,30,25.260322580645163,32.64387096774193,12.402841530054646,818.9300000000002,3958.1800000000007
1471,Merkez,Kırklareli,2012,aycicegi_yaglik,230.0,2504.27,603.7199999999999,0,154.67,,2.45,8.84,0.1073406950037222,44,27.270645161290318,34.87612903225807,13.500218579234973,841.9599999999998,4212.359999999999
1471,Merkez,Kırklareli,2013,aycicegi_yaglik,251.0,2323.31,512.68,0,122.54999999999998,,6.07,0.9299999999999999,0.09122403651799312,30,24.238709677419354,31.549677419354843,12.913005464480877,803.5100000000001,4128.34
1471,Merkez,Kırklareli,2014,aycicegi_yaglik,248.0,2202.995,512.0,0,444.75,,47.56,37.29,0.37610114724181515,32,24.278387096774196,31.318709677419353,12.145081967213113,780.4300000000002,3760.33
1471,Merkez,Kırklareli,2015,aycicegi_yaglik,241.0,2285.4400000000005,530.685,0,201.42000000000002,,2.12,14.309999999999999,0.1557628185196693,34,24.88193548387097,32.72,12.772240437158471,851.7500000000001,4017.7899999999995
1471,Merkez,Kırklareli,2016,aycicegi_yaglik,191.0,2389.48,545.0249999999999,0,151.21,,7.869999999999999,9.139999999999999,0.11386829169752989,36,25.32193548387097,32.814193548387095,12.967650273224043,831.27,4045.44
1471,Merkez,Kırklareli,2017,aycicegi_yaglik,275.0,2261.46,519.43,0,261.66,,58.78000000000001,14.99,0.19414312729629687,36,24.49,31.979677419354836,13.509562841530055,802.7799999999997,4059.7899999999995
1471,Merkez,Kırklareli,2018,aycicegi_yaglik,243.0,2356.22,521.035,0,285.37,,78.63999999999999,2.19,0.22982657883958935,24,24.631290322580647,30.737741935483868,11.982295081967214,740.6800000000001,4002.0599999999995
1471,Merkez,Kırklareli,2019,aycicegi_yaglik,265.0,2298.165,504.10999999999996,0,198.92000000000002,,44.629999999999995,21.82,0.15318393350102497,30,24.10483870967742,31.39032258064516,12.927650273224042,764.9699999999999,3977.57
1471,Merkez,Kırklareli,2020,aycicegi_yaglik,289.0,2278.515,522.97,0,215.93,,4.739999999999999,12.219999999999999,0.16145303536133118,38,24.649999999999995,32.0116129032258,13.101857923497267,860.68,4106.630000000001
1471,Merkez,Kırklareli,2021,aycicegi_yaglik,253.0,2237.3950000000004,563.8950000000001,0,206.01,,11.829999999999998,13.59,0.1642966434791755,41,25.921290322580646,33.38903225806452,12.52360655737705,819.3400000000001,3896.35
1471,Merkez,Kırklareli,2022,aycicegi_yaglik,248.0,2320.665,526.665,0,210.32999999999998,,23.31,41.260000000000005,0.1578621166562173,37,24.700645161290318,32.17935483870968,13.253989071038253,833.4399999999999,4065.29
1471,Merkez,Kırklareli,2023,aycicegi_yaglik,222.0,2391.5499999999993,591.8900000000001,0,199.97,,16.310000000000002,6.819999999999999,0.15603613374614833,49,27.013870967741934,34.958709677419364,12.695081967213113,833.3900000000002,3850.9900000000002
1471,Merkez,Kırklareli,2024,aycicegi_yaglik,206.0,2586.33,609.485,0,155.78,,12.930000000000001,7.8,0.11085494716206765,53,27.39903225806451,34.8316129032258,13.20989071038251,805.9199999999998,4080.6799999999994
1471,Merkez,Kırklareli,2025,aycicegi_yaglik,134.0,2475.435,625.5299999999999,0,136.54000000000002,,0.8300000000000001,19.45,0.09495709209987169,45,27.885806451612904,36.090645161290325,13.775300546448088,841.8700000000001,4157.780000000001
1471,Merkez,Kırklareli,2004,bugday,307.0,2229.89,473.17499999999995,17,308.81,112.71000000000001,38.83,91.35,0.38019139491532083,5,15.286129032258065,21.644516129032258,11.100609137055839,688.84,3124.8399999999997
1471,Merkez,Kırklareli,2005,bugday,288.0,3294.8,525.095,61,452.14,282.52,60.17999999999999,15.43,0.46476110372435736,7,16.82967741935484,23.211612903225806,10.63170138888889,641.15,3813.6400000000003
1471,Merkez,Kırklareli,2006,bugday,261.0,3061.62,498.835,59,494.01000000000005,320.89000000000004,18.18,41.260000000000005,0.5195409661394751,16,16.08290322580645,22.071935483870963,9.967569444444445,711.84,3835.2099999999996
1471,Merkez,Kırklareli,2007,bugday,351.0,3510.495,580.1899999999999,77,330.8299999999999,208.64999999999998,54.76,10.46,0.3002415283865449,19,18.373870967741937,25.3816129032258,10.876631944444446,686.8200000000002,3997.12
1471,Merkez,Kırklareli,2008,bugday,350.0,3330.35,514.7900000000001,66,449.32,325.34999999999997,25.55,35.559999999999995,0.42469815682970347,17,16.588709677419356,23.144516129032258,10.337993079584775,745.67,3951.0600000000004
1471,Merkez,Kırklareli,2009,bugday,245.0,3353.85,534.67,56,409.74,243.74,18.8,15.989999999999997,0.39787087177194036,16,17.111612903225804,23.504516129032265,10.479374999999997,736.5500000000002,3906.9199999999996
1471,Merkez,Kırklareli,2010,bugday,189.0,3318.8650000000002,525.6550000000001,52,828.3199999999999,559.44,26.86,74.16,0.9073005078797709,6,16.99516129032258,23.050967741935487,9.939409722222223,742.0799999999999,3713.16
1471,Merkez,Kırklareli,2011,bugday,219.0,3186.385,480.02,39,561.86,357.86,27.87,70.27,0.616749651661738,7,15.483548387096777,21.21838709677419,9.823472222222222,674.77,3724.83
1471,Merkez,Kırklareli,2012,bugday,378.0,3183.235,534.6700000000001,72,488.6,337.22,76.69999999999999,2.94,0.45259060960414776,16,17.18322580645161,23.06451612903226,10.59643598615917,640.3700000000001,4040.29
1471,Merkez,Kırklareli,2013,bugday,365.0,3561.035,574.565,52,598.86,444.2700000000001,9.219999999999999,63.34,0.580057382654783,11,18.419032258064515,24.769354838709678,10.086527777777778,759.2800000000001,3907.6099999999997
1471,Merkez,Kırklareli,2014,bugday,428.0,3513.2400000000002,522.775,59,461.56,154.18,82.29,106.43,0.47179394764052945,5,16.91258064516129,22.64451612903226,10.553506944444443,654.2499999999998,3772.58
1471,Merkez,Kırklareli,2015,bugday,325.0,3213.1150000000002,540.79,63,601.88,417.70000000000005,26.499999999999996,47.84,0.6442251483221643,3,17.240967741935485,23.465161290322584,9.715138888888887,736.1900000000002,3773.48
1471,Merkez,Kırklareli,2016,bugday,374.0,3679.14,506.795,53,499.2800000000001,327.46000000000004,54.930000000000014,24.369999999999997,0.46723880552379315,20,16.273225806451617,22.06225806451614,10.794013840830448,645.83,4025.5599999999995
1471,Merkez,Kırklareli,2017,bugday,458.0,3148.73,495.2750000000001,53,501.95000000000005,309.87,36.300000000000004,40.42,0.47373972760313576,13,15.884838709677416,22.041612903225804,10.853333333333333,696.88,4022.21
1471,Merkez,Kırklareli,2018,bugday,320.0,3533.31,552.38,64,733.69,443.01,43.23,101.41,0.7323884217172224,2,17.62483870967742,23.457419354838706,10.250416666666668,674.3399999999999,3904.03
1471,Merkez,Kırklareli,2019,bugday,342.0,3411.715,544.2700000000001,62,493.1,333.53,47.31,28.48,0.4871634342421104,17,17.419032258064515,23.805483870967738,10.546249999999999,660.11,3843.5499999999997
1471,Merkez,Kırklareli,2020,bugday,352.0,3619.28,517.6100000000001,55,438.88,219.32999999999998,72.16000000000001,69.29,0.40995158564361617,11,16.596129032258066,22.99838709677419,11.056089965397923,655.2299999999999,4067.9399999999996
1471,Merkez,Kırklareli,2021,bugday,396.0,3464.57,515.01,59,610.76,385.26,49.08,63.22,0.6360625833387289,8,16.59741935483871,22.35935483870968,10.110833333333334,680.8100000000001,3826.01
1471,Merkez,Kırklareli,2022,bugday,358.0,3299.54,520.125,54,504.43999999999994,351.04999999999995,19.88,39.94,0.4929857421462745,16,16.562258064516133,23.703870967741935,10.63170138888889,762.4200000000001,3943.88
1471,Merkez,Kırklareli,2023,bugday,373.0,3699.885,479.73999999999995,55,360.76,143.29000000000002,36.519999999999996,26.11,0.3616234197946414,10,15.21774193548387,21.01806451612903,10.627256944444444,575.88,3779.36
1471,Merkez,Kırklareli,2024,bugday,371.0,3976.645,487.195,53,492.25000000000006,337.78000000000003,39.5,7.590000000000001,0.42443318995576274,28,15.538387096774192,21.606129032258064,11.10878892733564,673.8800000000001,4062.8100000000004
1471,Merkez,Kırklareli,2025,bugday,339.0,3628.035,534.775,71,336.44,204.09,55.43000000000001,2.4499999999999997,0.28443172266678257,21,16.988387096774193,23.903870967741945,11.579965277777777,675.4599999999999,4186.51
1480,Kofçaz,Kırklareli,2004,aycicegi_yaglik,68.0,1937.845,443.31000000000006,0,258.25,,43.519999999999996,47.91,0.21198553872628145,16,22.187741935483867,29.570645161290322,13.255245901639345,811.5,3913.5899999999997
1480,Kofçaz,Kırklareli,2005,aycicegi_yaglik,52.0,2025.58,475.315,0,307.83,,101.94999999999999,46.43,0.25759942884394643,16,23.143870967741936,29.67258064516129,12.479125683060108,771.1199999999999,3869.6200000000003
1480,Kofçaz,Kırklareli,2006,aycicegi_yaglik,127.0,2041.815,448.495,0,256.12,,51.61,19.250000000000004,0.2021147303050208,28,22.38741935483871,29.26483870967742,12.815245901639345,793.3299999999999,3987.07
1480,Kofçaz,Kırklareli,2007,aycicegi_yaglik,127.0,2277.33,562.5099999999999,0,178.01999999999998,,0.67,37.72,0.1227821010364234,41,26.132580645161294,34.54290322580645,14.433060109289617,870.1200000000001,4190.389999999999
1480,Kofçaz,Kırklareli,2008,aycicegi_yaglik,149.0,2137.4449999999997,500.9500000000001,0,235.61,,30.18,9.129999999999999,0.1750943146440606,32,24.130322580645167,31.65806451612903,13.418743169398908,832.6800000000001,4015.2800000000007
1480,Kofçaz,Kırklareli,2009,aycicegi_yaglik,112.0,2094.265,512.96,0,216.89999999999998,,51.55,10.93,0.16253931232767188,21,24.56193548387096,31.449677419354842,13.59377049180328,784.03,4084.36
1480,Kofçaz,Kırklareli,2010,aycicegi_yaglik,146.0,2135.69,464.905,0,305.99999999999994,,101.57999999999998,4.4,0.254223954668894,30,23.00225806451613,28.666129032258063,12.231803278688526,722.4999999999998,3898.2200000000003
1480,Kofçaz,Kırklareli,2011,aycicegi_yaglik,165.0,2078.995,532.995,0,207.07,,31.62,20.08,0.15998670084724997,33,25.041935483870965,32.67999999999999,13.321748633879782,818.9300000000002,3958.1800000000007
1480,Kofçaz,Kırklareli,2012,aycicegi_yaglik,196.0,2412.38,595.455,0,183.61,,1.62,6.869999999999998,0.12589155286672546,44,27.112903225806452,35.2241935483871,14.03021857923497,841.9599999999998,4212.359999999999
1480,Kofçaz,Kırklareli,2013,aycicegi_yaglik,230.0,2215.655,489.1149999999999,0,161.66,,13.06,0.9899999999999999,0.11918292304281619,28,23.679354838709678,31.00451612903226,13.37273224043716,803.5100000000001,4128.34
1480,Kofçaz,Kırklareli,2014,aycicegi_yaglik,186.0,2038.3949999999998,475.605,0,495.56000000000006,,59.259999999999984,28.26,0.43084308702029656,27,23.190000000000005,30.103870967741933,11.919016393442622,780.4300000000002,3760.33
1480,Kofçaz,Kırklareli,2015,aycicegi_yaglik,181.0,2166.8150000000005,517.885,0,242.89999999999998,,10.18,30.47,0.18784443206581408,34,24.543225806451613,32.593870967741935,13.065901639344261,851.7500000000001,4017.7899999999995
1480,Kofçaz,Kırklareli,2016,aycicegi_yaglik,164.0,2238.56,524.87,0,219.44000000000003,,9.75,17.97,0.16619348254388316,31,24.790322580645157,32.490967741935485,13.233879781420766,831.27,4045.44
1480,Kofçaz,Kırklareli,2017,aycicegi_yaglik,159.0,2174.99,504.68,0,275.76,,60.25000000000001,12.430000000000001,0.20238112682630685,33,23.988064516129036,31.798064516129028,13.95896174863388,802.7799999999997,4059.7899999999995
1480,Kofçaz,Kırklareli,2018,aycicegi_yaglik,163.0,2241.25,490.39,0,272.22,,82.70000000000002,6.66,0.21639385804332276,15,23.65032258064516,29.617741935483874,12.674098360655735,740.6800000000001,4002.0599999999995
1480,Kofçaz,Kırklareli,2019,aycicegi_yaglik,164.0,2220.045,495.27500000000003,0,264.59000000000003,,57.69,30.840000000000003,0.20058190961363095,35,23.814516129032253,31.416774193548385,13.568415300546448,764.9699999999999,3977.57
1480,Kofçaz,Kırklareli,2020,aycicegi_yaglik,187.0,2199.2200000000003,516.35,0,222.24000000000004,,1.2600000000000002,9.409999999999998,0.1629114883429127,42,24.465483870967738,32.34322580645161,13.865245901639343,860.68,4106.630000000001
1480,Kofçaz,Kırklareli,2021,aycicegi_yaglik,167.0,2136.745000000001,550.5699999999999,0,221.14,,15.11,15.349999999999998,0.17541096148974422,39,25.555806451612902,33.32354838709677,13.00639344262295,819.3400000000001,3896.35
1480,Kofçaz,Kırklareli,2022,aycicegi_yaglik,128.0,2238.645,524.945,0,228.46999999999997,,22.259999999999998,36.11,0.1684730830212962,38,24.831612903225803,32.7983870967742,13.810109289617486,833.4399999999999,4065.29
1480,Kofçaz,Kırklareli,2023,aycicegi_yaglik,122.0,2288.75,577.5200000000001,0,236.32999999999998,,27.959999999999997,16.21,0.18273402160954502,47,26.589032258064513,34.62129032258064,13.219016393442626,833.3900000000002,3850.9900000000002
1480,Kofçaz,Kırklareli,2024,aycicegi_yaglik,128.0,2511.435,590.1999999999999,0,205.8,,29.330000000000002,10.95,0.14280833072976934,48,26.976774193548387,34.6283870967742,13.952404371584699,805.9199999999998,4080.6799999999994
1480,Kofçaz,Kırklareli,2025,aycicegi_yaglik,70.0,2358.06,619.8349999999999,0,165.48,,6.119999999999999,23.79,0.11373342068810778,43,27.885161290322582,36.28096774193549,14.374754098360656,841.8700000000001,4157.780000000001
1480,Kofçaz,Kırklareli,2004,bugday,242.0,2121.13,467.9150000000001,14,273.77,74.24000000000001,57.88000000000001,85.20999999999998,0.3354860867439495,3,15.129677419354838,21.730322580645158,11.389949238578678,688.84,3124.8399999999997
1480,Kofçaz,Kırklareli,2005,bugday,234.0,3023.23,512.575,51,507.8499999999999,286.28,52.34999999999999,25.839999999999996,0.5381657442678244,7,16.459677419354836,22.575161290322587,10.563402777777778,641.15,3813.6400000000003
1480,Kofçaz,Kırklareli,2006,bugday,198.0,2850.45,485.04,53,502.33,291.27,22.919999999999998,55.32999999999999,0.5383866056077633,12,15.640322580645162,21.54258064516129,10.034687499999999,711.84,3835.2099999999996
1480,Kofçaz,Kırklareli,2007,bugday,282.0,3303.1549999999997,564.275,72,346.52000000000004,212.15,63.029999999999994,16.930000000000003,0.3156380661456539,19,17.918709677419354,24.880645161290325,11.229618055555555,686.8200000000002,3997.12
1480,Kofçaz,Kırklareli,2008,bugday,318.0,3077.605,501.655,57,430.46000000000004,289.93,33.48,47.03,0.41098322590303876,14,16.27774193548387,22.95,10.40955017301038,745.67,3951.0600000000004
1480,Kofçaz,Kırklareli,2009,bugday,210.0,3135.3399999999997,527.565,53,391.26,220.77,22.300000000000004,25.53,0.38023770565812504,13,16.922258064516125,23.62516129032258,10.764652777777776,736.5500000000002,3906.9199999999996
1480,Kofçaz,Kırklareli,2010,bugday,147.0,3055.7000000000003,508.7049999999999,51,847.8900000000001,544.72,34.99,80.55999999999999,0.95347428705002,6,16.47258064516129,22.449354838709674,9.830520833333333,742.0799999999999,3713.16
1480,Kofçaz,Kırklareli,2011,bugday,247.0,2994.92,477.505,33,464.05999999999995,291.2099999999999,29.189999999999998,41.87,0.5019391059887971,8,15.295483870967745,21.323225806451614,10.157361111111111,674.77,3724.83
1480,Kofçaz,Kırklareli,2012,bugday,350.0,2922.5750000000003,522.39,67,507.62,335.23,107.24,7.159999999999999,0.4764138335545709,17,16.865806451612908,22.428064516129027,10.564256055363321,640.3700000000001,4040.29
1480,Kofçaz,Kırklareli,2013,bugday,295.0,3266.3250000000003,563.6,53,600.3599999999999,415.55999999999995,16.169999999999998,75.78,0.5856650112624733,11,18.113548387096774,24.67806451612903,10.27142361111111,759.2800000000001,3907.6099999999997
1480,Kofçaz,Kırklareli,2014,bugday,311.0,3235.71,502.22999999999996,59,493.52,146.78000000000003,99.27000000000001,129.3,0.5235618409708098,0,16.22225806451613,21.630967741935486,10.465243055555554,654.2499999999998,3772.58
1480,Kofçaz,Kırklareli,2015,bugday,303.0,2942.395,529.8049999999998,66,644.3199999999999,423.38,28.680000000000003,65.28999999999999,0.7063279435819272,2,17.01290322580645,22.984838709677422,9.580625000000001,736.1900000000002,3773.48
1480,Kofçaz,Kırklareli,2016,bugday,227.0,3401.715,475.715,59,569.0,334.59000000000003,77.29,36.02000000000001,0.549284448088422,12,15.290322580645162,20.74225806451613,10.73515570934256,645.83,4025.5599999999995
1480,Kofçaz,Kırklareli,2017,bugday,305.0,2928.825,491.82,36,451.15999999999997,224.65999999999997,55.31,50.760000000000005,0.4267565281487113,14,15.714838709677418,22.12870967741935,11.275625,696.88,4022.21
1480,Kofçaz,Kırklareli,2018,bugday,305.0,3256.39,538.2700000000001,63,764.48,444.56999999999994,42.4,111.48000000000002,0.7710144876479064,3,17.204516129032257,23.396774193548385,10.281180555555556,674.3399999999999,3904.03
1480,Kofçaz,Kırklareli,2019,bugday,232.0,3199.67,536.86,58,477.16999999999996,278.03999999999996,62.08,46.160000000000004,0.4701444512979398,18,17.142258064516128,23.645806451612902,10.828993055555555,660.11,3843.5499999999997
1480,Kofçaz,Kırklareli,2020,bugday,313.0,3397.3950000000004,509.02,52,400.1,171.0,65.25,75.00000000000001,0.37434220876219604,10,16.353548387096776,22.954193548387092,11.362214532871974,655.2299999999999,4067.9399999999996
1480,Kofçaz,Kırklareli,2021,bugday,360.0,3197.29,503.14500000000004,70,638.49,412.27,37.059999999999995,66.44,0.6784380789973097,8,16.07709677419355,22.12935483870968,10.205625000000001,680.8100000000001,3826.01
1480,Kofçaz,Kırklareli,2022,bugday,247.0,3074.8050000000003,515.795,54,517.42,366.69,24.999999999999993,58.78000000000001,0.5068582402697823,12,16.595806451612905,23.74677419354839,10.6865625,762.4200000000001,3943.88
1480,Kofçaz,Kırklareli,2023,bugday,284.0,3464.1949999999997,471.25999999999993,60,375.62,154.22,44.18999999999999,35.03,0.3794417563637537,10,14.92225806451613,20.90225806451613,10.829340277777778,575.88,3779.36
1480,Kofçaz,Kırklareli,2024,bugday,260.0,3790.5150000000003,479.5,47,426.48,250.72000000000003,53.39000000000001,16.7,0.36082783456450573,28,15.285161290322582,21.61225806451613,11.577128027681661,673.8800000000001,4062.8100000000004
1480,Kofçaz,Kırklareli,2025,bugday,218.0,3335.63,507.13499999999993,79,357.65999999999997,195.81,70.62999999999998,5.799999999999999,0.30532543070429885,20,16.17677419354839,22.93967741935484,11.747256944444445,675.4599999999999,4186.51
1502,Lalapaşa,Edirne,2004,aycicegi_yaglik,145.0,1937.845,443.31000000000006,0,258.25,,43.519999999999996,47.91,0.21342116942309194,16,22.187741935483867,29.570645161290322,13.255245901639345,808.26,3886.7
1502,Lalapaşa,Edirne,2005,aycicegi_yaglik,149.0,2025.58,475.315,0,307.83,,101.94999999999999,46.43,0.2590256637222325,16,23.143870967741936,29.67258064516129,12.479125683060108,751.63,3862.13
1502,Lalapaşa,Edirne,2006,aycicegi_yaglik,127.0,2041.815,448.495,0,256.12,,51.61,19.250000000000004,0.20455325467159707,28,22.38741935483871,29.26483870967742,12.815245901639345,777.8899999999999,3936.26
1502,Lalapaşa,Edirne,2007,aycicegi_yaglik,127.0,2277.33,562.5099999999999,0,178.01999999999998,,0.67,37.72,0.12365198802890237,41,26.132580645161294,34.54290322580645,14.433060109289617,865.9099999999999,4166.530000000001
1502,Lalapaşa,Edirne,2008,aycicegi_yaglik,134.0,2137.4449999999997,500.9500000000001,0,235.61,,30.18,9.129999999999999,0.17737329478385314,32,24.130322580645167,31.65806451612903,13.418743169398908,818.7,3973.749999999999
1502,Lalapaşa,Edirne,2009,aycicegi_yaglik,165.0,2094.265,512.96,0,216.89999999999998,,51.55,10.93,0.16459584799644209,21,24.56193548387096,31.449677419354842,13.59377049180328,783.0200000000001,4036.07
1502,Lalapaşa,Edirne,2010,aycicegi_yaglik,250.0,2135.69,464.905,0,305.99999999999994,,101.57999999999998,4.4,0.2565409080055084,30,23.00225806451613,28.666129032258063,12.231803278688526,722.23,3866.68
1502,Lalapaşa,Edirne,2011,aycicegi_yaglik,206.0,2078.995,532.995,0,207.07,,31.62,20.08,0.16144875531672265,33,25.041935483870965,32.67999999999999,13.321748633879782,810.98,3934.499999999999
1502,Lalapaşa,Edirne,2012,aycicegi_yaglik,167.0,2412.38,595.455,0,183.61,,1.62,6.869999999999998,0.12641714717357952,44,27.112903225806452,35.2241935483871,14.03021857923497,842.5900000000001,4199.299999999999
1502,Lalapaşa,Edirne,2013,aycicegi_yaglik,191.0,2215.655,489.1149999999999,0,161.66,,13.06,0.9899999999999999,0.1192204563348721,28,23.679354838709678,31.00451612903226,13.37273224043716,805.3399999999999,4131.789999999999
1502,Lalapaşa,Edirne,2014,aycicegi_yaglik,232.0,2038.3949999999998,475.605,0,495.56000000000006,,59.259999999999984,28.26,0.4291462156935684,27,23.190000000000005,30.103870967741933,11.919016393442622,776.0,3787.5699999999997
1502,Lalapaşa,Edirne,2015,aycicegi_yaglik,205.0,2166.8150000000005,517.885,0,242.89999999999998,,10.18,30.47,0.18955862574899737,34,24.543225806451613,32.593870967741935,13.065901639344261,831.8000000000001,3982.249999999999
1502,Lalapaşa,Edirne,2016,aycicegi_yaglik,183.0,2238.56,524.87,0,219.44000000000003,,9.75,17.97,0.16737215899162056,31,24.790322580645157,32.490967741935485,13.233879781420766,823.09,4020.38
1502,Lalapaşa,Edirne,2017,aycicegi_yaglik,197.0,2174.99,504.68,0,275.76,,60.25000000000001,12.430000000000001,0.20461784092197188,33,23.988064516129036,31.798064516129028,13.95896174863388,775.2200000000001,4016.24
1502,Lalapaşa,Edirne,2018,aycicegi_yaglik,201.0,2241.25,490.39,0,272.22,,82.70000000000002,6.66,0.21619479742436953,15,23.65032258064516,29.617741935483874,12.674098360655735,733.86,4012.9500000000003
1502,Lalapaşa,Edirne,2019,aycicegi_yaglik,201.0,2220.045,495.27500000000003,0,264.59000000000003,,57.69,30.840000000000003,0.2005514149786972,35,23.814516129032253,31.416774193548385,13.568415300546448,756.7299999999999,3987.3599999999997
1502,Lalapaşa,Edirne,2020,aycicegi_yaglik,204.0,2199.2200000000003,516.35,0,222.24000000000004,,1.2600000000000002,9.409999999999998,0.16558222986311352,42,24.465483870967738,32.34322580645161,13.865245901639343,836.0299999999999,4054.0199999999995
1502,Lalapaşa,Edirne,2021,aycicegi_yaglik,202.0,2136.745000000001,550.5699999999999,0,221.14,,15.11,15.349999999999998,0.1740803037262573,39,25.555806451612902,33.32354838709677,13.00639344262295,823.1500000000002,3943.4099999999994
1502,Lalapaşa,Edirne,2022,aycicegi_yaglik,214.0,2238.645,524.945,0,228.46999999999997,,22.259999999999998,36.11,0.16876859942203987,38,24.831612903225803,32.7983870967742,13.810109289617486,831.5500000000002,4073.0699999999997
1502,Lalapaşa,Edirne,2023,aycicegi_yaglik,261.0,2288.75,577.5200000000001,0,236.32999999999998,,27.959999999999997,16.21,0.18521710384864223,47,26.589032258064513,34.62129032258064,13.219016393442626,808.1800000000001,3806.9699999999993
1502,Lalapaşa,Edirne,2024,aycicegi_yaglik,78.0,2511.435,590.1999999999999,0,205.8,,29.330000000000002,10.95,0.14483392418518878,48,26.976774193548387,34.6283870967742,13.952404371584699,779.2800000000002,4035.9400000000005
1502,Lalapaşa,Edirne,2025,aycicegi_yaglik,70.0,2358.06,619.8349999999999,0,165.48,,6.119999999999999,23.79,0.11419195539185108,43,27.885161290322582,36.28096774193549,14.374754098360656,831.0000000000001,4153.469999999999
1502,Lalapaşa,Edirne,2004,bugday,286.0,2121.13,467.9150000000001,14,273.77,74.24000000000001,57.88000000000001,85.20999999999998,0.3380940156043133,3,15.129677419354838,21.730322580645158,11.389949238578678,680.57,3122.12
1502,Lalapaşa,Edirne,2005,bugday,310.0,3023.23,512.575,51,507.8499999999999,286.28,52.34999999999999,25.839999999999996,0.5405158320045869,7,16.459677419354836,22.575161290322587,10.563402777777778,626.85,3818.2599999999998
1502,Lalapaşa,Edirne,2006,bugday,277.0,2850.45,485.04,53,502.33,291.27,22.919999999999998,55.32999999999999,0.5404773933226175,12,15.640322580645162,21.54258064516129,10.034687499999999,709.3900000000001,3845.06
1502,Lalapaşa,Edirne,2007,bugday,404.0,3303.1549999999997,564.275,72,346.52000000000004,212.15,63.029999999999994,16.930000000000003,0.31734467512718956,19,17.918709677419354,24.880645161290325,11.229618055555555,670.19,4005.44
1502,Lalapaşa,Edirne,2008,bugday,358.0,3077.605,501.655,57,430.46000000000004,289.93,33.48,47.03,0.41449352378318005,14,16.27774193548387,22.95,10.40955017301038,734.6199999999999,3944.12
1502,Lalapaşa,Edirne,2009,bugday,315.0,3135.3399999999997,527.565,53,391.26,220.77,22.300000000000004,25.53,0.37947371128903207,13,16.922258064516125,23.62516129032258,10.764652777777776,730.5,3946.1000000000004
1502,Lalapaşa,Edirne,2010,bugday,400.0,3055.7000000000003,508.7049999999999,51,847.8900000000001,544.72,34.99,80.55999999999999,0.9633410407831046,6,16.47258064516129,22.449354838709674,9.830520833333333,715.4800000000001,3696.1699999999996
1502,Lalapaşa,Edirne,2011,bugday,283.0,2994.92,477.505,33,464.05999999999995,291.2099999999999,29.189999999999998,41.87,0.5020235240259688,8,15.295483870967745,21.323225806451614,10.157361111111111,673.0800000000002,3748.6800000000003
1502,Lalapaşa,Edirne,2012,bugday,421.0,2922.5750000000003,522.39,67,507.62,335.23,107.24,7.159999999999999,0.47532579158498006,17,16.865806451612908,22.428064516129027,10.564256055363321,621.7599999999999,4080.9599999999996
1502,Lalapaşa,Edirne,2013,bugday,329.0,3266.3250000000003,563.6,53,600.3599999999999,415.55999999999995,16.169999999999998,75.78,0.581906318224875,11,18.113548387096774,24.67806451612903,10.27142361111111,771.1700000000001,3942.9700000000003
1502,Lalapaşa,Edirne,2014,bugday,372.0,3235.71,502.22999999999996,59,493.52,146.78000000000003,99.27000000000001,129.3,0.5203271355851035,0,16.22225806451613,21.630967741935486,10.465243055555554,662.9599999999999,3818.6000000000004
1502,Lalapaşa,Edirne,2015,bugday,306.0,2942.395,529.8049999999998,66,644.3199999999999,423.38,28.680000000000003,65.28999999999999,0.715278859669736,2,17.01290322580645,22.984838709677422,9.580625000000001,731.0300000000001,3744.59
1502,Lalapaşa,Edirne,2016,bugday,266.0,3401.715,475.715,59,569.0,334.59000000000003,77.29,36.02000000000001,0.550229839673184,12,15.290322580645162,20.74225806451613,10.73515570934256,639.75,4037.9
1502,Lalapaşa,Edirne,2017,bugday,233.0,2928.825,491.82,36,451.15999999999997,224.65999999999997,55.31,50.760000000000005,0.4290010944257463,14,15.714838709677418,22.12870967741935,11.275625,684.0300000000001,4037.23
1502,Lalapaşa,Edirne,2018,bugday,232.0,3256.39,538.2700000000001,63,764.48,444.56999999999994,42.4,111.48000000000002,0.7663850561884558,3,17.204516129032257,23.396774193548385,10.281180555555556,701.0600000000002,3943.71
1502,Lalapaşa,Edirne,2019,bugday,345.0,3199.67,536.86,58,477.16999999999996,278.03999999999996,62.08,46.160000000000004,0.46355047418194356,18,17.142258064516128,23.645806451612902,10.828993055555555,673.7900000000001,3915.1299999999997
1502,Lalapaşa,Edirne,2020,bugday,279.0,3397.3950000000004,509.02,52,400.1,171.0,65.25,75.00000000000001,0.3776579571649923,10,16.353548387096776,22.954193548387092,11.362214532871974,647.6200000000001,4062.5200000000004
1502,Lalapaşa,Edirne,2021,bugday,444.0,3197.29,503.14500000000004,70,638.49,412.27,37.059999999999995,66.44,0.6680175746382246,8,16.07709677419355,22.12935483870968,10.205625000000001,695.1699999999998,3892.0600000000004
1502,Lalapaşa,Edirne,2022,bugday,363.0,3074.8050000000003,515.795,54,517.42,366.69,24.999999999999993,58.78000000000001,0.5048629190021023,12,16.595806451612905,23.74677419354839,10.6865625,745.6100000000001,3999.7200000000003
1502,Lalapaşa,Edirne,2023,bugday,459.0,3464.1949999999997,471.25999999999993,60,375.62,154.22,44.18999999999999,35.03,0.376725928760332,10,14.92225806451613,20.90225806451613,10.829340277777778,566.0899999999999,3829.0600000000004
1502,Lalapaşa,Edirne,2024,bugday,373.0,3790.5150000000003,479.5,47,426.48,250.72000000000003,53.39000000000001,16.7,0.3608323441468224,28,15.285161290322582,21.61225806451613,11.577128027681661,655.75,4102.01
1502,Lalapaşa,Edirne,2025,bugday,227.0,3335.63,507.13499999999993,79,357.65999999999997,195.81,70.62999999999998,5.799999999999999,0.3042849767320933,20,16.17677419354839,22.93967741935484,11.747256944444445,688.72,4230.620000000001
1505,Lüleburgaz,Kırklareli,2004,aycicegi_yaglik,188.0,2048.065,470.995,0,233.41000000000003,,25.4,53.97,0.19272369082375337,15,22.976129032258065,30.265806451612903,12.77863387978142,811.5,3913.5899999999997
1505,Lüleburgaz,Kırklareli,2005,aycicegi_yaglik,186.0,2208.005,520.3449999999999,0,210.08999999999997,,56.62,23.29,0.17171461876813585,26,24.35870967741936,31.322903225806453,12.554918032786887,771.1199999999999,3869.6200000000003
1505,Lüleburgaz,Kırklareli,2006,aycicegi_yaglik,212.0,2173.075,475.2500000000001,0,214.20999999999998,,25.600000000000005,10.56,0.1683284648703213,33,23.141290322580645,29.875483870967738,12.545191256830599,793.3299999999999,3987.07
1505,Lüleburgaz,Kırklareli,2007,aycicegi_yaglik,212.0,2411.535,566.74,0,131.0,,0.19,18.550000000000004,0.09035623346316674,41,26.169999999999995,34.20483870967742,14.065355191256831,870.1200000000001,4190.389999999999
1505,Lüleburgaz,Kırklareli,2008,aycicegi_yaglik,186.0,2262.115,517.715,0,181.39,,19.77,5.779999999999999,0.13594481333661676,33,24.61483870967742,32.07064516129032,12.964699453551912,832.6800000000001,4015.2800000000007
1505,Lüleburgaz,Kırklareli,2009,aycicegi_yaglik,187.0,2184.5199999999995,535.48,0,218.14999999999998,,47.919999999999995,7.08,0.16635336592335334,21,25.13258064516129,32.11709677419355,12.866065573770486,784.03,4084.36
1505,Lüleburgaz,Kırklareli,2010,aycicegi_yaglik,209.0,2283.205,503.3,0,260.9,,72.25000000000001,1.3,0.21421060583583698,33,24.158709677419353,30.097741935483874,12.127978142076506,722.4999999999998,3898.2200000000003
1505,Lüleburgaz,Kırklareli,2011,aycicegi_yaglik,190.0,2119.575,541.9749999999999,0,258.96,,18.560000000000002,14.07,0.20651808426892534,30,25.260322580645163,32.64387096774193,12.402841530054646,818.9300000000002,3958.1800000000007
1505,Lüleburgaz,Kırklareli,2012,aycicegi_yaglik,237.0,2504.27,603.7199999999999,0,154.67,,2.45,8.84,0.1073406950037222,44,27.270645161290318,34.87612903225807,13.500218579234973,841.9599999999998,4212.359999999999
1505,Lüleburgaz,Kırklareli,2013,aycicegi_yaglik,228.0,2323.31,512.68,0,122.54999999999998,,6.07,0.9299999999999999,0.09122403651799312,30,24.238709677419354,31.549677419354843,12.913005464480877,803.5100000000001,4128.34
1505,Lüleburgaz,Kırklareli,2014,aycicegi_yaglik,282.0,2202.995,512.0,0,444.75,,47.56,37.29,0.37610114724181515,32,24.278387096774196,31.318709677419353,12.145081967213113,780.4300000000002,3760.33
1505,Lüleburgaz,Kırklareli,2015,aycicegi_yaglik,274.0,2285.4400000000005,530.685,0,201.42000000000002,,2.12,14.309999999999999,0.1557628185196693,34,24.88193548387097,32.72,12.772240437158471,851.7500000000001,4017.7899999999995
1505,Lüleburgaz,Kırklareli,2016,aycicegi_yaglik,249.0,2389.48,545.0249999999999,0,151.21,,7.869999999999999,9.139999999999999,0.11386829169752989,36,25.32193548387097,32.814193548387095,12.967650273224043,831.27,4045.44
1505,Lüleburgaz,Kırklareli,2017,aycicegi_yaglik,245.0,2261.46,519.43,0,261.66,,58.78000000000001,14.99,0.19414312729629687,36,24.49,31.979677419354836,13.509562841530055,802.7799999999997,4059.7899999999995
1505,Lüleburgaz,Kırklareli,2018,aycicegi_yaglik,249.0,2356.22,521.035,0,285.37,,78.63999999999999,2.19,0.22982657883958935,24,24.631290322580647,30.737741935483868,11.982295081967214,740.6800000000001,4002.0599999999995
1505,Lüleburgaz,Kırklareli,2019,aycicegi_yaglik,319.0,2298.165,504.10999999999996,0,198.92000000000002,,44.629999999999995,21.82,0.15318393350102497,30,24.10483870967742,31.39032258064516,12.927650273224042,764.9699999999999,3977.57
1505,Lüleburgaz,Kırklareli,2020,aycicegi_yaglik,277.0,2278.515,522.97,0,215.93,,4.739999999999999,12.219999999999999,0.16145303536133118,38,24.649999999999995,32.0116129032258,13.101857923497267,860.68,4106.630000000001
1505,Lüleburgaz,Kırklareli,2021,aycicegi_yaglik,230.0,2237.3950000000004,563.8950000000001,0,206.01,,11.829999999999998,13.59,0.1642966434791755,41,25.921290322580646,33.38903225806452,12.52360655737705,819.3400000000001,3896.35
1505,Lüleburgaz,Kırklareli,2022,aycicegi_yaglik,195.0,2320.665,526.665,0,210.32999999999998,,23.31,41.260000000000005,0.1578621166562173,37,24.700645161290318,32.17935483870968,13.253989071038253,833.4399999999999,4065.29
1505,Lüleburgaz,Kırklareli,2023,aycicegi_yaglik,188.0,2391.5499999999993,591.8900000000001,0,199.97,,16.310000000000002,6.819999999999999,0.15603613374614833,49,27.013870967741934,34.958709677419364,12.695081967213113,833.3900000000002,3850.9900000000002
1505,Lüleburgaz,Kırklareli,2024,aycicegi_yaglik,181.0,2586.33,609.485,0,155.78,,12.930000000000001,7.8,0.11085494716206765,53,27.39903225806451,34.8316129032258,13.20989071038251,805.9199999999998,4080.6799999999994
1505,Lüleburgaz,Kırklareli,2025,aycicegi_yaglik,92.0,2475.435,625.5299999999999,0,136.54000000000002,,0.8300000000000001,19.45,0.09495709209987169,45,27.885806451612904,36.090645161290325,13.775300546448088,841.8700000000001,4157.780000000001
1505,Lüleburgaz,Kırklareli,2004,bugday,363.0,2229.89,473.17499999999995,17,308.81,112.71000000000001,38.83,91.35,0.38019139491532083,5,15.286129032258065,21.644516129032258,11.100609137055839,688.84,3124.8399999999997
1505,Lüleburgaz,Kırklareli,2005,bugday,366.0,3294.8,525.095,61,452.14,282.52,60.17999999999999,15.43,0.46476110372435736,7,16.82967741935484,23.211612903225806,10.63170138888889,641.15,3813.6400000000003
1505,Lüleburgaz,Kırklareli,2006,bugday,348.0,3061.62,498.835,59,494.01000000000005,320.89000000000004,18.18,41.260000000000005,0.5195409661394751,16,16.08290322580645,22.071935483870963,9.967569444444445,711.84,3835.2099999999996
1505,Lüleburgaz,Kırklareli,2007,bugday,404.0,3510.495,580.1899999999999,77,330.8299999999999,208.64999999999998,54.76,10.46,0.3002415283865449,19,18.373870967741937,25.3816129032258,10.876631944444446,686.8200000000002,3997.12
1505,Lüleburgaz,Kırklareli,2008,bugday,437.0,3330.35,514.7900000000001,66,449.32,325.34999999999997,25.55,35.559999999999995,0.42469815682970347,17,16.588709677419356,23.144516129032258,10.337993079584775,745.67,3951.0600000000004
1505,Lüleburgaz,Kırklareli,2009,bugday,350.0,3353.85,534.67,56,409.74,243.74,18.8,15.989999999999997,0.39787087177194036,16,17.111612903225804,23.504516129032265,10.479374999999997,736.5500000000002,3906.9199999999996
1505,Lüleburgaz,Kırklareli,2010,bugday,350.0,3318.8650000000002,525.6550000000001,52,828.3199999999999,559.44,26.86,74.16,0.9073005078797709,6,16.99516129032258,23.050967741935487,9.939409722222223,742.0799999999999,3713.16
1505,Lüleburgaz,Kırklareli,2011,bugday,389.0,3186.385,480.02,39,561.86,357.86,27.87,70.27,0.616749651661738,7,15.483548387096777,21.21838709677419,9.823472222222222,674.77,3724.83
1505,Lüleburgaz,Kırklareli,2012,bugday,432.0,3183.235,534.6700000000001,72,488.6,337.22,76.69999999999999,2.94,0.45259060960414776,16,17.18322580645161,23.06451612903226,10.59643598615917,640.3700000000001,4040.29
1505,Lüleburgaz,Kırklareli,2013,bugday,392.0,3561.035,574.565,52,598.86,444.2700000000001,9.219999999999999,63.34,0.580057382654783,11,18.419032258064515,24.769354838709678,10.086527777777778,759.2800000000001,3907.6099999999997
1505,Lüleburgaz,Kırklareli,2014,bugday,391.0,3513.2400000000002,522.775,59,461.56,154.18,82.29,106.43,0.47179394764052945,5,16.91258064516129,22.64451612903226,10.553506944444443,654.2499999999998,3772.58
1505,Lüleburgaz,Kırklareli,2015,bugday,298.0,3213.1150000000002,540.79,63,601.88,417.70000000000005,26.499999999999996,47.84,0.6442251483221643,3,17.240967741935485,23.465161290322584,9.715138888888887,736.1900000000002,3773.48
1505,Lüleburgaz,Kırklareli,2016,bugday,376.0,3679.14,506.795,53,499.2800000000001,327.46000000000004,54.930000000000014,24.369999999999997,0.46723880552379315,20,16.273225806451617,22.06225806451614,10.794013840830448,645.83,4025.5599999999995
1505,Lüleburgaz,Kırklareli,2017,bugday,423.0,3148.73,495.2750000000001,53,501.95000000000005,309.87,36.300000000000004,40.42,0.47373972760313576,13,15.884838709677416,22.041612903225804,10.853333333333333,696.88,4022.21
1505,Lüleburgaz,Kırklareli,2018,bugday,426.0,3533.31,552.38,64,733.69,443.01,43.23,101.41,0.7323884217172224,2,17.62483870967742,23.457419354838706,10.250416666666668,674.3399999999999,3904.03
1505,Lüleburgaz,Kırklareli,2019,bugday,382.0,3411.715,544.2700000000001,62,493.1,333.53,47.31,28.48,0.4871634342421104,17,17.419032258064515,23.805483870967738,10.546249999999999,660.11,3843.5499999999997
1505,Lüleburgaz,Kırklareli,2020,bugday,432.0,3619.28,517.6100000000001,55,438.88,219.32999999999998,72.16000000000001,69.29,0.40995158564361617,11,16.596129032258066,22.99838709677419,11.056089965397923,655.2299999999999,4067.9399999999996
1505,Lüleburgaz,Kırklareli,2021,bugday,483.0,3464.57,515.01,59,610.76,385.26,49.08,63.22,0.6360625833387289,8,16.59741935483871,22.35935483870968,10.110833333333334,680.8100000000001,3826.01
1505,Lüleburgaz,Kırklareli,2022,bugday,398.0,3299.54,520.125,54,504.43999999999994,351.04999999999995,19.88,39.94,0.4929857421462745,16,16.562258064516133,23.703870967741935,10.63170138888889,762.4200000000001,3943.88
1505,Lüleburgaz,Kırklareli,2023,bugday,358.0,3699.885,479.73999999999995,55,360.76,143.29000000000002,36.519999999999996,26.11,0.3616234197946414,10,15.21774193548387,21.01806451612903,10.627256944444444,575.88,3779.36
1505,Lüleburgaz,Kırklareli,2024,bugday,408.0,3976.645,487.195,53,492.25000000000006,337.78000000000003,39.5,7.590000000000001,0.42443318995576274,28,15.538387096774192,21.606129032258064,11.10878892733564,673.8800000000001,4062.8100000000004
1505,Lüleburgaz,Kırklareli,2025,bugday,263.0,3628.035,534.775,71,336.44,204.09,55.43000000000001,2.4499999999999997,0.28443172266678257,21,16.988387096774193,23.903870967741945,11.579965277777777,675.4599999999999,4186.51
1511,Malkara,Tekirdağ,2004,aycicegi_yaglik,188.0,2227.56,513.8599999999999,0,196.73000000000002,,18.19,37.17,0.14580977837631795,32,24.46677419354839,32.31096774193548,13.412295081967212,860.1599999999999,4129.969999999999
1511,Malkara,Tekirdağ,2005,aycicegi_yaglik,194.0,2369.67,560.8249999999999,0,190.32,,36.73,15.969999999999999,0.13819863758446374,47,25.839032258064517,33.29387096774193,13.19792349726776,815.73,4160.65
1511,Malkara,Tekirdağ,2006,aycicegi_yaglik,220.0,2310.61,511.99500000000006,0,213.27,,15.24,10.11,0.15287404572572377,42,24.408387096774188,31.85161290322581,13.163989071038253,827.7100000000002,4177.6500000000015
1511,Malkara,Tekirdağ,2007,aycicegi_yaglik,136.0,2581.185,604.205,0,132.51,,0.09,9.3,0.08320767156185857,52,27.476129032258065,36.107741935483865,14.964754098360654,890.9,4363.93
1511,Malkara,Tekirdağ,2008,aycicegi_yaglik,186.0,2441.6549999999997,560.365,0,141.99,,12.879999999999997,8.12,0.09688874683943234,46,25.97193548387097,33.87354838709677,13.687814207650273,865.5699999999999,4199.25
1511,Malkara,Tekirdağ,2009,aycicegi_yaglik,172.0,2345.7200000000003,566.8749999999999,0,198.57000000000002,,44.56999999999999,3.7699999999999996,0.13809258919978404,40,26.283870967741933,33.46258064516129,13.780437158469944,841.13,4218.769999999999
1511,Malkara,Tekirdağ,2010,aycicegi_yaglik,193.0,2451.7,539.5500000000001,0,228.16999999999996,,57.6,0.59,0.16670034599852807,48,25.267419354838715,32.00838709677419,13.053333333333335,777.7900000000001,4119.07
1511,Malkara,Tekirdağ,2011,aycicegi_yaglik,198.0,2271.1050000000005,573.0349999999999,0,277.36,,10.049999999999999,12.469999999999999,0.19822032161454814,47,26.367419354838706,34.02096774193548,13.376721311475407,856.0199999999999,4159.79
1511,Malkara,Tekirdağ,2012,aycicegi_yaglik,180.0,2678.6299999999997,649.3250000000002,0,155.01000000000002,,2.8600000000000003,9.97,0.09821486632862668,53,28.765161290322585,37.157419354838716,14.40775956284153,858.7899999999997,4357.72
1511,Malkara,Tekirdağ,2013,aycicegi_yaglik,240.0,2476.615,548.9050000000001,0,103.13999999999999,,3.6399999999999997,0.11,0.06951554922193312,49,25.655483870967743,33.36774193548387,13.589781420765028,846.08,4323.3
1511,Malkara,Tekirdağ,2014,aycicegi_yaglik,226.0,2344.845,539.2650000000001,0,393.64,,48.49,52.260000000000005,0.2993663815189649,44,25.25225806451613,32.53677419354839,12.797213114754095,823.9000000000001,3997.920000000001
1511,Malkara,Tekirdağ,2015,aycicegi_yaglik,185.0,2416.5499999999997,565.865,0,236.23,,5.529999999999999,10.14,0.1667612988754831,50,25.99451612903226,34.39677419354839,13.438142076502734,871.9099999999999,4196.01
1511,Malkara,Tekirdağ,2016,aycicegi_yaglik,177.0,2558.0449999999996,587.21,0,129.24999999999997,,6.03,1.4000000000000001,0.08752830811727812,52,26.753225806451617,34.71258064516129,13.694262295081968,863.8399999999999,4274.589999999999
1511,Malkara,Tekirdağ,2017,aycicegi_yaglik,225.0,2441.805,560.5649999999999,0,221.77,,43.46,10.46,0.14940036604493845,39,25.76838709677419,33.88483870967742,14.358688524590166,819.4899999999999,4238.02
1511,Malkara,Tekirdağ,2018,aycicegi_yaglik,241.0,2545.095,557.055,0,226.76999999999998,,69.7,0.32999999999999996,0.16381043664680342,46,25.848064516129032,32.31935483870968,13.023989071038253,798.4799999999999,4150.03
1511,Malkara,Tekirdağ,2019,aycicegi_yaglik,250.0,2469.15,538.27,0,200.81000000000003,,38.11000000000001,19.32,0.1379018725717103,46,25.375161290322584,33.07322580645161,13.799508196721309,824.9899999999999,4212.64
1511,Malkara,Tekirdağ,2020,aycicegi_yaglik,246.0,2460.79,568.9150000000001,0,200.92999999999998,,2.39,7.19,0.13529080102622185,54,26.134516129032257,34.33,14.056284153005466,878.3400000000001,4285.5
1511,Malkara,Tekirdağ,2021,aycicegi_yaglik,240.0,2390.5150000000003,592.72,0,225.49999999999997,,9.850000000000001,9.75,0.15981485000735662,56,26.89838709677419,34.90161290322581,13.141475409836065,852.5899999999999,4231.2699999999995
1511,Malkara,Tekirdağ,2022,aycicegi_yaglik,193.0,2479.795,567.7499999999999,0,212.62,,16.509999999999998,65.92999999999999,0.14553164415919903,48,26.16741935483871,34.218709677419355,13.788688524590164,846.59,4259.530000000001
1511,Malkara,Tekirdağ,2023,aycicegi_yaglik,149.0,2544.955,626.855,0,178.61,,15.979999999999999,4.839999999999999,0.12928554777694637,57,28.177419354838708,36.34838709677419,13.451639344262295,852.4700000000001,3944.6200000000003
1511,Malkara,Tekirdağ,2024,aycicegi_yaglik,180.0,2784.83,652.2099999999999,0,149.42,,9.589999999999998,6.890000000000001,0.09640337786901845,58,28.842903225806456,36.8158064516129,14.086120218579236,821.7900000000001,4235.79
1511,Malkara,Tekirdağ,2025,aycicegi_yaglik,151.0,2669.325,662.815,0,118.33,,2.11,10.45,0.07402422401631426,57,29.187419354838713,37.766774193548386,14.773661202185792,859.4200000000002,4366.41
1511,Malkara,Tekirdağ,2004,bugday,415.0,2366.875,494.665,17,322.69000000000005,136.46,31.25,77.4,0.3586475308829907,11,15.977741935483873,22.444516129032262,11.320558375634521,745.6200000000001,3336.17
1511,Malkara,Tekirdağ,2005,bugday,311.0,3480.87,547.61,56,510.85,332.27,85.08000000000001,16.05,0.4743998992435087,8,17.529677419354837,23.844516129032264,10.791458333333333,653.8299999999999,4120.1
1511,Malkara,Tekirdağ,2006,bugday,317.0,3225.215,513.11,49,554.6500000000001,372.11,22.75,37.28,0.5325199461359463,20,16.56451612903226,22.712258064516128,10.247222222222222,770.23,4042.8399999999997
1511,Malkara,Tekirdağ,2007,bugday,444.0,3701.375,604.2400000000001,73,319.37,176.28999999999996,61.38999999999999,13.069999999999999,0.26389133389327385,25,19.126774193548385,26.433225806451613,11.28892361111111,713.4300000000001,4251.639999999999
1511,Malkara,Tekirdağ,2008,bugday,445.0,3498.1800000000003,546.225,65,460.07000000000005,336.72,17.85,32.48,0.3975825678556561,23,17.53548387096774,24.341612903225816,10.560657439446368,779.8499999999998,4215.950000000001
1511,Malkara,Tekirdağ,2009,bugday,350.0,3549.195,571.495,52,415.29999999999995,253.26999999999998,20.16,14.019999999999998,0.3650276388184577,22,18.232580645161292,25.20806451612903,10.870625,768.54,4149.12
1511,Malkara,Tekirdağ,2010,bugday,350.0,3503.8950000000004,547.6299999999999,52,767.0999999999999,536.51,24.11,68.25,0.7439859919912405,14,17.59290322580645,23.77387096774193,10.183402777777777,764.93,4014.6899999999996
1511,Malkara,Tekirdağ,2011,bugday,389.0,3339.06,499.9799999999999,39,592.84,375.78000000000003,35.53999999999999,83.69999999999999,0.5868565907426695,10,16.073548387096775,22.104838709677423,10.085833333333333,683.6899999999999,3978.36
1511,Malkara,Tekirdağ,2012,bugday,500.0,3312.92,556.1999999999999,67,505.53,345.43999999999994,75.57999999999998,2.9099999999999997,0.4290775766877783,25,17.747741935483873,23.954838709677418,10.997266435986159,675.8299999999999,4272.540000000001
1511,Malkara,Tekirdağ,2013,bugday,388.0,3736.715,599.7450000000001,50,595.74,452.46,7.489999999999998,50.96,0.5233277671061084,18,19.147096774193546,25.67645161290322,10.438923611111111,780.6099999999999,4151.34
1511,Malkara,Tekirdağ,2014,bugday,440.0,3671.3599999999997,544.605,58,436.63,163.61,64.87,79.53,0.4041564712815521,9,17.46387096774194,23.395161290322587,10.795902777777778,697.1099999999999,4053.54
1511,Malkara,Tekirdağ,2015,bugday,379.0,3340.6549999999997,558.97,59,708.99,473.03999999999996,19.529999999999998,61.17000000000001,0.7009125147964514,5,17.977741935483873,24.130322580645167,9.921284722222222,764.0799999999999,3991.36
1511,Malkara,Tekirdağ,2016,bugday,434.0,3831.425,525.1350000000001,51,514.61,345.58,50.980000000000004,18.099999999999998,0.43583132390668333,21,16.822580645161292,22.722580645161287,10.938996539792386,683.8900000000001,4329.14
1511,Malkara,Tekirdağ,2017,bugday,450.0,3336.135,530.66,50,462.66,274.64,42.21000000000001,49.260000000000005,0.39368294123347436,18,16.972580645161294,23.678064516129037,11.40204861111111,710.1300000000002,4264.71
1511,Malkara,Tekirdağ,2018,bugday,320.0,3736.39,577.965,51,693.7800000000001,441.84000000000003,31.62,86.67,0.6198303467901833,11,18.409032258064514,24.602903225806454,10.678993055555557,686.61,4162.33
1511,Malkara,Tekirdağ,2019,bugday,464.0,3566.6900000000005,565.145,61,528.49,348.80999999999995,39.290000000000006,35.23,0.47294550454680057,23,18.003225806451614,24.453225806451613,10.869930555555555,709.0600000000001,4098.429999999999
1511,Malkara,Tekirdağ,2020,bugday,380.0,3771.0249999999996,539.81,46,447.02,224.55999999999997,65.90999999999998,49.059999999999995,0.38548311596630724,16,17.22967741935484,23.793870967741935,11.294532871972319,708.0,4263.72
1511,Malkara,Tekirdağ,2021,bugday,527.0,3615.84,537.045,52,844.54,586.98,87.1,66.47,0.7861021377187215,9,17.15806451612903,23.122258064516135,10.218368055555555,752.45,4190.5599999999995
1511,Malkara,Tekirdağ,2022,bugday,398.0,3492.255,552.96,48,536.6600000000001,397.42,22.900000000000002,41.01,0.47018285754424355,27,17.649032258064512,25.07967741935484,11.074027777777777,778.39,4231.91
1511,Malkara,Tekirdağ,2023,bugday,373.0,3853.62,501.69000000000005,51,402.79999999999995,191.01,39.33,35.690000000000005,0.371154563104291,13,15.982903225806453,21.903548387096773,10.939965277777778,588.3899999999999,3994.4399999999996
1511,Malkara,Tekirdağ,2024,bugday,438.0,4213.055,521.84,44,477.17999999999995,352.87,29.52,3.7899999999999996,0.37319771851669914,29,16.66032258064516,23.348387096774196,11.34871972318339,701.1700000000001,4311.64
1511,Malkara,Tekirdağ,2025,bugday,414.0,3790.67,564.0350000000001,67,343.06000000000006,217.56000000000003,53.709999999999994,5.43,0.2627566415293735,28,17.88193548387096,25.15064516129032,12.049652777777778,736.53,4453.21
1523,Meriç,Edirne,2004,aycicegi_yaglik,145.0,2340.93,537.4000000000001,0,171.38,,19.04,20.74,0.13769384080948424,34,25.347419354838703,32.43806451612903,12.342513661202185,808.26,3886.7
1523,Meriç,Edirne,2005,aycicegi_yaglik,127.0,2420.0750000000003,560.415,0,238.45,,42.7,18.950000000000003,0.19457000713480088,41,25.96290322580645,32.560645161290324,11.818688524590165,751.63,3862.13
1523,Meriç,Edirne,2006,aycicegi_yaglik,211.0,2391.095,530.5749999999999,0,278.77,,24.42,18.95,0.21882150404919667,40,25.090322580645164,31.933870967741935,11.94912568306011,777.8899999999999,3936.26
1523,Meriç,Edirne,2007,aycicegi_yaglik,170.0,2639.215,626.5200000000001,0,194.75,,0.11,14.479999999999999,0.13369269606979445,53,28.251612903225812,36.05483870967742,13.377103825136613,865.9099999999999,4166.530000000001
1523,Meriç,Edirne,2008,aycicegi_yaglik,186.0,2540.5649999999996,574.9000000000001,0,153.81,,18.620000000000005,10.08,0.11420347259271266,53,26.495806451612907,33.490645161290324,12.383005464480876,818.7,3973.749999999999
1523,Meriç,Edirne,2009,aycicegi_yaglik,255.0,2460.675,584.8000000000001,0,159.46,,29.150000000000002,3.45,0.11901852502928269,45,26.90838709677419,33.41129032258065,12.656010928961747,783.0200000000001,4036.07
1523,Meriç,Edirne,2010,aycicegi_yaglik,330.0,2550.23,556.86,0,261.65999999999997,,69.35999999999999,0.5499999999999999,0.210467133857917,46,25.916774193548385,31.968064516129036,11.794426229508197,722.23,3866.68
1523,Meriç,Edirne,2011,aycicegi_yaglik,198.0,2462.0950000000003,603.65,0,177.6,,12.21,15.77,0.13443929196322155,50,27.465483870967738,34.38870967741936,12.649289617486343,810.98,3934.499999999999
1523,Meriç,Edirne,2012,aycicegi_yaglik,189.0,2792.8849999999998,673.545,0,171.22,,1.01,9.19,0.11626745996226219,56,29.660322580645165,37.254516129032254,12.963825136612023,842.5900000000001,4199.299999999999
1523,Meriç,Edirne,2013,aycicegi_yaglik,239.0,2594.915,569.7249999999999,0,121.67,,4.46,0.03,0.08810747740984858,50,26.499677419354835,33.34225806451612,12.361584699453552,805.3399999999999,4131.789999999999
1523,Meriç,Edirne,2014,aycicegi_yaglik,253.0,2441.3199999999997,556.6250000000001,0,368.6,,40.830000000000005,53.339999999999996,0.30720609566061796,42,25.919354838709673,32.31645161290323,11.398688524590165,776.0,3787.5699999999997
1523,Meriç,Edirne,2015,aycicegi_yaglik,220.0,2515.485,585.05,0,238.82999999999998,,5.959999999999999,11.18,0.1830573399276803,50,26.74161290322581,34.29774193548387,12.193934426229509,831.8000000000001,3982.249999999999
1523,Meriç,Edirne,2016,aycicegi_yaglik,205.0,2673.325,606.515,0,129.04,,6.1000000000000005,1.46,0.09560059141756955,54,27.464516129032255,34.56677419354838,12.381693989071037,823.09,4020.38
1523,Meriç,Edirne,2017,aycicegi_yaglik,219.0,2570.71,580.4749999999999,0,220.14999999999998,,43.63,9.559999999999999,0.1602404355343485,44,26.49838709677419,33.80838709677419,13.0568306010929,775.2200000000001,4016.24
1523,Meriç,Edirne,2018,aycicegi_yaglik,209.0,2671.2799999999997,570.1750000000001,0,226.13000000000002,,69.61,0.38,0.17219238853372076,45,26.39967741935483,32.06677419354839,12.07289617486339,733.86,4012.9500000000003
1523,Meriç,Edirne,2019,aycicegi_yaglik,314.0,2599.42,561.9200000000001,0,208.86,,40.730000000000004,21.92,0.1549735490103613,45,26.165806451612898,33.171290322580646,12.637158469945357,756.7299999999999,3987.3599999999997
1523,Meriç,Edirne,2020,aycicegi_yaglik,286.0,2581.635,593.505,0,201.60999999999999,,1.6700000000000002,6.57,0.14712028304537292,57,27.027741935483867,34.5116129032258,12.859508196721311,836.0299999999999,4054.0199999999995
1523,Meriç,Edirne,2021,aycicegi_yaglik,313.0,2517.925,616.2550000000001,0,225.22,,9.25,9.93,0.1744703946278805,58,27.756129032258066,34.968709677419355,12.018087431693989,823.1500000000002,3943.4099999999994
1523,Meriç,Edirne,2022,aycicegi_yaglik,352.0,2616.8150000000005,598.47,0,215.72000000000003,,16.08,69.1,0.15706451311386205,49,27.241612903225807,34.55483870967742,12.657158469945356,831.5500000000002,4073.0699999999997
1523,Meriç,Edirne,2023,aycicegi_yaglik,239.0,2654.1600000000003,642.575,0,179.13,,17.44,5.099999999999999,0.13785490097065836,56,28.74935483870968,35.95645161290323,12.400218579234972,808.1800000000001,3806.9699999999993
1523,Meriç,Edirne,2024,aycicegi_yaglik,199.0,2925.3949999999995,671.4700000000001,0,153.26,,10.72,7.6,0.10595667445315071,59,29.594838709677422,36.667741935483875,12.926502732240436,779.2800000000002,4035.9400000000005
1523,Meriç,Edirne,2025,aycicegi_yaglik,197.0,2775.14,677.9499999999999,0,117.33000000000001,,3.2199999999999998,10.000000000000002,0.0790765121502606,55,29.758709677419354,37.354193548387094,13.489344262295083,831.0000000000001,4153.469999999999
1523,Meriç,Edirne,2004,bugday,363.0,2501.14,520.1149999999999,18,284.03,112.13,37.949999999999996,60.94,0.3426062614526028,14,16.848064516129032,22.864193548387096,10.423604060913707,680.57,3122.12
1523,Meriç,Edirne,2005,bugday,350.0,3604.9849999999997,565.3399999999999,58,650.42,425.18,112.85999999999999,29.69,0.6817786763410136,6,18.11516129032258,23.773870967741935,9.52951388888889,626.85,3818.2599999999998
1523,Meriç,Edirne,2006,bugday,237.0,3378.9000000000005,531.0149999999999,50,637.1400000000001,408.01000000000005,33.24,48.29,0.6667872070019342,17,17.171935483870968,22.72645161290322,9.272812499999999,709.3900000000001,3845.06
1523,Meriç,Edirne,2007,bugday,404.0,3827.72,611.305,72,378.44,188.44,88.63000000000001,20.67,0.34472987075952666,24,19.440645161290327,25.80064516129032,10.101180555555555,670.19,4005.44
1523,Meriç,Edirne,2008,bugday,421.0,3653.58,571.215,64,440.50000000000006,317.83000000000004,13.58,30.139999999999997,0.4195321077490433,18,18.379677419354838,24.597096774193545,9.43121107266436,734.6199999999999,3944.12
1523,Meriç,Edirne,2009,bugday,350.0,3708.3900000000003,596.58,45,408.75,250.14999999999998,30.63,18.500000000000004,0.38952389841601726,17,19.059032258064516,25.56129032258065,9.906354166666667,730.5,3946.1000000000004
1523,Meriç,Edirne,2010,bugday,445.0,3691.12,570.4,36,727.6999999999999,475.37,37.120000000000005,64.91,0.7869293970095294,14,18.421935483870964,23.947741935483872,9.316388888888888,715.4800000000001,3696.1699999999996
1523,Meriç,Edirne,2011,bugday,353.0,3563.38,542.4449999999999,41,478.80999999999995,325.76,34.59,44.470000000000006,0.5021271383006759,15,17.389032258064518,23.273870967741935,9.337013888888889,673.0800000000002,3748.6800000000003
1523,Meriç,Edirne,2012,bugday,409.0,3486.7200000000003,586.0250000000001,69,501.65999999999997,324.78999999999996,107.17999999999999,8.17,0.4585780357563874,23,18.673548387096773,24.157419354838712,9.961868512110728,621.7599999999999,4080.9599999999996
1523,Meriç,Edirne,2013,bugday,321.0,3918.4750000000004,627.57,47,570.94,412.57000000000005,6.550000000000001,61.339999999999996,0.5396126787088895,21,20.104193548387094,26.12322580645161,9.530416666666667,771.1700000000001,3942.9700000000003
1523,Meriç,Edirne,2014,bugday,396.0,3807.005,564.915,61,471.53,198.42000000000002,47.28,74.21,0.4823203802274162,9,18.18516129032258,23.457419354838706,9.591284722222222,662.9599999999999,3818.6000000000004
1523,Meriç,Edirne,2015,bugday,354.0,3512.1549999999997,584.5649999999999,55,751.23,506.1500000000001,19.72,61.82000000000001,0.8128877122294746,6,18.812258064516126,24.354516129032255,9.025520833333335,731.0300000000001,3744.59
1523,Meriç,Edirne,2016,bugday,343.0,4007.665,549.1300000000001,49,513.8,342.76,52.00999999999999,17.53,0.48222337793928416,18,17.53838709677419,22.95258064516129,9.77456747404844,639.75,4037.9
1523,Meriç,Edirne,2017,bugday,311.0,3523.2749999999996,559.8449999999999,58,448.77000000000004,262.08,43.07000000000001,48.379999999999995,0.4117334125277874,18,17.89064516129032,24.09129032258065,10.441388888888888,684.0300000000001,4037.23
1523,Meriç,Edirne,2018,bugday,324.0,3931.005,609.7049999999999,53,689.11,434.96000000000004,30.710000000000004,89.78999999999999,0.6589782268813241,16,19.50258064516129,25.34548387096774,9.663437499999999,701.0600000000002,3943.71
1523,Meriç,Edirne,2019,bugday,350.0,3761.485,588.9049999999999,61,531.57,348.48,38.67,37.610000000000014,0.5103075125632616,24,18.717741935483875,24.720000000000002,9.910381944444445,673.7900000000001,3915.1299999999997
1523,Meriç,Edirne,2020,bugday,361.0,3953.715,563.4350000000001,50,461.35,236.51,63.40999999999999,49.96,0.43033308182688707,15,17.976129032258065,23.973548387096773,10.223771626297578,647.6200000000001,4062.5200000000004
1523,Meriç,Edirne,2021,bugday,460.0,3814.98,561.755,44,858.53,602.4,86.47999999999999,66.69999999999999,0.8820977360148436,9,17.941290322580645,23.50064516129032,9.2275,695.1699999999998,3892.0600000000004
1523,Meriç,Edirne,2022,bugday,407.0,3695.17,588.595,52,550.11,409.68,22.849999999999998,43.480000000000004,0.5155088361885737,28,18.876451612903224,25.89612903225807,10.1096875,745.6100000000001,3999.7200000000003
1523,Meriç,Edirne,2023,bugday,510.0,4035.2699999999995,532.8149999999999,50,417.04999999999995,208.13,39.03999999999999,36.14,0.4086493395877434,13,17.042580645161287,22.671612903225807,9.9821875,566.0899999999999,3829.0600000000004
1523,Meriç,Edirne,2024,bugday,380.0,4426.675,556.0949999999998,43,466.15,341.96000000000004,30.51,4.119999999999999,0.3884256817085138,30,17.804516129032255,24.09709677419355,10.388546712802768,655.75,4102.01
1523,Meriç,Edirne,2025,bugday,385.0,3956.4200000000005,579.41,62,349.87,222.36,53.24000000000001,5.99,0.2892353029838827,28,18.469677419354838,24.88451612903225,10.87378472222222,688.72,4230.620000000001
1538,Muratlı,Tekirdağ,2004,aycicegi_yaglik,205.0,2189.0,496.47999999999996,0,211.27,,17.29,49.809999999999995,0.18995656840574002,11,23.86612903225807,29.843225806451613,10.317704918032787,811.5,3913.5899999999997
1538,Muratlı,Tekirdağ,2005,aycicegi_yaglik,186.0,2337.7650000000003,543.0699999999999,0,175.09000000000003,,33.56999999999999,15.559999999999999,0.15565486495774844,22,25.281290322580638,30.934516129032264,10.207158469945355,771.1199999999999,3869.6200000000003
1538,Muratlı,Tekirdağ,2006,aycicegi_yaglik,212.0,2296.4449999999997,493.51,0,180.57999999999998,,10.030000000000001,8.41,0.15483508688763464,26,23.83709677419355,29.380645161290317,10.198415300546449,793.3299999999999,3987.07
1538,Muratlı,Tekirdağ,2007,aycicegi_yaglik,136.0,2543.505,572.1249999999999,0,109.78,,0.08,11.18,0.08221164081541311,38,26.437419354838706,32.920645161290324,11.570655737704918,870.1200000000001,4190.389999999999
1538,Muratlı,Tekirdağ,2008,aycicegi_yaglik,201.0,2402.9699999999993,539.985,0,140.44,,13.530000000000001,4.51,0.1155346451905991,24,25.347096774193552,31.245806451612907,10.3848087431694,832.6800000000001,4015.2800000000007
1538,Muratlı,Tekirdağ,2009,aycicegi_yaglik,187.0,2318.62,557.5350000000001,0,207.54000000000002,,41.72,4.119999999999999,0.172476763170626,13,25.95483870967742,31.488064516129032,10.426775956284153,784.03,4084.36
1538,Muratlı,Tekirdağ,2010,aycicegi_yaglik,189.0,2429.07,534.205,0,230.06,,49.58999999999999,1.0,0.20536818979058272,32,25.14451612903226,30.22741935483871,9.847103825136612,722.4999999999998,3898.2200000000003
1538,Muratlı,Tekirdağ,2011,aycicegi_yaglik,198.0,2228.0,556.04,0,300.02000000000004,,10.309999999999999,12.370000000000001,0.2610248239420063,22,25.83,31.59290322580645,10.142732240437159,818.9300000000002,3958.1800000000007
1538,Muratlı,Tekirdağ,2012,aycicegi_yaglik,182.0,2615.075,609.665,0,154.98000000000002,,3.09,11.239999999999998,0.11778741815107713,42,27.554516129032255,33.71935483870968,10.90289617486339,841.9599999999998,4212.359999999999
1538,Muratlı,Tekirdağ,2013,aycicegi_yaglik,231.0,2450.59,530.3050000000001,0,98.93999999999998,,3.7600000000000002,1.03,0.08053400132244974,22,24.94741935483871,30.833548387096773,10.396174863387978,803.5100000000001,4128.34
1538,Muratlı,Tekirdağ,2014,aycicegi_yaglik,232.0,2375.3949999999995,534.005,0,409.55000000000007,,45.279999999999994,54.52000000000001,0.37436103909242985,27,25.165161290322576,30.688387096774196,9.901366120218578,780.4300000000002,3760.33
1538,Muratlı,Tekirdağ,2015,aycicegi_yaglik,243.0,2396.0699999999997,546.5400000000001,0,219.35999999999999,,1.5700000000000003,6.77,0.18562454212942253,29,25.406451612903226,31.744516129032263,10.330273224043717,851.7500000000001,4017.7899999999995
1538,Muratlı,Tekirdağ,2016,aycicegi_yaglik,235.0,2533.7299999999996,561.385,0,126.71999999999998,,4.6899999999999995,4.47,0.10429026480161628,27,25.937741935483874,31.875161290322577,10.402732240437157,831.27,4045.44
1538,Muratlı,Tekirdağ,2017,aycicegi_yaglik,263.0,2367.5649999999996,537.8,0,234.37,,44.309999999999995,17.209999999999997,0.19106693212693032,25,25.10129032258065,31.197741935483872,10.87431693989071,802.7799999999997,4059.7899999999995
1538,Muratlı,Tekirdağ,2018,aycicegi_yaglik,241.0,2524.5299999999997,557.21,0,272.72,,79.53,1.01,0.23649844176997356,15,25.91161290322581,30.81548387096775,9.810601092896176,740.6800000000001,4002.0599999999995
1538,Muratlı,Tekirdağ,2019,aycicegi_yaglik,251.0,2419.7349999999997,520.565,0,172.78,,31.849999999999998,19.75,0.14638918836270112,22,24.761612903225803,30.468064516129036,10.292950819672132,764.9699999999999,3977.57
1538,Muratlı,Tekirdağ,2020,aycicegi_yaglik,288.0,2400.71,535.4399999999999,0,219.83,,7.03,10.909999999999998,0.17905306069366572,24,25.127096774193554,31.142258064516124,10.639562841530056,860.68,4106.630000000001
1538,Muratlı,Tekirdağ,2021,aycicegi_yaglik,250.0,2382.5199999999995,577.4,0,211.36,,13.469999999999997,12.929999999999998,0.18444933986843645,34,26.508064516129032,32.46129032258064,10.046939890710384,819.3400000000001,3896.35
1538,Muratlı,Tekirdağ,2022,aycicegi_yaglik,242.0,2436.91,533.1850000000001,0,193.09999999999997,,21.900000000000002,42.79,0.15860019232014544,22,25.059677419354845,30.976129032258065,10.63912568306011,833.4399999999999,4065.29
1538,Muratlı,Tekirdağ,2023,aycicegi_yaglik,85.0,2486.13,603.845,0,186.23999999999998,,11.19,3.1899999999999995,0.15963504142614027,44,27.444193548387098,33.73064516129032,10.268415300546447,833.3900000000002,3850.9900000000002
1538,Muratlı,Tekirdağ,2024,aycicegi_yaglik,170.0,2694.8700000000003,615.275,0,135.59,,7.81,5.0200000000000005,0.10574327036102284,47,27.701935483870965,33.66193548387097,10.677814207650274,805.9199999999998,4080.6799999999994
1538,Muratlı,Tekirdağ,2025,aycicegi_yaglik,111.0,2579.965,626.445,0,125.8,,0.5,11.979999999999999,0.09596138461906702,40,28.054516129032255,34.56741935483871,11.147650273224043,841.8700000000001,4157.780000000001
1538,Muratlı,Tekirdağ,2004,bugday,444.0,2389.975,496.21,19,346.40000000000003,152.72999999999996,29.31,79.83,0.46412268912433796,4,16.031612903225803,21.078387096774193,8.817258883248732,688.84,3124.8399999999997
1538,Muratlı,Tekirdağ,2005,bugday,467.0,3614.795,541.47,62,457.99,300.4699999999999,66.02,12.169999999999998,0.5107748855192539,3,17.39032258064516,22.56451612903226,8.423125,641.15,3813.6400000000003
1538,Muratlı,Tekirdağ,2006,bugday,396.0,3367.775,519.7549999999999,56,519.59,365.19,14.969999999999999,28.529999999999998,0.5887675282988115,10,16.732258064516127,21.74032258064516,7.997499999999999,711.84,3835.2099999999996
1538,Muratlı,Tekirdağ,2007,bugday,444.0,3815.01,602.3349999999999,72,292.87,174.95999999999998,47.46,10.53,0.2861409530613221,18,19.179354838709678,25.106129032258067,8.854513888888889,686.8200000000002,3997.12
1538,Muratlı,Tekirdağ,2008,bugday,517.0,3646.27,543.35,72,464.48,339.24999999999994,18.57,31.619999999999997,0.47961940145888615,15,17.490645161290324,22.776129032258062,8.241833910034604,745.67,3951.0600000000004
1538,Muratlı,Tekirdağ,2009,bugday,420.0,3676.31,561.5350000000001,51,432.14,269.43999999999994,16.21,13.069999999999999,0.4554805553767524,12,18.020967741935483,23.27516129032258,8.33184027777778,736.5500000000002,3906.9199999999996
1538,Muratlı,Tekirdağ,2010,bugday,332.0,3664.9,549.625,37,783.6599999999999,552.5199999999999,24.03,76.96000000000001,0.9297944082970713,6,17.718387096774194,22.47225806451613,7.8880902777777795,742.0799999999999,3713.16
1538,Muratlı,Tekirdağ,2011,bugday,389.0,3503.375,499.27000000000004,49,632.52,400.79999999999995,36.78,85.81,0.7547079647644088,3,16.04193548387097,20.835483870967742,7.811145833333334,674.77,3724.83
1538,Muratlı,Tekirdağ,2012,bugday,480.0,3455.62,559.0550000000001,73,512.44,352.4,64.56000000000002,2.42,0.5167463254448027,14,17.960645161290326,22.826451612903224,8.518339100346022,640.3700000000001,4040.29
1538,Muratlı,Tekirdağ,2013,bugday,388.0,3904.7200000000003,597.6299999999999,53,597.46,456.59999999999997,10.27,45.06,0.6289739975388886,8,19.110000000000003,24.22548387096774,8.058020833333334,759.2800000000001,3907.6099999999997
1538,Muratlı,Tekirdağ,2014,bugday,444.0,3822.0550000000003,552.25,58,415.09999999999997,147.11,72.56999999999998,77.41999999999999,0.45637395282478127,5,17.793548387096777,22.49516129032258,8.50375,654.2499999999998,3772.58
1538,Muratlı,Tekirdağ,2015,bugday,417.0,3526.395,560.605,58,646.97,435.45,41.11,49.44999999999999,0.7522614535043476,2,17.986451612903227,22.826451612903224,7.800277777777778,736.1900000000002,3773.48
1538,Muratlı,Tekirdağ,2016,bugday,468.0,3977.12,543.1650000000001,50,501.23999999999995,339.79999999999995,43.699999999999996,27.389999999999997,0.509376583103549,18,17.43225806451613,22.194516129032255,8.544048442906574,645.83,4025.5599999999995
1538,Muratlı,Tekirdağ,2017,bugday,496.0,3444.4750000000004,519.705,65,535.49,357.32000000000005,28.89,45.42999999999999,0.5494985196144898,10,16.690967741935488,21.734193548387097,8.684548611111111,696.88,4022.21
1538,Muratlı,Tekirdağ,2018,bugday,381.0,3889.63,576.5649999999999,54,693.3799999999999,450.12,38.519999999999996,83.98,0.7380063893221427,2,18.403225806451612,23.19,8.399687499999999,674.3399999999999,3904.03
1538,Muratlı,Tekirdağ,2019,bugday,494.0,3695.9049999999997,566.9650000000001,66,537.84,379.59000000000003,40.370000000000005,21.8,0.5843458230059949,14,18.18129032258064,23.116774193548384,8.343715277777777,660.11,3843.5499999999997
1538,Muratlı,Tekirdağ,2020,bugday,446.0,3929.29,540.555,50,461.77,224.69,84.86999999999999,60.78,0.4697044771942579,6,17.358387096774194,22.42354838709677,8.739307958477507,655.2299999999999,4067.9399999999996
1538,Muratlı,Tekirdağ,2021,bugday,589.0,3818.0,544.74,39,644.16,399.11999999999995,69.66,56.11,0.725921769251223,8,17.46903225806452,22.211290322580652,8.008993055555555,680.8100000000001,3826.01
1538,Muratlı,Tekirdağ,2022,bugday,477.0,3608.46,550.65,50,487.48,339.53999999999996,19.099999999999998,32.1,0.5113887740971701,10,17.546774193548384,23.60354838709678,8.661701388888888,762.4200000000001,3943.88
1538,Muratlı,Tekirdağ,2023,bugday,336.0,3967.4849999999997,497.89000000000004,47,361.31,143.14000000000001,35.46,27.91,0.39364818875570173,6,15.881612903225806,20.64645161290322,8.55875,575.88,3779.36
1538,Muratlı,Tekirdağ,2024,bugday,446.0,4276.360000000001,512.235,48,542.39,395.52,31.230000000000008,4.199999999999999,0.5123006590920146,24,16.412903225806453,21.41258064516129,8.750588235294117,673.8800000000001,4062.8100000000004
1538,Muratlı,Tekirdağ,2025,bugday,316.0,3922.4300000000003,561.15,55,354.88,236.89999999999998,52.18,1.7300000000000002,0.3268564790615109,18,17.879999999999995,23.52903225806451,9.27923611111111,675.4599999999999,4186.51
1572,Pehlivanköy,Kırklareli,2004,aycicegi_yaglik,128.0,2213.675,505.72,0,232.29999999999995,,29.24,43.07,0.18004528663116456,29,24.24612903225806,32.020645161290325,13.69174863387978,811.5,3913.5899999999997
1572,Pehlivanköy,Kırklareli,2005,aycicegi_yaglik,164.0,2326.2650000000003,544.35,0,236.76999999999995,,66.3,28.179999999999996,0.18457905675224914,42,25.300322580645165,32.47741935483871,13.19497267759563,771.1199999999999,3869.6200000000003
1572,Pehlivanköy,Kırklareli,2006,aycicegi_yaglik,195.0,2313.7799999999997,508.77,0,243.17000000000002,,32.04,11.84,0.1811332465388713,42,24.351290322580642,31.77483870967742,13.267540983606558,793.3299999999999,3987.07
1572,Pehlivanköy,Kırklareli,2007,aycicegi_yaglik,170.0,2564.635,611.9600000000002,0,154.98,,0.29000000000000004,18.169999999999998,0.10111067607185537,54,27.761612903225803,36.381290322580654,14.914863387978142,870.1200000000001,4190.389999999999
1572,Pehlivanköy,Kırklareli,2008,aycicegi_yaglik,186.0,2424.2200000000003,557.43,0,186.76,,18.590000000000003,8.27,0.13171303862708925,45,25.966129032258067,33.76903225806451,13.794863387978141,832.6800000000001,4015.2800000000007
1572,Pehlivanköy,Kırklareli,2009,aycicegi_yaglik,187.0,2351.51,563.9,0,219.61999999999995,,54.55,8.01,0.15668201958825387,38,26.169354838709673,33.32,13.928852459016394,784.03,4084.36
1572,Pehlivanköy,Kırklareli,2010,aycicegi_yaglik,175.0,2425.7700000000004,525.24,0,266.83000000000004,,83.03000000000002,1.39,0.20745531182175822,42,24.87322580645161,31.17483870967742,12.859453551912567,722.4999999999998,3898.2200000000003
1572,Pehlivanköy,Kırklareli,2011,aycicegi_yaglik,207.0,2317.3849999999998,581.83,0,246.61,,18.52,16.02,0.18065973691360393,48,26.659677419354836,34.475806451612904,13.777486338797813,818.9300000000002,3958.1800000000007
1572,Pehlivanköy,Kırklareli,2012,aycicegi_yaglik,276.0,2691.225,653.525,0,160.2,,2.3699999999999997,6.47,0.10393904643081626,55,29.02064516129032,37.28806451612903,14.535737704918033,841.9599999999998,4212.359999999999
1572,Pehlivanköy,Kırklareli,2013,aycicegi_yaglik,240.0,2486.4800000000005,549.8550000000001,0,131.23,,7.52,0.24999999999999997,0.09189604639485524,50,25.687096774193545,33.34225806451612,13.723715846994539,803.5100000000001,4128.34
1572,Pehlivanköy,Kırklareli,2014,aycicegi_yaglik,279.0,2316.225,529.69,0,441.9,,52.059999999999995,34.47,0.35850786169618043,41,24.992903225806447,32.2141935483871,12.6251912568306,780.4300000000002,3760.33
1572,Pehlivanköy,Kırklareli,2015,aycicegi_yaglik,282.0,2417.43,567.345,0,236.07999999999998,,5.5,21.47,0.1726871656484569,49,26.182258064516127,34.557096774193546,13.567486338797817,851.7500000000001,4017.7899999999995
1572,Pehlivanköy,Kırklareli,2016,aycicegi_yaglik,192.0,2532.93,584.58,0,177.58,,10.11,6.0600000000000005,0.12669487010219385,52,26.742258064516125,34.68677419354839,13.72174863387978,831.27,4045.44
1572,Pehlivanköy,Kırklareli,2017,aycicegi_yaglik,239.0,2428.81,553.2599999999999,0,273.96999999999997,,59.83,12.01,0.1916481994462084,39,25.581290322580646,33.62580645161291,14.356775956284153,802.7799999999997,4059.7899999999995
1572,Pehlivanköy,Kırklareli,2018,aycicegi_yaglik,307.0,2519.5899999999997,541.5949999999999,0,258.65,,79.18,1.89,0.19450844666115316,42,25.350000000000005,31.60258064516129,13.068852459016396,740.6800000000001,4002.0599999999995
1572,Pehlivanköy,Kırklareli,2019,aycicegi_yaglik,258.0,2482.7200000000003,544.5500000000001,0,230.70000000000005,,45.38,31.68,0.1655446088164147,44,25.515483870967746,33.28645161290322,14.009344262295082,764.9699999999999,3977.57
1572,Pehlivanköy,Kırklareli,2020,aycicegi_yaglik,325.0,2469.95,572.3299999999999,0,229.10999999999999,,1.84,7.41,0.15966457135756312,54,26.26612903225806,34.483548387096775,14.179945355191258,860.68,4106.630000000001
1572,Pehlivanköy,Kırklareli,2021,aycicegi_yaglik,306.0,2390.16,599.15,0,220.56,,14.399999999999999,13.81,0.166668432710007,55,27.134516129032253,35.18,13.302240437158469,819.3400000000001,3896.35
1572,Pehlivanköy,Kırklareli,2022,aycicegi_yaglik,296.0,2495.07,581.8800000000001,0,221.16,,20.27,46.8,0.15562847823231865,50,26.649677419354834,34.76258064516129,14.103169398907104,833.4399999999999,4065.29
1572,Pehlivanköy,Kırklareli,2023,aycicegi_yaglik,158.0,2558.1450000000004,630.4299999999998,0,218.67,,19.77,10.48,0.16027555197817375,57,28.345161290322583,36.51870967741936,13.636120218579235,833.3900000000002,3850.9900000000002
1572,Pehlivanköy,Kırklareli,2024,aycicegi_yaglik,177.0,2786.885,648.5999999999999,0,172.17,,20.090000000000003,10.34,0.1138738987891553,58,28.8141935483871,36.67161290322581,14.260928961748634,805.9199999999998,4080.6799999999994
1572,Pehlivanköy,Kırklareli,2025,aycicegi_yaglik,128.0,2658.195,668.6700000000001,0,144.03,,4.16,18.22,0.09366072677482871,53,29.44354838709678,37.96870967741936,14.841530054644808,841.8700000000001,4157.780000000001
1572,Pehlivanköy,Kırklareli,2004,bugday,303.0,2355.0750000000003,503.85499999999996,15,293.20000000000005,96.31000000000002,44.540000000000006,90.51,0.3403826299458685,8,16.31903225806452,23.144516129032258,11.795989847715736,688.84,3124.8399999999997
1572,Pehlivanköy,Kırklareli,2005,bugday,312.0,3400.7200000000003,548.385,58,504.59000000000003,308.97,72.94,18.12,0.5011884587422811,8,17.638709677419353,24.06935483870968,11.059131944444443,641.15,3813.6400000000003
1572,Pehlivanköy,Kırklareli,2006,bugday,317.0,3177.28,519.9350000000001,50,525.26,325.17999999999995,24.919999999999995,51.24,0.5276976087280704,19,16.74290322580645,22.970967741935485,10.563749999999999,711.84,3835.2099999999996
1572,Pehlivanköy,Kırklareli,2007,bugday,363.0,3641.1449999999995,601.2300000000001,74,349.51,206.56,70.25,11.91,0.30290416571105655,24,19.07225806451613,26.241290322580646,11.502708333333333,686.8200000000002,3997.12
1572,Pehlivanköy,Kırklareli,2008,bugday,374.0,3434.5150000000003,541.045,63,452.59000000000003,322.27000000000004,26.43,39.209999999999994,0.41014354656444946,20,17.49225806451613,24.314838709677424,10.73038062283737,745.67,3951.0600000000004
1572,Pehlivanköy,Kırklareli,2009,bugday,315.0,3496.0499999999997,570.7500000000001,50,409.39,235.28,23.58,18.5,0.37668569007196684,22,18.240645161290324,25.288387096774198,11.190104166666666,736.5500000000002,3906.9199999999996
1572,Pehlivanköy,Kırklareli,2010,bugday,280.0,3410.175,546.365,48,829.0000000000001,555.19,26.780000000000005,71.56,0.871577322882701,12,17.63967741935484,23.79677419354838,10.323506944444444,742.0799999999999,3713.16
1572,Pehlivanköy,Kırklareli,2011,bugday,318.0,3323.385,510.345,36,525.15,331.51,28.71,68.39999999999999,0.5381394206449684,12,16.49064516129032,22.68,10.498541666666666,674.77,3724.83
1572,Pehlivanköy,Kırklareli,2012,bugday,396.0,3282.9849999999997,562.53,70,501.64000000000004,343.05999999999995,88.09,3.69,0.44202246684739516,25,18.034193548387098,24.098387096774193,11.228166089965399,640.3700000000001,4040.29
1572,Pehlivanköy,Kırklareli,2013,bugday,327.0,3673.025,604.975,51,608.44,444.13,8.86,70.62,0.5608765840090376,18,19.369032258064514,26.12129032258065,10.660694444444443,759.2800000000001,3907.6099999999997
1572,Pehlivanköy,Kırklareli,2014,bugday,433.0,3599.5449999999996,541.72,61,483.57000000000005,163.81000000000003,80.24,109.8,0.48053671825471,8,17.49806451612903,23.233870967741936,10.904722222222224,654.2499999999998,3772.58
1572,Pehlivanköy,Kırklareli,2015,bugday,379.0,3292.585,564.465,59,669.39,446.65999999999997,22.220000000000002,63.5,0.6911799285676673,5,18.105806451612903,24.404193548387095,10.11263888888889,736.1900000000002,3773.48
1572,Pehlivanköy,Kırklareli,2016,bugday,389.0,3756.54,518.965,54,556.3299999999999,350.76,63.26,23.0,0.5046855588604869,20,16.607741935483872,22.417419354838703,11.116297577854672,645.83,4025.5599999999995
1572,Pehlivanköy,Kırklareli,2017,bugday,458.0,3272.91,530.49,46,483.78999999999996,257.82,47.9,57.769999999999996,0.43327810169677455,16,16.99,23.632258064516126,11.577569444444443,696.88,4022.21
1572,Pehlivanköy,Kırklareli,2018,bugday,343.0,3645.125,575.925,60,758.1700000000001,454.41,35.48000000000001,107.69000000000001,0.7224146068705211,12,18.41064516129032,24.698387096774194,10.704583333333334,674.3399999999999,3904.03
1572,Pehlivanköy,Kırklareli,2019,bugday,456.0,3559.9700000000003,574.69,61,496.35,317.1700000000001,51.559999999999995,35.63999999999999,0.46317007533802573,26,18.274516129032257,25.027419354838706,11.310555555555554,660.11,3843.5499999999997
1572,Pehlivanköy,Kırklareli,2020,bugday,391.0,3752.7149999999997,543.2449999999999,51,439.13,192.16,71.26,68.47000000000001,0.39133526993992257,15,17.3441935483871,24.115161290322586,11.677889273356401,655.2299999999999,4067.9399999999996
1572,Pehlivanköy,Kırklareli,2021,bugday,440.0,3555.51,533.905,58,716.1500000000001,478.68,58.6,63.760000000000005,0.7228070521708525,9,17.102258064516132,23.206129032258065,10.520138888888889,680.8100000000001,3826.01
1572,Pehlivanköy,Kırklareli,2022,bugday,398.0,3445.385,551.33,50,520.54,379.26000000000005,25.990000000000006,44.26999999999998,0.47852092784451133,27,17.686774193548384,25.150645161290324,11.32576388888889,762.4200000000001,3943.88
1572,Pehlivanköy,Kırklareli,2023,bugday,388.0,3837.175,506.35,55,403.3,173.08000000000004,46.510000000000005,34.35,0.38595429117729285,14,16.13741935483871,22.204838709677418,11.180208333333333,575.88,3779.36
1572,Pehlivanköy,Kırklareli,2024,bugday,371.0,4160.43,523.115,50,445.49999999999994,290.63,42.85,8.760000000000002,0.3591494330327114,31,16.666774193548388,23.37258064516129,11.814636678200692,673.8800000000001,4062.8100000000004
1572,Pehlivanköy,Kırklareli,2025,bugday,376.0,3745.26,556.6,68,349.28999999999996,202.5,58.28000000000001,5.659999999999999,0.28004599146133613,27,17.771290322580644,24.93290322580646,12.280868055555556,675.4599999999999,4186.51
1577,Pınarhisar,Kırklareli,2004,aycicegi_yaglik,158.0,2048.065,470.995,0,233.41000000000003,,25.4,53.97,0.19272369082375337,15,22.976129032258065,30.265806451612903,12.77863387978142,811.5,3913.5899999999997
1577,Pınarhisar,Kırklareli,2005,aycicegi_yaglik,149.0,2208.005,520.3449999999999,0,210.08999999999997,,56.62,23.29,0.17171461876813585,26,24.35870967741936,31.322903225806453,12.554918032786887,771.1199999999999,3869.6200000000003
1577,Pınarhisar,Kırklareli,2006,aycicegi_yaglik,195.0,2173.075,475.2500000000001,0,214.20999999999998,,25.600000000000005,10.56,0.1683284648703213,33,23.141290322580645,29.875483870967738,12.545191256830599,793.3299999999999,3987.07
1577,Pınarhisar,Kırklareli,2007,aycicegi_yaglik,161.0,2411.535,566.74,0,131.0,,0.19,18.550000000000004,0.09035623346316674,41,26.169999999999995,34.20483870967742,14.065355191256831,870.1200000000001,4190.389999999999
1577,Pınarhisar,Kırklareli,2008,aycicegi_yaglik,142.0,2262.115,517.715,0,181.39,,19.77,5.779999999999999,0.13594481333661676,33,24.61483870967742,32.07064516129032,12.964699453551912,832.6800000000001,4015.2800000000007
1577,Pınarhisar,Kırklareli,2009,aycicegi_yaglik,187.0,2184.5199999999995,535.48,0,218.14999999999998,,47.919999999999995,7.08,0.16635336592335334,21,25.13258064516129,32.11709677419355,12.866065573770486,784.03,4084.36
1577,Pınarhisar,Kırklareli,2010,aycicegi_yaglik,140.0,2283.205,503.3,0,260.9,,72.25000000000001,1.3,0.21421060583583698,33,24.158709677419353,30.097741935483874,12.127978142076506,722.4999999999998,3898.2200000000003
1577,Pınarhisar,Kırklareli,2011,aycicegi_yaglik,206.0,2119.575,541.9749999999999,0,258.96,,18.560000000000002,14.07,0.20651808426892534,30,25.260322580645163,32.64387096774193,12.402841530054646,818.9300000000002,3958.1800000000007
1577,Pınarhisar,Kırklareli,2012,aycicegi_yaglik,207.0,2504.27,603.7199999999999,0,154.67,,2.45,8.84,0.1073406950037222,44,27.270645161290318,34.87612903225807,13.500218579234973,841.9599999999998,4212.359999999999
1577,Pınarhisar,Kırklareli,2013,aycicegi_yaglik,250.0,2323.31,512.68,0,122.54999999999998,,6.07,0.9299999999999999,0.09122403651799312,30,24.238709677419354,31.549677419354843,12.913005464480877,803.5100000000001,4128.34
1577,Pınarhisar,Kırklareli,2014,aycicegi_yaglik,277.0,2202.995,512.0,0,444.75,,47.56,37.29,0.37610114724181515,32,24.278387096774196,31.318709677419353,12.145081967213113,780.4300000000002,3760.33
1577,Pınarhisar,Kırklareli,2015,aycicegi_yaglik,244.0,2285.4400000000005,530.685,0,201.42000000000002,,2.12,14.309999999999999,0.1557628185196693,34,24.88193548387097,32.72,12.772240437158471,851.7500000000001,4017.7899999999995
1577,Pınarhisar,Kırklareli,2016,aycicegi_yaglik,249.0,2389.48,545.0249999999999,0,151.21,,7.869999999999999,9.139999999999999,0.11386829169752989,36,25.32193548387097,32.814193548387095,12.967650273224043,831.27,4045.44
1577,Pınarhisar,Kırklareli,2017,aycicegi_yaglik,292.0,2261.46,519.43,0,261.66,,58.78000000000001,14.99,0.19414312729629687,36,24.49,31.979677419354836,13.509562841530055,802.7799999999997,4059.7899999999995
1577,Pınarhisar,Kırklareli,2018,aycicegi_yaglik,299.0,2356.22,521.035,0,285.37,,78.63999999999999,2.19,0.22982657883958935,24,24.631290322580647,30.737741935483868,11.982295081967214,740.6800000000001,4002.0599999999995
1577,Pınarhisar,Kırklareli,2019,aycicegi_yaglik,300.0,2298.165,504.10999999999996,0,198.92000000000002,,44.629999999999995,21.82,0.15318393350102497,30,24.10483870967742,31.39032258064516,12.927650273224042,764.9699999999999,3977.57
1577,Pınarhisar,Kırklareli,2020,aycicegi_yaglik,372.0,2278.515,522.97,0,215.93,,4.739999999999999,12.219999999999999,0.16145303536133118,38,24.649999999999995,32.0116129032258,13.101857923497267,860.68,4106.630000000001
1577,Pınarhisar,Kırklareli,2021,aycicegi_yaglik,201.0,2237.3950000000004,563.8950000000001,0,206.01,,11.829999999999998,13.59,0.1642966434791755,41,25.921290322580646,33.38903225806452,12.52360655737705,819.3400000000001,3896.35
1577,Pınarhisar,Kırklareli,2022,aycicegi_yaglik,194.0,2320.665,526.665,0,210.32999999999998,,23.31,41.260000000000005,0.1578621166562173,37,24.700645161290318,32.17935483870968,13.253989071038253,833.4399999999999,4065.29
1577,Pınarhisar,Kırklareli,2023,aycicegi_yaglik,188.0,2391.5499999999993,591.8900000000001,0,199.97,,16.310000000000002,6.819999999999999,0.15603613374614833,49,27.013870967741934,34.958709677419364,12.695081967213113,833.3900000000002,3850.9900000000002
1577,Pınarhisar,Kırklareli,2024,aycicegi_yaglik,182.0,2586.33,609.485,0,155.78,,12.930000000000001,7.8,0.11085494716206765,53,27.39903225806451,34.8316129032258,13.20989071038251,805.9199999999998,4080.6799999999994
1577,Pınarhisar,Kırklareli,2025,aycicegi_yaglik,103.0,2475.435,625.5299999999999,0,136.54000000000002,,0.8300000000000001,19.45,0.09495709209987169,45,27.885806451612904,36.090645161290325,13.775300546448088,841.8700000000001,4157.780000000001
1577,Pınarhisar,Kırklareli,2004,bugday,282.0,2229.89,473.17499999999995,17,308.81,112.71000000000001,38.83,91.35,0.38019139491532083,5,15.286129032258065,21.644516129032258,11.100609137055839,688.84,3124.8399999999997
1577,Pınarhisar,Kırklareli,2005,bugday,311.0,3294.8,525.095,61,452.14,282.52,60.17999999999999,15.43,0.46476110372435736,7,16.82967741935484,23.211612903225806,10.63170138888889,641.15,3813.6400000000003
1577,Pınarhisar,Kırklareli,2006,bugday,303.0,3061.62,498.835,59,494.01000000000005,320.89000000000004,18.18,41.260000000000005,0.5195409661394751,16,16.08290322580645,22.071935483870963,9.967569444444445,711.84,3835.2099999999996
1577,Pınarhisar,Kırklareli,2007,bugday,404.0,3510.495,580.1899999999999,77,330.8299999999999,208.64999999999998,54.76,10.46,0.3002415283865449,19,18.373870967741937,25.3816129032258,10.876631944444446,686.8200000000002,3997.12
1577,Pınarhisar,Kırklareli,2008,bugday,398.0,3330.35,514.7900000000001,66,449.32,325.34999999999997,25.55,35.559999999999995,0.42469815682970347,17,16.588709677419356,23.144516129032258,10.337993079584775,745.67,3951.0600000000004
1577,Pınarhisar,Kırklareli,2009,bugday,315.0,3353.85,534.67,56,409.74,243.74,18.8,15.989999999999997,0.39787087177194036,16,17.111612903225804,23.504516129032265,10.479374999999997,736.5500000000002,3906.9199999999996
1577,Pınarhisar,Kırklareli,2010,bugday,315.0,3318.8650000000002,525.6550000000001,52,828.3199999999999,559.44,26.86,74.16,0.9073005078797709,6,16.99516129032258,23.050967741935487,9.939409722222223,742.0799999999999,3713.16
1577,Pınarhisar,Kırklareli,2011,bugday,353.0,3186.385,480.02,39,561.86,357.86,27.87,70.27,0.616749651661738,7,15.483548387096777,21.21838709677419,9.823472222222222,674.77,3724.83
1577,Pınarhisar,Kırklareli,2012,bugday,378.0,3183.235,534.6700000000001,72,488.6,337.22,76.69999999999999,2.94,0.45259060960414776,16,17.18322580645161,23.06451612903226,10.59643598615917,640.3700000000001,4040.29
1577,Pınarhisar,Kırklareli,2013,bugday,388.0,3561.035,574.565,52,598.86,444.2700000000001,9.219999999999999,63.34,0.580057382654783,11,18.419032258064515,24.769354838709678,10.086527777777778,759.2800000000001,3907.6099999999997
1577,Pınarhisar,Kırklareli,2014,bugday,428.0,3513.2400000000002,522.775,59,461.56,154.18,82.29,106.43,0.47179394764052945,5,16.91258064516129,22.64451612903226,10.553506944444443,654.2499999999998,3772.58
1577,Pınarhisar,Kırklareli,2015,bugday,417.0,3213.1150000000002,540.79,63,601.88,417.70000000000005,26.499999999999996,47.84,0.6442251483221643,3,17.240967741935485,23.465161290322584,9.715138888888887,736.1900000000002,3773.48
1577,Pınarhisar,Kırklareli,2016,bugday,449.0,3679.14,506.795,53,499.2800000000001,327.46000000000004,54.930000000000014,24.369999999999997,0.46723880552379315,20,16.273225806451617,22.06225806451614,10.794013840830448,645.83,4025.5599999999995
1577,Pınarhisar,Kırklareli,2017,bugday,458.0,3148.73,495.2750000000001,53,501.95000000000005,309.87,36.300000000000004,40.42,0.47373972760313576,13,15.884838709677416,22.041612903225804,10.853333333333333,696.88,4022.21
1577,Pınarhisar,Kırklareli,2018,bugday,305.0,3533.31,552.38,64,733.69,443.01,43.23,101.41,0.7323884217172224,2,17.62483870967742,23.457419354838706,10.250416666666668,674.3399999999999,3904.03
1577,Pınarhisar,Kırklareli,2019,bugday,456.0,3411.715,544.2700000000001,62,493.1,333.53,47.31,28.48,0.4871634342421104,17,17.419032258064515,23.805483870967738,10.546249999999999,660.11,3843.5499999999997
1577,Pınarhisar,Kırklareli,2020,bugday,352.0,3619.28,517.6100000000001,55,438.88,219.32999999999998,72.16000000000001,69.29,0.40995158564361617,11,16.596129032258066,22.99838709677419,11.056089965397923,655.2299999999999,4067.9399999999996
1577,Pınarhisar,Kırklareli,2021,bugday,440.0,3464.57,515.01,59,610.76,385.26,49.08,63.22,0.6360625833387289,8,16.59741935483871,22.35935483870968,10.110833333333334,680.8100000000001,3826.01
1577,Pınarhisar,Kırklareli,2022,bugday,398.0,3299.54,520.125,54,504.43999999999994,351.04999999999995,19.88,39.94,0.4929857421462745,16,16.562258064516133,23.703870967741935,10.63170138888889,762.4200000000001,3943.88
1577,Pınarhisar,Kırklareli,2023,bugday,373.0,3699.885,479.73999999999995,55,360.76,143.29000000000002,36.519999999999996,26.11,0.3616234197946414,10,15.21774193548387,21.01806451612903,10.627256944444444,575.88,3779.36
1577,Pınarhisar,Kırklareli,2024,bugday,408.0,3976.645,487.195,53,492.25000000000006,337.78000000000003,39.5,7.590000000000001,0.42443318995576274,28,15.538387096774192,21.606129032258064,11.10878892733564,673.8800000000001,4062.8100000000004
1577,Pınarhisar,Kırklareli,2025,bugday,335.0,3628.035,534.775,71,336.44,204.09,55.43000000000001,2.4499999999999997,0.28443172266678257,21,16.988387096774193,23.903870967741945,11.579965277777777,675.4599999999999,4186.51
1596,Saray,Tekirdağ,2004,aycicegi_yaglik,213.0,1986.545,455.14500000000004,0,202.3,,15.339999999999998,66.38,0.20799349630047048,3,22.4741935483871,27.10516129032258,8.44655737704918,811.5,3913.5899999999997
1596,Saray,Tekirdağ,2005,aycicegi_yaglik,186.0,2131.785,497.0350000000001,0,191.20000000000002,,45.38,17.980000000000008,0.1963903539117727,3,23.692258064516135,28.199032258064523,8.232513661202187,771.1199999999999,3869.6200000000003
1596,Saray,Tekirdağ,2006,aycicegi_yaglik,212.0,2120.7749999999996,461.73999999999995,0,170.65,,14.03,12.530000000000001,0.16763880553009974,7,22.74483870967742,26.852258064516132,8.308743169398907,793.3299999999999,3987.07
1596,Saray,Tekirdağ,2007,aycicegi_yaglik,110.0,2318.665,530.5899999999999,0,106.41999999999999,,0.21,19.39,0.09171928483863528,13,25.018064516129037,30.09741935483871,9.428907103825138,870.1200000000001,4190.389999999999
1596,Saray,Tekirdağ,2008,aycicegi_yaglik,186.0,2221.7799999999997,498.40999999999997,0,175.62,,18.18,2.53,0.1639984578206615,8,23.99032258064516,28.857741935483876,8.665245901639343,832.6800000000001,4015.2800000000007
1596,Saray,Tekirdağ,2009,aycicegi_yaglik,191.0,2137.67,521.775,0,194.51999999999998,,25.990000000000006,6.51,0.18670029494012452,6,24.65322580645161,29.27387096774193,8.329562841530054,784.03,4084.36
1596,Saray,Tekirdağ,2010,aycicegi_yaglik,193.0,2282.665,505.61499999999995,0,250.04000000000002,,55.77,1.87,0.25057132144367456,16,24.17967741935485,28.19451612903226,8.265081967213115,722.4999999999998,3898.2200000000003
1596,Saray,Tekirdağ,2011,aycicegi_yaglik,227.0,2055.04,521.015,0,239.3,,18.06,10.81,0.24183999528803335,3,24.52548387096774,29.462258064516128,7.9576502732240435,818.9300000000002,3958.1800000000007
1596,Saray,Tekirdağ,2012,aycicegi_yaglik,206.0,2424.2799999999997,572.405,0,152.6,,1.5700000000000003,13.879999999999999,0.13288164081419038,20,26.28354838709678,30.982258064516127,8.95464480874317,841.9599999999998,4212.359999999999
1596,Saray,Tekirdağ,2013,aycicegi_yaglik,214.0,2283.5549999999994,491.33,0,104.48,,6.609999999999999,3.0500000000000003,0.09640085550962436,2,23.59161290322581,28.22193548387097,8.669890710382514,803.5100000000001,4128.34
1596,Saray,Tekirdağ,2014,aycicegi_yaglik,190.0,2221.5950000000003,506.31500000000005,0,424.98,,32.8,51.96,0.4344327510950235,4,24.135483870967743,28.81999999999999,8.415355191256833,780.4300000000002,3760.33
1596,Saray,Tekirdağ,2015,aycicegi_yaglik,230.0,2222.75,503.00000000000006,0,240.5,,2.07,12.850000000000001,0.23309807764780743,10,24.01290322580645,28.924838709677413,8.407978142076502,851.7500000000001,4017.7899999999995
1596,Saray,Tekirdağ,2016,aycicegi_yaglik,183.0,2339.4849999999997,516.96,0,167.07,,10.589999999999998,15.930000000000003,0.15739969173237528,4,24.48,29.088709677419356,8.590437158469944,831.27,4045.44
1596,Saray,Tekirdağ,2017,aycicegi_yaglik,226.0,2154.745,493.51499999999993,0,305.87000000000006,,69.3,26.84,0.287551329281771,7,23.69322580645161,28.41838709677419,8.890382513661203,802.7799999999997,4059.7899999999995
1596,Saray,Tekirdağ,2018,aycicegi_yaglik,202.0,2344.5099999999998,520.8,0,321.81000000000006,,83.59,3.8600000000000003,0.32210286460115967,1,24.61483870967742,28.843225806451613,7.870710382513661,740.6800000000001,4002.0599999999995
1596,Saray,Tekirdağ,2019,aycicegi_yaglik,260.0,2236.675,486.38500000000005,0,234.29999999999998,,58.97,33.04,0.22917080944465018,3,23.52645161290323,28.098064516129035,8.29224043715847,764.9699999999999,3977.57
1596,Saray,Tekirdağ,2020,aycicegi_yaglik,246.0,2211.5299999999997,497.5299999999999,0,202.31,,4.930000000000001,9.719999999999999,0.19070255055906293,2,23.88677419354839,28.284838709677423,8.529617486338799,860.68,4106.630000000001
1596,Saray,Tekirdağ,2021,aycicegi_yaglik,229.0,2187.8100000000004,536.8900000000001,0,222.63000000000002,,17.92,13.039999999999997,0.22031208821073137,16,25.12967741935484,29.785806451612903,8.39415300546448,819.3400000000001,3896.35
1596,Saray,Tekirdağ,2022,aycicegi_yaglik,202.0,2219.985,493.71500000000003,0,250.23999999999998,,46.67,45.26,0.2380051049554448,3,23.731612903225805,28.196451612903232,8.666721311475408,833.4399999999999,4065.29
1596,Saray,Tekirdağ,2023,aycicegi_yaglik,108.0,2286.835,554.205,0,206.84999999999997,,12.629999999999999,7.15,0.2051258558918411,17,25.791612903225808,31.065483870967746,8.205956284153006,833.3900000000002,3850.9900000000002
1596,Saray,Tekirdağ,2024,aycicegi_yaglik,160.0,2496.8999999999996,574.9400000000002,0,172.32,,17.54,7.75,0.15638234576212942,14,26.322580645161292,30.924193548387095,8.491147540983608,805.9199999999998,4080.6799999999994
1596,Saray,Tekirdağ,2025,aycicegi_yaglik,100.0,2337.4900000000002,575.4050000000001,0,129.1,,0.3,14.059999999999999,0.11525422035038124,16,26.330645161290327,31.580967741935485,8.817486338797815,841.8700000000001,4157.780000000001
1596,Saray,Tekirdağ,2004,bugday,387.0,2221.5299999999997,464.235,19,351.89000000000004,170.43,29.42,64.30999999999999,0.5301759051865749,2,14.929677419354837,19.310322580645167,7.614873096446701,688.84,3124.8399999999997
1596,Saray,Tekirdağ,2005,bugday,389.0,3386.575,498.55,62,504.78999999999996,348.4599999999999,33.989999999999995,14.49,0.6310807456471407,1,15.89741935483871,20.360967741935482,7.319895833333334,641.15,3813.6400000000003
1596,Saray,Tekirdağ,2006,bugday,356.0,3176.295,496.8400000000001,58,552.39,409.65,9.75,29.23,0.7050429400377791,2,15.893870967741936,20.185483870967747,6.8403125,711.84,3835.2099999999996
1596,Saray,Tekirdağ,2007,bugday,444.0,3603.585,558.23,74,333.82,229.14,36.2,9.610000000000001,0.3677924949284778,10,17.654516129032256,22.885161290322586,7.585590277777778,686.8200000000002,3997.12
1596,Saray,Tekirdağ,2008,bugday,477.0,3472.1,509.795,74,497.25,373.02,22.880000000000003,21.33,0.5640219827373413,5,16.300322580645158,21.075483870967744,7.272318339100345,745.67,3951.0600000000004
1596,Saray,Tekirdağ,2009,bugday,385.0,3495.7099999999996,518.1899999999999,59,484.11000000000007,332.95000000000005,10.97,10.589999999999998,0.5731984727577003,3,16.580645161290327,20.927419354838708,7.09,736.5500000000002,3906.9199999999996
1596,Saray,Tekirdağ,2010,bugday,315.0,3512.125,533.4050000000001,44,879.53,613.0,24.400000000000002,89.49000000000001,1.1260266658755527,1,17.108387096774194,21.75870967741936,7.157118055555555,742.0799999999999,3713.16
1596,Saray,Tekirdağ,2011,bugday,353.0,3329.8450000000003,470.51000000000005,50,647.08,450.2,23.820000000000004,48.720000000000006,0.8661684354374831,1,15.062903225806451,19.104193548387098,6.743020833333333,674.77,3724.83
1596,Saray,Tekirdağ,2012,bugday,480.0,3313.24,529.7449999999999,72,529.18,373.15,56.910000000000004,4.88,0.5931862847486604,6,16.99806451612903,21.32741935483871,7.327474048442906,640.3700000000001,4040.29
1596,Saray,Tekirdağ,2013,bugday,350.0,3719.6800000000003,571.76,55,623.24,486.9000000000001,8.030000000000001,46.91,0.7252722947095483,2,18.264193548387098,22.886774193548387,7.071215277777778,759.2800000000001,3907.6099999999997
1596,Saray,Tekirdağ,2014,bugday,389.0,3629.33,527.77,60,418.19,155.32000000000002,71.65,88.44,0.5025550177980608,2,17.013870967741937,21.378387096774198,7.56638888888889,654.2499999999998,3772.58
1596,Saray,Tekirdağ,2015,bugday,417.0,3381.085,532.865,62,661.63,449.87,39.14000000000001,43.24,0.8514921865343065,1,16.92838709677419,21.414193548387097,6.733402777777777,736.1900000000002,3773.48
1596,Saray,Tekirdağ,2016,bugday,412.0,3792.2650000000003,513.03,52,556.88,376.87,52.18,31.17,0.6265092256751655,9,16.44806451612903,20.770967741935483,7.49719723183391,645.83,4025.5599999999995
1596,Saray,Tekirdağ,2017,bugday,458.0,3235.2250000000004,483.15999999999997,68,602.17,407.96999999999997,34.87,43.46,0.7009180937719612,4,15.481612903225805,19.640645161290323,7.397812499999999,696.88,4022.21
1596,Saray,Tekirdağ,2018,bugday,343.0,3691.445,553.215,57,754.47,484.52,43.900000000000006,91.09,0.9024671919808711,0,17.60161290322581,21.6383870967742,7.191770833333332,674.3399999999999,3904.03
1596,Saray,Tekirdağ,2019,bugday,456.0,3533.1400000000003,537.73,70,602.3399999999999,420.29999999999995,45.89,31.91,0.7337935861607782,3,17.195483870967745,21.890645161290323,7.0010763888888885,660.11,3843.5499999999997
1596,Saray,Tekirdağ,2020,bugday,352.0,3752.6499999999996,503.47,52,512.21,291.21,75.82999999999998,57.650000000000006,0.5808005027170328,1,16.2,20.675806451612896,7.446262975778548,655.2299999999999,4067.9399999999996
1596,Saray,Tekirdağ,2021,bugday,536.0,3643.27,516.915,42,650.78,403.28,48.959999999999994,65.54,0.8020491838646017,2,16.624838709677416,20.809354838709673,7.114513888888889,680.8100000000001,3826.01
1596,Saray,Tekirdağ,2022,bugday,438.0,3393.71,501.94499999999994,55,584.62,381.40999999999997,17.490000000000002,47.02,0.7069192485657321,1,15.900645161290322,20.910000000000004,7.197361111111111,762.4200000000001,3943.88
1596,Saray,Tekirdağ,2023,bugday,321.0,3764.72,462.485,49,381.76,164.4,33.57,21.58,0.47136708351976453,1,14.684838709677422,18.500322580645157,7.158333333333335,575.88,3779.36
1596,Saray,Tekirdağ,2024,bugday,386.0,4064.2799999999997,482.81,55,565.8199999999999,405.67,35.77,8.19,0.6028601775496643,8,15.438709677419356,19.517741935483873,7.605813148788927,673.8800000000001,4062.8100000000004
1596,Saray,Tekirdağ,2025,bugday,263.0,3692.5299999999997,513.86,58,406.78,280.65999999999997,52.919999999999995,1.9100000000000001,0.4277290103399337,6,16.33451612903226,21.298387096774192,7.752847222222223,675.4599999999999,4186.51
1652,Şarköy,Tekirdağ,2004,aycicegi_yaglik,171.0,2355.4599999999996,525.085,0,142.21,,9.049999999999999,24.91,0.1309808244252164,10,24.903225806451612,29.591290322580647,8.514808743169398,855.7200000000001,4087.4100000000008
1652,Şarköy,Tekirdağ,2005,aycicegi_yaglik,186.0,2454.45,560.7950000000001,0,160.64000000000001,,28.47,9.26,0.14752070713233803,17,26.01741935483871,30.582258064516125,8.354207650273224,799.3900000000001,4083.0
1652,Şarköy,Tekirdağ,2006,aycicegi_yaglik,212.0,2410.48,509.34000000000003,0,167.34,,6.67,6.11,0.15073357080421065,15,24.482903225806457,28.881290322580643,8.38120218579235,826.86,4126.870000000001
1652,Şarköy,Tekirdağ,2007,aycicegi_yaglik,119.0,2642.585,586.8149999999999,0,104.52,,0.01,9.219999999999999,0.08321144608741983,32,27.02548387096774,32.162580645161285,9.543333333333333,880.66,4294.4400000000005
1652,Şarköy,Tekirdağ,2008,aycicegi_yaglik,149.0,2526.54,558.22,0,121.9,,8.729999999999999,13.02,0.10614787389655189,15,25.933225806451613,30.722903225806448,8.613333333333335,854.1199999999999,4117.98
1652,Şarköy,Tekirdağ,2009,aycicegi_yaglik,165.0,2439.295,583.235,0,150.47,,20.09,1.06,0.13279508515733715,11,26.90612903225806,31.35645161290323,8.450109289617485,828.77,4187.49
1652,Şarköy,Tekirdağ,2010,aycicegi_yaglik,193.0,2580.245,560.11,0,198.56,,33.83,0.97,0.1829091309716091,27,26.110967741935482,30.407741935483873,8.324535519125684,751.8400000000001,4017.5
1652,Şarköy,Tekirdağ,2011,aycicegi_yaglik,207.0,2365.625,575.715,0,228.19,,6.45,6.169999999999999,0.20907409202606383,13,26.63032258064516,31.323548387096775,8.361857923497267,837.08,4039.93
1652,Şarköy,Tekirdağ,2012,aycicegi_yaglik,169.0,2708.05,621.7,0,167.32999999999998,,1.5300000000000002,20.580000000000002,0.13833857365557226,38,28.073548387096775,33.004516129032254,8.831092896174864,839.5,4240.0599999999995
1652,Şarköy,Tekirdağ,2013,aycicegi_yaglik,224.0,2574.0550000000003,550.5950000000001,0,97.45000000000002,,1.6400000000000001,0.03,0.08398634678152989,11,25.74677419354839,30.36354838709677,8.561366120218578,833.6500000000001,4216.64
1652,Şarköy,Tekirdağ,2014,aycicegi_yaglik,232.0,2509.33,559.25,0,351.96999999999997,,31.45,45.050000000000004,0.33619662906295744,19,26.001935483870973,30.50677419354839,8.238907103825136,812.74,3878.2699999999995
1652,Şarköy,Tekirdağ,2015,aycicegi_yaglik,198.0,2524.79,567.89,0,198.14999999999998,,0.63,3.72,0.1777337928443229,21,26.167419354838707,31.046451612903223,8.522896174863387,867.9100000000001,4103.420000000001
1652,Şarköy,Tekirdağ,2016,aycicegi_yaglik,218.0,2652.585,582.49,0,104.99,,2.52,0.21000000000000002,0.09107503531186312,17,26.673225806451615,31.338387096774188,8.51896174863388,857.7399999999999,4180.83
1652,Şarköy,Tekirdağ,2017,aycicegi_yaglik,205.0,2523.75,562.055,0,182.23000000000002,,32.160000000000004,22.41,0.1573149124813196,21,25.90935483870967,30.955806451612904,9.075737704918033,807.4400000000002,4114.55
1652,Şarköy,Tekirdağ,2018,aycicegi_yaglik,260.0,2676.92,587.475,0,248.95,,53.28,0.12999999999999998,0.2287652250725306,10,26.95096774193549,31.02935483870968,8.236612021857924,801.0199999999999,3997.41
1652,Şarköy,Tekirdağ,2019,aycicegi_yaglik,230.0,2558.365,546.355,0,132.20999999999998,,20.940000000000005,7.62,0.11673723909755715,19,25.655806451612904,30.170967741935485,8.58136612021858,807.42,4110.160000000001
1652,Şarköy,Tekirdağ,2020,aycicegi_yaglik,245.0,2515.0299999999997,551.8200000000002,0,196.0,,6.32,9.649999999999999,0.17026073738496902,12,25.770645161290325,30.451612903225808,8.752786885245904,860.5100000000001,4171.46
1652,Şarköy,Tekirdağ,2021,aycicegi_yaglik,250.0,2525.77,591.6750000000001,0,196.44,,7.73,9.23,0.17714711426511354,34,27.08387096774194,31.815483870967743,8.272459016393443,821.25,4113.86
1652,Şarköy,Tekirdağ,2022,aycicegi_yaglik,193.0,2559.56,547.1949999999999,0,153.44,,24.98,36.059999999999995,0.13216345116655234,14,25.582580645161293,30.31838709677419,8.838415300546448,852.8000000000001,4190.539999999999
1652,Şarköy,Tekirdağ,2023,aycicegi_yaglik,107.0,2567.125,621.0299999999999,0,170.53,,6.13,0.6799999999999999,0.15867645551127238,36,28.04838709677419,33.25354838709677,8.419945355191256,854.8299999999998,3855.3299999999995
1652,Şarköy,Tekirdağ,2024,aycicegi_yaglik,150.0,2800.66,626.59,0,118.41000000000003,,3.06,1.9300000000000002,0.0973835651438618,39,28.238709677419354,33.07870967741935,8.909508196721312,814.4600000000003,4174.3
1652,Şarköy,Tekirdağ,2025,aycicegi_yaglik,151.0,2664.515,632.595,0,124.24000000000001,,0.1,8.29,0.10005823896064191,30,28.320967741935483,33.611612903225804,9.197650273224044,856.89,4286.47
1652,Şarköy,Tekirdağ,2004,bugday,323.0,2602.03,521.105,21,333.80999999999995,183.81000000000003,22.200000000000003,43.4,0.44921792162122187,4,16.875806451612906,20.987419354838714,7.324060913705584,738.6099999999999,3310.2300000000005
1652,Şarköy,Tekirdağ,2005,bugday,257.0,3931.13,563.815,54,505.96999999999997,345.73,76.07000000000001,10.53,0.5749355848566733,2,18.103548387096772,22.301612903225806,6.9733680555555555,645.7900000000001,4003.81
1652,Şarköy,Tekirdağ,2006,bugday,317.0,3655.7200000000003,538.515,52,576.46,408.99,17.45,26.669999999999998,0.6777381081018174,8,17.369032258064518,21.533548387096772,6.682708333333334,757.0100000000002,3911.6
1652,Şarköy,Tekirdağ,2007,bugday,444.0,4078.995,614.6800000000001,56,311.2,161.95999999999998,43.24,17.62,0.31695969882553704,16,19.576451612903227,24.730645161290322,7.431145833333334,713.91,4130.86
1652,Şarköy,Tekirdağ,2008,bugday,437.0,3947.58,571.98,66,426.59,314.54999999999995,9.35,20.49,0.4530230678364685,11,18.421612903225807,22.806129032258063,6.9199653979238755,767.48,4116.05
1652,Şarköy,Tekirdağ,2009,bugday,385.0,3983.81,584.005,43,435.97,294.61999999999995,17.240000000000002,11.370000000000001,0.47602139456413295,7,18.70161290322581,23.159032258064517,6.921180555555556,764.2600000000001,4037.2999999999997
1652,Şarköy,Tekirdağ,2010,bugday,315.0,4026.285,576.635,34,708.8700000000001,511.29,24.300000000000004,71.76,0.8218348826662926,5,18.603548387096776,22.54387096774193,6.931145833333334,766.3599999999999,3904.83
1652,Şarköy,Tekirdağ,2011,bugday,318.0,3816.55,523.2249999999999,45,646.6700000000001,441.24,37.39999999999999,59.49999999999999,0.7960582124710586,3,16.832903225806454,20.773548387096774,6.571805555555556,655.1199999999999,3791.14
1652,Şarköy,Tekirdağ,2012,bugday,480.0,3726.99,576.3299999999999,63,543.1700000000001,369.94000000000005,71.95000000000002,3.1399999999999992,0.5772846377082168,12,18.48709677419355,22.458387096774196,7.060242214532872,642.93,4122.2699999999995
1652,Şarköy,Tekirdağ,2013,bugday,388.0,4195.75,613.51,45,616.9,473.61,6.48,33.97,0.6712088262575117,7,19.64354838709677,23.961612903225806,6.927777777777777,746.11,3996.11
1652,Şarköy,Tekirdağ,2014,bugday,389.0,4077.5649999999996,572.56,52,434.76,170.96,53.92999999999999,68.41,0.48663027330304276,5,18.443870967741933,22.561935483870965,7.127743055555555,659.97,3955.3300000000004
1652,Şarköy,Tekirdağ,2015,bugday,417.0,3826.95,587.485,43,668.38,467.5399999999999,32.230000000000004,46.739999999999995,0.7972346205478511,2,18.855483870967742,23.034838709677416,6.778090277777777,745.0699999999999,3845.34
1652,Şarköy,Tekirdağ,2016,bugday,412.0,4249.025,568.09,48,492.0,343.20000000000005,38.0,22.47,0.5158066759616962,14,18.24,22.337741935483873,7.085397923875432,669.4400000000002,4180.86
1652,Şarköy,Tekirdağ,2017,bugday,420.0,3766.86,550.03,63,524.3599999999999,387.53,24.650000000000002,32.709999999999994,0.5606859621810756,11,17.667419354838707,21.871935483870974,7.151770833333334,695.48,4103.98
1652,Şarköy,Tekirdağ,2018,bugday,351.0,4218.495,603.5500000000001,47,610.05,408.19,49.01,53.010000000000005,0.668585156520149,4,19.293548387096777,23.43,7.214270833333334,613.8000000000001,3966.41
1652,Şarköy,Tekirdağ,2019,bugday,380.0,3969.3399999999997,587.13,61,571.77,426.11999999999995,32.13,14.74,0.6442437171145966,15,18.73677419354839,23.00516129032258,6.940173611111111,683.9900000000001,3939.18
1652,Şarköy,Tekirdağ,2020,bugday,352.0,4197.465,564.2350000000001,43,462.4200000000001,244.7,76.32,48.160000000000004,0.4925751489121168,3,18.153870967741934,22.59193548387097,7.233391003460207,689.65,4117.42
1652,Şarköy,Tekirdağ,2021,bugday,527.0,4138.405000000001,573.7049999999999,26,624.5400000000001,377.41,73.58000000000001,48.269999999999996,0.7046841275312762,8,18.358709677419352,22.40741935483871,6.780729166666667,730.35,4026.23
1652,Şarköy,Tekirdağ,2022,bugday,398.0,3888.755,578.8749999999999,37,478.12,345.29999999999995,12.350000000000001,23.1,0.5110072257369191,9,18.552258064516128,23.59483870967742,7.3994791666666675,777.8999999999999,4095.46
1652,Şarköy,Tekirdağ,2023,bugday,355.0,4218.11,516.4050000000001,33,367.0,140.95,42.769999999999996,26.259999999999998,0.42611647159420213,4,16.588387096774195,20.371290322580645,7.070069444444445,575.6500000000001,3802.1099999999997
1652,Şarköy,Tekirdağ,2024,bugday,446.0,4547.969999999999,533.23,34,597.92,448.26,32.41,1.3900000000000001,0.5860267966069121,21,17.217419354838714,21.27225806451613,7.446020761245675,689.61,4183.9
1652,Şarköy,Tekirdağ,2025,bugday,414.0,4168.63,583.5250000000001,38,386.30999999999995,261.14,66.06999999999998,0.45999999999999996,0.37042728230456146,15,18.62032258064516,23.53032258064516,7.643541666666668,722.0400000000001,4337.900000000001
1673,Merkez,Tekirdağ,2004,aycicegi_yaglik,162.0,2189.0,496.47999999999996,0,211.27,,17.29,49.809999999999995,0.18138441701817978,11,23.86612903225807,29.843225806451613,10.317704918032787,855.7200000000001,4087.4100000000008
1673,Merkez,Tekirdağ,2005,aycicegi_yaglik,197.0,2337.7650000000003,543.0699999999999,0,175.09000000000003,,33.56999999999999,15.559999999999999,0.14798701854079388,22,25.281290322580638,30.934516129032264,10.207158469945355,799.3900000000001,4083.0
1673,Merkez,Tekirdağ,2006,aycicegi_yaglik,212.0,2296.4449999999997,493.51,0,180.57999999999998,,10.030000000000001,8.41,0.14973511019298713,26,23.83709677419355,29.380645161290317,10.198415300546449,826.86,4126.870000000001
1673,Merkez,Tekirdağ,2007,aycicegi_yaglik,136.0,2543.505,572.1249999999999,0,109.78,,0.08,11.18,0.08037360974595803,38,26.437419354838706,32.920645161290324,11.570655737704918,880.66,4294.4400000000005
1673,Merkez,Tekirdağ,2008,aycicegi_yaglik,186.0,2402.9699999999993,539.985,0,140.44,,13.530000000000001,4.51,0.11277690223690473,24,25.347096774193552,31.245806451612907,10.3848087431694,854.1199999999999,4117.98
1673,Merkez,Tekirdağ,2009,aycicegi_yaglik,180.0,2318.62,557.5350000000001,0,207.54000000000002,,41.72,4.119999999999999,0.16805997649239607,13,25.95483870967742,31.488064516129032,10.426775956284153,828.77,4187.49
1673,Merkez,Tekirdağ,2010,aycicegi_yaglik,175.0,2429.07,534.205,0,230.06,,49.58999999999999,1.0,0.1990821271516428,32,25.14451612903226,30.22741935483871,9.847103825136612,751.8400000000001,4017.5
1673,Merkez,Tekirdağ,2011,aycicegi_yaglik,190.0,2228.0,556.04,0,300.02000000000004,,10.309999999999999,12.370000000000001,0.2545538755319858,22,25.83,31.59290322580645,10.142732240437159,837.08,4039.93
1673,Merkez,Tekirdağ,2012,aycicegi_yaglik,158.0,2615.075,609.665,0,154.98000000000002,,3.09,11.239999999999998,0.11685537711346565,42,27.554516129032255,33.71935483870968,10.90289617486339,839.5,4240.0599999999995
1673,Merkez,Tekirdağ,2004,bugday,403.0,2389.975,496.21,19,346.40000000000003,152.72999999999996,29.31,79.83,0.43753969184141606,4,16.031612903225803,21.078387096774193,8.817258883248732,738.6099999999999,3310.2300000000005
1673,Merkez,Tekirdağ,2005,bugday,428.0,3614.795,541.47,62,457.99,300.4699999999999,66.02,12.169999999999998,0.48364395906751606,3,17.39032258064516,22.56451612903226,8.423125,645.7900000000001,4003.81
1673,Merkez,Tekirdağ,2006,bugday,356.0,3367.775,519.7549999999999,56,519.59,365.19,14.969999999999999,28.529999999999998,0.5705557619387148,10,16.732258064516127,21.74032258064516,7.997499999999999,757.0100000000002,3911.6
1673,Merkez,Tekirdağ,2007,bugday,404.0,3815.01,602.3349999999999,72,292.87,174.95999999999998,47.46,10.53,0.2773612183705943,18,19.179354838709678,25.106129032258067,8.854513888888889,713.91,4130.86
1673,Merkez,Tekirdağ,2008,bugday,437.0,3646.27,543.35,72,464.48,339.24999999999994,18.57,31.619999999999997,0.4606898041110143,15,17.490645161290324,22.776129032258062,8.241833910034604,767.48,4116.05
1673,Merkez,Tekirdağ,2009,bugday,385.0,3676.31,561.5350000000001,51,432.14,269.43999999999994,16.21,13.069999999999999,0.4389483412071412,12,18.020967741935483,23.27516129032258,8.33184027777778,764.2600000000001,4037.2999999999997
1673,Merkez,Tekirdağ,2010,bugday,301.0,3664.9,549.625,37,783.6599999999999,552.5199999999999,24.03,76.96000000000001,0.8768399251463539,6,17.718387096774194,22.47225806451613,7.8880902777777795,766.3599999999999,3904.83
1673,Merkez,Tekirdağ,2011,bugday,353.0,3503.375,499.27000000000004,49,632.52,400.79999999999995,36.78,85.81,0.7352802276584859,3,16.04193548387097,20.835483870967742,7.811145833333334,655.1199999999999,3791.14
1673,Merkez,Tekirdağ,2012,bugday,500.0,3455.62,559.0550000000001,73,512.44,352.4,64.56000000000002,2.42,0.505797172633095,14,17.960645161290326,22.826451612903224,8.518339100346022,642.93,4122.2699999999995
1705,Uzunköprü,Edirne,2004,aycicegi_yaglik,188.0,2213.675,505.72,0,232.29999999999995,,29.24,43.07,0.18130386511788432,29,24.24612903225806,32.020645161290325,13.69174863387978,808.26,3886.7
1705,Uzunköprü,Edirne,2005,aycicegi_yaglik,194.0,2326.2650000000003,544.35,0,236.76999999999995,,66.3,28.179999999999996,0.18558936487375305,42,25.300322580645165,32.47741935483871,13.19497267759563,751.63,3862.13
1705,Uzunköprü,Edirne,2006,aycicegi_yaglik,220.0,2313.7799999999997,508.77,0,243.17000000000002,,32.04,11.84,0.18337643948905372,42,24.351290322580642,31.77483870967742,13.267540983606558,777.8899999999999,3936.26
1705,Uzunköprü,Edirne,2007,aycicegi_yaglik,127.0,2564.635,611.9600000000002,0,154.98,,0.29000000000000004,18.169999999999998,0.10185069915115283,54,27.761612903225803,36.381290322580654,14.914863387978142,865.9099999999999,4166.530000000001
1705,Uzunköprü,Edirne,2008,aycicegi_yaglik,149.0,2424.2200000000003,557.43,0,186.76,,18.590000000000003,8.27,0.13338803473468824,45,25.966129032258067,33.76903225806451,13.794863387978141,818.7,3973.749999999999
1705,Uzunköprü,Edirne,2009,aycicegi_yaglik,150.0,2351.51,563.9,0,219.61999999999995,,54.55,8.01,0.1587177410383975,38,26.169354838709673,33.32,13.928852459016394,783.0200000000001,4036.07
1705,Uzunköprü,Edirne,2010,aycicegi_yaglik,350.0,2425.7700000000004,525.24,0,266.83000000000004,,83.03000000000002,1.39,0.20946574784729272,42,24.87322580645161,31.17483870967742,12.859453551912567,722.23,3866.68
1705,Uzunköprü,Edirne,2011,aycicegi_yaglik,248.0,2317.3849999999998,581.83,0,246.61,,18.52,16.02,0.18232490827764833,48,26.659677419354836,34.475806451612904,13.777486338797813,810.98,3934.499999999999
1705,Uzunköprü,Edirne,2012,aycicegi_yaglik,202.0,2691.225,653.525,0,160.2,,2.3699999999999997,6.47,0.1043835434850271,55,29.02064516129032,37.28806451612903,14.535737704918033,842.5900000000001,4199.299999999999
1705,Uzunköprü,Edirne,2013,aycicegi_yaglik,233.0,2486.4800000000005,549.8550000000001,0,131.23,,7.52,0.24999999999999997,0.0919299066540223,50,25.687096774193545,33.34225806451612,13.723715846994539,805.3399999999999,4131.789999999999
1705,Uzunköprü,Edirne,2014,aycicegi_yaglik,319.0,2316.225,529.69,0,441.9,,52.059999999999995,34.47,0.3570985045698339,41,24.992903225806447,32.2141935483871,12.6251912568306,776.0,3787.5699999999997
1705,Uzunköprü,Edirne,2015,aycicegi_yaglik,219.0,2417.43,567.345,0,236.07999999999998,,5.5,21.47,0.1742844927393779,49,26.182258064516127,34.557096774193546,13.567486338797817,831.8000000000001,3982.249999999999
1705,Uzunköprü,Edirne,2016,aycicegi_yaglik,231.0,2532.93,584.58,0,177.58,,10.11,6.0600000000000005,0.1275393761262339,52,26.742258064516125,34.68677419354839,13.72174863387978,823.09,4020.38
1705,Uzunköprü,Edirne,2017,aycicegi_yaglik,245.0,2428.81,553.2599999999999,0,273.96999999999997,,59.83,12.01,0.1938683738695647,39,25.581290322580646,33.62580645161291,14.356775956284153,775.2200000000001,4016.24
1705,Uzunköprü,Edirne,2018,aycicegi_yaglik,253.0,2519.5899999999997,541.5949999999999,0,258.65,,79.18,1.89,0.19422201229625033,42,25.350000000000005,31.60258064516129,13.068852459016396,733.86,4012.9500000000003
1705,Uzunköprü,Edirne,2019,aycicegi_yaglik,303.0,2482.7200000000003,544.5500000000001,0,230.70000000000005,,45.38,31.68,0.1655486325851696,44,25.515483870967746,33.28645161290322,14.009344262295082,756.7299999999999,3987.3599999999997
1705,Uzunköprü,Edirne,2020,aycicegi_yaglik,321.0,2469.95,572.3299999999999,0,229.10999999999999,,1.84,7.41,0.16229403377381416,54,26.26612903225806,34.483548387096775,14.179945355191258,836.0299999999999,4054.0199999999995
1705,Uzunköprü,Edirne,2021,aycicegi_yaglik,303.0,2390.16,599.15,0,220.56,,14.399999999999999,13.81,0.16539285203623522,55,27.134516129032253,35.18,13.302240437158469,823.1500000000002,3943.4099999999994
1705,Uzunköprü,Edirne,2022,aycicegi_yaglik,261.0,2495.07,581.8800000000001,0,221.16,,20.27,46.8,0.15589616485169555,50,26.649677419354834,34.76258064516129,14.103169398907104,831.5500000000002,4073.0699999999997
1705,Uzunköprü,Edirne,2023,aycicegi_yaglik,163.0,2558.1450000000004,630.4299999999998,0,218.67,,19.77,10.48,0.1624380392253557,57,28.345161290322583,36.51870967741936,13.636120218579235,808.1800000000001,3806.9699999999993
1705,Uzunköprü,Edirne,2024,aycicegi_yaglik,128.0,2786.885,648.5999999999999,0,172.17,,20.090000000000003,10.34,0.11552642558090478,58,28.8141935483871,36.67161290322581,14.260928961748634,779.2800000000002,4035.9400000000005
1705,Uzunköprü,Edirne,2025,aycicegi_yaglik,155.0,2658.195,668.6700000000001,0,144.03,,4.16,18.22,0.09403819763447592,53,29.44354838709678,37.96870967741936,14.841530054644808,831.0000000000001,4153.469999999999
1705,Uzunköprü,Edirne,2004,bugday,343.0,2355.0750000000003,503.85499999999996,15,293.20000000000005,96.31000000000002,44.540000000000006,90.51,0.3429926898953051,8,16.31903225806452,23.144516129032258,11.795989847715736,680.57,3122.12
1705,Uzunköprü,Edirne,2005,bugday,428.0,3400.7200000000003,548.385,58,504.59000000000003,308.97,72.94,18.12,0.5034190286255329,8,17.638709677419353,24.06935483870968,11.059131944444443,626.85,3818.2599999999998
1705,Uzunköprü,Edirne,2006,bugday,396.0,3177.28,519.9350000000001,50,525.26,325.17999999999995,24.919999999999995,51.24,0.5296289036358965,19,16.74290322580645,22.970967741935485,10.563749999999999,709.3900000000001,3845.06
1705,Uzunköprü,Edirne,2007,bugday,363.0,3641.1449999999995,601.2300000000001,74,349.51,206.56,70.25,11.91,0.3046325992904103,24,19.07225806451613,26.241290322580646,11.502708333333333,670.19,4005.44
1705,Uzunköprü,Edirne,2008,bugday,437.0,3434.5150000000003,541.045,63,452.59000000000003,322.27000000000004,26.43,39.209999999999994,0.41336758231235216,20,17.49225806451613,24.314838709677424,10.73038062283737,734.6199999999999,3944.12
1705,Uzunköprü,Edirne,2009,bugday,350.0,3496.0499999999997,570.7500000000001,50,409.39,235.28,23.58,18.5,0.37598735792314864,22,18.240645161290324,25.288387096774198,11.190104166666666,730.5,3946.1000000000004
1705,Uzunköprü,Edirne,2010,bugday,400.0,3410.175,546.365,48,829.0000000000001,555.19,26.780000000000005,71.56,0.8810097261894053,12,17.63967741935484,23.79677419354838,10.323506944444444,715.4800000000001,3696.1699999999996
1705,Uzunköprü,Edirne,2011,bugday,283.0,3323.385,510.345,36,525.15,331.51,28.71,68.39999999999999,0.5381137214071721,12,16.49064516129032,22.68,10.498541666666666,673.0800000000002,3748.6800000000003
1705,Uzunköprü,Edirne,2012,bugday,462.0,3282.9849999999997,562.53,70,501.64000000000004,343.05999999999995,88.09,3.69,0.4408386105805575,25,18.034193548387098,24.098387096774193,11.228166089965399,621.7599999999999,4080.9599999999996
1705,Uzunköprü,Edirne,2013,bugday,378.0,3673.025,604.975,51,608.44,444.13,8.86,70.62,0.5574480378340939,18,19.369032258064514,26.12129032258065,10.660694444444443,771.1700000000001,3942.9700000000003
1705,Uzunköprü,Edirne,2014,bugday,436.0,3599.5449999999996,541.72,61,483.57000000000005,163.81000000000003,80.24,109.8,0.4776915569873006,8,17.49806451612903,23.233870967741936,10.904722222222224,662.9599999999999,3818.6000000000004
1705,Uzunköprü,Edirne,2015,bugday,353.0,3292.585,564.465,59,669.39,446.65999999999997,22.220000000000002,63.5,0.700185916319354,5,18.105806451612903,24.404193548387095,10.11263888888889,731.0300000000001,3744.59
1705,Uzunköprü,Edirne,2016,bugday,348.0,3756.54,518.965,54,556.3299999999999,350.76,63.26,23.0,0.5054599672624625,20,16.607741935483872,22.417419354838703,11.116297577854672,639.75,4037.9
1705,Uzunköprü,Edirne,2017,bugday,354.0,3272.91,530.49,46,483.78999999999996,257.82,47.9,57.769999999999996,0.4355231501023008,16,16.99,23.632258064516126,11.577569444444443,684.0300000000001,4037.23
1705,Uzunköprü,Edirne,2018,bugday,353.0,3645.125,575.925,60,758.1700000000001,454.41,35.48000000000001,107.69000000000001,0.7175191773224854,12,18.41064516129032,24.698387096774194,10.704583333333334,701.0600000000002,3943.71
1705,Uzunköprü,Edirne,2019,bugday,351.0,3559.9700000000003,574.69,61,496.35,317.1700000000001,51.559999999999995,35.63999999999999,0.4565729856844301,26,18.274516129032257,25.027419354838706,11.310555555555554,673.7900000000001,3915.1299999999997
1705,Uzunköprü,Edirne,2020,bugday,322.0,3752.7149999999997,543.2449999999999,51,439.13,192.16,71.26,68.47000000000001,0.3947775486507726,15,17.3441935483871,24.115161290322586,11.677889273356401,647.6200000000001,4062.5200000000004
1705,Uzunköprü,Edirne,2021,bugday,448.0,3555.51,533.905,58,716.1500000000001,478.68,58.6,63.760000000000005,0.7116731875883521,9,17.102258064516132,23.206129032258065,10.520138888888889,695.1699999999998,3892.0600000000004
1705,Uzunköprü,Edirne,2022,bugday,402.0,3445.385,551.33,50,520.54,379.26000000000005,25.990000000000006,44.26999999999998,0.47660164512233577,27,17.686774193548384,25.150645161290324,11.32576388888889,745.6100000000001,3999.7200000000003
1705,Uzunköprü,Edirne,2023,bugday,515.0,3837.175,506.35,55,403.3,173.08000000000004,46.510000000000005,34.35,0.38296006616534717,14,16.13741935483871,22.204838709677418,11.180208333333333,566.0899999999999,3829.0600000000004
1705,Uzunköprü,Edirne,2024,bugday,370.0,4160.43,523.115,50,445.49999999999994,290.63,42.85,8.760000000000002,0.35922332826741776,31,16.666774193548388,23.37258064516129,11.814636678200692,655.75,4102.01
1705,Uzunköprü,Edirne,2025,bugday,368.0,3745.26,556.6,68,349.28999999999996,202.5,58.28000000000001,5.659999999999999,0.27894015520082993,27,17.771290322580644,24.93290322580646,12.280868055555556,688.72,4230.620000000001
1714,Vize,Kırklareli,2004,aycicegi_yaglik,149.0,2048.065,470.995,0,233.41000000000003,,25.4,53.97,0.19272369082375337,15,22.976129032258065,30.265806451612903,12.77863387978142,811.5,3913.5899999999997
1714,Vize,Kırklareli,2005,aycicegi_yaglik,164.0,2208.005,520.3449999999999,0,210.08999999999997,,56.62,23.29,0.17171461876813585,26,24.35870967741936,31.322903225806453,12.554918032786887,771.1199999999999,3869.6200000000003
1714,Vize,Kırklareli,2006,aycicegi_yaglik,153.0,2173.075,475.2500000000001,0,214.20999999999998,,25.600000000000005,10.56,0.1683284648703213,33,23.141290322580645,29.875483870967738,12.545191256830599,793.3299999999999,3987.07
1714,Vize,Kırklareli,2007,aycicegi_yaglik,170.0,2411.535,566.74,0,131.0,,0.19,18.550000000000004,0.09035623346316674,41,26.169999999999995,34.20483870967742,14.065355191256831,870.1200000000001,4190.389999999999
1714,Vize,Kırklareli,2008,aycicegi_yaglik,171.0,2262.115,517.715,0,181.39,,19.77,5.779999999999999,0.13594481333661676,33,24.61483870967742,32.07064516129032,12.964699453551912,832.6800000000001,4015.2800000000007
1714,Vize,Kırklareli,2009,aycicegi_yaglik,187.0,2184.5199999999995,535.48,0,218.14999999999998,,47.919999999999995,7.08,0.16635336592335334,21,25.13258064516129,32.11709677419355,12.866065573770486,784.03,4084.36
1714,Vize,Kırklareli,2010,aycicegi_yaglik,210.0,2283.205,503.3,0,260.9,,72.25000000000001,1.3,0.21421060583583698,33,24.158709677419353,30.097741935483874,12.127978142076506,722.4999999999998,3898.2200000000003
1714,Vize,Kırklareli,2011,aycicegi_yaglik,206.0,2119.575,541.9749999999999,0,258.96,,18.560000000000002,14.07,0.20651808426892534,30,25.260322580645163,32.64387096774193,12.402841530054646,818.9300000000002,3958.1800000000007
1714,Vize,Kırklareli,2012,aycicegi_yaglik,196.0,2504.27,603.7199999999999,0,154.67,,2.45,8.84,0.1073406950037222,44,27.270645161290318,34.87612903225807,13.500218579234973,841.9599999999998,4212.359999999999
1714,Vize,Kırklareli,2013,aycicegi_yaglik,261.0,2323.31,512.68,0,122.54999999999998,,6.07,0.9299999999999999,0.09122403651799312,30,24.238709677419354,31.549677419354843,12.913005464480877,803.5100000000001,4128.34
1714,Vize,Kırklareli,2014,aycicegi_yaglik,214.0,2202.995,512.0,0,444.75,,47.56,37.29,0.37610114724181515,32,24.278387096774196,31.318709677419353,12.145081967213113,780.4300000000002,3760.33
1714,Vize,Kırklareli,2015,aycicegi_yaglik,244.0,2285.4400000000005,530.685,0,201.42000000000002,,2.12,14.309999999999999,0.1557628185196693,34,24.88193548387097,32.72,12.772240437158471,851.7500000000001,4017.7899999999995
1714,Vize,Kırklareli,2016,aycicegi_yaglik,232.0,2389.48,545.0249999999999,0,151.21,,7.869999999999999,9.139999999999999,0.11386829169752989,36,25.32193548387097,32.814193548387095,12.967650273224043,831.27,4045.44
1714,Vize,Kırklareli,2017,aycicegi_yaglik,245.0,2261.46,519.43,0,261.66,,58.78000000000001,14.99,0.19414312729629687,36,24.49,31.979677419354836,13.509562841530055,802.7799999999997,4059.7899999999995
1714,Vize,Kırklareli,2018,aycicegi_yaglik,251.0,2356.22,521.035,0,285.37,,78.63999999999999,2.19,0.22982657883958935,24,24.631290322580647,30.737741935483868,11.982295081967214,740.6800000000001,4002.0599999999995
1714,Vize,Kırklareli,2019,aycicegi_yaglik,253.0,2298.165,504.10999999999996,0,198.92000000000002,,44.629999999999995,21.82,0.15318393350102497,30,24.10483870967742,31.39032258064516,12.927650273224042,764.9699999999999,3977.57
1714,Vize,Kırklareli,2020,aycicegi_yaglik,269.0,2278.515,522.97,0,215.93,,4.739999999999999,12.219999999999999,0.16145303536133118,38,24.649999999999995,32.0116129032258,13.101857923497267,860.68,4106.630000000001
1714,Vize,Kırklareli,2021,aycicegi_yaglik,277.0,2237.3950000000004,563.8950000000001,0,206.01,,11.829999999999998,13.59,0.1642966434791755,41,25.921290322580646,33.38903225806452,12.52360655737705,819.3400000000001,3896.35
1714,Vize,Kırklareli,2022,aycicegi_yaglik,235.0,2320.665,526.665,0,210.32999999999998,,23.31,41.260000000000005,0.1578621166562173,37,24.700645161290318,32.17935483870968,13.253989071038253,833.4399999999999,4065.29
1714,Vize,Kırklareli,2023,aycicegi_yaglik,190.0,2391.5499999999993,591.8900000000001,0,199.97,,16.310000000000002,6.819999999999999,0.15603613374614833,49,27.013870967741934,34.958709677419364,12.695081967213113,833.3900000000002,3850.9900000000002
1714,Vize,Kırklareli,2024,aycicegi_yaglik,186.0,2586.33,609.485,0,155.78,,12.930000000000001,7.8,0.11085494716206765,53,27.39903225806451,34.8316129032258,13.20989071038251,805.9199999999998,4080.6799999999994
1714,Vize,Kırklareli,2025,aycicegi_yaglik,154.0,2475.435,625.5299999999999,0,136.54000000000002,,0.8300000000000001,19.45,0.09495709209987169,45,27.885806451612904,36.090645161290325,13.775300546448088,841.8700000000001,4157.780000000001
1714,Vize,Kırklareli,2004,bugday,363.0,2229.89,473.17499999999995,17,308.81,112.71000000000001,38.83,91.35,0.38019139491532083,5,15.286129032258065,21.644516129032258,11.100609137055839,688.84,3124.8399999999997
1714,Vize,Kırklareli,2005,bugday,350.0,3294.8,525.095,61,452.14,282.52,60.17999999999999,15.43,0.46476110372435736,7,16.82967741935484,23.211612903225806,10.63170138888889,641.15,3813.6400000000003
1714,Vize,Kırklareli,2006,bugday,317.0,3061.62,498.835,59,494.01000000000005,320.89000000000004,18.18,41.260000000000005,0.5195409661394751,16,16.08290322580645,22.071935483870963,9.967569444444445,711.84,3835.2099999999996
1714,Vize,Kırklareli,2007,bugday,404.0,3510.495,580.1899999999999,77,330.8299999999999,208.64999999999998,54.76,10.46,0.3002415283865449,19,18.373870967741937,25.3816129032258,10.876631944444446,686.8200000000002,3997.12
1714,Vize,Kırklareli,2008,bugday,437.0,3330.35,514.7900000000001,66,449.32,325.34999999999997,25.55,35.559999999999995,0.42469815682970347,17,16.588709677419356,23.144516129032258,10.337993079584775,745.67,3951.0600000000004
1714,Vize,Kırklareli,2009,bugday,350.0,3353.85,534.67,56,409.74,243.74,18.8,15.989999999999997,0.39787087177194036,16,17.111612903225804,23.504516129032265,10.479374999999997,736.5500000000002,3906.9199999999996
1714,Vize,Kırklareli,2010,bugday,315.0,3318.8650000000002,525.6550000000001,52,828.3199999999999,559.44,26.86,74.16,0.9073005078797709,6,16.99516129032258,23.050967741935487,9.939409722222223,742.0799999999999,3713.16
1714,Vize,Kırklareli,2011,bugday,367.0,3186.385,480.02,39,561.86,357.86,27.87,70.27,0.616749651661738,7,15.483548387096777,21.21838709677419,9.823472222222222,674.77,3724.83
1714,Vize,Kırklareli,2012,bugday,379.0,3183.235,534.6700000000001,72,488.6,337.22,76.69999999999999,2.94,0.45259060960414776,16,17.18322580645161,23.06451612903226,10.59643598615917,640.3700000000001,4040.29
1714,Vize,Kırklareli,2013,bugday,366.0,3561.035,574.565,52,598.86,444.2700000000001,9.219999999999999,63.34,0.580057382654783,11,18.419032258064515,24.769354838709678,10.086527777777778,759.2800000000001,3907.6099999999997
1714,Vize,Kırklareli,2014,bugday,390.0,3513.2400000000002,522.775,59,461.56,154.18,82.29,106.43,0.47179394764052945,5,16.91258064516129,22.64451612903226,10.553506944444443,654.2499999999998,3772.58
1714,Vize,Kırklareli,2015,bugday,417.0,3213.1150000000002,540.79,63,601.88,417.70000000000005,26.499999999999996,47.84,0.6442251483221643,3,17.240967741935485,23.465161290322584,9.715138888888887,736.1900000000002,3773.48
1714,Vize,Kırklareli,2016,bugday,412.0,3679.14,506.795,53,499.2800000000001,327.46000000000004,54.930000000000014,24.369999999999997,0.46723880552379315,20,16.273225806451617,22.06225806451614,10.794013840830448,645.83,4025.5599999999995
1714,Vize,Kırklareli,2017,bugday,420.0,3148.73,495.2750000000001,53,501.95000000000005,309.87,36.300000000000004,40.42,0.47373972760313576,13,15.884838709677416,22.041612903225804,10.853333333333333,696.88,4022.21
1714,Vize,Kırklareli,2018,bugday,381.0,3533.31,552.38,64,733.69,443.01,43.23,101.41,0.7323884217172224,2,17.62483870967742,23.457419354838706,10.250416666666668,674.3399999999999,3904.03
1714,Vize,Kırklareli,2019,bugday,380.0,3411.715,544.2700000000001,62,493.1,333.53,47.31,28.48,0.4871634342421104,17,17.419032258064515,23.805483870967738,10.546249999999999,660.11,3843.5499999999997
1714,Vize,Kırklareli,2020,bugday,430.0,3619.28,517.6100000000001,55,438.88,219.32999999999998,72.16000000000001,69.29,0.40995158564361617,11,16.596129032258066,22.99838709677419,11.056089965397923,655.2299999999999,4067.9399999999996
1714,Vize,Kırklareli,2021,bugday,483.0,3464.57,515.01,59,610.76,385.26,49.08,63.22,0.6360625833387289,8,16.59741935483871,22.35935483870968,10.110833333333334,680.8100000000001,3826.01
1714,Vize,Kırklareli,2022,bugday,438.0,3299.54,520.125,54,504.43999999999994,351.04999999999995,19.88,39.94,0.4929857421462745,16,16.562258064516133,23.703870967741935,10.63170138888889,762.4200000000001,3943.88
1714,Vize,Kırklareli,2023,bugday,411.0,3699.885,479.73999999999995,55,360.76,143.29000000000002,36.519999999999996,26.11,0.3616234197946414,10,15.21774193548387,21.01806451612903,10.627256944444444,575.88,3779.36
1714,Vize,Kırklareli,2024,bugday,408.0,3976.645,487.195,53,492.25000000000006,337.78000000000003,39.5,7.590000000000001,0.42443318995576274,28,15.538387096774192,21.606129032258064,11.10878892733564,673.8800000000001,4062.8100000000004
1714,Vize,Kırklareli,2025,bugday,324.0,3628.035,534.775,71,336.44,204.09,55.43000000000001,2.4499999999999997,0.28443172266678257,21,16.988387096774193,23.903870967741945,11.579965277777777,675.4599999999999,4186.51
1825,Marmaraereğlisi,Tekirdağ,2004,aycicegi_yaglik,256.0,2122.7,476.93,0,191.64999999999998,,13.610000000000003,55.38000000000001,0.20953728288328108,1,23.284516129032262,26.941612903225806,6.509672131147541,855.7200000000001,4087.4100000000008
1825,Marmaraereğlisi,Tekirdağ,2005,aycicegi_yaglik,223.0,2246.115,515.205,0,183.26,,37.57000000000001,20.23,0.19858160544980621,0,24.470000000000002,27.893870967741933,6.411584699453553,799.3900000000001,4083.0
1825,Marmaraereğlisi,Tekirdağ,2006,aycicegi_yaglik,203.0,2242.6349999999998,478.985,0,151.96999999999997,,4.87,9.8,0.1603734837580633,3,23.357419354838708,26.801935483870963,6.499726775956284,826.86,4126.870000000001
1825,Marmaraereğlisi,Tekirdağ,2007,aycicegi_yaglik,85.0,2438.64,543.3399999999999,0,92.47999999999999,,0.7799999999999999,13.149999999999999,0.08706310928270275,8,25.529354838709672,29.49935483870968,7.270601092896174,880.66,4294.4400000000005
1825,Marmaraereğlisi,Tekirdağ,2008,aycicegi_yaglik,186.0,2335.41,517.8050000000001,0,142.39,,16.63,1.5899999999999999,0.1462549267949189,1,24.716774193548396,28.258709677419354,6.535300546448088,854.1199999999999,4117.98
1825,Marmaraereğlisi,Tekirdağ,2009,aycicegi_yaglik,187.0,2261.5550000000003,541.58,0,189.51,,24.930000000000003,6.67,0.19685255468399077,2,25.46193548387097,28.915483870967744,6.484863387978142,828.77,4187.49
1825,Marmaraereğlisi,Tekirdağ,2010,aycicegi_yaglik,210.0,2387.0249999999996,525.1199999999999,0,254.95,,42.839999999999996,1.9200000000000002,0.2799174376730053,8,24.878387096774198,28.054516129032255,6.228579234972678,751.8400000000001,4017.5
1825,Marmaraereğlisi,Tekirdağ,2011,aycicegi_yaglik,231.0,2177.6899999999996,538.8399999999999,0,251.87,,9.78,13.27,0.27183340012970664,0,25.289032258064513,28.842903225806456,6.403442622950821,837.08,4039.93
1825,Marmaraereğlisi,Tekirdağ,2012,aycicegi_yaglik,176.0,2525.35,578.6550000000001,0,162.43,,2.2500000000000004,14.719999999999999,0.15724888703321632,7,26.61096774193549,30.27483870967742,6.846612021857923,839.5,4240.0599999999995
1825,Marmaraereğlisi,Tekirdağ,2013,aycicegi_yaglik,240.0,2403.865,511.4000000000001,0,107.63,,4.83,4.66,0.10837176354640238,0,24.374193548387098,28.050322580645158,6.604153005464481,833.6500000000001,4216.64
1825,Marmaraereğlisi,Tekirdağ,2014,aycicegi_yaglik,222.0,2361.1099999999997,525.06,0,415.51000000000005,,31.070000000000004,55.78000000000001,0.46380168621546286,0,24.92290322580645,28.373870967741933,6.333770491803279,812.74,3878.2699999999995
1825,Marmaraereğlisi,Tekirdağ,2015,aycicegi_yaglik,224.0,2340.2350000000006,523.365,0,255.20999999999998,,0.9900000000000001,10.51,0.2689126635451111,3,24.732903225806453,28.62258064516129,6.507759562841529,867.9100000000001,4103.420000000001
1825,Marmaraereğlisi,Tekirdağ,2016,aycicegi_yaglik,199.0,2467.49,536.03,0,149.89,,11.24,13.290000000000003,0.1526738847135732,0,25.187419354838706,28.771290322580647,6.547213114754099,857.7399999999999,4180.83
1825,Marmaraereğlisi,Tekirdağ,2017,aycicegi_yaglik,264.0,2273.715,511.425,0,269.35,,45.99,22.660000000000004,0.279319819253838,2,24.374516129032255,28.004516129032254,6.817540983606558,807.4400000000002,4114.55
1825,Marmaraereğlisi,Tekirdağ,2018,aycicegi_yaglik,250.0,2488.4000000000005,549.12,0,327.31,,80.14000000000001,2.6600000000000006,0.35777128786021883,0,25.69838709677419,28.763225806451615,6.231693989071037,801.0199999999999,3997.41
1825,Marmaraereğlisi,Tekirdağ,2019,aycicegi_yaglik,225.0,2359.9449999999997,502.77000000000004,0,209.92,,45.18000000000001,32.65,0.22237176805584985,0,24.19354838709678,27.61129032258064,6.325737704918033,807.42,4110.160000000001
1825,Marmaraereğlisi,Tekirdağ,2020,aycicegi_yaglik,235.0,2342.0950000000003,517.27,0,200.67000000000002,,5.41,7.920000000000001,0.20512426092808736,0,24.58193548387097,28.22709677419355,6.671420765027323,860.5100000000001,4171.46
1825,Marmaraereğlisi,Tekirdağ,2021,aycicegi_yaglik,265.0,2319.7,552.0999999999999,0,194.92999999999998,,16.090000000000003,8.219999999999999,0.20580359644538646,9,25.784193548387094,29.32225806451613,6.372950819672131,821.25,4113.86
1825,Marmaraereğlisi,Tekirdağ,2022,aycicegi_yaglik,212.0,2347.575,509.43999999999994,0,229.87,,43.59000000000001,50.90999999999999,0.23467244845635182,0,24.33096774193548,27.908709677419356,6.7195081967213115,852.8000000000001,4190.539999999999
1825,Marmaraereğlisi,Tekirdağ,2023,aycicegi_yaglik,135.0,2387.4700000000003,567.3900000000001,0,201.43,,8.45,6.57,0.2206031168328071,11,26.373870967741933,30.146129032258067,6.441639344262296,854.8299999999998,3855.3299999999995
1825,Marmaraereğlisi,Tekirdağ,2024,aycicegi_yaglik,165.0,2610.07,586.6350000000001,0,157.89999999999998,,19.66,4.16,0.1545721119320418,8,26.796774193548387,30.511612903225803,6.662185792349727,814.4600000000003,4174.3
1825,Marmaraereğlisi,Tekirdağ,2025,aycicegi_yaglik,131.0,2460.3650000000002,589.795,0,119.21000000000001,,0.12,7.9399999999999995,0.1144120213759224,10,26.94741935483871,30.942580645161296,6.894535519125683,856.89,4286.47
1825,Marmaraereğlisi,Tekirdağ,2004,bugday,444.0,2381.0,490.4400000000001,23,351.54999999999995,171.51999999999998,25.830000000000002,63.04,0.5555986324317832,0,15.843548387096773,19.089032258064517,5.812842639593909,738.6099999999999,3310.2300000000005
1825,Marmaraereğlisi,Tekirdağ,2005,bugday,428.0,3653.445,518.355,61,484.28999999999996,331.78999999999996,43.099999999999994,13.639999999999999,0.6382942993737399,0,16.72258064516129,20.047419354838706,5.527222222222222,645.7900000000001,4003.81
1825,Marmaraereğlisi,Tekirdağ,2006,bugday,356.0,3455.94,513.965,55,522.69,389.83000000000004,8.36,21.630000000000003,0.7153938057004572,1,16.49,19.804193548387094,5.257534722222222,757.0100000000002,3911.6
1825,Marmaraereğlisi,Tekirdağ,2007,bugday,444.0,3838.96,577.475,67,280.09000000000003,177.27,34.129999999999995,11.609999999999998,0.3351256363670338,6,18.501290322580648,22.459354838709675,5.692847222222222,713.91,4130.86
1825,Marmaraereğlisi,Tekirdağ,2008,bugday,477.0,3717.84,532.0350000000001,73,463.05999999999995,337.22999999999996,17.830000000000002,23.580000000000002,0.5744592588304028,2,17.16548387096774,20.585483870967746,5.417162629757786,767.48,4116.05
1825,Marmaraereğlisi,Tekirdağ,2009,bugday,350.0,3748.705,539.7349999999999,50,483.62,329.11,12.9,10.799999999999999,0.6216131531862912,0,17.36709677419355,20.65064516129032,5.305104166666666,764.2600000000001,4037.2999999999997
1825,Marmaraereğlisi,Tekirdağ,2010,bugday,339.0,3789.045,549.84,37,796.93,541.8700000000001,25.93,101.24000000000001,1.10334136082383,0,17.72806451612903,20.87161290322581,5.2517708333333335,766.3599999999999,3904.83
1825,Marmaraereğlisi,Tekirdağ,2011,bugday,353.0,3603.675,489.56,47,629.85,426.6700000000001,31.509999999999998,56.83,0.9118070855469438,0,15.72451612903226,18.980322580645158,5.085243055555555,655.1199999999999,3791.14
1825,Marmaraereğlisi,Tekirdağ,2012,bugday,500.0,3544.945,552.9899999999999,66,514.77,346.21000000000004,54.92999999999999,5.36,0.636514539226079,3,17.79193548387097,21.034838709677416,5.543875432525951,642.93,4122.2699999999995
1825,Marmaraereğlisi,Tekirdağ,2013,bugday,388.0,4014.935,589.81,49,578.29,431.8,16.53,38.32,0.7356237441775633,1,18.881290322580643,22.291612903225808,5.316805555555556,746.11,3996.11
1825,Marmaraereğlisi,Tekirdağ,2014,bugday,428.0,3882.585,551.185,55,390.25,137.79000000000002,74.7,70.8,0.5084521709043671,1,17.805806451612902,20.848387096774193,5.592881944444445,659.97,3955.3300000000004
1825,Marmaraereğlisi,Tekirdağ,2015,bugday,477.0,3653.6899999999996,553.06,55,663.85,440.15999999999997,55.019999999999996,43.63999999999999,0.9271017755083432,0,17.74774193548387,21.00064516129032,5.1495138888888885,745.0699999999999,3845.34
1825,Marmaraereğlisi,Tekirdağ,2016,bugday,472.0,4034.6900000000005,543.01,55,563.77,372.62,47.64,31.68,0.6874483969500529,4,17.48354838709678,20.620645161290323,5.5367474048442915,669.4400000000002,4180.86
1825,Marmaraereğlisi,Tekirdağ,2017,bugday,527.0,3502.355,511.735,66,610.3299999999999,426.84,32.51,50.89,0.7720347497586303,2,16.47032258064516,19.731612903225805,5.637638888888889,695.48,4103.98
1825,Marmaraereğlisi,Tekirdağ,2018,bugday,366.0,3990.67,571.585,48,701.27,458.4,51.93,78.97,0.9055264455418671,0,18.286451612903225,21.42967741935484,5.563958333333334,613.8000000000001,3966.41
1825,Marmaraereğlisi,Tekirdağ,2019,bugday,509.0,3800.6949999999997,563.61,64,633.5,455.05000000000007,45.63,27.13,0.8416238906918437,0,18.15258064516129,21.291290322580643,5.306284722222222,683.9900000000001,3939.18
1825,Marmaraereğlisi,Tekirdağ,2020,bugday,407.0,4020.02,529.6800000000001,46,531.09,299.88,79.61,53.379999999999995,0.6622074603329454,0,17.105483870967745,20.382580645161287,5.589204152249135,689.65,4117.42
1825,Marmaraereğlisi,Tekirdağ,2021,bugday,589.0,3930.645,541.32,28,630.27,383.70000000000005,51.00000000000001,54.74,0.8268310718069383,0,17.409032258064517,20.603225806451615,5.246180555555556,730.35,4026.23
1825,Marmaraereğlisi,Tekirdağ,2022,bugday,461.0,3675.03,533.305,44,553.3199999999999,358.82,20.730000000000004,38.669999999999995,0.7020929294674734,0,17.026774193548388,21.035483870967735,5.563402777777778,777.8999999999999,4095.46
1825,Marmaraereğlisi,Tekirdağ,2023,bugday,373.0,4007.9800000000005,485.485,37,401.14,162.68,36.69000000000001,27.58,0.5438399715122758,0,15.550645161290323,18.651935483870968,5.457083333333333,575.6500000000001,3802.1099999999997
1825,Marmaraereğlisi,Tekirdağ,2024,bugday,431.0,4318.55,505.935,36,596.39,441.73999999999995,33.92999999999999,4.7299999999999995,0.6909447154849507,3,16.253225806451614,19.441290322580638,5.706920415224913,689.61,4183.9
1825,Marmaraereğlisi,Tekirdağ,2025,bugday,433.0,3965.16,543.615,44,425.96,316.43999999999994,50.769999999999996,1.1,0.4805061019494209,4,17.43193548387097,20.960322580645165,5.891736111111111,722.0400000000001,4337.900000000001
1988,Süloğlu,Edirne,2004,aycicegi_yaglik,188.0,2213.675,505.72,0,232.29999999999995,,29.24,43.07,0.18004528663116456,29,24.24612903225806,32.020645161290325,13.69174863387978,811.5,3913.5899999999997
1988,Süloğlu,Edirne,2005,aycicegi_yaglik,164.0,2326.2650000000003,544.35,0,236.76999999999995,,66.3,28.179999999999996,0.18457905675224914,42,25.300322580645165,32.47741935483871,13.19497267759563,771.1199999999999,3869.6200000000003
1988,Süloğlu,Edirne,2006,aycicegi_yaglik,212.0,2313.7799999999997,508.77,0,243.17000000000002,,32.04,11.84,0.1811332465388713,42,24.351290322580642,31.77483870967742,13.267540983606558,793.3299999999999,3987.07
1988,Süloğlu,Edirne,2007,aycicegi_yaglik,170.0,2564.635,611.9600000000002,0,154.98,,0.29000000000000004,18.169999999999998,0.10111067607185537,54,27.761612903225803,36.381290322580654,14.914863387978142,870.1200000000001,4190.389999999999
1988,Süloğlu,Edirne,2008,aycicegi_yaglik,149.0,2424.2200000000003,557.43,0,186.76,,18.590000000000003,8.27,0.13171303862708925,45,25.966129032258067,33.76903225806451,13.794863387978141,832.6800000000001,4015.2800000000007
1988,Süloğlu,Edirne,2009,aycicegi_yaglik,165.0,2351.51,563.9,0,219.61999999999995,,54.55,8.01,0.15668201958825387,38,26.169354838709673,33.32,13.928852459016394,784.03,4084.36
1988,Süloğlu,Edirne,2010,aycicegi_yaglik,300.0,2425.7700000000004,525.24,0,266.83000000000004,,83.03000000000002,1.39,0.20745531182175822,42,24.87322580645161,31.17483870967742,12.859453551912567,722.4999999999998,3898.2200000000003
1988,Süloğlu,Edirne,2011,aycicegi_yaglik,182.0,2317.3849999999998,581.83,0,246.61,,18.52,16.02,0.18065973691360393,48,26.659677419354836,34.475806451612904,13.777486338797813,818.9300000000002,3958.1800000000007
1988,Süloğlu,Edirne,2012,aycicegi_yaglik,208.0,2691.225,653.525,0,160.2,,2.3699999999999997,6.47,0.10393904643081626,55,29.02064516129032,37.28806451612903,14.535737704918033,841.9599999999998,4212.359999999999
1988,Süloğlu,Edirne,2013,aycicegi_yaglik,221.0,2486.4800000000005,549.8550000000001,0,131.23,,7.52,0.24999999999999997,0.09189604639485524,50,25.687096774193545,33.34225806451612,13.723715846994539,803.5100000000001,4128.34
1988,Süloğlu,Edirne,2014,aycicegi_yaglik,263.0,2316.225,529.69,0,441.9,,52.059999999999995,34.47,0.35850786169618043,41,24.992903225806447,32.2141935483871,12.6251912568306,780.4300000000002,3760.33
1988,Süloğlu,Edirne,2015,aycicegi_yaglik,212.0,2417.43,567.345,0,236.07999999999998,,5.5,21.47,0.1726871656484569,49,26.182258064516127,34.557096774193546,13.567486338797817,851.7500000000001,4017.7899999999995
1988,Süloğlu,Edirne,2016,aycicegi_yaglik,194.0,2532.93,584.58,0,177.58,,10.11,6.0600000000000005,0.12669487010219385,52,26.742258064516125,34.68677419354839,13.72174863387978,831.27,4045.44
1988,Süloğlu,Edirne,2017,aycicegi_yaglik,216.0,2428.81,553.2599999999999,0,273.96999999999997,,59.83,12.01,0.1916481994462084,39,25.581290322580646,33.62580645161291,14.356775956284153,802.7799999999997,4059.7899999999995
1988,Süloğlu,Edirne,2018,aycicegi_yaglik,228.0,2519.5899999999997,541.5949999999999,0,258.65,,79.18,1.89,0.19450844666115316,42,25.350000000000005,31.60258064516129,13.068852459016396,740.6800000000001,4002.0599999999995
1988,Süloğlu,Edirne,2019,aycicegi_yaglik,227.0,2482.7200000000003,544.5500000000001,0,230.70000000000005,,45.38,31.68,0.1655446088164147,44,25.515483870967746,33.28645161290322,14.009344262295082,764.9699999999999,3977.57
1988,Süloğlu,Edirne,2020,aycicegi_yaglik,264.0,2469.95,572.3299999999999,0,229.10999999999999,,1.84,7.41,0.15966457135756312,54,26.26612903225806,34.483548387096775,14.179945355191258,860.68,4106.630000000001
1988,Süloğlu,Edirne,2021,aycicegi_yaglik,302.0,2390.16,599.15,0,220.56,,14.399999999999999,13.81,0.166668432710007,55,27.134516129032253,35.18,13.302240437158469,819.3400000000001,3896.35
1988,Süloğlu,Edirne,2022,aycicegi_yaglik,270.0,2495.07,581.8800000000001,0,221.16,,20.27,46.8,0.15562847823231865,50,26.649677419354834,34.76258064516129,14.103169398907104,833.4399999999999,4065.29
1988,Süloğlu,Edirne,2023,aycicegi_yaglik,302.0,2558.1450000000004,630.4299999999998,0,218.67,,19.77,10.48,0.16027555197817375,57,28.345161290322583,36.51870967741936,13.636120218579235,833.3900000000002,3850.9900000000002
1988,Süloğlu,Edirne,2024,aycicegi_yaglik,194.0,2786.885,648.5999999999999,0,172.17,,20.090000000000003,10.34,0.1138738987891553,58,28.8141935483871,36.67161290322581,14.260928961748634,805.9199999999998,4080.6799999999994
1988,Süloğlu,Edirne,2025,aycicegi_yaglik,159.0,2658.195,668.6700000000001,0,144.03,,4.16,18.22,0.09366072677482871,53,29.44354838709678,37.96870967741936,14.841530054644808,841.8700000000001,4157.780000000001
1988,Süloğlu,Edirne,2004,bugday,307.0,2355.0750000000003,503.85499999999996,15,293.20000000000005,96.31000000000002,44.540000000000006,90.51,0.3403826299458685,8,16.31903225806452,23.144516129032258,11.795989847715736,688.84,3124.8399999999997
1988,Süloğlu,Edirne,2005,bugday,273.0,3400.7200000000003,548.385,58,504.59000000000003,308.97,72.94,18.12,0.5011884587422811,8,17.638709677419353,24.06935483870968,11.059131944444443,641.15,3813.6400000000003
1988,Süloğlu,Edirne,2006,bugday,277.0,3177.28,519.9350000000001,50,525.26,325.17999999999995,24.919999999999995,51.24,0.5276976087280704,19,16.74290322580645,22.970967741935485,10.563749999999999,711.84,3835.2099999999996
1988,Süloğlu,Edirne,2007,bugday,323.0,3641.1449999999995,601.2300000000001,74,349.51,206.56,70.25,11.91,0.30290416571105655,24,19.07225806451613,26.241290322580646,11.502708333333333,686.8200000000002,3997.12
1988,Süloğlu,Edirne,2008,bugday,318.0,3434.5150000000003,541.045,63,452.59000000000003,322.27000000000004,26.43,39.209999999999994,0.41014354656444946,20,17.49225806451613,24.314838709677424,10.73038062283737,745.67,3951.0600000000004
1988,Süloğlu,Edirne,2009,bugday,280.0,3496.0499999999997,570.7500000000001,50,409.39,235.28,23.58,18.5,0.37668569007196684,22,18.240645161290324,25.288387096774198,11.190104166666666,736.5500000000002,3906.9199999999996
1988,Süloğlu,Edirne,2010,bugday,350.0,3410.175,546.365,48,829.0000000000001,555.19,26.780000000000005,71.56,0.871577322882701,12,17.63967741935484,23.79677419354838,10.323506944444444,742.0799999999999,3713.16
1988,Süloğlu,Edirne,2011,bugday,297.0,3323.385,510.345,36,525.15,331.51,28.71,68.39999999999999,0.5381394206449684,12,16.49064516129032,22.68,10.498541666666666,674.77,3724.83
1988,Süloğlu,Edirne,2012,bugday,427.0,3282.9849999999997,562.53,70,501.64000000000004,343.05999999999995,88.09,3.69,0.44202246684739516,25,18.034193548387098,24.098387096774193,11.228166089965399,640.3700000000001,4040.29
1988,Süloğlu,Edirne,2013,bugday,352.0,3673.025,604.975,51,608.44,444.13,8.86,70.62,0.5608765840090376,18,19.369032258064514,26.12129032258065,10.660694444444443,759.2800000000001,3907.6099999999997
1988,Süloğlu,Edirne,2014,bugday,408.0,3599.5449999999996,541.72,61,483.57000000000005,163.81000000000003,80.24,109.8,0.48053671825471,8,17.49806451612903,23.233870967741936,10.904722222222224,654.2499999999998,3772.58
1988,Süloğlu,Edirne,2015,bugday,333.0,3292.585,564.465,59,669.39,446.65999999999997,22.220000000000002,63.5,0.6911799285676673,5,18.105806451612903,24.404193548387095,10.11263888888889,736.1900000000002,3773.48
1988,Süloğlu,Edirne,2016,bugday,326.0,3756.54,518.965,54,556.3299999999999,350.76,63.26,23.0,0.5046855588604869,20,16.607741935483872,22.417419354838703,11.116297577854672,645.83,4025.5599999999995
1988,Süloğlu,Edirne,2017,bugday,332.0,3272.91,530.49,46,483.78999999999996,257.82,47.9,57.769999999999996,0.43327810169677455,16,16.99,23.632258064516126,11.577569444444443,696.88,4022.21
1988,Süloğlu,Edirne,2018,bugday,331.0,3645.125,575.925,60,758.1700000000001,454.41,35.48000000000001,107.69000000000001,0.7224146068705211,12,18.41064516129032,24.698387096774194,10.704583333333334,674.3399999999999,3904.03
1988,Süloğlu,Edirne,2019,bugday,340.0,3559.9700000000003,574.69,61,496.35,317.1700000000001,51.559999999999995,35.63999999999999,0.46317007533802573,26,18.274516129032257,25.027419354838706,11.310555555555554,660.11,3843.5499999999997
1988,Süloğlu,Edirne,2020,bugday,286.0,3752.7149999999997,543.2449999999999,51,439.13,192.16,71.26,68.47000000000001,0.39133526993992257,15,17.3441935483871,24.115161290322586,11.677889273356401,655.2299999999999,4067.9399999999996
1988,Süloğlu,Edirne,2021,bugday,433.0,3555.51,533.905,58,716.1500000000001,478.68,58.6,63.760000000000005,0.7228070521708525,9,17.102258064516132,23.206129032258065,10.520138888888889,680.8100000000001,3826.01
1988,Süloğlu,Edirne,2022,bugday,394.0,3445.385,551.33,50,520.54,379.26000000000005,25.990000000000006,44.26999999999998,0.47852092784451133,27,17.686774193548384,25.150645161290324,11.32576388888889,762.4200000000001,3943.88
1988,Süloğlu,Edirne,2023,bugday,576.0,3837.175,506.35,55,403.3,173.08000000000004,46.510000000000005,34.35,0.38595429117729285,14,16.13741935483871,22.204838709677418,11.180208333333333,575.88,3779.36
1988,Süloğlu,Edirne,2024,bugday,419.0,4160.43,523.115,50,445.49999999999994,290.63,42.85,8.760000000000002,0.3591494330327114,31,16.666774193548388,23.37258064516129,11.814636678200692,673.8800000000001,4062.8100000000004
1988,Süloğlu,Edirne,2025,bugday,324.0,3745.26,556.6,68,349.28999999999996,202.5,58.28000000000001,5.659999999999999,0.28004599146133613,27,17.771290322580644,24.93290322580646,12.280868055555556,675.4599999999999,4186.51
2094,Ergene,Tekirdağ,2013,aycicegi_yaglik,243.0,2323.31,512.68,0,122.54999999999998,,6.07,0.9299999999999999,0.09122403651799312,30,24.238709677419354,31.549677419354843,12.913005464480877,803.5100000000001,4128.34
2094,Ergene,Tekirdağ,2014,aycicegi_yaglik,231.0,2202.995,512.0,0,444.75,,47.56,37.29,0.37610114724181515,32,24.278387096774196,31.318709677419353,12.145081967213113,780.4300000000002,3760.33
2094,Ergene,Tekirdağ,2015,aycicegi_yaglik,233.0,2285.4400000000005,530.685,0,201.42000000000002,,2.12,14.309999999999999,0.1557628185196693,34,24.88193548387097,32.72,12.772240437158471,851.7500000000001,4017.7899999999995
2094,Ergene,Tekirdağ,2016,aycicegi_yaglik,226.0,2389.48,545.0249999999999,0,151.21,,7.869999999999999,9.139999999999999,0.11386829169752989,36,25.32193548387097,32.814193548387095,12.967650273224043,831.27,4045.44
2094,Ergene,Tekirdağ,2017,aycicegi_yaglik,244.0,2261.46,519.43,0,261.66,,58.78000000000001,14.99,0.19414312729629687,36,24.49,31.979677419354836,13.509562841530055,802.7799999999997,4059.7899999999995
2094,Ergene,Tekirdağ,2018,aycicegi_yaglik,230.0,2356.22,521.035,0,285.37,,78.63999999999999,2.19,0.22982657883958935,24,24.631290322580647,30.737741935483868,11.982295081967214,740.6800000000001,4002.0599999999995
2094,Ergene,Tekirdağ,2019,aycicegi_yaglik,260.0,2298.165,504.10999999999996,0,198.92000000000002,,44.629999999999995,21.82,0.15318393350102497,30,24.10483870967742,31.39032258064516,12.927650273224042,764.9699999999999,3977.57
2094,Ergene,Tekirdağ,2020,aycicegi_yaglik,256.0,2278.515,522.97,0,215.93,,4.739999999999999,12.219999999999999,0.16145303536133118,38,24.649999999999995,32.0116129032258,13.101857923497267,860.68,4106.630000000001
2094,Ergene,Tekirdağ,2021,aycicegi_yaglik,240.0,2237.3950000000004,563.8950000000001,0,206.01,,11.829999999999998,13.59,0.1642966434791755,41,25.921290322580646,33.38903225806452,12.52360655737705,819.3400000000001,3896.35
2094,Ergene,Tekirdağ,2022,aycicegi_yaglik,193.0,2320.665,526.665,0,210.32999999999998,,23.31,41.260000000000005,0.1578621166562173,37,24.700645161290318,32.17935483870968,13.253989071038253,833.4399999999999,4065.29
2094,Ergene,Tekirdağ,2023,aycicegi_yaglik,108.0,2391.5499999999993,591.8900000000001,0,199.97,,16.310000000000002,6.819999999999999,0.15603613374614833,49,27.013870967741934,34.958709677419364,12.695081967213113,833.3900000000002,3850.9900000000002
2094,Ergene,Tekirdağ,2024,aycicegi_yaglik,149.0,2586.33,609.485,0,155.78,,12.930000000000001,7.8,0.11085494716206765,53,27.39903225806451,34.8316129032258,13.20989071038251,805.9199999999998,4080.6799999999994
2094,Ergene,Tekirdağ,2025,aycicegi_yaglik,100.0,2475.435,625.5299999999999,0,136.54000000000002,,0.8300000000000001,19.45,0.09495709209987169,45,27.885806451612904,36.090645161290325,13.775300546448088,841.8700000000001,4157.780000000001
2094,Ergene,Tekirdağ,2013,bugday,389.0,3561.035,574.565,52,598.86,444.2700000000001,9.219999999999999,63.34,0.580057382654783,11,18.419032258064515,24.769354838709678,10.086527777777778,759.2800000000001,3907.6099999999997
2094,Ergene,Tekirdağ,2014,bugday,428.0,3513.2400000000002,522.775,59,461.56,154.18,82.29,106.43,0.47179394764052945,5,16.91258064516129,22.64451612903226,10.553506944444443,654.2499999999998,3772.58
2094,Ergene,Tekirdağ,2015,bugday,455.0,3213.1150000000002,540.79,63,601.88,417.70000000000005,26.499999999999996,47.84,0.6442251483221643,3,17.240967741935485,23.465161290322584,9.715138888888887,736.1900000000002,3773.48
2094,Ergene,Tekirdağ,2016,bugday,449.0,3679.14,506.795,53,499.2800000000001,327.46000000000004,54.930000000000014,24.369999999999997,0.46723880552379315,20,16.273225806451617,22.06225806451614,10.794013840830448,645.83,4025.5599999999995
2094,Ergene,Tekirdağ,2017,bugday,458.0,3148.73,495.2750000000001,53,501.95000000000005,309.87,36.300000000000004,40.42,0.47373972760313576,13,15.884838709677416,22.041612903225804,10.853333333333333,696.88,4022.21
2094,Ergene,Tekirdağ,2018,bugday,351.0,3533.31,552.38,64,733.69,443.01,43.23,101.41,0.7323884217172224,2,17.62483870967742,23.457419354838706,10.250416666666668,674.3399999999999,3904.03
2094,Ergene,Tekirdağ,2019,bugday,456.0,3411.715,544.2700000000001,62,493.1,333.53,47.31,28.48,0.4871634342421104,17,17.419032258064515,23.805483870967738,10.546249999999999,660.11,3843.5499999999997
2094,Ergene,Tekirdağ,2020,bugday,430.0,3619.28,517.6100000000001,55,438.88,219.32999999999998,72.16000000000001,69.29,0.40995158564361617,11,16.596129032258066,22.99838709677419,11.056089965397923,655.2299999999999,4067.9399999999996
2094,Ergene,Tekirdağ,2021,bugday,545.0,3464.57,515.01,59,610.76,385.26,49.08,63.22,0.6360625833387289,8,16.59741935483871,22.35935483870968,10.110833333333334,680.8100000000001,3826.01
2094,Ergene,Tekirdağ,2022,bugday,438.0,3299.54,520.125,54,504.43999999999994,351.04999999999995,19.88,39.94,0.4929857421462745,16,16.562258064516133,23.703870967741935,10.63170138888889,762.4200000000001,3943.88
2094,Ergene,Tekirdağ,2023,bugday,336.0,3699.885,479.73999999999995,55,360.76,143.29000000000002,36.519999999999996,26.11,0.3616234197946414,10,15.21774193548387,21.01806451612903,10.627256944444444,575.88,3779.36
2094,Ergene,Tekirdağ,2024,bugday,371.0,3976.645,487.195,53,492.25000000000006,337.78000000000003,39.5,7.590000000000001,0.42443318995576274,28,15.538387096774192,21.606129032258064,11.10878892733564,673.8800000000001,4062.8100000000004
2094,Ergene,Tekirdağ,2025,bugday,226.0,3628.035,534.775,71,336.44,204.09,55.43000000000001,2.4499999999999997,0.28443172266678257,21,16.988387096774193,23.903870967741945,11.579965277777777,675.4599999999999,4186.51
2095,Kapaklı,Tekirdağ,2013,aycicegi_yaglik,246.0,2283.5549999999994,491.33,0,104.48,,6.609999999999999,3.0500000000000003,0.09990126622738128,2,23.59161290322581,28.22193548387097,8.669890710382514,788.59,3973.45
2095,Kapaklı,Tekirdağ,2014,aycicegi_yaglik,208.0,2221.5950000000003,506.31500000000005,0,424.98,,32.8,51.96,0.4434586146573827,4,24.135483870967743,28.81999999999999,8.415355191256833,773.7599999999998,3681.81
2095,Kapaklı,Tekirdağ,2015,aycicegi_yaglik,195.0,2222.75,503.00000000000006,0,240.5,,2.07,12.850000000000001,0.24295918331465835,10,24.01290322580645,28.924838709677413,8.407978142076502,816.5599999999998,3850.1000000000004
2095,Kapaklı,Tekirdağ,2016,aycicegi_yaglik,199.0,2339.4849999999997,516.96,0,167.07,,10.589999999999998,15.930000000000003,0.1629519334080408,4,24.48,29.088709677419356,8.590437158469944,800.3399999999999,3909.34
2095,Kapaklı,Tekirdağ,2017,aycicegi_yaglik,244.0,2154.745,493.51499999999993,0,305.87000000000006,,69.3,26.84,0.3013912998239427,7,23.69322580645161,28.41838709677419,8.890382513661203,765.2900000000002,3863.42
2095,Kapaklı,Tekirdağ,2018,aycicegi_yaglik,240.0,2344.5099999999998,520.8,0,321.81000000000006,,83.59,3.8600000000000003,0.3370030294850312,1,24.61483870967742,28.843225806451613,7.870710382513661,760.83,3806.1099999999997
2095,Kapaklı,Tekirdağ,2019,aycicegi_yaglik,250.0,2236.675,486.38500000000005,0,234.29999999999998,,58.97,33.04,0.23556863666848582,3,23.52645161290323,28.098064516129035,8.29224043715847,743.0199999999999,3865.42
2095,Kapaklı,Tekirdağ,2020,aycicegi_yaglik,245.0,2211.5299999999997,497.5299999999999,0,202.31,,4.930000000000001,9.719999999999999,0.1978728792012617,2,23.88677419354839,28.284838709677423,8.529617486338799,803.9700000000001,3954.7500000000005
2095,Kapaklı,Tekirdağ,2021,aycicegi_yaglik,220.0,2187.8100000000004,536.8900000000001,0,222.63000000000002,,17.92,13.039999999999997,0.2250211585791207,16,25.12967741935484,29.785806451612903,8.39415300546448,772.84,3821.6
2095,Kapaklı,Tekirdağ,2022,aycicegi_yaglik,174.0,2219.985,493.71500000000003,0,250.23999999999998,,46.67,45.26,0.24281484393836897,3,23.731612903225805,28.196451612903232,8.666721311475408,826.1899999999999,3973.69
2095,Kapaklı,Tekirdağ,2023,aycicegi_yaglik,107.0,2286.835,554.205,0,206.84999999999997,,12.629999999999999,7.15,0.21196275647730142,17,25.791612903225808,31.065483870967746,8.205956284153006,809.2,3725.74
2095,Kapaklı,Tekirdağ,2024,aycicegi_yaglik,150.0,2496.8999999999996,574.9400000000002,0,172.32,,17.54,7.75,0.16104049283072872,14,26.322580645161292,30.924193548387095,8.491147540983608,774.4100000000002,3954.74
2095,Kapaklı,Tekirdağ,2025,aycicegi_yaglik,130.0,2337.4900000000002,575.4050000000001,0,129.1,,0.3,14.059999999999999,0.11954116811242851,16,26.330645161290327,31.580967741935485,8.817486338797815,813.4899999999999,3994.51
2095,Kapaklı,Tekirdağ,2013,bugday,392.0,3719.6800000000003,571.76,55,623.24,486.9000000000001,8.030000000000001,46.91,0.747295782219883,2,18.264193548387098,22.886774193548387,7.071215277777778,712.5800000000002,3755.56
2095,Kapaklı,Tekirdağ,2014,bugday,428.0,3629.33,527.77,60,418.19,155.32000000000002,71.65,88.44,0.5121337062274534,2,17.013870967741937,21.378387096774198,7.56638888888889,666.13,3671.2599999999993
2095,Kapaklı,Tekirdağ,2015,bugday,379.0,3381.085,532.865,62,661.63,449.87,39.14000000000001,43.24,0.8785978573611516,1,16.92838709677419,21.414193548387097,6.733402777777777,696.1400000000001,3596.07
2095,Kapaklı,Tekirdağ,2016,bugday,412.0,3792.2650000000003,513.03,52,556.88,376.87,52.18,31.17,0.6507445685011757,9,16.44806451612903,20.770967741935483,7.49719723183391,647.2200000000001,3840.8999999999996
2095,Kapaklı,Tekirdağ,2017,bugday,420.0,3235.2250000000004,483.15999999999997,68,602.17,407.96999999999997,34.87,43.46,0.733195593705806,4,15.481612903225805,19.640645161290323,7.397812499999999,673.3499999999999,3787.32
2095,Kapaklı,Tekirdağ,2018,bugday,290.0,3691.445,553.215,57,754.47,484.52,43.900000000000006,91.09,0.9442192424517879,0,17.60161290322581,21.6383870967742,7.191770833333332,587.6999999999999,3710.5499999999997
2095,Kapaklı,Tekirdağ,2019,bugday,380.0,3533.1400000000003,537.73,70,602.3399999999999,420.29999999999995,45.89,31.91,0.7594270768468212,3,17.195483870967745,21.890645161290323,7.0010763888888885,653.04,3666.9599999999996
2095,Kapaklı,Tekirdağ,2020,bugday,391.0,3752.6499999999996,503.47,52,512.21,291.21,75.82999999999998,57.650000000000006,0.6027197344743304,1,16.2,20.675806451612896,7.446262975778548,654.86,3874.3899999999994
2095,Kapaklı,Tekirdağ,2021,bugday,527.0,3643.27,516.915,42,650.78,403.28,48.959999999999994,65.54,0.8156656637291524,2,16.624838709677416,20.809354838709673,7.114513888888889,681.22,3707.88
2095,Kapaklı,Tekirdağ,2022,bugday,398.0,3393.71,501.94499999999994,55,584.62,381.40999999999997,17.490000000000002,47.02,0.7204421570493217,1,15.900645161290322,20.910000000000004,7.197361111111111,761.58,3809.49
2095,Kapaklı,Tekirdağ,2023,bugday,358.0,3764.72,462.485,49,381.76,164.4,33.57,21.58,0.485962425171175,1,14.684838709677422,18.500322580645157,7.158333333333335,576.3999999999999,3629.4399999999996
2095,Kapaklı,Tekirdağ,2024,bugday,371.0,4064.2799999999997,482.81,55,565.8199999999999,405.67,35.77,8.19,0.6264416083397577,8,15.438709677419356,19.517741935483873,7.605813148788927,676.01,3874.3999999999996
2095,Kapaklı,Tekirdağ,2025,bugday,339.0,3692.5299999999997,513.86,58,406.78,280.65999999999997,52.919999999999995,1.9100000000000001,0.4479465819785669,6,16.33451612903226,21.298387096774192,7.752847222222223,665.4399999999999,3945.1099999999997
2096,Süleymanpaşa,Tekirdağ,2013,aycicegi_yaglik,231.0,2450.59,530.3050000000001,0,98.93999999999998,,3.7600000000000002,1.03,0.07862391996341282,22,24.94741935483871,30.833548387096773,10.396174863387978,833.6500000000001,4216.64
2096,Süleymanpaşa,Tekirdağ,2014,aycicegi_yaglik,249.0,2375.3949999999995,534.005,0,409.55000000000007,,45.279999999999994,54.52000000000001,0.36355238755405717,27,25.165161290322576,30.688387096774196,9.901366120218578,812.74,3878.2699999999995
2096,Süleymanpaşa,Tekirdağ,2015,aycicegi_yaglik,224.0,2396.0699999999997,546.5400000000001,0,219.35999999999999,,1.5700000000000003,6.77,0.18146720016489598,29,25.406451612903226,31.744516129032263,10.330273224043717,867.9100000000001,4103.420000000001
2096,Süleymanpaşa,Tekirdağ,2016,aycicegi_yaglik,199.0,2533.7299999999996,561.385,0,126.71999999999998,,4.6899999999999995,4.47,0.10105901875890244,27,25.937741935483874,31.875161290322577,10.402732240437157,857.7399999999999,4180.83
2096,Süleymanpaşa,Tekirdağ,2017,aycicegi_yaglik,225.0,2367.5649999999996,537.8,0,234.37,,44.309999999999995,17.209999999999997,0.1886638548761684,25,25.10129032258065,31.197741935483872,10.87431693989071,807.4400000000002,4114.55
2096,Süleymanpaşa,Tekirdağ,2018,aycicegi_yaglik,230.0,2524.5299999999997,557.21,0,272.72,,79.53,1.01,0.2356901489403988,15,25.91161290322581,30.81548387096775,9.810601092896176,801.0199999999999,3997.41
2096,Süleymanpaşa,Tekirdağ,2019,aycicegi_yaglik,230.0,2419.7349999999997,520.565,0,172.78,,31.849999999999998,19.75,0.1418535054024504,22,24.761612903225803,30.468064516129036,10.292950819672132,807.42,4110.160000000001
2096,Süleymanpaşa,Tekirdağ,2020,aycicegi_yaglik,245.0,2400.71,535.4399999999999,0,219.83,,7.03,10.909999999999998,0.175919927167881,24,25.127096774193554,31.142258064516124,10.639562841530056,860.5100000000001,4171.46
2096,Süleymanpaşa,Tekirdağ,2021,aycicegi_yaglik,250.0,2382.5199999999995,577.4,0,211.36,,13.469999999999997,12.929999999999998,0.17567161913353668,34,26.508064516129032,32.46129032258064,10.046939890710384,821.25,4113.86
2096,Süleymanpaşa,Tekirdağ,2022,aycicegi_yaglik,193.0,2436.91,533.1850000000001,0,193.09999999999997,,21.900000000000002,42.79,0.1540474221869488,22,25.059677419354845,30.976129032258065,10.63912568306011,852.8000000000001,4190.539999999999
2096,Süleymanpaşa,Tekirdağ,2023,aycicegi_yaglik,112.0,2486.13,603.845,0,186.23999999999998,,11.19,3.1899999999999995,0.15877476982097632,44,27.444193548387098,33.73064516129032,10.268415300546447,854.8299999999998,3855.3299999999995
2096,Süleymanpaşa,Tekirdağ,2024,aycicegi_yaglik,180.0,2694.8700000000003,615.275,0,135.59,,7.81,5.0200000000000005,0.10327276785589304,47,27.701935483870965,33.66193548387097,10.677814207650274,814.4600000000003,4174.3
2096,Süleymanpaşa,Tekirdağ,2025,aycicegi_yaglik,135.0,2579.965,626.445,0,125.8,,0.5,11.979999999999999,0.09323491159359303,40,28.054516129032255,34.56741935483871,11.147650273224043,856.89,4286.47
2096,Süleymanpaşa,Tekirdağ,2013,bugday,393.0,3904.7200000000003,597.6299999999999,53,597.46,456.59999999999997,10.27,45.06,0.6134314583686478,8,19.110000000000003,24.22548387096774,8.058020833333334,746.11,3996.11
2096,Süleymanpaşa,Tekirdağ,2014,bugday,428.0,3822.0550000000003,552.25,58,415.09999999999997,147.11,72.56999999999998,77.41999999999999,0.4367910611848886,5,17.793548387096777,22.49516129032258,8.50375,659.97,3955.3300000000004
2096,Süleymanpaşa,Tekirdağ,2015,bugday,424.0,3526.395,560.605,58,646.97,435.45,41.11,49.44999999999999,0.7323459713457006,2,17.986451612903227,22.826451612903224,7.800277777777778,745.0699999999999,3845.34
2096,Süleymanpaşa,Tekirdağ,2016,bugday,427.0,3977.12,543.1650000000001,50,501.23999999999995,339.79999999999995,43.699999999999996,27.389999999999997,0.4889800277111547,18,17.43225806451613,22.194516129032255,8.544048442906574,669.4400000000002,4180.86
2096,Süleymanpaşa,Tekirdağ,2017,bugday,458.0,3444.4750000000004,519.705,65,535.49,357.32000000000005,28.89,45.42999999999999,0.5367115783907817,10,16.690967741935488,21.734193548387097,8.684548611111111,695.48,4103.98
2096,Süleymanpaşa,Tekirdağ,2018,bugday,336.0,3889.63,576.5649999999999,54,693.3799999999999,450.12,38.519999999999996,83.98,0.7260330088654526,2,18.403225806451612,23.19,8.399687499999999,613.8000000000001,3966.41
2096,Süleymanpaşa,Tekirdağ,2019,bugday,433.0,3695.9049999999997,566.9650000000001,66,537.84,379.59000000000003,40.370000000000005,21.8,0.5655724501213801,14,18.18129032258064,23.116774193548384,8.343715277777777,683.9900000000001,3939.18
2096,Süleymanpaşa,Tekirdağ,2020,bugday,375.0,3929.29,540.555,50,461.77,224.69,84.86999999999999,60.78,0.4610703092740688,6,17.358387096774194,22.42354838709677,8.739307958477507,689.65,4117.42
2096,Süleymanpaşa,Tekirdağ,2021,bugday,554.0,3818.0,544.74,39,644.16,399.11999999999995,69.66,56.11,0.6844184950645856,8,17.46903225806452,22.211290322580652,8.008993055555555,730.35,4026.23
2096,Süleymanpaşa,Tekirdağ,2022,bugday,438.0,3608.46,550.65,50,487.48,339.53999999999996,19.099999999999998,32.1,0.49141892032985196,10,17.546774193548384,23.60354838709678,8.661701388888888,777.8999999999999,4095.46
2096,Süleymanpaşa,Tekirdağ,2023,bugday,355.0,3967.4849999999997,497.89000000000004,47,361.31,143.14000000000001,35.46,27.91,0.3881756183044367,6,15.881612903225806,20.64645161290322,8.55875,575.6500000000001,3802.1099999999997
2096,Süleymanpaşa,Tekirdağ,2024,bugday,460.0,4276.360000000001,512.235,48,542.39,395.52,31.230000000000008,4.199999999999999,0.4986182955821726,24,16.412903225806453,21.41258064516129,8.750588235294117,689.61,4183.9
2096,Süleymanpaşa,Tekirdağ,2025,bugday,357.0,3922.4300000000003,561.15,55,354.88,236.89999999999998,52.18,1.7300000000000002,0.3151508248786399,18,17.879999999999995,23.52903225806451,9.27923611111111,722.0400000000001,4337.900000000001
