ilce_id,il,year,crop,verim_kg_da,B0_Climatology,B1_YearTrend,B2_Persistence,B3_ClimateProxy
1307,Edirne,2004,aycicegi_yaglik,171.0,206.04761904761904,195.59047619047624,206.04761904761904,214.48798477901437
1307,Edirne,2005,aycicegi_yaglik,149.0,207.0952380952381,200.1986754966888,171.0,173.58199606489643
1307,Edirne,2006,aycicegi_yaglik,170.0,206.0952380952381,197.3732212160412,149.0,166.9054761473053
1307,Edirne,2007,aycicegi_yaglik,170.0,206.0952380952381,198.21229404309247,170.0,185.741626356109
1307,Edirne,2008,aycicegi_yaglik,149.0,207.0952380952381,201.24782067247816,170.0,178.43368494083734
1307,Edirne,2009,aycicegi_yaglik,150.0,207.04761904761904,201.74171779141102,149.0,174.0069421169028
1307,Edirne,2010,aycicegi_yaglik,248.0,202.38095238095238,195.26121212121188,150.0,140.24357020641355
1307,Edirne,2011,aycicegi_yaglik,206.0,204.38095238095238,199.73529411764684,248.0,170.854392496301
1307,Edirne,2012,aycicegi_yaglik,196.0,204.85714285714286,201.6454112038141,206.0,195.18116142448525
1307,Edirne,2013,aycicegi_yaglik,215.0,203.95238095238096,201.96559905100776,196.0,274.66946047722695
1307,Edirne,2014,aycicegi_yaglik,270.0,201.33333333333334,200.66213017751488,215.0,235.42040331000362
1307,Edirne,2015,aycicegi_yaglik,227.0,203.38095238095238,204.02485207100608,270.0,261.842414437117
1307,Edirne,2016,aycicegi_yaglik,266.0,201.52380952380952,203.30901542111542,227.0,234.8004561345565
1307,Edirne,2017,aycicegi_yaglik,256.0,202.0,204.87544696066743,266.0,247.41307895580212
1307,Edirne,2018,aycicegi_yaglik,276.0,201.04761904761904,204.5672268907565,256.0,242.24263177753846
1307,Edirne,2019,aycicegi_yaglik,282.0,200.76190476190476,204.76787878787877,276.0,263.629392513672
1307,Edirne,2020,aycicegi_yaglik,292.0,200.28571428571428,204.30490797546008,282.0,232.38224036798601
1307,Edirne,2021,aycicegi_yaglik,202.0,204.57142857142858,213.61083437110847,292.0,222.71643849257725
1307,Edirne,2022,aycicegi_yaglik,195.0,204.9047619047619,216.06717363751613,202.0,177.74256954562497
1307,Edirne,2023,aycicegi_yaglik,157.0,206.71428571428572,223.45666235446333,195.0,151.98507146216753
1307,Edirne,2024,aycicegi_yaglik,130.0,208.0,231.16490066225197,157.0,169.93789558499498
1307,Edirne,2025,aycicegi_yaglik,121.0,208.42857142857142,237.25714285714275,130.0,205.97015986764612
1385,Edirne,2004,aycicegi_yaglik,172.0,212.14285714285714,202.29999999999995,212.14285714285714,198.51843077934768
1385,Edirne,2005,aycicegi_yaglik,186.0,211.47619047619048,200.54834437086083,172.0,196.03865238159392
1385,Edirne,2006,aycicegi_yaglik,170.0,212.23809523809524,203.9747736093143,186.0,204.34844721913942
1385,Edirne,2007,aycicegi_yaglik,178.0,211.85714285714286,203.7148288973383,170.0,202.9951509847101
1385,Edirne,2008,aycicegi_yaglik,171.0,212.1904761904762,205.3686176836859,178.0,192.52239093032495
1385,Edirne,2009,aycicegi_yaglik,172.0,212.14285714285714,206.13865030674856,171.0,189.08518146090148
1385,Edirne,2010,aycicegi_yaglik,227.0,209.52380952380952,203.03757575757618,172.0,204.356844247073
1385,Edirne,2011,aycicegi_yaglik,192.0,211.1904761904762,206.80672268907574,227.0,219.43104231742564
1385,Edirne,2012,aycicegi_yaglik,205.0,210.57142857142858,207.3039332538733,192.0,216.02984703806726
1385,Edirne,2013,aycicegi_yaglik,244.0,208.71428571428572,206.6441281138791,205.0,195.26393643526342
1385,Edirne,2014,aycicegi_yaglik,308.0,205.66666666666666,204.97928994082804,244.0,207.05931002324104
1385,Edirne,2015,aycicegi_yaglik,251.0,208.38095238095238,209.02544378698258,308.0,231.9993316054001
1385,Edirne,2016,aycicegi_yaglik,228.0,209.47619047619048,211.40272835112683,251.0,233.4115644193198
1385,Edirne,2017,aycicegi_yaglik,259.0,208.0,210.9290822407629,228.0,231.15546663423714
1385,Edirne,2018,aycicegi_yaglik,233.0,209.23809523809524,213.55462184873977,259.0,226.10580721263955
1385,Edirne,2019,aycicegi_yaglik,212.0,210.23809523809524,216.25212121212144,233.0,202.76244195813285
1385,Edirne,2020,aycicegi_yaglik,224.0,209.66666666666666,216.62883435582808,212.0,172.15634329010845
1385,Edirne,2021,aycicegi_yaglik,250.0,208.42857142857142,215.23038605230363,224.0,208.4163930527211
1385,Edirne,2022,aycicegi_yaglik,241.0,208.85714285714286,217.12167300380202,250.0,208.53455719885778
1385,Edirne,2023,aycicegi_yaglik,231.0,209.33333333333334,219.51940491591222,241.0,225.59923925407543
1385,Edirne,2024,aycicegi_yaglik,132.0,214.04761904761904,237.82847682119154,231.0,235.49588949790405
1385,Edirne,2025,aycicegi_yaglik,141.0,213.61904761904762,240.37619047619046,132.0,234.43054436195325
1464,Edirne,2004,aycicegi_yaglik,171.0,231.33333333333334,235.33333333333337,231.33333333333334,226.11310458344167
1464,Edirne,2005,aycicegi_yaglik,186.0,230.61904761904762,231.50463576158938,171.0,217.29405361499607
1464,Edirne,2006,aycicegi_yaglik,212.0,229.38095238095238,227.11836998706337,186.0,218.4755731226678
1464,Edirne,2007,aycicegi_yaglik,233.0,228.38095238095238,224.69138149556397,212.0,230.17835101659102
1464,Edirne,2008,aycicegi_yaglik,224.0,228.8095238095238,226.20112079701107,233.0,229.7928498393726
1464,Edirne,2009,aycicegi_yaglik,225.0,228.76190476190476,226.51595092024547,224.0,214.9183396620615
1464,Edirne,2010,aycicegi_yaglik,245.0,227.8095238095238,225.45939393939386,225.0,214.32096346784783
1464,Edirne,2011,aycicegi_yaglik,223.0,228.85714285714286,227.4579831932773,245.0,220.9553872506517
1464,Edirne,2012,aycicegi_yaglik,226.0,228.71428571428572,227.68116805721104,223.0,251.90724032709113
1464,Edirne,2013,aycicegi_yaglik,235.0,228.28571428571428,227.63879003558725,226.0,266.73259391255533
1464,Edirne,2014,aycicegi_yaglik,287.0,225.8095238095238,225.5822485207101,235.0,236.99144219588243
1464,Edirne,2015,aycicegi_yaglik,251.0,227.52380952380952,227.72603550295867,287.0,242.24689754868814
1464,Edirne,2016,aycicegi_yaglik,243.0,227.9047619047619,228.49347568208782,251.0,224.85823097289494
1464,Edirne,2017,aycicegi_yaglik,255.0,227.33333333333334,228.18057210965446,243.0,223.04093567749942
1464,Edirne,2018,aycicegi_yaglik,260.0,227.0952380952381,228.09663865546224,255.0,231.39404543705768
1464,Edirne,2019,aycicegi_yaglik,257.0,227.23809523809524,228.43575757575758,260.0,243.08265927760408
1464,Edirne,2020,aycicegi_yaglik,249.0,227.61904761904762,229.21104294478516,257.0,236.27286063152724
1464,Edirne,2021,aycicegi_yaglik,279.0,226.1904761904762,226.2733499377335,249.0,219.71131610511065
1464,Edirne,2022,aycicegi_yaglik,268.0,226.71428571428572,227.13117870722436,279.0,203.09414497477064
1464,Edirne,2023,aycicegi_yaglik,189.0,230.47619047619048,238.2399741267791,268.0,221.9478896632845
1464,Edirne,2024,aycicegi_yaglik,156.0,232.04761904761904,245.5860927152312,189.0,241.79797878824684
1464,Edirne,2025,aycicegi_yaglik,155.0,232.0952380952381,248.70952380952394,156.0,246.07730500241087
1502,Edirne,2004,aycicegi_yaglik,145.0,179.23809523809524,172.9809523809522,179.23809523809524,159.9924058216211
1502,Edirne,2005,aycicegi_yaglik,149.0,179.04761904761904,172.6046357615894,145.0,161.07766942089074
1502,Edirne,2006,aycicegi_yaglik,127.0,180.0952380952381,176.28848641655884,149.0,177.0211497745545
1502,Edirne,2007,aycicegi_yaglik,127.0,180.0952380952381,176.2997465145753,127.0,167.67470279141617
1502,Edirne,2008,aycicegi_yaglik,134.0,179.76190476190476,175.7141967621419,127.0,164.0953892265029
1502,Edirne,2009,aycicegi_yaglik,165.0,178.28571428571428,173.3969325153373,134.0,167.0796909625742
1502,Edirne,2010,aycicegi_yaglik,250.0,174.23809523809524,168.02848484848482,165.0,164.73699496534664
1502,Edirne,2011,aycicegi_yaglik,206.0,176.33333333333334,172.54621848739475,250.0,173.65215052244548
1502,Edirne,2012,aycicegi_yaglik,167.0,178.1904761904762,175.8974970202621,206.0,184.86662828898852
1502,Edirne,2013,aycicegi_yaglik,191.0,177.04761904761904,175.59134045077099,167.0,203.58103636176838
1502,Edirne,2014,aycicegi_yaglik,232.0,175.0952380952381,174.60650887573956,191.0,206.24799607232308
1502,Edirne,2015,aycicegi_yaglik,205.0,176.38095238095238,176.84437869822477,232.0,152.63171468652536
1502,Edirne,2016,aycicegi_yaglik,183.0,177.42857142857142,178.83274021352304,205.0,176.65490753974018
1502,Edirne,2017,aycicegi_yaglik,197.0,176.76190476190476,178.987485101311,183.0,179.67747177488536
1502,Edirne,2018,aycicegi_yaglik,201.0,176.57142857142858,179.5630252100841,197.0,188.6646311016152
1502,Edirne,2019,aycicegi_yaglik,201.0,176.57142857142858,180.32181818181834,201.0,190.2618719988127
1502,Edirne,2020,aycicegi_yaglik,204.0,176.42857142857142,180.78711656441715,201.0,233.17428230679434
1502,Edirne,2021,aycicegi_yaglik,202.0,176.52380952380952,181.63885429638867,204.0,203.48475951881164
1502,Edirne,2022,aycicegi_yaglik,214.0,175.95238095238096,180.82065906210414,202.0,172.32208078670237
1502,Edirne,2023,aycicegi_yaglik,261.0,173.71428571428572,174.32535575679174,214.0,126.265419528135
1502,Edirne,2024,aycicegi_yaglik,78.0,182.42857142857142,204.94635761589416,261.0,186.27584644490253
1502,Edirne,2025,aycicegi_yaglik,70.0,182.8095238095238,211.12380952380954,78.0,198.66207582680818
1523,Edirne,2004,aycicegi_yaglik,145.0,233.85714285714286,192.85714285714312,233.85714285714286,199.64673266596583
1523,Edirne,2005,aycicegi_yaglik,127.0,234.71428571428572,199.73774834437063,145.0,207.41071653472136
1523,Edirne,2006,aycicegi_yaglik,211.0,230.71428571428572,190.73868046571806,127.0,193.46268644004704
1523,Edirne,2007,aycicegi_yaglik,170.0,232.66666666666666,200.98415716096315,211.0,199.44525821402658
1523,Edirne,2008,aycicegi_yaglik,186.0,231.9047619047619,203.53611457036095,170.0,203.16476517299634
1523,Edirne,2009,aycicegi_yaglik,255.0,228.61904761904762,201.9754601226996,186.0,202.6435382040945
1523,Edirne,2010,aycicegi_yaglik,330.0,225.04761904761904,201.72787878787858,255.0,200.91029881867325
1523,Edirne,2011,aycicegi_yaglik,198.0,231.33333333333334,215.8445378151264,330.0,214.9521010217186
1523,Edirne,2012,aycicegi_yaglik,189.0,231.76190476190476,220.74851013110856,198.0,219.54497745071785
1523,Edirne,2013,aycicegi_yaglik,239.0,229.38095238095238,222.5883748517208,189.0,215.8855297217342
1523,Edirne,2014,aycicegi_yaglik,253.0,228.71428571428572,226.45680473372704,239.0,221.06036745182428
1523,Edirne,2015,aycicegi_yaglik,220.0,230.28571428571428,232.53905325443884,253.0,230.63188473203445
1523,Edirne,2016,aycicegi_yaglik,205.0,231.0,237.83629893238322,220.0,236.5050687907442
1523,Edirne,2017,aycicegi_yaglik,219.0,230.33333333333334,241.74970202622353,205.0,243.88387572298416
1523,Edirne,2018,aycicegi_yaglik,209.0,230.8095238095238,247.10924369747772,219.0,246.09327270295398
1523,Edirne,2019,aycicegi_yaglik,314.0,225.8095238095238,244.38848484848495,209.0,244.0392039549797
1523,Edirne,2020,aycicegi_yaglik,286.0,227.14285714285714,250.62269938650388,314.0,248.0979565361149
1523,Edirne,2021,aycicegi_yaglik,313.0,225.85714285714286,252.05603985056132,286.0,246.59176975065475
1523,Edirne,2022,aycicegi_yaglik,352.0,224.0,251.02471482889814,313.0,238.9776760703735
1523,Edirne,2023,aycicegi_yaglik,239.0,229.38095238095238,270.30012936610547,352.0,283.6410741379568
1523,Edirne,2024,aycicegi_yaglik,199.0,231.28571428571428,282.99735099337704,239.0,284.80702482755623
1523,Edirne,2025,aycicegi_yaglik,197.0,231.38095238095238,290.8666666666668,199.0,294.17223601121805
1295,Edirne,2004,aycicegi_yaglik,173.0,212.9047619047619,204.74761904761908,212.9047619047619,190.24361018344007
1295,Edirne,2005,aycicegi_yaglik,186.0,212.28571428571428,202.97086092715222,173.0,195.34123341557006
1295,Edirne,2006,aycicegi_yaglik,212.0,211.04761904761904,200.07244501940477,186.0,193.9567284037912
1295,Edirne,2007,aycicegi_yaglik,123.0,215.28571428571428,212.4543726235741,212.0,214.95778777345777
1295,Edirne,2008,aycicegi_yaglik,138.0,214.57142857142858,210.58655043586543,123.0,192.07935103969157
1295,Edirne,2009,aycicegi_yaglik,172.0,212.95238095238096,207.79141104294467,138.0,190.34496455350563
1295,Edirne,2010,aycicegi_yaglik,298.0,206.95238095238096,199.31757575757592,172.0,173.7714723924455
1295,Edirne,2011,aycicegi_yaglik,206.0,211.33333333333334,207.2521008403362,298.0,188.94617713798198
1295,Edirne,2012,aycicegi_yaglik,187.0,212.23809523809524,209.47616209773537,206.0,253.46344560337184
1295,Edirne,2013,aycicegi_yaglik,225.0,210.42857142857142,208.6281138790032,187.0,254.68173083311558
1295,Edirne,2014,aycicegi_yaglik,290.0,207.33333333333334,206.72307692307731,225.0,227.7714043739643
1295,Edirne,2015,aycicegi_yaglik,227.0,210.33333333333334,210.91420118343217,290.0,211.4694916819526
1295,Edirne,2016,aycicegi_yaglik,237.0,209.85714285714286,211.54626334519548,227.0,230.58761491785026
1295,Edirne,2017,aycicegi_yaglik,252.0,209.14285714285714,211.77353992848634,237.0,218.32539016419287
1295,Edirne,2018,aycicegi_yaglik,262.0,208.66666666666666,212.0420168067228,252.0,226.61500803928084
1295,Edirne,2019,aycicegi_yaglik,262.0,208.66666666666666,212.75757575757598,262.0,228.65196933258085
1295,Edirne,2020,aycicegi_yaglik,254.0,209.04761904761904,214.0601226993865,262.0,247.1143791462373
1295,Edirne,2021,aycicegi_yaglik,258.0,208.85714285714286,214.2851805728517,254.0,199.76370473413772
1295,Edirne,2022,aycicegi_yaglik,250.0,209.23809523809524,215.74271229404303,258.0,185.19456559104128
1295,Edirne,2023,aycicegi_yaglik,202.0,211.52380952380952,223.30012936610638,250.0,198.87316527655366
1295,Edirne,2024,aycicegi_yaglik,123.0,215.28571428571428,238.77417218543087,202.0,220.84538161601995
1295,Edirne,2025,aycicegi_yaglik,107.0,216.04761904761904,246.54761904761926,123.0,233.62832188770972
1988,Edirne,2004,aycicegi_yaglik,188.0,219.14285714285714,183.5142857142855,219.14285714285714,183.34806724863392
1988,Edirne,2005,aycicegi_yaglik,164.0,220.28571428571428,191.51788079470225,188.0,191.74599550537005
1988,Edirne,2006,aycicegi_yaglik,212.0,218.0,187.5407503234146,164.0,186.81300018559432
1988,Edirne,2007,aycicegi_yaglik,170.0,220.0,196.74904942965713,212.0,196.7664016015624
1988,Edirne,2008,aycicegi_yaglik,149.0,221.0,201.9533001245327,170.0,203.02627472868335
1988,Edirne,2009,aycicegi_yaglik,165.0,220.23809523809524,203.25092024539845,149.0,203.95872657877317
1988,Edirne,2010,aycicegi_yaglik,300.0,213.8095238095238,196.3066666666664,165.0,192.04598709686616
1988,Edirne,2011,aycicegi_yaglik,182.0,219.42857142857142,208.1260504201673,300.0,209.6575735705428
1988,Edirne,2012,aycicegi_yaglik,208.0,218.1904761904762,209.8605482717512,182.0,210.0389112011162
1988,Edirne,2013,aycicegi_yaglik,221.0,217.57142857142858,212.54270462633394,208.0,212.56192177924186
1988,Edirne,2014,aycicegi_yaglik,263.0,215.57142857142858,213.88816568047332,221.0,213.18481945131043
1988,Edirne,2015,aycicegi_yaglik,212.0,218.0,219.67100591716007,263.0,219.83278826298192
1988,Edirne,2016,aycicegi_yaglik,194.0,218.85714285714286,223.9430604982208,212.0,225.79259953054134
1988,Edirne,2017,aycicegi_yaglik,216.0,217.8095238095238,226.22884386174064,194.0,226.89130302406102
1988,Edirne,2018,aycicegi_yaglik,228.0,217.23809523809524,228.9327731092444,216.0,228.753899599933
1988,Edirne,2019,aycicegi_yaglik,227.0,217.28571428571428,232.4345454545455,228.0,232.95712131105756
1988,Edirne,2020,aycicegi_yaglik,264.0,215.52380952380952,232.76196319018436,227.0,225.3480839284175
1988,Edirne,2021,aycicegi_yaglik,302.0,213.71428571428572,231.90410958904067,264.0,229.6382625439801
1988,Edirne,2022,aycicegi_yaglik,270.0,215.23809523809524,238.1495564005072,302.0,236.1751308323437
1988,Edirne,2023,aycicegi_yaglik,302.0,213.71428571428572,236.48253557567932,270.0,233.672634973188
1988,Edirne,2024,aycicegi_yaglik,194.0,218.85714285714286,257.324503311258,302.0,261.2600992202333
1988,Edirne,2025,aycicegi_yaglik,159.0,220.52380952380952,270.052380952382,194.0,278.25233271279103
1705,Edirne,2004,aycicegi_yaglik,188.0,227.33333333333334,213.96190476190486,227.33333333333334,182.4527545126948
1705,Edirne,2005,aycicegi_yaglik,194.0,227.04761904761904,214.02384105960255,188.0,196.13559087228168
1705,Edirne,2006,aycicegi_yaglik,220.0,225.8095238095238,211.5187580853817,194.0,195.03540361421437
1705,Edirne,2007,aycicegi_yaglik,127.0,230.23809523809524,224.77503168567796,220.0,204.85514477344623
1705,Edirne,2008,aycicegi_yaglik,149.0,229.1904761904762,222.49003735990027,127.0,197.61740782350716
1705,Edirne,2009,aycicegi_yaglik,150.0,229.14285714285714,222.97668711656456,149.0,207.76960609472098
1705,Edirne,2010,aycicegi_yaglik,350.0,219.61904761904762,209.060606060606,150.0,192.85271031195225
1705,Edirne,2011,aycicegi_yaglik,248.0,224.47619047619048,218.46218487394935,350.0,193.61356656095995
1705,Edirne,2012,aycicegi_yaglik,202.0,226.66666666666666,222.83075089392105,248.0,266.0487640974443
1705,Edirne,2013,aycicegi_yaglik,233.0,225.1904761904762,222.7692763938312,202.0,346.13161512689294
1705,Edirne,2014,aycicegi_yaglik,319.0,221.0952380952381,220.26804733727795,233.0,251.47334851692358
1705,Edirne,2015,aycicegi_yaglik,219.0,225.85714285714286,226.65739644970427,319.0,253.95843672707815
1705,Edirne,2016,aycicegi_yaglik,231.0,225.28571428571428,227.67081850533805,219.0,244.99688157530363
1705,Edirne,2017,aycicegi_yaglik,245.0,224.61904761904762,228.48688915375487,231.0,255.97085892351333
1705,Edirne,2018,aycicegi_yaglik,253.0,224.23809523809524,229.48319327731133,245.0,258.5237153385251
1705,Edirne,2019,aycicegi_yaglik,303.0,221.85714285714286,227.22363636363616,253.0,236.5505770459731
1705,Edirne,2020,aycicegi_yaglik,321.0,221.0,226.39202453987718,303.0,244.85596380682273
1705,Edirne,2021,aycicegi_yaglik,303.0,221.85714285714286,228.5074719800748,321.0,244.9339920917064
1705,Edirne,2022,aycicegi_yaglik,261.0,223.85714285714286,234.0323193916347,303.0,202.24925310679828
1705,Edirne,2023,aycicegi_yaglik,163.0,228.52380952380952,249.48188874514835,261.0,213.7143676634878
1705,Edirne,2024,aycicegi_yaglik,128.0,230.1904761904762,259.3801324503311,163.0,218.27442126479036
1705,Edirne,2025,aycicegi_yaglik,155.0,228.9047619047619,259.2619047619046,128.0,222.6321624511247
1412,Edirne,2004,aycicegi_yaglik,154.0,211.14285714285714,219.29999999999995,211.14285714285714,232.19609422283474
1412,Edirne,2005,aycicegi_yaglik,186.0,209.61904761904762,212.07748344370862,154.0,211.9283688298766
1412,Edirne,2006,aycicegi_yaglik,212.0,208.38095238095238,207.72380336351875,186.0,207.41283126699275
1412,Edirne,2007,aycicegi_yaglik,187.0,209.57142857142858,210.90494296577947,212.0,210.21891713426777
1412,Edirne,2008,aycicegi_yaglik,186.0,209.61904761904762,210.62702366127024,187.0,210.24556916130615
1412,Edirne,2009,aycicegi_yaglik,187.0,209.57142857142858,210.21349693251537,186.0,209.72987219258852
1412,Edirne,2010,aycicegi_yaglik,300.0,204.1904761904762,201.68060606060612,187.0,172.04057416019526
1412,Edirne,2011,aycicegi_yaglik,206.0,208.66666666666666,208.58403361344537,300.0,208.01789037486114
1412,Edirne,2012,aycicegi_yaglik,169.0,210.42857142857142,210.6507747318236,206.0,212.83284906627148
1412,Edirne,2013,aycicegi_yaglik,214.0,208.28571428571428,208.21886120996442,169.0,209.18643196526568
1412,Edirne,2014,aycicegi_yaglik,285.0,204.9047619047619,204.86390532544377,214.0,205.01864028605183
1412,Edirne,2015,aycicegi_yaglik,222.0,207.9047619047619,207.91775147928993,285.0,208.90294736731536
1412,Edirne,2016,aycicegi_yaglik,184.0,209.71428571428572,209.83451957295375,222.0,213.95216288190935
1412,Edirne,2017,aycicegi_yaglik,217.0,208.14285714285714,208.1632896305125,184.0,209.91609707062986
1412,Edirne,2018,aycicegi_yaglik,266.0,205.8095238095238,205.04621848739498,217.0,201.92235162823064
1412,Edirne,2019,aycicegi_yaglik,267.0,205.76190476190476,204.41696969696966,266.0,203.4823682058797
1412,Edirne,2020,aycicegi_yaglik,247.0,206.71428571428572,205.4147239263803,267.0,205.78404224103906
1412,Edirne,2021,aycicegi_yaglik,214.0,208.28571428571428,208.219800747198,247.0,208.8819383373931
1412,Edirne,2022,aycicegi_yaglik,252.0,206.47619047619048,203.50633713561479,214.0,196.4759556121553
1412,Edirne,2023,aycicegi_yaglik,147.0,211.47619047619048,217.82147477360945,252.0,218.7601185901408
1412,Edirne,2024,aycicegi_yaglik,142.0,211.71428571428572,220.4125827814571,147.0,221.75342353606266
1412,Edirne,2025,aycicegi_yaglik,144.0,211.61904761904762,222.17619047619064,142.0,223.88462960938978
1163,Kırklareli,2004,aycicegi_yaglik,154.0,218.23809523809524,175.8809523809523,218.23809523809524,173.20171044015478
1163,Kırklareli,2005,aycicegi_yaglik,149.0,218.47619047619048,180.98609271523128,154.0,179.64748769972903
1163,Kırklareli,2006,aycicegi_yaglik,170.0,217.47619047619048,181.89327296248393,149.0,178.90915678519195
1163,Kırklareli,2007,aycicegi_yaglik,170.0,217.47619047619048,186.2648922686949,170.0,185.36778751971906
1163,Kırklareli,2008,aycicegi_yaglik,186.0,216.71428571428572,188.86986301369961,170.0,186.26646035942395
1163,Kırklareli,2009,aycicegi_yaglik,187.0,216.66666666666666,193.20674846625752,186.0,191.2370488836914
1163,Kırklareli,2010,aycicegi_yaglik,172.0,217.38095238095238,198.64303030303017,187.0,192.9030876491197
1163,Kırklareli,2011,aycicegi_yaglik,149.0,218.47619047619048,204.20588235294144,172.0,199.8760738234887
1163,Kırklareli,2012,aycicegi_yaglik,218.0,215.1904761904762,204.32479141835483,149.0,397.86917424476815
1163,Kırklareli,2013,aycicegi_yaglik,266.0,212.9047619047619,206.28706998813686,218.0,209.85980362061127
1163,Kırklareli,2014,aycicegi_yaglik,250.0,213.66666666666666,211.5023668639069,266.0,213.53270020284617
1163,Kırklareli,2015,aycicegi_yaglik,260.0,213.1904761904762,215.33017751479292,250.0,213.93630126092648
1163,Kırklareli,2016,aycicegi_yaglik,202.0,215.95238095238096,222.4655990510082,260.0,219.1069022538777
1163,Kırklareli,2017,aycicegi_yaglik,223.0,214.95238095238096,225.7371871275327,202.0,221.71762943374233
1163,Kırklareli,2018,aycicegi_yaglik,279.0,212.28571428571428,226.5966386554628,223.0,223.5725660604112
1163,Kırklareli,2019,aycicegi_yaglik,278.0,212.33333333333334,230.57333333333372,279.0,227.76983300769098
1163,Kırklareli,2020,aycicegi_yaglik,300.0,211.28571428571428,232.55398773006254,278.0,235.5130249230233
1163,Kırklareli,2021,aycicegi_yaglik,282.0,212.14285714285714,237.9277708592772,300.0,235.05748473790118
1163,Kırklareli,2022,aycicegi_yaglik,313.0,210.66666666666666,237.9670468948043,282.0,236.0557471397915
1163,Kırklareli,2023,aycicegi_yaglik,192.0,216.42857142857142,258.73221216041384,313.0,258.08328366760907
1163,Kırklareli,2024,aycicegi_yaglik,225.0,214.85714285714286,259.43973509933676,192.0,259.0354780860562
1163,Kırklareli,2025,aycicegi_yaglik,112.0,220.23809523809524,288.46666666666715,225.0,288.52684759322983
1480,Kırklareli,2004,aycicegi_yaglik,68.0,148.71428571428572,144.8571428571429,148.71428571428572,119.7018791477094
1480,Kırklareli,2005,aycicegi_yaglik,52.0,149.47619047619048,147.06688741721854,68.0,129.1865406578563
1480,Kırklareli,2006,aycicegi_yaglik,127.0,145.9047619047619,135.38357050452805,52.0,95.87580979584527
1480,Kırklareli,2007,aycicegi_yaglik,127.0,145.9047619047619,136.62991128010162,127.0,123.22226431289891
1480,Kırklareli,2008,aycicegi_yaglik,149.0,144.85714285714286,135.5933997509337,127.0,127.4845983201667
1480,Kırklareli,2009,aycicegi_yaglik,112.0,146.61904761904762,140.36257668711687,149.0,139.11593831141
1480,Kırklareli,2010,aycicegi_yaglik,146.0,145.0,138.87999999999965,112.0,146.14447067070432
1480,Kırklareli,2011,aycicegi_yaglik,165.0,144.0952380952381,139.0924369747895,146.0,149.00112103171887
1480,Kırklareli,2012,aycicegi_yaglik,196.0,142.61904761904762,138.8915375446959,165.0,166.04638337751203
1480,Kırklareli,2013,aycicegi_yaglik,230.0,141.0,138.77402135231296,196.0,151.30595290466954
1480,Kırklareli,2014,aycicegi_yaglik,186.0,143.0952380952381,142.4213017751481,230.0,150.05597516880152
1480,Kırklareli,2015,aycicegi_yaglik,181.0,143.33333333333334,143.98343195266307,186.0,169.40410332334613
1480,Kırklareli,2016,aycicegi_yaglik,164.0,144.14285714285714,146.07829181494662,181.0,166.0629547377721
1480,Kırklareli,2017,aycicegi_yaglik,159.0,144.38095238095238,147.60190703218132,164.0,183.3884489318516
1480,Kırklareli,2018,aycicegi_yaglik,163.0,144.1904761904762,148.60924369747863,159.0,191.55640826317358
1480,Kırklareli,2019,aycicegi_yaglik,164.0,144.14285714285714,149.75090909090932,163.0,219.14800763916355
1480,Kırklareli,2020,aycicegi_yaglik,187.0,143.04761904761904,148.9576687116562,164.0,144.84829670777435
1480,Kırklareli,2021,aycicegi_yaglik,167.0,144.0,151.83561643835628,187.0,121.53730969155185
1480,Kırklareli,2022,aycicegi_yaglik,128.0,145.85714285714286,157.75285171102632,167.0,129.4803952402126
1480,Kırklareli,2023,aycicegi_yaglik,122.0,146.14285714285714,160.6875808538166,128.0,118.30492531800155
1480,Kırklareli,2024,aycicegi_yaglik,128.0,145.85714285714286,162.0529801324501,122.0,131.6486728804921
1480,Kırklareli,2025,aycicegi_yaglik,70.0,148.61904761904762,176.37619047619046,128.0,154.72585964203972
1505,Kırklareli,2004,aycicegi_yaglik,188.0,220.38095238095238,223.1952380952381,220.38095238095238,180.90014375030023
1505,Kırklareli,2005,aycicegi_yaglik,186.0,220.47619047619048,222.79801324503313,188.0,192.75536319811636
1505,Kırklareli,2006,aycicegi_yaglik,212.0,219.23809523809524,218.34217335058216,186.0,184.7664641011288
1505,Kırklareli,2007,aycicegi_yaglik,212.0,219.23809523809524,218.39480354879595,212.0,211.90844904715505
1505,Kırklareli,2008,aycicegi_yaglik,186.0,220.47619047619048,221.1326276463263,212.0,215.4775868685274
1505,Kırklareli,2009,aycicegi_yaglik,187.0,220.42857142857142,220.7042944785276,186.0,224.0562438845518
1505,Kırklareli,2010,aycicegi_yaglik,209.0,219.38095238095238,218.8557575757576,187.0,186.95705572049883
1505,Kırklareli,2011,aycicegi_yaglik,190.0,220.28571428571428,220.13025210084032,209.0,201.35137205032788
1505,Kırklareli,2012,aycicegi_yaglik,237.0,218.04761904761904,217.48033373063163,190.0,276.6875848563659
1505,Kırklareli,2013,aycicegi_yaglik,228.0,218.47619047619048,218.19632265717672,237.0,299.80786454512236
1505,Kırklareli,2014,aycicegi_yaglik,282.0,215.9047619047619,215.8005917159763,228.0,267.3338896642754
1505,Kırklareli,2015,aycicegi_yaglik,274.0,216.28571428571428,216.35325443786985,282.0,217.18614602909565
1505,Kırklareli,2016,aycicegi_yaglik,249.0,217.47619047619048,217.6465005931198,274.0,232.2331678530545
1505,Kırklareli,2017,aycicegi_yaglik,245.0,217.66666666666666,217.8891537544696,249.0,219.66103165314962
1505,Kırklareli,2018,aycicegi_yaglik,249.0,217.47619047619048,217.61344537815125,245.0,256.8690925762894
1505,Kırklareli,2019,aycicegi_yaglik,319.0,214.14285714285714,212.34909090909082,249.0,251.739388826697
1505,Kırklareli,2020,aycicegi_yaglik,277.0,216.14285714285714,214.84907975460123,319.0,263.3486556962489
1505,Kırklareli,2021,aycicegi_yaglik,230.0,218.38095238095238,218.92714819427147,277.0,200.04943069830188
1505,Kırklareli,2022,aycicegi_yaglik,195.0,220.04761904761904,223.19264892268689,230.0,184.09389373510203
1505,Kırklareli,2023,aycicegi_yaglik,188.0,220.38095238095238,224.9799482535576,195.0,176.23852700422867
1505,Kırklareli,2024,aycicegi_yaglik,181.0,220.71428571428572,227.2609271523179,188.0,194.11257291338552
1505,Kırklareli,2025,aycicegi_yaglik,92.0,224.95238095238096,246.93809523809523,181.0,205.55573255972922
1471,Kırklareli,2004,aycicegi_yaglik,154.0,207.71428571428572,160.6571428571424,207.71428571428572,119.7972928689087
1471,Kırklareli,2005,aycicegi_yaglik,149.0,207.95238095238096,166.45496688741878,154.0,142.35554544339539
1471,Kırklareli,2006,aycicegi_yaglik,161.0,207.38095238095238,169.2930142302721,149.0,150.15194954495746
1471,Kırklareli,2007,aycicegi_yaglik,153.0,207.76190476190476,174.99302915082262,161.0,184.54171030747966
1471,Kırklareli,2008,aycicegi_yaglik,149.0,207.95238095238096,179.82503113324947,153.0,186.8169797938026
1471,Kırklareli,2009,aycicegi_yaglik,150.0,207.9047619047619,184.0184049079744,149.0,191.29065247986
1471,Kırklareli,2010,aycicegi_yaglik,143.0,208.23809523809524,188.7957575757573,150.0,168.33597192499292
1471,Kırklareli,2011,aycicegi_yaglik,161.0,207.38095238095238,191.85294117647027,143.0,198.3946379821282
1471,Kırklareli,2012,aycicegi_yaglik,230.0,204.0952380952381,192.4064362336121,161.0,240.84656970324068
1471,Kırklareli,2013,aycicegi_yaglik,251.0,203.0952380952381,196.10260972716424,230.0,226.89095654338234
1471,Kırklareli,2014,aycicegi_yaglik,248.0,203.23809523809524,200.9420118343187,251.0,224.0748978696538
1471,Kırklareli,2015,aycicegi_yaglik,241.0,203.57142857142858,205.84319526627223,248.0,215.90992787183131
1471,Kırklareli,2016,aycicegi_yaglik,191.0,205.95238095238096,212.8570581257427,241.0,189.20813422338688
1471,Kırklareli,2017,aycicegi_yaglik,275.0,201.95238095238096,212.9040524433858,191.0,213.49806484535293
1471,Kırklareli,2018,aycicegi_yaglik,243.0,203.47619047619048,219.1050420168085,275.0,228.07123833774676
1471,Kırklareli,2019,aycicegi_yaglik,265.0,202.42857142857142,221.93636363636233,243.0,255.79176330095288
1471,Kırklareli,2020,aycicegi_yaglik,289.0,201.28571428571428,224.06564417178015,265.0,225.41558907988656
1471,Kırklareli,2021,aycicegi_yaglik,253.0,203.0,231.59838107098403,289.0,217.19575615595022
1471,Kırklareli,2022,aycicegi_yaglik,248.0,203.23809523809524,236.71989860583017,253.0,207.59103746728942
1471,Kırklareli,2023,aycicegi_yaglik,222.0,204.47619047619048,245.26131953428194,248.0,227.32664906441642
1471,Kırklareli,2024,aycicegi_yaglik,206.0,205.23809523809524,253.6913907284761,222.0,241.0163303800873
1471,Kırklareli,2025,aycicegi_yaglik,134.0,208.66666666666666,274.98095238095266,206.0,267.6711220119578
1572,Kırklareli,2004,aycicegi_yaglik,128.0,226.04761904761904,199.99047619047633,226.04761904761904,190.78868359738408
1572,Kırklareli,2005,aycicegi_yaglik,164.0,224.33333333333334,195.64039735099323,128.0,198.97890933316012
1572,Kırklareli,2006,aycicegi_yaglik,195.0,222.85714285714286,194.08344113842213,164.0,208.5323565972758
1572,Kırklareli,2007,aycicegi_yaglik,170.0,224.04761904761904,200.7762991128011,195.0,169.28462489699086
1572,Kırklareli,2008,aycicegi_yaglik,186.0,223.28571428571428,202.14943960149503,170.0,174.50441891301307
1572,Kırklareli,2009,aycicegi_yaglik,187.0,223.23809523809524,205.3263803680984,186.0,170.8713024653589
1572,Kırklareli,2010,aycicegi_yaglik,175.0,223.8095238095238,209.44303030303035,187.0,137.62219488324627
1572,Kırklareli,2011,aycicegi_yaglik,207.0,222.28571428571428,210.52100840336152,175.0,171.95421307051947
1572,Kırklareli,2012,aycicegi_yaglik,276.0,219.0,210.07270560190682,207.0,258.54518198195365
1572,Kırklareli,2013,aycicegi_yaglik,240.0,220.71428571428572,215.5854092526688,276.0,313.306860570392
1572,Kırklareli,2014,aycicegi_yaglik,279.0,218.85714285714286,217.1508875739646,240.0,272.44792971286734
1572,Kırklareli,2015,aycicegi_yaglik,282.0,218.71428571428572,220.3840236686392,279.0,230.18683397573113
1572,Kırklareli,2016,aycicegi_yaglik,192.0,223.0,228.16014234875547,282.0,213.53804459594903
1572,Kırklareli,2017,aycicegi_yaglik,239.0,220.76190476190476,229.1287246722295,192.0,245.34244886030865
1572,Kırklareli,2018,aycicegi_yaglik,307.0,217.52380952380952,228.19747899159665,239.0,241.39333503607486
1572,Kırklareli,2019,aycicegi_yaglik,258.0,219.85714285714286,234.48545454545456,307.0,270.5325464097841
1572,Kırklareli,2020,aycicegi_yaglik,325.0,216.66666666666666,231.90245398773095,258.0,295.5518959928013
1572,Kırklareli,2021,aycicegi_yaglik,306.0,217.57142857142858,236.01681195516812,325.0,269.85666719462097
1572,Kırklareli,2022,aycicegi_yaglik,296.0,218.04761904761904,239.61470215462668,306.0,205.957805626349
1572,Kırklareli,2023,aycicegi_yaglik,158.0,224.61904761904762,262.2231565329894,296.0,205.3987065169349
1572,Kırklareli,2024,aycicegi_yaglik,177.0,223.71428571428572,265.2033112582767,158.0,207.09636393339315
1572,Kırklareli,2025,aycicegi_yaglik,128.0,226.04761904761904,281.51904761904734,177.0,256.94981880751584
1577,Kırklareli,2004,aycicegi_yaglik,158.0,216.0952380952381,188.16666666666788,216.0952380952381,179.20611229953283
1577,Kırklareli,2005,aycicegi_yaglik,149.0,216.52380952380952,192.32052980132448,158.0,183.510006171422
1577,Kırklareli,2006,aycicegi_yaglik,195.0,214.33333333333334,187.93531694695957,149.0,185.90755304833874
1577,Kırklareli,2007,aycicegi_yaglik,161.0,215.95238095238096,195.48795944233188,195.0,160.515250004888
1577,Kırklareli,2008,aycicegi_yaglik,142.0,216.85714285714286,200.03300124533052,161.0,164.06964286565744
1577,Kırklareli,2009,aycicegi_yaglik,187.0,214.71428571428572,198.43312883435465,142.0,171.79646725443126
1577,Kırklareli,2010,aycicegi_yaglik,140.0,216.95238095238096,204.8503030303027,187.0,171.85341419243014
1577,Kırklareli,2011,aycicegi_yaglik,206.0,213.8095238095238,203.14705882352882,140.0,186.03712215694395
1577,Kırklareli,2012,aycicegi_yaglik,207.0,213.76190476190476,206.1692491060785,206.0,225.23266802794387
1577,Kırklareli,2013,aycicegi_yaglik,250.0,211.71428571428572,207.0480427046259,207.0,196.27051784107243
1577,Kırklareli,2014,aycicegi_yaglik,277.0,210.42857142857142,208.89112426035535,250.0,247.45238614712252
1577,Kırklareli,2015,aycicegi_yaglik,244.0,212.0,213.50828402366915,277.0,283.76158074523664
1577,Kırklareli,2016,aycicegi_yaglik,249.0,211.76190476190476,216.22657176749726,244.0,310.80673157558704
1577,Kırklareli,2017,aycicegi_yaglik,292.0,209.71428571428572,216.74433849821162,249.0,286.70241152591007
1577,Kırklareli,2018,aycicegi_yaglik,299.0,209.38095238095238,218.84033613445354,292.0,290.6916945895664
1577,Kırklareli,2019,aycicegi_yaglik,300.0,209.33333333333334,221.09878787878733,299.0,234.82281825104474
1577,Kırklareli,2020,aycicegi_yaglik,372.0,205.9047619047619,217.04969325153388,300.0,204.63435265629596
1577,Kırklareli,2021,aycicegi_yaglik,201.0,214.04761904761904,235.49688667496866,372.0,210.78492820883366
1577,Kırklareli,2022,aycicegi_yaglik,194.0,214.38095238095238,240.21609632446143,201.0,179.21027841166688
1577,Kırklareli,2023,aycicegi_yaglik,188.0,214.66666666666666,245.36416558861583,194.0,214.03172201607413
1577,Kırklareli,2024,aycicegi_yaglik,182.0,214.95238095238096,251.16622516556254,188.0,209.50293520729429
1577,Kırklareli,2025,aycicegi_yaglik,103.0,218.71428571428572,272.71428571428623,182.0,240.41420774732433
1714,Kırklareli,2004,aycicegi_yaglik,149.0,212.76190476190476,184.49047619047633,212.76190476190476,187.32236762233697
1714,Kırklareli,2005,aycicegi_yaglik,164.0,212.04761904761904,184.4655629139079,149.0,189.19569332715582
1714,Kırklareli,2006,aycicegi_yaglik,153.0,212.57142857142858,189.01617076325965,164.0,181.5665428723205
1714,Kırklareli,2007,aycicegi_yaglik,170.0,211.76190476190476,189.5633713561465,153.0,170.98444552924593
1714,Kırklareli,2008,aycicegi_yaglik,171.0,211.71428571428572,192.41780821917746,170.0,189.2602134414483
1714,Kırklareli,2009,aycicegi_yaglik,187.0,210.95238095238096,193.96809815950928,171.0,186.5635005005879
1714,Kırklareli,2010,aycicegi_yaglik,210.0,209.85714285714286,195.40727272727327,187.0,180.50117836053687
1714,Kırklareli,2011,aycicegi_yaglik,206.0,210.04761904761904,198.97899159663848,210.0,197.78114822126918
1714,Kırklareli,2012,aycicegi_yaglik,196.0,210.52380952380952,202.7401668653156,206.0,239.60267483351709
1714,Kırklareli,2013,aycicegi_yaglik,261.0,207.42857142857142,202.5729537366551,196.0,219.96045926749684
1714,Kırklareli,2014,aycicegi_yaglik,214.0,209.66666666666666,208.09822485207042,261.0,217.43922169458892
1714,Kırklareli,2015,aycicegi_yaglik,244.0,208.23809523809524,209.79467455621307,214.0,204.8916150379373
1714,Kırklareli,2016,aycicegi_yaglik,232.0,208.8095238095238,213.46026097271715,244.0,198.76050383959227
1714,Kırklareli,2017,aycicegi_yaglik,245.0,208.1904761904762,215.8081048867698,232.0,215.6178410268476
1714,Kırklareli,2018,aycicegi_yaglik,251.0,207.9047619047619,218.39915966386525,245.0,215.4081988705966
1714,Kırklareli,2019,aycicegi_yaglik,253.0,207.8095238095238,221.14666666666653,251.0,233.60468153879992
1714,Kırklareli,2020,aycicegi_yaglik,269.0,207.04761904761904,222.62147239263868,253.0,232.7051341389115
1714,Kırklareli,2021,aycicegi_yaglik,277.0,206.66666666666666,224.4047322540473,269.0,220.0255236573512
1714,Kırklareli,2022,aycicegi_yaglik,235.0,208.66666666666666,231.96514575411948,277.0,221.4226558065493
1714,Kırklareli,2023,aycicegi_yaglik,190.0,210.8095238095238,241.87774902975434,235.0,232.02292583725284
1714,Kırklareli,2024,aycicegi_yaglik,186.0,211.0,247.313907284768,190.0,247.44055402698177
1714,Kırklareli,2025,aycicegi_yaglik,154.0,212.52380952380952,259.13809523809505,186.0,255.35958355431285
2094,Tekirdağ,2013,aycicegi_yaglik,243.0,205.83333333333334,279.742424242424,205.83333333333334,234.80408321552386
2094,Tekirdağ,2014,aycicegi_yaglik,231.0,206.83333333333334,267.2587412587418,243.0,271.51061555858905
2094,Tekirdağ,2015,aycicegi_yaglik,233.0,206.66666666666666,252.55263157895024,231.0,253.60493482222228
2094,Tekirdağ,2016,aycicegi_yaglik,226.0,207.25,241.07547169811005,233.0,258.9186969338916
2094,Tekirdağ,2017,aycicegi_yaglik,244.0,205.75,227.36585365853534,226.0,242.4592861510646
2094,Tekirdağ,2018,aycicegi_yaglik,230.0,206.91666666666666,217.85029940119784,244.0,229.67072145259954
2094,Tekirdağ,2019,aycicegi_yaglik,260.0,204.41666666666666,204.41666666666788,230.0,203.1920871240509
2094,Tekirdağ,2020,aycicegi_yaglik,256.0,204.75,193.3712574850324,260.0,188.13671548994535
2094,Tekirdağ,2021,aycicegi_yaglik,240.0,206.08333333333334,182.70731707316736,256.0,187.94118775738025
2094,Tekirdağ,2022,aycicegi_yaglik,193.0,210.0,176.0754716981137,240.0,179.0662554490009
2094,Tekirdağ,2023,aycicegi_yaglik,108.0,217.08333333333334,179.90789473684345,193.0,179.10227224257324
2094,Tekirdağ,2024,aycicegi_yaglik,149.0,213.66666666666666,160.3216783216776,108.0,153.59929495700635
2094,Tekirdağ,2025,aycicegi_yaglik,100.0,217.75,165.81818181818198,149.0,157.42196057690307
1388,Tekirdağ,2004,aycicegi_yaglik,167.0,199.42857142857142,201.11428571428564,199.42857142857142,196.9051498217384
1388,Tekirdağ,2005,aycicegi_yaglik,201.0,197.8095238095238,194.628476821192,167.0,188.79765778880756
1388,Tekirdağ,2006,aycicegi_yaglik,229.0,196.47619047619048,190.9896507115136,201.0,182.02278864688196
1388,Tekirdağ,2007,aycicegi_yaglik,119.0,201.71428571428572,205.49619771863115,229.0,205.6375549292057
1388,Tekirdağ,2008,aycicegi_yaglik,186.0,198.52380952380952,197.38169364881696,119.0,195.28936296174516
1388,Tekirdağ,2009,aycicegi_yaglik,187.0,198.47619047619048,197.40061349693252,186.0,197.6009048947626
1388,Tekirdağ,2010,aycicegi_yaglik,194.0,198.14285714285714,197.03090909090912,187.0,198.7538305841822
1388,Tekirdağ,2011,aycicegi_yaglik,182.0,198.71428571428572,198.02521008403363,194.0,210.04193594054777
1388,Tekirdağ,2012,aycicegi_yaglik,175.0,199.04761904761904,198.56376638855778,182.0,217.4869188297057
1388,Tekirdağ,2013,aycicegi_yaglik,241.0,195.9047619047619,195.38849347568214,175.0,192.25361323868376
1388,Tekirdağ,2014,aycicegi_yaglik,231.0,196.38095238095238,196.23905325443786,241.0,194.3734858218254
1388,Tekirdağ,2015,aycicegi_yaglik,194.0,198.14285714285714,198.27573964497043,231.0,198.48661131484664
1388,Tekirdağ,2016,aycicegi_yaglik,208.0,197.47619047619048,197.84400948991697,194.0,196.46274434396605
1388,Tekirdağ,2017,aycicegi_yaglik,239.0,196.0,196.34266984505365,208.0,184.90123042667392
1388,Tekirdağ,2018,aycicegi_yaglik,250.0,195.47619047619048,195.609243697479,239.0,196.59346638215925
1388,Tekirdağ,2019,aycicegi_yaglik,270.0,194.52380952380952,193.88484848484848,250.0,195.35205289270084
1388,Tekirdağ,2020,aycicegi_yaglik,233.0,196.28571428571428,196.4245398773006,270.0,198.5557503422367
1388,Tekirdağ,2021,aycicegi_yaglik,230.0,196.42857142857142,196.46326276463262,233.0,192.65468318878789
1388,Tekirdağ,2022,aycicegi_yaglik,193.0,198.1904761904762,200.6755386565273,230.0,196.98725873461376
1388,Tekirdağ,2023,aycicegi_yaglik,113.0,202.0,212.7652005174641,193.0,212.12959697206725
1388,Tekirdağ,2024,aycicegi_yaglik,181.0,198.76190476190476,203.6847682119204,113.0,204.42726751747523
1388,Tekirdağ,2025,aycicegi_yaglik,132.0,201.0952380952381,214.63809523809505,181.0,213.49856683158305
2095,Tekirdağ,2013,aycicegi_yaglik,246.0,196.83333333333334,249.60606060606005,196.83333333333334,292.7664248672754
2095,Tekirdağ,2014,aycicegi_yaglik,208.0,200.0,249.51048951049233,246.0,249.48596158570217
2095,Tekirdağ,2015,aycicegi_yaglik,195.0,201.08333333333334,240.03947368420995,208.0,247.36578031480167
2095,Tekirdağ,2016,aycicegi_yaglik,199.0,200.75,228.32075471698045,195.0,228.48274647366998
2095,Tekirdağ,2017,aycicegi_yaglik,244.0,197.0,213.60975609756133,199.0,211.50389721114516
2095,Tekirdağ,2018,aycicegi_yaglik,240.0,197.33333333333334,205.7964071856277,244.0,199.76441034492927
2095,Tekirdağ,2019,aycicegi_yaglik,250.0,196.5,196.5,240.0,196.75936450996596
2095,Tekirdağ,2020,aycicegi_yaglik,245.0,196.91666666666666,187.91017964072307,250.0,187.03824647408692
2095,Tekirdağ,2021,aycicegi_yaglik,220.0,199.0,180.7317073170707,245.0,178.91890271300508
2095,Tekirdağ,2022,aycicegi_yaglik,174.0,202.83333333333334,176.99371069182416,220.0,176.64701141039404
2095,Tekirdağ,2023,aycicegi_yaglik,107.0,208.41666666666666,180.7763157894733,174.0,181.9192843602941
2095,Tekirdağ,2024,aycicegi_yaglik,150.0,204.83333333333334,163.5104895104887,107.0,164.70783232568647
2095,Tekirdağ,2025,aycicegi_yaglik,130.0,206.5,161.18181818181802,150.0,163.1412312031007
1511,Tekirdağ,2004,aycicegi_yaglik,188.0,199.14285714285714,194.17142857142858,199.14285714285714,180.71918767498073
1511,Tekirdağ,2005,aycicegi_yaglik,194.0,198.85714285714286,193.58675496688738,188.0,181.8545095097952
1511,Tekirdağ,2006,aycicegi_yaglik,220.0,197.61904761904762,190.41397153945672,194.0,178.7458571492598
1511,Tekirdağ,2007,aycicegi_yaglik,136.0,201.61904761904762,201.8770595690748,220.0,191.5416913838369
1511,Tekirdağ,2008,aycicegi_yaglik,186.0,199.23809523809524,196.17061021170616,136.0,189.52291449336735
1511,Tekirdağ,2009,aycicegi_yaglik,172.0,199.9047619047619,197.80245398773013,186.0,192.5097842131272
1511,Tekirdağ,2010,aycicegi_yaglik,193.0,198.9047619047619,196.51333333333332,172.0,182.12033204821546
1511,Tekirdağ,2011,aycicegi_yaglik,198.0,198.66666666666666,196.72268907563023,193.0,188.0032986568349
1511,Tekirdağ,2012,aycicegi_yaglik,180.0,199.52380952380952,198.2836710369487,198.0,227.59715354969558
1511,Tekirdağ,2013,aycicegi_yaglik,240.0,196.66666666666666,195.72360616844605,180.0,224.7744068959264
1511,Tekirdağ,2014,aycicegi_yaglik,226.0,197.33333333333334,197.04970414201182,240.0,224.41783774909345
1511,Tekirdağ,2015,aycicegi_yaglik,185.0,199.28571428571428,199.56508875739632,226.0,225.08503770681136
1511,Tekirdağ,2016,aycicegi_yaglik,177.0,199.66666666666666,200.55456702253844,185.0,212.15755982486917
1511,Tekirdağ,2017,aycicegi_yaglik,225.0,197.38095238095238,198.56078665077484,177.0,200.99063504990863
1511,Tekirdağ,2018,aycicegi_yaglik,241.0,196.61904761904762,197.92016806722688,225.0,199.27849934969709
1511,Tekirdağ,2019,aycicegi_yaglik,250.0,196.1904761904762,197.40606060606063,241.0,211.20692378877447
1511,Tekirdağ,2020,aycicegi_yaglik,246.0,196.38095238095238,197.67730061349687,250.0,204.42307160280598
1511,Tekirdağ,2021,aycicegi_yaglik,240.0,196.66666666666666,198.15068493150685,246.0,186.02047162262124
1511,Tekirdağ,2022,aycicegi_yaglik,193.0,198.9047619047619,203.74588086185054,240.0,191.43141519461005
1511,Tekirdağ,2023,aycicegi_yaglik,149.0,201.0,210.9734799482535,193.0,197.16369156876044
1511,Tekirdağ,2024,aycicegi_yaglik,180.0,199.52380952380952,207.70860927152307,149.0,192.12249188901887
1511,Tekirdağ,2025,aycicegi_yaglik,151.0,200.9047619047619,215.0333333333333,180.0,200.92855922020408
1825,Tekirdağ,2004,aycicegi_yaglik,256.0,203.23809523809524,201.29523809523812,203.23809523809524,168.55008736357968
1825,Tekirdağ,2005,aycicegi_yaglik,223.0,204.8095238095238,207.89470198675485,256.0,195.63771192539548
1825,Tekirdağ,2006,aycicegi_yaglik,203.0,205.76190476190476,210.61642949547218,223.0,202.03375698928403
1825,Tekirdağ,2007,aycicegi_yaglik,85.0,211.38095238095238,224.36438529784527,203.0,221.01620986201442
1825,Tekirdağ,2008,aycicegi_yaglik,186.0,206.57142857142858,211.03735990037376,85.0,205.15517080693166
1825,Tekirdağ,2009,aycicegi_yaglik,187.0,206.52380952380952,210.0693251533744,186.0,219.26647243988714
1825,Tekirdağ,2010,aycicegi_yaglik,210.0,205.42857142857142,207.59636363636366,187.0,211.4010580313858
1825,Tekirdağ,2011,aycicegi_yaglik,231.0,204.42857142857142,205.7941176470589,210.0,208.8949910132534
1825,Tekirdağ,2012,aycicegi_yaglik,176.0,207.04761904761904,208.5244338498212,231.0,229.12937006182142
1825,Tekirdağ,2013,aycicegi_yaglik,240.0,204.0,204.6476868327403,176.0,217.7749980904706
1825,Tekirdağ,2014,aycicegi_yaglik,222.0,204.85714285714286,205.09940828402375,240.0,220.01354926074487
1825,Tekirdağ,2015,aycicegi_yaglik,224.0,204.76190476190476,204.50887573964496,222.0,210.5308621296797
1825,Tekirdağ,2016,aycicegi_yaglik,199.0,205.95238095238096,205.22716488730703,224.0,210.0369055189907
1825,Tekirdağ,2017,aycicegi_yaglik,264.0,202.85714285714286,201.15613825983314,199.0,201.47694059752644
1825,Tekirdağ,2018,aycicegi_yaglik,250.0,203.52380952380952,201.0840336134454,264.0,203.0549885286821
1825,Tekirdağ,2019,aycicegi_yaglik,225.0,204.71428571428572,201.9363636363637,250.0,210.52019297545144
1825,Tekirdağ,2020,aycicegi_yaglik,235.0,204.23809523809524,200.27546012269931,225.0,202.45289992398193
1825,Tekirdağ,2021,aycicegi_yaglik,265.0,202.8095238095238,196.1537982565378,235.0,187.41812529975869
1825,Tekirdağ,2022,aycicegi_yaglik,212.0,205.33333333333334,200.88466413181231,265.0,188.33647599969254
1825,Tekirdağ,2023,aycicegi_yaglik,135.0,209.0,211.32018111254854,212.0,204.62047356737628
1825,Tekirdağ,2024,aycicegi_yaglik,165.0,207.57142857142858,207.40066225165563,135.0,201.24552287926414
1825,Tekirdağ,2025,aycicegi_yaglik,131.0,209.1904761904762,214.9476190476189,165.0,211.08199478954248
1673,Tekirdağ,2004,aycicegi_yaglik,162.0,179.25,193.82142857142844,179.25,186.88363061865334
1673,Tekirdağ,2005,aycicegi_yaglik,197.0,174.875,174.91729323308272,162.0,172.69767450036397
1673,Tekirdağ,2006,aycicegi_yaglik,212.0,173.0,172.55405405405406,197.0,176.43869908268425
1673,Tekirdağ,2007,aycicegi_yaglik,136.0,182.5,184.6687898089176,212.0,186.77023527760866
1673,Tekirdağ,2008,aycicegi_yaglik,186.0,176.25,176.25,136.0,173.84214334154058
1673,Tekirdağ,2009,aycicegi_yaglik,180.0,177.0,175.6624203821657,186.0,175.7020173832234
1673,Tekirdağ,2010,aycicegi_yaglik,175.0,177.625,175.12162162162167,180.0,194.9036960150279
1673,Tekirdağ,2011,aycicegi_yaglik,190.0,175.75,168.32330827067744,175.0,177.33785913661632
1673,Tekirdağ,2012,aycicegi_yaglik,158.0,179.75,181.89285714285722,190.0,145.41831066823943
1538,Tekirdağ,2004,aycicegi_yaglik,205.0,206.33333333333334,205.1904761904762,206.33333333333334,187.14990249872858
1538,Tekirdağ,2005,aycicegi_yaglik,186.0,207.23809523809524,208.59403973509933,205.0,192.71783880534736
1538,Tekirdağ,2006,aycicegi_yaglik,212.0,206.0,204.40556274256147,186.0,185.34774866300313
1538,Tekirdağ,2007,aycicegi_yaglik,136.0,209.61904761904762,213.97401774397986,212.0,209.9540946919328
1538,Tekirdağ,2008,aycicegi_yaglik,201.0,206.52380952380952,206.05354919053548,136.0,189.0077109094375
1538,Tekirdağ,2009,aycicegi_yaglik,187.0,207.1904761904762,207.30552147239266,201.0,200.58583371510758
1538,Tekirdağ,2010,aycicegi_yaglik,189.0,207.0952380952381,207.02666666666667,187.0,207.54661331842544
1538,Tekirdağ,2011,aycicegi_yaglik,198.0,206.66666666666666,206.39915966386553,189.0,207.1160468791188
1538,Tekirdağ,2012,aycicegi_yaglik,182.0,207.42857142857142,207.3379022646007,198.0,241.06440475985642
1538,Tekirdağ,2013,aycicegi_yaglik,231.0,205.0952380952381,204.85883748517202,182.0,259.4674735327935
1538,Tekirdağ,2014,aycicegi_yaglik,232.0,205.04761904761904,204.98402366863903,231.0,240.30585278175272
1538,Tekirdağ,2015,aycicegi_yaglik,243.0,204.52380952380952,204.5680473372781,232.0,214.26852499253505
1538,Tekirdağ,2016,aycicegi_yaglik,235.0,204.9047619047619,204.99169632265716,243.0,208.17862312267698
1538,Tekirdağ,2017,aycicegi_yaglik,263.0,203.57142857142858,203.40882002383793,235.0,195.28061626850115
1538,Tekirdağ,2018,aycicegi_yaglik,241.0,204.61904761904762,204.47899159663865,263.0,208.14043228842286
1538,Tekirdağ,2019,aycicegi_yaglik,251.0,204.14285714285714,203.50545454545454,241.0,216.22863430296275
1538,Tekirdağ,2020,aycicegi_yaglik,288.0,202.38095238095238,199.8374233128833,251.0,208.33990441136385
1538,Tekirdağ,2021,aycicegi_yaglik,250.0,204.1904761904762,202.54109589041093,288.0,192.15784227899178
1538,Tekirdağ,2022,aycicegi_yaglik,242.0,204.57142857142858,202.79657794676808,250.0,177.53216187251803
1538,Tekirdağ,2023,aycicegi_yaglik,85.0,212.04761904761904,224.95601552393282,242.0,212.54046254605055
1538,Tekirdağ,2024,aycicegi_yaglik,170.0,208.0,213.72516556291384,85.0,203.3700860099134
1538,Tekirdağ,2025,aycicegi_yaglik,111.0,210.8095238095238,227.12380952380954,170.0,217.811753291508
1596,Tekirdağ,2004,aycicegi_yaglik,213.0,193.38095238095238,201.98095238095243,193.38095238095238,199.18838964449682
1596,Tekirdağ,2005,aycicegi_yaglik,186.0,194.66666666666666,205.8695364238406,213.0,204.56858726463747
1596,Tekirdağ,2006,aycicegi_yaglik,212.0,193.42857142857142,200.57761966364797,186.0,195.20827804304957
1596,Tekirdağ,2007,aycicegi_yaglik,110.0,198.28571428571428,212.26045627376425,212.0,212.57259250116704
1596,Tekirdağ,2008,aycicegi_yaglik,186.0,194.66666666666666,201.66313823163136,110.0,201.71368192499006
1596,Tekirdağ,2009,aycicegi_yaglik,191.0,194.42857142857142,200.00858895705528,186.0,199.85867967399088
1596,Tekirdağ,2010,aycicegi_yaglik,193.0,194.33333333333334,198.7733333333333,191.0,197.39590691511398
1596,Tekirdağ,2011,aycicegi_yaglik,227.0,192.71428571428572,195.60504201680692,193.0,195.67556919913835
1596,Tekirdağ,2012,aycicegi_yaglik,206.0,193.71428571428572,196.03039332538765,227.0,199.598300487394
1596,Tekirdağ,2013,aycicegi_yaglik,214.0,193.33333333333334,194.71589561091332,206.0,195.82552504735168
1596,Tekirdağ,2014,aycicegi_yaglik,190.0,194.47619047619048,194.9556213017754,214.0,203.4313221470697
1596,Tekirdağ,2015,aycicegi_yaglik,230.0,192.57142857142858,192.0822485207102,190.0,192.7913677525828
1596,Tekirdağ,2016,aycicegi_yaglik,183.0,194.8095238095238,193.40332147093727,230.0,192.59306352574174
1596,Tekirdağ,2017,aycicegi_yaglik,226.0,192.76190476190476,190.10667461263392,183.0,189.78728202789057
1596,Tekirdağ,2018,aycicegi_yaglik,202.0,193.9047619047619,190.3907563025209,226.0,188.35662147585197
1596,Tekirdağ,2019,aycicegi_yaglik,260.0,191.14285714285714,185.04545454545496,202.0,185.15820847945702
1596,Tekirdağ,2020,aycicegi_yaglik,246.0,191.8095238095238,184.34539877300585,260.0,184.7922507191422
1596,Tekirdağ,2021,aycicegi_yaglik,229.0,192.61904761904762,184.16438356164372,246.0,176.54289597436866
1596,Tekirdağ,2022,aycicegi_yaglik,202.0,193.9047619047619,185.64702154626139,229.0,183.48762795901217
1596,Tekirdağ,2023,aycicegi_yaglik,108.0,198.38095238095238,197.94372574385514,202.0,198.21799010336304
1596,Tekirdağ,2024,aycicegi_yaglik,160.0,195.9047619047619,190.02980132450352,108.0,189.40262739016774
1596,Tekirdağ,2025,aycicegi_yaglik,100.0,198.76190476190476,202.03333333333336,160.0,202.77265799791076
2096,Tekirdağ,2013,aycicegi_yaglik,231.0,206.0,259.27272727272793,206.0,294.826289425524
2096,Tekirdağ,2014,aycicegi_yaglik,249.0,204.5,242.94405594405725,231.0,242.29518520774036
2096,Tekirdağ,2015,aycicegi_yaglik,224.0,206.58333333333334,239.53947368421177,249.0,242.95416918331102
2096,Tekirdağ,2016,aycicegi_yaglik,199.0,208.66666666666666,234.1572327044014,224.0,239.65597498227362
2096,Tekirdağ,2017,aycicegi_yaglik,225.0,206.5,222.17073170731783,199.0,225.59744287594913
2096,Tekirdağ,2018,aycicegi_yaglik,230.0,206.08333333333334,213.85628742514928,225.0,214.51498300318963
2096,Tekirdağ,2019,aycicegi_yaglik,230.0,206.08333333333334,206.08333333333394,230.0,204.55304273215006
2096,Tekirdağ,2020,aycicegi_yaglik,245.0,204.83333333333334,196.67664670658814,230.0,194.69020317813192
2096,Tekirdağ,2021,aycicegi_yaglik,250.0,204.41666666666666,187.18292682926585,245.0,186.99559347787
2096,Tekirdağ,2022,aycicegi_yaglik,193.0,209.16666666666666,185.13836477987388,250.0,185.6132949101302
2096,Tekirdağ,2023,aycicegi_yaglik,112.0,215.91666666666666,192.06578947368507,193.0,192.60169088838666
2096,Tekirdağ,2024,aycicegi_yaglik,180.0,210.25,169.31468531468454,112.0,168.01067124758993
2096,Tekirdağ,2025,aycicegi_yaglik,135.0,214.0,175.45454545454595,180.0,176.51609154359357
1250,Tekirdağ,2004,aycicegi_yaglik,175.0,180.57142857142858,174.89999999999998,180.57142857142858,175.37601130002895
1250,Tekirdağ,2005,aycicegi_yaglik,149.0,181.8095238095238,180.0,175.0,176.5739236669133
1250,Tekirdağ,2006,aycicegi_yaglik,186.0,180.04761904761904,174.4825355756791,149.0,166.52556823034047
1250,Tekirdağ,2007,aycicegi_yaglik,98.0,184.23809523809524,186.05640050697087,186.0,180.46103807507643
1250,Tekirdağ,2008,aycicegi_yaglik,164.0,181.0952380952381,178.30759651307585,98.0,170.51700132515907
1250,Tekirdağ,2009,aycicegi_yaglik,180.0,180.33333333333334,177.27177914110428,164.0,168.23637259258248
1250,Tekirdağ,2010,aycicegi_yaglik,189.0,179.9047619047619,177.19696969696952,180.0,156.3585120289581
1250,Tekirdağ,2011,aycicegi_yaglik,198.0,179.47619047619048,177.2899159663865,189.0,149.657490089151
1250,Tekirdağ,2012,aycicegi_yaglik,160.0,181.28571428571428,180.08700834326578,198.0,180.51259761755045
1250,Tekirdağ,2013,aycicegi_yaglik,210.0,178.9047619047619,178.0112692763937,160.0,175.9697211196435
1250,Tekirdağ,2014,aycicegi_yaglik,175.0,180.57142857142858,180.30355029585792,210.0,256.7369575524881
1250,Tekirdağ,2015,aycicegi_yaglik,195.0,179.61904761904762,179.8840236686391,175.0,206.82217494154702
1250,Tekirdağ,2016,aycicegi_yaglik,181.0,180.28571428571428,181.09430604982208,195.0,202.75986784303768
1250,Tekirdağ,2017,aycicegi_yaglik,244.0,177.28571428571428,178.14600715137072,181.0,192.26574813905154
1250,Tekirdağ,2018,aycicegi_yaglik,210.0,178.9047619047619,180.36134453781517,244.0,191.7952985651027
1250,Tekirdağ,2019,aycicegi_yaglik,250.0,177.0,177.69272727272727,210.0,187.97382235063742
1250,Tekirdağ,2020,aycicegi_yaglik,245.0,177.23809523809524,177.79693251533743,250.0,183.94390549969557
1250,Tekirdağ,2021,aycicegi_yaglik,220.0,178.42857142857142,179.92839352428393,245.0,175.5627571713976
1250,Tekirdağ,2022,aycicegi_yaglik,163.0,181.14285714285714,186.76615969581758,220.0,177.61827893053487
1250,Tekirdağ,2023,aycicegi_yaglik,105.0,183.9047619047619,196.28848641655895,163.0,184.35473482027692
1250,Tekirdağ,2024,aycicegi_yaglik,140.0,182.23809523809524,193.0185430463573,105.0,176.50221672968019
1250,Tekirdağ,2025,aycicegi_yaglik,130.0,182.71428571428572,197.12857142857138,140.0,177.93563550334648
1258,Tekirdağ,2004,aycicegi_yaglik,188.0,190.14285714285714,190.14285714285714,190.14285714285714,193.21017791037957
1258,Tekirdağ,2005,aycicegi_yaglik,186.0,190.23809523809524,190.4615894039735,188.0,182.97995795914267
1258,Tekirdağ,2006,aycicegi_yaglik,203.0,189.42857142857142,187.91267787839584,186.0,174.53804858706462
1258,Tekirdağ,2007,aycicegi_yaglik,93.0,194.66666666666666,201.70088719898627,203.0,194.2511327751854
1258,Tekirdağ,2008,aycicegi_yaglik,194.0,189.85714285714286,189.45703611457037,93.0,180.2319229527484
1258,Tekirdağ,2009,aycicegi_yaglik,191.0,190.0,189.81104294478527,194.0,181.82480183846383
1258,Tekirdağ,2010,aycicegi_yaglik,196.0,189.76190476190476,189.4860606060606,191.0,159.59931605493875
1258,Tekirdağ,2011,aycicegi_yaglik,190.0,190.04761904761904,189.95378151260502,196.0,158.84988702379815
1258,Tekirdağ,2012,aycicegi_yaglik,180.0,190.52380952380952,190.53516090584029,190.0,194.15389712507385
1258,Tekirdağ,2013,aycicegi_yaglik,196.0,189.76190476190476,189.70521945432978,180.0,201.71353512630594
1258,Tekirdağ,2014,aycicegi_yaglik,249.0,187.23809523809524,187.20650887573964,196.0,232.4871849395222
1258,Tekirdağ,2015,aycicegi_yaglik,165.0,191.23809523809524,191.25917159763316,249.0,240.6737649623392
1258,Tekirdağ,2016,aycicegi_yaglik,181.0,190.47619047619048,190.54151838671413,165.0,214.73138715630284
1258,Tekirdağ,2017,aycicegi_yaglik,234.0,187.95238095238096,187.6764004767581,181.0,195.01537163405283
1258,Tekirdağ,2018,aycicegi_yaglik,220.0,188.61904761904762,188.2521008403361,234.0,200.40714639695398
1258,Tekirdağ,2019,aycicegi_yaglik,235.0,187.9047619047619,186.87151515151515,220.0,202.88122431740794
1258,Tekirdağ,2020,aycicegi_yaglik,267.0,186.38095238095238,183.54049079754589,235.0,192.49245798999982
1258,Tekirdağ,2021,aycicegi_yaglik,250.0,187.1904761904762,184.06787048567878,267.0,179.27100313386381
1258,Tekirdağ,2022,aycicegi_yaglik,174.0,190.8095238095238,192.2217997465146,250.0,176.1637813175057
1258,Tekirdağ,2023,aycicegi_yaglik,88.0,194.9047619047619,205.14424320827948,174.0,189.77730926618142
1258,Tekirdağ,2024,aycicegi_yaglik,160.0,191.47619047619048,195.52185430463578,88.0,174.52877263494975
1258,Tekirdağ,2025,aycicegi_yaglik,141.0,192.38095238095238,200.40952380952376,160.0,179.48295095578942
1652,Tekirdağ,2004,aycicegi_yaglik,171.0,193.47619047619048,187.947619047619,193.47619047619048,188.1769892503621
1652,Tekirdağ,2005,aycicegi_yaglik,186.0,192.76190476190476,185.7311258278146,171.0,164.2626284705027
1652,Tekirdağ,2006,aycicegi_yaglik,212.0,191.52380952380952,182.75937904269085,186.0,156.16782465311553
1652,Tekirdağ,2007,aycicegi_yaglik,119.0,195.95238095238096,195.51647655259825,212.0,185.48356485565682
1652,Tekirdağ,2008,aycicegi_yaglik,149.0,194.52380952380952,191.8760896637608,119.0,188.03714690651202
1652,Tekirdağ,2009,aycicegi_yaglik,165.0,193.76190476190476,190.62515337423315,149.0,188.51617267342021
1652,Tekirdağ,2010,aycicegi_yaglik,193.0,192.42857142857142,189.0163636363634,165.0,180.25364460146284
1652,Tekirdağ,2011,aycicegi_yaglik,207.0,191.76190476190476,188.920168067227,193.0,178.02147506866936
1652,Tekirdağ,2012,aycicegi_yaglik,169.0,193.57142857142858,191.8980929678189,207.0,217.46472004536236
1652,Tekirdağ,2013,aycicegi_yaglik,224.0,190.95238095238096,189.75563463819685,169.0,230.6158460039553
1652,Tekirdağ,2014,aycicegi_yaglik,232.0,190.57142857142858,190.19053254437858,224.0,215.96874583380327
1652,Tekirdağ,2015,aycicegi_yaglik,198.0,192.1904761904762,192.55739644970413,232.0,224.98496774833802
1652,Tekirdağ,2016,aycicegi_yaglik,218.0,191.23809523809524,192.27520759193362,198.0,185.6725301607271
1652,Tekirdağ,2017,aycicegi_yaglik,205.0,191.85714285714286,193.61561382598347,218.0,185.69618338243504
1652,Tekirdağ,2018,aycicegi_yaglik,260.0,189.23809523809524,190.8151260504202,205.0,197.0310185681783
1652,Tekirdağ,2019,aycicegi_yaglik,230.0,190.66666666666666,193.09939393939396,260.0,206.34444312631854
1652,Tekirdağ,2020,aycicegi_yaglik,245.0,189.95238095238096,192.11349693251543,230.0,200.7461130334741
1652,Tekirdağ,2021,aycicegi_yaglik,250.0,189.71428571428572,191.58530510585302,245.0,182.58831538479137
1652,Tekirdağ,2022,aycicegi_yaglik,193.0,192.42857142857142,198.3098859315587,250.0,187.89141089832447
1652,Tekirdağ,2023,aycicegi_yaglik,107.0,196.52380952380952,211.74191461837017,193.0,202.2257429133997
1652,Tekirdağ,2024,aycicegi_yaglik,150.0,194.47619047619048,207.63178807947043,107.0,192.33649057700586
1652,Tekirdağ,2025,aycicegi_yaglik,151.0,194.42857142857142,209.84285714285716,150.0,194.21548678373256
1307,Edirne,2004,bugday,363.0,355.2857142857143,322.0142857142864,355.2857142857143,329.8670645555328
1307,Edirne,2005,bugday,312.0,357.7142857142857,334.8927152317874,363.0,317.6434281333952
1307,Edirne,2006,bugday,317.0,357.4761904761905,336.54010349288546,312.0,329.81041228887034
1307,Edirne,2007,bugday,363.0,355.2857142857143,333.36692015209155,317.0,340.9492348400952
1307,Edirne,2008,bugday,358.0,355.5238095238095,337.19676214196716,363.0,331.0146948768995
1307,Edirne,2009,bugday,315.0,357.57142857142856,343.9809815950912,358.0,360.8036065103229
1307,Edirne,2010,bugday,360.0,355.42857142857144,343.0545454545454,315.0,301.5014187616848
1307,Edirne,2011,bugday,247.0,360.8095238095238,353.0378151260502,360.0,344.7018667952858
1307,Edirne,2012,bugday,453.0,351.0,343.54171632896214,247.0,352.94354836819343
1307,Edirne,2013,bugday,355.0,355.6666666666667,351.6684460260976,453.0,363.7508600318529
1307,Edirne,2014,bugday,378.0,354.57142857142856,353.2343195266267,355.0,360.7200939496463
1307,Edirne,2015,bugday,335.0,356.6190476190476,357.95562130177586,378.0,365.7701567232566
1307,Edirne,2016,bugday,330.0,356.85714285714283,360.92882562277646,335.0,364.89478293990624
1307,Edirne,2017,bugday,335.0,356.6190476190476,363.47854588796235,330.0,368.76464827791006
1307,Edirne,2018,bugday,334.0,356.6666666666667,366.44537815126114,335.0,369.71964489321704
1307,Edirne,2019,bugday,321.0,357.2857142857143,370.4381818181819,334.0,363.48962742951767
1307,Edirne,2020,bugday,309.0,357.85714285714283,374.841104294479,321.0,369.70755773388476
1307,Edirne,2021,bugday,448.0,351.23809523809524,364.3437110834375,309.0,369.8715991536319
1307,Edirne,2022,bugday,398.0,353.6190476190476,371.82382762991165,448.0,423.45522496875356
1307,Edirne,2023,bugday,506.0,348.4761904761905,358.47218628719247,398.0,341.9947331648309
1307,Edirne,2024,bugday,386.0,354.1904761904762,378.6741721854305,506.0,358.8736339621414
1307,Edirne,2025,bugday,301.0,358.23809523809524,398.93809523809523,386.0,385.1954003827432
1385,Edirne,2004,bugday,323.0,385.2857142857143,353.357142857144,385.2857142857143,352.0337378975091
1385,Edirne,2005,bugday,350.0,384.0,351.71258278145706,323.0,338.59990537074555
1385,Edirne,2006,bugday,237.0,389.3809523809524,371.8557567917205,350.0,368.49067378212203
1385,Edirne,2007,bugday,444.0,379.5238095238095,347.46514575411857,237.0,348.19963987341816
1385,Edirne,2008,bugday,398.0,381.7142857142857,357.4719800747198,444.0,349.00451588426586
1385,Edirne,2009,bugday,350.0,384.0,365.76564417177906,398.0,369.3353159419098
1385,Edirne,2010,bugday,400.0,381.6190476190476,365.4096969696966,350.0,327.90182534437884
1385,Edirne,2011,bugday,283.0,387.1904761904762,376.5840336134452,400.0,378.237634626827
1385,Edirne,2012,bugday,448.0,379.3333333333333,370.21334922526785,283.0,375.44309757275005
1385,Edirne,2013,bugday,381.0,382.5238095238095,377.38730723606113,448.0,393.2455640380831
1385,Edirne,2014,bugday,455.0,379.0,377.2680473372775,381.0,382.21674208738887
1385,Edirne,2015,bugday,375.0,382.8095238095238,384.52130177514846,455.0,407.43060528466185
1385,Edirne,2016,bugday,386.0,382.2857142857143,387.41637010676186,375.0,396.7093817199793
1385,Edirne,2017,bugday,390.0,382.0952380952381,390.64481525625706,386.0,396.06152075846467
1385,Edirne,2018,bugday,368.0,383.14285714285717,395.50420168067194,390.0,398.2537821033893
1385,Edirne,2019,bugday,411.0,381.0952380952381,396.1193939393934,368.0,398.00006310051185
1385,Edirne,2020,bugday,343.0,384.3333333333333,405.3638036809807,411.0,402.8767401407381
1385,Edirne,2021,bugday,431.0,380.14285714285717,400.85242839352395,343.0,394.2490602105738
1385,Edirne,2022,bugday,388.0,382.1904761904762,409.23827629911375,431.0,406.8284345828697
1385,Edirne,2023,bugday,533.0,375.2857142857143,392.31241914618386,388.0,379.05601138542215
1385,Edirne,2024,bugday,396.0,381.8095238095238,416.46490066225124,533.0,413.43415264400664
1385,Edirne,2025,bugday,324.0,385.23809523809524,435.6952380952389,396.0,432.0618278751963
1464,Edirne,2004,bugday,323.0,417.3333333333333,369.7476190476191,417.3333333333333,368.3247637423219
1464,Edirne,2005,bugday,311.0,417.9047619047619,376.3072847682124,323.0,374.6139240442253
1464,Edirne,2006,bugday,317.0,417.6190476190476,379.50388098318217,311.0,383.2894143575659
1464,Edirne,2007,bugday,468.0,410.42857142857144,365.2452471482884,317.0,368.7547099179319
1464,Edirne,2008,bugday,493.0,409.23809523809524,369.84993773349925,468.0,371.2820181169991
1464,Edirne,2009,bugday,367.0,415.23809523809524,387.8650306748459,493.0,399.717008942911
1464,Edirne,2010,bugday,384.0,414.42857142857144,391.6036363636358,367.0,383.27115926099395
1464,Edirne,2011,bugday,318.0,417.57142857142856,400.87815126050555,384.0,406.88350266941507
1464,Edirne,2012,bugday,474.0,410.14285714285717,396.7902264600707,318.0,397.52736695321073
1464,Edirne,2013,bugday,378.0,414.7142857142857,407.1227758007117,474.0,406.5342707909531
1464,Edirne,2014,bugday,431.0,412.1904761904762,409.6278106508871,378.0,398.92896545076474
1464,Edirne,2015,bugday,421.0,412.6666666666667,415.2213017751492,431.0,408.1672994768105
1464,Edirne,2016,bugday,417.0,412.85714285714283,420.53558718861314,421.0,411.44199441570163
1464,Edirne,2017,bugday,424.0,412.5238095238095,425.3152562574505,417.0,415.49155598087964
1464,Edirne,2018,bugday,387.0,414.2857142857143,432.8445378151264,424.0,426.9996924002626
1464,Edirne,2019,bugday,422.0,412.6190476190476,435.96060606060564,387.0,428.81414970014157
1464,Edirne,2020,bugday,434.0,412.04761904761904,440.39631901840403,422.0,429.60961690995464
1464,Edirne,2021,bugday,531.0,407.42857142857144,435.90784557907955,434.0,424.0834852400685
1464,Edirne,2022,bugday,440.0,411.76190476190476,450.8276299112804,531.0,465.86312082718905
1464,Edirne,2023,bugday,559.0,406.0952380952381,439.3234152652012,440.0,438.28116376378966
1464,Edirne,2024,bugday,410.0,413.1904761904762,467.9483443708614,559.0,474.44619097841496
1464,Edirne,2025,bugday,378.0,414.7142857142857,481.9571428571435,410.0,497.36861620155287
1502,Edirne,2004,bugday,286.0,333.14285714285717,332.2714285714286,333.14285714285717,331.31889835589703
1502,Edirne,2005,bugday,310.0,332.0,327.6337748344371,286.0,325.50488003270925
1502,Edirne,2006,bugday,277.0,333.57142857142856,332.74514877102195,310.0,332.341850256205
1502,Edirne,2007,bugday,404.0,327.5238095238095,316.78643852978485,277.0,316.6312708609697
1502,Edirne,2008,bugday,358.0,329.7142857142857,323.725404732254,404.0,323.98763551020784
1502,Edirne,2009,bugday,315.0,331.76190476190476,328.63190184049085,358.0,327.30096474242146
1502,Edirne,2010,bugday,400.0,327.7142857142857,322.9072727272728,315.0,310.56448631889
1502,Edirne,2011,bugday,283.0,333.2857142857143,331.6890756302521,400.0,330.91690203721964
1502,Edirne,2012,bugday,421.0,326.7142857142857,324.3551847437427,283.0,322.91873724322477
1502,Edirne,2013,bugday,329.0,331.0952380952381,330.111506524318,421.0,333.34206746904056
1502,Edirne,2014,bugday,372.0,329.04761904761904,328.7059171597632,329.0,328.14399978943857
1502,Edirne,2015,bugday,306.0,332.1904761904762,332.5272189349114,372.0,336.9974863480944
1502,Edirne,2016,bugday,266.0,334.0952380952381,335.2663107947808,306.0,348.1854480794191
1502,Edirne,2017,bugday,233.0,335.6666666666667,338.08820023837916,266.0,337.72614872182453
1502,Edirne,2018,bugday,232.0,335.7142857142857,339.5756302521013,233.0,355.31523047584506
1502,Edirne,2019,bugday,345.0,330.3333333333333,333.0060606060606,232.0,335.23060986530044
1502,Edirne,2020,bugday,279.0,333.4761904761905,339.2503067484661,345.0,339.5399521968942
1502,Edirne,2021,bugday,444.0,325.6190476190476,323.8910336239103,279.0,323.01281704309304
1502,Edirne,2022,bugday,363.0,329.4761904761905,332.37135614702163,444.0,333.3231888709781
1502,Edirne,2023,bugday,459.0,324.9047619047619,318.4851228978009,363.0,318.66353987327466
1502,Edirne,2024,bugday,373.0,329.0,330.7364238410596,459.0,319.8124332587863
1502,Edirne,2025,bugday,227.0,335.95238095238096,360.2380952380945,373.0,389.8758510915304
1523,Edirne,2004,bugday,363.0,374.8095238095238,342.13809523809505,374.8095238095238,347.1637780404981
1523,Edirne,2005,bugday,350.0,375.42857142857144,348.1311258278147,363.0,357.76246506366806
1523,Edirne,2006,bugday,237.0,380.8095238095238,367.7393272962481,350.0,367.72906529574493
1523,Edirne,2007,bugday,404.0,372.85714285714283,347.71863117870726,237.0,346.69086994165355
1523,Edirne,2008,bugday,421.0,372.04761904761904,349.9557907845583,404.0,350.66996178642967
1523,Edirne,2009,bugday,350.0,375.42857142857144,360.10184049079817,421.0,358.17492811826105
1523,Edirne,2010,bugday,445.0,370.9047619047619,355.9351515151511,350.0,356.70835202710623
1523,Edirne,2011,bugday,353.0,375.2857142857143,365.48319327731133,445.0,361.1337622642832
1523,Edirne,2012,bugday,409.0,372.6190476190476,365.1638855780693,353.0,351.6666091135994
1523,Edirne,2013,bugday,321.0,376.8095238095238,372.6684460260967,409.0,371.34489807547925
1523,Edirne,2014,bugday,396.0,373.23809523809524,371.80473372781034,321.0,370.08652149342015
1523,Edirne,2015,bugday,354.0,375.23809523809524,376.6710059171601,396.0,374.7172434718732
1523,Edirne,2016,bugday,343.0,375.76190476190476,380.1393831553978,354.0,377.97094918080165
1523,Edirne,2017,bugday,311.0,377.2857142857143,384.96364719904705,343.0,384.44694748443544
1523,Edirne,2018,bugday,324.0,376.6666666666667,387.57142857142935,311.0,396.80618536532165
1523,Edirne,2019,bugday,350.0,375.42857142857144,389.2036363636371,324.0,387.3365215260037
1523,Edirne,2020,bugday,361.0,374.9047619047619,391.6914110429452,350.0,389.8791278197077
1523,Edirne,2021,bugday,460.0,370.1904761904762,384.9813200498129,361.0,384.3131469282198
1523,Edirne,2022,bugday,407.0,372.7142857142857,393.18821292775647,460.0,393.0618286814715
1523,Edirne,2023,bugday,510.0,367.8095238095238,381.0310478654592,407.0,381.6412387807454
1523,Edirne,2024,bugday,380.0,374.0,403.6198675496689,510.0,417.0809061709706
1523,Edirne,2025,bugday,385.0,373.76190476190476,406.51904761904825,380.0,416.13358921680265
1295,Edirne,2004,bugday,315.0,404.7142857142857,393.1857142857143,404.7142857142857,419.97249819762783
1295,Edirne,2005,bugday,389.0,401.1904761904762,380.6403973509932,315.0,395.4438279606402
1295,Edirne,2006,bugday,396.0,400.85714285714283,382.07891332470854,389.0,393.15130719675835
1295,Edirne,2007,bugday,468.0,397.42857142857144,375.77186311787045,396.0,379.0230193280195
1295,Edirne,2008,bugday,398.0,400.76190476190476,386.74968866749623,468.0,375.96727826685674
1295,Edirne,2009,bugday,350.0,403.04761904761904,393.2134969325157,398.0,386.62652258162507
1295,Edirne,2010,bugday,450.0,398.2857142857143,387.4763636363641,350.0,386.6117299800044
1295,Edirne,2011,bugday,318.0,404.57142857142856,398.4957983193276,450.0,395.33775630502623
1295,Edirne,2012,bugday,476.0,397.04761904761904,391.247914183552,318.0,375.9269300495089
1295,Edirne,2013,bugday,379.0,401.6666666666667,398.61506524317883,476.0,390.7144703695467
1295,Edirne,2014,bugday,438.0,398.85714285714283,397.8106508875735,379.0,391.7400508198234
1295,Edirne,2015,bugday,339.0,403.57142857142856,404.6254437869825,438.0,400.19616341060373
1295,Edirne,2016,bugday,387.0,401.2857142857143,404.43594306049863,339.0,401.2750355396447
1295,Edirne,2017,bugday,393.0,401.0,406.2711561382598,387.0,402.073125745751
1295,Edirne,2018,bugday,353.0,402.9047619047619,410.9873949579837,393.0,408.4378620979305
1295,Edirne,2019,bugday,394.0,400.95238095238096,410.6630303030306,353.0,406.3583283924572
1295,Edirne,2020,bugday,361.0,402.5238095238095,415.8680981595089,394.0,416.9326130970903
1295,Edirne,2021,bugday,491.0,396.3333333333333,405.50996264009973,361.0,407.2574142078174
1295,Edirne,2022,bugday,408.0,400.2857142857143,416.36121673003754,491.0,420.18124261603316
1295,Edirne,2023,bugday,559.0,393.0952380952381,396.82082794307894,408.0,397.6399458626936
1295,Edirne,2024,bugday,370.0,402.0952380952381,427.93907284768284,559.0,441.21307583311136
1295,Edirne,2025,bugday,382.0,401.5238095238095,429.43809523809523,370.0,445.8083000251954
1988,Edirne,2004,bugday,307.0,352.3333333333333,285.13333333333503,352.3333333333333,278.50451441728546
1988,Edirne,2005,bugday,273.0,353.95238095238096,298.4503311258286,307.0,307.6645956305565
1988,Edirne,2006,bugday,277.0,353.76190476190476,303.97671410090516,273.0,303.9141086144464
1988,Edirne,2007,bugday,323.0,351.57142857142856,304.36882129277546,277.0,302.45720277958026
1988,Edirne,2008,bugday,318.0,351.8095238095238,311.6581569115806,323.0,311.1970018581542
1988,Edirne,2009,bugday,280.0,353.6190476190476,321.39447852760713,318.0,322.3354033957821
1988,Edirne,2010,bugday,350.0,350.2857142857143,322.03818181818133,280.0,321.8802606519839
1988,Edirne,2011,bugday,297.0,352.8095238095238,331.8655462184852,350.0,331.8239166087642
1988,Edirne,2012,bugday,427.0,346.6190476190476,330.5852205005958,297.0,322.80126618463873
1988,Edirne,2013,bugday,352.0,350.1904761904762,340.9685646500584,427.0,340.23581590376125
1988,Edirne,2014,bugday,408.0,347.5238095238095,344.4408284023648,352.0,342.94544075598606
1988,Edirne,2015,bugday,333.0,351.0952380952381,354.16568047337387,408.0,354.2001041373005
1988,Edirne,2016,bugday,326.0,351.42857142857144,360.71352313167154,333.0,361.16501893334316
1988,Edirne,2017,bugday,332.0,351.14285714285717,366.72050059594767,326.0,367.0830159026318
1988,Edirne,2018,bugday,331.0,351.1904761904762,373.2521008403364,332.0,373.96757423340205
1988,Edirne,2019,bugday,340.0,350.76190476190476,379.28060606060717,331.0,379.6409577876293
1988,Edirne,2020,bugday,286.0,353.3333333333333,390.7895705521478,340.0,390.82711341000686
1988,Edirne,2021,bugday,433.0,346.3333333333333,383.70361145703646,286.0,377.31560193776204
1988,Edirne,2022,bugday,394.0,348.1904761904762,394.16413181242024,433.0,394.057545468022
1988,Edirne,2023,bugday,576.0,339.5238095238095,374.38098318240554,394.0,374.30987511182957
1988,Edirne,2024,bugday,419.0,347.0,403.5721854304629,576.0,403.16276906076746
1988,Edirne,2025,bugday,324.0,351.5238095238095,429.65238095238055,419.0,438.114149120398
1705,Edirne,2004,bugday,343.0,386.5238095238095,384.46666666666664,386.5238095238095,399.86543436687043
1705,Edirne,2005,bugday,428.0,382.4761904761905,369.47218543046347,343.0,374.2102229372126
1705,Edirne,2006,bugday,396.0,384.0,376.26972833117725,428.0,381.6722630812269
1705,Edirne,2007,bugday,363.0,385.57142857142856,381.46768060836496,396.0,378.3936253318093
1705,Edirne,2008,bugday,437.0,382.04761904761904,374.2914072229139,363.0,374.8811136931108
1705,Edirne,2009,bugday,350.0,386.1904761904762,383.4779141104293,437.0,383.9870134920352
1705,Edirne,2010,bugday,400.0,383.8095238095238,380.1339393939395,350.0,386.2898765245827
1705,Edirne,2011,bugday,283.0,389.3809523809524,388.4201680672269,400.0,386.16804202686205
1705,Edirne,2012,bugday,462.0,380.85714285714283,378.46185935637664,283.0,363.3077938346023
1705,Edirne,2013,bugday,378.0,384.85714285714283,383.8060498220641,462.0,373.8574317607572
1705,Edirne,2014,bugday,436.0,382.0952380952381,381.72366863905313,378.0,372.93116708850584
1705,Edirne,2015,bugday,353.0,386.04761904761904,386.4130177514794,436.0,384.30466017154276
1705,Edirne,2016,bugday,348.0,386.2857142857143,387.4572953736656,353.0,391.2931834740434
1705,Edirne,2017,bugday,354.0,386.0,388.02920143027404,348.0,384.2515104355689
1705,Edirne,2018,bugday,353.0,386.04761904761904,389.05882352941194,354.0,385.3658917979333
1705,Edirne,2019,bugday,351.0,386.14285714285717,390.28363636363633,353.0,384.19430118522587
1705,Edirne,2020,bugday,322.0,387.5238095238095,394.0116564417176,351.0,390.50304977466885
1705,Edirne,2021,bugday,448.0,381.5238095238095,382.89103362391035,322.0,378.10535177718566
1705,Edirne,2022,bugday,402.0,383.7142857142857,388.12357414448684,448.0,387.4371837107742
1705,Edirne,2023,bugday,515.0,378.3333333333333,372.16817593790415,402.0,372.7709660480093
1705,Edirne,2024,bugday,370.0,385.23809523809524,394.6218543046357,515.0,407.2164008680984
1705,Edirne,2025,bugday,368.0,385.3333333333333,396.51904761904757,370.0,434.4855550551347
1412,Edirne,2004,bugday,290.0,389.1904761904762,338.2904761904774,389.1904761904762,248.46981396210742
1412,Edirne,2005,bugday,273.0,390.0,346.04834437086174,290.0,250.9977398099627
1412,Edirne,2006,bugday,277.0,389.8095238095238,349.72186287192744,273.0,278.32905908623866
1412,Edirne,2007,bugday,404.0,383.76190476190476,338.5500633713564,277.0,372.0703733684003
1412,Edirne,2008,bugday,517.0,378.3809523809524,333.8156911581573,404.0,393.9367929965674
1412,Edirne,2009,bugday,350.0,386.3333333333333,356.6085889570568,517.0,439.41791914685246
1412,Edirne,2010,bugday,350.0,386.3333333333333,362.1096969696973,350.0,390.556270190154
1412,Edirne,2011,bugday,353.0,386.1904761904762,367.33193277310966,350.0,433.1422459881055
1412,Edirne,2012,bugday,454.0,381.3809523809524,367.11978545887905,353.0,464.2945277519368
1412,Edirne,2013,bugday,345.0,386.57142857142856,378.48932384341606,454.0,352.5817071905251
1412,Edirne,2014,bugday,415.0,383.23809523809524,380.5041420118323,345.0,349.73752868144584
1412,Edirne,2015,bugday,321.0,387.7142857142857,390.458579881657,415.0,376.2852979974266
1412,Edirne,2016,bugday,350.0,386.3333333333333,394.6233689205237,321.0,374.61134686521893
1412,Edirne,2017,bugday,345.0,386.57142857142856,400.601311084627,350.0,372.1352350664033
1412,Edirne,2018,bugday,345.0,386.57142857142856,406.52941176470813,345.0,367.9218216936406
1412,Edirne,2019,bugday,383.0,384.76190476190476,409.9206060606066,345.0,425.66337375822104
1412,Edirne,2020,bugday,432.0,382.42857142857144,411.6619631901831,383.0,458.98236012028565
1412,Edirne,2021,bugday,529.0,377.8095238095238,407.1264009962633,432.0,453.6629357642962
1412,Edirne,2022,bugday,438.0,382.14285714285717,421.92965779467704,529.0,454.6256071064695
1412,Edirne,2023,bugday,576.0,375.57142857142856,407.4695989650709,438.0,416.9956755035764
1412,Edirne,2024,bugday,409.0,383.5238095238095,438.4158940397356,576.0,387.2003249331276
1412,Edirne,2025,bugday,307.0,388.3809523809524,466.3666666666668,409.0,390.2737637495743
1163,Kırklareli,2004,bugday,323.0,385.23809523809524,344.080952380953,385.23809523809524,371.4302746791577
1163,Kırklareli,2005,bugday,366.0,383.1904761904762,340.77152317880973,323.0,359.39714512631326
1163,Kırklareli,2006,bugday,317.0,385.5238095238095,353.06274256144843,366.0,359.2273339013609
1163,Kırklareli,2007,bugday,404.0,381.3809523809524,346.1704689480357,317.0,345.4101250321464
1163,Kırklareli,2008,bugday,358.0,383.57142857142856,356.30635118306327,404.0,354.6099939076312
1163,Kırklareli,2009,bugday,322.0,385.2857142857143,363.7822085889575,358.0,355.8249182141517
1163,Kırklareli,2010,bugday,280.0,387.2857142857143,370.6400000000003,322.0,359.8640779738844
1163,Kırklareli,2011,bugday,318.0,385.4761904761905,371.6176470588234,280.0,352.9078591493835
1163,Kırklareli,2012,bugday,410.0,381.0952380952381,370.3480333730622,318.0,304.71761020496206
1163,Kırklareli,2013,bugday,388.0,382.14285714285717,375.8380782918148,410.0,368.71613975162563
1163,Kırklareli,2014,bugday,428.0,380.23809523809524,378.1325443786973,388.0,387.9027499986614
1163,Kırklareli,2015,bugday,379.0,382.57142857142856,384.6639053254439,428.0,387.0841249565092
1163,Kırklareli,2016,bugday,374.0,382.8095238095238,389.12218268090237,379.0,395.98509738770827
1163,Kırklareli,2017,bugday,458.0,378.8095238095238,388.75148986889235,374.0,393.59673890601516
1163,Kırklareli,2018,bugday,442.0,379.57142857142856,393.50420168067285,458.0,408.41113435170337
1163,Kırklareli,2019,bugday,445.0,379.42857142857144,397.09818181818264,442.0,409.7602977108454
1163,Kırklareli,2020,bugday,352.0,383.85714285714283,408.89202453987673,445.0,415.31489840555787
1163,Kırklareli,2021,bugday,483.0,377.6190476190476,400.68493150684935,352.0,397.35535181754767
1163,Kırklareli,2022,bugday,438.0,379.76190476190476,409.20785804816205,483.0,405.25266071469423
1163,Kırklareli,2023,bugday,411.0,381.04761904761904,417.11384217335126,438.0,413.0679444852576
1163,Kırklareli,2024,bugday,408.0,381.1904761904762,422.45960264900623,411.0,422.06401914058824
1163,Kırklareli,2025,bugday,309.0,385.9047619047619,447.9333333333325,408.0,446.6263858171005
1270,Kırklareli,2004,bugday,242.0,271.5,246.1573640619372,271.5,248.3123871566204
1270,Kırklareli,2005,bugday,273.0,268.9166666666667,242.84026156001892,242.0,246.49522665602763
1270,Kırklareli,2006,bugday,277.0,268.5833333333333,245.81894880857362,273.0,283.6144493632346
1270,Kırklareli,2007,bugday,242.0,271.5,254.56300268096493,277.0,278.0066127204227
1270,Kırklareli,2008,bugday,286.0,267.8333333333333,251.50159218183762,242.0,240.88645830786118
1270,Kırklareli,2009,bugday,251.0,270.75,258.7713295799049,286.0,243.82413573315898
1270,Kırklareli,2010,bugday,245.0,271.25,262.0719563122393,251.0,237.99489511752472
1270,Kırklareli,2011,bugday,174.0,277.1666666666667,271.2476635514013,245.0,267.6420751851292
1270,Kırklareli,2021,bugday,362.0,261.5,275.3560986751945,174.0,273.5297865363791
1270,Kırklareli,2022,bugday,317.0,265.25,285.42857142857156,362.0,285.2402449141655
1270,Kırklareli,2023,bugday,292.0,267.3333333333333,293.5943214629451,317.0,295.51404959707816
1270,Kırklareli,2024,bugday,256.0,270.3333333333333,306.8621289280827,292.0,311.043722401766
1270,Kırklareli,2025,bugday,283.0,268.0833333333333,303.3132405976294,256.0,317.5896584415168
1480,Kırklareli,2004,bugday,242.0,268.85714285714283,249.02857142857147,268.85714285714283,232.87067494405437
1480,Kırklareli,2005,bugday,234.0,269.23809523809524,252.43708609271562,242.0,230.61770899370094
1480,Kırklareli,2006,bugday,198.0,270.95238095238096,259.40750323415205,234.0,254.56334951687313
1480,Kırklareli,2007,bugday,282.0,266.95238095238096,250.00506970849165,198.0,249.68090615637266
1480,Kırklareli,2008,bugday,318.0,265.23809523809524,248.9439601494396,282.0,228.49615109448132
1480,Kırklareli,2009,bugday,210.0,270.3809523809524,261.352147239264,318.0,251.3156758395353
1480,Kırklareli,2010,bugday,147.0,273.3809523809524,267.37393939393905,210.0,295.92155034603456
1480,Kırklareli,2011,bugday,247.0,268.6190476190476,261.92016806722677,147.0,261.66360086502027
1480,Kırklareli,2012,bugday,350.0,263.7142857142857,258.09535160905807,247.0,274.05581352579156
1480,Kırklareli,2013,bugday,295.0,266.3333333333333,263.2852906287071,350.0,290.0461620861515
1480,Kırklareli,2014,bugday,311.0,265.57142857142856,264.5698224852067,295.0,273.5734908496961
1480,Kırklareli,2015,bugday,303.0,265.95238095238096,266.9295857988168,311.0,274.37095072003103
1480,Kırklareli,2016,bugday,227.0,269.57142857142856,272.65658362989325,303.0,270.3856970901452
1480,Kırklareli,2017,bugday,305.0,265.85714285714283,270.54171632896305,227.0,265.50147709558314
1480,Kırklareli,2018,bugday,305.0,265.85714285714283,272.2983193277314,305.0,266.33961628673205
1480,Kırklareli,2019,bugday,232.0,269.3333333333333,279.358787878788,305.0,268.8895792873782
1480,Kırklareli,2020,bugday,313.0,265.4761904761905,274.9822085889573,232.0,309.9265436180103
1480,Kırklareli,2021,bugday,360.0,263.23809523809524,271.66500622665035,313.0,294.2616453049677
1480,Kırklareli,2022,bugday,247.0,268.6190476190476,286.03485424588143,360.0,305.95551896007146
1480,Kırklareli,2023,bugday,284.0,266.85714285714283,283.6183699870635,247.0,295.0048115327563
1480,Kırklareli,2024,bugday,260.0,268.0,289.9695364238414,284.0,256.6181672987941
1480,Kırklareli,2025,bugday,218.0,270.0,301.6571428571424,260.0,253.7648754175816
1505,Kırklareli,2004,bugday,363.0,386.0,384.88571428571424,386.0,393.541458868062
1505,Kırklareli,2005,bugday,366.0,385.85714285714283,384.21059602649007,363.0,394.54212349299974
1505,Kırklareli,2006,bugday,348.0,386.7142857142857,386.81953428201814,366.0,385.8170698671513
1505,Kırklareli,2007,bugday,404.0,384.04761904761904,379.5880861850444,348.0,369.5015898564357
1505,Kırklareli,2008,bugday,437.0,382.4761904761905,377.0211706102116,404.0,371.0718349059889
1505,Kırklareli,2009,bugday,350.0,386.6190476190476,385.82208588957053,437.0,376.3217454209036
1505,Kırklareli,2010,bugday,350.0,386.6190476190476,385.77515151515144,350.0,372.8416311093206
1505,Kırklareli,2011,bugday,389.0,384.76190476190476,383.35714285714283,350.0,378.25624955978583
1505,Kırklareli,2012,bugday,432.0,382.7142857142857,381.3951132300357,389.0,351.980275064436
1505,Kırklareli,2013,bugday,392.0,384.6190476190476,384.0308422301305,432.0,385.9659119051745
1505,Kırklareli,2014,bugday,391.0,384.6666666666667,384.47573964497036,392.0,407.24012390197356
1505,Kırklareli,2015,bugday,298.0,389.0952380952381,389.31124260355034,391.0,391.72277554822034
1505,Kırklareli,2016,bugday,376.0,385.3809523809524,385.9744958481614,298.0,406.09974314712423
1505,Kırklareli,2017,bugday,423.0,383.14285714285717,383.79797377830755,376.0,394.219294821434
1505,Kırklareli,2018,bugday,426.0,383.0,383.71008403361344,423.0,394.3118882995917
1505,Kırklareli,2019,bugday,382.0,385.0952380952381,386.91393939393936,426.0,391.3163369015173
1505,Kırklareli,2020,bugday,432.0,382.7142857142857,383.0411042944785,382.0,390.9643603427936
1505,Kırklareli,2021,bugday,483.0,380.2857142857143,377.4676214196762,432.0,379.58031881308034
1505,Kırklareli,2022,bugday,398.0,384.3333333333333,386.3960709759189,483.0,378.138102438132
1505,Kırklareli,2023,bugday,358.0,386.23809523809524,392.3906856403621,398.0,382.02339835760944
1505,Kırklareli,2024,bugday,408.0,383.85714285714283,384.9913907284768,358.0,378.6760020629712
1505,Kırklareli,2025,bugday,263.0,390.76190476190476,414.4904761904754,408.0,411.2298695073887
1471,Kırklareli,2004,bugday,307.0,337.23809523809524,281.48095238095266,337.23809523809524,255.87736133449744
1471,Kırklareli,2005,bugday,288.0,338.14285714285717,291.0311258278143,307.0,278.86307264290645
1471,Kırklareli,2006,bugday,261.0,339.42857142857144,300.34993531694636,288.0,293.7408546362485
1471,Kırklareli,2007,bugday,351.0,335.14285714285717,293.8935361216736,261.0,285.5470138339151
1471,Kırklareli,2008,bugday,350.0,335.1904761904762,300.24782067247907,351.0,288.7413209623992
1471,Kırklareli,2009,bugday,245.0,340.1904761904762,315.24171779141216,350.0,309.904157113986
1471,Kırklareli,2010,bugday,189.0,342.85714285714283,323.6127272727281,245.0,335.2308258922003
1471,Kırklareli,2011,bugday,219.0,341.42857142857144,325.49579831932715,189.0,325.8720721133118
1471,Kırklareli,2012,bugday,378.0,333.85714285714283,320.9523241954703,219.0,326.4075727702957
1471,Kırklareli,2013,bugday,365.0,334.4761904761905,326.88493475682117,378.0,343.2548080482966
1471,Kırklareli,2014,bugday,428.0,331.4761904761905,328.95029585798693,365.0,337.92987013734364
1471,Kırklareli,2015,bugday,325.0,336.3809523809524,338.8816568047332,428.0,358.0038025942313
1471,Kırklareli,2016,bugday,374.0,334.04761904761904,341.45077105575365,325.0,353.6840835937446
1471,Kırklareli,2017,bugday,458.0,330.04761904761904,341.67044100119165,374.0,348.75800585212437
1471,Kırklareli,2018,bugday,320.0,336.6190476190476,354.5966386554628,458.0,364.9173174782036
1471,Kırklareli,2019,bugday,342.0,335.57142857142856,358.43454545454733,320.0,368.2789939113636
1471,Kırklareli,2020,bugday,352.0,335.0952380952381,362.949693251534,342.0,367.90177386684627
1471,Kırklareli,2021,bugday,396.0,333.0,363.8486924034878,352.0,364.7813172966926
1471,Kırklareli,2022,bugday,358.0,334.8095238095238,373.2750316856782,396.0,375.2408062241393
1471,Kırklareli,2023,bugday,373.0,334.0952380952381,376.8680465717989,358.0,372.9746243395384
1471,Kırklareli,2024,bugday,371.0,334.1904761904762,382.896026490067,373.0,364.13208730691986
1471,Kırklareli,2025,bugday,339.0,335.7142857142857,395.5142857142855,371.0,364.9458611653763
1572,Kırklareli,2004,bugday,303.0,372.57142857142856,323.8571428571431,372.57142857142856,335.0866193560869
1572,Kırklareli,2005,bugday,312.0,372.14285714285717,327.23311258278045,303.0,341.6141187808171
1572,Kırklareli,2006,bugday,317.0,371.9047619047619,331.5071151358334,312.0,330.2311547507761
1572,Kırklareli,2007,bugday,363.0,369.7142857142857,330.83460076045594,317.0,313.2122803526072
1572,Kırklareli,2008,bugday,374.0,369.1904761904762,335.4215442092154,363.0,335.3539354132754
1572,Kırklareli,2009,bugday,315.0,372.0,346.1736196319016,374.0,327.5401984135624
1572,Kırklareli,2010,bugday,280.0,373.6666666666667,353.3812121212104,315.0,338.79562123166033
1572,Kırklareli,2011,bugday,318.0,371.85714285714283,355.2521008403364,280.0,356.26348913483525
1572,Kırklareli,2012,bugday,396.0,368.14285714285717,355.5977353992839,318.0,323.8722776080649
1572,Kırklareli,2013,bugday,327.0,371.42857142857144,364.17971530248906,396.0,381.561604247112
1572,Kırklareli,2014,bugday,433.0,366.3809523809524,363.9112426035499,327.0,384.5474828133938
1572,Kırklareli,2015,bugday,379.0,368.95238095238096,371.3994082840236,433.0,376.13081212996985
1572,Kırklareli,2016,bugday,389.0,368.4761904761905,375.78884934756934,379.0,378.2805716073617
1572,Kırklareli,2017,bugday,458.0,365.1904761904762,376.8367103694891,389.0,389.18194657493586
1572,Kırklareli,2018,bugday,343.0,370.6666666666667,388.4705882352937,458.0,390.40612088598755
1572,Kırklareli,2019,bugday,456.0,365.2857142857143,385.6436363636367,343.0,389.0113852102768
1572,Kırklareli,2020,bugday,391.0,368.3809523809524,395.4834355828225,456.0,387.9930342158659
1572,Kırklareli,2021,bugday,440.0,366.04761904761904,395.6724782067249,391.0,396.55146246117874
1572,Kırklareli,2022,bugday,398.0,368.04761904761904,405.27059569074663,440.0,380.71743955153033
1572,Kırklareli,2023,bugday,388.0,368.5238095238095,412.232858990943,398.0,408.7694244173563
1572,Kırklareli,2024,bugday,371.0,369.3333333333333,421.23311258278227,388.0,421.6989624178441
1572,Kırklareli,2025,bugday,376.0,369.0952380952381,427.2095238095244,371.0,430.34400968522095
1577,Kırklareli,2004,bugday,282.0,380.1904761904762,348.39047619047597,380.1904761904762,353.19027455085507
1577,Kırklareli,2005,bugday,311.0,378.8095238095238,345.9331125827812,282.0,348.5847633192243
1577,Kırklareli,2006,bugday,303.0,379.1904761904762,350.49741267787886,311.0,351.3428560006305
1577,Kırklareli,2007,bugday,404.0,374.3809523809524,341.3092522179959,303.0,334.34361150528093
1577,Kırklareli,2008,bugday,398.0,374.6666666666667,347.0747198007466,404.0,342.53724018585854
1577,Kırklareli,2009,bugday,315.0,378.6190476190476,359.0006134969326,398.0,354.49600007517347
1577,Kırklareli,2010,bugday,315.0,378.6190476190476,362.4151515151507,315.0,355.7547231995377
1577,Kırklareli,2011,bugday,353.0,376.8095238095238,363.47478991596563,315.0,353.36999925209966
1577,Kırklareli,2012,bugday,378.0,375.6190476190476,365.8963051251485,353.0,350.9043427687702
1577,Kırklareli,2013,bugday,388.0,375.14285714285717,369.3131672597856,378.0,375.7337646833157
1577,Kırklareli,2014,bugday,428.0,373.23809523809524,371.29467455621307,388.0,378.27411915327593
1577,Kırklareli,2015,bugday,417.0,373.76190476190476,375.6763313609472,428.0,383.851252995858
1577,Kırklareli,2016,bugday,449.0,372.23809523809524,377.8285883748522,417.0,383.52730876855276
1577,Kırklareli,2017,bugday,458.0,371.8095238095238,380.87246722288455,449.0,383.6205157836994
1577,Kırklareli,2018,bugday,305.0,379.0952380952381,393.86974789915985,458.0,433.2728596192319
1577,Kırklareli,2019,bugday,456.0,371.9047619047619,387.60606060606005,305.0,373.4179100629117
1577,Kırklareli,2020,bugday,352.0,376.85714285714283,399.75950920245486,456.0,394.54972776323484
1577,Kırklareli,2021,bugday,440.0,372.6666666666667,395.4881693648822,352.0,392.3291305103803
1577,Kırklareli,2022,bugday,398.0,374.6666666666667,403.96324461343465,440.0,396.3783565695703
1577,Kırklareli,2023,bugday,373.0,375.85714285714283,411.9385510996117,398.0,408.4909263045429
1577,Kırklareli,2024,bugday,408.0,374.1904761904762,411.1311258278147,373.0,407.58023831548326
1577,Kırklareli,2025,bugday,335.0,377.6666666666667,430.5952380952385,408.0,427.91034955813666
1714,Kırklareli,2004,bugday,363.0,389.4761904761905,358.2904761904765,389.4761904761905,342.9973370552216
1714,Kırklareli,2005,bugday,350.0,390.0952380952381,363.9218543046354,363.0,356.13964818561544
1714,Kırklareli,2006,bugday,317.0,391.6666666666667,371.5840879689522,350.0,372.29051497573255
1714,Kırklareli,2007,bugday,404.0,387.5238095238095,362.9556400506963,317.0,363.8834742977915
1714,Kırklareli,2008,bugday,437.0,385.95238095238096,363.34557907845556,404.0,364.31763051414237
1714,Kırklareli,2009,bugday,350.0,390.0952380952381,374.9754601226987,437.0,380.48610473999906
1714,Kırklareli,2010,bugday,315.0,391.76190476190476,380.2224242424236,350.0,384.43635462581005
1714,Kırklareli,2011,bugday,367.0,389.2857142857143,379.27310924369795,315.0,377.7905518705884
1714,Kırklareli,2012,bugday,379.0,388.7142857142857,381.45351609058343,367.0,385.2352690335547
1714,Kırklareli,2013,bugday,366.0,389.3333333333333,385.0166073546852,379.0,387.6316521612389
1714,Kırklareli,2014,bugday,390.0,388.1904761904762,386.73372781065063,366.0,386.98671610964175
1714,Kırklareli,2015,bugday,417.0,386.9047619047619,388.3520710059165,390.0,391.12558878858727
1714,Kırklareli,2016,bugday,412.0,387.14285714285717,391.4555160142345,417.0,394.5995203055336
1714,Kırklareli,2017,bugday,420.0,386.76190476190476,393.84743742550654,412.0,394.38564306229455
1714,Kırklareli,2018,bugday,381.0,388.6190476190476,399.07142857142844,420.0,399.594854553372
1714,Kırklareli,2019,bugday,380.0,388.6666666666667,402.30303030303094,381.0,399.8940157476609
1714,Kırklareli,2020,bugday,430.0,386.2857142857143,401.27116564417247,380.0,395.02157501823785
1714,Kırklareli,2021,bugday,483.0,383.76190476190476,398.46139476961434,430.0,393.1968655416331
1714,Kırklareli,2022,bugday,438.0,385.9047619047619,405.5842839036759,483.0,406.0582027729133
1714,Kırklareli,2023,bugday,411.0,387.1904761904762,412.02652005174605,438.0,410.6217823431425
1714,Kırklareli,2024,bugday,408.0,387.3333333333333,415.8291390728473,411.0,416.59950872727404
1714,Kırklareli,2025,bugday,324.0,391.3333333333333,436.5904761904758,408.0,436.3992115694482
2094,Tekirdağ,2013,bugday,389.0,411.9166666666667,487.21212121212375,411.9166666666667,-55.48894706062492
2094,Tekirdağ,2014,bugday,428.0,408.6666666666667,458.3986013986032,389.0,485.60388169805447
2094,Tekirdağ,2015,bugday,455.0,406.4166666666667,441.2763157894733,428.0,476.1311607970456
2094,Tekirdağ,2016,bugday,449.0,406.9166666666667,433.1949685534619,455.0,459.2713181230538
2094,Tekirdağ,2017,bugday,458.0,406.1666666666667,423.42682926829184,449.0,440.6648465032413
2094,Tekirdağ,2018,bugday,351.0,415.0833333333333,424.5628742514964,458.0,431.7822847705538
2094,Tekirdağ,2019,bugday,456.0,406.3333333333333,406.3333333333321,351.0,415.13432210450264
2094,Tekirdağ,2020,bugday,430.0,408.5,399.2754491017986,456.0,410.561486298604
2094,Tekirdağ,2021,bugday,545.0,398.9166666666667,376.829268292684,430.0,376.2825328250947
2094,Tekirdağ,2022,bugday,438.0,407.8333333333333,377.46540880503017,545.0,374.4781723579217
2094,Tekirdağ,2023,bugday,336.0,416.3333333333333,384.8157894736851,438.0,379.4018829034612
2094,Tekirdağ,2024,bugday,371.0,413.4166666666667,367.7202797202772,336.0,354.99025834330314
2094,Tekirdağ,2025,bugday,226.0,425.5,410.86363636363603,371.0,396.5108929031994
1388,Tekirdağ,2004,bugday,484.0,399.3333333333333,404.06190476190477,399.3333333333333,432.2313949640975
1388,Tekirdağ,2005,bugday,467.0,400.14285714285717,407.501986754967,484.0,437.34260616217307
1388,Tekirdağ,2006,bugday,297.0,408.23809523809524,432.05045278137186,467.0,435.733719024056
1388,Tekirdağ,2007,bugday,444.0,401.23809523809524,409.78643852978485,297.0,401.97997851028686
1388,Tekirdağ,2008,bugday,477.0,399.6666666666667,405.47322540473215,444.0,393.3065831839813
1388,Tekirdağ,2009,bugday,357.0,405.3809523809524,415.40981595092035,477.0,402.7368220642602
1388,Tekirdağ,2010,bugday,294.0,408.3809523809524,417.8430303030309,357.0,403.65530197299995
1388,Tekirdağ,2011,bugday,318.0,407.23809523809524,413.6764705882356,294.0,395.4553461318101
1388,Tekirdağ,2012,bugday,500.0,398.57142857142856,401.4511323003576,318.0,325.91509681539173
1388,Tekirdağ,2013,bugday,388.0,403.9047619047619,406.1180308422304,500.0,409.9716003934136
1388,Tekirdağ,2014,bugday,444.0,401.23809523809524,401.9473372781067,388.0,399.0196322066604
1388,Tekirdağ,2015,bugday,379.0,404.3333333333333,403.61893491124283,444.0,414.1751084416155
1388,Tekirdağ,2016,bugday,412.0,402.76190476190476,400.56642941874225,379.0,407.34601608390767
1388,Tekirdağ,2017,bugday,458.0,400.57142857142856,396.5083432657925,412.0,408.3205165591735
1388,Tekirdağ,2018,bugday,343.0,406.04761904761904,401.8487394957979,458.0,424.7882399773807
1388,Tekirdağ,2019,bugday,456.0,400.6666666666667,392.65393939393925,343.0,392.9418818487047
1388,Tekirdağ,2020,bugday,394.0,403.6190476190476,395.742944785276,456.0,408.242245770336
1388,Tekirdağ,2021,bugday,483.0,399.3809523809524,385.10585305105815,394.0,390.3940480189849
1388,Tekirdağ,2022,bugday,406.0,403.04761904761904,391.24017743979675,483.0,390.0830236986985
1388,Tekirdağ,2023,bugday,344.0,406.0,398.37968952134565,406.0,399.2650764397713
1388,Tekirdağ,2024,bugday,386.0,404.0,390.80066225165547,344.0,389.60540875217885
1388,Tekirdağ,2025,bugday,339.0,406.23809523809524,398.895238095238,386.0,393.58730656366424
2095,Tekirdağ,2013,bugday,392.0,391.0833333333333,409.651515151515,391.0833333333333,449.71097587660825
2095,Tekirdağ,2014,bugday,428.0,388.0833333333333,395.58041958041986,392.0,394.47561859886673
2095,Tekirdağ,2015,bugday,379.0,392.1666666666667,404.4473684210525,428.0,407.55957019380367
2095,Tekirdağ,2016,bugday,412.0,389.4166666666667,395.9496855345915,379.0,395.478088727074
2095,Tekirdağ,2017,bugday,420.0,388.75,393.0365853658541,412.0,391.18595397473473
2095,Tekirdağ,2018,bugday,290.0,399.5833333333333,402.7185628742509,420.0,406.93337650961985
2095,Tekirdağ,2019,bugday,380.0,392.0833333333333,392.08333333333303,290.0,392.8593210331046
2095,Tekirdağ,2020,bugday,391.0,391.1666666666667,388.6886227544919,380.0,389.4045083888677
2095,Tekirdağ,2021,bugday,527.0,379.8333333333333,371.19512195121933,391.0,370.99129496492606
2095,Tekirdağ,2022,bugday,398.0,390.5833333333333,382.35220125786145,527.0,381.8360092637904
2095,Tekirdağ,2023,bugday,358.0,393.9166666666667,386.80263157894706,398.0,386.57415452163923
2095,Tekirdağ,2024,bugday,371.0,392.8333333333333,382.1748251748254,358.0,381.8076883239146
2095,Tekirdağ,2025,bugday,339.0,395.5,392.090909090909,371.0,394.5120662794893
1511,Tekirdağ,2004,bugday,415.0,405.2857142857143,372.25714285714275,405.2857142857143,352.31726511859233
1511,Tekirdağ,2005,bugday,311.0,410.23809523809524,394.29271523178795,415.0,386.6997277498358
1511,Tekirdağ,2006,bugday,317.0,409.95238095238096,394.3389391979299,311.0,389.9888605378428
1511,Tekirdağ,2007,bugday,444.0,403.9047619047619,380.03865652725017,317.0,387.1510961201602
1511,Tekirdağ,2008,bugday,445.0,403.85714285714283,383.80323785803284,444.0,383.5267922492967
1511,Tekirdağ,2009,bugday,350.0,408.3809523809524,395.633742331288,445.0,406.1023433070368
1511,Tekirdağ,2010,bugday,350.0,408.3809523809524,397.7593939393937,350.0,416.579725510961
1511,Tekirdağ,2011,bugday,389.0,406.5238095238095,397.49579831932715,350.0,408.4329580466856
1511,Tekirdağ,2012,bugday,500.0,401.23809523809524,393.9171632896305,389.0,396.3244026779712
1511,Tekirdağ,2013,bugday,388.0,406.57142857142856,402.68861209964325,500.0,422.23079147339195
1511,Tekirdağ,2014,bugday,440.0,404.0952380952381,402.7769230769218,388.0,408.00698794186064
1511,Tekirdağ,2015,bugday,379.0,407.0,408.3159763313615,440.0,391.21135424863314
1511,Tekirdağ,2016,bugday,434.0,404.3809523809524,408.2342823250301,379.0,383.85572363205574
1511,Tekirdağ,2017,bugday,450.0,403.6190476190476,409.8587604290824,434.0,396.41571494187883
1511,Tekirdağ,2018,bugday,320.0,409.8095238095238,420.4159663865548,450.0,417.8046472891783
1511,Tekirdağ,2019,bugday,464.0,402.95238095238096,413.50848484848484,320.0,409.77104165612036
1511,Tekirdağ,2020,bugday,380.0,406.95238095238096,422.8668711656446,464.0,419.59753087587524
1511,Tekirdağ,2021,bugday,527.0,399.95238095238096,411.15691158156915,380.0,412.3876173327935
1511,Tekirdağ,2022,bugday,398.0,406.0952380952381,427.679974651458,527.0,428.5461977969244
1511,Tekirdağ,2023,bugday,373.0,407.2857142857143,434.79172056921107,398.0,433.5607813009392
1511,Tekirdağ,2024,bugday,438.0,404.1904761904762,427.9569536423842,373.0,431.43718276818436
1511,Tekirdağ,2025,bugday,414.0,405.3333333333333,435.6047619047613,438.0,441.39671266701043
1825,Tekirdağ,2004,bugday,444.0,433.7142857142857,399.95714285714257,433.7142857142857,438.18082277898975
1825,Tekirdağ,2005,bugday,428.0,434.4761904761905,406.87615894039754,444.0,448.06944034449316
1825,Tekirdağ,2006,bugday,356.0,437.9047619047619,420.763906856404,428.0,453.3483507255205
1825,Tekirdağ,2007,bugday,444.0,433.7142857142857,411.5456273764257,356.0,407.3330321742169
1825,Tekirdağ,2008,bugday,477.0,432.14285714285717,411.52926525529165,444.0,423.43300619770434
1825,Tekirdağ,2009,bugday,350.0,438.1904761904762,426.24601226993764,477.0,382.0346443623721
1825,Tekirdağ,2010,bugday,339.0,438.7142857142857,428.86181818181876,350.0,383.99543961025574
1825,Tekirdağ,2011,bugday,353.0,438.04761904761904,429.82352941176396,339.0,407.7142928707899
1825,Tekirdağ,2012,bugday,500.0,431.04761904761904,423.81466030989213,353.0,407.0833714617129
1825,Tekirdağ,2013,bugday,388.0,436.3809523809524,432.4976275207591,500.0,404.46957075573846
1825,Tekirdağ,2014,bugday,428.0,434.4761904761905,433.14378698224846,388.0,413.4912493138645
1825,Tekirdağ,2015,bugday,477.0,432.14285714285717,433.4639053254441,428.0,429.36295501665154
1825,Tekirdağ,2016,bugday,472.0,432.3809523809524,436.287663107948,477.0,463.21494875779354
1825,Tekirdağ,2017,bugday,527.0,429.76190476190476,435.75685339690153,472.0,459.57411624485394
1825,Tekirdağ,2018,bugday,366.0,437.42857142857144,447.953781512605,527.0,463.5257347145307
1825,Tekirdağ,2019,bugday,509.0,430.6190476190476,440.9951515151515,366.0,458.5546044982175
1825,Tekirdağ,2020,bugday,407.0,435.4761904761905,451.75092024539845,509.0,457.8372349749761
1825,Tekirdağ,2021,bugday,589.0,426.8095238095238,436.52926525529256,407.0,430.8395786680994
1825,Tekirdağ,2022,bugday,461.0,432.9047619047619,452.3371356147027,589.0,456.19075610886557
1825,Tekirdağ,2023,bugday,373.0,437.0952380952381,467.8822768434675,461.0,488.72704010747475
1825,Tekirdağ,2024,bugday,431.0,434.3333333333333,463.1059602649002,373.0,454.75563626532585
1825,Tekirdağ,2025,bugday,433.0,434.23809523809524,466.63809523809505,431.0,458.2031118734385
1673,Tekirdağ,2004,bugday,403.0,395.5,388.6428571428569,395.5,399.57449774290217
1673,Tekirdağ,2005,bugday,428.0,392.375,382.8421052631584,403.0,411.361759997475
1673,Tekirdağ,2006,bugday,356.0,401.375,403.6756756756754,428.0,401.3116348549265
1673,Tekirdağ,2007,bugday,404.0,395.375,394.56050955414,356.0,251.24966744771518
1673,Tekirdağ,2008,bugday,437.0,391.25,391.25,404.0,394.7035995354563
1673,Tekirdağ,2009,bugday,385.0,397.75,398.64331210191085,437.0,389.33925080851986
1673,Tekirdağ,2010,bugday,301.0,408.25,418.32432432432506,385.0,410.91014839978743
1673,Tekirdağ,2011,bugday,353.0,401.75,413.9473684210534,301.0,436.63856668085646
1673,Tekirdağ,2012,bugday,500.0,383.375,337.03571428571377,353.0,342.0244415242596
1538,Tekirdağ,2004,bugday,444.0,435.3809523809524,439.052380952381,435.3809523809524,519.8623573898276
1538,Tekirdağ,2005,bugday,467.0,434.2857142857143,434.7476821192053,444.0,473.3565348300508
1538,Tekirdağ,2006,bugday,396.0,437.6666666666667,445.3822768434668,467.0,467.9679499606227
1538,Tekirdağ,2007,bugday,444.0,435.3809523809524,438.06970849176173,396.0,427.0667272610258
1538,Tekirdağ,2008,bugday,517.0,431.9047619047619,430.2403486924035,444.0,418.9215539379393
1538,Tekirdağ,2009,bugday,420.0,436.5238095238095,439.48220858895706,517.0,401.93761121719126
1538,Tekirdağ,2010,bugday,332.0,440.7142857142857,445.278181818182,420.0,410.4354060749506
1538,Tekirdağ,2011,bugday,389.0,438.0,440.18067226890753,332.0,418.01463223584597
1538,Tekirdağ,2012,bugday,480.0,433.6666666666667,434.35697258641244,389.0,421.02555749693556
1538,Tekirdağ,2013,bugday,388.0,438.04761904761904,438.7995255041519,480.0,410.54837796613174
1538,Tekirdağ,2014,bugday,444.0,435.3809523809524,435.58402366863913,388.0,427.4358024765993
1538,Tekirdağ,2015,bugday,417.0,436.6666666666667,436.46686390532534,444.0,424.0320889618383
1538,Tekirdağ,2016,bugday,468.0,434.23809523809524,433.52965599051015,417.0,462.14076675900924
1538,Tekirdağ,2017,bugday,496.0,432.9047619047619,431.39928486293206,468.0,442.537166985092
1538,Tekirdağ,2018,bugday,381.0,438.3809523809524,437.764705882353,496.0,441.07366776712206
1538,Tekirdağ,2019,bugday,494.0,433.0,429.60727272727263,381.0,438.09570719794465
1538,Tekirdağ,2020,bugday,446.0,435.2857142857143,432.54294478527606,494.0,465.75181098323037
1538,Tekirdağ,2021,bugday,589.0,428.4761904761905,417.21731008717325,446.0,425.09988973846066
1538,Tekirdağ,2022,bugday,477.0,433.8095238095238,427.42712294043076,589.0,428.1613190435887
1538,Tekirdağ,2023,bugday,336.0,440.5238095238095,446.4721862871928,477.0,447.7282273259167
1538,Tekirdağ,2024,bugday,446.0,435.2857142857143,429.6324503311257,336.0,426.3059854987637
1538,Tekirdağ,2025,bugday,316.0,441.4761904761905,455.33333333333303,446.0,452.90693551459947
1596,Tekirdağ,2004,bugday,387.0,396.1904761904762,409.27619047619055,396.1904761904762,426.8956706631561
1596,Tekirdağ,2005,bugday,389.0,396.0952380952381,407.25496688741714,387.0,426.91700482623946
1596,Tekirdağ,2006,bugday,356.0,397.6666666666667,410.57244501940477,389.0,410.58822415460827
1596,Tekirdağ,2007,bugday,444.0,393.4761904761905,397.6641318124209,356.0,392.19948796457936
1596,Tekirdağ,2008,bugday,477.0,391.9047619047619,394.06102117061016,444.0,394.71281144982675
1596,Tekirdağ,2009,bugday,385.0,396.2857142857143,402.2349693251531,477.0,397.87197355435956
1596,Tekirdağ,2010,bugday,315.0,399.6190476190476,406.1660606060609,385.0,402.8162860027978
1596,Tekirdağ,2011,bugday,353.0,397.8095238095238,401.91176470588243,315.0,401.2988120224504
1596,Tekirdağ,2012,bugday,480.0,391.76190476190476,393.5464839094161,353.0,373.98450353414023
1596,Tekirdağ,2013,bugday,350.0,397.95238095238096,399.5385527876633,480.0,396.86389412425933
1596,Tekirdağ,2014,bugday,389.0,396.0952380952381,396.58224852071,350.0,388.08746096704203
1596,Tekirdağ,2015,bugday,417.0,394.76190476190476,394.2704142011835,389.0,402.7204142243429
1596,Tekirdağ,2016,bugday,412.0,395.0,393.4964412811387,417.0,399.6273878624447
1596,Tekirdağ,2017,bugday,458.0,392.8095238095238,389.8820023837902,412.0,394.42929560534867
1596,Tekirdağ,2018,bugday,343.0,398.2857142857143,395.65546218487384,458.0,394.3962696390672
1596,Tekirdağ,2019,bugday,456.0,392.9047619047619,386.8860606060607,343.0,386.6802990975257
1596,Tekirdağ,2020,bugday,352.0,397.85714285714283,394.02883435582817,456.0,397.2130946113489
1596,Tekirdağ,2021,bugday,536.0,389.0952380952381,374.7322540473224,352.0,375.8359002907864
1596,Tekirdağ,2022,bugday,438.0,393.76190476190476,382.8181242078581,536.0,383.87379473200144
1596,Tekirdağ,2023,bugday,321.0,399.3333333333333,397.64359637774896,438.0,402.44487413351544
1596,Tekirdağ,2024,bugday,386.0,396.23809523809524,387.15033112582773,321.0,388.65068444894655
1596,Tekirdağ,2025,bugday,263.0,402.0952380952381,411.2523809523809,386.0,410.39594475830904
2096,Tekirdağ,2013,bugday,393.0,420.4166666666667,430.9848484848485,420.4166666666667,369.4376898545961
2096,Tekirdağ,2014,bugday,428.0,417.5,418.041958041958,393.0,466.801807890879
2096,Tekirdağ,2015,bugday,424.0,417.8333333333333,418.97368421052636,428.0,416.1105203178695
2096,Tekirdağ,2016,bugday,427.0,417.5833333333333,418.3333333333333,424.0,423.8620217325024
2096,Tekirdağ,2017,bugday,458.0,415.0,414.780487804878,427.0,417.0503959199277
2096,Tekirdağ,2018,bugday,336.0,425.1666666666667,426.1077844311376,458.0,422.46368833729866
2096,Tekirdağ,2019,bugday,433.0,417.0833333333333,417.08333333333326,336.0,424.6383549101556
2096,Tekirdağ,2020,bugday,375.0,421.9166666666667,421.79041916167665,433.0,432.3277695872948
2096,Tekirdağ,2021,bugday,554.0,407.0,402.5853658536589,375.0,405.1281073456812
2096,Tekirdağ,2022,bugday,438.0,416.6666666666667,414.17610062893095,554.0,416.79424896195997
2096,Tekirdağ,2023,bugday,355.0,423.5833333333333,429.0131578947371,438.0,430.1836498937446
2096,Tekirdağ,2024,bugday,460.0,414.8333333333333,404.5594405594402,355.0,395.9550989399213
2096,Tekirdağ,2025,bugday,357.0,423.4166666666667,438.4393939393949,460.0,429.8999079820063
1250,Tekirdağ,2004,bugday,387.0,374.04761904761904,349.8904761904769,374.04761904761904,349.3225168834856
1250,Tekirdağ,2005,bugday,273.0,379.4761904761905,372.63774834437083,387.0,371.8131084291688
1250,Tekirdağ,2006,bugday,300.0,378.1904761904762,368.3997412677877,273.0,368.97549335164945
1250,Tekirdağ,2007,bugday,444.0,371.3333333333333,351.3713561470213,300.0,352.5012615026744
1250,Tekirdağ,2008,bugday,437.0,371.6666666666667,355.64196762142,444.0,353.6302854005196
1250,Tekirdağ,2009,bugday,315.0,377.4761904761905,369.30122699386493,437.0,367.93815368714877
1250,Tekirdağ,2010,bugday,315.0,377.4761904761905,370.5278787878783,315.0,368.4901476855264
1250,Tekirdağ,2011,bugday,318.0,377.3333333333333,371.6722689075632,315.0,368.70225844290985
1250,Tekirdağ,2012,bugday,470.0,370.0952380952381,364.7175208581634,318.0,336.60002769192215
1250,Tekirdağ,2013,bugday,350.0,375.8095238095238,373.111506524318,470.0,367.00252510030214
1250,Tekirdağ,2014,bugday,374.0,374.6666666666667,373.74674556212995,350.0,392.9639746757948
1250,Tekirdağ,2015,bugday,379.0,374.42857142857144,375.3473372781068,374.0,384.7803361945133
1250,Tekirdağ,2016,bugday,374.0,374.6666666666667,377.43534994068796,379.0,385.3940709594623
1250,Tekirdağ,2017,bugday,420.0,372.4761904761905,376.7556615017879,374.0,380.2187005923803
1250,Tekirdağ,2018,bugday,343.0,376.14285714285717,383.16386554621886,420.0,389.1105654286838
1250,Tekirdağ,2019,bugday,380.0,374.3809523809524,382.72484848484874,343.0,385.66810241061114
1250,Tekirdağ,2020,bugday,430.0,372.0,380.341104294479,380.0,381.4188388324577
1250,Tekirdağ,2021,bugday,527.0,367.3809523809524,371.56973848069754,430.0,371.5702241368747
1250,Tekirdağ,2022,bugday,382.0,374.2857142857143,388.51711026615976,527.0,386.87659412726623
1250,Tekirdağ,2023,bugday,351.0,375.76190476190476,395.17529107373866,382.0,392.67091954187094
1250,Tekirdağ,2024,bugday,334.0,376.57142857142856,401.22649006622487,351.0,398.66310614513895
1250,Tekirdağ,2025,bugday,339.0,376.3333333333333,404.1476190476187,334.0,401.6043799826575
1258,Tekirdağ,2004,bugday,444.0,403.8095238095238,407.8809523809525,403.8095238095238,398.5163208468439
1258,Tekirdağ,2005,bugday,428.0,404.57142857142856,410.66688741721873,444.0,404.1575979813515
1258,Tekirdağ,2006,bugday,356.0,408.0,420.6345407503236,428.0,417.66427129891235
1258,Tekirdağ,2007,bugday,444.0,403.8095238095238,407.66476552598215,356.0,409.8864054628275
1258,Tekirdağ,2008,bugday,477.0,402.23809523809524,404.02739726027403,444.0,405.5864387857391
1258,Tekirdağ,2009,bugday,385.0,406.6190476190476,412.19263803680974,477.0,411.99324569221517
1258,Tekirdağ,2010,bugday,336.0,408.95238095238096,414.5993939393943,385.0,410.66349353100486
1258,Tekirdağ,2011,bugday,353.0,408.14285714285717,411.9243697478996,336.0,403.42122012776326
1258,Tekirdağ,2012,bugday,470.0,402.57142857142856,404.1758045292015,353.0,394.88996398098425
1258,Tekirdağ,2013,bugday,350.0,408.2857142857143,409.6992882562281,470.0,401.02977248510797
1258,Tekirdağ,2014,bugday,428.0,404.57142857142856,404.98284023668657,350.0,433.37477369314456
1258,Tekirdağ,2015,bugday,413.0,405.2857142857143,404.8650887573963,428.0,429.9734512558807
1258,Tekirdağ,2016,bugday,412.0,405.3333333333333,404.0575326215892,413.0,415.0257174351427
1258,Tekirdağ,2017,bugday,443.0,403.85714285714283,401.4588796185933,412.0,409.8063102748238
1258,Tekirdağ,2018,bugday,324.0,409.5238095238095,407.8109243697478,443.0,420.9321357870722
1258,Tekirdağ,2019,bugday,418.0,405.04761904761904,400.8733333333337,324.0,405.27262612734376
1258,Tekirdağ,2020,bugday,391.0,406.3333333333333,402.13128834355825,418.0,402.1979303569233
1258,Tekirdağ,2021,bugday,527.0,399.85714285714283,387.44458281444577,391.0,384.9242461333215
1258,Tekirdağ,2022,bugday,382.0,406.76190476190476,401.80671736375143,527.0,396.8510760639165
1258,Tekirdağ,2023,bugday,351.0,408.23809523809524,405.81371280724454,382.0,398.81366065974817
1258,Tekirdağ,2024,bugday,431.0,404.42857142857144,392.35629139072853,351.0,380.02998988900254
1258,Tekirdağ,2025,bugday,361.0,407.76190476190476,404.6761904761905,431.0,394.4093929328983
1652,Tekirdağ,2004,bugday,323.0,390.57142857142856,351.55714285714294,390.57142857142856,333.51356939716516
1652,Tekirdağ,2005,bugday,257.0,393.7142857142857,366.76556291390716,323.0,347.67771184334197
1652,Tekirdağ,2006,bugday,317.0,390.85714285714283,359.9282018111253,257.0,349.28735366000365
1652,Tekirdağ,2007,bugday,444.0,384.8095238095238,347.8852978453742,317.0,343.2029020265927
1652,Tekirdağ,2008,bugday,437.0,385.14285714285717,354.5647571606478,444.0,343.0002455857775
1652,Tekirdağ,2009,bugday,385.0,387.6190476190476,364.4981595092022,437.0,378.3143677249518
1652,Tekirdağ,2010,bugday,315.0,390.95238095238096,374.05030303030253,385.0,386.0860982625909
1652,Tekirdağ,2011,bugday,318.0,390.8095238095238,377.4243697478996,315.0,372.2494709410821
1652,Tekirdağ,2012,bugday,480.0,383.0952380952381,372.1215733015506,318.0,392.12850031088965
1652,Tekirdağ,2013,bugday,388.0,387.4761904761905,381.35290628706935,480.0,421.89188054449096
1652,Tekirdağ,2014,bugday,389.0,387.42857142857144,385.39230769230653,388.0,423.96999491657516
1652,Tekirdağ,2015,bugday,417.0,386.0952380952381,388.12189349112487,389.0,415.2642896901589
1652,Tekirdağ,2016,bugday,412.0,386.3333333333333,392.3867141162518,417.0,372.06634285436394
1652,Tekirdağ,2017,bugday,420.0,385.95238095238096,395.95053635280146,412.0,369.0220532098547
1652,Tekirdağ,2018,bugday,351.0,389.23809523809524,404.2563025210093,420.0,396.78411669031357
1652,Tekirdağ,2019,bugday,380.0,387.85714285714283,406.81636363636426,351.0,402.9327303397813
1652,Tekirdağ,2020,bugday,352.0,389.1904761904762,413.7889570552161,380.0,399.78472913625774
1652,Tekirdağ,2021,bugday,527.0,380.85714285714283,401.01743462017475,352.0,390.5163039148233
1652,Tekirdağ,2022,bugday,398.0,387.0,418.92015209125475,527.0,410.24921166367676
1652,Tekirdağ,2023,bugday,355.0,389.04761904761904,430.0620957309184,398.0,424.1511940786986
1652,Tekirdağ,2024,bugday,446.0,384.7142857142857,420.6794701986755,355.0,419.56727675485945
1652,Tekirdağ,2025,bugday,414.0,386.23809523809524,431.2238095238099,446.0,436.7645648151811
