ilce_id,ilce,il,year,NDVI_greenup_mean,NDVI_greenup_median,NDVI_greenup_stdDev,NDVI_greenup_p10,NDVI_greenup_p90,NDVI_greenup_cv,NDVI_greenup_range,EVI_greenup_mean,EVI_greenup_median,EVI_greenup_stdDev,EVI_greenup_p10,EVI_greenup_p90,EVI_greenup_cv,EVI_greenup_range,EVI2_greenup_mean,EVI2_greenup_median,EVI2_greenup_stdDev,EVI2_greenup_p10,EVI2_greenup_p90,EVI2_greenup_cv,EVI2_greenup_range,NDRE_greenup_mean,NDRE_greenup_median,NDRE_greenup_stdDev,NDRE_greenup_p10,NDRE_greenup_p90,NDRE_greenup_cv,NDRE_greenup_range,CIre_greenup_mean,CIre_greenup_median,CIre_greenup_stdDev,CIre_greenup_p10,CIre_greenup_p90,CIre_greenup_cv,CIre_greenup_range,NDWI_greenup_mean,NDWI_greenup_median,NDWI_greenup_stdDev,NDWI_greenup_p10,NDWI_greenup_p90,NDWI_greenup_cv,NDWI_greenup_range,GNDVI_greenup_mean,GNDVI_greenup_median,GNDVI_greenup_stdDev,GNDVI_greenup_p10,GNDVI_greenup_p90,GNDVI_greenup_cv,GNDVI_greenup_range,OSAVI_greenup_mean,OSAVI_greenup_median,OSAVI_greenup_stdDev,OSAVI_greenup_p10,OSAVI_greenup_p90,OSAVI_greenup_cv,OSAVI_greenup_range,NDVI_peak_mean,NDVI_peak_median,NDVI_peak_stdDev,NDVI_peak_p10,NDVI_peak_p90,NDVI_peak_cv,NDVI_peak_range,EVI_peak_mean,EVI_peak_median,EVI_peak_stdDev,EVI_peak_p10,EVI_peak_p90,EVI_peak_cv,EVI_peak_range,EVI2_peak_mean,EVI2_peak_median,EVI2_peak_stdDev,EVI2_peak_p10,EVI2_peak_p90,EVI2_peak_cv,EVI2_peak_range,NDRE_peak_mean,NDRE_peak_median,NDRE_peak_stdDev,NDRE_peak_p10,NDRE_peak_p90,NDRE_peak_cv,NDRE_peak_range,CIre_peak_mean,CIre_peak_median,CIre_peak_stdDev,CIre_peak_p10,CIre_peak_p90,CIre_peak_cv,CIre_peak_range,NDWI_peak_mean,NDWI_peak_median,NDWI_peak_stdDev,NDWI_peak_p10,NDWI_peak_p90,NDWI_peak_cv,NDWI_peak_range,GNDVI_peak_mean,GNDVI_peak_median,GNDVI_peak_stdDev,GNDVI_peak_p10,GNDVI_peak_p90,GNDVI_peak_cv,GNDVI_peak_range,OSAVI_peak_mean,OSAVI_peak_median,OSAVI_peak_stdDev,OSAVI_peak_p10,OSAVI_peak_p90,OSAVI_peak_cv,OSAVI_peak_range,NDVI_grainfill_mean,NDVI_grainfill_median,NDVI_grainfill_stdDev,NDVI_grainfill_p10,NDVI_grainfill_p90,NDVI_grainfill_cv,NDVI_grainfill_range,EVI_grainfill_mean,EVI_grainfill_median,EVI_grainfill_stdDev,EVI_grainfill_p10,EVI_grainfill_p90,EVI_grainfill_cv,EVI_grainfill_range,EVI2_grainfill_mean,EVI2_grainfill_median,EVI2_grainfill_stdDev,EVI2_grainfill_p10,EVI2_grainfill_p90,EVI2_grainfill_cv,EVI2_grainfill_range,NDRE_grainfill_mean,NDRE_grainfill_median,NDRE_grainfill_stdDev,NDRE_grainfill_p10,NDRE_grainfill_p90,NDRE_grainfill_cv,NDRE_grainfill_range,CIre_grainfill_mean,CIre_grainfill_median,CIre_grainfill_stdDev,CIre_grainfill_p10,CIre_grainfill_p90,CIre_grainfill_cv,CIre_grainfill_range,NDWI_grainfill_mean,NDWI_grainfill_median,NDWI_grainfill_stdDev,NDWI_grainfill_p10,NDWI_grainfill_p90,NDWI_grainfill_cv,NDWI_grainfill_range,GNDVI_grainfill_mean,GNDVI_grainfill_median,GNDVI_grainfill_stdDev,GNDVI_grainfill_p10,GNDVI_grainfill_p90,GNDVI_grainfill_cv,GNDVI_grainfill_range,OSAVI_grainfill_mean,OSAVI_grainfill_median,OSAVI_grainfill_stdDev,OSAVI_grainfill_p10,OSAVI_grainfill_p90,OSAVI_grainfill_cv,OSAVI_grainfill_range
1163,Babaeski,Kırklareli,2017,0.36790343915147344,0.3555009180935924,0.15069246651209586,0.19151662601616423,0.5742302428659535,0.40959787399555314,0.3827136168497892,0.20768123924275242,0.19138986534746288,0.11072806770386011,0.08205407044630948,0.3553959066978968,0.5331635544336933,0.2733418362515873,0.19633618317323323,0.18359094679553445,0.10361230035438966,0.08197691455576256,0.33974936435641834,0.5277290139788928,0.2577724498006558,0.24076967390142257,0.22267729133005387,0.10320378501339027,0.12901377773353,0.38665186175590743,0.4286411296783357,0.2576380840223774,0.5496501991591966,0.4531566232608721,0.3982822371441689,0.17206853358411978,1.07784732339088,0.7246103753867893,0.9057787898067603,-0.057555037538311676,-0.05859614112841148,0.14008507168971335,-0.24606604362469092,0.12104717763305363,-2.4339324181044155,0.36711322125774454,0.4331838919825293,0.42580647552818524,0.09665038390818989,0.30864869025835673,0.5585149657804679,0.22311629240379946,0.24986627552211116,0.23903643601913876,0.23048146865774244,0.10838859514918017,0.11328699041372599,0.3866454626183879,0.4534396385515968,0.2733584722046619,0.5599378822710054,0.6366516495125707,0.28956077464541174,0.1758134098981408,0.8945508063457293,0.5171301742811298,0.7187373964475885,0.44147175599705674,0.4804825880436828,0.2620594086062058,0.10554178965099499,0.7695079295652243,0.5936040189351387,0.6639661399142293,0.4143377618829377,0.44922579977108124,0.250526569398692,0.0976985190141297,0.730407504348392,0.6046433428133277,0.6327089853342622,0.4135585213602489,0.4414432102377266,0.2365357749706024,0.11334190947520846,0.7148118906916333,0.5719523664815437,0.6014699812164248,2.000021202883654,1.4686498369813068,1.8099038126383165,0.15812673540292824,4.718524949765537,0.9049423126258741,4.560398214362609,0.16016500857545582,0.1992921934550845,0.2647547782754558,-0.1991609211644814,0.488288608958083,1.6530126063754205,0.6874495301225644,0.5696549384155217,0.613327458204607,0.20690600684624696,0.2929844018657853,0.8163814490664947,0.36321287308023675,0.5233970472007095,0.4120467596889793,0.4629022409075308,0.22329667040403417,0.11914709843185015,0.6777171020516215,0.541920704758321,0.5585700036197714,0.5014388339058353,0.46480302070011725,0.20633719625844602,0.2539510665395175,0.8085949901898424,0.41149026024018287,0.5546439236503249,0.3665944625294998,0.30079053233117603,0.21132696682988003,0.13670571704352882,0.6913723786412233,0.576459789849866,0.5546666615976944,0.3434084264690184,0.28514860132616726,0.19023086092387675,0.1367243362049047,0.6366882066684968,0.5539493100966146,0.4999638704635921,0.323247203714853,0.29294806130934825,0.15233596347691025,0.1445989918116639,0.5507584028732683,0.47126769149499226,0.40615941106160436,1.115789178687162,0.796580143858303,0.8548115622029918,0.2970046181842208,2.453201024011592,0.7661049045203713,2.156196405827371,0.09670447643450938,0.07418402347257397,0.1623799228186576,-0.10542058957684923,0.33200953131385436,1.6791355354539892,0.4374301208907036,0.5342897611907815,0.5272942898546215,0.11129457872039235,0.3946184559562113,0.69135607270854,0.20830378346077238,0.29673761675232874,0.3587394169533881,0.3222519853309979,0.16402610605233975,0.1660066875527966,0.6074033359360586,0.45722911478571104,0.441396648383262
1163,Babaeski,Kırklareli,2018,0.5119625787251473,0.5351987556686033,0.21361180563654403,0.22266763193042943,0.7851030364035274,0.41724105337633255,0.5624354044730979,0.31571130205051523,0.3164274618058834,0.16369918185228502,0.1132634057158615,0.5350865163519558,0.5185090960921394,0.4218231106360943,0.3035578181630157,0.3008476059667606,0.1596977984871103,0.10547482441639772,0.5195062164664388,0.5260869229246795,0.4140313920500411,0.315557685482348,0.3163926905414919,0.15718939993211448,0.1211660912023261,0.5272864669214261,0.49813206004424027,0.4061203757191,1.0734749602958293,0.9059862173695907,0.8215454231063631,0.2205188902815007,2.2183456312016587,0.7653140068399553,1.997826740920158,0.14094629391189167,0.1601878602328879,0.19118824653729316,-0.12107643152031895,0.37888616877091114,1.3564616793458133,0.4999626002912301,0.5259626368510043,0.5429878812439719,0.14942672668583018,0.3320787519741483,0.7069813450053818,0.28410140990330474,0.37490259303123347,0.34462201544128657,0.35548172421323515,0.1566780605343528,0.13671898204166016,0.550761443028424,0.4546374100149331,0.41404246098676384,0.5085766450338235,0.5586423685105508,0.2227952419451952,0.19927756297211402,0.7773199132279509,0.438076038529803,0.578042350255837,0.35846904193717705,0.3867403779336588,0.17965322781736587,0.12108171160024694,0.5898172646352929,0.5011680418663621,0.468735553035046,0.3392217028658135,0.3652595610903947,0.17172690230072515,0.11134510374554328,0.5566520444727457,0.506237958391051,0.44530694072720245,0.35384185114604155,0.3789471523497069,0.17086460561242936,0.12897190338280398,0.574142169420231,0.4828841050289108,0.44517026603742704,1.2230983896305805,1.109543068050837,0.9234628042815363,0.2037338087192456,2.48428205501847,0.7550192299414727,2.2805482462992246,0.11012539814705129,0.13669799329474489,0.2149504428947551,-0.18356794188763761,0.3866337308477496,1.9518698366722826,0.5702016727353872,0.5299160489105017,0.5664183728173888,0.15458407995309434,0.31646417777762365,0.7148010630243592,0.29171428242438885,0.39833688524673555,0.362255189007981,0.39651963083877867,0.16505691238235856,0.1347804761654307,0.5644524581516542,0.45563712374792825,0.42967198198622353,0.3546562055989983,0.31635529971307985,0.1372137961610493,0.20710515411461275,0.5586098733630032,0.3868924157954643,0.35150471924839044,0.2493683627448701,0.21483778178854016,0.1179500932491249,0.129041704081184,0.4257384415311505,0.4729954191093606,0.2966967374499665,0.22917220175742456,0.20115982108251915,0.1023703383584069,0.1230871971343055,0.3769396976720598,0.4466961419115064,0.2538525005377543,0.23035061814643504,0.19917160143127285,0.10107416317619462,0.1212581737619412,0.37887894531758404,0.43878398933551493,0.25762077155564284,0.5960678085376683,0.4529756832690408,0.42480253272090984,0.20420386084935058,1.2030650600199218,0.7126748444326777,0.9988611991705711,-0.046243738700254076,-0.06835873704506758,0.10531671210945835,-0.15818894175592477,0.09961508771110571,-2.2774264164086655,0.25780402946703046,0.43594070780670197,0.4257350888437071,0.07774832369125502,0.3477787774552195,0.5428808453604802,0.17834609684060285,0.1951020679052607,0.25262224804214806,0.22461381412149325,0.10072970872682371,0.14654244898703328,0.4003740227002356,0.39873649097611447,0.2538315737132023
1163,Babaeski,Kırklareli,2019,0.45437723674827496,0.4492205044526998,0.19828769006871055,0.20711559638926108,0.7304445900284946,0.4363944186283301,0.5233289936392336,0.29338752177847366,0.2695398404203042,0.16764761330833,0.10548481605324113,0.5351436830019266,0.5714203940647301,0.4296588669486855,0.2709951463963826,0.2480292593955771,0.15402810763393904,0.09570984971118834,0.49022341988130047,0.5683795805281444,0.3945135701701121,0.30330521430710117,0.2851535681855292,0.142917488670836,0.13680457637590124,0.5038613734158695,0.47120023636036096,0.3670567970399682,0.877295102976615,0.6717888376407903,0.7249812896577844,0.20338855189061553,1.859404915561686,0.8263824649174057,1.6560163636710705,0.009455547176477834,-0.003865276488124186,0.1925766539911014,-0.2304013370914739,0.26948056782203045,20.366526695585236,0.49988190491350437,0.49136033827923065,0.4882790219935457,0.1319882050398797,0.32425370540253706,0.6679279339628508,0.26861794645882336,0.3436742285603137,0.3076619517395604,0.29881805942652073,0.14802006199668968,0.12695827040634206,0.5175860909833011,0.48111266654769996,0.39062782057695905,0.5595178436493095,0.628926748081544,0.255637644379706,0.21487253842011556,0.8554053655780937,0.45688917213502256,0.6405328271579781,0.41611149939234593,0.44924476951089554,0.22559862176151133,0.1289219246022815,0.6991773202921912,0.5421590657575108,0.5702553956899097,0.38321103139916934,0.41604341532980454,0.2092906553939524,0.11526464707884229,0.6464768898810733,0.546149871077031,0.531212242802231,0.4130982767903747,0.43359972031865185,0.2137740971611378,0.13678363197618862,0.6913706336413193,0.517489685074665,0.5545870016651308,1.8638532196246618,1.40623591869912,1.5754225655861676,0.22105200471738384,4.218870843848899,0.8452503389206916,3.997818839131515,0.17057661919893982,0.19141163056561042,0.2564575286027637,-0.16011443904882203,0.48821626517401895,1.503474097488489,0.648330704222841,0.5644726418840984,0.5976709130814792,0.18178817188109078,0.32429512072810546,0.7851166124302437,0.3220495705058755,0.4608214917021382,0.3998131384252682,0.44724968805321524,0.19399019761468594,0.14257753147317226,0.6269497784906914,0.4852021581350458,0.4843722470175192,0.44687741496759276,0.41602085490828306,0.1647711605861895,0.2558832768191335,0.6933428206123333,0.3687166884415911,0.43745954379319985,0.3261792919017383,0.28320636512677955,0.15733517471328207,0.15821914068794274,0.5605262464941488,0.48235795042647706,0.4023071058062061,0.29550447388805084,0.25976952571642525,0.1355348646430298,0.15040121350008012,0.4980441864046211,0.45865588043305205,0.347642972904541,0.29930520640944513,0.26758038920423,0.12949420692870503,0.15822487454681364,0.4980380062124789,0.43264936311050617,0.3398131316656653,0.9371919120828596,0.6716148981406467,0.6931935794503231,0.29735140222404904,1.984116855057174,0.7396495536434335,1.6867654528331248,0.05298344501738802,0.037106079175177574,0.12918412831137038,-0.10352961610206689,0.23628570635982551,2.4381979742724345,0.3398153224618924,0.4937927301081793,0.480404882140467,0.09489242814665909,0.38684272448728657,0.6289002228211287,0.19217056542300695,0.2420574983338421,0.3175901990414633,0.29100763830510695,0.12581613661353275,0.17383749437076212,0.505848209776537,0.39615875109894905,0.33201071540577487
1163,Babaeski,Kırklareli,2020,0.5714801351846817,0.6445665095512646,0.257720314540199,0.21488937772680103,0.8710637441079565,0.45096985647088705,0.6561743663811554,0.40927456400084733,0.4414679641800179,0.23749484948547758,0.105487877421506,0.7147738041703913,0.5802824567543511,0.6092859267488853,0.3790453087081825,0.40431248020100813,0.21921978940008857,0.09571288061758157,0.6620894577278271,0.5783471905963106,0.5663765771102456,0.4205118154807336,0.4550845566424594,0.20713208660001592,0.1464936350573381,0.6777455845532993,0.49257138319221855,0.5312519494959611,1.8057052844801302,1.5313985240713264,1.4711515379703721,0.21925018140496016,3.968512525831007,0.8147240585796494,3.749262344426047,0.14642003670764137,0.19141837358130037,0.2639364866074579,-0.21483542445080275,0.4726810339253787,1.8025981453239424,0.6875164583761815,0.5810970077696749,0.6289517177529735,0.1773619805102357,0.3320329465954698,0.785118009048451,0.3052192286981029,0.4530850624529812,0.4008328779156573,0.44725353544391905,0.19967143155553232,0.13088082078120833,0.6425543887112583,0.4981413515623509,0.5116735679300499,0.5837125589225857,0.6992003318749634,0.2741276271981072,0.19925149633705744,0.8788947588812158,0.46962776970927417,0.6796432625441584,0.44949475096202146,0.51958255449496,0.24892337985555443,0.11336015331750215,0.7460436949299503,0.5537848424765841,0.6326835416124481,0.4153151749969002,0.4785350165359872,0.23121256848802788,0.10742181022153258,0.6894575369911918,0.5567159169894372,0.5820357267696592,0.44303915414544626,0.5058729341964072,0.22697097715786674,0.13479010947469605,0.7090028474601011,0.5123045560062485,0.5742127379854051,2.100308794275349,1.9067797489020808,1.6980863224952638,0.2182059553029328,4.530685749557598,0.8084936496593299,4.312479794254665,0.19946076598404758,0.28521705613906567,0.2720474977357754,-0.18359927880533655,0.5038686258783825,1.3639148350484784,0.6874679046837191,0.5879848640989656,0.6602071649764583,0.1956429241186301,0.31644180638402775,0.8007733723921688,0.33273462645749474,0.4843315660081411,0.4226505483474928,0.5058511536351035,0.20968994729022292,0.13475726356442322,0.6543003336088751,0.4961307825343717,0.5195430700444519,0.4169342552624174,0.3769192707072898,0.16817133728391181,0.22852491013209386,0.665984817422637,0.4033521716225144,0.4374599072905432,0.2869855362161542,0.23820635881453764,0.15772862294278128,0.12120223588252253,0.5195720479747666,0.5496047815593811,0.3983698120922441,0.25915763406032355,0.22070354821619317,0.13822744500626297,0.11526137173787106,0.4589529679328613,0.5333720749051447,0.34369159619499023,0.2748844033071048,0.24021578621250333,0.1268880674491505,0.1387027188144351,0.4667841259195967,0.4616051908459474,0.32808140710516165,0.834983255572097,0.5778271847127889,0.6421767781101991,0.2663698892005206,1.796554424856619,0.7690894084698805,1.5301845356560984,0.021804699610503245,-0.003966283440424944,0.14677594281053705,-0.15228622641757622,0.23825760430564127,6.731390270555968,0.3905438307232175,0.4569929705805046,0.44335588015683797,0.10480851651586229,0.3340275760409095,0.6073750697799384,0.2293438264109996,0.2733474937390289,0.2877521540924576,0.2597615760259273,0.12800853325786934,0.14649725887759504,0.4746083034536318,0.44485690701984787,0.3281110445760368
1163,Babaeski,Kırklareli,2021,0.5230760364280612,0.5742909003969441,0.22346715188874866,0.21487465922532054,0.7929317974776263,0.42721733806569084,0.5780571382523058,0.38554494866384564,0.40234939639888184,0.20852289765212867,0.11329969942258507,0.6600559612755372,0.5408523659168429,0.5467562618529521,0.3523086296934991,0.3710731841482715,0.19041060242140137,0.1055115727232095,0.6054803716784525,0.5404653374146824,0.499968798955243,0.3486115370634527,0.37112813515529114,0.15772298653552547,0.14453686459337248,0.5507494374447174,0.45243191853061776,0.40621257285134493,1.1100000072724605,1.0157730726262926,0.8002326843870358,0.2033780427813127,2.2341397440507875,0.7209303415712598,2.030761701269475,0.12698447143634053,0.1601909097380299,0.2188248052195423,-0.18355051130956712,0.40232109485768164,1.7232406667081563,0.5858716061672488,0.5305100035121249,0.5664273886061257,0.15118309243714054,0.31644514638089044,0.7147805202474006,0.2849768928696276,0.39833537386651013,0.37137456084082504,0.4042685976610539,0.17314648140643404,0.1347578416087152,0.5878670348558922,0.4662313999494607,0.453109193247177,0.5928751130069378,0.7070796258621412,0.26124060416888994,0.21484235507960428,0.8710300546067614,0.4406334461298815,0.6561876995271572,0.44543837327302,0.5117453016397644,0.234786268772811,0.12107803897215735,0.7226775627870712,0.5270903515735157,0.6015995238149139,0.41374007682268243,0.4805291145277311,0.21903671816856407,0.11325629521725912,0.6757707008790521,0.5294065777979665,0.562514405661793,0.4348400072864683,0.49607136370591104,0.2109416981743413,0.1367669825481252,0.6757442682249591,0.48510186422514473,0.538977285676834,1.9280647155208346,1.8437364967379435,1.472180471472919,0.21997990138479928,3.968083858436962,0.7635534531709087,3.748103957052163,0.20571545641700134,0.28518613729334447,0.2630515237114671,-0.17575724037570864,0.4960345875658288,1.278715407646575,0.6717918279415375,0.5870297484759597,0.6602300481494304,0.1829775110618013,0.32422835403305916,0.7850890784659333,0.31170057656676775,0.4608607244328742,0.4267472900716396,0.5058799793170429,0.1999616616762873,0.138655929013243,0.6464733532187953,0.46857160274578197,0.5078174242055523,0.4340779484871047,0.4179481282307594,0.15035778246949028,0.2461178390675797,0.6444921489699942,0.34638429110147945,0.3983743099024145,0.28437739590669453,0.25388471925190637,0.13045639962916977,0.14460005979121934,0.4648471529417741,0.4587439139219528,0.3202470931505548,0.25881205322618606,0.23823478140693397,0.11729006169588922,0.12894365592298376,0.41790035347670745,0.4531862416522959,0.28895669755372366,0.2730199446701288,0.26168548010379766,0.10685334433000071,0.14460809417917456,0.4179059906271711,0.3913755988014145,0.2732978964479965,0.7847144950835181,0.6556983185869518,0.4995297006740969,0.28230501620412873,1.405275586453469,0.6365750904358296,1.1229705702493402,0.02825675962265548,0.011719538003229934,0.13864612779185176,-0.136686843501839,0.20697260844960472,4.906653474897708,0.3436594519514437,0.46735298665355146,0.4648335819276602,0.10208277347737833,0.33993932037437424,0.5976259011158187,0.21842756201973787,0.25768658074144446,0.29458861661008845,0.2773015558976376,0.11136190255991348,0.16022544482209877,0.4491533314086753,0.378025138382417,0.28892788658657653
1163,Babaeski,Kırklareli,2022,0.4181452655525161,0.4179700095034271,0.17207543649743348,0.20704326380021867,0.6523090299378091,0.41152070984245553,0.4452657661375905,0.26934609827811845,0.2617426644895285,0.13979365024675836,0.0976846166967756,0.4648153208485093,0.5190112317959467,0.3671307041517337,0.25127318258637904,0.24413702751169636,0.12982449630120557,0.09569602974305193,0.43163741661246563,0.516666740815353,0.3359413868694137,0.26459259486434455,0.25392483806974037,0.11122088345273543,0.13687881896880197,0.41793552204984225,0.4203476802128868,0.28105670308104025,0.6400788915593618,0.5468419422978655,0.4486923899655286,0.17290563927812566,1.2341728297970176,0.7009954489710215,1.061267190518892,0.021072379316565172,0.027372827502218075,0.15784162201316532,-0.1914038947983905,0.22265586757862846,7.490450871349146,0.41405976237701897,0.47285484443379394,0.4805033592465553,0.11887645296526146,0.3164856979145611,0.6288744496983059,0.25140157569413624,0.31238875178374476,0.28608322317744944,0.2871260978701863,0.12805496948796422,0.12694965117392124,0.4628642009847969,0.44761439718726637,0.33591454981087565,0.5465759836553725,0.613327452394814,0.2626557861812332,0.1992146963621537,0.8554403821425092,0.480547616499087,0.6562256857803554,0.4156186120461198,0.45709781232767555,0.2282201552132301,0.12113495478409605,0.6991686252326607,0.5491095648717129,0.5780336704485646,0.38724382264384716,0.42583471680501794,0.21530935563103581,0.10556815220018145,0.6523537582172642,0.5560046230332212,0.5467856060170827,0.40144039299969875,0.4258031839804297,0.21461126341138667,0.12893402366388326,0.6835502690059884,0.5346030622572346,0.5546162453421051,1.7581546279587603,1.3438584966235232,1.5383641634647438,0.21837403105813125,4.093615529578121,0.874987978304732,3.8752414985199897,0.165893761915041,0.19922183608810645,0.26028754997464293,-0.18357586774612802,0.48824727616636293,1.5690014318196228,0.671823143912491,0.5555249360181098,0.5977192280250414,0.1861817434298225,0.3086514900491606,0.7851087174715198,0.3351456097800677,0.4764572274223592,0.39739197181703,0.4472649860204542,0.1992791637825152,0.13086093684565991,0.6347625590295775,0.5014675129729815,0.5039016221839175,0.44746951273302815,0.4179554031023162,0.17395359239394995,0.24611660558695378,0.7069933577150894,0.3887495962160335,0.4608767521281356,0.3145718801289722,0.26951060685454964,0.16324604131578416,0.14459961522666287,0.5585467368927663,0.5189467070256072,0.4139471216661035,0.28984104474243283,0.25389705140399854,0.144818789910415,0.13682935449416617,0.5039020092492815,0.49964900602365747,0.36707265475511536,0.29465249771849966,0.2616968534229112,0.13444300520387675,0.14465728259785424,0.49611081730055456,0.45627648244922986,0.35145353470270035,0.9047860089595746,0.6559938086013665,0.7162993646147725,0.28157306860175135,1.9685757907974928,0.7916782062517242,1.6870027221957415,0.057972518339424635,0.04296555830717373,0.13656252086786397,-0.10542141533853897,0.2538470366454484,2.355642376415337,0.3592684519839874,0.4946970819759779,0.4804153902712867,0.10283418486672048,0.37902761123589446,0.6445207857781864,0.2078730370835582,0.26549317454229193,0.3143597398619649,0.2851400607506589,0.13245676374371235,0.16800146161556995,0.5116846854398959,0.4213540951582222,0.3436832238243259
1163,Babaeski,Kırklareli,2023,0.4700539655875631,0.4804904102086018,0.21896496258346754,0.19928292999297556,0.7616626571160203,0.4658294123947308,0.5623797271230447,0.30803349551279186,0.3007913430823878,0.18343304591219217,0.08986671590031373,0.558552122869897,0.5954970760787756,0.4686854069695833,0.2855282696267558,0.27736654738692457,0.16885841256440326,0.08202262990425652,0.5194690742035234,0.5913894718205519,0.4374464442992669,0.31637530947129194,0.31645059486846977,0.14991099111919085,0.13677585086758315,0.5194849201536051,0.47383909752538333,0.382709069286022,0.9292352716093207,0.7812155696824067,0.7177594532890513,0.16289526783507768,1.9684031667161117,0.7724195101268386,1.805507898881034,0.006793172558688746,0.011733650580143962,0.1900156079789954,-0.23825516549552853,0.26166881839881784,27.97155619666361,0.49992398389434634,0.5028022768671007,0.5195763837846783,0.1432703101478184,0.31645137260884154,0.6835557754036373,0.28494363836321135,0.3671044027947958,0.31969189962859434,0.32427197522104306,0.16314438935429035,0.12108809679519404,0.535069995042801,0.5103175574477338,0.4139818982476069,0.6048747044440331,0.7226439282678141,0.28302091961407555,0.20705390122695208,0.9022800515191166,0.46790007506465736,0.6952261502921645,0.48842254524346695,0.5664573772299538,0.2693209425707434,0.12892831986210626,0.8085393658007103,0.5514097274860508,0.679611045938604,0.4488854759159753,0.5196097065370296,0.24964622669176442,0.11332324876978912,0.7460722759843306,0.556146812686126,0.6327490272145414,0.46170638187338886,0.519530898086978,0.242239330984659,0.13671781131728347,0.7460251055744911,0.5246609977574166,0.6093072942572076,2.4705591806736575,2.0306622612486342,2.0833909493698077,0.21867898904469255,5.46858568546912,0.8432872062598076,5.249906696424427,0.23172804824798385,0.31642079442911963,0.2918343024569984,-0.17578786905199123,0.5585432901301315,1.2593827318853168,0.7343311591821227,0.5972948407062317,0.6601706083544666,0.20496517662847571,0.3086472938158682,0.8241230487303358,0.34315577945747566,0.5154757549144676,0.44489245072807615,0.5292912586924063,0.2190989106730515,0.1386586026928034,0.6855417060258511,0.4924761261165286,0.5468831033330477,0.3725603932267304,0.34766351650056854,0.15115285503817497,0.199232255094732,0.5898115169624212,0.405713698466566,0.3905792618676892,0.24830193435493306,0.22263972189453154,0.12013477802025421,0.12897888564385696,0.41009188592486,0.4838253811125313,0.28111300028100306,0.2333943231832636,0.20700890313418083,0.11137156996762683,0.11332921381782253,0.38667131919460695,0.4771820001816271,0.27334210537678444,0.2374965493237249,0.22261555305805014,0.10658004043328784,0.12119602037076321,0.3866785425460346,0.4487645851561892,0.2654825221752714,0.5947014741966026,0.4529898567729972,0.45075929437255663,0.2035581533028267,1.1403785380593505,0.7579589322214122,0.9368203847565238,0.020201901888931065,0.01955273701388967,0.15331289126783818,-0.17573473721793115,0.214711282570329,7.589032562911351,0.39044601978826016,0.45488230434137794,0.4570870462055396,0.11035050131301674,0.30865414268386915,0.5976302645968343,0.2425913258437097,0.2889761219129652,0.2605325636645838,0.24022310927624688,0.10963683291221667,0.13865774163721853,0.4159940967171618,0.42081815558904906,0.27733635507994325
1163,Babaeski,Kırklareli,2024,0.49391050038778117,0.46482858556252915,0.23230068157107983,0.2148803860478057,0.8242534578917644,0.4703295058288797,0.6093730718439587,0.32831486291050777,0.2851546707515526,0.2054376146842482,0.0976724896857322,0.6366741933161363,0.6257335195337973,0.5390017036304041,0.30631513060359716,0.2616814089028103,0.19014923796819835,0.08984668789866711,0.5898569305085413,0.6207634523097416,0.5000102426098741,0.3401688638295195,0.30074678362361756,0.18050792919591466,0.13679088911741538,0.6132847061752893,0.5306421262775501,0.4764938170578739,1.2260324037726027,0.7810496278487918,1.171088768362075,0.21905699146424704,2.968588919936654,0.9551858211565522,2.749531928472407,0.04377162865760872,0.011702865790074686,0.2242450973356049,-0.23827617985761457,0.363274927566696,5.123069536427335,0.6015511074243105,0.5217647515138161,0.5039001948746923,0.15343926613288458,0.3398459876496841,0.7382511348628464,0.29407748547157575,0.39840514721316234,0.33799581088769254,0.3105685370935078,0.1780719586752182,0.1269614322870655,0.5956744761699149,0.5268466440679852,0.4687130438828494,0.567278188137516,0.6288973905952805,0.2722415159426067,0.20708549430169737,0.8867183351050051,0.47990830889590214,0.6796328408033077,0.442971373522607,0.46488205508361874,0.25826875588982473,0.12110594835676457,0.7772899333645821,0.5830371245798889,0.6561839850078175,0.40933670117856946,0.4258194329362249,0.23989263954914636,0.11328360145293515,0.7147915333491628,0.5860521151864546,0.6015079318962276,0.434989387872997,0.44923414278770607,0.23294385544888266,0.14460913463412606,0.738275292916846,0.5355161802634477,0.59366615828272,2.184902031466226,1.4688370083378413,2.0040961687786227,0.22100414608974894,5.28108932791546,0.9172476110673623,5.060085181825711,0.1702531498244372,0.19136323901991703,0.2775076800660274,-0.19917502391332273,0.5195004411185854,1.629970901285466,0.7186754650319082,0.5796196156212223,0.6133195977075034,0.19557798824131056,0.324268906174369,0.8164033223095356,0.33742472299129284,0.4921344161351666,0.4135073510935991,0.45113003056566625,0.21252018948491985,0.13866110762431197,0.6699300856850829,0.5139453722476025,0.531268978060771,0.39706318527095497,0.34762748346882627,0.18000736499193123,0.20708199698386845,0.6679294820315281,0.4533469021286742,0.4608474850476597,0.2804982649902677,0.2382554460560526,0.1412732365820332,0.13682311818130352,0.4882391764780046,0.5036510175452774,0.3514160582967011,0.26694878612343287,0.23043647762239403,0.12650801285341332,0.13687572238652881,0.44918014613561424,0.47390368276452105,0.3123044237490854,0.2703888130316878,0.22258775633651062,0.14016464559765104,0.12124110973635274,0.488266875475182,0.5183818221844284,0.3670257657388293,0.7955537152886913,0.5304287123228615,0.6921697739954809,0.21686489691907102,1.8434417371795895,0.8700478178828007,1.6265768402605185,0.01981304088037273,-0.003898015569733896,0.11611533187051296,-0.11321068546748467,0.18358496950000222,5.8605507640949535,0.2967956549674869,0.487315456521596,0.46479325915567365,0.10180021519688917,0.3790247371588119,0.6366673664699618,0.20890003350915212,0.2576426293111499,0.2872364122583456,0.2519438394978956,0.1283615123373053,0.1504264442807914,0.47850211078911337,0.4468845413020082,0.328075666508322
1250,Çerkezköy,Tekirdağ,2017,0.4315824797456184,0.4336962879421648,0.15895007165791672,0.21478036492893504,0.644500456398613,0.36829593210457573,0.42972009146967793,0.2750260002664738,0.26957347707070806,0.11631114152136242,0.12905230338438142,0.4335596519873611,0.422909620940086,0.3045073486029797,0.26396522992908805,0.2558700191855097,0.11110333851724892,0.12695214316871284,0.41216502906382263,0.42090141397446873,0.2852128858951098,0.2633293445715959,0.26168813628987575,0.10874804969178845,0.12121078003378546,0.41006015710053206,0.4129735327018263,0.2888493770667466,0.64713382372364,0.5780934137048347,0.4256677941642673,0.17179879051097888,1.2029342093028275,0.6577739851626883,1.0311354187918487,0.0009594812263844126,-0.013686097787138527,0.11832743032353803,-0.1386992262427951,0.16587170622100594,123.32438308295839,0.30457093246380107,0.4815880935811531,0.48836124367029277,0.10590179275115832,0.339921178427908,0.6131310382515092,0.21990118560377708,0.2732098598236012,0.299401424692288,0.2988451839683816,0.1133970684812248,0.15036888288389913,0.4510663070407339,0.3787459214590227,0.30069742415683476,0.5892545483134923,0.6679634119421187,0.2638797130964443,0.16010534394662637,0.8789269884806165,0.4478195609209898,0.7188216445339901,0.45199986660920544,0.5038101869361683,0.21108714977199533,0.11322140337899925,0.6913424450127648,0.46700710634169096,0.5781210416337655,0.42971324125046845,0.47454555745987786,0.20718964846885038,0.10345239854281042,0.6738193877255158,0.482157933662754,0.5703669891827053,0.4089969981964766,0.42589831040761905,0.2091337972938811,0.09765985884905895,0.6756924803352666,0.5113333306016492,0.5780326214862077,1.7903845675617007,1.4055152537748603,1.5065262526964254,0.1536901776340818,4.03267562289853,0.8414539982033815,3.8789854452644486,0.19103695499954562,0.2128513527739049,0.20352325659246,-0.09965022660625913,0.4473314893122444,1.0653606606792079,0.5469817159185035,0.5858320475309311,0.6270064867991754,0.18772646921942926,0.2949380896376537,0.8066821275901197,0.32044417851605767,0.511744037952466,0.4337076740782766,0.49022172699033467,0.1948508302851414,0.11523566766110717,0.6503199650467331,0.44926765637532684,0.5350842973856259,0.471232907741112,0.4647953620640647,0.17341478633050805,0.25402437885174134,0.7070357667882717,0.36800228396990353,0.4530113879365304,0.3316123333561716,0.30857497007297624,0.1644199630624453,0.1523331603672692,0.5426062522392405,0.4958198068159557,0.39027309187197134,0.30592492759807055,0.28516117410281594,0.14740937284235658,0.14466226340751862,0.49588918221328704,0.48184819066469,0.3512269188057684,0.28322935892700324,0.26950566411334037,0.12570593234339997,0.13677609638238986,0.4567862755766453,0.4438308684510287,0.32001017919425545,0.8848684647222346,0.7337487028695387,0.6249708898054362,0.2976578236579463,1.7025119714282606,0.7062867699795565,1.4048541477703143,0.061808434884222004,0.05065812696683577,0.13668445272857066,-0.10546632540081516,0.25392982543823833,2.2114207063259976,0.3593961508390535,0.5009402302141176,0.5039312739204045,0.11757070107106629,0.35554393731620326,0.6524411016262994,0.23470005797061433,0.29689716431009616,0.33032774988263014,0.3183208068759538,0.13070395847531338,0.17381722578804315,0.5059252290700537,0.395679619776886,0.3321080032820105
1250,Çerkezköy,Tekirdağ,2018,0.5011527813045651,0.5115851990668029,0.19715689445103013,0.2303650945617088,0.7616642743385238,0.39340676497455607,0.531299179776815,0.3077681195365397,0.29297222408974,0.15650723256488167,0.12125980897845895,0.5195794090328443,0.5085232115677283,0.3983196000543853,0.29418005350486676,0.27721994443136877,0.15093939267330608,0.11324808907328464,0.49600284047423226,0.513085067716221,0.3827547514009476,0.29302132715490137,0.2929368139696316,0.1384895979753376,0.11336098214759441,0.48040302492607334,0.4726263419799718,0.36704204277847896,0.9518682019601128,0.8280933054946154,0.6747128820997239,0.26625224463787023,1.8279157922953329,0.7088301518112874,1.5616635476574627,0.165030877192583,0.16023375691280234,0.1332842541657057,-0.003886814524876679,0.3475683046448717,0.8076322227274443,0.35145511916974836,0.5107055629814287,0.5275537210313493,0.13992259720657285,0.3242327527568053,0.6834064780050149,0.27397899562660727,0.35917372524820956,0.3313372012376399,0.32413020228397277,0.14371752500482776,0.14465008620559136,0.5271671776122618,0.43375004215645396,0.38251709140667045,0.5362311419446247,0.5976204513142501,0.22958659278091836,0.1912340746666288,0.8008272738539999,0.42814856285356734,0.6095931991873711,0.3964657128157545,0.4258957572939351,0.18401131971611276,0.12875773373779006,0.6210859663272641,0.464129214123559,0.492328232589474,0.37690321078805356,0.4081867576822437,0.1783324527028938,0.11901090779714275,0.5918399007776444,0.4731518533100973,0.47282899298050163,0.35888067411331104,0.3925821056524561,0.1689381452035846,0.11131724535821635,0.5643761220782264,0.47073625689369103,0.45305887672001005,1.2459023334642476,1.1718440250052575,0.8670640154000869,0.20251679094618869,2.421651690401701,0.6959325720092394,2.2191348994555122,0.15331237384277888,0.17777439036814896,0.16953388047262263,-0.08789965460811953,0.36516940365471123,1.1058068975337818,0.4530690582628308,0.5510809771381988,0.5976791250935719,0.15806643929747516,0.3162648270914692,0.7302186267277527,0.2868297870093883,0.41395379963628354,0.39039864975358596,0.43165465812030096,0.16904732656346358,0.1347480250681349,0.5879147523430899,0.43301206771633005,0.453166727274955,0.3898029912607113,0.3729816739829846,0.12366611336534447,0.24416921413338977,0.5565308393813081,0.31725285884897964,0.31236162524791833,0.2749893499633211,0.25981030825185936,0.09700360178983078,0.16602182664620158,0.4082424094235097,0.3527540313934682,0.24222058277730812,0.2510911390281705,0.23629197737049223,0.08714916745744368,0.1543334157824595,0.3692801327577463,0.3470818117865411,0.2149467169752868,0.24242735270162938,0.23244697603403125,0.08755193637322897,0.14253318888964583,0.3575106088441579,0.3611471040604261,0.21497741995451208,0.6252584885650616,0.5465618218999562,0.3499805183949782,0.2973219710051959,1.0457384936395235,0.5597373323122198,0.7484165226343276,-0.027086438465107693,-0.029319271605264624,0.0871371745456826,-0.1347368805016233,0.08394166937767232,-3.2170037658487765,0.21867854987929564,0.449188575219414,0.44917408630292205,0.08593696052578802,0.34780455521214526,0.5585008091309004,0.19131599792762005,0.21069625391875513,0.2777464373130568,0.2636052601499292,0.08770196612563284,0.1777688885524043,0.39646984189890505,0.31576270419188557,0.21870095334650075
1250,Çerkezköy,Tekirdağ,2019,0.49955020875885964,0.5195405964323415,0.17499345839357916,0.23804578067018467,0.7148218844959658,0.35030204236797974,0.4767761038257812,0.3570690937250706,0.3612833428372288,0.1436025330006323,0.15431904736644536,0.5409776860395819,0.40217015564836506,0.3866586386731365,0.3367626860200532,0.33791966058492434,0.13790704345240365,0.14642846905164592,0.5137590085591185,0.4095080873781595,0.3673305395074726,0.3228568890812631,0.3241915460605501,0.12388224536321951,0.14450522203048274,0.4803342008140826,0.38370637131437624,0.33582897878359985,0.9195635139123746,0.8275931135167964,0.5979083575699664,0.23409444132041682,1.640439785982493,0.6502088746715339,1.4063453446620762,0.10680192514722858,0.10744805408996061,0.1351548306646384,-0.07220143511508059,0.27932283582481027,1.2654718580992317,0.35152427093989086,0.5266890383878596,0.5428208903193531,0.12198484509108616,0.34764274319061056,0.6758147982844668,0.231606956287659,0.3281720550938562,0.35898506363591776,0.36917053919037734,0.1299276307826342,0.16599577591161138,0.5213980548546447,0.36193046436719345,0.35540227894303333,0.5858408828617018,0.6700362910309454,0.2247455614994409,0.19723175156390169,0.8182877277860287,0.383629016127398,0.6210559762221269,0.435852867306525,0.4804677784586311,0.17367884269958164,0.14449959899909323,0.6287544840124347,0.39848044082600337,0.48425488501334146,0.40776305178653455,0.4512305656439392,0.1649841492486726,0.13082379559452048,0.587859610965308,0.40460789305413186,0.4570358153707875,0.4019186122179141,0.43937302172478915,0.17450558821518544,0.1190720690713195,0.6074275934052418,0.434181406161333,0.48835552433392226,1.561638821394801,1.4832232115213393,1.0298369797589415,0.233963746733585,2.9519931796487,0.6594591307861617,2.718029432915115,0.18806468351665742,0.2246253787374612,0.17312471492298706,-0.08418048257391271,0.39253089674843483,0.9205594143764526,0.47671137932234753,0.5801442388349239,0.6308831491172796,0.15758264050954396,0.3223028610790929,0.7480322691081654,0.2716266575808969,0.42572940802907255,0.4237927336310132,0.47859059465261755,0.1612215797376201,0.14649176258226035,0.5918094612288779,0.3804255404671287,0.4453176986466175,0.41434302888555646,0.38859449734823165,0.14622446597718217,0.24814364244301157,0.6231375193712394,0.3529067844352947,0.37499387692822783,0.3084836563680668,0.2696179265508111,0.13854732091517966,0.16800990780000125,0.5037046923165376,0.44912369927913504,0.33569478451653634,0.28302971033505525,0.2520025527146467,0.12332116389980123,0.1582651013493955,0.4590935999149821,0.43571808681785246,0.3008284985655866,0.2680528246434859,0.24413196384704552,0.11420240375810221,0.14653348385044085,0.4317593369067448,0.4260443959506603,0.28522585305630394,0.7888668845768356,0.6091564195881716,0.5929381189005575,0.29730326692387254,1.5472140429769738,0.7516326651468221,1.2499107760531012,-0.009442508758861604,-0.03707890353915743,0.1200327396991423,-0.13867197394618344,0.16605604983016412,-12.711954287200845,0.30472802377634756,0.4756809555738663,0.466792414063159,0.09413528911297793,0.3730852366603609,0.5996579557780556,0.1978958543745191,0.22657271911769467,0.30115731360048514,0.27925950878344574,0.11206229134784791,0.1778044400769815,0.4627789833758152,0.37210549532431275,0.28497454329883365
1250,Çerkezköy,Tekirdağ,2020,0.4644124411938137,0.4747428867419887,0.19160989710024437,0.2011879469689281,0.7246981214268488,0.41258562455323977,0.5235101744579207,0.3091285366733141,0.30071660146028995,0.15713457734792424,0.12106326060861962,0.5273666486222174,0.5083146934247079,0.4063033880135978,0.2916586667750588,0.2793279956137627,0.1477737892681437,0.11525686759735634,0.49404304051998726,0.5066668887371482,0.37878617292263095,0.30118730372332086,0.29497166089128574,0.13852153865622127,0.12303960020660401,0.4941317374636121,0.4599182533386967,0.37109213725700807,0.866913247853568,0.7189018407947126,0.6934748549327527,0.21660674661776494,1.7805677754932063,0.7999356990445817,1.5639610288754413,0.047362544520764875,0.029342106831508775,0.1542429202088141,-0.13079672341403745,0.2675722809889322,3.256643446198088,0.39836900440296963,0.5152175167503033,0.529362595970412,0.127336366774968,0.34187468761435863,0.6776415978493504,0.24715069390135028,0.3357669102349918,0.3232763763182441,0.32227313704354804,0.14163058829818811,0.13863197149350023,0.5176978612952067,0.4381099228814735,0.3790658898017064,0.5577410102140167,0.6270276791930859,0.2610436093792939,0.17768324562598198,0.8652637904327733,0.46803732305631623,0.6875805448067913,0.4442547260103321,0.48038906459553643,0.2284203768208604,0.12899333887757236,0.7304795571960125,0.5141653277888776,0.6014862183184402,0.4105072868301864,0.4394515026664488,0.21376380340260553,0.11917030891193185,0.6815447255020233,0.5207308378207491,0.5623744165900915,0.3926093998823932,0.40433164792654636,0.20702341248200867,0.10736802365789293,0.6659417500504167,0.5273012122074073,0.5585737263925238,1.6052777454331633,1.233797811622037,1.3507224436559855,0.1712605135629975,3.7347263320746285,0.8414260071184819,3.563465818511631,0.1795372649113972,0.1895186401594478,0.21162287899143137,-0.09954612370619324,0.4589404732064295,1.1787128376711578,0.5584865969126227,0.5624283360253177,0.5996123572024701,0.18224387132771555,0.3027775754444136,0.7832222522891067,0.3240303869033936,0.4804446768446931,0.4121211198128035,0.45509559023213136,0.19555413107841293,0.130858271736757,0.6464340192483602,0.47450645375136047,0.5155757475116032,0.5027140566383564,0.49617274888375507,0.16510853562008915,0.28510108252912786,0.7304767854719828,0.3284342926954702,0.44537570294285495,0.38617261827940874,0.37108035102750114,0.1661946709213309,0.1837781130246324,0.6211600854722196,0.43036368466985275,0.43738197244758714,0.34620000981333354,0.3300291478816318,0.14699547820792813,0.1659635265501076,0.5526470101929961,0.42459697874412583,0.3866834836428885,0.3257711641788891,0.31442167088433154,0.1251430461740718,0.169916627537951,0.5019037179854157,0.38414402480801707,0.33198709044746466,1.0751136363981801,0.9220250799971763,0.672607806776785,0.3902083361448734,2.0159849629367725,0.6256155479807135,1.6257766267918992,0.07848161621200625,0.07619037608955227,0.1259508015626867,-0.08792787867986317,0.24432898759034388,1.604844645686827,0.33225686627020706,0.514575356266012,0.5136274258345077,0.1065127080849656,0.3809740459600772,0.654212809530299,0.20699146740696883,0.2732387635702218,0.3635383532910311,0.3535464883464405,0.12902062704415954,0.19721630444588997,0.5409652970424214,0.35490238065988017,0.34374899259653136
1250,Çerkezköy,Tekirdağ,2021,0.5731483658079607,0.6131752926179139,0.19274165583252262,0.25391128611103236,0.7928632210067416,0.33628579846130574,0.5389519348957093,0.4229764723555249,0.44335563534218486,0.1688177681739326,0.16608685944547383,0.6308378379740581,0.3991185779998562,0.46475097852858427,0.3937524732712511,0.4121625829292741,0.15831390570967946,0.1543522444200842,0.5917711202936498,0.4020645366222729,0.43741887587356554,0.3701729795673073,0.38086231143846294,0.14103075135209503,0.1581931914307016,0.5487571495409143,0.38098607714951244,0.39056395811021266,1.1922091055904238,1.0776078311106543,0.7342697129923362,0.2969415503623187,2.2332504766070262,0.6158900393808854,1.9363089262447075,0.19174055350794214,0.201110225377448,0.16316731767585296,-0.044961437014158154,0.4003973094333762,0.8509796946481348,0.44535874644753437,0.5724420508558787,0.6054812284704355,0.12899628417177172,0.3710370810708783,0.7147622999197295,0.22534382996305868,0.3437252188488512,0.41307162886395726,0.439490719876021,0.14590018877487354,0.18163129764712285,0.583852215011736,0.3532079634133501,0.4022209173646132,0.6203977045399344,0.6991468694222064,0.21267022986177844,0.24627607826068576,0.8319441011817506,0.3427966098286701,0.5856680229210648,0.4650138134237383,0.5040390814389283,0.1714158613726848,0.18349526858645937,0.6600785390589151,0.3686253105270319,0.47658327047245574,0.4343696670480285,0.4746887401624689,0.16307591040485392,0.1621624411593756,0.6151680420288729,0.3754311656085841,0.45300560086949726,0.4334918808172608,0.4647808524853854,0.17281687464424747,0.1523053441816592,0.6367558744615962,0.39866231016469417,0.484450530279937,1.7329288389851296,1.64052273721966,1.1086750309163285,0.29651395903668193,3.2961557287022614,0.6397695081152966,2.9996417696655793,0.24566066413833942,0.2792454744526751,0.1805388232467251,-0.04493361014216434,0.4590329659444103,0.734911402604765,0.5039665760865746,0.6042791708490516,0.652283202390116,0.1499798111902906,0.3476314387062091,0.7614772996226259,0.24819622854045956,0.4138458609164168,0.4495151539006626,0.501979375716028,0.15525385326139457,0.18162237109371301,0.6113133946493992,0.34538068831313257,0.4296910235556861,0.47640626892586063,0.480390367534461,0.180294968412481,0.23058215348140929,0.6989755035186034,0.3784479344047819,0.46839335003719407,0.3207280309441689,0.30859111526025124,0.1347844706601488,0.1601966363452175,0.49594375399188895,0.4202453719538207,0.3357471176466714,0.30358479127424454,0.29491902289688465,0.12890903023322237,0.14645861485386857,0.47476702055076764,0.4246228201753752,0.32830840569689906,0.294128026798686,0.29299526651834934,0.13035595048425805,0.12893791348862582,0.4570320827614668,0.4431945908149696,0.32809416927284096,1.0648990043741546,0.7951851769547595,5.597691008831104,0.7951851769547595,0.7951851769547595,5.256546382180993,0.0,0.07540400733871053,0.07415822972363227,0.12472963594213082,-0.08185423997860501,0.23833267091321,1.6541512890933285,0.320186910891815,0.5132470056313655,0.5274407777027514,0.1344063077661445,0.3320981122475541,0.6601323338853059,0.26187450933260875,0.3280342216377518,0.3280046203357618,0.32616389270891044,0.12536580214229406,0.1621607436618319,0.4901865536746053,0.38220742748673303,0.3280258100127734
1250,Çerkezköy,Tekirdağ,2022,0.41431976533014975,0.41816072091462686,0.168743996589516,0.19136711015559976,0.6367128565958128,0.40727962001777235,0.445345746440213,0.27128963937025014,0.2617268249462394,0.1275930215312418,0.11339565157342871,0.44915329657375536,0.4703202887785392,0.3357576450003267,0.25669786277757306,0.24800187459023637,0.12125464871160413,0.10742326771285336,0.42383614746579945,0.472363296677193,0.3164128797529461,0.24690206618330382,0.24811613783020817,0.1081926534678769,0.10741220691719909,0.38874526968716444,0.43820068070047274,0.28133306276996534,0.6023740646525975,0.5390442312524641,0.39537612075172024,0.16398941561222868,1.1170458129558023,0.6563631204469974,0.9530563973435736,0.07405672021183121,0.07409030690965464,0.11439228563071491,-0.06630517158899821,0.2304436755677139,1.5446577340112846,0.2967488471567121,0.4807935666957622,0.4941464183691825,0.12016979414754106,0.32229892294238016,0.6307250304505695,0.24994052015588308,0.30842610750818933,0.2889010763162387,0.2870461987467046,0.121714627179101,0.13089097565302327,0.45495284871079267,0.4213020897363116,0.3240618730577694,0.535872943836224,0.6035521929308125,0.2519472017878151,0.17378398028731357,0.8340510615506782,0.4701621992410507,0.6602670812633646,0.4178087216631579,0.45699243100783016,0.20901763393812206,0.12883668288229524,0.6678658600375005,0.5002711123551759,0.5390291771552053,0.3934866894891125,0.4277327024579144,0.20201682987730896,0.11519510733706421,0.6464306306097347,0.5134019403289082,0.5312355232726705,0.3676684660553642,0.388670582933484,0.19334261395188543,0.1036127205587584,0.6231331794031739,0.5258612902711421,0.5195204588444156,1.412244736317278,1.1716416473286442,1.1677766478873908,0.17184227365801114,3.1730840583199127,0.8268939638129658,3.0012417846619015,0.16018615020614493,0.18366317993889728,0.1977052709863594,-0.11327693385889795,0.41784419839656395,1.2342220019142154,0.5311211322554619,0.5424596852485035,0.5838846021950443,0.17725584625524862,0.29882887773960704,0.7559224896525784,0.3267631698271676,0.4570936119129713,0.3972715659527942,0.4433309240533794,0.1883043504085072,0.13089323358250415,0.6231508187889788,0.47399402964289283,0.49225758520647467,0.4037352327841162,0.3945876023561213,0.14320234209968313,0.23837631468079604,0.5895886299414675,0.354693696441043,0.35121231526067154,0.27722817224828344,0.2616703526007505,0.10923011185600418,0.15245366205570193,0.42553993180780053,0.3940079789516432,0.2730862697520986,0.26590199766806494,0.2519192165148518,0.10396599261873282,0.15041988320792313,0.40426441500277166,0.39099365003085584,0.25384453179484856,0.25311104547705404,0.24408431589958177,0.10040971172844762,0.1387019347767905,0.3808880025898102,0.39670221241905596,0.2421860678130197,0.6711320675371256,0.5781970182631445,0.4271988074629614,0.2663166021895987,1.140500406312907,0.6365346377065043,0.8741838041233083,-0.01057744811316458,-0.013645590590071137,0.08807530029894849,-0.11902600000413989,0.09964232363511728,-8.326705965055115,0.21866832363925717,0.47913933031356337,0.4804712388823515,0.10971922636695211,0.3475954348132824,0.6053899527543131,0.22899231898819183,0.25779451794103064,0.2897150681048715,0.2792885098623893,0.10282862316916778,0.1699497481250496,0.4236741447766938,0.35493018655124187,0.2537243966516442
1250,Çerkezköy,Tekirdağ,2023,0.4520443237521045,0.47058109335996856,0.17914511410028328,0.18946133112756577,0.6775961939978388,0.3962998862884168,0.48813486287027297,0.28576474514520833,0.28712550108545826,0.13572898215198068,0.10345175498774407,0.46668943900018306,0.474967554458166,0.363237684012439,0.263813253431105,0.2636601752637542,0.1245928637574203,0.09959283644040018,0.42777441818069384,0.4722767417367748,0.32818158174029366,0.28990345343380974,0.2948537971656867,0.12479287410644241,0.11912380807639165,0.4551350089246682,0.4304635651225,0.3360112008482765,0.7839997477865995,0.7031781786221792,0.5259888965832624,0.1715693153733705,1.4832961018612298,0.6709044206560558,1.3117267864878595,0.05022826955282147,0.05082451500951885,0.13337424499499678,-0.1211197517238635,0.2303622023368107,2.6553621333646915,0.3514819540606742,0.4899488789614748,0.5098211235165293,0.1269696602695305,0.31847331325440437,0.6386881095840894,0.2591487922957657,0.320214796329685,0.3040758381562079,0.31446186357432204,0.12712918963798542,0.12300838068973508,0.46692849318099017,0.41808382543264555,0.3439201124912551,0.6434835778912757,0.7459677673904965,0.26068535429144396,0.19920498419445495,0.8945963239981494,0.4051157842220643,0.6953913398036944,0.5193534870184535,0.5900428311327364,0.23187589228193925,0.14472232030547888,0.7774437630306327,0.446470271362018,0.6327214427251537,0.4825380087069475,0.543067291040417,0.2197188955589252,0.12868855558113487,0.7303932797266242,0.4553400801476838,0.6017047241454893,0.46392592282255024,0.5039269554214365,0.21849064905193072,0.12103555633419916,0.7226353685312824,0.47096020787677023,0.6015998121970833,2.299078605251819,1.9058982704115337,1.7605312535455375,0.21663426833630695,4.906196766529843,0.7657551375250633,4.689562498193536,0.27479240453225107,0.3321021413855567,0.21668994250189286,-0.06644955033171694,0.5117242628215886,0.7885587044181237,0.5781738131533055,0.6164640372774359,0.6699459787499489,0.19081309150156314,0.31844235831415124,0.8183387425610517,0.3095283422278352,0.4998963842469004,0.4763627025832695,0.5488751801701802,0.19691251652968128,0.14258988220770777,0.6777723063215514,0.4133667801065102,0.5351824241138436,0.49712955218235794,0.519589804274028,0.20874295206663995,0.19139653591550715,0.7616190418770861,0.4198964860372423,0.5702225059615789,0.34105949951121584,0.3398860224087275,0.1452477451636322,0.14445746190673467,0.5272869310185849,0.4258721582943497,0.38282946911185023,0.3281478916225295,0.33001960807495384,0.1426213408822527,0.13086806257805342,0.5137265731274613,0.43462519346706907,0.3828585105494079,0.3294741350965785,0.33398961144205924,0.15413275165787144,0.11517283660254629,0.5334047504253857,0.46781442073651885,0.4182319138228394,1.04127416271677,0.8899678420028988,0.7492380152076032,0.23416438004948362,2.077962862612896,0.7195396198564838,1.8437984825634124,0.09724259345122548,0.09765830583554724,0.13941792393072514,-0.08191172268681673,0.28516686721354817,1.4337125222874048,0.3670785899003649,0.5367988025938962,0.5664386001398698,0.15908481325993593,0.3087048855632659,0.722581777635712,0.2963583608816061,0.41387689207244605,0.3535868827278161,0.3652277749565352,0.1453752973832985,0.14246891214541252,0.5409690600740146,0.4111444866443346,0.39850014792860206
1250,Çerkezköy,Tekirdağ,2024,0.5144793171725113,0.5350779576214807,0.17995449472146693,0.2617125746115791,0.730465743642086,0.34977984287194575,0.46875316903050696,0.34965859197447846,0.3477648913379409,0.14771059961257793,0.16017312129257724,0.5428083005021775,0.4224423566384415,0.38263517920960033,0.3270697210496434,0.3242659311214839,0.13961081825555743,0.1524865535318764,0.5116653190537438,0.42685338712343535,0.3591787655218674,0.31790381512566407,0.32433619793310725,0.12375292693687531,0.15242859471650108,0.472678167306793,0.38927789176722233,0.32024957259029196,0.9125922750851364,0.8279601989117469,0.5589031510780363,0.29663230664204504,1.6094405936162122,0.6124346724564328,1.312808286974167,0.11856578591070632,0.12112522820449595,0.13429415312669005,-0.05851794274383845,0.29299701672368483,1.132655193023635,0.3515149594675233,0.5367314297384336,0.558589505425046,0.13243515804944545,0.3710134378284441,0.6836661172003452,0.24674381024041267,0.3126526793719011,0.35956201198388466,0.36914193118198296,0.1333958947374159,0.17764452271410303,0.5293675895893851,0.37099551757818794,0.3517230668752821,0.5645404874622502,0.6464389937665438,0.24646134843963724,0.19332688190465885,0.8377439626615352,0.4365698367313605,0.6444170807568763,0.43506807829573513,0.4804549632306475,0.19990012231893156,0.14448767872105991,0.6677867066382097,0.45946860340107637,0.5232990279171498,0.4046672861542702,0.443376118810325,0.19061434717203982,0.12699393333051728,0.6308944689834488,0.47103967554069204,0.5039005356529316,0.38893929870668864,0.4238836349104459,0.1908859473028014,0.11516186775378404,0.6230216069423947,0.4907859605278779,0.5078597391886107,1.529847167986933,1.3590492292019503,1.1635121606433823,0.2027547054224046,3.1713252382111445,0.7605414351123735,2.96857053278874,0.18829682247235907,0.2226602134887921,0.19316516202060013,-0.09765469791833499,0.4256153594716315,1.0258546027719384,0.5232700573899665,0.5589397756774742,0.61134280271284,0.17853021305251787,0.31056345435038196,0.7597599256699572,0.31940867481854684,0.44919647131957524,0.41386723781850443,0.4666896791099944,0.18126225659779038,0.14251012026172594,0.6192139479905967,0.43797198723248626,0.47670382772887077,0.3342819208347025,0.3261906910258878,0.1141786254263145,0.21280307569244342,0.47461544926218585,0.34156386663451704,0.2618123735697424,0.2370833813455241,0.2303984937561971,0.08673782903559765,0.15254921140162897,0.34760629833787565,0.36585368634162674,0.19505708693624668,0.2255760384130074,0.21676138285740928,0.07852398702326052,0.14661939112711864,0.32607940583683703,0.34810429146508404,0.1794600147097184,0.2158861303726796,0.20901964517111546,0.08318305011846114,0.12704773922420273,0.31830278379199506,0.3853098389176925,0.19125504456779233,0.504253859574623,0.4527923099109953,0.30375985927233673,0.2353945232991481,0.8590882612436442,0.6023947135051809,0.6236937379444961,-0.0371638321411214,-0.0449111511581863,0.06909146483868472,-0.11512820725374491,0.056678482686950075,-1.8591049646421076,0.17180668994069498,0.44221910143504134,0.4589735613690162,0.10019288880795359,0.33396131457335093,0.5370462713116924,0.226568432894053,0.20308495673834143,0.24440511076708848,0.24024413066486996,0.08139052730717533,0.16218513567197443,0.34574450149169844,0.3330148336576248,0.183559365819724
1258,Çorlu,Tekirdağ,2017,0.42417481729829126,0.4179529052698253,0.18757618175957627,0.1914458961706447,0.6835509359433832,0.4422143279375013,0.49210503977273856,0.25909764935885476,0.24612214744657995,0.1427532924673428,0.08195256461247176,0.45695348091511273,0.5509632867013279,0.375000916302641,0.24738932439727288,0.23629701014957155,0.1348840958787709,0.08006921399365453,0.4355651050039783,0.5452300587642407,0.3554958910103238,0.2753095806920029,0.2616868553437558,0.13144808733795033,0.12117110031505963,0.4569944854101646,0.4774555502483775,0.33582338509510495,0.7326422268546946,0.5780612535981161,0.5895456190580121,0.17165387364123502,1.546552907074428,0.8046841929777779,1.374899033433193,-0.017278346152396172,-0.027346150005438077,0.16726122692036216,-0.23828017796985415,0.2069648209062555,-9.680395649277246,0.4452449988761097,0.4710719857044601,0.4648593560262428,0.12049704218056065,0.32431608328940276,0.6367027271340198,0.25579326692578525,0.312386643844617,0.28593345313520757,0.2793117039957216,0.1362862201214553,0.11133011540200616,0.4745759484006792,0.47663614952046374,0.363245832998673,0.5905368448404034,0.7070629212217561,0.2955251490797078,0.16019867093192972,0.9023542283445591,0.500434734363739,0.7421555574126294,0.46489506997678137,0.5273431715615178,0.26869081292017616,0.08993649011427385,0.7929623816168352,0.5779601253538688,0.7030258915025613,0.4404867447780091,0.5039396511096638,0.2549872208792756,0.08985708983242868,0.746093790923265,0.578876036344251,0.6562367010908363,0.43622836617560024,0.49613229862614494,0.24018501938774603,0.09768678649780221,0.7226442641446159,0.5505946839116406,0.6249574776468136,2.2060965689876224,1.4986762425060975,1.9051442154038616,0.31426656774843403,5.436818992406412,0.863581514148373,5.122552424657978,0.19232172086121166,0.26171286805853666,0.2673533074850571,-0.1913927135865083,0.49605323093351933,1.390135790631739,0.6874459445200276,0.5901560609946288,0.6680331155420042,0.2134463222056355,0.2773660030469871,0.8241672339149645,0.36167776002486596,0.5468012308679774,0.43557273571093563,0.5175963119791908,0.2273069615572752,0.10742931806377966,0.6855411585844896,0.5218576437900044,0.57811184052071,0.5056288363904055,0.48046093499798753,0.19882391755728243,0.2617206841157752,0.8008292982486432,0.3932210808557738,0.539108614132868,0.3570024867551422,0.30856569230624903,0.204071757906122,0.13676277891683694,0.6836107338941326,0.5716255921939529,0.5468479549772957,0.3422767460397471,0.30076355416311656,0.18875894946250316,0.13683319282041473,0.6366604097924138,0.5514804953783901,0.49982721697199906,0.31593025294978383,0.2929605638136533,0.1464165009366997,0.14457163567331446,0.535153532550978,0.46344564842915553,0.39058189687766354,1.0956982505207666,0.5040782642125684,0.8665721321847902,0.5040782642125684,2.4285602365939445,0.7908857495874647,1.924481972381376,0.10466170371524362,0.09766124214620642,0.16740635777962848,-0.11325762412273599,0.339823486615446,1.599499643490385,0.45308111073818197,0.542267902407867,0.5429588629941137,0.1189401038880859,0.3945742504607641,0.6991914309723277,0.219338270548466,0.3046171805115636,0.35641449172672324,0.33200599187222973,0.1580445090493965,0.16806141801357158,0.5976293321332699,0.44342896464090836,0.4295679141196983
1258,Çorlu,Tekirdağ,2018,0.6078666931746534,0.6523423012152509,0.216191065772736,0.26958189429838025,0.8632515130783315,0.35565538990737167,0.5936696187799513,0.3884410929361834,0.394594250266487,0.18618890020673587,0.1366751940526913,0.6289234446803729,0.4793233867183168,0.49224825062768157,0.37549510463734975,0.3788725163708375,0.1785531838287593,0.1289632618243693,0.613246557334778,0.4755140123629696,0.48428329551040866,0.3927173974113626,0.4023360094186285,0.169798722790046,0.15227482540806542,0.6132411551820665,0.43236873107555684,0.46096632977400104,1.5935915922307067,1.465308439946715,1.3456700071528842,0.542783539546312,3.4226407769287674,0.8444258953884274,2.8798572373824554,0.21772709240424665,0.23829250987268086,0.19490035876016423,-0.0585538372779871,0.4569978342160591,0.8951589653266449,0.5155516714940462,0.5936275494794083,0.6211191215005524,0.1512763061099285,0.3632301137145914,0.7772993213569382,0.2548337021127015,0.41406920764234684,0.41219766863327273,0.43363180862815803,0.1632121803289527,0.16797989447372347,0.6132329495381522,0.3959560976414949,0.44525305506442875,0.5962902401529754,0.6914757947040956,0.24343046830347995,0.1991801897210413,0.8476373723459537,0.40824157752612056,0.6484571826249124,0.44000354331920516,0.4961298546755095,0.20923165580892877,0.12102963981354815,0.6835497280967641,0.4755226610917074,0.5625200882832159,0.42040423774130714,0.47273737307132885,0.2004317433596455,0.11327144512892265,0.6522691810607202,0.4767595694003917,0.5389977359317976,0.4225213009817101,0.48051059564272997,0.19085845568356,0.12885441070542275,0.6444954728764631,0.4517132159730375,0.5156410621710403,1.742078780909891,1.7190660320175983,1.232481571247816,0.21656504078912175,3.468436740221165,0.7074775175231104,3.2518716994320433,0.2233183818500306,0.28520918392738037,0.23436164801406414,-0.1366892215076057,0.4882069570286145,1.049450771013779,0.6248961785362201,0.5918123992332085,0.6446104631175043,0.16502565879498168,0.3321003123749192,0.7694902390787958,0.2788479237826039,0.43738992670387655,0.43200312448999273,0.49803297717929096,0.18430924607816296,0.13475635348855383,0.6269619574402021,0.42663868761540047,0.49220560395164825,0.32187187724446426,0.2851168978204714,0.12996250822813085,0.19151857829649582,0.5117301466327588,0.40377093314500195,0.320211568336263,0.2177880751972006,0.1835219650543069,0.11360683548497179,0.11333670008546114,0.378884694718193,0.5216393752601202,0.2655479946327319,0.19990272751242838,0.16990204891103253,0.09868927319875657,0.10744720217412061,0.34176846479974393,0.49368647655205633,0.2343212626256233,0.20442853165567684,0.1757045076698242,0.09393943996472798,0.11346922155819343,0.3398008488659926,0.4595221577140323,0.22633162730779915,0.4991740981012349,0.35907634212410333,0.3920484442820945,0.17358741696252752,1.0154361093478907,0.7853942056957154,0.8418486923853632,-0.0710402273377004,-0.09178961492669778,0.10359952225358689,-0.18551222805669015,0.0722539659614744,-1.4583219414700206,0.2577661940181646,0.4125474230305304,0.40231278816230603,0.07917055746464721,0.3243245019364433,0.5194624734281774,0.19190656163373546,0.19513797149173412,0.22618113497023512,0.1972539498116803,0.09641804998092762,0.13090632193164398,0.3691239437057061,0.42628687840661866,0.23821762177406214
1258,Çorlu,Tekirdağ,2019,0.5425920073935738,0.5821102626555691,0.21964701684923638,0.20698191637178956,0.8163629497745748,0.4048106382995677,0.6093810334027853,0.38359879236929106,0.38672581645914905,0.19730016419389199,0.11322675157891907,0.6444189807051756,0.5143398991828704,0.5311922291262565,0.35568479313750784,0.35548761547103175,0.18341118923645727,0.1054419536623744,0.5976235722518064,0.5156565385283437,0.492181618589432,0.3813759388001589,0.3867046758366396,0.1716237567404091,0.1367055000862825,0.6132782122355085,0.45001202037116456,0.47657271214922603,1.3942345009125698,1.1561010482822085,1.0818904061789711,0.21751885570143714,2.968486794744391,0.7759744902818286,2.750967939042954,0.14729436577722035,0.1523449968878517,0.21473695222599895,-0.14450885798535348,0.4335386712525282,1.4578762133426346,0.5780475292378817,0.5506496339637628,0.574248192495689,0.15592115672103174,0.32423476934194967,0.74601055934805,0.2831585587348136,0.4217757900061004,0.37813290867212634,0.3965146298729968,0.16640193545115453,0.13474166534359452,0.591762984677364,0.4400620301351218,0.45702131933376944,0.6146434313646092,0.7227128864676274,0.24683676731224546,0.19917992371230184,0.8554349522590776,0.40159343566761524,0.6562550285467758,0.4739288943732532,0.535170905532841,0.21996991251523826,0.12106232012032081,0.7225897089227264,0.4641411720763243,0.6015273888024056,0.4379554882884607,0.4961272301038553,0.2026444404666329,0.11323044733179594,0.6600937056084933,0.46270556229029497,0.5468632582766975,0.44632625996959774,0.5039367502607871,0.2011120712054568,0.12888200563671678,0.6757378374664397,0.4505943056524523,0.5468558318297229,2.0278049579479993,1.9688889205038598,1.437626280058919,0.2179953736731447,4.093694529440679,0.7089568818855729,3.8756991557675344,0.24236610280988247,0.30866294757067714,0.24663696793687329,-0.14451473982463822,0.5194444906308723,1.0176215447518293,0.6639592304555105,0.5971387632850688,0.6602221747027988,0.17444794749885978,0.3164375401550792,0.7851579576688471,0.29213971395720606,0.4687204175137679,0.4464670264772362,0.5214997988596458,0.18626687184461047,0.13474218629365772,0.6347648290915966,0.4172018554523815,0.5000226427979388,0.3632052501213549,0.2929202965056893,0.17425276134981366,0.20714309583551896,0.6602124268010692,0.47976388362115346,0.45306933096555024,0.2607181578607307,0.1913033360534248,0.15444315836856232,0.12918020467633626,0.5116463217740741,0.5923759190223417,0.3824661170977378,0.24354467539487648,0.18161809403964815,0.13540939660309692,0.13090954131780272,0.4629229854562813,0.5559940753520805,0.33201344413847855,0.240123155616519,0.18348615761782403,0.13539240867612676,0.1212734799838848,0.47267728178376905,0.5638456996306964,0.3514038017998843,0.6983083499935555,0.35867953863308955,0.6884693419741734,0.20405557751562847,1.7967641196693087,0.9859102243020967,1.5927085421536802,-0.010980524793411621,-0.044935349966744025,0.1289109177232326,-0.14647377503864337,0.1894786014890687,-11.739959623840557,0.33595237652771204,0.4588889572053574,0.42571272008901456,0.09751614483853943,0.3634386573771021,0.6211246079370286,0.21250488447665997,0.2576859505599265,0.2618242525083577,0.2050649908675799,0.12924615200171516,0.14654174914677232,0.478520197917727,0.4936370514323897,0.33197844877095467
1258,Çorlu,Tekirdağ,2020,0.48867615360070077,0.5117293866874247,0.21649567000421713,0.19143485672367486,0.7694123785674356,0.4430248302664603,0.5779775218437607,0.3238296790357184,0.3163644446189277,0.18865971580580482,0.08981644373205862,0.5819985923239014,0.5825893301922942,0.4921821485918428,0.30220772293566767,0.2949217354639969,0.17420225645138684,0.08789172819028965,0.5449302074507117,0.5764321796914174,0.45703847926042207,0.33858919526415915,0.3398492278666019,0.16043701614400935,0.12892538783871252,0.5585053409499816,0.4738397396846649,0.42957995311126906,1.0879780508434065,0.906076183373315,0.8694670412071456,0.21601890622452846,2.280746311719677,0.7991586232214244,2.0647274054951485,0.06563035714013533,0.06644356619763073,0.20207302143893754,-0.19922136273411045,0.3319212975597792,3.0789566024677715,0.5311426602938897,0.5208786189187843,0.5351834092652101,0.14466623278798754,0.3242680915358157,0.7070068371333074,0.2777350183585554,0.38273874559749166,0.33494437472248106,0.34181239590207274,0.16456178890117315,0.11916859315486023,0.5566398598947848,0.49131080059941656,0.4374712667399246,0.5969171769270134,0.7383723128107237,0.28711593308705263,0.1679831231966457,0.8866902772402216,0.4809979410630347,0.7187071540435759,0.4821121171682842,0.5742498370259105,0.2698174775768266,0.09764417582416887,0.7850970517495414,0.5596571170241821,0.6874528759253725,0.44878485672654655,0.537177750383734,0.250921173737144,0.09571115871174699,0.7285008594788442,0.5591123897703956,0.6327897007670973,0.44707164526807075,0.5351453665879895,0.23077951762122917,0.11332591874609421,0.6991319667882681,0.5162025372529505,0.5858060480421738,2.1130736985628675,2.156414962544504,1.6231118452659694,0.15573635551398995,4.343312225252043,0.7681283650304632,4.187575869738053,0.21184538476706605,0.31646810723438806,0.2640025163062656,-0.18360330737050054,0.4881799014859038,1.246203765999192,0.6717832088564043,0.5934430400609886,0.6757527405345274,0.20211089950214137,0.2930525466431903,0.8007499606409901,0.3405733758059919,0.5076974139977999,0.4417727704889359,0.5410337786607267,0.222406582244689,0.11914866883408363,0.6738009007138862,0.5034411287923848,0.5546522318798026,0.45847763180371914,0.42573217463472385,0.19861577974956993,0.22268297455875402,0.7538516992813672,0.4332071315413708,0.5311687247226131,0.3152361431633196,0.25389553909560586,0.19940455457202255,0.10553353635215974,0.6132417314643864,0.6325561294179194,0.5077081951122266,0.2938576113612698,0.24607440506709535,0.1790723556685321,0.10549305410826768,0.5663550270897708,0.6093847793800372,0.4608619729815031,0.2891853321291874,0.2538378568254781,0.14781737229790143,0.12894854177122866,0.5195386714841231,0.5111510020565883,0.3905901297128945,0.9356755605458786,0.5930288924190595,0.808622096615708,0.21984011175022003,2.2184551392427228,0.8642120524596721,1.9986150274925027,0.04489868228816978,0.03521258599654958,0.17520136522682755,-0.17568000354609303,0.29298692098709156,3.902149379403743,0.4686669245331846,0.5050822281148175,0.4960332443500575,0.11023612766111877,0.37122576441146865,0.6679491348918876,0.21825382388243408,0.2967233704804189,0.31954573588046736,0.2832159757147108,0.1586762750245766,0.13866742952437836,0.5566592757055201,0.4965682755470494,0.4179918461811417
1258,Çorlu,Tekirdağ,2021,0.5601689904323573,0.6368123638109076,0.2415369821173372,0.19917905959054055,0.8320438944596179,0.43118592111089693,0.6328648348690773,0.4220820689889904,0.4648260169349796,0.22096567660708663,0.1132196019359862,0.6913219959158848,0.5235135364465111,0.5781023939798986,0.3896118271996412,0.42575978299790446,0.20406547357708152,0.10537314333739567,0.644509374200533,0.5237661162491256,0.5391362308631373,0.3801462889649928,0.41020894734938507,0.17459485163915986,0.12892507391435354,0.597656678219841,0.45928332514969805,0.4687316043054875,1.3382828229431118,1.265649981068862,0.9699999868120752,0.1718896425788152,2.671858589489097,0.7248094126164454,2.4999689469102817,0.19276966371762516,0.24612556052122628,0.23033531354321238,-0.15235423765718556,0.4648238016940399,1.1948732445817538,0.6171780393512255,0.5622304398771703,0.6133269317809964,0.1636296987731293,0.31647161015732594,0.7460363814087695,0.29103671229340994,0.42956477125144354,0.4031606811486526,0.4551266633666287,0.18594978693040917,0.1269659598628041,0.6190967131421374,0.4612299651856331,0.4921307532793333,0.6202464712770969,0.7539792920759458,0.2789617002645833,0.18360562655537713,0.8945161803191701,0.4497594314244093,0.710910553763793,0.4745057292631342,0.550814015168263,0.2468425068946028,0.10545455143847254,0.7616738502710096,0.5202097502129797,0.656219298832537,0.44626769733814786,0.5195687818080417,0.23277237176584412,0.0976274731807685,0.7147721783396737,0.5215980747749861,0.6171447051589052,0.45907151478139285,0.5352060407476338,0.22835093149802882,0.11332616026911364,0.7147896865202312,0.49741908209392643,0.6014635262511175,2.268267817250304,2.156066470558867,1.7579346854477165,0.15754694496499494,4.718527291688498,0.7750119593808652,4.560980346723503,0.24795643401721973,0.3477178043767727,0.2713904020225292,-0.1758286242566022,0.535075080584367,1.0945084086976427,0.7109037048409692,0.6090094139478059,0.6914684672603744,0.19892156921924062,0.3007641933040464,0.8163353428074763,0.3266313535775472,0.5155711495034299,0.45084574407376765,0.5410124584124921,0.21178779677711596,0.12305038272945809,0.6699116915049405,0.46975667301067636,0.5468613087754823,0.47292556046190715,0.45698051091297126,0.19148849170218843,0.2226665131079479,0.7538113027612379,0.40490197128520883,0.5311447896532899,0.32487135389596833,0.2929336587246124,0.1596424233976274,0.1445603201194527,0.5585610013264911,0.4914019702972912,0.4140006812070384,0.3052313968198172,0.27733195406193584,0.1472847756796272,0.12893988584377675,0.519558473241156,0.4825348152718761,0.39061858739737926,0.30088354684649576,0.2851678903532588,0.14089046953753154,0.12894663575980023,0.5038702898334381,0.4682558119717021,0.3749236540736378,0.9754057318724707,0.7732898851871721,1.3780974496007916,0.7732898851871721,0.7732898851871721,1.4128453468848088,0.0,0.10752184245568053,0.08200525295844187,0.18120366151817913,-0.1053796165665976,0.3710489826816676,1.6852730327130465,0.4764285992482652,0.503616205538104,0.5117537916888388,0.13158228395987093,0.3242518974099869,0.6757255851111891,0.26127492029228455,0.3514736877012022,0.33010989841384947,0.31444982144459516,0.13933725659180768,0.1543212272892157,0.5370990035628341,0.4220935429725421,0.3827777762736184
1258,Çorlu,Tekirdağ,2022,0.4090576211743158,0.417994343140571,0.18873834444845408,0.1758873013280276,0.6601393875398421,0.46139794170470944,0.48425208621181454,0.25459673936284116,0.25393056440874706,0.1475293927659134,0.08195352886016938,0.45697095705741003,0.5794630093658049,0.37501742819724065,0.24142070918249506,0.24023547477851162,0.13832152621886645,0.07618226650190185,0.42774015761116513,0.572948056888965,0.3515578911092633,0.264086558998711,0.2617669736209803,0.1277026879266664,0.11338957514216304,0.44138496614276646,0.4835637542889478,0.32799539100060343,0.7014895810713847,0.5782727958039182,0.543821340064184,0.1418462881383823,1.453017434756841,0.7752379432829294,1.3111711466184586,0.008045403925030255,0.011706728733825812,0.16427158376934417,-0.22262166049063853,0.21476762704940797,20.418065432149998,0.43738928754004647,0.4708958580360759,0.4883478137452063,0.12449579861483817,0.3164943845002979,0.6288100142572753,0.2643807468047434,0.31231562975697746,0.2771132493749176,0.283240074703109,0.13903006003764662,0.10743930213389515,0.46292630703875953,0.5017084543999818,0.3554870049048644,0.5671440780994876,0.6602259064761483,0.29979885319582233,0.17583618653129968,0.9101738934463163,0.5286114494934955,0.7343377069150165,0.45015684912526727,0.503947056039107,0.27343368986246314,0.10550841689163505,0.7851429881932734,0.6074187039335115,0.6796345713016384,0.42771839754495133,0.47262678450326556,0.26289331913011554,0.09770046699956832,0.7539504105985927,0.6146411298627542,0.6562499435990243,0.42970867149296194,0.4648780168373296,0.253038576566765,0.10552013255215814,0.7459947853612393,0.5888607639394808,0.6404746528090812,2.2880368059615797,1.5932599925115627,2.1521573722858927,0.15849783677247595,5.593972984073871,0.9406130909600549,5.435475147301395,0.1922086153702585,0.24614322657936555,0.28051183993727824,-0.1757294044457465,0.5273223307647206,1.4594134575961542,0.703051735210467,0.5773799502006599,0.636686004044685,0.21990333913879453,0.2930220625335836,0.8320057462492937,0.3808641762887166,0.53898368371571,0.42031609919517665,0.4863455963251932,0.2321368139337159,0.11916438042884907,0.6894504125235413,0.5522910361468729,0.5702860320946923,0.40335161966585076,0.34763188807314116,0.17470776958296957,0.23061434088307547,0.6835414973041315,0.4331401215835033,0.452927156421056,0.2759865312854603,0.22263895540072134,0.155823594470012,0.13683656124174834,0.5194946001127377,0.5646057934212719,0.38265803887098937,0.2674757094193825,0.21477669221072193,0.13966016274084292,0.13688005123719807,0.48822128197131454,0.5221414798525347,0.3513412307341165,0.26486071043187265,0.22259298118053297,0.13481393977488818,0.13687761727315192,0.4804551261925571,0.5089993889809676,0.3435775089194052,0.7766373577506596,0.4841272391106379,0.7417625999372388,0.23488888443439826,1.8277238081627953,0.9550951837876729,1.5928349237283972,0.015971336710970004,-0.009764614156651311,0.12732998858603506,-0.12304300415614418,0.20507800026479428,7.972406498610584,0.32812100442093844,0.5008234461664957,0.49606845175750486,0.10272033683521777,0.3868253108329915,0.644509698819247,0.20510289129129355,0.25768438798625554,0.2893107612141076,0.24803124579871896,0.13088062123343705,0.1621411224658548,0.4980656982108199,0.4523876702138204,0.33592457574496515
1258,Çorlu,Tekirdağ,2023,0.45043974467452663,0.46480899582924096,0.21364853313762003,0.1836517640962451,0.7304378117592925,0.47431101643127793,0.5467860476630474,0.28833954412726925,0.29303820045064805,0.17124185535256153,0.07423532776602673,0.5195003266093717,0.5938895959306145,0.44526499884334503,0.2690047332345332,0.2753931012137312,0.15754050778686166,0.07226932777379703,0.47850412729704955,0.5856421405399923,0.40623479952325253,0.3045852041282059,0.3086014811342182,0.14992539092117013,0.12117951418883971,0.5038455603052386,0.4922280822874889,0.38266604611639893,0.8835035613167213,0.7342142420296751,0.6950176461255643,0.17163709655271742,1.8592375879805476,0.7866608314399449,1.6876004914278302,0.011329290960273915,0.027351646910433073,0.17424671034822808,-0.2305084985456898,0.23821488977848457,15.380195544383408,0.4687233883241744,0.49036748311971523,0.5039241059503538,0.14152887506273046,0.3087278661076125,0.6679249917411766,0.2886179853572764,0.3591971256335641,0.30421494005883,0.3183794805520575,0.1567001116628004,0.10351308914730618,0.5097793359773009,0.5150966998284084,0.4062662468299947,0.5911319533037269,0.7305420533733553,0.2893244364244345,0.1758611368546471,0.8866928396872313,0.48944137566486445,0.7108317028325842,0.4474335931056713,0.5273499935753324,0.2478540128080802,0.10541488182176216,0.7382051580646238,0.5539459187400442,0.6327902762428617,0.41449290893502033,0.4883115327070588,0.23030291265311625,0.09761094274849942,0.6835638485944568,0.555625699954304,0.5859529058459574,0.45202575622686986,0.5351632753901099,0.24542293624470268,0.11330914162095111,0.7303937569737853,0.5429401596344566,0.6170846153528342,2.387701740517469,2.2191299915012457,1.9702141407739981,0.16161005697190228,5.156235064254813,0.8251508583928109,4.99462500728291,0.2260171474829794,0.32423405955050744,0.27733439007786753,-0.1757535050222631,0.5351439434394748,1.2270502179430995,0.7108974484617379,0.588419315971884,0.6758319490662671,0.21002624992164895,0.29304607975816327,0.8085044602027446,0.35693296297513877,0.5154583804445814,0.42547012905794646,0.519569265389874,0.2147742511127834,0.12111333132388945,0.6522836402747506,0.5047927843684943,0.5311703089508611,0.4139542725899474,0.4101749357600536,0.17994550925724606,0.18355366927622177,0.6679252525438731,0.43469900221441976,0.4843715832676514,0.27338653127176077,0.2539285837664449,0.13563690492490932,0.1132971135679206,0.45703405392170054,0.49613601772531735,0.34373694035377994,0.25982839224224097,0.2460925072435913,0.12847325393944578,0.1132820264325757,0.43351214205320326,0.4944542543282518,0.32023011562062753,0.2698880309069697,0.2617380314522707,0.1297206717151353,0.10555063856045258,0.44921828606011927,0.48064625644643705,0.3436676474996667,0.7592598665549326,0.622495555282716,0.5721208520584842,0.1780322793428355,1.6157175886686235,0.7535244219537464,1.437685309325788,0.05968752570130996,0.05860328886971373,0.16062468879470435,-0.15229563079115938,0.2616744554715995,2.6910931037501378,0.4139700862627589,0.4770222324001012,0.4883001834947978,0.13432496293580345,0.2930280207338494,0.6522517150467497,0.2815905712820922,0.3592236943129003,0.2870270813644515,0.2792785036039255,0.1277475054399136,0.1269580299008192,0.462849254172281,0.44507126237926903,0.3358912242714618
1258,Çorlu,Tekirdağ,2024,0.5078770455299814,0.5195519940612443,0.20907405826765313,0.22265513007217574,0.7851412280838856,0.4116627441775392,0.5624860980117099,0.33890534338118344,0.33209846069039045,0.18207896019058564,0.10544285748145378,0.5898347146019892,0.5372560915505912,0.48439185712053545,0.31581511016966324,0.3085865213014934,0.16941118865957844,0.09758407671779695,0.5507286329029683,0.5364252159073921,0.4531445561851713,0.3367421511548769,0.3242414799122384,0.1561694610959892,0.14458112422893743,0.5585470123467993,0.4637657048884344,0.41396588811786184,1.1338549353596898,0.843613246305562,0.9784819500921206,0.22001532878065216,2.4691295246064286,0.8629692560995197,2.2491141958257765,0.10036993191338,0.10545892576278744,0.1912233051356181,-0.16017606919239133,0.3553903644091456,1.905185163427681,0.515566433601537,0.5264392845077035,0.5351378320047115,0.14170997960504433,0.3398993580967958,0.7148155902551845,0.26918579934163456,0.3749162321583887,0.34904927056306645,0.35349359314770196,0.15983761622360948,0.1347680320372535,0.5644507431559848,0.4579227911456985,0.42968271111873124,0.5935907283421563,0.7070144531050379,0.28066264586363454,0.1836288924110426,0.894565213563672,0.47282181554199676,0.7109363211526294,0.4634082808486528,0.5273918037241939,0.25539127876498663,0.11329371203129923,0.7694975772180936,0.5511150519306243,0.6562038651867944,0.43280042918533945,0.49019241564974314,0.23982786808951312,0.10351358857340603,0.7246046297539397,0.5541303841609891,0.6210910411805337,0.4432359059592362,0.4960757421098058,0.235834779467372,0.11331514689115726,0.7304595130581182,0.5320750785227707,0.6171443661669609,2.2515556573251874,1.8436111889440483,1.9102830752335402,0.21702498754007202,5.155906873349981,0.8484280941573198,4.938881885809908,0.21897259150225656,0.28514699544907934,0.2697292427365548,-0.16795114075148218,0.5272817076695893,1.231794540522553,0.6952328484210715,0.5898576988162487,0.6523717194188332,0.20219561563775099,0.3086576220231502,0.8164219157621389,0.34278710957494607,0.5077642937389886,0.4341054718143449,0.5098024520079334,0.21519175319294925,0.12695853498434406,0.6738283420894313,0.49571306321838055,0.5468698071050873,0.3286659117838765,0.27724716462042703,0.13499426110207413,0.21505962424740302,0.5429624434300321,0.41073398932482963,0.3279028191826291,0.23158540903448796,0.19123583990849038,0.10069676309272167,0.14483996642837496,0.38673338811024344,0.4348147990520672,0.24189342168186848,0.22387415779463518,0.18940673586772164,0.08966883872578199,0.14654848080703342,0.3574497030536512,0.4005323330262944,0.21090122224661778,0.21690944027326736,0.17771208463676907,0.1033492229796019,0.12700048838665112,0.3847962404004354,0.4764625405395,0.2577957520137843,0.5324041093375265,0.32739371112225346,0.472323024665112,0.20502220582692923,1.234463043745445,0.8871513506025082,1.0294408379185156,-0.0018503989534954172,-0.011696465685913565,0.08670453808151148,-0.10538770499587012,0.11322769066032842,-46.857213098681214,0.21861539565619853,0.4540020943986095,0.44916564883306936,0.08404822991313064,0.3633661515016957,0.5585495733830463,0.18512740568843522,0.19518342188135063,0.24122094021706378,0.20504624960786527,0.09412204912249961,0.16218416777546124,0.3886571791232619,0.3901902091825173,0.22647301134780068
1270,Demirköy,Kırklareli,2017,,,,,,,,,,,,,,,,,,,,,,,,,,,,,,,,,,,,,,,,,,,,,,,,,,,,,,,,,0.6466387020333721,0.6778437070390011,0.1682214957794829,0.40810869290278506,0.8301372742280364,0.2601475835741134,0.42202858132525134,0.515576665253235,0.5253295577498197,0.17095361287322736,0.279132741587462,0.7362570120770001,0.3315774828351868,0.45712427048953813,0.46913241119444987,0.4746372430925018,0.1555750105922528,0.2558476489384729,0.6699625612242387,0.3316228145400271,0.4141149122857658,0.42026004079844514,0.4277107852536279,0.12563428067319587,0.2521616911346262,0.5760623566482378,0.2989441499946209,0.3239006655136116,1.502770568374527,1.359653290160402,0.788270338283687,0.6121419485734434,2.5478174120692882,0.52454470088293,1.9356754634958449,0.21456192889588793,0.21299111346403757,0.16374490918292514,-0.0016780028758148547,0.4354247636609263,0.7631591961609332,0.4371027665367412,0.6039402651171205,0.6151949808567385,0.11107679655355707,0.44746196269989014,0.7325585427738371,0.18392017053543572,0.285096580073947,0.473916128202012,0.4941684493245987,0.13121091248985342,0.2914404263856168,0.6267798067637296,0.27686526092212527,0.3353393803781128,0.5328182619658249,0.5176925543528884,0.19785263421438015,0.27957791284374567,0.8302070745106401,0.37133230660001376,0.5506291616668945,0.40445176058134813,0.38470157581792563,0.178980805423288,0.1855795405313025,0.6540506236365541,0.4425269534394554,0.4684710831052516,0.35986595025807616,0.34180761002075816,0.15771569860985482,0.16990176247708053,0.5837937983315655,0.4382623543481948,0.413892035854485,0.33906481979562303,0.3106420367371802,0.15976053000647375,0.15835872162133455,0.5842688644633574,0.4711799062573701,0.4259101428420228,1.2481748090472238,0.8108654568198049,1.2780601423772109,0.3152261854773828,2.680654146841594,1.0239432274336635,2.3654279613642113,0.07031776392486876,0.04486465950610906,0.1776044170559973,-0.13454665335325094,0.3382714278995991,2.52574039819809,0.47281808125285,0.5345389776227694,0.5213083769335891,0.1313104810778075,0.380628836398222,0.7281895242631435,0.24565183564681956,0.34756068786492156,0.37857930418791913,0.3692096928708604,0.14473941047510408,0.19711118259118993,0.5881332399058338,0.38232256458281816,0.39102205731464384
1270,Demirköy,Kırklareli,2018,0.49134902270790665,0.4866049536636898,0.18785304218212054,0.24431090445622153,0.7521362194308528,0.38232098467771647,0.5078253149746313,0.33353110547990805,0.2987807189407865,0.1660577907439172,0.1424037104527455,0.579964244597716,0.4978779730453672,0.43756053414497054,0.3014352220659378,0.27134606091449687,0.1551772241424311,0.12292892369463979,0.5333927626046477,0.5147945985837271,0.4104638389100079,0.28583711126068845,0.27934025811112445,0.12177042085346047,0.13105954714985782,0.45885878891655896,0.4260133343651228,0.32779924176670117,0.8760312731352653,0.757513095412338,0.548937908541802,0.2895320545543324,1.6800504572251265,0.6266190778523065,1.3905184026707942,0.0760917405902503,0.06861777944224222,0.12628100055083644,-0.0917854960611526,0.2520157232366759,1.6595888012452291,0.34380121929782853,0.4848418951942685,0.494039849801497,0.1355313096034827,0.30256673991680144,0.6577887852141198,0.27953712529148794,0.3552220452973183,0.3361435924793096,0.32245635515277293,0.14261340224586985,0.15797372298835,0.5408596435401791,0.4242633369685547,0.38288592055182913,0.6464684695201162,0.6737925372625652,0.1517943441050871,0.4352890659462322,0.8181567334610483,0.23480548744746432,0.38286766751481616,0.4847011120757681,0.4902258081867879,0.13710536150840716,0.3067780544618543,0.6542337778650648,0.2828657869614604,0.34745572340321046,0.4597401080418937,0.4669172814239646,0.12900404373028235,0.291152085421744,0.6191496885443525,0.2806021086124748,0.3279976031226085,0.43225552096393655,0.439610989424434,0.1163383683367515,0.27537361449665493,0.5759579390287399,0.26914258510178224,0.300584324532085,1.556582241399198,1.4541963902504549,0.7401934418882089,0.6716294234991074,2.5466124427561856,0.47552478899081846,1.8749830192570782,0.19885475374785735,0.19737972657219702,0.1417079730695399,0.01749062858036031,0.3886606804296082,0.7126204951037877,0.3711700518492479,0.620613148908412,0.6348277966627914,0.10194793194219828,0.4781267974111769,0.740334460105019,0.16426969380444664,0.2622076626938421,0.47129892862906464,0.4901465852106862,0.11397213183065184,0.3184419856079641,0.6071386758508363,0.24182556952161777,0.28869669024287214,0.506063305162488,0.4902867452965842,0.17943084921715088,0.27555248199724686,0.7756417668782748,0.3545620624667477,0.5000892848810279,0.3606300273886382,0.3379133349398417,0.14948028417837725,0.18150518624701292,0.580053396522136,0.41449760925561435,0.3985482102751231,0.3358326461121112,0.31454171953726534,0.13781260295007783,0.16988813338851377,0.5411206149486328,0.41036094776822785,0.37123248156011907,0.3387828477784293,0.3144543238224522,0.14422250311094872,0.17397640405162687,0.5486213650022235,0.4257078068051222,0.37464496095059663,1.14891971468377,0.8286349528814217,1.0509154406765293,0.35921140096109844,2.2943286615259506,0.9146987620155727,1.9351172605648521,0.028903821151717603,-0.002026896814040425,0.16672257906943536,-0.15054221310113605,0.2712740792947657,5.768184704517101,0.4218162923959018,0.5352800311944328,0.5214120840204173,0.11839698022427046,0.3923935116022483,0.7050817161798477,0.22118699246089465,0.31268820457759944,0.3615633021969765,0.3457922511133685,0.13070702352018132,0.1970345334902181,0.5605753692823969,0.3615052266808131,0.36354083579217883
1270,Demirköy,Kırklareli,2019,0.5403734414078682,0.5449423289299011,0.14681956889713269,0.3454245948983777,0.7402396983391529,0.271700194063229,0.39481510344077525,0.3590745151344873,0.34955150538873947,0.1354694398090168,0.18963805705415496,0.5445889913423128,0.3772738919059133,0.3549509342881578,0.3380643079313171,0.3298816537258851,0.12443099894789587,0.17790400611349605,0.5057124308097237,0.3680690212738339,0.3278084246962277,0.33385801846228136,0.3261972694396973,0.09864943934687144,0.21301101287826896,0.4667781233787537,0.29548321110045966,0.2537671105004847,0.9082315869572813,0.7972594111223255,0.4989180929915284,0.39099920562643936,1.578476238895107,0.549329158065271,1.1874770332686677,0.07846165814455941,0.07221175500444163,0.14067740174466487,-0.10334163221220176,0.2597731221012953,1.792944542230778,0.36311475431349705,0.560101433527222,0.5684492840911403,0.09031924211769286,0.43552428575662466,0.6739202178685011,0.161255152569259,0.23839593211187643,0.3754665902192453,0.37704123069134643,0.1138308705720484,0.22449951021037717,0.5293211255209657,0.3031717695723058,0.3048216153105885,0.6567659195219491,0.7050703846625168,0.16751335036318563,0.3961726020682942,0.8183640255814507,0.2550579215272259,0.4221914235131565,0.5008154533566433,0.5214236384733775,0.15750468668511503,0.27150513278153154,0.6814676008418081,0.3144964589839682,0.4099624680602766,0.4614597372756409,0.47853872543026293,0.14480400763642162,0.24780031397236466,0.6305967936239832,0.3137955404112033,0.38279647965161856,0.4353020338649011,0.4548456796577999,0.1269402725734965,0.24814259613815107,0.576234575864431,0.29161424183212814,0.32809197972628,1.6397538719928348,1.608672827299387,0.8237540426535557,0.5779490257486884,2.6097832964016843,0.502364444276278,2.031834270652996,0.23480217167936496,0.2598490724538235,0.1491806865508025,0.006153320445230714,0.40023523957833,0.6353462810153084,0.3940819191330993,0.6104239591553754,0.6386409350213288,0.11291462796384281,0.43932663798332217,0.7246076774597168,0.18497738542255004,0.2852810394763946,0.473977368040658,0.5018476154091094,0.1273138585625852,0.28326441817232817,0.6113791180922239,0.2686074634510063,0.3281146999198957,0.48370581147529923,0.46274419934362976,0.18719669015906218,0.24818032570183277,0.7677855789661407,0.38700525343723624,0.519605253264308,0.3500322284205325,0.3183094411933084,0.16113032832865107,0.16592401266931422,0.587969622893622,0.46032997891573385,0.42204561022430775,0.3219919438375358,0.29498699915899057,0.14328495304912656,0.15808253620843934,0.5368888963065792,0.4449954596423766,0.37880636009813984,0.322504581819442,0.29485832089963165,0.1480560146174209,0.15008126296957985,0.5368583287511554,0.45908189515369985,0.3867770657815755,1.1136299487682697,0.7646320165420065,1.0693376337394023,0.29728809509958537,2.268163737128763,0.9602270798501271,1.9708756420291775,0.0011696900299332724,-0.03692607615101204,0.17638470998289474,-0.18543019193284055,0.2559360017379125,150.79611304625467,0.441366193670753,0.5210590097693075,0.5058754721203366,0.1184892545303314,0.3772279443219304,0.6896022833310641,0.2274008361985547,0.3123743390091337,0.34595819078538276,0.326242940189285,0.1356843940730044,0.17780272915168469,0.5606686253197054,0.3921988196463226,0.3828658961680207
1270,Demirköy,Kırklareli,2020,0.5735001358677302,0.5721761937979813,0.160185567116121,0.36125078854652554,0.7870097675106742,0.2793121694273941,0.42575897896414866,0.3802610425704998,0.36131972211519564,0.15097270626052633,0.1932533052225939,0.5916115717937586,0.39702385824216063,0.3983582665711647,0.3679754328129871,0.353691941379375,0.14388031827236594,0.1897398332519283,0.5687582781790245,0.39100522872538873,0.37901844492709613,0.36209274534639996,0.3457309776494483,0.11844720741962404,0.22471673869424397,0.5177829739374992,0.32711842184606665,0.2930662352432552,1.1142692017306888,0.890814659026292,0.7574396609266439,0.42225202859616745,1.9827989254679,0.6797636152468225,1.5605468968717324,0.08055975398310637,0.0722023145854473,0.15680591694067605,-0.1188609842506666,0.29094307839870454,1.946454764168703,0.40980406264937114,0.5966742692253869,0.599436298297469,0.10153885387598459,0.45915722101926804,0.7247101711109281,0.17017468175358746,0.26555295009166,0.4004970830153892,0.39646502635861086,0.1265183061114466,0.23623749987981,0.5723661285532884,0.3159031900029721,0.33612862867347837,0.6647576339670992,0.6894676076997187,0.16990745923911865,0.4318208575248718,0.8653557481187762,0.2555930922149107,0.43353489059390443,0.5094464798854893,0.509959700166509,0.17502760643420062,0.2752662117484812,0.7442711238367842,0.34356426699335013,0.46900491208830297,0.47046263462191357,0.47077943830703595,0.16285643483105777,0.25590472672106884,0.6897639445966559,0.3461623152324032,0.43385921787558707,0.4446921232602482,0.4433179001013438,0.13834310052391335,0.2635653493355732,0.6229605896528377,0.3110986079754565,0.35939524031726455,1.6812755583916303,1.4522006074890836,1.0056660832159938,0.6103294594929769,3.077171123944796,0.5981566068670211,2.4668416644518194,0.24080706048623476,0.2441709933912053,0.16855589777275345,0.006115346380587046,0.45506251832613576,0.6999624406045545,0.44894717194554873,0.6246836014015036,0.6346689930983952,0.1138557629259028,0.4706715811521579,0.7638104180010353,0.18226148832859174,0.2931388368488774,0.48090591544652145,0.4941850961797068,0.13571909078506658,0.29484550027014617,0.6502875507221976,0.28221547380853346,0.3554420504520514,0.4639841596288343,0.4549695779569447,0.18011730558218275,0.23998648934066297,0.7050142191177191,0.38819710079384645,0.46502772977705614,0.3588937922151764,0.339996321042695,0.16511726121718262,0.16761202094382713,0.5899685740975007,0.46007277027011323,0.4223565531536736,0.3143212840261545,0.29508971702460196,0.14017941229467404,0.15056549216060985,0.5137809459382194,0.4459749288979418,0.36321545377760955,0.3042943810174754,0.2930137464340697,0.13107789849834026,0.15261777977305135,0.47987642095369454,0.430760167374936,0.3272586411806432,0.9554348063801098,0.7797310743280637,0.6720008467768529,0.344647037957249,1.780722606976827,0.7033455786720673,1.436075569019578,0.07251653279318741,0.042876986212524254,0.17910213676822012,-0.12082927720300082,0.30143377124046794,2.469811088169482,0.42226304844346874,0.4756568647201647,0.4747708309155244,0.13088505059276967,0.33026414803969556,0.6307549064809626,0.2751669539548664,0.300490758441267,0.33441481518942673,0.3261419323303348,0.13309324677657788,0.17402700081584863,0.5214712779300744,0.3979884883425043,0.34744427711422576
1270,Demirköy,Kırklareli,2021,0.5792183646536375,0.5919545392195383,0.1755357976584051,0.3341837406158447,0.8103546177347501,0.30305634000982073,0.47617087711890543,0.40231399321439043,0.3888849132892485,0.17379900189715944,0.18160538136148216,0.6503099166212918,0.43199840131969536,0.4687045352598096,0.38297505550296584,0.36920606338632034,0.16244963579911786,0.1776255232687624,0.6112517526438521,0.424178111511129,0.4336262293750897,0.3622317630205627,0.3611835306673719,0.12096578433492097,0.205069073279139,0.5293119882161801,0.333945823321005,0.32424291493704105,1.1057074679453212,0.9837666677706169,0.6556196208085542,0.3912658841299587,2.0475602540102873,0.5929412975991364,1.6562943698803285,0.12836688492084664,0.12136536779016563,0.16189395271026935,-0.09005396153735018,0.35578626578236805,1.2611815953163943,0.44584022731971823,0.581100553618851,0.5956907791476096,0.10798863967435919,0.43153743881445666,0.7166559902826944,0.18583468730472055,0.2851185514682378,0.40991927160292063,0.41199778463867,0.13943453093889363,0.2208573452628725,0.5995165556649896,0.3401511970726779,0.37865921040211714,0.6466013376352125,0.6971526007826735,0.18733777333892246,0.34223903869760447,0.8495173015092549,0.28972685708332263,0.5072782628116503,0.5113913374022367,0.5291222996134015,0.19182940471002113,0.22838527397911143,0.7637153746308674,0.37511273789750765,0.5353301006517559,0.4736698541188134,0.49004542267122886,0.17765833974478484,0.2130049082110026,0.7088293621113941,0.3750678625628173,0.49582445390039154,0.43469417575409625,0.4550688678310031,0.14570665026544408,0.21330891757510428,0.6112152569434222,0.3351934725434863,0.3979063393683179,1.6652905315066262,1.5494045028045995,0.9512354783542066,0.4850251902175206,2.982855706744724,0.5712129267279279,2.4978305165272032,0.25728574262152987,0.2831062863144693,0.18052104436572708,-0.021562511877467234,0.4786177849958813,0.7016364083231597,0.5001802968733485,0.6128638004831233,0.6424742937088013,0.12490162823165714,0.4197685917218526,0.7519913400922503,0.20379997665581917,0.3322227483703977,0.4743125124043514,0.505799594037154,0.14852455690600067,0.2398536465819732,0.6503062657169693,0.3131364933914783,0.4104526191349961,0.5204599735359624,0.5527227138295586,0.19040034220347013,0.22855770122259855,0.7480980252677744,0.3658309032103003,0.5195403240451758,0.38845910945163525,0.3885679166213858,0.1747924658157595,0.14641691026336903,0.6150859330248523,0.44996361666612394,0.46866902276148326,0.34849629569174917,0.349770252325848,0.1536341017802534,0.13502168116598726,0.549107353238768,0.44084859345576904,0.4140856720727808,0.3401289826444978,0.34945112466812134,0.13955957781161252,0.13881018475906268,0.5140189625121452,0.4103136896083917,0.3752087777530825,1.1268253650831614,1.047785413927502,0.7305123353715115,0.26473010496960747,2.045717145267286,0.6482924133657557,1.7809870402976786,0.11447821153763865,0.13670561703688958,0.17460184003250018,-0.1444671117597156,0.3321747580226862,1.5251971330377905,0.4766418697824018,0.5220454957472204,0.5371150625379462,0.12471205272756766,0.341846467256546,0.6738708877847308,0.23889115746332285,0.3320244205281848,0.3699822715299912,0.38088326559802144,0.14213263563409928,0.16225482843304528,0.5487550142131489,0.3841606654457708,0.3865001857801036
1270,Demirköy,Kırklareli,2022,0.48631184615330997,0.47851979522144095,0.16636818529909247,0.2637268346734345,0.7167600840330124,0.34210185627813156,0.4530332493595779,0.3292259260135654,0.30283921731175384,0.15174383781108786,0.15024318246506888,0.5528010358958934,0.46091096059316855,0.4025578534308245,0.30612840355782955,0.28297171870335663,0.1392079416312834,0.14254535945345906,0.5096873919914622,0.45473709728795597,0.36714203253800315,0.29667761024226275,0.2870909367852351,0.10980264110700227,0.15831687925166862,0.4471111368049275,0.3701076094597735,0.2887942575532588,0.7756008863264957,0.6639510255281617,0.5019245442333542,0.27406999277412347,1.4143870785122825,0.6471428193057336,1.140317085738159,0.09883356528460117,0.08207906145450757,0.13748927465844943,-0.06614758693669216,0.2930843833002072,1.3911192443835783,0.35923197023689935,0.5148657251643421,0.5176115932427053,0.11209892386765113,0.3691444257895152,0.6580935594856098,0.21772458019393273,0.2889491336960946,0.3389823979723627,0.3262068137398541,0.12825039664398655,0.17384514939247941,0.5215503813523852,0.37833939877445444,0.34770523195990577,0.6005912732970935,0.6271872248464417,0.17829293542621957,0.3297790253863615,0.8067617490050498,0.2968623477451423,0.4769827236186883,0.4685542712608995,0.46463741220174987,0.16430645987481513,0.24591192667833175,0.691261116750215,0.3506668703129297,0.4453491900718832,0.4342239047200271,0.4355534903440652,0.1498178763759023,0.22852888724983786,0.6346999681045523,0.34502447872486386,0.40617108085471443,0.4047293661052879,0.4121864307029494,0.13704069248900033,0.21296967991760798,0.5758971783022085,0.33859834241271736,0.3629274983846006,1.4451234623468254,1.2941718179814137,0.8480690362624483,0.484085178849372,2.580061419804891,0.586848846039228,2.095976240955519,0.19978637681756067,0.19703567617883286,0.16900670868256915,-0.02961186483276613,0.42781377622955724,0.8459371022925218,0.45742564106232336,0.5851422094615502,0.6034778131554458,0.12171131204362534,0.40794211543268627,0.7246778931432557,0.20800296077704683,0.31673577771056943,0.44205854409658496,0.4552999675752915,0.13446158786703824,0.24395972643252717,0.6074771236217175,0.30417144892387793,0.3635173971891903,0.40963117722819997,0.40220044680640227,0.15920870688509506,0.19936470972018294,0.6208645652418268,0.38866354842029527,0.4214998555216438,0.2782990251025866,0.26940146026993267,0.1246415125327594,0.12888897955242382,0.44124604719332083,0.4478690232091688,0.312357067640897,0.2598232484721681,0.2480440745348424,0.11397934103575871,0.12301260112413331,0.4119604782747543,0.4386803017281497,0.288947877150621,0.2620741002158733,0.2558086527337273,0.11432981895266647,0.11923720371925224,0.40798630064184016,0.43624997227307755,0.28874909692258793,0.7233327450127517,0.6095635096232096,0.5144912145683377,0.2355307794206745,1.2961900799961414,0.7112787553386204,1.060659300575467,-0.03646538487213556,-0.056639899432227234,0.12252745889732765,-0.17757173160930256,0.1348766482302121,-3.3601032685371446,0.3124483798395147,0.4635886913835032,0.4628557210309165,0.10804259725988272,0.3262602502391452,0.595901723418917,0.23305701641998122,0.26964147317977183,0.2886429697063308,0.28318556626605407,0.1143206395168528,0.1388077944168358,0.4432565562900634,0.39606244223846554,0.30444876187322756
1270,Demirköy,Kırklareli,2023,0.5144130235425688,0.5118352539966561,0.18423979143594382,0.2698135094328241,0.7692954284804208,0.3581553790515523,0.49948191904759665,0.31933439277146136,0.29505529640552736,0.1614757687661769,0.13496431183441246,0.5372185891691852,0.5056635690404339,0.4022542773347727,0.29105563097658715,0.271336027771405,0.1471418634859532,0.12299063951856937,0.48665913555970974,0.505545496550759,0.3636684960411404,0.32540311445808434,0.30844196686579745,0.13604377504223106,0.1682773913080628,0.5193881218026324,0.41807766735359586,0.3511107304945696,0.9807685479315388,0.7342162814773159,0.8270860894248862,0.2971783421933651,1.949307930469513,0.8433040508581029,1.6521295882761478,0.11276920051955569,0.08980011902934876,0.17426399846317403,-0.09804143958559661,0.3473958788733733,1.5453155441405682,0.44543731845896994,0.5269646648347247,0.5271815587825412,0.12390508448036894,0.3786312177473185,0.6833890424647802,0.23512977766588977,0.30475782471746166,0.3354349834783194,0.3261260892817839,0.1361673053781571,0.16623022705257764,0.521456578851567,0.4059424689880571,0.3552263517989894,0.6761631361031565,0.7206434040534787,0.18899545280249627,0.38831408470869067,0.8809320325100863,0.27951161888491777,0.4926179478013957,0.5371989969452042,0.5432380513895683,0.1908440079945765,0.2696856671996455,0.7850441629871675,0.3552575657806805,0.515358495787522,0.49454848020032477,0.5020497234170533,0.17509197472557453,0.24847622442860634,0.7248604743343671,0.35404410636273864,0.4763842499057607,0.45480165797617034,0.4589710533618927,0.15355217759124534,0.2443937071495586,0.65826406047262,0.3376244894852402,0.4138703533230614,1.8273359668520994,1.5460135017411183,1.1464387161901906,0.5471330865433341,3.643582386629922,0.6273825596314008,3.0964493000865883,0.2762669726553719,0.28548192176325565,0.18699396385705666,0.011481201757901701,0.5196815617730685,0.6768596407299163,0.5082003600151668,0.6263797764164337,0.6464767731469253,0.13055021207899226,0.44735038386923925,0.7755067799542401,0.2084202220350726,0.32815639608500086,0.49572802916855013,0.5216161342388306,0.14702307887277666,0.2791709987483047,0.6660591874503032,0.2965801209977337,0.38688818870199854,0.5071849342152046,0.5290007792851504,0.19179498503745585,0.2325866740817825,0.7482106491576793,0.378155919268838,0.5156239750758969,0.3667864165350664,0.3614319145147693,0.15502114720194055,0.1622682750127912,0.5763501622030867,0.42264691442606855,0.4140818871902955,0.3483081941880738,0.3455691212065384,0.1464314004193514,0.15439674977307657,0.5447700683226785,0.42040756681217717,0.3903733185496019,0.3216520842547185,0.32606158565197674,0.13388931828252001,0.1425846289904391,0.49804146260750004,0.41625509311636283,0.35545683361706093,1.0021408065440582,0.8900711607288669,0.6598951674077828,0.26550122567911466,1.891076130025527,0.6584854773886218,1.6255749043464123,0.08101335004412047,0.08014914968415447,0.15669125414910748,-0.13090440504631753,0.29087829520536024,1.9341411515975115,0.42178270025167774,0.5356580031244313,0.5526840507405476,0.13045381054639363,0.3534955908270443,0.6894145641061995,0.24353936613561564,0.3359189732791552,0.3656054422979969,0.3729718020659424,0.13925706200528218,0.16965025945913761,0.5448610577743487,0.38089439022020033,0.3752107983152111
1270,Demirköy,Kırklareli,2024,0.5018450109325547,0.5174879840640134,0.1740210323723434,0.26365774497389793,0.716743982086579,0.34676250352468063,0.45308623711268103,0.32687370014778155,0.316396857112061,0.15134259483804768,0.13686040666626909,0.5271165498274695,0.46300021925785034,0.3902561431612004,0.3062943977850158,0.29878664309552955,0.1422065914898207,0.1309045528994408,0.49017684175017945,0.4642807459692218,0.35927228885073864,0.30822379264379285,0.31037530601024627,0.1179235730596323,0.15816300270850198,0.4547501472716636,0.38259075345268323,0.2965871445631616,0.8508460856762605,0.7653303939161948,0.5424971431295791,0.29720221226473886,1.4830142324917936,0.6375972720123607,1.1858120202270548,0.12821332685084175,0.11317088693380356,0.1588285507669028,-0.058801318543112796,0.3399868553876877,1.2387834764764944,0.39878817393080046,0.5191920901890414,0.5410026499441454,0.13079983306180742,0.3458988240786961,0.6580945828865314,0.25192955658123045,0.31219575880783534,0.3422911088411485,0.34573690478481917,0.13316193594950232,0.16618711279211829,0.5099821127391112,0.3890312441954211,0.3437949999469929,0.6197938921096019,0.6697567906430972,0.1829070140095699,0.3104030390580495,0.8106180467103657,0.2951094167562809,0.5002150076523162,0.47487595275949057,0.49021100349594077,0.16317695750044925,0.22496694818538007,0.6698334577209198,0.34362017396802813,0.44486650953553974,0.43791175491903994,0.4550676957672405,0.1499173649607322,0.2052205738602783,0.6148451153493036,0.34234606236694554,0.40962454148902533,0.40878677131511426,0.43165098645470357,0.13253361520504606,0.19718192870679654,0.5608900816817033,0.3242120941895211,0.3637081529749068,1.4321305125876689,1.392394937168468,0.7321489134651256,0.4537622006734212,2.3904890765746436,0.5112305806139344,1.9367268759012224,0.2060451318800514,0.22082032329506343,0.1565306519728905,-0.02554565549574115,0.4041960599810578,0.7596910955606289,0.42974171547679896,0.5859375065187521,0.619047611773371,0.12758603366047502,0.38064680218696595,0.7167593291563581,0.21774682835803721,0.33611252696939214,0.45128762417894747,0.4824071879705041,0.13658596510664367,0.22436171552769277,0.5995269825741543,0.3026583442325547,0.37516526704646147,0.4249790422388559,0.4119719691508639,0.14381815971978673,0.2518525606393814,0.6151424398024877,0.3384123578474134,0.36328987916310634,0.301784682120517,0.2831529279080007,0.11472830947323963,0.1738922516980292,0.45496716617597793,0.3801661126969431,0.28107491447794875,0.2825287356382422,0.2675861734859248,0.10391707801116745,0.16613730998614237,0.4159036411700547,0.3678106503977911,0.2497663311839123,0.27730806558416987,0.26368205657711735,0.1053405348418158,0.15813459862362256,0.41603980680643504,0.379868268958958,0.2579052081828125,0.7478430611181873,0.6395998976281659,0.4842568129821953,0.2973768930159398,1.3294409362096635,0.6475380172119622,1.0320640431937238,-0.014854517196720598,-0.03327101754445222,0.11586267670128354,-0.14638760596513747,0.14653691980573866,-7.799827834651019,0.29292452577087613,0.48849439461512206,0.48644046416912956,0.09694116800055112,0.38490556695244527,0.6073987325653434,0.19844888512370693,0.22249316561289811,0.3062393274617176,0.2949853387326242,0.10339588292696841,0.1854890891117585,0.4432260117174957,0.33763097569463457,0.2577369226057372
1295,Merkez,Edirne,2017,0.3210124528101641,0.2773057074180659,0.14375592604713294,0.1759315604948441,0.5429303992057654,0.44782040319210087,0.36699883871092126,0.17488509684481796,0.14648064340562328,0.09848721870498754,0.07617141443455384,0.3183421103171108,0.5631538677785616,0.24217069588255696,0.16335069292594406,0.13866326407650031,0.09146335699655953,0.07225603497843877,0.29490380556886325,0.559920226588968,0.22264777059042448,0.21236275672688879,0.18358134356153277,0.1008640339371858,0.11349895246966502,0.3632556147232476,0.4749610312645498,0.24975666225358256,0.452514696046624,0.3279774101666071,0.38157719634919096,0.1419175685758612,0.9841276568821096,0.8432371361257975,0.8422100883062483,-0.12297359360051043,-0.14456535085055924,0.1410721834131339,-0.2929418507112826,0.07418500256298217,-1.1471746029592191,0.36712685327426475,0.3959494513995682,0.37104304658991805,0.09810613169073774,0.2930707988658374,0.5428998457628444,0.2477743846947144,0.24982904689700702,0.2044841251679163,0.17774812932487744,0.09976937962275487,0.1035080552227082,0.35351909403597837,0.4879077020811626,0.25001103881327014,0.5199317318865517,0.5429497816750959,0.2766593004819696,0.18372103986909435,0.8554527181089431,0.5321069738869798,0.6717316782398487,0.39698617952477827,0.38676206514991923,0.24989989262921206,0.10553281026739415,0.7304095283463983,0.6294926763656121,0.6248767180790041,0.36771997323094785,0.35350289495918935,0.23452407626661262,0.0957323420597862,0.6777104907243429,0.6377789985297289,0.5819781486645567,0.3860679900719381,0.37886631091708955,0.22688513232027577,0.12122025309791865,0.6835629474321027,0.5876818025705759,0.562342694334184,1.6988150041127912,1.1092010427592183,1.5527672983332332,0.17306689658830238,4.046848647823995,0.9140296586585474,3.873781751235693,0.10829387975334394,0.09763366581777166,0.2502664296474028,-0.20701983459211415,0.43356245536538507,2.310993291748558,0.6405822899574992,0.5374197088221465,0.5507903555666449,0.19852316928073185,0.2930287965383857,0.7850969380893744,0.3694006118901587,0.4920681415509887,0.37683216722774415,0.388648052828434,0.2129647616091562,0.12306886839614341,0.6425651879323577,0.5651448579241054,0.5194963195362143,0.5237746118623281,0.48828358730291666,0.23047535846666092,0.23830296406796286,0.8477022166245086,0.44002773950265534,0.6093992525565457,0.3853883662573416,0.30077994390534346,0.2480615942639339,0.12113487080506276,0.7695260824402553,0.643666534807363,0.6483912116351925,0.36305275887625155,0.28517093547185945,0.22572752862634668,0.1211496638652259,0.7148288246642808,0.6217485561190491,0.5936791607990549,0.3308881168056212,0.29295349157478384,0.17572440931025302,0.12899788212815747,0.5819902939204229,0.5310689637533329,0.45299241179226546,1.218037293308539,0.781000823276478,1.030245902823608,0.2198000554078208,2.8438060048559244,0.845824597065632,2.6240059494481036,0.11450429581011354,0.10546781224596141,0.19113348091241053,-0.136666602283066,0.3710944954139325,1.66922541691688,0.5077610976969985,0.5426169934282058,0.5351473119413104,0.13192863571421917,0.3790119953709993,0.7148168389485959,0.24313399195389332,0.33580484357759666,0.37371211736942755,0.33006563111261716,0.18782189156715245,0.1543107134663421,0.650377981152246,0.5025844302005437,0.4960672676859039
1295,Merkez,Edirne,2018,0.5125326441038023,0.542981132042996,0.25942742091463317,0.19926507970759258,0.8320255177053498,0.5061676049303345,0.6327604379977573,0.3098171723991156,0.3085925305156647,0.1909246692736068,0.08214520121015716,0.5663289234984528,0.6162494731817254,0.4841837222882956,0.3000054195015494,0.3008290040320216,0.18582232129002557,0.08212772788091324,0.5507220361724865,0.6193965482315757,0.4685943082915732,0.32226808457835937,0.3242232114214701,0.19817875006141938,0.10556963689719465,0.5741804408034884,0.6149499734691609,0.4686108039062937,1.2024214195912641,0.9688628922233482,1.0256442193672322,0.21921587258072528,2.656038899794397,0.8529823260432907,2.4368230272136717,0.13925841723611918,0.16800132172512666,0.21253242940765793,-0.16012901638988658,0.40231678549987787,1.526172949727694,0.5624458018897645,0.5265469715123698,0.5586098692959934,0.1945250616544285,0.3165285700892757,0.7460411100984572,0.3694353441929514,0.4295125400091815,0.34059479500945977,0.3555158562957154,0.1861762522317193,0.11339934388747645,0.5741534123651558,0.5466209553394625,0.46075406847767936,0.5031134821086065,0.5351764430163582,0.24249408601777583,0.1992950767217629,0.8242059266864693,0.48198685712307926,0.6249108499647065,0.3554559868919313,0.3633039131439586,0.20857128366241495,0.10554724075417365,0.6366870692484714,0.5867710528274954,0.5311398284942977,0.33874435997778307,0.34963517659659044,0.19921713650592177,0.09961195234721215,0.6113465279398999,0.5881046595697937,0.5117345755926876,0.3585096796545815,0.36326778550450206,0.1958956952824704,0.12119422279194092,0.6288895025317105,0.5464167535761177,0.5076952797397696,1.3703975464642366,1.0312864236242532,1.2226787257961897,0.22010991284568315,3.2812063346050304,0.8922073225764477,3.0610964217593475,0.11496599104920392,0.1288897317784711,0.24186141725194918,-0.19920840518781624,0.4414019513127606,2.1037649051225564,0.6406103565005768,0.5312710043392428,0.558639123928071,0.17492497475607996,0.3086484594272114,0.76170976896842,0.32925752267176567,0.4530613095412086,0.35845782082928657,0.38089386794868585,0.18544589582389426,0.13087566161089426,0.6035007124238456,0.5173437014008178,0.47262505081295136,0.38641612967608147,0.3320132162769629,0.1780942834749539,0.19927679699562548,0.6679448546414641,0.46088729169831455,0.46866805764583863,0.26978864690987636,0.21479394051225031,0.1532105941876467,0.12124762154802822,0.5116893330097686,0.5678911842381089,0.3904417114617404,0.24806200540274317,0.1972478455823395,0.1367872636609527,0.11916615956263536,0.4628931440373391,0.5514236790872934,0.34372698447470373,0.2472130785256904,0.19917568627105053,0.13053539188348057,0.11348367921433448,0.45701710419160796,0.5280278562200555,0.34353342497727346,0.7159407897045279,0.45285140187160394,0.6156009064735178,0.20382609632814055,1.6405824856657745,0.8598489083539704,1.4367563893376338,0.0026447597989547092,-0.04492887075718904,0.15099459310105728,-0.1581637231780378,0.24022439449177418,57.091987393613216,0.39838811766981197,0.4439895552872197,0.4179134621821348,0.10370021904896269,0.3400250727690287,0.6054142490600642,0.2335645463143347,0.26538917629103553,0.27301525566941576,0.22851350418976388,0.13171927655274093,0.1387075998037366,0.4824060153289623,0.482461231808361,0.34369841552522573
1295,Merkez,Edirne,2019,0.3830647950896239,0.3476662451944532,0.1775795956157321,0.19151158711235663,0.6444902313579283,0.46357586991042765,0.45297864424557166,0.23303598312077903,0.1992406285352224,0.1438415053658715,0.08206144250512407,0.4335654472858257,0.6172501921787789,0.35150400478070165,0.21475337922685528,0.18166820887057553,0.13228740588339258,0.08006403332873159,0.40038492406152987,0.6159968535053897,0.3203208907327983,0.25781502684713276,0.23047422121541225,0.12833362960336733,0.12129575947737879,0.4413965419377474,0.4977740482111645,0.3201007824603686,0.6662170941050495,0.4843525280534736,0.5913254788052265,0.17297276451708524,1.4219708086106124,0.8875867701947406,1.248998044093527,-0.06881707991431721,-0.08987664032261797,0.17058137067270562,-0.2773280809486748,0.16014357545224325,-2.4787650229433322,0.437471656400918,0.4435629235513164,0.4257953969029613,0.1236978775230497,0.30088630613647255,0.613225751313033,0.2788733479630854,0.3123394451765605,0.25272414297164303,0.2246046596505837,0.13123434648843899,0.11133266789468861,0.43943797717273203,0.5192790247315793,0.32810530927804343,0.5222935220312014,0.5430358548445013,0.254286903465534,0.20712940579310568,0.8320080038491252,0.486865895783297,0.6248785980560195,0.3739707621203796,0.37894212446537856,0.2166687818620314,0.11335646605279148,0.6523077233320999,0.5793735869444431,0.5389512572793084,0.34167341001558366,0.34180119519336183,0.20013888134431762,0.10745261198554013,0.6034975180017156,0.5857607746976545,0.49604490601617546,0.38553792082489835,0.37106446605157595,0.21419338084983114,0.1289802064126203,0.6679517057862746,0.5555702027741971,0.5389714993736543,1.6553565469661398,1.093460273721206,1.4676233583330192,0.22028711037435317,3.905850676664086,0.8865904816837259,3.685563566289733,0.13265507898142592,0.12110547960984658,0.24752065800551384,-0.17572573211337192,0.45699191863019206,1.8658965786011943,0.632717650743564,0.5335328086814021,0.5429974933942695,0.18492815312680488,0.30867346621404657,0.7694694941449206,0.3466106490880007,0.46079602793087404,0.36657164576780427,0.3769393428132074,0.19041079079150644,0.13479465340695412,0.6035032292962978,0.5194367676547396,0.4687085758893437,0.4687745193699233,0.43357363117562997,0.19422540379556474,0.2382480403796272,0.7617541958062871,0.4143258555448402,0.5235061554266599,0.3526759646407379,0.29296907175332726,0.19217204448041872,0.15244462028720296,0.6522625349088345,0.5448969131655442,0.4998179146216315,0.31517300821483873,0.26167315995147084,0.16646821459796873,0.14465655855429782,0.5742013931254522,0.528180428713918,0.42954483457115433,0.30972961701558005,0.26950820815977505,0.15112367694743872,0.1445833200205696,0.5507680686777339,0.4879212985945638,0.40618474865716425,1.056166184623214,0.70300271264166,0.8570119251399154,0.26586556512515974,2.453229578400811,0.8114366258049186,2.1873640132756513,0.09481090173976996,0.0742230651474913,0.15717663806776347,-0.08979845423883312,0.3241823915669582,1.6577907728287453,0.4139808458057913,0.491412868778764,0.4726254656947531,0.11675524057013767,0.3634450422503823,0.6679776285125264,0.23759093012824892,0.3045325862621441,0.3338869154842582,0.298827696116731,0.14910456360324847,0.1660126398845452,0.5683703248994145,0.44657204786534477,0.40235768501486935
1295,Merkez,Edirne,2020,0.48272450949663037,0.47267793061167757,0.2354431267782531,0.19925991379786714,0.8007832635920747,0.48773808279129155,0.6015233497942076,0.31409309059592033,0.26955946183396423,0.20729487077447223,0.0819808637576749,0.6132122508349308,0.6599790857582294,0.5312313870772559,0.2904367781593075,0.2480379161891406,0.1894398253746895,0.08006187503056131,0.5683421482764551,0.6522583901918229,0.48828027324589385,0.3466062951117767,0.3242322272043069,0.18499620317677667,0.13678276425230937,0.6054621698979162,0.5337358431909537,0.46867940564560684,1.2410701681053307,0.8592252058206551,1.1151840028247573,0.20334711121364482,2.89058041327502,0.8985664400645803,2.687233302061375,0.01749556500034731,-0.011743532191834726,0.22896552355256966,-0.2773534643593075,0.3320087330224577,13.087060837876592,0.6093621973817652,0.5212833955881592,0.5195165611316028,0.1638035094630574,0.31646153772541186,0.7382474676346052,0.3142312048482562,0.4217859299091934,0.3255562415747733,0.3027482009522347,0.1795951082493347,0.1152341188121211,0.5761800200268906,0.5516561666291554,0.4609459012147695,0.5545537371068796,0.6211123858065222,0.2885158798883947,0.19145626943544364,0.8866729715127128,0.5202667669207119,0.6952167020772693,0.42798761202276864,0.44925139268672143,0.2706021092963547,0.10548774553731496,0.7694882083855216,0.6322662191492563,0.6640004628482066,0.3923592433068111,0.41009928660586586,0.24903456880515926,0.08997311821785701,0.7069887441313717,0.6347105950819234,0.6170156259135147,0.4230047275423753,0.44138699958628314,0.2451012258771479,0.12119994537856592,0.7226212161588652,0.5794290463399003,0.6014212707802993,2.1158575363561347,1.4688930995250404,1.8989813379657698,0.21818958448210732,4.90607003787878,0.8974996214707998,4.687880453396673,0.17044323332410508,0.19920245975240128,0.28561116487701554,-0.21486274480401463,0.5116689542491938,1.6756967073835882,0.7265316990532085,0.5643857523540463,0.6054889295363638,0.21034722556255017,0.29305502484709295,0.8085757508162834,0.3727011617235098,0.5155207259691905,0.4003378509470546,0.4394561344678985,0.22402743144166706,0.12305062600810202,0.6660033250339754,0.559595928568081,0.5429526990258734,0.42129430854355265,0.36327197980535364,0.18750856235260047,0.21491635769543901,0.7148514540935101,0.4450773688370779,0.4999350963980711,0.2864213526189256,0.22260422030180316,0.16907684410650548,0.12115841699870793,0.5507393673647943,0.5903080987521793,0.4295809503660864,0.261130266442072,0.201135522892323,0.15327566955216199,0.11134690814891414,0.5019517371477881,0.586970141916368,0.39060482899887394,0.27376962572783453,0.22071256717179272,0.14319204579586178,0.12699546836451253,0.5019539207664797,0.5230384686218433,0.3749584524019672,0.8669572750355686,0.5153542304074539,0.7334178555832142,0.23515983660996914,2.046802432039138,0.8459677041791065,1.8116425954291686,0.031178963034738258,0.009761202108885429,0.1614977603772775,-0.16600069128678036,0.2675706039885382,5.17970274371677,0.43357129527531857,0.4567565416445457,0.4257225406546297,0.11847052098150287,0.324378374855809,0.6366867727920825,0.2593734521129164,0.3123083979362735,0.29075056387828935,0.2402111962223919,0.1438331725631061,0.13869799409751318,0.5175625358688257,0.494696108735032,0.37886454177131257
1295,Merkez,Edirne,2021,0.48858269197203597,0.4805566106475014,0.2440162813891839,0.19927528482665072,0.8164172743035534,0.49943701526608764,0.6171419894769027,0.33774618563375025,0.3007774374931574,0.21647115252156504,0.08987895699839077,0.6445106036247061,0.640928489289602,0.5546316466263154,0.3130577289113362,0.2773790801341879,0.20152537380589314,0.08982369443002491,0.6054368192073238,0.6437323062002053,0.5156131247772989,0.329914517798843,0.30859776481846657,0.1782167448292035,0.12901914764312147,0.5820280646845813,0.5401906712631137,0.45300891704145985,1.0914471834909285,0.7655414353284627,0.9595186261034238,0.1726025798682059,2.5778959554307366,0.8791251107859025,2.4052933755625308,0.08062475674469571,0.07422736531813148,0.2405868423059676,-0.23828061970412748,0.4101155906419608,2.9840318534889194,0.6483962103460883,0.5131146004840249,0.5117491205590252,0.16617709158340255,0.30871221650283054,0.7383009716018191,0.3238596045145596,0.42958875509898853,0.3390053479481082,0.3222693620130061,0.18734373395052786,0.11914675819496005,0.5996042019890392,0.5526276652697665,0.4804574437940791,0.5495015957552553,0.597638632407854,0.28333842881024673,0.19928800602661229,0.8789279694668831,0.5156280363859834,0.6796399634402708,0.41693734605087607,0.43365152722249345,0.26559356915680815,0.10548157443733379,0.7616652546400573,0.6370107443539,0.6561836802027236,0.3842989928548715,0.3965212549974007,0.2450685523400875,0.0957051415335878,0.697242144373907,0.6377028222726474,0.6015370028403192,0.4087651959248718,0.4179431576290783,0.23683894965916508,0.1211853609037705,0.7070262939655838,0.5794009666681467,0.5858409330618133,1.9399242350526347,1.2809822272624425,1.7718463784213927,0.21842598654258213,4.656166899841321,0.9133585458678073,4.4377409132987395,0.16629470524614526,0.18365358630123943,0.2865370877832022,-0.22264507634299827,0.5116939489283489,1.723068015659772,0.7343390252713471,0.5563066187449331,0.5820728077262565,0.20438019995317813,0.30085614293987684,0.8007399863579998,0.36738768345822354,0.499883843418123,0.39463938341564886,0.4238011225526605,0.2204024043934485,0.12306266696887756,0.6581842846970629,0.5584906465387224,0.5351216177281853,0.4776524305714719,0.4648475515523116,0.18291353609953193,0.23830357846473235,0.7460781748841995,0.38294275165875513,0.5077745964194671,0.32665960913656966,0.2929380856537064,0.17112176639351642,0.1289154536765785,0.5820364385543624,0.5238534597094124,0.45312098487778385,0.2955526248830809,0.26950083861865126,0.15298590836386025,0.11328445784602009,0.5195277531526957,0.5176266271510215,0.40624329530667563,0.30851708996105415,0.2929955979547211,0.14314927970005273,0.128934978699114,0.5195560335707541,0.4639914103887187,0.3906210548716401,1.0310144840503537,0.7808522715350366,0.7675551447770577,0.2809194227073833,2.155615465855526,0.7444659184240626,1.874696043148143,0.09435512322108015,0.0820321121583056,0.15711064739028455,-0.11326805892209206,0.3085311023110255,1.6650992762964671,0.42179916123311756,0.4871990214957243,0.4882823442818864,0.12274033657375066,0.33213350042979056,0.660155657953666,0.2519305892629504,0.3280221575238755,0.32709231607174083,0.3105384799348351,0.1414445355300423,0.1504036293051661,0.5371125162701899,0.4324300161762877,0.38670888696502376
1295,Merkez,Edirne,2022,0.4231678067541661,0.4023601829609604,0.19987515981357817,0.19929252143900808,0.7069950827307978,0.47233073174135165,0.5077025612917897,0.26589314072904624,0.2382698053684371,0.16295428045373375,0.08981796194342558,0.5038735427695373,0.6128562775517006,0.41405558082611177,0.2452878542476437,0.21680666953173436,0.1491062885177459,0.0800830612563838,0.46286669355901544,0.607882885090623,0.3827836323026316,0.2824789326337533,0.2539296786424833,0.13906456010398266,0.12908177264763016,0.488236235208609,0.4923006427678844,0.3591544625609788,0.7573555889212906,0.5468904940705718,0.6396377088766757,0.1729652589511365,1.6716768182544737,0.8445672260605065,1.498711559303337,0.002847516827363192,0.0038831153440444578,0.18814544438759806,-0.25391344123311266,0.2616577210300151,66.07351450204466,0.5155711622631278,0.47023897635842044,0.4648410459750889,0.13804827543288942,0.3086497212624563,0.6601047039954947,0.2935704660254869,0.3514549827330384,0.28366702003664623,0.26369899874127695,0.14855111579565153,0.11524669323043464,0.4980104917633332,0.523681306964978,0.38276379853289855,0.5184570979086874,0.5351910915351671,0.2550321967783513,0.19924835588716205,0.8476386875674918,0.49190607633125416,0.6483903316803298,0.38488851940122154,0.3867557455092523,0.21999051399753414,0.12111201621582988,0.6757586061753306,0.5715694361052328,0.5546465899595007,0.3553389988234546,0.3535274211719214,0.2061688115523262,0.11132182754852538,0.6308564794174519,0.5802031644006471,0.5195346518689266,0.3869036025721035,0.3711197861092672,0.21711824850558892,0.12892294198600293,0.6835719983725278,0.561168846870912,0.5546490563865248,1.6830155198366015,1.0936498458200308,1.5708353430180282,0.21878163447979632,4.155872463544024,0.9333457264675346,3.937090829064228,0.14082429213552766,0.12107770719281288,0.2507817584188367,-0.1600919261661175,0.4804342076441974,1.7808132007330615,0.640526133810315,0.5341615169684537,0.5429556498263896,0.19096677054622432,0.292989217913888,0.7773369904252982,0.35750754122091194,0.48434777251141026,0.37250035370052653,0.3808616155937251,0.1926438577754006,0.1387094475703999,0.6191184471765514,0.5171642277963515,0.48040899960615147,0.47422144235372243,0.44141963676668694,0.2322897179386359,0.19929528812175804,0.8086283526295657,0.4898338564905521,0.6093330645078077,0.35025777165408595,0.2773318082596892,0.22561727611451518,0.12115132087817006,0.7070445859672609,0.6441463812467079,0.5858932650890909,0.31918710246378496,0.25386440432285967,0.19798389781435313,0.1134485348001798,0.6289184669092746,0.6202753691678894,0.5154699321090948,0.31952109945934776,0.26168597521998566,0.18363725982744034,0.12115254844757319,0.5976624626246406,0.5747265521374567,0.47650991417706745,1.183919770885888,0.7179418006332833,1.0915958442710028,0.21757226021639417,2.9686104536562574,0.9220184265139839,2.751038193439863,0.08228090147928116,0.058565645875940195,0.19509401912741386,-0.15227396152098363,0.35544249925864807,2.3710729418362018,0.5077164607796317,0.5083549722291985,0.47264127028664465,0.13734792683089328,0.3556239711596059,0.7070214549803644,0.2701811417887896,0.35139748382075847,0.3367286557827951,0.29883245532224667,0.1780538122632027,0.13868878394490552,0.603540615287855,0.5287753483566165,0.46485183134294944
1295,Merkez,Edirne,2023,0.45352504325360027,0.41795732996579865,0.2274521390851729,0.19154635505461676,0.7695023543809446,0.5015205719477484,0.5779559993263279,0.2904599226814265,0.24603803088306306,0.18755918524852103,0.08210791117703894,0.5585517516180978,0.6457317192576479,0.4764438404410588,0.26421947150035696,0.22070744725253244,0.17010935617463716,0.08006246502829559,0.5097576992484629,0.6438183953993993,0.4296952342201673,0.3131832339258431,0.27731891587166674,0.16181409721155546,0.12908219242923402,0.5429335095357534,0.5166754783874239,0.41385131710651935,0.9483112666105458,0.6556538919519247,0.8091431197561144,0.16416131752697424,2.0933075320346277,0.8532463424674409,1.9291462145076534,0.002266769122488055,-0.01954568038746171,0.2015815030413571,-0.2539292441106211,0.27735719798777486,88.9289963594073,0.531286442098396,0.48252987804649133,0.47260200130346175,0.15461413901383927,0.29303640587845087,0.6913740043126632,0.3204239696820232,0.3983375984342123,0.3029374500623456,0.27540754688425145,0.1682525678527255,0.11134392139342172,0.5410237622886336,0.5554036578115333,0.42967984089521183,0.5726915964383862,0.6133491101349725,0.28760249557946727,0.20707665611502277,0.9022360790385947,0.502194370177753,0.6951594229235719,0.47578879126320495,0.45706932148446167,0.29752540392652455,0.12113402198190389,0.8554331701223884,0.6253308387879495,0.7342991481404845,0.4304824294697065,0.4120994562454059,0.27102170868154346,0.10743114547393495,0.7753955667770812,0.6295767030849643,0.6679644213031463,0.43461278336165715,0.4257850311602762,0.24831418742005154,0.13677530099826626,0.7382529863391326,0.5713457977452546,0.6014776853408663,2.2942770806657586,1.4363840877322613,2.091512662652745,0.1991200511691683,5.312061022622722,0.9116216521004625,5.112940971453554,0.20276844465317267,0.1991764129331233,0.29105528025858607,-0.1757442177894987,0.5506526068844744,1.4354071747032655,0.726396824673973,0.5672438512971635,0.5820062431157866,0.2111049228703213,0.30080717797269163,0.8162708964470303,0.3721590324647331,0.5154637184743387,0.4224601977601692,0.43945724489355786,0.22970603930016598,0.1347754979188142,0.6933626154253242,0.5437341565383875,0.55858711750651,0.4250842280992065,0.3788907623423976,0.1826801680795076,0.2305270364131424,0.7305178367325845,0.4297505200237012,0.4999908003194421,0.2923234615196985,0.2460756195584162,0.16227829639163044,0.13681164918709593,0.550735871934979,0.5551326450090465,0.41392422274788304,0.27667723801500693,0.2304361471921758,0.14957217754173346,0.1290474154456105,0.5195358232251177,0.5406016722402754,0.3904884077795072,0.2707037516757387,0.23825377539310674,0.1419772868586546,0.12897624286758663,0.5039280818430921,0.524474766159582,0.3749518389755055,0.8038904502574625,0.515476929472167,0.7584176365437099,0.23507360051727824,1.9845986467783845,0.9434340665457724,1.7495250462611063,0.08873618833109748,0.08201291317577296,0.15393365109924603,-0.11320636158420673,0.29294968278528694,1.7347336413062966,0.40615604436949365,0.4882315266124779,0.48824831747598857,0.12792013434332852,0.3164530202149836,0.6680023814390835,0.2620071162361911,0.3515493612240999,0.2995285231104887,0.2636593457312477,0.13809793628138808,0.15823182638549008,0.5293002310371441,0.46105103730120267,0.371068404651654
1295,Merkez,Edirne,2024,0.46966624049929423,0.44141815060772666,0.23226298937776751,0.1993313246496579,0.8007937840764369,0.4945277504528592,0.601462459426779,0.2968217149718081,0.2538592904078341,0.19187909972084138,0.08205402735408833,0.5742066295126361,0.6464456272650602,0.4921526021585478,0.27511699595542105,0.23635906591709935,0.1766583456057498,0.0800741508296152,0.5292859476311229,0.6421208002517405,0.4492117968015077,0.33114826488758736,0.28511681976320485,0.17884309951141925,0.13683563593239478,0.5898106271745426,0.5400695654320578,0.4529749912421478,1.168260981328108,0.7185957390475156,1.0978921021666719,0.21847121425877095,2.843314069302581,0.9397661307823197,2.62484285504381,0.01905499961736957,-0.003935493705417354,0.2226310667869827,-0.2617291181014905,0.3319931091339579,11.683603844528209,0.5937222272354484,0.5035291849320223,0.4882701093387751,0.15423979861896397,0.32428120821374856,0.7148087880847133,0.30631749506195305,0.3905275798709647,0.3132876192440945,0.28712723531257867,0.1728852045617637,0.11524286820166738,0.5605125926006996,0.5518418026824806,0.44526972439903223,0.5461401347364527,0.5819860255958136,0.2634268272583523,0.20712608472925537,0.8553839730050685,0.4823429198908307,0.6482578882758132,0.42219247680114974,0.4179495414987171,0.252061309893021,0.1211367815206837,0.7460581420165588,0.5970293734337205,0.6249213604958751,0.38577754632929934,0.38480398375492497,0.23075589609041164,0.10742738286304464,0.6855247257524384,0.5981579236170439,0.5780973428893937,0.41088550829030357,0.410172172905309,0.2236753968411393,0.1289419024998889,0.6991929538186972,0.5443740222716874,0.5702510513188083,1.8803667381022042,1.2812389268665665,1.6426925849867837,0.22064384093223857,4.343735659791867,0.8736022349792798,4.123091818859629,0.14852308542651257,0.14453436128564678,0.2598358914033337,-0.18357971304519852,0.48041897505777775,1.7494646751861167,0.6639986881029762,0.5540400149949471,0.5742432859337682,0.1882640798933456,0.3086519708953188,0.7850892521449042,0.33980231535273236,0.4764372812495854,0.3948016837210812,0.4160007802388184,0.20604911677949722,0.13480186045765077,0.6464748438188135,0.5219053648339211,0.5116729833611627,0.3630953257192296,0.3320051825416586,0.16734487694676017,0.18360331502023294,0.6054600167554788,0.46088414004030115,0.4218567017352458,0.25509394413569797,0.2148476617884047,0.1281228748377506,0.12931467469644412,0.441341819988572,0.5022576105122873,0.31202714529212794,0.23811248765398813,0.20117581751796787,0.11214283101912075,0.13091375228838642,0.40039330125139166,0.4709657696831108,0.26947954896300524,0.23991416518261133,0.19920385571668903,0.1294483856552307,0.10566991783969856,0.43356745204804403,0.5395612449840163,0.32789753420834544,0.6685863033725923,0.468094233837394,0.5965431846089813,0.16279515460802266,1.5309090906087741,0.8922455958188205,1.3681139360007515,0.014031121248394042,-0.017574165635245057,0.11844264400589001,-0.10739903095382174,0.1816277729505684,8.44142402514315,0.2890268039043901,0.4439450584768576,0.4178953042100311,0.095925199840865,0.34781342117679265,0.5819703959336564,0.2160744849148163,0.23415697475686376,0.2598550655767499,0.2324168296615141,0.11607041491484625,0.13872543918074376,0.4277112060893856,0.44667366655803786,0.28898576690864186
1307,Enez,Edirne,2017,0.28922433414352994,0.2538530379511913,0.1679888897862952,0.152553853798927,0.5116432025562686,0.5808255736287021,0.3590893487573416,0.1752355768665001,0.1523517101458636,0.10758178444643592,0.0666879570734261,0.3241464786184012,0.6139266145047422,0.25745852154497506,0.16355052963188654,0.14651105863374816,0.09893962760966084,0.0645019498602452,0.2988178521760708,0.6049483779254673,0.2343159023158256,0.1744193705079021,0.1601182579099568,0.1257321273225547,0.07442412280178431,0.33201818007765604,0.7208610314119807,0.2575940572758717,0.3752885095230847,0.2653451261059282,0.38093499285050764,0.08017517351870995,0.8589863698440848,1.015045713322261,0.7788111963253749,-0.012299131026008181,-0.050803675327969554,0.16730891811083953,-0.16787984039835574,0.17576894679751692,-13.603312116688741,0.34364878719587266,0.3607334945707889,0.3554702321631743,0.14396495572208937,0.2541300321010729,0.5194918138425763,0.3990895159136332,0.2653617817415034,0.19508506818011134,0.17380705187159404,0.10965599966862531,0.0918381535814617,0.3456788417029452,0.5620932483022532,0.2538406881214835,0.4667161081396707,0.44148274431294016,0.2987508828656295,0.12900062986227942,0.871134068396994,0.6401126459004165,0.7421334385347146,0.3663343579931783,0.33208486717678865,0.2664514286290458,0.06627640297771578,0.7460616946390853,0.7273449044984406,0.6797852916613696,0.3397395135015974,0.3007633863175983,0.2503050739505868,0.06633579434220703,0.6991885046803828,0.7367558497119291,0.6328527103381758,0.3284485412404328,0.2852537434397405,0.23805993530268066,0.06661244492902968,0.6758104280604771,0.7248013171366611,0.6091979831314474,1.4218412003321,0.718513987012596,1.5676689553093228,0.09732539416193102,3.9690892954843235,1.102562617360618,3.8717639013223923,0.08925147495177344,0.04305653764354731,0.24063642985202863,-0.1756282204196253,0.44135204608692347,2.6961619399797625,0.6169802665065488,0.4947367603390129,0.4804895964522954,0.21673761336678704,0.23056601743056224,0.7929489270607114,0.43808673771940854,0.5623829096301491,0.3424290762151584,0.3223169403106272,0.2284581237775669,0.08395628083902461,0.6581865357964193,0.6671691735488603,0.5742302549573947,0.4170440761538898,0.38665488526996805,0.17449316430497436,0.2148961315786217,0.675825156584489,0.4184046106450057,0.46092902500586735,0.2860211558493003,0.23828105470845762,0.17010905396743395,0.11334230066239885,0.5350991342427356,0.5947429079583942,0.4217568335803367,0.26501887761972276,0.22462576686430427,0.15323794858681677,0.10746797480989892,0.4902900762607447,0.578215219848221,0.38282210145084583,0.2451951807309883,0.22069187617417568,0.13779871502115687,0.0918502616990496,0.44728101001290077,0.5619960172559034,0.3554307483138512,0.7346260603600077,0.5153552974016542,0.627309587370141,0.2034471647944876,1.609468874233423,0.8539168717520371,1.4060217094389356,0.06698331609337863,0.03507291916983962,0.16201001544155808,-0.12098970593334366,0.308553896767263,2.418662211582758,0.42954360270060665,0.4525119864445071,0.45504433500495944,0.1258551674329901,0.29105714216033923,0.6191255549642658,0.27812559932801717,0.32806841280392657,0.2895591203630301,0.25978728818832086,0.1363867249422484,0.1386436604092255,0.494186327498885,0.4710151238588366,0.35554266708965954
1307,Enez,Edirne,2018,0.4395156729828541,0.5194899469292117,0.32812647014616925,0.12128728655059497,0.7851496867691399,0.7465637525944832,0.6638624002185449,0.30923136507660093,0.3321386044968777,0.22319511422466384,0.05111920708434401,0.5897374854681682,0.7217738542446214,0.5386182783838241,0.2867482398908725,0.3085191187391448,0.20618984765615284,0.05096249489490575,0.5429850533708256,0.7190622956731044,0.49202255847591986,0.2626230848268103,0.30860565428364206,0.2542964049985584,0.019593934251458587,0.53519732574095,0.9682941816263295,0.5156033914894914,0.9877477233844697,0.8596323659283799,0.9312019635900303,0.04730545410943585,2.2338120263597743,0.9427528320686095,2.1865065722503383,0.2162003099241142,0.22268471314254307,0.22635216832521493,-0.06639096865945558,0.44918730317883193,1.0469557994836547,0.5155782718382875,0.44212648319694814,0.5274500556344728,0.2937368815347937,0.19935289603992573,0.7070135084649907,0.6643729627115477,0.5076606124250649,0.3101445212548367,0.35554557245786456,0.21880211906500738,0.07463126994729481,0.566404372560446,0.7054843921786517,0.49177310261315116,0.4546618907836811,0.47268880980622885,0.26113413926336243,0.15255071112786092,0.7851600338199238,0.5743479815589048,0.6326093226920629,0.3405228107305831,0.35554949949027415,0.2171596378960705,0.0822983968987924,0.6209612015048317,0.6377242024701957,0.5386628046060393,0.3194502097080016,0.33395724766491053,0.20561237697560006,0.08012721775289107,0.5878849057938197,0.6436445202635592,0.5077576880409286,0.305536795204939,0.3085623394059698,0.20529396500864905,0.08224262927994036,0.5742573717823178,0.6719124119599016,0.4920147425023775,1.072550854273196,0.7969901690765699,0.9830089597794411,0.14231899519494312,2.5158375710878422,0.9165150126569689,2.373518575892899,0.13132651353972075,0.14459493091917122,0.20718073539544554,-0.13666197303434696,0.4022856994377639,1.5776002104310953,0.5389476724721108,0.4793653287850729,0.5117887270660014,0.204226899863769,0.2540876834835664,0.722618117118334,0.4260360263879987,0.4685304336347676,0.3315957680453746,0.353527929443651,0.19664062785423853,0.09971489162805104,0.5800593804115767,0.5930130803941104,0.48034448878352565,0.32263660257619053,0.2772818905739481,0.14209142128484661,0.18369131190944868,0.5351606594576814,0.4404070094659882,0.3514693475482328,0.22450161354255915,0.18555421327999105,0.11558688953223012,0.11529487272515072,0.3964665308023414,0.514859950039148,0.2811716580771907,0.20515326354455593,0.16989564104492502,0.10314746151438753,0.10747859195517245,0.3573791266558916,0.5027824550886835,0.24990053470071916,0.19264136327774653,0.16208866235249828,0.10785749329913638,0.084028523111405,0.35351365568140775,0.5598875104700622,0.26948513257000273,0.4910204982887392,0.32760209789339034,0.41581639650856217,0.1421540839434132,1.0781366938671704,0.8468412173376231,0.9359826099237571,0.01889634652158892,-0.02540993275540267,0.15190671222942403,-0.1386229122806914,0.2753996358141657,8.03894615585462,0.4140225480948571,0.39311984727502086,0.3867049605830075,0.10106342762240679,0.2696959732693161,0.519574618676335,0.25708045096920357,0.24987864540701893,0.22771027631691623,0.19334762011352705,0.1023727997079084,0.12699461506463805,0.38078548966763337,0.44957479022787206,0.2537908746029953
1307,Enez,Edirne,2019,0.40929974144914244,0.41008684223594216,0.21419694737675643,0.16025586942038253,0.6992043577182849,0.5233253913583805,0.5389484882979024,0.2782191739973488,0.2617331252703128,0.16544374538159706,0.08207207826645199,0.5115427726933918,0.5946525647552012,0.42947069442693975,0.2550385900733656,0.24029720695024523,0.15268247164522392,0.07615465740640827,0.4668121841665583,0.5986641927455079,0.39065752676015003,0.26110795614307253,0.253945624781667,0.15431388114714537,0.08987009617158066,0.4648058495339814,0.5909964729783646,0.37493575336240076,0.7287559565025354,0.5782244705265627,0.6407182757084107,0.10948469545631374,1.5782753122148279,0.8791945643687943,1.468790616758514,0.06463001608012092,0.05074545414364441,0.1543981267660555,-0.12098447307947001,0.277378770430941,2.3889538658732548,0.398363243510411,0.4440454906758641,0.45701052779912077,0.16854010737970504,0.25401364403546184,0.644448149426763,0.3795559484754069,0.39043450539130115,0.28422068372305553,0.2792901746288366,0.15318516176983413,0.10354353912913813,0.49413759823955267,0.5389655663452617,0.39059405911041456,0.498817459979287,0.5586044012276657,0.2753848275410574,0.1445498741147171,0.8320077588280048,0.5520753574914811,0.6874578847132877,0.35989872149027624,0.4024400931190802,0.22624881777055594,0.07412406495964677,0.6445596324937214,0.6286457946660662,0.5704355675340747,0.33262773341948165,0.3691431780225336,0.20992097556480807,0.06835226399469328,0.5996308320121301,0.6310988365485258,0.5312785680174368,0.34615672904794226,0.36325856072234586,0.21743798925441427,0.07406237799360958,0.6289034341798097,0.6281489597282952,0.5548410561862,1.366305515438337,1.0465057535308087,1.248792981608699,0.10835096103190484,3.2030329553951287,0.913992491063071,3.0946819943632238,0.13722892302209797,0.15822246961458808,0.23153158954201938,-0.1581992111080681,0.43556150957101286,1.687192353063471,0.5937607206790809,0.5100623624798248,0.5586497785611375,0.19801659246228695,0.24615732892966544,0.746020304485962,0.3882203570158921,0.49986297555629655,0.3536815228873695,0.40042160952369804,0.2038576195545147,0.09174248931000564,0.6035132974071445,0.576387530482992,0.5117708080971389,0.3405376512339393,0.29290492312160343,0.15057174485110092,0.19149470729183232,0.5665145569816805,0.4421588752535988,0.3750198496898482,0.22980529026254085,0.1855244252612135,0.12435994996336078,0.1191480205442068,0.4082183155229069,0.5411535557831844,0.28907029497870007,0.20709383671873863,0.1698914689160891,0.10867775868328565,0.11135692085007418,0.36124330442518626,0.5247754370927258,0.2498863835751121,0.20328684625028798,0.16990317907288155,0.10984337533275126,0.09967627306348689,0.3612716930356655,0.5403368558215097,0.2615954199721786,0.5551972221463922,0.39030218739356504,0.48238757936852267,0.20404695871917355,1.1405611800155637,0.868858056428331,0.9365142212963902,-0.009121761751729957,-0.06446779045488381,0.16842365303528417,-0.17770304302955273,0.2831266349919717,-18.463939052490858,0.4608296780215244,0.40005433391138984,0.38668312041275554,0.09768048413933964,0.29307055403729576,0.5273125420822551,0.24416804383620402,0.23424198804495933,0.23470563986352305,0.20113116907312378,0.10737238074237028,0.13478341825758725,0.3964911674436253,0.45747678157544625,0.261707749186038
1307,Enez,Edirne,2020,0.49163022967216236,0.5195369298492154,0.2638886723747617,0.16808458793500997,0.8320492831218766,0.5367625024822673,0.6639646951868667,0.35027007368737684,0.3456476644195264,0.22580858854730695,0.08401898474664786,0.6542889058868294,0.6446699433102175,0.5702699211401816,0.3227636251219299,0.3184205243845751,0.20885244889403842,0.0800764607485829,0.6035389019849859,0.6470755458120182,0.5234624412364031,0.3423198891886481,0.3399118777699562,0.20652424177991338,0.09769861057467652,0.6211058743111789,0.60330774898709,0.5234072637365024,1.2784266803490765,0.9067734817159855,1.197362616500798,0.15443057526719714,3.030063228116831,0.9365907602725063,2.875632652849634,0.13052561728068388,0.12107081839020936,0.21493476168619566,-0.14456083732391234,0.4179500398871952,1.6466864218998278,0.5625108772111076,0.5153762414544495,0.5429077290159263,0.1920800527570223,0.277342885802998,0.7539109873940768,0.3726986952579554,0.4765681015910788,0.34503371310189634,0.3574727451647272,0.19807146028925937,0.10744918927263379,0.603502745571919,0.5740640777058338,0.49605355629928516,0.5047765921389008,0.5507865674866056,0.2873906205885929,0.15228844399040503,0.855440903000748,0.5693422101267144,0.7031524590103431,0.3833801797189688,0.3965039142598031,0.25419430753880207,0.08407417772139114,0.7206489917119264,0.663034556781562,0.6365748139905353,0.353959033339007,0.36518913887326837,0.2366258054125129,0.07623021929612463,0.6660254739594044,0.6685118421201097,0.5897952546632798,0.3525717345955367,0.36123788988460664,0.22586323385525106,0.08010563453870188,0.6503886745971941,0.6406163957367623,0.5702830400584922,1.4267899277051055,1.0155431570776974,1.3376522592030877,0.10983494593372402,3.484062311957453,0.9375257234641475,3.374227366023729,0.16168108100936276,0.16992317013915717,0.22968079027218827,-0.13084848869193846,0.45901415633558695,1.4205792591087867,0.5898626450275254,0.5118663319543506,0.5508750531250828,0.21036733750697825,0.2461119461005838,0.7695289337206527,0.4109810010433335,0.5234169876200689,0.36486404069854317,0.39644362457488447,0.21938065174836835,0.09966394747235446,0.6426038968570437,0.6012668481343283,0.5429399493846891,0.35982146387438363,0.2949088563811493,0.17644309858612006,0.18556206416349594,0.6503365586760322,0.49036290577628705,0.4647744945125363,0.24217730790024802,0.17379671622825807,0.16139480897487488,0.10358798123702212,0.5098306310190789,0.6664324183558635,0.40624264978205676,0.22043488893854604,0.16208972739012173,0.14263037218910085,0.09574866916553351,0.45505927401008234,0.6470408240542361,0.3593106048445488,0.21793153503153617,0.1698702878309256,0.1370646765713499,0.08790079781686241,0.44719576175412956,0.6289345713621286,0.3592949639372671,0.6349800739730677,0.35884183114571067,0.6219479618124641,0.1730105592891149,1.609129466248064,0.9794763446999815,1.436118906958949,0.01034363523335104,-0.050844263535423144,0.19341088725898847,-0.19916896536557077,0.3007465103314914,18.698540976713165,0.4999154756970622,0.41252599535781964,0.39647703733081213,0.12339011447853283,0.2715333469119541,0.5995376896001235,0.2991087007050449,0.32800434268816947,0.24720808169810143,0.19723588732326383,0.13386600789359657,0.12307935588629525,0.4707290290895287,0.5415114545368226,0.3476496732032334
1307,Enez,Edirne,2021,0.33424367195802285,0.3710428760773289,0.2810977648384462,0.08196851793453007,0.6446006496693417,0.8409965196700832,0.5626321317348116,0.25760202376944463,0.2617766333270881,0.19006223747277085,0.02707719245147549,0.5038481156107738,0.7378134484023996,0.4767709231592983,0.23585868021575615,0.23634271588068867,0.17311060378226875,0.021419728911033806,0.46291158679594274,0.7339590114890517,0.4414918578849089,0.1950154711158326,0.23050799096932853,0.21338560525330427,-0.027669619074572202,0.41010854347048975,1.0941983424820714,0.43777816254506197,0.5249846394943725,0.4842298873948775,0.5573317880762363,-0.07832269173195991,1.2030539570028285,1.0616154190968679,1.2813766487347884,0.11663903109300983,0.0897863357601565,0.22334278161044752,-0.12885736549012575,0.38684262154005705,1.9148202751474368,0.5156999870301828,0.3701613416089262,0.43367088835935674,0.2682150952638512,0.11354170975402995,0.6132281479913307,0.7245896994484616,0.4996864382373008,0.2486983749188104,0.2676144331516372,0.18456690133121118,0.03689835251383539,0.47072187169715873,0.7421315132898015,0.43382351918332335,0.4955775100135748,0.5273567566781674,0.28829868687305454,0.13660300832168523,0.8632873014896826,0.5817428778500411,0.7266842931679973,0.37879559157039955,0.3867796794209483,0.25160436101740963,0.07421323070849417,0.7147733450893703,0.6642219883666431,0.6405601143808761,0.349174976472402,0.36336577065513825,0.23304463147853743,0.06635421021215152,0.6601059316017964,0.6674150416874354,0.5937517213896449,0.35164415896432494,0.34772193057681344,0.2332989802473609,0.07416021376893615,0.6757934390773409,0.6634518853789054,0.6016332253084048,1.501750246241132,0.9690777160187897,1.524898023238107,0.09693588632085415,3.9064022690860565,1.015413865957348,3.809466382765202,0.14561196574533797,0.12893864152267537,0.24608031137055997,-0.1522970358789779,0.48830536486378584,1.689973142735618,0.6406024007427638,0.510717690432056,0.5430035322004314,0.21135866784344462,0.23836537234211796,0.7773683895184165,0.41384638089320896,0.5390030171762985,0.3593338802745455,0.38483093018484443,0.21822166289832642,0.0878526132829174,0.6386820687965422,0.6072949835167124,0.5508294555136248,0.3866138013022035,0.36332166732814747,0.15184794017916847,0.1992497599946007,0.6054652950691303,0.39276388909994925,0.40621553507452957,0.25826300802688656,0.23043325851274135,0.1282837335234878,0.11335845306957365,0.4335881334121026,0.4967174141723493,0.32022968034252897,0.236367236541024,0.21679845799391648,0.11622652974687453,0.10351330250664166,0.39647451468189915,0.4917201362072116,0.2929612121752575,0.22740889562260055,0.2148203187029147,0.11887876633678561,0.08204612199832151,0.39454364560453303,0.5227533690417829,0.3124975236062115,0.6308705900091506,0.5155630269235506,0.4814204336629622,0.1721811168978324,1.2340375637827943,0.7631048923297873,1.0618564468849618,0.07214278479709495,0.0507388765516171,0.16778749727470688,-0.1288920184948928,0.31637132972635895,2.3257696212672867,0.44526334822125174,0.42273307498682444,0.42583635477147935,0.12064786568058311,0.26175300457594064,0.574212353658362,0.2853996358916165,0.31245934908242134,0.2659757603935278,0.24804337066618729,0.11287402022974438,0.13088580159317945,0.42769144718628466,0.42437709384772576,0.2968056455931052
1307,Enez,Edirne,2022,0.288941499232318,0.31646465204921675,0.25941344213783984,0.12136505184516405,0.56632330685337,0.8978061054817997,0.4449582550082059,0.2095244732875483,0.20505436510062047,0.15175021000912586,0.052889078530806335,0.40433670206825684,0.7242600715233208,0.3514476235374505,0.195245992298616,0.18946826501525338,0.14018643082118742,0.04892433833955966,0.37692843037051715,0.717999018421753,0.3280040920309575,0.1630824731624372,0.19142008981618225,0.19852473245918126,0.05105505351054439,0.3475884041773278,1.2173272124800438,0.2965333506667834,0.38943572025561496,0.3516014764223338,0.4322036183442795,0.03972164870275313,0.9138884973982254,1.1098201727889596,0.8741668486954723,0.09354960329465391,0.0507664793663185,0.2210257725535302,-0.11322889585387069,0.31623403497990726,2.3626585765132924,0.42946293083377796,0.3447645445094858,0.3945617345238197,0.26681696586482884,0.1760243780609041,0.5742111561510992,0.773910688073923,0.3981867780901951,0.21388792714914012,0.22064212393782173,0.1579970694638965,0.06832841558816398,0.40421631030118305,0.7386909189770586,0.33588789471301905,0.42540189476853674,0.41015839467489806,0.25136565992038273,0.12877863193242084,0.7695464481793124,0.5908898456062402,0.6407678162468915,0.31527591348957196,0.3165192022377031,0.2045776022058746,0.07430768128384654,0.5897963838130711,0.6488843373461233,0.5154887025292245,0.29140536434039466,0.2909997054315254,0.19175252447179336,0.06833938477195262,0.5527441720779419,0.6580267487725606,0.4844047873059893,0.29295351138334913,0.269527032463003,0.1973875693661752,0.06629277563781102,0.5819505624105091,0.6737846166584446,0.5156577867726981,1.014472350213892,0.640616631752309,1.034903919513954,0.11003572667707602,2.5780151274634546,1.02014009479485,2.4679794007863785,0.084121177772527,0.0644617922864701,0.21192820195611606,-0.1581811506328136,0.388732762846235,2.5193204323552556,0.5469139134790486,0.460127526351106,0.46490626351362996,0.1890331942041585,0.2226211490056351,0.7147993675009894,0.4108278322386529,0.49217821849535426,0.30775411263484753,0.30666964934997454,0.18722002619058087,0.08787436646772573,0.5605567471553167,0.6083428896780293,0.47268238068759094,0.3522942311742465,0.30859613612841763,0.1517982208686569,0.1915141454745483,0.5820457104919381,0.43088477595188535,0.39053156501738984,0.23363711892625738,0.1991538193260805,0.11357811496314453,0.129148568187738,0.4023126282854778,0.48613043802767086,0.2731640600977398,0.2160613315485593,0.18553899221703296,0.1015691531453397,0.11920955769589166,0.36126380344204506,0.4700940812378186,0.24205424574615342,0.208641683075019,0.17571509171303507,0.10615929967006807,0.10565822063824214,0.36318896699915754,0.5088115572375704,0.2575307463609154,0.545201881116776,0.3903652519819964,0.43266173248943846,0.17321405355197875,1.1401754577162504,0.793580777093407,0.9669614041642717,0.02845358208802343,-0.003915497068151437,0.14784409055800465,-0.13659456936169195,0.27734865999178104,5.195974626345363,0.413943229353473,0.4152506918156974,0.41016098908905657,0.09352374477206021,0.30079354367393807,0.5351919075278107,0.22522236955975808,0.23439836385387258,0.24397813291616913,0.21284677246750133,0.10397450311796448,0.13872582127507374,0.40038193388423565,0.42616320518236817,0.2616561126091619
1307,Enez,Edirne,2023,0.4060635697239996,0.355491979803537,0.24115543061857292,0.14463856061277316,0.7537886267406987,0.5938859050628099,0.6091500661279255,0.2906296193173744,0.2461301165906925,0.20234684604878855,0.07441682227325044,0.5899429995094297,0.6962361459374209,0.5155261772361793,0.2654888090455553,0.22454949398606888,0.18511399330979336,0.0684179464238281,0.5371278327063697,0.6972572364736837,0.46870988628254157,0.2668942078575173,0.23042230245620846,0.1731944496090317,0.08215762711092203,0.5195079929644479,0.6489254712544843,0.43735036585352594,0.7974559824021741,0.46825170675027744,0.8062429375213653,0.09967151413811208,1.9681454155049747,1.0110187337145837,1.8684739013668625,0.0477957561542014,0.019534398151333402,0.19199440222846922,-0.16787544894781203,0.32420098474320447,4.016975934203152,0.4920764336910165,0.4484301027058395,0.4335927265805649,0.1731924040644916,0.2540094793678755,0.6835369286023232,0.38621939744777145,0.4295274492344477,0.2863173823662687,0.2520003250177184,0.1787434152747308,0.09183828901083446,0.5449144614809098,0.6242841904934541,0.45307617247007537,0.5170222174979456,0.5742092664262184,0.29348185641224156,0.1366294075783652,0.8710734904693783,0.5676387715647978,0.7344440828910132,0.3980060557112819,0.4258748042930791,0.25755487299645435,0.08207181355101141,0.7303846023874581,0.6471129504202509,0.6483127888364466,0.36134559092020785,0.38476529850648067,0.23573052868346042,0.07224927471019355,0.665998107158522,0.652368631600418,0.5937488324483284,0.37330802700649335,0.3788713804875689,0.24286357092028701,0.07412696372059854,0.6913648188804271,0.6505715209709718,0.6172378551598285,1.7014671287999403,1.0937361874403237,1.6758281977236695,0.0943206640269692,4.280661308057586,0.9849312803977858,4.186340644030617,0.17559949154534898,0.17570719761856254,0.2647703456286428,-0.15237105717152816,0.5194703909709306,1.5078081564960868,0.6718414481424588,0.5192720730364303,0.5586241469059431,0.216135354663325,0.23826657982509633,0.7851144703108651,0.4162275729551158,0.5468478904857688,0.3729316648846507,0.4159540280731425,0.22080181419307468,0.09180851002283832,0.6425355821537702,0.5920704380556411,0.5507270721309319,0.28609400937653606,0.25389418180003537,0.1279789242773503,0.16025739011266987,0.4570128505580752,0.4473317164391016,0.29675546044540535,0.18254362880849345,0.16012697121299338,0.10349961408789554,0.08998711574655929,0.31638542108430706,0.5669856283862802,0.22639830533774777,0.1669164051693696,0.14255408649728454,0.09386502190127335,0.080140910089754,0.28711247329586537,0.5623474924830114,0.20697156320611138,0.16117601493091924,0.1444749091024623,0.10253220228075112,0.05871145273218562,0.28509190191606837,0.6361504987246203,0.22638044918388275,0.38214412619480653,0.29648488447550936,0.36004540291602194,0.11086930040210224,0.76521580442234,0.9421717572926418,0.6543465040202379,0.009605604435887729,-0.043022884995549515,0.17249422489710758,-0.16010302381013122,0.2930265685378755,17.95766482457343,0.45312959234800676,0.36063504049135237,0.3632468030960865,0.11159657509033963,0.22274383394058192,0.49600783851237956,0.30944462562010966,0.27326400457179767,0.19395660590190578,0.16992397156429326,0.09414580177666268,0.1035630729710062,0.3183368880603508,0.48539621189431026,0.21477381508934462
1307,Enez,Edirne,2024,0.4661702593755382,0.4335658000074215,0.2614858719254892,0.1758075752614654,0.8320667647336675,0.5609235395577671,0.6562591894722021,0.335382068463157,0.28516471295301776,0.2255845571812646,0.08211491816804445,0.6679572660312336,0.672619613251762,0.5858423478631891,0.3102659303426758,0.26168885906670325,0.20957289573539492,0.0821725182671811,0.6211021896720037,0.6754621608113092,0.5389296714048226,0.3089507783135509,0.2695470366125364,0.20994029831652392,0.09771589637120627,0.62106274266904,0.6795266853267407,0.5233468462978338,1.148404986235823,0.6555699403087373,1.2069685591327894,0.156761563579979,3.0931070594470165,1.0509955752533982,2.9363454958670374,0.13563389775883322,0.0976366171344915,0.21303990989590318,-0.11324470490012832,0.44920836580403933,1.5706981323702973,0.5624530707041676,0.4810084272381217,0.4726578825661253,0.20362898272898503,0.2774464739465005,0.7460245341768762,0.42333766145884827,0.4685780602303757,0.32938970379931154,0.29881465722048073,0.19565670091688953,0.10746254482728863,0.6113489265863792,0.5939976224517873,0.5038863817590905,0.48603636940725276,0.4883770092188963,0.2856555842276208,0.14460011947566526,0.8553843168341688,0.5877247099347586,0.7107841973585036,0.37149682250659943,0.35553197697411415,0.2546207120165868,0.0821878838872538,0.7147217640447469,0.6853913589316464,0.632533880157493,0.34294916175023005,0.3320650325299658,0.23587556520700367,0.07436722643340428,0.6601513739630592,0.687785804762491,0.5857841475296549,0.34808226241359175,0.3243875116462808,0.23409132623078807,0.08203258162500861,0.675829439956971,0.6725172509728189,0.5937968583319624,1.4879837514093555,0.843883503153337,1.5294430284988172,0.09559049441992529,3.9054504057625996,1.027862721652836,3.8098599113426745,0.13668256610531423,0.11523749297496994,0.2544731450425903,-0.16597713678209977,0.49023776396005575,1.8617820274644108,0.6562149007421555,0.5057916331233566,0.5116756994931106,0.21335046894420495,0.23822301317475306,0.7773469748028284,0.42181494309569034,0.5391239616280754,0.3521659553357215,0.35350961203336145,0.21816329648393076,0.09570025651665441,0.6347260939752208,0.6194900250251466,0.5390258374585665,0.3467709874849661,0.3006639041662527,0.1519210499949899,0.19151430009881365,0.5742778160658298,0.43810196203791785,0.3827635159670162,0.24023025490305946,0.20116552298569904,0.11187606312320261,0.13481462104521952,0.4042927821770479,0.46570346923349915,0.2694781611318284,0.22710330912826163,0.19333570716820733,0.10194095776883298,0.13095061187301096,0.37693824691195676,0.4488748233574156,0.2459876350389458,0.21215083627033585,0.17578513369542997,0.1136436129370814,0.10571375849886878,0.3866622641968057,0.5356736505731686,0.28094850569793695,0.5443081087459846,0.3589033094192121,0.4666938731203801,0.17235109964619377,1.2338736737844354,0.8574075337506589,1.0615225741382415,0.04514524256278049,0.009745706793424345,0.13236839918936827,-0.09566581756077928,0.2637309031347996,2.932056439951393,0.3593967206955789,0.42742632315807855,0.4101031718970699,0.09675788838361378,0.3165003741934444,0.5664197411526583,0.22637325578993184,0.24991936695921385,0.24811336456789027,0.2128838553038966,0.10521654217417763,0.1426497218939644,0.4081797834812292,0.42406640350640057,0.2655300615872648
1385,Havsa,Edirne,2017,0.3960458549757466,0.3867194649405179,0.16338147360917316,0.2070666570516123,0.6210652079521517,0.41253170953948864,0.4139985509005394,0.2289736780449518,0.21487851692226884,0.1169906515372064,0.08993978371954112,0.3867105414136824,0.5109349359983594,0.2967707576941413,0.21588661421925068,0.20508408833807495,0.10880532654984154,0.08789209968719745,0.36518684488512876,0.5039929267654397,0.2772947451979313,0.2621683075590093,0.2460850691458884,0.11601001489332403,0.1290636029985534,0.42571753317397615,0.4425020551624544,0.29665393017542274,0.6436534053330268,0.5154315963777293,0.47925476949184437,0.1728787417154193,1.296851958637347,0.7445851533153585,1.1239732169219276,-0.030746264099039487,-0.02732780590701647,0.14277108290464108,-0.23043973040155558,0.15232094159010795,-4.643526200280744,0.3827606719916635,0.45445017319747005,0.44929674012614784,0.10189124038477712,0.3320700345390654,0.5897752923447492,0.2242077270383233,0.2577052578056838,0.25981947423808105,0.25193269019133635,0.1153381409376915,0.12306173993231312,0.4199072279852267,0.4439164588255744,0.2968454880529136,0.5630116978096887,0.6445347687982814,0.2760659081565755,0.19149754470040814,0.8710550924532863,0.4903377837983969,0.6795575477528781,0.4475011654591559,0.4961316638648028,0.24925973626658984,0.12116003748409843,0.7538589744895796,0.5570035465959924,0.6326989370054812,0.4186289326843565,0.4648980377897971,0.23840773131758944,0.11330665072352938,0.7069993812795601,0.569496546234532,0.5936927305560307,0.4125784390859536,0.449296898232507,0.2223885771869778,0.12122653029986816,0.6835657814581467,0.5390213256894091,0.5623392511582785,1.8560326670194984,1.5312323556742216,1.553319820032712,0.21748002253883317,4.093615381354995,0.8369032763454016,3.8761353588161622,0.1548143154230144,0.1914068191078026,0.2497966260746459,-0.1836218948869589,0.4570154310778992,1.6135240813622562,0.6406373259648581,0.570412826156922,0.6211455423174049,0.19289882160040264,0.3086546755242691,0.7928770742494169,0.3381740605309175,0.4842223987251478,0.4160317090701129,0.47464397051657653,0.2128967402387174,0.13476327052281925,0.6621010167990776,0.5117320040690417,0.5273377462762584,0.4892988900433938,0.4570230103853254,0.18914519796585155,0.26174414126547874,0.7773348668450729,0.3865637176268213,0.5155907255795942,0.3491355756582719,0.2929795980347207,0.18951248433804568,0.1445758665955043,0.6366947922526882,0.542804851613109,0.4921189256571839,0.32960975045456004,0.2851275283876057,0.17108220303519908,0.14456863311522303,0.5898458067601233,0.5190447272851064,0.44527717364490027,0.31017677026142876,0.2851054162690523,0.13872939810563298,0.15241671554476377,0.5194947914539855,0.44725914835178204,0.3670780759092217,1.0062289765202568,0.7183245302588526,0.7648227682492155,0.282644009352576,2.1559235125842964,0.7600881967185315,1.8732795032317204,0.06796157802384106,0.04883391321040161,0.14703779854187238,-0.11134113289524616,0.28319795959004324,2.163543031480099,0.3945390924852894,0.5329575429919455,0.5273296940012476,0.10362404652957932,0.41025063780522786,0.6757159248730048,0.19443208543001214,0.26546528706777694,0.3485498521090302,0.31443826619619664,0.14947802411549244,0.17384589679410942,0.5761964379406121,0.42885694316328116,0.4023505411465027
1385,Havsa,Edirne,2018,0.5320548177994748,0.5742050800702855,0.21536205069107914,0.2226477323934432,0.792918801940491,0.4047741764312837,0.5702710695470479,0.3278309373570613,0.33988457284952883,0.15938339202091342,0.11330511009780161,0.5273268603243079,0.4861755675222285,0.4140217502265062,0.318219956313916,0.33205668249185555,0.15661554532300725,0.10551097805915721,0.5194027089896941,0.49216129351897075,0.4138917309305369,0.3269635725537284,0.339873812812386,0.15738286148601965,0.12115119990656815,0.5273025798683916,0.4813467759016417,0.40615137996182343,1.1255552287872301,0.9845176155597797,0.7959634474100076,0.23432967444727829,2.2341894786419387,0.707174048018636,1.9998598041946605,0.14862148755376914,0.1757948309035483,0.1797072032220764,-0.10542782182524928,0.36319060335743164,1.2091603050135054,0.46861842518268093,0.5443638486520962,0.5742338553853265,0.14782548805704832,0.339886573355743,0.7148080564234922,0.271556401886496,0.3749214830677492,0.359545354447781,0.3867265150720189,0.15599941763427108,0.1367329903013821,0.5507270899638759,0.4338796641493746,0.4139940996624938,0.5060110723917007,0.5664704452275711,0.2113231723088805,0.20703106483883094,0.7538548393834593,0.4176255893177299,0.5468237745446284,0.35826675727475077,0.39456122127518106,0.16804320570228998,0.1211735813686778,0.5585272045989194,0.4690449289254585,0.4373536232302416,0.3428187747271239,0.38087647805581826,0.16270357653980536,0.11914142919733764,0.540977413058906,0.4746052099081031,0.4218359838615684,0.3501669385967122,0.3789658203691352,0.1602148547476837,0.12898043539020615,0.5507200350077671,0.45753849689448667,0.42173959961756097,1.162134709746734,1.1095510671894875,0.8080134607074565,0.23432876686981072,2.2343778396274354,0.695283820309909,2.0000490727576246,0.10096239118573842,0.13871445192555165,0.20142236353517765,-0.18944069014699996,0.34566541035491966,1.9950237030799427,0.5351061005019196,0.5351307317314254,0.5820686224591116,0.14714692670251814,0.3242754348377137,0.7069442731956427,0.2749737923412126,0.382668838357929,0.3635961228216936,0.40824333827556114,0.1569744102101651,0.1425688146979441,0.5488119835584623,0.4317274039996979,0.40624316886051814,0.3343494533691024,0.30078717625593676,0.1270735307093033,0.19932940368254834,0.5194670668055489,0.38006202620891233,0.3201376631230005,0.23279592986021905,0.19918023521034312,0.10713012057750251,0.12903273701035978,0.38664177049955606,0.4601889759920982,0.2576090334891963,0.2146327731766775,0.18554215505425642,0.0927560568358581,0.12308208557165996,0.3456983335365207,0.4321616660075712,0.22261624796486074,0.21307287409976572,0.19136307287350313,0.0923276946906358,0.12120464668196967,0.3475969314392036,0.4333151044248167,0.22639228475723394,0.5310597561555955,0.42161471793066524,0.3769442855813207,0.2040028190412264,1.0152617358234872,0.709796367004092,0.8112589167822608,-0.06537227683750457,-0.08790940352034955,0.10075424124487135,-0.16597571987496298,0.06834626539008966,-1.5412380617446673,0.23432198526505266,0.42206296726991555,0.41009724818090854,0.07296158960576037,0.3399627273524662,0.5194136540895736,0.1728689680540021,0.17945092673710744,0.23829511603208864,0.21289814404922083,0.09248015609983358,0.14261048664336431,0.3730177561315528,0.38809085825905165,0.2304072694881885
1385,Havsa,Edirne,2019,0.41081728148713303,0.3945567359888774,0.17267797424692524,0.20710170033225506,0.6522919494647657,0.420327921994522,0.4451902491325106,0.2629324881554782,0.23826782339704733,0.1389699525235323,0.10560145023287648,0.45698888833334667,0.5285385366351384,0.3513874381004702,0.24205955012792554,0.22265273902804514,0.12782295024099347,0.09776977256085154,0.4179331766213151,0.5280640659434448,0.3201634040604635,0.27283966598526727,0.2538937624972503,0.1221976443021927,0.1368312238317803,0.4413549569436019,0.4478734565991995,0.30452373311182157,0.7113873121840645,0.5781520652461413,0.5381868337861213,0.20346962407577487,1.4529833263529066,0.7565313923491381,1.2495137022771317,-0.037733468616255005,-0.05076067273908876,0.1571767513247025,-0.23046507653936632,0.17580049067684142,-4.165446673433916,0.40626556721620777,0.4655835653361113,0.4570715613006961,0.1178843423110903,0.3242829546636492,0.628828802679007,0.2531969577276379,0.3045458480153578,0.2779344247061357,0.2636884053607097,0.126456201662599,0.13088356913544988,0.4550942156740376,0.45498574635474914,0.3242106465385878,0.5426370402591543,0.5977156649637566,0.2467764230908854,0.22267887662661137,0.8320439293933681,0.4547725363035099,0.6093650527667568,0.39886147670936195,0.4258129310357217,0.20979253629343425,0.13674918574849165,0.660087306982338,0.5259784374872172,0.5233381212338464,0.3658837627760747,0.3925813581918994,0.19523036578545222,0.12306865993728569,0.6113185417799664,0.5335857604179488,0.4882498818426807,0.39684870019676965,0.4023878951953076,0.2046900058676749,0.14460545046346454,0.6601397601023442,0.5157885253654185,0.5155343096388797,1.684930802795082,1.2969158376447159,1.393308966694384,0.26583873719955936,3.7969017834509824,0.8269235534082854,3.531063046251423,0.14437257587746308,0.15233985294135957,0.23606646575769455,-0.1601105095221281,0.4491817585450696,1.6351198579296466,0.6092922680671977,0.5514870385379531,0.574176493179918,0.17437110921402843,0.3242937356242845,0.7616922817392355,0.31618351299117303,0.43739854611495105,0.3861231477165694,0.4238394418704254,0.18463091409178822,0.146508709578689,0.6074163443502875,0.47816587838270463,0.46090763477159846,0.46011754917902975,0.4336019169806808,0.16475320724009176,0.26173072824457494,0.699179759876115,0.35806764496171606,0.4374490316315401,0.3392410611451343,0.30073428655066414,0.15625980660785138,0.16801892559074258,0.5742093833380394,0.46061584078408546,0.4061904577472968,0.30497254024951487,0.27148499696184203,0.13476861334177376,0.15822401705066655,0.5058454855144768,0.4419040915339857,0.34762146846381026,0.30190273254612404,0.27732158843994054,0.1242742804286016,0.16024830014893604,0.48826062400489173,0.41163681885395076,0.3280123238559557,0.9405434161706336,0.7341956887929039,0.6534572573536677,0.32839359300277127,1.8908693801166736,0.6947656494308151,1.5624757871139023,0.05718702521774081,0.041024720271705034,0.12663823363397197,-0.09568559831232054,0.2402114777818728,2.2144574429565838,0.33589707609419334,0.4930354056517643,0.4804260524354847,0.0950262785059256,0.38687181168121365,0.6288287108231959,0.19273723026099182,0.24195689914198226,0.32724713264762817,0.3027229456879546,0.12520117364583905,0.18164665817582987,0.5136666216304374,0.3825890623788984,0.33201996345460755
1385,Havsa,Edirne,2020,0.5623586586689531,0.6367523430666735,0.2479462285265875,0.22268425719482846,0.847615142482922,0.44090408266043507,0.6249308852880936,0.39556821475228604,0.4258170627458917,0.21985980097081753,0.11329409555022145,0.6679696407537989,0.5558075516974963,0.5546755452035775,0.368669547647803,0.40040273218232675,0.2037902178205062,0.10352407679140024,0.6230709715023555,0.552772039678175,0.5195468947109552,0.4123707348021078,0.4492454986157677,0.1992101634158567,0.14459790411029494,0.6601105478818384,0.48308511396051296,0.5155126437715435,1.7054673345902804,1.4691464348945333,1.3475055653318566,0.22022778701390833,3.5935464719977266,0.7901092785547721,3.3733186849838184,0.11615275540747368,0.16015969448912856,0.2446685144532421,-0.22267049426956595,0.4179997662712542,2.1064374546684173,0.6406702605408201,0.5801868143316786,0.6289244252605558,0.1696228315241602,0.339886797269545,0.7772415427649517,0.29235899081841416,0.4373547454954067,0.3935459721481602,0.439457522080146,0.18920496866115283,0.1386865960178773,0.6191344145062496,0.48076967381569824,0.4804478184883723,0.6098775828341416,0.746218284182902,0.27895160662335694,0.2070454532832322,0.894435323093644,0.45738950647611987,0.6873898698104118,0.4794736553668154,0.5663773712847634,0.2558639757893244,0.1289316906328341,0.7694620103094272,0.5336351078425338,0.640530319676593,0.44359547281576955,0.5253890350425722,0.2385985459733923,0.1152419517945579,0.7128695832313627,0.5378741682345463,0.5976276314368049,0.46955895969134975,0.5508562412944529,0.23778046064064662,0.13675512776873877,0.7304137365466427,0.5063910627899515,0.5936586087779039,2.4653973248671583,2.2810452393578973,1.9496568923894502,0.21965707318152833,5.1559518910222275,0.7908083912983488,4.936294817840699,0.22876395188464324,0.3320107459427297,0.2777814229274021,-0.17580500159332302,0.5272939630860448,1.2142709576353028,0.7030989646793678,0.6100495317663043,0.6914087901415575,0.19913862671972063,0.3242741438117023,0.8163563163076503,0.326430259102315,0.492082172495948,0.4457760138006577,0.5410139049544248,0.21454012755663163,0.13869027616218144,0.6698989235271404,0.48127337702061684,0.531208647364959,0.3745998245012491,0.3339782085708228,0.14495433020090992,0.2246395218394662,0.5957153885394798,0.38695781663513984,0.3710758667000136,0.23788427537480536,0.1972364188318532,0.12059119333073713,0.12305928123724284,0.4120886949495135,0.5069321759108971,0.28902941371227064,0.22395590655565586,0.1894098308826666,0.10841733077006056,0.11526430757765892,0.38083229791319134,0.48410123420039153,0.2655679903355324,0.24002603168387282,0.20506043707369545,0.10747723416383427,0.13479756543626473,0.40040336882030886,0.4477732411348931,0.26560580338404416,0.652197708530899,0.45284814771225995,0.5047986387672786,0.2663847829836571,1.3278348392862251,0.773996339092263,1.0614500563025682,-0.01881428474986953,-0.037125077165315365,0.1137998053090676,-0.14645701165169073,0.1425389581196255,-6.048585254342807,0.28899596977131625,0.44637467740311126,0.43163162547485184,0.08978201445616031,0.3417927793694197,0.5722412425979966,0.20113599404537935,0.23044846322857687,0.2562395848885139,0.22460824762950218,0.10725413775117615,0.14262259526418664,0.4159912096976935,0.4185697451775098,0.27336861443350685
1385,Havsa,Edirne,2021,0.5269051003189178,0.5664210525833702,0.23567141230534447,0.2148500743479788,0.8242131178630657,0.44727487390556775,0.609363043515087,0.3824266938704799,0.3945385023687497,0.20697376584692265,0.12117138179897247,0.6600757712334054,0.5412116077781444,0.538904389434433,0.35629049865460277,0.36520296440826716,0.19495501466000587,0.11135021525824668,0.6191387262489062,0.5471799427606974,0.5077885109906595,0.3557229480635384,0.36330113241327516,0.17105391143721807,0.13681133867607004,0.5898293673096923,0.4808627398608673,0.4530180286336222,1.1955145302740333,1.0153704129892758,0.9323979869592073,0.20333488331316452,2.5781675175863668,0.7799135546646053,2.3748326342732025,0.1222793057772168,0.14456211305127756,0.2227749026731562,-0.18355448715524764,0.41015011568797927,1.8218528577438475,0.5937046028432269,0.5421934933230039,0.5664292518568063,0.15777155942849871,0.33208601573374,0.7382396791961257,0.29098755586598046,0.40615366346238563,0.3750547604603517,0.3964803132275665,0.17970215939417464,0.13867473000976763,0.6074068844584007,0.4791357911938077,0.46873215444863314,0.5766251700034281,0.683604257582717,0.2636446051772519,0.2070713475620373,0.863243991256646,0.45722007795061137,0.6561726436946087,0.43397906689231835,0.49616897272624216,0.22829643836969854,0.12114106636991553,0.7070059578722291,0.5260540329848327,0.5858648915023136,0.4021279190309434,0.4628901583809143,0.21330654856408388,0.11135990592523425,0.6542585790117467,0.5304445139698697,0.5428986730865124,0.42335775109324403,0.4726741949709675,0.21213492621649419,0.1367502900271499,0.6757375116105502,0.5010772229129962,0.5389872215834003,1.8432972352446622,1.6406771607216757,1.4550902879138259,0.23408002747239812,3.953132513090299,0.7893953617961623,3.7190524856179006,0.18115224667776614,0.24615010875260251,0.2608708258331664,-0.1913839867360598,0.4882389926595589,1.4400639827404613,0.6796229793956187,0.5780455755506334,0.6445998882842577,0.1826837933813095,0.3242787528361713,0.7851019068530714,0.3160370066102296,0.46082315401690005,0.41624926738632223,0.4902512681864561,0.19877430297882437,0.13867502787445266,0.638664042680498,0.47753670349248045,0.4999890148060454,0.41066447559492797,0.39451441942615534,0.14259925255876216,0.23047341951907466,0.6132480420313166,0.3472402923388472,0.3827746225122419,0.2654941027077808,0.23825108371561157,0.1194313423581556,0.13676497575714625,0.43353890173065485,0.4498455564175341,0.2967739259735086,0.23928147551252374,0.21678226122381572,0.10450963038208812,0.12304776950216427,0.3847470572558259,0.43676440124851285,0.26169928775366164,0.2590363338385222,0.2460604484646168,0.10162057162437456,0.1367888707329087,0.40229577075980205,0.3923023852233899,0.26550690002689337,0.7245952524284499,0.5931349487376962,0.47004827546441447,0.28182861416691685,1.3428414119455736,0.6487046028649344,1.0610127977786568,0.004127063325550028,-0.009781262933658242,0.11550862625262065,-0.13082599344776963,0.1581783576100284,27.98809156562346,0.28900435105779804,0.45355946536226205,0.44921162526932795,0.08911623711931138,0.34773400183883385,0.5741179448193928,0.19648192557977692,0.22638394298055897,0.2754283672940236,0.25976604914444346,0.10337056403629165,0.15432108199692157,0.4238353534618216,0.37530834260779733,0.26951427146490003
1385,Havsa,Edirne,2022,0.4334272459684608,0.43357439854414886,0.17943619076364634,0.20711220885983647,0.6757327594623486,0.4139937958046675,0.46862055060251206,0.2807920952566197,0.26953133154141184,0.1421255307659737,0.11332475640011705,0.48044340680607134,0.5061593013723669,0.36711865040595426,0.26196874689668226,0.25586491944480483,0.13243089023689503,0.10353276198667123,0.44728618310916163,0.5055217151117816,0.3437534211224904,0.27918781459223135,0.26955984849324216,0.117326150840005,0.13684664433811378,0.4413832115672502,0.42024094429538794,0.3045365672291364,0.7051200264927632,0.6093657434138423,0.4863754101033611,0.2033608531253532,1.3904141289711003,0.6897767639965803,1.187053275845747,0.0285935539190993,0.02731959410323106,0.15507432523872733,-0.18356501602772354,0.23824404883989855,5.423401570769562,0.4218090648676221,0.4856009756845094,0.4961092172443606,0.1244409995589165,0.32428021186184,0.6523625476944999,0.2562618400498534,0.3280823358326599,0.29765750145766,0.2988126627075676,0.13226754814837813,0.13477895294747727,0.478508765127902,0.444361548090171,0.34372981218042475,0.5385029652612303,0.6054777540954185,0.24731181310273737,0.20707679280225516,0.8319762769602237,0.45925803395115056,0.6248994841579685,0.407522444298279,0.44925526937122,0.20539553823552065,0.1367410161824001,0.6600820385439083,0.5040103707396909,0.5233410223615083,0.37854988425531766,0.4199024245251371,0.19472759904214434,0.123064185881659,0.6152065845275966,0.5144040644080818,0.49214239864593756,0.39455601355849684,0.41800997189332445,0.20128854393603055,0.13677665402906541,0.6523363083230616,0.5101646838952247,0.5155596542939962,1.6238398264185494,1.2813775258836355,1.337907609266672,0.21974055223855632,3.5933073957342203,0.8239159968243213,3.373566843495664,0.1466381477550453,0.16985635177263683,0.2402945452323063,-0.16991274808259824,0.4511404165564035,1.6386905379745471,0.6210531646390017,0.552863190079487,0.5898841543917004,0.1753433520848012,0.3164892551134166,0.7616715973749403,0.3171550489002378,0.4451823422615237,0.391829981878382,0.4394717806015325,0.1842815357113294,0.1464919802809983,0.6112937134322131,0.4703099411329058,0.46480173315121476,0.44480972731220386,0.4101609844070553,0.20132823357016996,0.2071109559451027,0.7461022899454166,0.45261652614188747,0.5389913340003138,0.32147414661652274,0.2695169282307864,0.1882007423988821,0.12113537694978985,0.6054565493793399,0.5854304129264284,0.4843211724295501,0.2947056806992444,0.2461044065259725,0.1660658811724667,0.12109276153616753,0.5429230948588399,0.5634973875577977,0.4218303333226724,0.2974085723947593,0.2617025846349992,0.15382029252427604,0.12894452787795546,0.5273156108334329,0.5172019464190352,0.39837108295547746,0.9768528311337895,0.655889318714786,0.8356883991560554,0.2193415245627481,2.281002139975161,0.8554905841713221,2.0616606154124133,0.035357807601545575,0.0019280899118558103,0.15795531518761805,-0.14649159445557652,0.26756912468195765,4.467339066031725,0.41406071913753417,0.49403308338051205,0.47261235755649,0.11382536762451688,0.36338830394802785,0.6601167347918586,0.23040029393506586,0.29672843084383077,0.3150815536794554,0.2832011611171403,0.15296046775350958,0.14258878703216968,0.5449049507570952,0.48546309984595976,0.4023161637249255
1385,Havsa,Edirne,2023,0.4929638807543687,0.5117779056219443,0.2308329879967502,0.20704590669133524,0.7929333863580403,0.46825537733822,0.5858874796667051,0.33514894000728,0.33202840948147716,0.1978798771492484,0.09776793432326479,0.5976399200470314,0.5904236998182065,0.49987198572376657,0.31195048880325404,0.3105392345684284,0.18362662208803646,0.09182237144438848,0.5566488950943584,0.5886402768352418,0.46482652364996996,0.34092309094458517,0.33985332032568594,0.16561988710999007,0.13683229214558545,0.5663655595013056,0.48579838535169945,0.42953326735572017,1.0974402074383511,0.9060502554304231,0.8737000439398721,0.2181819542458285,2.343649932488159,0.7961254180574137,2.1254679782423302,0.035468549445267006,0.04300294562582769,0.20834903640133798,-0.2382732237699155,0.3085749605231524,5.8741910695516335,0.5468481842930679,0.5213485300998223,0.5430173225471178,0.15387937545325997,0.3242928887021602,0.7148058094682116,0.2951564386760557,0.3905129207660514,0.3417531557112012,0.3535040674956879,0.174829573288464,0.12696845305749646,0.5722567139512265,0.5115668147222725,0.44528826089372997,0.6231191466738448,0.7246661008669205,0.2695238908963479,0.23241613284078833,0.9003760967606458,0.4325398959974873,0.6679599639198575,0.5157744409879251,0.5741485286976333,0.27366175713726926,0.14456929004293678,0.8398134033490271,0.530584176705406,0.6952441133060903,0.47029200248361674,0.5253846074259977,0.2524555259389371,0.1308808463601614,0.7714598530549164,0.5368059091069314,0.640579006694755,0.46943697070549667,0.5195673879755118,0.23146043239818262,0.15237169095887024,0.730385649742051,0.49305965836122934,0.5780139587831807,2.4615291753758557,2.0307805911219483,1.9674861590782557,0.280607251040031,5.218261879890311,0.7992942674660098,4.93765462885028,0.23771506530904052,0.3007874132127523,0.27468634151741467,-0.1523663794732009,0.542859522228247,1.1555276951433844,0.6952259017014478,0.6047314145709385,0.6601749947919276,0.19283478615258917,0.33206251390895447,0.8162182127726332,0.31887674677758704,0.4841556988636787,0.46114227332840313,0.5331985503120693,0.2139829950531878,0.15819673351156763,0.6933458874674492,0.4640281479915408,0.5351491539558816,0.35599758153552974,0.3241952259469927,0.13846919761136012,0.2070714559578543,0.5507343578752552,0.38896106264008545,0.34366290191740084,0.23716239512203086,0.21481134793982046,0.10618997151428178,0.13679523695866783,0.37883468804998754,0.4477521466235918,0.24203945109131972,0.2254404120076505,0.2011499543622776,0.10102956443664769,0.12308807610370716,0.3612946615804034,0.4481430970469446,0.23820658547669626,0.2252727992696571,0.2050748974935155,0.09418021163053182,0.12695583284964018,0.3534883202772414,0.4180718308462789,0.22653248742760124,0.5277947216306517,0.4217047005324962,0.38674248892348057,0.20392510288225416,0.9530035783927278,0.7327517178053955,0.7490784755104736,0.006868892163623033,0.003911304510003798,0.13863095239919127,-0.1757362535217111,0.18353631825212724,20.18243249375306,0.3592725717738383,0.4519433294086168,0.44920542777613925,0.10157808640592617,0.31643538252606446,0.5897909279767382,0.22475845929365645,0.2733555454506737,0.2505553135359891,0.22850652507206892,0.09995720744357355,0.1464998142737304,0.3886328414018831,0.39894267670047223,0.24213302712815268
1385,Havsa,Edirne,2024,0.5024224382197982,0.49613799122244223,0.22987622687152728,0.21491199548780388,0.8163937239422082,0.45753574956969134,0.6014817284544043,0.3361205139465172,0.31645073359719533,0.1974514938504908,0.10553065100155352,0.6132507317291614,0.5874425560408041,0.5077200807276079,0.3110861003908285,0.2929648996849483,0.1811800392395594,0.09769979687341479,0.5664046476581465,0.5824112328128337,0.4687048507847317,0.3564139653970256,0.33200448751358963,0.1829984582445016,0.14458424601986927,0.6210569633251954,0.5134435684658185,0.47647271730532614,1.3286758773048262,0.9060924204068519,1.194982989619785,0.22069580070524975,3.1563743729945015,0.8993788553185502,2.9356785722892518,0.05873614762732595,0.03520747617055913,0.22015656895999805,-0.214808808960087,0.3710702779172673,3.748229631212213,0.5858790868773543,0.5287897739478529,0.5195635295229435,0.15013113700674227,0.34772136889750666,0.7382188905408286,0.2839145997205831,0.3904975216433219,0.3436218778475426,0.33788888169683773,0.1726621023073395,0.13478487898349914,0.5839693733989837,0.5024770348992326,0.4491844944154846,0.5638961923156968,0.6367749742496976,0.25824351026832465,0.214888513460812,0.8554333730273754,0.45796285519826185,0.6405448595665635,0.4407236823877363,0.47265694404403086,0.23980779146908096,0.136764404064776,0.7460541095161191,0.5441227713697147,0.6092897054513431,0.40671711030507984,0.43554790674519783,0.22242742761011708,0.12304383857663817,0.6855338731383632,0.5468848542990324,0.5624900345617251,0.4251904448815092,0.4472381443867423,0.21549319670625244,0.15040428487255578,0.6972660711310817,0.5068157088203274,0.546861786258526,1.9326105711006578,1.4686156230648497,1.610491305795306,0.2805930145423988,4.343297730879097,0.8333242764361478,4.0627047163366985,0.1525891965484889,0.1816174691679826,0.25629554250709724,-0.1894337456130204,0.4746092167687692,1.679644092140253,0.6640429623817896,0.576531735318561,0.615242447836643,0.17920055976435262,0.33790499993202816,0.7870993770655107,0.31082514419667784,0.44919437713348254,0.41207671548617925,0.4590023237500438,0.19939655719006838,0.15039786706241526,0.6464684232151519,0.48388212606192743,0.4960705561527366,0.35280275193876526,0.3007561149875681,0.15689481397690355,0.1836539689011209,0.5820327454318838,0.4447097226841792,0.39837877653076287,0.2507217132469419,0.20696081092042026,0.11782705751375427,0.13692999757047625,0.4179636134828589,0.469951549021618,0.28103361591238263,0.23761168888327683,0.20115854608150438,0.10352969826348736,0.13483144367794625,0.38473065898885594,0.43570961828542354,0.2498992153109097,0.23692288944780157,0.19918509356564448,0.12256636629043635,0.1133400839621073,0.4179765286933058,0.5173259813608678,0.3046364447311985,0.6374710168060007,0.42159080352467276,0.5651015410324225,0.17217470976634364,1.4219105619499097,0.8864740923655167,1.2497358521835662,-0.022986047760572146,-0.044934714259821144,0.09289735710441353,-0.11910016916871513,0.10345629122559791,-4.04146715747106,0.22255646039431304,0.4565797723921582,0.4413538188996041,0.08755646542683014,0.35559886705555627,0.5819678493881554,0.19176597545724725,0.2263689823325991,0.2561590454054746,0.22069175729247972,0.10932393619247421,0.14261203048591015,0.4159855378630736,0.42678147874663247,0.2733735073771634
1388,Hayrabolu,Tekirdağ,2017,0.3483445129615776,0.3242215484108572,0.1479928657091064,0.1914989260706487,0.5585342563955015,0.4248462662749909,0.3670353303248528,0.17348831888594918,0.15236791649352333,0.09747527925937262,0.07444097578451418,0.3085509303105754,0.5618549991452315,0.2341099545260612,0.16671725229236697,0.14648940081497816,0.09191315149891068,0.07231430533137453,0.29491990243946453,0.5513115783465852,0.22260559710809,0.22806401883279778,0.20704799893418538,0.1000239947425563,0.12117985370516021,0.37105506661409016,0.4385785853220784,0.24987521290892994,0.5036634668665034,0.3906260463589998,0.37118753066760407,0.14241321592711512,1.0152574987482672,0.7369752922063488,0.8728442828211521,-0.11116662453177681,-0.11329026174631743,0.14507883622329448,-0.30077508749283627,0.08201304840943396,-1.3050574921596538,0.38278813590227023,0.4230277437874455,0.41012863211927936,0.09334800854811785,0.30870666595987123,0.5507072382180421,0.22066639817132536,0.2420005722581709,0.2144017719304951,0.19727472344831787,0.10207331165800132,0.10747409423997935,0.357398244414905,0.47608427271343406,0.24992415017492564,0.5395118925668385,0.5898521659307133,0.31679444957322217,0.16018310510635309,0.9100802965168117,0.5871871481201417,0.7498971914104586,0.4234457299710683,0.41802027139788306,0.2975273256355529,0.0821741499947929,0.8085142537003307,0.7026339022379121,0.7263401037055378,0.3986223327069697,0.38673631259261176,0.28142052088862185,0.08209403405039835,0.7617181088484115,0.7059828258430674,0.6796240747980131,0.40486348631795294,0.41021266543172136,0.2590154609035572,0.09772774708207554,0.7226211815440412,0.6397599923351538,0.6248934344619657,2.104100911350839,1.3120637475605859,2.031975828352981,0.1793725422025324,5.1869611450253235,0.965721661632876,5.007588602822791,0.12007051882929254,0.12891383350942173,0.2920204369260512,-0.24603800791372668,0.47263738574741765,2.432074415712523,0.7186753936611443,0.553187072148317,0.5742606329418599,0.22770325660756083,0.26958981043298164,0.8241768761502322,0.4116207121819913,0.5545870657172505,0.39511684666357555,0.41794873272341587,0.24802384554398646,0.10554355924869577,0.6913737942752881,0.6277227803327955,0.5858302350265924,0.530974664366374,0.5116952133552838,0.20394032500724535,0.2695824932728914,0.816373861677774,0.3840867346290669,0.5467913684048826,0.3822196723030945,0.33985942772405947,0.21240396589036403,0.12891432201687728,0.7070046642082257,0.5557117576144298,0.5780903421913485,0.36429398511969036,0.32422618005654763,0.19428351552149634,0.1288909336025913,0.652339213738568,0.5333151889885408,0.5234482801359767,0.3463565644837612,0.33200772024479264,0.153741401766805,0.15241132910909738,0.5663963218140008,0.4438818764585971,0.4139849927049034,1.249695289509273,1.0308345866932238,0.8967770939942604,0.28210449595632675,2.6560293980987937,0.7175966025657378,2.373924902142467,0.10533600600259738,0.0976720898310196,0.16216525473597074,-0.1132716756408594,0.33201622557310756,1.5395044950913752,0.44528790121396694,0.5579015185542623,0.5664071416186959,0.11920685943279638,0.4023943816878364,0.7069947710492667,0.21367007521633435,0.30460038936143025,0.3772446524496485,0.35543710930824246,0.16485632315471108,0.1679964634294782,0.6132864304052892,0.4370010869185607,0.445289966975811
1388,Hayrabolu,Tekirdağ,2018,0.5067196333411449,0.5352113903896653,0.23627060350198184,0.19143818407227123,0.8086044704968001,0.46627481541240096,0.6171662864245289,0.3085043652806556,0.308613673403485,0.17769375840780233,0.08987635228135106,0.5508099780452768,0.5759845837064542,0.4609336257639257,0.2946870094257315,0.29300965909500115,0.17166181184593776,0.0898657217657284,0.5273083725308693,0.5825224945628316,0.4374426507651409,0.3163161796114451,0.3164072695133498,0.1725862786804186,0.10550238328111808,0.5507308896724419,0.5456131864402867,0.44522850639132383,1.1492127670442933,0.8757511547745789,0.9707446936937327,0.17774079208450577,2.3694907970131793,0.8447040631043721,2.1917500049286733,0.1252653143968654,0.15240201521512028,0.20179454145872433,-0.15231846129346352,0.37888312554690307,1.6109370932435387,0.5312015868403666,0.5104559843846858,0.5273669740750155,0.16734783037744705,0.2930194773249879,0.7226251719375162,0.32783988335286457,0.4296056946125283,0.3364770002239224,0.3476541114515392,0.1705748821267012,0.11334031692844905,0.5585710273622371,0.5069436603785256,0.44523071043378804,0.533707871402764,0.6211775559416798,0.2630278547584025,0.1914532834890187,0.8397980500531907,0.492831132632683,0.6483447665641721,0.38333769675665436,0.4258073681320976,0.22305838188902394,0.10557840287803243,0.6601159996903914,0.5818848075111774,0.5545375968123589,0.3642670223266685,0.4043113667508689,0.21302179453333295,0.09962111133714771,0.6308382963590596,0.584795717088819,0.531217185021912,0.3822826144062206,0.4257776436851661,0.20854821718594516,0.12115227376991448,0.6366892847480997,0.5455341397355256,0.5155370109781853,1.546274817334121,1.3436572710231065,1.2730179100951884,0.21797204270320675,3.3433036952721142,0.8232805034553655,3.1253316525689074,0.1379912314400284,0.1914022904790091,0.250498287778468,-0.19920926789059232,0.44137399651912046,1.815320329881509,0.6405832644097128,0.5458114270662803,0.6055549781203717,0.18659435362571158,0.3008685913988752,0.7616604483259215,0.3418659712359826,0.46079185692704633,0.3818572235439694,0.44337250574669107,0.19912274431277677,0.12698698120437518,0.619131542951436,0.5214586291303942,0.49214456174706084,0.37916391055622445,0.339825850434879,0.1588633585784232,0.20712240501635582,0.6210718170096915,0.4189833318929917,0.4139494119933357,0.26164353872055934,0.21480663642541317,0.14079288559483372,0.12123395947772893,0.47264795112277375,0.5381095450830277,0.35141399164504483,0.24021793202123257,0.19725548529488857,0.1237932353215444,0.11527383935205844,0.42772188115416754,0.5153371951874204,0.3124480418021091,0.24780466014658004,0.21479473604241392,0.11778105630212765,0.12127890280142517,0.4257931480984386,0.47529798766681164,0.30451424529701343,0.6851260503906306,0.48417442526989685,0.524602220862496,0.20421865072659717,1.4529765055977963,0.7657017574552734,1.248757854871199,-0.02157982252797001,-0.050813430506075244,0.13314692362868838,-0.1600747525336411,0.17575996037681557,-6.169973059607611,0.33583471291045663,0.44506700264211607,0.43354810618434514,0.09501646870909466,0.33998717725395816,0.574168705688222,0.21348800999632542,0.23418152843426382,0.2666903358379819,0.23239577142773843,0.11895096951494179,0.14259167563309752,0.4472864033332392,0.4460265466357437,0.3046947277001417
1388,Hayrabolu,Tekirdağ,2019,0.42891638688977646,0.410147689210559,0.2048888256821983,0.1915306918626947,0.7226402752343534,0.4776894330569163,0.5311095833716587,0.2649331519293196,0.2305029951442605,0.16537506759076231,0.08992957070929021,0.5038790324715429,0.6242143211842436,0.41394946176225267,0.24448349758318264,0.21484253883521393,0.1526450806647773,0.08219623913859611,0.46482581871031314,0.6243573990626571,0.38262957957171706,0.2892553312244553,0.2617343537311594,0.14949572553191637,0.12119021176574292,0.5038669056431683,0.5168296290307999,0.38267669387742537,0.8486937805599986,0.6093494432696898,0.7725653076978944,0.17286339695565223,1.8904596293090121,0.910299245021129,1.71759623235336,-0.010867496592408812,-0.027306226624054266,0.1906603877391715,-0.24605653143341832,0.25393013430761224,-17.544094550013664,0.49998666574103057,0.46161844912474903,0.45705434620599444,0.14117093655676988,0.2931100325487853,0.6601103095144049,0.3058173624222273,0.36700027696561954,0.2841926415219286,0.2636803378799315,0.15057135913586603,0.11915423763101865,0.4980416343316906,0.5298214560711904,0.37888739670067195,0.5504695577783101,0.6366683579400697,0.28829460314439515,0.18363215524348522,0.87105676457967,0.5237248800968203,0.6874246093361848,0.409311518308123,0.4493179027205229,0.2612726341703365,0.09767533832658944,0.7304193870218479,0.6383222129939055,0.6327440486952585,0.3792887066881588,0.4160232553769552,0.24171806414409946,0.08791452213670177,0.6738145066399515,0.6372930695846785,0.5858999845032496,0.41317749864375897,0.44141482255628217,0.24362115811288804,0.11331646212566013,0.7147901588781037,0.5896283290173501,0.6014736967524436,2.062084906848146,1.5313146194597222,1.8506782929587888,0.21785724350444793,4.780695260593246,0.8974791905089458,4.562838017088798,0.14811325134474385,0.1913946213310801,0.2874877288493244,-0.2304312095300579,0.4882297072191504,1.9409993787806115,0.7186609167492083,0.556428786205459,0.6054951361838979,0.21093584225900977,0.28522083787144975,0.8007383468956554,0.3790886587616669,0.5155175090242057,0.39266633658660904,0.4512037112494846,0.2215424222625718,0.1152464143136313,0.6464570797225234,0.5642001914103654,0.5312106654088922,0.44292683785148024,0.41015071971467637,0.16433915499399837,0.2539494208634177,0.6913913260666905,0.3710300233581774,0.4374419052032728,0.3193758159178195,0.2773277772273047,0.15910866391436063,0.15239528051643184,0.5585560281501525,0.4981863246505234,0.4061607476337207,0.2899957830191115,0.2519632115780046,0.13866977761310206,0.14651097320196338,0.49805757350805646,0.47817860028662335,0.3515466003060931,0.2883108415762358,0.26168742619835944,0.13114348056907757,0.14464515302957884,0.4882624636221169,0.4548683630906759,0.3436173105925381,0.9214698043782016,0.6717584285186876,0.7006357248548569,0.29708163183139785,1.9842178070469514,0.7603458317634605,1.6871361752155536,0.06220468946583485,0.04293642068680792,0.13744100169447682,-0.09758164729932399,0.2617153910645777,2.2094958253905372,0.3592970383639017,0.4810087292222848,0.4726053549735684,0.1053198348148417,0.37120642855990243,0.6288653845396663,0.21895618190781535,0.2576589559797639,0.313610334109352,0.28710905507288415,0.1265804214834307,0.1699409323705625,0.5019297730974237,0.40362324743831207,0.3319888407268612
1388,Hayrabolu,Tekirdağ,2020,0.527751616518873,0.5742970439887722,0.26185383274297297,0.2070946595947623,0.8476359809260332,0.49616869858248697,0.640541321331271,0.35026303161229344,0.3476919640004219,0.2308896026775928,0.0898792828560118,0.6601494326745885,0.6591891859520155,0.5702701498185767,0.3269940141727021,0.3222569385348741,0.21448090689785032,0.08400503015801859,0.6152142592764069,0.6559169208050766,0.5312092291183883,0.3827278984365501,0.39454862939451435,0.20280740788408871,0.1367826205707208,0.6444853794653473,0.529899724353935,0.5077027588946266,1.4917814035196375,1.1563598482083202,1.2741456637174837,0.21900647012349023,3.343239860701891,0.8541101670199974,3.124233390578401,0.07986650883747587,0.09762178328561844,0.2587654762541195,-0.2539174255495135,0.41011497265837266,3.2399748032143685,0.6640323982078862,0.5463308328383802,0.5820484926944655,0.17928599628454467,0.31649382012223376,0.7616560980075324,0.3281637892430326,0.44516227788529866,0.35935093261180223,0.38085692414197375,0.20156899725006863,0.11915257153346874,0.6152156250733332,0.5609252097526028,0.4960630535398644,0.5760770884044771,0.6913687366515465,0.3103424575425554,0.1836279889149732,0.9023868971877094,0.5387168901337328,0.7187589082727361,0.46957663175975606,0.527331548027791,0.31303251499114826,0.09770646977364052,0.8476083474019707,0.6666271143392446,0.7499018776283302,0.43546867570036757,0.4824285363868145,0.29013312423873344,0.09180398994763272,0.7831649982255469,0.6662548661441839,0.6913610082779141,0.43950045507187857,0.49611464342960454,0.25580138927771034,0.1211278029111527,0.7303238719851903,0.5820275868334995,0.6091960690740377,2.298875379854224,1.8435602389194892,1.9974623377761314,0.16019942825650557,4.968295867773599,0.8688867414391094,4.808096439517094,0.17642262263018402,0.2538606792350639,0.30170666864169754,-0.22263277333407377,0.5037265340319036,1.7101359459672762,0.7263593073659773,0.5778843521030722,0.6523622195199225,0.22295846897714547,0.2930282676567349,0.8163415718454641,0.3858184914779944,0.5233133041887292,0.4248553279297631,0.5019854500780067,0.2479148995151625,0.11526043710253218,0.7011445325543584,0.5835278110391208,0.5858840954518262,0.4051640701199687,0.3710803924757069,0.16745397337615353,0.2149380154968735,0.6523133827436254,0.4132991687208853,0.43737536724675186,0.28932259759054524,0.23823817383341211,0.16135433070869457,0.12119180557015427,0.5272821331679562,0.5576969516119382,0.40609032759780195,0.26028944076342186,0.22260715142025564,0.1399389996708053,0.1133765560208438,0.4648445361375661,0.5376284157373731,0.3514679801167223,0.2659923424389713,0.23629969779305804,0.12753661512975292,0.12697822032191758,0.4550828213886197,0.4794747621691953,0.32810460106670214,0.7988140253563603,0.5779743905433063,0.6333169283468955,0.2350495090933356,1.7341158109027484,0.7928214931684072,1.4990663018094128,0.022788973718603292,0.011687823773743477,0.1408732935028495,-0.15230137867618623,0.21475040653362337,6.181642720832601,0.36705178520980963,0.4513897403102337,0.44136813098144495,0.1049133479676425,0.33213382358000076,0.5976020295275917,0.23242297863380115,0.2654682059475909,0.2849595959233688,0.2558418101304698,0.1289017936340334,0.142608530349849,0.47461261422817036,0.4523511244334359,0.33200408387832137
1388,Hayrabolu,Tekirdağ,2021,0.47492778632395966,0.5039108067169521,0.2346641134276526,0.19146084974900485,0.7694710031328265,0.494104830639626,0.5780101533838216,0.3286092511590006,0.31641115783887147,0.208096463649193,0.09767550141149633,0.6132220629957965,0.6332641668341334,0.5155465615843002,0.2991608580619111,0.29103101707204004,0.1886374482285216,0.08791446735887053,0.5566448379830362,0.6305552452636809,0.46873037062416567,0.31529483723019835,0.32425857846597933,0.16116420986446175,0.1211579402232225,0.5272778063530721,0.5111539766405847,0.40611986612984957,0.9611244514166036,0.8282416664539695,0.7621965822872138,0.17252187692568818,2.046699398077269,0.793025899157815,1.874177521151581,0.07470003286377519,0.09771339555755856,0.23553539891594363,-0.23043259142527472,0.3788813251513752,3.1530829356591017,0.6093139165766499,0.4932307121723799,0.5195775203455183,0.15644023685700775,0.2930849831290319,0.6913617104068637,0.31717456556584667,0.39827672727783175,0.32879126746356674,0.3418248756774873,0.1786099288410756,0.11916694694689768,0.5644548565935195,0.5432319727313539,0.4452879096466218,0.5656323316660508,0.6679669884087641,0.2960725671468127,0.1836292792092354,0.8944311402665345,0.5234364278200665,0.710801861057299,0.428841150603918,0.4804714164250757,0.2777314431704036,0.0899321253391888,0.7695100779611171,0.6476324456719854,0.6795779526219283,0.39929430092695967,0.4394394314047969,0.2579291084181602,0.087897404096397,0.7167743300655063,0.6459624087280462,0.6288769259691093,0.42032903691855744,0.46483409093489636,0.2410619904329387,0.12113540543692058,0.7069917223765275,0.5735078218725266,0.5858563169396069,2.0345353357012272,1.5938337465260954,1.7765293121516499,0.16063078266653616,4.530951051176107,0.8731867571812645,4.370320268509571,0.16596741683696487,0.2305175093064386,0.2942622021637456,-0.22263102461366577,0.4960333399239297,1.7730118825239585,0.7186643645375954,0.5677593276531044,0.6289023896603796,0.20981596907814115,0.29304520016786284,0.8084872396862129,0.36955089746466785,0.5154420395183501,0.40720066852776843,0.47463647702282075,0.2305498087707287,0.11523920655755726,0.6738103051493853,0.5661822943569326,0.5585710985918281,0.45132215732673786,0.44140779181462975,0.196582241081687,0.19925254292488356,0.7304550036356557,0.4355696654604305,0.5312024607107722,0.29281395177437125,0.26171340845980623,0.15704782713593896,0.11329877830181405,0.5273141455842592,0.5363399735028769,0.4140153672824451,0.27671770485990843,0.25389503154268056,0.14817648793346685,0.10548565034141605,0.4960746527489907,0.535478884549447,0.39058900240757466,0.28570192220409885,0.26953075489585143,0.14583328089059747,0.11334228423100423,0.49604579460928655,0.5104385709607426,0.3827035103782823,0.8809428042210561,0.4789301704924008,0.7317707331349304,0.4789301704924008,1.4011137330314634,0.8306677001374384,0.9221835625390626,0.05923731520295774,0.05861527124224864,0.1904641255075378,-0.19136489280323843,0.31633768533552253,3.215272752571134,0.507702578138761,0.48154120045283,0.4960938930340697,0.14581830370438156,0.28522189620926797,0.6679312347144624,0.30281584123488803,0.3827093385051944,0.30973189788661276,0.2929463478942511,0.14427117020381763,0.12894131269170853,0.5194963740915436,0.4657937112329086,0.3905550613998351
1388,Hayrabolu,Tekirdağ,2022,0.4124770148351281,0.4179786191270401,0.18584349018316587,0.19149950146116793,0.6601013071568191,0.4505547788097955,0.46860180569565124,0.24618519333237623,0.23052959917403198,0.1434224885326955,0.08986044732467334,0.4491925429021127,0.5825796693591555,0.35933209557743934,0.2324096182857179,0.22267229468963348,0.13475005288685013,0.08220349866578083,0.41797140412682016,0.5797955088123425,0.3357679054610393,0.26385296658873497,0.25393199346561507,0.12160963165870345,0.12120743046547958,0.43356226011691024,0.4608992395687375,0.3123548296514307,0.6599187545992342,0.5469891925657507,0.5009794370347943,0.17268085117862045,1.3592544522996364,0.7591532041531945,1.186573601121016,-0.010589339185515639,0.003910344363707797,0.1701405463019879,-0.24607553263915102,0.20695148939842664,-16.067154269145554,0.45302702203757766,0.4647546823445312,0.47273892585545785,0.12621391597670878,0.30867687583899384,0.628835986573095,0.27157104763313406,0.3201591107341012,0.27375094048819826,0.2714862400158494,0.136931927383276,0.11527902290403394,0.4589600947070928,0.5002062354163102,0.34368107180305885,0.5421410988766093,0.6211383486573501,0.29269751191761495,0.183653801400191,0.8788635550054351,0.5398917597727313,0.6952097536052442,0.4033576130200913,0.4413715491133581,0.26094570337935064,0.0976723300872423,0.7304366383216924,0.6469338744484113,0.6327643082344501,0.37978339662033234,0.4101745369878806,0.2473270399219016,0.08990890436148301,0.6913595705407084,0.6512318393138005,0.6014506661792254,0.40603262884901226,0.42578880544889364,0.24231211729946647,0.11336932403346897,0.7070056039511928,0.5967799139353722,0.5936362799177238,1.9729231667583378,1.4061787021581948,1.8142922655608862,0.16112647110691994,4.655839995583863,0.9195960066412043,4.494713524476943,0.1418700600019963,0.17579813727414978,0.2939485448928058,-0.23043711490760366,0.49601534993781193,2.0719561610721073,0.7264524648454156,0.552153541359703,0.5976780810578844,0.21272925208718466,0.2852523035539046,0.800712591393383,0.3852719146984538,0.5154602878394785,0.39013243643594314,0.44336385436415277,0.2253395955859113,0.11527183621379317,0.654296129652198,0.5775976938613521,0.5390242934384049,0.3994645309750142,0.36324228035512224,0.15162114947105584,0.23844649463247042,0.6210257977709613,0.3795609815494219,0.3825793031384909,0.26220962991293323,0.2226423870968882,0.13374599477784227,0.13685829902968846,0.4491646217798035,0.5100727796391485,0.31230632275011505,0.24791905854802768,0.21481094648540613,0.12083348938707959,0.13689803595388633,0.41795294357144336,0.4873908851330659,0.281054907617557,0.25455786367656474,0.2226200414315775,0.11379014675371003,0.14475348493545834,0.41012519370430667,0.44701092753626,0.2653717087688483,0.696803925108526,0.5307941275194809,0.5616223019617638,0.22480082082896438,1.34298537639665,0.8059976152893974,1.1181845555676855,0.013510427368412032,-0.003939050646041004,0.12883915016424743,-0.1209932451300791,0.19920672556036678,9.536274956444307,0.32019997069044587,0.471913584226786,0.47263465104091495,0.0971959784493666,0.355539598654097,0.589762341557582,0.20596139144546738,0.234222742903485,0.2776338679478699,0.24603068249246665,0.11374005602939466,0.16039086911215908,0.4413512621214045,0.409676444988877,0.28096039300924547
1388,Hayrabolu,Tekirdağ,2023,0.4319620347208645,0.44146781110170846,0.20969211257119344,0.18370996505153836,0.7069929732705684,0.48544107054847374,0.5232830082190301,0.24727293086974172,0.2383210009311697,0.15930413488265788,0.07430903977012795,0.46482321967236734,0.6442441326769245,0.39051417990223936,0.23129749221034393,0.22464116379078888,0.14648186621967266,0.06840124458993288,0.4316328336179745,0.633305034221732,0.36323158902804165,0.28698630763009764,0.28521972768395504,0.1393354436255738,0.12121899035495086,0.47262232973731294,0.4855125137369481,0.35140333938236207,0.7840054160908292,0.6718962694971438,0.6026143975875871,0.1724632671747883,1.6403627819374902,0.7686355033008758,1.4678995147627019,-0.052513789729554436,-0.050741211497317154,0.17912023763349752,-0.2773011105992566,0.18353555470459063,-3.4109181332363403,0.46083666530384726,0.4739498264767629,0.48831771166594595,0.13623166808460777,0.3008817942261291,0.6444720199079648,0.28743900825394014,0.34359022568183567,0.2769328847871855,0.2793101762087436,0.15105535539223136,0.10355365336498674,0.47850821206554606,0.5454583535946366,0.3749545587005593,0.5709898994198023,0.6758323128671894,0.30303169584699435,0.1836622871091155,0.9023441735586298,0.5307128832837722,0.7186818864495144,0.44384460582875646,0.48828039636193565,0.28129120190798745,0.10552488339618522,0.7929160752269637,0.6337605509089252,0.6873911918307785,0.4096050770851744,0.44140501962688056,0.26170190094716245,0.09774748471824654,0.7382581581854656,0.6389127371405687,0.640510673467219,0.4399631837009776,0.4805032874586946,0.25920010850597364,0.1211666070521259,0.7460517162409086,0.5891404510840612,0.6248851091887827,2.446941225974555,1.7185986966720939,2.242876462230008,0.21827412376933025,5.655471994892021,0.9166041417021477,5.437197871122691,0.18279569295017895,0.23049006158516833,0.3065539784049457,-0.20698576611925643,0.5428997725080542,1.677030642557301,0.7498855386273107,0.5709706698399101,0.6288628567334669,0.22381751548254444,0.28523511880952446,0.8241265789845077,0.39199476839204167,0.5388914601749832,0.4135966378652263,0.4785464927533687,0.23330316360925785,0.12306968048712932,0.6855411681229157,0.564083801100147,0.5624714876357864,0.3581815821567393,0.33203749204355065,0.15596439190516956,0.18364095863451027,0.5741799670245172,0.43543386839170295,0.390539008390007,0.22955127678284842,0.2070012893137266,0.12236136944114605,0.10549856156610019,0.3866854878625262,0.5330459109443239,0.28118692629642605,0.21695830109098962,0.19334651702978667,0.11409876986399585,0.09571469215409159,0.369107269395009,0.5259018405391377,0.27339257724091737,0.2328625090170221,0.21481540291373172,0.11316586817581173,0.10556647048709268,0.3944387480443726,0.4859771916635124,0.28887227755727996,0.5905017715593129,0.45294241180838396,0.4677893873838708,0.17263450897291915,1.1716258365976133,0.7921896426298591,0.9989913276246942,-0.020426225437247016,-0.019532577688548332,0.16615497453901548,-0.23038694300074422,0.19132809219209007,-8.134394435696063,0.42171503519283426,0.4458558952419575,0.45708141162183796,0.12273442390035907,0.28525954402882436,0.6053973398444781,0.27527823498611237,0.3201377958156537,0.24654525490124002,0.22850045343126066,0.11335322785150777,0.11915344187841317,0.40426526757337944,0.4597664144739443,0.2851118256949663
1388,Hayrabolu,Tekirdağ,2024,0.4656238724862214,0.4491916771415267,0.2193448694487584,0.20711647880826087,0.7695186291719222,0.4710773704053354,0.5624021503636613,0.28113537623000767,0.2461204511963393,0.18098733768093891,0.08207208441909945,0.5429321335581373,0.6437729043849189,0.46086004913903783,0.2663864773481734,0.23826435496412812,0.16957253278957388,0.08204638778986574,0.5116688720333812,0.6365658440234508,0.42962248424351546,0.3073080742361433,0.2851821207410614,0.15429831310797373,0.12901124567021066,0.5273396004336013,0.5020965150086066,0.3983283547633906,0.9458351438876362,0.6559620643600225,0.8277002437467283,0.21822843200266684,2.0934537959651918,0.875099904138324,1.875225363962525,-0.004717647054231356,-0.01171977747776317,0.21222361586552965,-0.27731289626436506,0.2851333674822244,-44.985055775883424,0.5624462637465895,0.4995776511168264,0.4960828681908704,0.14038950197016023,0.33208517485080324,0.6835466203024674,0.2810163778469948,0.35146144545166413,0.3068606023267158,0.2910054964266024,0.16519405091009146,0.11526044254763596,0.5371146496214875,0.538335809998211,0.4218542070738515,0.5715479001791706,0.6836211830800574,0.28299636296377834,0.19929206906263466,0.8788228626215315,0.49514023737129254,0.6795307935588969,0.43238628509097604,0.48831247228336555,0.2624745150755782,0.10551599507601919,0.7538589190443903,0.6070370965174169,0.6483429239683711,0.4015496293838452,0.45705745198600584,0.24416029233773173,0.09773220719797508,0.6991532493763113,0.6080451193850724,0.6014210421783363,0.43694293583554566,0.4882787904364794,0.24066982393370853,0.12898452128687873,0.7226334341618533,0.5508037873949989,0.5936489128749746,2.217386657832105,1.781286156402288,1.9294633650384643,0.2202862328943454,4.968637853047459,0.8701519684099039,4.748351620153113,0.17382628509623144,0.24617053318929188,0.29527632430255435,-0.21482398298280225,0.5194234979545077,1.6986862725570377,0.73424748093731,0.5756934604773917,0.6445475885776819,0.20704227046576945,0.308688568613143,0.8085334637602393,0.3596397817235589,0.4998448951470963,0.41129229841257037,0.48638504681634037,0.21945000764536104,0.13086109109378363,0.6620932282300733,0.5335621612472526,0.5312321371362897,0.42120617899868146,0.36326343580887904,0.19167814257719218,0.21495412594720634,0.7070232375401915,0.45506963604584777,0.49206911159298516,0.2912121154556932,0.24608012525500667,0.1495722514731407,0.13693127066497948,0.5116883482364323,0.5136196041812606,0.3747570775714528,0.27954178018120546,0.23826947815882127,0.1356121635976569,0.13695290282766695,0.48043994910151905,0.4851230592784734,0.34348704627385207,0.28706333261130446,0.2382438110498022,0.14806043032161986,0.129099869328556,0.5117085206550785,0.5157761842126307,0.38260865132652255,0.882874490205591,0.546785884544563,0.7688042511665832,0.20379858475537435,2.0781352264377957,0.8707967663530014,1.8743366416824214,0.04760986922173272,0.027319245746002172,0.11219278255053286,-0.08195435541954604,0.2069835378588929,2.356502640828924,0.28893789327843894,0.5036992412919709,0.480390354719263,0.10599703995508351,0.38682987247065015,0.6601042508174216,0.21043716421570308,0.2732743783467715,0.30184918041633885,0.26364391198995857,0.13648565382183506,0.15823184544614996,0.5058452160930444,0.45216506347170193,0.34761337064689446
1412,İpsala,Edirne,2017,0.3161930215522831,0.285143495015423,0.18304930741905806,0.16810555395670723,0.566420416513597,0.578916342050865,0.39831486255688975,0.18253295565869995,0.15229375127903827,0.12515672322842838,0.07428599512873811,0.35543311360710017,0.6856664473370297,0.28114711847836205,0.17064422817372205,0.13665353892136925,0.11590987570876098,0.06675907207524566,0.331979896108928,0.6792487325780542,0.2652208240336823,0.19361888581382097,0.16786902611017324,0.13960399653053435,0.0900408894487979,0.37101446119498377,0.7210246869449193,0.28097357174618587,0.44225233503789363,0.29654820985172076,0.48768293126757895,0.1109027839885008,1.046840527486869,1.1027255090146504,0.9359377434983682,0.02657616912430214,0.011717174332235725,0.18395405111110624,-0.1992357282832322,0.24601546513035555,6.921767025590324,0.44525119341358776,0.3735374497857768,0.36323351676575344,0.15984883414059173,0.26185828188131494,0.5507566734383722,0.4279325519630356,0.28889839155705727,0.2070236494272551,0.17773990702275816,0.12288599231223145,0.09965955698280726,0.38088081127723555,0.5935843206909155,0.2812212542944283,0.41388274726660174,0.24600230360195957,0.29524615210610816,0.1368271904740333,0.8789970081913804,0.7133569931484145,0.742169817717347,0.3084605723780075,0.15222084883802936,0.2673781355456941,0.06663399698603346,0.7382665410007312,0.8668146255594432,0.6716325440146977,0.2888899827522192,0.13654435621960695,0.2542959064543895,0.06645661654451583,0.6992358172958505,0.8802517277745104,0.6327792007513346,0.28702535767643667,0.14443821184087907,0.2414881316166986,0.07437627184548552,0.6836504353899949,0.8413477247154165,0.6092741635445094,1.2555423058846458,0.2786391103228646,1.6461209776345438,0.09969911643728978,4.156213969736503,1.3110836408452993,4.0565148532992135,0.04661145936645814,-0.05083209659132206,0.2448234231093757,-0.19905647699660345,0.44141297121882417,5.252429905371123,0.6404694482154276,0.45127668157927975,0.33979407625961866,0.22224965834297603,0.230555784849104,0.800802452097777,0.49249089841113686,0.570246667248673,0.2972118050137499,0.1659714086306457,0.2294351721805604,0.08401085767531774,0.6582114714307015,0.7719584764472799,0.5742006137553837,0.40658041286470803,0.3788646309040625,0.16341627255584174,0.2227080426572157,0.6445034110596396,0.4019285420181307,0.42179536840242393,0.2506426361692005,0.20699182656545487,0.14352088213083147,0.11337863544403902,0.4569660047199711,0.5726116048107046,0.3435873692759321,0.23044042622586622,0.1913598922932026,0.12941485767521152,0.10557307447343542,0.41794626352764475,0.5615978923262602,0.3123731890542093,0.2184410923841693,0.19134860434884562,0.12520080636597003,0.08211864930942667,0.394470185589507,0.5731559250114951,0.3123515362800804,0.6335303417169921,0.45295185000666416,0.5581805056838239,0.17302892229651834,1.2965345106239914,0.8810635717478736,1.1235055883274732,0.08634487699634684,0.0586019445482643,0.18639233969057434,-0.14447817913505714,0.33198488155246225,2.1586959895543125,0.4764630606875194,0.41618815040287926,0.41796137026458846,0.11986493988284715,0.26173697046954886,0.566332021379564,0.2880066137558584,0.3045950509100151,0.2666065828488253,0.24023798093773524,0.12056725420380736,0.13869723842002823,0.43940831953842796,0.45222909695434244,0.3007110811183997
1412,İpsala,Edirne,2018,0.39304025959768724,0.41795621314975884,0.3224637304866071,-0.11325977995416792,0.7773663687373126,0.8204343514750329,0.8906261486914805,0.2546266987219103,0.22262732968600263,0.20891642297056445,-0.027328117902865507,0.5351376650707024,0.8204812143393173,0.5624657829735679,0.23922975566208285,0.2070016800729964,0.1974550870699167,-0.027319783312161065,0.5116968517165448,0.8253784589774286,0.5390166350287059,0.21555708361739598,0.22264478039335195,0.25790038962217876,-0.21486255553748906,0.5195184112551099,1.1964366250192002,0.7343809667925989,0.8096408269960982,0.5302199055327733,0.9284841598984998,-0.2825214964859681,2.093092529003767,1.1467852521016388,2.375614025489735,0.22946529920342676,0.23049670792524182,0.20804035846197563,-0.04298009482215365,0.4726450566231392,0.9066310208304856,0.5156251514452929,0.39706738127589164,0.44136823949717835,0.2976143714487407,-0.12117921272385733,0.6991861842716807,0.7495311513436842,0.820365396995538,0.2679229707731862,0.26167787500761225,0.21268661463645608,-0.04291230780378928,0.5429019776618049,0.7938349370443073,0.5858142854655942,0.402680129740289,0.28513922326073077,0.2540392043088603,0.15242406029798844,0.777350225690239,0.6308709706453716,0.6249261653922507,0.27836768427144803,0.1600374046212275,0.21180207360256176,0.07443249286543532,0.5898307776080686,0.7608716297543527,0.5153982847426333,0.2624392351625707,0.15035312607437556,0.2023684433326295,0.06841151736721343,0.5644568062885097,0.7711059026950381,0.4960452889212963,0.26334179190783885,0.16003620777403363,0.20465123400611027,0.07444900510373346,0.574220699766471,0.7771316224571435,0.4997716946627376,0.913118847460956,0.3273178847436583,1.0200189000366002,0.11110786318994798,2.546871617091886,1.1170713460497432,2.435763753901938,0.08730153107685908,0.0605522844070214,0.19955783700318402,-0.1581734246683648,0.37303795382409355,2.2858457869140465,0.5312113784924584,0.43353121140294637,0.3553790070065808,0.20199388360254264,0.23059542684232667,0.722624181005675,0.46592696970737607,0.49202875416334835,0.2828689943422387,0.1854984077279717,0.19348506993823777,0.09179739363437975,0.5683687331249521,0.6840094666018547,0.4765713394905723,0.3605175259304597,0.3320286046543327,0.16478154840691503,0.1836386885139519,0.5976408195004649,0.45706945309144215,0.41400213098651295,0.2379057888459805,0.19916502504893524,0.12135432591513393,0.1290907754844056,0.4100955585657395,0.5100940439650182,0.2810047830813339,0.21335895309543687,0.17569556833067437,0.10572888087864753,0.11351447595950692,0.36326012212372827,0.49554461785981063,0.24974564616422135,0.2036982951697122,0.167920845286122,0.11665031707389406,0.09004376718994539,0.3709969587243734,0.5726622158359563,0.280953191534428,0.5605245612515624,0.3904865248607458,0.5050055562058078,0.17222998056424096,1.171716713692217,0.9009516997403477,0.9994867331279761,0.08478151637002697,0.029292190088676347,0.16618786254313955,-0.10350359419663097,0.31445177850278655,1.960189787333084,0.4179553726994175,0.38712787278865873,0.3789048230753602,0.10685876242811058,0.2617518006794799,0.519484596892347,0.276029627260776,0.25773279621286715,0.24404822323874192,0.2128893483854661,0.11013610381733058,0.1347968910768045,0.4003777115718043,0.45128828374869645,0.26558082049499976
1412,İpsala,Edirne,2019,0.35094690539815204,0.3085726858787588,0.1891592817311341,0.175879443095405,0.6210624670261436,0.5389968648292579,0.4451830239307386,0.22331775479591484,0.1835755151447402,0.14724225005040043,0.08219501409402251,0.43354965785591115,0.6593396489453418,0.35135464376188863,0.20462204222220684,0.16210771899819076,0.13650499251919754,0.07621979191605344,0.4042869943404225,0.6671079568786709,0.32806720242436904,0.2194003101243612,0.18353407563191027,0.14034511209196332,0.09779748130826645,0.41010896852940365,0.6396759968680648,0.3123114872211372,0.5486575510595963,0.3591175223885429,0.5588358016133461,0.14173940826929005,1.2341982330341372,1.0185511901441855,1.0924588247648472,0.005579023215987368,-0.011740783584849781,0.15942055170409541,-0.19137639614306728,0.21482972363893474,28.5749934230882,0.40620611978200205,0.39797843437293035,0.37887413843317624,0.1578321547313259,0.2539806778846354,0.5976004689589122,0.3965846917811316,0.34361979107427676,0.2365816448311141,0.20116062210858662,0.13620008008472484,0.10357387133895067,0.43556116298038616,0.5757001147825838,0.3319872916414355,0.40172304308657586,0.25381017503222514,0.27239529437960247,0.1445946259079021,0.8242005303270398,0.6780673876377518,0.6796059044191377,0.27753327948545514,0.1365721895051861,0.23261540155084215,0.07430922655935553,0.6445189888624806,0.838153182861924,0.570209762303125,0.2563716722275855,0.13081272729174392,0.216719531418303,0.06450856583551881,0.5995897697948341,0.8453333768713627,0.5350812039593154,0.27207813852981705,0.15225547626718852,0.22205998942573796,0.07435299151763122,0.6367533133042397,0.8161625576595247,0.5624003217866085,1.0592680965229821,0.2960962242087943,1.309339674817516,0.11017267579456798,3.2966616449695016,1.236079590346756,3.186488969174934,0.059163071791949885,-0.019567079426916288,0.23164127653117422,-0.18348443401618228,0.4257629510446796,3.9153017163434853,0.6092473850608618,0.4311013585337552,0.3397502556769689,0.20485411304898535,0.23055288904989416,0.746089673323877,0.47518781602945304,0.5155367842739829,0.2782649455106536,0.1581591542236042,0.20659644812086403,0.08792587999059345,0.5995981306344438,0.742445110151161,0.5116722506438504,0.4092394826758607,0.38671420499836395,0.1724508695972219,0.20709319692018566,0.6601516525044415,0.42139352847782796,0.45305845558425584,0.2669685998786869,0.23043949692094967,0.1374933225692624,0.12900373456678707,0.4726249543879325,0.5150168320609266,0.34362121982114546,0.2344101289767558,0.2011415336047654,0.11746564365625443,0.11527883586662506,0.412101638559344,0.5011116378332882,0.29682280269271893,0.2358540701090846,0.20700894616660934,0.12206682767101838,0.11344873061979215,0.41790289649138895,0.5175523475789983,0.3044541658715968,0.7086008082311007,0.5154273668619976,0.5590445057547071,0.20422062167852442,1.4840050183739377,0.7889413888057296,1.2797843966954132,0.07047247072939908,0.058592334981312236,0.19696091684715117,-0.16789130436535601,0.32414574750186276,2.794863225435131,0.4920370518672188,0.41096953740903,0.40230236048576284,0.11069150097537979,0.2852214337573039,0.5663429275123034,0.2693423499786328,0.2811214937549995,0.27258460282709135,0.2480268207646815,0.11921370454000293,0.14259420403015846,0.4511504296794594,0.4373457022281768,0.30855622564930096
1412,İpsala,Edirne,2020,0.44941351025817516,0.37106386453223544,0.23995855109155687,0.1913876911726492,0.8085855186449087,0.5339371105103351,0.6171978274722595,0.3000375967967191,0.22261383688147912,0.20053286613878912,0.09767971058996153,0.6054534312623401,0.6683591265885714,0.5077737206723786,0.27807235890541926,0.2011564312355365,0.1888237088376081,0.08789664143384464,0.5683693837677624,0.679045229741201,0.48047274233391774,0.30543045710018873,0.22255890073359366,0.19356079186149783,0.11334395254669391,0.6054858939468739,0.6337311403034214,0.49214194140017997,1.0557219340311146,0.45263968147881756,1.116363202834482,0.17217942735853786,2.828085018418145,1.0574405691959226,2.655905591059607,0.08704110368249601,0.0429760464246403,0.1961985878406814,-0.1444758005239127,0.37107511770429563,2.2540912228820575,0.5155509182282083,0.48114880518928727,0.4257327917628963,0.1824627194534241,0.2851923283272276,0.7461160309611848,0.3792230542516717,0.46092370263395727,0.3078870071365245,0.24021936286201423,0.1797884890379131,0.11525500028644872,0.5800685890316316,0.5839430858418477,0.46481358874518286,0.45379132889209056,0.3085327687667499,0.2931336754312374,0.15233726435038308,0.8789531370320589,0.6459657925745497,0.7266158726816758,0.33575182548447274,0.18355715476586928,0.2700465723704123,0.07429643909480688,0.746068146189786,0.804304107597178,0.6717717070949791,0.30865709621071513,0.1620699448557753,0.2514992952486433,0.06447218388778019,0.6894572081926362,0.8148177972780151,0.624985024304856,0.31424199689150245,0.19129461126612948,0.24306648463907837,0.07439587914456593,0.6835850196396335,0.7735009548166834,0.6091891404950676,1.3585597606653592,0.3899694532551681,1.5669695212166879,0.11068493937846173,4.015556466340714,1.1534049267359865,3.904871526962252,0.15269869445672402,0.10546151533543709,0.23237973096381098,-0.1288043108514587,0.4805109240525853,1.5218187148919546,0.6093152349040439,0.4673457629830692,0.3710290498617729,0.22363507445340114,0.22277825636344065,0.7852179196929315,0.4785216688944346,0.5624396633294909,0.3215997966667085,0.20111824305774342,0.22831163101883076,0.09177467831699318,0.6542963350903346,0.7099246746584315,0.5625216567733414,0.3512389410091698,0.3007423840387761,0.15662071137085185,0.19931324146255874,0.5976340248025521,0.4459093029971382,0.3983207833399934,0.21062537592171132,0.16598971750281294,0.120826428583548,0.10357924508203048,0.3886669169617849,0.5736556103688984,0.2850876718797544,0.19049521104089298,0.15426315194776313,0.10734980530063294,0.09182801742577329,0.34959422369270504,0.5635302048490264,0.25776620626693175,0.19267382656186804,0.16008156329756457,0.11316855121771305,0.0742849873061003,0.36322323416085495,0.5873581961656549,0.28893824685475467,0.5280707841431134,0.35885034250110115,0.46858662118686706,0.17261885704280336,1.1403803060099575,0.8873557016550921,0.9677614489671542,0.05870354937653319,0.011658520730344108,0.19043416665146187,-0.16790397557436262,0.31632886122791326,3.2439974869319936,0.4842328368022759,0.3769282781243717,0.3789107370863183,0.11426934357278647,0.22264647925535205,0.5273347862306245,0.3031593812525841,0.3046883069752724,0.22754594327189082,0.1894285725169271,0.10960205825068266,0.12308365498908365,0.3964555786496098,0.4816700165017708,0.27337192366052615
1412,İpsala,Edirne,2021,0.33364042923704207,0.2929433482210662,0.24860525077351686,0.13696440614900135,0.6679408576397763,0.745129273877327,0.5309764514907749,0.22608141491311312,0.16005907167106678,0.18030507075006863,0.058800972813056705,0.49607645811082196,0.7975227455974782,0.4372754852977653,0.20598756091757636,0.1464778835914764,0.16552626676042623,0.05280426823644171,0.4551079023149757,0.8035740897318538,0.40230363407853403,0.19481143330523265,0.16790819871035645,0.1882969915700843,0.058838492989237795,0.43355182145874066,0.9665602699768578,0.3747133284695029,0.5116268902602338,0.29638561574760464,0.5870028123218387,0.04853421929188793,1.359292195319023,1.1473259586165725,1.310757976027135,0.1137005044178816,0.10549291741363837,0.209283552010863,-0.16013630160926937,0.3631850960962618,1.8406563197088959,0.5233213977055312,0.3688726880061109,0.35540243764529816,0.2256879905735778,0.20717159087377696,0.6289013954495014,0.6118316641806751,0.42172980457572445,0.23122848512027996,0.1816063736717632,0.1703807548925541,0.08013778391217993,0.4784853577751141,0.7368501973445261,0.3983475738629342,0.41050691176532667,0.25384635244058473,0.28039815768478665,0.14452012417940696,0.8476968361914226,0.6830534386838316,0.7031767120120156,0.2931528957593447,0.144407921441241,0.24529845658356175,0.07445990460437389,0.6757293236240225,0.8367594525995483,0.6012694190196486,0.27047318662399095,0.13469801093100187,0.22880648620350633,0.06455102975024697,0.6308517962709881,0.8459488685715482,0.5663007665207411,0.28001214062980556,0.15221605045341358,0.22775987640493348,0.07441450107295691,0.6445516874430234,0.8133928617975426,0.5701371863700665,1.1054679314768188,0.27791635460155106,1.3770105537871595,0.1039886099352869,3.40656788646146,1.2456359108921242,3.3025792765261732,0.09070637862750619,0.02735471109547125,0.2298494464699127,-0.16789165137876635,0.44138240915090504,2.533994300597204,0.6092740605296714,0.4381762209964322,0.3397629851937749,0.2141046176670365,0.2227480597734198,0.761762757792004,0.4886267383021221,0.5390146980185841,0.2878435193442528,0.16208256672701313,0.2146246713314232,0.08788922848863072,0.6191559556394874,0.745629680391512,0.5312667271508568,0.36314914968014234,0.3397765475997226,0.13319281521603002,0.21491420653947277,0.5429041945981695,0.36677165658612926,0.3279899880586967,0.21100860116469883,0.1835425402206838,0.10330294213746637,0.10560234188685177,0.3476338472747934,0.4895674468588851,0.24203150538794163,0.19240677686415225,0.16990794558146669,0.09450144481256431,0.09573297604830493,0.3183582568105732,0.4911544507566204,0.22262528076226828,0.19184989384582893,0.17577202668278955,0.10116697489653255,0.07430311367580142,0.3242001685935153,0.5273235906913276,0.24989705491771388,0.49564864875606346,0.3903328706907254,0.3808032190956639,0.17208148898720724,0.9215692057366862,0.7682926606404985,0.749487716749479,0.0784405308593075,0.050769176631364786,0.1914347673696357,-0.1601076275297431,0.3319523399209909,2.4405083095752746,0.492059967450734,0.3803329319570253,0.37891378370710493,0.1153622633881993,0.2305004976492606,0.5272537816380417,0.3033191546011965,0.2967532839887811,0.23321512943217604,0.21679270266501946,0.09484204326734562,0.13088756534734555,0.3612832445361989,0.40667191488932847,0.23039567918885337
1412,İpsala,Edirne,2022,0.30835096891433195,0.2929270796050731,0.21567980569009862,0.16041218928289913,0.566390420726973,0.6994620657411333,0.40597823144407386,0.19162987938673048,0.15818325222911564,0.13627549907053962,0.06450384604094819,0.38474879712999743,0.7111390953574649,0.32024495108904927,0.1789817271198325,0.14647007155210529,0.12770561595961458,0.05669364709402805,0.3613011522130985,0.7135120328463064,0.3046075051190704,0.1769769091216722,0.17572458573997865,0.16118188809570075,0.08224358949587292,0.34762887472595755,0.9107509499156621,0.26538528523008464,0.39097735746352735,0.28895300599016993,0.3879882142084703,0.10212415227389426,0.9139780101463121,0.9923546896054309,0.8118538578724178,0.06998441310486785,0.0507648463540459,0.19026991348896666,-0.15228609315494965,0.2616931983616273,2.718747004477376,0.413979291516577,0.36295159758127304,0.37101420605726687,0.21430198348843477,0.23839053604995183,0.5741767045677186,0.5904423204541694,0.33578616851776677,0.2093983189401581,0.1855407042880996,0.13801764163527763,0.0918410735075623,0.39646073714147767,0.6591153278299257,0.30461966363391535,0.3868398476495265,0.24597449658368634,0.2676619484851978,0.13676567979786328,0.8164549494790166,0.6919192790286103,0.6796892696811534,0.2760832992414811,0.14438587678363013,0.22503334307962733,0.07447081179334207,0.6366795556788845,0.8150921975283915,0.5622087438855424,0.2558262616590923,0.13473386638280702,0.21234100785688506,0.0645519660618827,0.5956714651712419,0.8300203680412037,0.5311194991093592,0.26717771074793445,0.1522642470833408,0.21860234201513476,0.0743222883190885,0.6367241767115867,0.8181907892061119,0.5624018883924982,1.0246731773860853,0.27847764644864925,1.332281597203577,0.09998506765270129,3.280769859778124,1.3002014950778675,3.1807847921254226,0.05270997608578784,-0.041014742019862965,0.2257193401830644,-0.16987330617024368,0.42382584934870543,4.28228879891154,0.5936991555189491,0.42418853680121077,0.3319338647997899,0.20608030822778656,0.22273828978606436,0.7539464518948474,0.48582243589567536,0.5312081621087831,0.2741373409609935,0.15817093131377757,0.20278680866561474,0.08790686706217132,0.5957251733163723,0.7397270578124886,0.507818306254201,0.38277263590966415,0.3476382866031244,0.16419501879496873,0.2071521745556303,0.6288750739548199,0.42896227000333276,0.4217228993991896,0.2372080477412801,0.19917415995982432,0.11948981475139561,0.12135965905616818,0.41012833216313194,0.5037342362082153,0.28876867310696375,0.21454910957447793,0.18553145211869915,0.10440666666542793,0.11530535201914925,0.3613231909329907,0.48663295257902023,0.24601783891384144,0.21357541627736798,0.18351885319153033,0.10758161356656554,0.10559336363623525,0.3710416995684564,0.503717213533839,0.26544833593222117,0.5755795229744053,0.4217815962896888,0.44041953930316047,0.20417053913647748,1.171835181282071,0.7651758301393653,0.9676646421455937,0.0687979018616798,0.019469209861698457,0.17672553556635304,-0.1366242350798481,0.3085264290254713,2.5687634474909555,0.4451506641053194,0.4018908323805148,0.4023907629764242,0.10116699363055631,0.27737697293228963,0.5272975621947451,0.251727547581305,0.24992058926245547,0.2523992801086938,0.22460664001962957,0.10891374818218091,0.14264230179680412,0.41212995166169003,0.43151370374463055,0.26948764986488594
1412,İpsala,Edirne,2023,0.3647176239520502,0.3085453975236971,0.20698033004452235,0.16022305065972534,0.6835702469448823,0.5675084406443004,0.523347196285157,0.239429739654873,0.1835865970293425,0.1629671188777206,0.08211297339061882,0.48831303713076596,0.6806469368117355,0.40620006374014717,0.22031590545681873,0.16991719327060714,0.15117900580691682,0.07232946983511825,0.4511851433048285,0.6861919728103674,0.3788556734697103,0.2335641498839709,0.19134608214295756,0.14734507279623893,0.0977518031011997,0.4570403052308336,0.6308548331130289,0.3592885021296339,0.6007428056696795,0.3422415118181993,0.6008302885489335,0.10173747323737843,1.531068750072256,1.000145624514232,1.4293312768348776,-0.013596608747969951,-0.05080355790613393,0.1690754732975703,-0.2070027267195429,0.21481265762175494,-12.435120876947659,0.42181538434129784,0.41321786990845405,0.37882679772148015,0.15776090712080706,0.25396929883998837,0.6366598782838739,0.38178626484802813,0.38269057944388557,0.24985189942367153,0.20509094425958815,0.14992343076323192,0.09963959132718814,0.47847981656698413,0.6000491935785053,0.378840225239796,0.4526616647457131,0.33202202535260106,0.288457172715157,0.14456645353018327,0.8711182157241303,0.637246745595743,0.726551762193947,0.34201754611738283,0.21478702929653296,0.26363848625231123,0.08203449333192957,0.7460846116821279,0.7708332196554286,0.6640501183501983,0.3102711940244321,0.1894282178600781,0.24257898967586602,0.06838281039907876,0.6816430956321022,0.7818289107971922,0.6132602852330234,0.3214346656804625,0.20700846654814742,0.24325924062229876,0.08210771507292013,0.6992376194422533,0.7567921776804318,0.6171299043693331,1.4347391982957929,0.40481771926080423,1.7042155340345093,0.09929620006837062,4.343630801266574,1.187822522768462,4.2443346011982035,0.11325970710787717,0.019451466309310363,0.25821367230869197,-0.1600721159592538,0.5038958705371667,2.279837012669913,0.6639679864964205,0.4675367642875485,0.3866286887888093,0.21978684904150492,0.22264533774182507,0.7852165219126814,0.47009532903027434,0.5625711841708564,0.3233511665497591,0.2245977790308757,0.22128725243852737,0.09180850082730205,0.6503908389871015,0.684355819092041,0.5585823381597994,0.28676591284511227,0.2617111855567487,0.12002425101678318,0.1680562953417677,0.43348838936521705,0.4185443445002843,0.26543209402344936,0.16958755708475212,0.14450265079787455,0.09571160167975008,0.08224142465019481,0.27725150946080246,0.5643786803999883,0.19501008481060766,0.15317709007620287,0.134747552223876,0.0877957347761563,0.07622924334717059,0.2519611503773128,0.5731649212847658,0.17573190703014224,0.14396874159974313,0.13669334960145274,0.10016187282495173,0.03523074984164206,0.26162768148835774,0.6957195826814843,0.22639693164671568,0.3394225625312068,0.2652964638631308,0.33920264707276104,0.0788039189446974,0.6403939736461414,0.9993520894521397,0.561590054701444,0.07547137165362677,0.027294173944692076,0.20404712208076312,-0.16008983354464162,0.36321423836294836,2.7036360623897266,0.52330407190759,0.3313394321522009,0.33202695666035736,0.12088418986854446,0.17585218779047765,0.4803960911580064,0.3648349038427043,0.3045439033675288,0.18566629877924348,0.16600537493291617,0.08787840037979194,0.10357180076612314,0.2909719809196048,0.4733136867465593,0.18740018015348164
1412,İpsala,Edirne,2024,0.4381293645270848,0.3945347333859932,0.2400724684732861,0.19149214236212556,0.808638122462322,0.5479488203955912,0.6171459801001965,0.2937936445421965,0.2304538415033769,0.20157302672785818,0.0977437184726691,0.6210673238768,0.6861041090318991,0.5233236054041308,0.27094741537024075,0.2070244261730325,0.18765854439722726,0.08996938522760545,0.5742231562502615,0.6926013453230326,0.4842537710226561,0.2778616966215188,0.22259305100556007,0.19687800256601587,0.1134346539039294,0.589874457082667,0.708546751710753,0.4764398031787376,0.9669025698685454,0.4677357452615766,1.1169227927855134,0.1600065299398269,2.780861756795183,1.1551554702531859,2.6208552268553564,0.10371840359763575,0.07424646713954475,0.19942572077542509,-0.1367219585374291,0.39450978553217597,1.9227611866171355,0.531231744069605,0.4536580231133778,0.42575798382317454,0.19443694160462782,0.29308029617047815,0.7226847870791312,0.42859804455841033,0.42960449090865305,0.2996715011833324,0.2538746258679398,0.17611298025877542,0.12120975527221961,0.5820232224424229,0.5876867822377057,0.4608134671702033,0.42616439846314536,0.28511383892232095,0.2807195301485454,0.14449412665750055,0.8555598909016581,0.6587118284889346,0.7110657642441576,0.32018693944316695,0.17571868132372317,0.26145861682991334,0.07439395443513769,0.7382780226861546,0.8165811425182199,0.663884068251017,0.2946787752976658,0.16206032764660766,0.2432688305655362,0.06837125986859002,0.6816630807435555,0.8255390308304406,0.6132918208749655,0.301779148804351,0.17565859333099212,0.23829006851651618,0.0743702919103903,0.6914791050454481,0.7896174055120158,0.6171088131350577,1.3106566082689022,0.34127157885581033,1.6490908591346205,0.1008765904158322,4.21847521996066,1.2582173307108395,4.117598629544828,0.09086471433138471,0.017585524807146286,0.24415137761580832,-0.17381407227748802,0.47854488642883863,2.6869767809469502,0.6523589587063267,0.45503261801636086,0.3631932827015273,0.21691885216914164,0.23051262281038964,0.7851646557597746,0.4767105556405239,0.5546520329493849,0.3053699458979944,0.18943957461040856,0.2192840197201082,0.08789527772162975,0.6464877441390458,0.7180929972504816,0.558592466417416,0.4105013304381448,0.3945462163392283,0.17321391658996396,0.2070463428018238,0.652312163027852,0.4219570163270499,0.44526582022602823,0.2635915653556339,0.2382413333728532,0.1170546604338987,0.14481359639544844,0.4335495492524258,0.4440758955089108,0.28873595285697734,0.24673696600899356,0.22069827360359956,0.10567632198337074,0.14261937278564066,0.3964688515101456,0.4282954584904754,0.2538494787245049,0.2369015151175559,0.20702791229641254,0.11948088904463378,0.11345715717353486,0.417916188814946,0.5043483533034588,0.3044590316414112,0.6520445343955162,0.484173322822457,0.5125880034269058,0.17331347104296255,1.3905023684620126,0.7861242237113529,1.2171888974190501,0.10315046775002744,0.08206383184074119,0.14537228865832535,-0.07409770436758169,0.30072041960986945,1.4093226315814422,0.3748181239774511,0.43919594196197675,0.4257354263906357,0.10327270457875137,0.3164756799919622,0.5819753051116872,0.235140388860178,0.26549962511972497,0.2804183025535425,0.2597692527843154,0.11335301230752703,0.15433178554166524,0.44332979515310567,0.4042282949269463,0.2889980096114404
1464,Keşan,Edirne,2017,0.3056604821727878,0.2695213578819545,0.14876236563187722,0.1602445957372636,0.5195094755686762,0.4866915231383521,0.35926487983141264,0.1629671291536413,0.13675937566678975,0.09518894674253954,0.07444692777268556,0.2929014226566604,0.5840990587297994,0.21845449488397484,0.15849314794073135,0.13678097177120396,0.09006638851122337,0.07449784078769556,0.2850804795675666,0.5682667653550787,0.21058263877987105,0.19169799964824696,0.1679211727869191,0.10518277856642144,0.08995942166893983,0.33202445150869275,0.5486900163769305,0.24206502983975292,0.41698908857241246,0.2966962226935489,0.3610236472047044,0.11113139659887128,0.8903824968531512,0.8657867965818743,0.7792511002542799,-0.07054659767604184,-0.08985441108287275,0.13092946442490908,-0.2147986875806356,0.09768292658953347,-1.8559288291428648,0.31248161417016906,0.38652034426584153,0.3710528249541502,0.10787157727596586,0.2774169689319031,0.527288435957128,0.2790838279958009,0.24987146702522495,0.19718505606953846,0.17580001301066042,0.10019390269925844,0.09793548512405642,0.3398024035876562,0.5081211766064284,0.24186691846359976,0.4921449046025261,0.48820641508926466,0.3124249908308749,0.1289686221769083,0.8867538598125853,0.6348231748598526,0.757785237635677,0.37545986442999696,0.3320053250829434,0.2745898796141079,0.0743709208416081,0.7538723247582901,0.7313428294951727,0.679501403916682,0.3568491160966429,0.3085833594905949,0.26011828697048517,0.07437265510745589,0.7147860058081308,0.7289307307686849,0.6404133507006748,0.3529780913673839,0.3163387038214669,0.251546002219695,0.06645691053750372,0.6913817187350348,0.7126391364553072,0.6249248081975312,1.652246414462933,0.8432760384257477,1.7181649656466498,0.09779105597690398,4.343656420591696,1.0398963197055227,4.245865364614792,0.09211621674131072,0.0508556004036257,0.26825313787115124,-0.22261802775898495,0.44918705822900584,2.9121163174176434,0.6718050859879908,0.5192542308074708,0.5117098919673299,0.22420549894340427,0.2461307504829571,0.8086087241290619,0.4317836728932407,0.5624779736461049,0.3600967659492942,0.34768290201841057,0.23766532046020997,0.08995659558851293,0.6679612775693101,0.6600040403963973,0.5780046819807971,0.4539773155372534,0.4257963423821028,0.18550819729285623,0.23832813454617233,0.7304505506395763,0.40862878153574483,0.492122416093404,0.32278948711310446,0.27732758778650296,0.18645940879914608,0.12112765338849485,0.6054822308091676,0.5776501907381242,0.4843545774206728,0.3037448908466615,0.2617206003378267,0.1675094379133106,0.12115445001344363,0.5586031791210223,0.5514806765848576,0.4374487291075787,0.2858791977375061,0.26168665329490715,0.14051480623997417,0.12901669976606522,0.4882707068761262,0.4915181214723944,0.359254007110061,0.914012487817701,0.6718923589426594,0.7020722234791886,0.23488959081675906,1.9532429217334129,0.7681210408355125,1.7183533309166539,0.05182336515769413,0.02730807531365573,0.149811403702635,-0.1288670363122588,0.26947621586188925,2.8908080987556772,0.398343252174148,0.49274664426857695,0.48827153688571034,0.11655775339160739,0.3555538198037388,0.6523157758918372,0.23654702624027676,0.2967619560880984,0.3229864429943622,0.2949257218161219,0.1472424077762685,0.15431470750084195,0.5409787609376434,0.4558779817852561,0.38666405343680144
1464,Keşan,Edirne,2018,0.47171254497576354,0.47268238702088977,0.2490425853737288,0.16802714879679564,0.7929343148694423,0.5279541280517026,0.6249071660726466,0.30234779090093483,0.27736851521042605,0.18954481322591057,0.08989065106107631,0.5585474554707878,0.626909866485565,0.46865680440971147,0.28404464380290245,0.2617592587145346,0.17650048369785026,0.08214148046474637,0.5273172609518624,0.6213828971910602,0.44517578048711604,0.29914031328830337,0.2851857894505755,0.18473514192444837,0.08991492983065445,0.5429391231437187,0.6175534814874838,0.45302419331306426,1.0489998771664852,0.41036277435586443,0.9350530239769551,0.41036277435586443,2.4040288670301737,0.8913757230388638,1.9936660926743093,0.1086395151340723,0.1133232780753261,0.19033251400062354,-0.1288253381836139,0.3632495575621132,1.751963949450011,0.4920748957457271,0.4860220621845354,0.496091318891175,0.1818542618000434,0.27744313576605517,0.7069724114071336,0.3741687383133567,0.42952927564107846,0.3191038638755182,0.3164352378289324,0.17785093754760029,0.10557248365456871,0.5585300033547468,0.5573449828767338,0.45295751970017806,0.48240001934129667,0.4961348932338638,0.26903081029882125,0.16023890808194738,0.8163995197008826,0.5576923704650242,0.6561606116189352,0.35336866553007695,0.347705476161329,0.22292794260421794,0.09780810156137858,0.6444888602013936,0.6308650549697464,0.5466807586400151,0.3365291310340277,0.3300875699271479,0.21091945838901857,0.09574771972181409,0.6152385651259786,0.6267494815112803,0.5194908454041646,0.33702657583693013,0.3242402865595945,0.21291084105889752,0.08991825944184031,0.6132494853067044,0.6317330926505753,0.5233312258648641,1.305985423949755,0.8904843624311322,1.175165196746231,0.17261379610949468,3.0152905921307815,0.8998302547605179,2.842676796021287,0.11535130753539204,0.11132688531736615,0.23306082447693532,-0.1738014376129415,0.41600155778370257,2.0204437163005515,0.589802995396644,0.5068995274626227,0.5117543109416812,0.1966971891682942,0.2695797691329465,0.7460357951269899,0.3880397958800585,0.4764560259940434,0.3498780780255342,0.3574190286328335,0.2007160054776509,0.11526545190104517,0.6035114135627286,0.5736741398899606,0.48824596166168344,0.34725495279440177,0.30854856473910514,0.15584321557965256,0.18369457228540056,0.5742050442382419,0.4487861564696593,0.3905104719528414,0.24591176446250687,0.20698043014088327,0.12484400133220915,0.1212755662357428,0.42576820239079566,0.5076780348637756,0.30449263615505284,0.22945568119159493,0.193367212450005,0.11317985464722474,0.1152772120950935,0.3964649655614301,0.4932536603995429,0.2811877534663366,0.22043150879547566,0.19139557170396346,0.11644898256740108,0.09779874065266961,0.3867176467723025,0.5282773919378588,0.2889189061196329,0.5973396807353512,0.42169823248313365,0.4695943420594991,0.17291165586130017,1.2653848675399442,0.7861428885511307,1.092473211678644,0.010094143377664613,-0.019566652993653025,0.12201456307661558,-0.12100709129591336,0.18355546728263886,12.087659003001495,0.3045625585785522,0.4177711205681708,0.4101157111667461,0.10552846917263725,0.3087590599250017,0.558510154321496,0.252598765154274,0.2497510943964943,0.24981824646574216,0.2167755850573599,0.11299789297181315,0.13089507039176723,0.4160465727212405,0.452320415223588,0.2851515023294733
1464,Keşan,Edirne,2019,0.3896770198676462,0.36330555184605495,0.19344238985495488,0.17585936680652425,0.6600887796524612,0.49641723784650577,0.4842294128459369,0.24139434658937983,0.21489175208660907,0.14584071790642208,0.08992432345859987,0.44917816626372026,0.6041596249745741,0.3592538428051204,0.22753720107011716,0.19925087069466002,0.135473687856209,0.08984605934157239,0.41799147476291126,0.5953913787243161,0.3281454154213389,0.2513682994716974,0.23043969839016598,0.13697438210393728,0.10553960058226206,0.44129278888751644,0.5449151002406323,0.33575318830525436,0.6721904326673765,0.5156619390256603,0.5730646387730209,0.1724236937131864,1.4218041658572413,0.8525331675712698,1.249380472144055,-0.003595204742487311,-0.01951836149445801,0.16458342531837736,-0.19918345968761964,0.2226539895391724,-45.77859596516657,0.421837449226792,0.43845798214997234,0.4336309407370398,0.14119369249784436,0.2774001307873677,0.6209888041403364,0.322023314082465,0.3435886733529687,0.26335060231063756,0.24611742603014955,0.13790918610406344,0.11336938523325385,0.4569534599971767,0.5236714284837345,0.34358407476392283,0.49630174079190315,0.4961378032834372,0.28147610822361513,0.16024381893401432,0.84766996302071,0.567147130643728,0.6874261440866957,0.36039286255861225,0.33989115850211987,0.23851803636774682,0.08995677960875338,0.6757326520378109,0.66182785828328,0.5857758724290575,0.33769438881050856,0.3183453660746752,0.22172316506863146,0.08403047660771273,0.630864590619871,0.6565793581872266,0.5468341140121582,0.3532221173199815,0.3243431686991918,0.22730813613432346,0.08991217345605154,0.6601381238531762,0.6435274717760853,0.5702259503971246,1.502083672098985,0.9216556633842735,1.4324663908084938,0.1722897043491188,3.7340732578208007,0.9536528606337826,3.561783553471682,0.11861073060660035,0.09760974507651028,0.25462270570474704,-0.19134390543676308,0.44919980596209036,2.146708855114143,0.6405437113988535,0.5109860815627366,0.5117445283280126,0.20247888343710826,0.26175860413426083,0.7695307358280004,0.39625126934548177,0.5077721316937396,0.35453568470055125,0.34963505640508274,0.21026953500931767,0.10744773845801305,0.6230462410358625,0.5930842622708515,0.5155985025778494,0.3788938276759329,0.33981939656984095,0.16363442810654288,0.19932598917895036,0.6288526455383991,0.4318740928302983,0.42952665635944876,0.2610247793484978,0.21479457911701225,0.1425540283874172,0.12118239281688055,0.4726420725182016,0.5461321670043109,0.3514596797013211,0.23777242003103857,0.201140706217005,0.12486202392069823,0.11525149704804123,0.4238295753212135,0.5251324939385269,0.3085780782731723,0.23974404665619956,0.2069874793169244,0.12211455321019156,0.11345265244792455,0.4258233246082337,0.5093538501304586,0.3123706721603091,0.7039823685756293,0.5154798013868075,0.5450153691886331,0.23466788474139297,1.5155855587019922,0.7741889477876629,1.2809176739605992,-0.008231867918417566,-0.042962122018859086,0.1456587581675551,-0.1600856962941955,0.21486976361218899,-17.694496511741345,0.37495545990638446,0.42953020810881615,0.4179079359884964,0.10712457826654702,0.3165007466605719,0.5819945392590032,0.24939940484793177,0.26549379259843137,0.2648629570566304,0.23241523853324855,0.12105134814645614,0.13870561031487497,0.4472670317047056,0.45703389213680845,0.30856142138983067
1464,Keşan,Edirne,2020,0.4533746671244804,0.41801149326549525,0.247162204174222,0.1680544090288127,0.7929623661824199,0.5451610380920558,0.6249079571536071,0.29133949343027743,0.23826481647017164,0.19679123063889284,0.08218210235130467,0.5741632588162198,0.675470490875925,0.4919811564649151,0.2749607710432565,0.2226417212871272,0.18377040330592415,0.08216444606462052,0.5429425953687843,0.6683513528444885,0.4607781493041638,0.31315192900457617,0.26954315086915437,0.18735840138757417,0.10549271324379267,0.5819943015516105,0.5982987298948947,0.4765015883078178,1.06780200969649,0.6561107215548886,1.0115523062317682,0.15847956162917215,2.593573266984682,0.947321972656045,2.4350937053555097,0.044088934048176605,0.011671938627912633,0.21274685215126943,-0.19915746285315192,0.33986436060641967,4.825402490311921,0.5390218234595716,0.495795640718367,0.4804420627363858,0.17180475735202969,0.2852016777442277,0.7304516944431128,0.34652333187742185,0.44525001669888503,0.3085749431907749,0.2753807746126069,0.1812452358503894,0.10746705242160522,0.5644120592741958,0.5873621298484222,0.4569450068525906,0.5166970910058061,0.5194932354681059,0.3016300740244943,0.16018928911698482,0.8789205605838547,0.583765767748642,0.7187312714668699,0.39664343908191646,0.36332951873521885,0.2718864904266614,0.09001824614745146,0.7538674583997733,0.6854682660476586,0.6638492122523219,0.36858806682601364,0.3320604702304031,0.25156463926835104,0.08991478288224537,0.6991650036507002,0.6825089087517808,0.6092502207684548,0.3787066701936695,0.3476635557585422,0.24426103394442897,0.0976767382921916,0.6913940365031908,0.6449874089080992,0.5937172982109992,1.7355802268568479,0.9686376253362269,1.6596477400179668,0.15764771086358764,4.218373849919502,0.9562495091474996,4.060726139055914,0.14685062438606464,0.11321366954248052,0.26744002609803164,-0.17570416746136433,0.4804450885205687,1.8211705072151556,0.6561492559819331,0.5293119109613726,0.5273737756541071,0.21633489044092355,0.26176723348425485,0.792959208238854,0.4087096586358717,0.5311919747545992,0.37534526240711646,0.369151496705347,0.23004077003872317,0.10742262957351771,0.6621061451213349,0.612877777019097,0.5546835155478173,0.397665857948474,0.3554655561860532,0.1703893198461753,0.2149485200540187,0.6601377274313289,0.42847359520679,0.4451892073773102,0.2720050159406249,0.214847361910347,0.15660209172032735,0.11347019654947256,0.5116622717060327,0.575732367209403,0.3981920751565602,0.2527196252955805,0.2050795463739985,0.14064480342567012,0.1113672911403085,0.466805546530335,0.5565250552313543,0.3554382553900265,0.25406160723784293,0.2167926048559926,0.13125661211143125,0.11916533954293686,0.4511681866548373,0.5166330070035089,0.3320028471119005,0.7574677492599342,0.5153796209643143,0.6045704998672886,0.23513435904501884,1.6717550789788815,0.7981468524012669,1.4366207199338628,0.026390507233681373,0.003835240530422923,0.15137288277955865,-0.15226285304073994,0.2460664224433984,5.735883794850529,0.3983292754841383,0.446783804406317,0.43354205944366175,0.11535359990936699,0.30867767577148336,0.6054130993169315,0.2581866190576178,0.2967354235454482,0.27804876225289554,0.24023225059096706,0.13104100538076624,0.13871284859971922,0.4785009517106424,0.4712878572772773,0.33978810311092317
1464,Keşan,Edirne,2021,0.3891759430562135,0.36329642376018034,0.20989464064807126,0.15247467068969642,0.6757643908853661,0.5393309745709374,0.5232897201956697,0.25919636597558937,0.22265462188908733,0.16721315425413102,0.08234224944843761,0.4959966871683668,0.6451215225366194,0.4136544377199292,0.23993180592027175,0.2070334647187573,0.1540191833916053,0.0821692322275067,0.4569607856050828,0.6419289964532054,0.3747915533775761,0.24440841645945305,0.23047120174611677,0.1404051811505338,0.08997737100616639,0.43351195663868775,0.5744695014372665,0.34353458563252137,0.6383281655947498,0.48450281510147747,0.5297072570658813,0.14121800162767004,1.3903222642079187,0.8298353192238304,1.2491042625802486,0.023122376998572367,0.019535121598144148,0.18056420195051737,-0.19912547140398443,0.2617063939571116,7.809067465756909,0.460831865361096,0.43290480743480836,0.4257981651443975,0.1448576065716661,0.26961314394788016,0.6210377701692329,0.3346176898104334,0.35142462622135273,0.2691729436378258,0.24612337864778333,0.15365437164194234,0.10559791357883161,0.48039400578189717,0.5708388427355665,0.37479609220306553,0.5147824734203108,0.5430142885123053,0.3004880304411818,0.15242618752958628,0.8789098556202991,0.5837184557677018,0.7264836680907129,0.3897435103244038,0.3789826016652979,0.2660940280826964,0.08992791054582527,0.738302482637569,0.6827413953890149,0.6483745720917438,0.36466338765981704,0.3574507618996765,0.24664276178317388,0.08403988260573043,0.6855307711475171,0.6763573479804864,0.6014908885417867,0.37344301835110794,0.36331822782023454,0.24491721815019882,0.08987714915817706,0.6913688140968907,0.6558355789635616,0.6014916649387136,1.7386673538801445,1.0312692759104052,1.7081880317386462,0.15763181737025697,4.3433553735495,0.9824697219548764,4.1857235561792425,0.1412290766819279,0.1288719495846249,0.27634973016346365,-0.1913799852377861,0.48825423562094183,1.9567481191274132,0.6796342208587279,0.5296072507608385,0.5430084259125019,0.2151268307022404,0.26178621213167586,0.7929468871824934,0.4062006900267836,0.5311606750508175,0.3732294971211551,0.3886924142310797,0.22773468155390852,0.10354871366372141,0.6543012326711476,0.6101733204650299,0.5507525190074262,0.4101574040261692,0.39450677036484605,0.1593349450845661,0.21488544645945287,0.6366699766031775,0.3884726778561337,0.42178453014372463,0.2699979702226168,0.24605877079470836,0.12809267724041726,0.12118884590509214,0.44923105203501745,0.47442088966373785,0.3280422061299253,0.25343593731910347,0.2304600687620795,0.11852153260355783,0.11334123140339707,0.4179451241206586,0.46765874586415224,0.3046038927172615,0.2511933358646591,0.23824509857507253,0.12175253946259267,0.10554709920997583,0.4179366288440691,0.48469653481648073,0.3123895296340933,0.7163894545121813,0.5779689593085813,0.504829805779487,0.23489086872402454,1.3903896968739489,0.7046862605246558,1.1554988281499243,0.05510535181888894,0.03511548014978802,0.15735431064916322,-0.13670965719442033,0.2772400262322064,2.8555177574463015,0.41394968342662675,0.4473524386747436,0.4492035445399095,0.1259756837714384,0.2852433279249845,0.6053977787746639,0.2816027652484342,0.3201544508496794,0.2848221688507012,0.2714770928192003,0.11703800684034309,0.1425787384657123,0.4511594503865382,0.41091607199189734,0.3085807119208259
1464,Keşan,Edirne,2022,0.3510314597978444,0.32425817533336565,0.1762936943952197,0.1602135029258168,0.5898341497314816,0.5022162244282764,0.4296206468056648,0.21192228929024634,0.18359832592688816,0.12694907015414253,0.08224239174363493,0.39450973284533813,0.5990359512409501,0.3122673411017032,0.20102185383582538,0.16992221921434755,0.11910342292560544,0.08012428040815356,0.3730357702546147,0.5924899241197787,0.29291148984646115,0.21740662015954457,0.19920929387534375,0.11647713168393964,0.09777097312351696,0.37105243587529096,0.5357570601965226,0.273281462751774,0.4985051673762416,0.3904992714852331,0.38632544478342457,0.14137055346394395,1.046658244763301,0.7749677838180751,0.905287691299357,-0.012204376952094776,-0.019509437027619595,0.14617620635401332,-0.1913785735559093,0.17575275694602518,-11.977359182512258,0.36713133050193447,0.4177191547081729,0.41015714088236843,0.13299572572272428,0.2774175692832938,0.581934773700186,0.318385509076398,0.3045172044168922,0.23619673181063827,0.2128831401852068,0.12479125424088111,0.10746132645472364,0.41206428808757495,0.5283360751194802,0.3046029616328513,0.4659427368848338,0.4257527194074527,0.28388827712992853,0.14454876152808918,0.83203312259996,0.6092771807710282,0.6874843610718708,0.33725781642198105,0.28513326534241906,0.2327918078554561,0.0822090543866975,0.6523079063689043,0.6902488141718388,0.5700988519822069,0.31889486665199646,0.27147284260553656,0.2188730332393214,0.08401754903213078,0.6152362104971983,0.686348562261973,0.5312186614650676,0.33489734965665774,0.2851084729129676,0.2302692330150114,0.08203285529548082,0.6601362763832207,0.6875815328221833,0.5781034210877398,1.4068349159895517,0.7184793844914106,1.4415091930886765,0.15652997477718572,3.656367281401987,1.02464701203036,3.4998373066248014,0.09342418439327793,0.04297411925241111,0.2577890455464388,-0.1991052320827489,0.44917574090264256,2.759339535266922,0.6482809729853914,0.4953022290582171,0.46486419090874354,0.20722786528502066,0.2539717610016676,0.7695319327425781,0.41838670033658054,0.5155601717409106,0.33541888321035973,0.30273998441312105,0.21095744512553527,0.09965070305583666,0.6113372761754693,0.6289372950813631,0.5116865731196326,0.3686022020193617,0.33987523418466137,0.14911512556871048,0.20710391211031648,0.5820190037484824,0.40454214530405286,0.3749150916381659,0.24712717627401104,0.21483740954240513,0.12549385878986855,0.12132198789364994,0.42576849465431327,0.5078108392689389,0.3044465067606633,0.23093238612932007,0.2011552543467278,0.11387381103406315,0.11918837450807897,0.39650407433944673,0.4931045529936837,0.2773156998313678,0.23015853702917585,0.2070277470692211,0.11283759009626027,0.11350394553156082,0.3945035194325208,0.4902602855959086,0.28099957390096,0.6305847181086179,0.484136480435834,0.47595658348999187,0.20416259958280206,1.2656050634759355,0.7547861053746764,1.0614424638931335,0.024550421444831105,-0.003927861442599865,0.12736369456166888,-0.11318293473695576,0.2148104075599648,5.187841473429544,0.32799334229692056,0.43049545291488417,0.42576559368829187,0.10471572527683404,0.3086748081632072,0.5663521390023079,0.24324467208144473,0.25767733083910066,0.2582986267351624,0.23241488565479912,0.11079971032187079,0.14262420653756178,0.41993257374110615,0.4289597344064684,0.27730836720354435
1464,Keşan,Edirne,2023,0.39088252300513154,0.3319866372564448,0.22155863912161802,0.15241640419980865,0.7148167283684312,0.566816437374227,0.5624003241686226,0.24814791482709364,0.19136611123903005,0.1758855367693206,0.0743416026434686,0.5116700897008388,0.7087931280497578,0.4373284870573702,0.2334893273750753,0.177761915791946,0.16198319107367523,0.07231207996564394,0.4746323734274739,0.6937498724019483,0.40232029346182996,0.2569838343215382,0.21485764816823014,0.152364863631495,0.0899151111465462,0.4804360570790418,0.5928966856368719,0.3905209459324956,0.7113204899383054,0.45304930347074523,0.6399326464775557,0.14104994594634784,1.6715593246787632,0.8996403949126485,1.5305093787324153,-0.036321221447399264,-0.08207531820935994,0.18012181051849563,-0.2382189909977669,0.22264605863841508,-4.959134173925007,0.46086504963618197,0.44349486002144634,0.4179419144048958,0.14998645761274712,0.2696100086599692,0.6522951918280496,0.3381920990143925,0.3826851831680804,0.2658475225194271,0.2207296114629848,0.16220336690311873,0.09575224434324404,0.5019340104772128,0.6101368384626024,0.4061817661339687,0.5356405947899614,0.5585948923496443,0.2985557817153867,0.16799899232990376,0.8867007699417588,0.5573807971601895,0.718701777611855,0.42054594409531787,0.410119873551824,0.274909720600497,0.09776168633042782,0.7773020942369858,0.6536972344172411,0.679540407906558,0.3852706745495275,0.3711237534325489,0.2512913313281463,0.08994222808002952,0.7148371087194896,0.652246194501996,0.6248948806394601,0.3974573247666478,0.3710700938759024,0.2528983711455005,0.0977407344466285,0.722588757240088,0.6362906289221877,0.6248480227934595,1.9846078111663863,1.0941076167323551,1.9045243210602263,0.1585572282631122,4.843205182439249,0.9596476998349142,4.684647954176136,0.17357275808324457,0.15234290006467702,0.28495108717929374,-0.17572532656690054,0.5273405750155081,1.6416809315355392,0.7030659015824087,0.5366873073393671,0.5429929365125261,0.220266702865582,0.26174891206751694,0.8007336654765447,0.410419064981351,0.5389847534090277,0.39010992691353663,0.400405301365865,0.22752887075587455,0.11136124575478057,0.6660274228430012,0.5832429657866761,0.5546661770882206,0.29917540031607287,0.2695200143357983,0.13358778563986104,0.16810509318475908,0.480423146725053,0.4465199528394654,0.3123180535402939,0.19030223521507367,0.16010422535004623,0.1078241156861967,0.09778138096410266,0.32412744662879256,0.5665940579433407,0.2263460656646899,0.17596143901352404,0.15038912731618745,0.09812399061950401,0.08795367841771844,0.29884518879957434,0.5576448520176196,0.21089151038185588,0.18212203391042797,0.16010398457868688,0.10050606445069014,0.09001787689334412,0.308489717657595,0.5518610916684659,0.21847184076425086,0.4484040480618498,0.32781943461936985,0.38045860225605177,0.17294275934280984,0.8592302820408211,0.8484727198617393,0.6862875226980112,-0.01459761083180227,-0.04299291898176506,0.14823935868486066,-0.16006194438923502,0.17573957273178253,-10.155042519828468,0.3358015171210176,0.38067555527771985,0.37888233920398035,0.10721852366275529,0.26176724869093476,0.5116532153983304,0.2816532928796402,0.24988596670739566,0.20427156990196815,0.17771660745203063,0.09803876700473865,0.1113821710669521,0.3339902446627351,0.4799432787038763,0.222608073595783
1464,Keşan,Edirne,2024,0.43816563140326203,0.38674459680371215,0.23701331772746573,0.17583538707094146,0.7851722279871625,0.5409217445202418,0.609336840916221,0.2887328921749224,0.22258272555712674,0.19630719643698463,0.08988617902968347,0.5897967743921468,0.6798920447139646,0.49991059536246335,0.270723128720761,0.20700190131422344,0.1830293499379596,0.08987256121919523,0.5507804685073664,0.6760757782418596,0.46090790728817116,0.289097642603937,0.238262819403051,0.17879746917013628,0.09772492130271747,0.5585685941744102,0.6184674062357829,0.4608436728716927,0.9797625379359588,0.5303588971464984,1.002046816521047,0.1588095519847451,2.5309978896837415,1.0227445709774063,2.3721883376989963,0.039718852464975085,-0.0038973157555305727,0.20249751264438942,-0.19133365825562715,0.339835285031676,5.098271981119192,0.5311689432873031,0.4711656314601823,0.44138687754212624,0.16218048209345093,0.2930510674759955,0.6991675372989997,0.34421118872961903,0.4061164698230042,0.30019851706444883,0.253865300552976,0.17554678790690978,0.11335940507526415,0.5663879359042006,0.5847690042693385,0.4530285308289364,0.5105384873766573,0.4883137074729499,0.29164214833141733,0.167990575622459,0.8711130191119499,0.5712441971417015,0.7031224434894909,0.3871286748732448,0.3319803752853732,0.2646877982300875,0.0977443951758425,0.7539203065380061,0.6837204666297391,0.6561759113621636,0.3634791697408298,0.3163619566750848,0.2466353975740131,0.0900250772763951,0.7069803415061234,0.6785406650671911,0.6169552642297284,0.3758337245724954,0.33204193611472177,0.24479737041433816,0.09773992444190568,0.7070473285808453,0.6513448751646518,0.6093074041389396,1.7822232922977364,0.9061727510012354,1.7829079484818522,0.1584764391090483,4.655967373485178,1.000384158476143,4.49749093437613,0.14064104186745252,0.08978348621287334,0.2715599417260125,-0.1756888720696401,0.5039079894882745,1.9308726536734904,0.6795968615579147,0.5288820882095737,0.5117387389321117,0.21398985140032895,0.26962881813060213,0.8007732500223708,0.40460786283148575,0.5311444318917686,0.3707989741997464,0.34569175841954763,0.22361856480500883,0.11528152960163461,0.6621122509805324,0.6030722314904445,0.5468307213788978,0.3765217449886937,0.3398265020977114,0.16125623911032147,0.19935922530679326,0.6132257588349962,0.42827868843315736,0.4138665335282029,0.2627105751665498,0.23047428006663367,0.11901464778908921,0.14475461991086483,0.4335153689331262,0.4530257212281534,0.28876074902226134,0.2527319346631554,0.22460442051661236,0.10963034755455643,0.14264185829839732,0.4081782100898009,0.43378114325232886,0.26553635179140356,0.24408837499024014,0.20699683132472357,0.12391341610638586,0.11357719976572629,0.4335439756812316,0.5076579993264346,0.3199667759155053,0.6736915178586512,0.4841093252448079,0.5424709253137545,0.17392930196872153,1.4842982146786559,0.8052215456682825,1.3103689127099343,0.05020048698896591,0.02730195773489721,0.11376423966120491,-0.06630759586750966,0.22264481466526098,2.2661979292394183,0.28895241053277065,0.45694347657542633,0.4413510775969401,0.103019353159289,0.34784540470842146,0.597611363908291,0.22545316530475493,0.2497659591998695,0.2727914991435096,0.2480388515873901,0.11328277086202873,0.15434588875984204,0.43947054021220766,0.41527236448974963,0.28512465145236565
1471,Merkez,Kırklareli,2017,0.33055302695057176,0.2929421772544708,0.14037057152777196,0.1915963814564259,0.5351591102415273,0.4246537169020142,0.3435627287851014,0.18917034343684863,0.16210881851623107,0.09782038550584553,0.0918284443315075,0.3261919028202606,0.5171021193314121,0.23436345848875312,0.18293205151229844,0.15818456567711064,0.09246301732738248,0.09180288577103794,0.3144400885314639,0.5054500649994964,0.22263720276042592,0.2145184872653122,0.183549908366673,0.09840199719183663,0.12127572751118339,0.3554604675508971,0.4587110344020607,0.23418474003971373,0.45981345720829814,0.32780919891510235,0.38090671685552097,0.17253268270948482,0.9527857902743497,0.8283940169305833,0.7802531075648649,-0.11197428887113271,-0.1445594746526401,0.1374062162880785,-0.2460369842727524,0.07420935004236696,-1.2271229196750202,0.32024633431511934,0.4347021702220677,0.4178998333256381,0.09262032845096561,0.3478043293925095,0.5585078996962421,0.21306617448827206,0.21070357030373266,0.21980192822151215,0.19921115524642408,0.09817806867151373,0.1212459997194812,0.3632668766698795,0.4466660937231259,0.2420208769503983,0.48456375021906894,0.49610711056144496,0.25631764762590853,0.1758512637568795,0.8242029112294186,0.5289657914155331,0.648351647472539,0.37282026065424884,0.3554463259941454,0.21788595787708404,0.12115527044809776,0.6757588909267582,0.5844262795555258,0.5546036204786604,0.3509559741197122,0.3339751072951738,0.20484116557913928,0.11526104311684228,0.6386585529341694,0.5836662735060533,0.5233975098173271,0.3401900989049868,0.3241690547448105,0.20355610387406375,0.1055152448671991,0.6288758308980278,0.5983598715226449,0.5233605860308287,1.3041151649556002,0.8436080166872894,1.2657670015480667,0.15799477083927077,3.218485263877479,0.9705944962239289,3.060490493038208,0.07923449486132468,0.042905784689605306,0.21751356420630946,-0.17573071810864202,0.39450941378274185,2.7451877441384496,0.5702401318913839,0.5262071882650347,0.527389289865232,0.17113082771355312,0.3243542080045283,0.7538864801182453,0.32521567840566956,0.42953227211371703,0.35712240753903235,0.3574500204062324,0.1914096799537359,0.12697689730270592,0.6152133827369292,0.5359777933643535,0.48823648543422327,0.44629561765027065,0.4101212316368637,0.1879304230785579,0.24614368031661044,0.7305325426947263,0.421089555098041,0.4843888623781159,0.32131872090874997,0.27734335863377063,0.16894566043779025,0.14459662581482025,0.5741920028568692,0.5257884133236309,0.429595377042049,0.3031446901646796,0.2616681812258362,0.153720263522291,0.14458794976302125,0.5272788070320487,0.5070854562512191,0.3826908572690274,0.2902727020325105,0.2616701651391929,0.14649812209153504,0.13680193763310794,0.5117014696939421,0.504691350808204,0.3748995320608342,2.88258026539162,0.9381461238955022,73.38030319755893,0.9381461238955022,0.9381461238955022,25.45646484802728,0.0,0.01752913785788935,-0.003953388800242442,0.155823023412959,-0.1522835395081482,0.23827614202065617,8.889371780645083,0.3905596815288044,0.5106373445806675,0.5038907137731888,0.11900227475877796,0.38681829975649334,0.6679361429600507,0.23304655646856767,0.2811178432035573,0.32003501317646504,0.2929625859216927,0.13959767446978494,0.16805979314899516,0.5273425434904593,0.43619500592834126,0.3592827503414641
1471,Merkez,Kırklareli,2018,0.47754107578842003,0.48830678439067665,0.1993079620702813,0.214860607264913,0.730429594960259,0.4173629708004154,0.5155689876953461,0.2862112673119573,0.2851736842886434,0.13800226535280943,0.1132973086951228,0.4726132832160058,0.48216922642110116,0.35931597452088304,0.28088681478588456,0.2773272458183916,0.13595613220094557,0.1133099352670569,0.4648050347035647,0.48402461434361993,0.3514950994365078,0.2862321265971726,0.28518178601454935,0.1392332262702736,0.11331924667373579,0.4647818823425075,0.4864346568134289,0.35146263566877173,0.8689053061912463,0.734295540871079,0.6284945300155049,0.20308470353240332,1.7029625590621245,0.7233176337366883,1.4998778555297212,0.0797992314038472,0.07423306691919793,0.15467005798348524,-0.11324724026107112,0.28513010642350395,1.938239946206154,0.3983773466845751,0.5279082017874046,0.5429807638453549,0.1383017994819532,0.35552164976779843,0.6913763760732341,0.2619807743347945,0.33585472630543567,0.32177832330548356,0.3242462044081437,0.13886042238531027,0.1367369959183399,0.5038581538452276,0.4315406362953843,0.3671211579268877,0.46951630709744213,0.5039460735138314,0.2073018742720874,0.1913993426871821,0.7304299590425278,0.4415222030383378,0.5390306163553458,0.33502741851836015,0.35552448090554767,0.15993027361224157,0.12113111014951417,0.535091693907473,0.4773647312793806,0.41396058375795886,0.32120938180563474,0.34178982146594916,0.15167706205570258,0.11915358517411148,0.5136440096276108,0.4722062014598411,0.39449042445349936,0.31996143952904327,0.3321048383368601,0.15533725556671787,0.11328716870400114,0.5195013978069126,0.48548742559528874,0.4062142291029115,0.9994364568856908,0.8907018350642566,0.7358324827266358,0.2030859578104181,2.0156054799223373,0.7362473898736273,1.8125195221119192,0.05845973537413198,0.0644510152589161,0.18060484163900792,-0.17382742364619785,0.2988205922870349,3.089388627628381,0.47264801593323275,0.5189257149580605,0.543019875219398,0.13819563678297073,0.33990454866707304,0.6835205946713976,0.26631102063257683,0.34361604600432455,0.33996764367769805,0.36916023649888097,0.15027426495244922,0.134786260521828,0.5253891670495934,0.44202519783004646,0.3906029065277654,0.3417712374764455,0.3163767962257278,0.12329124429123357,0.20709407111794761,0.5116489189115082,0.36074201328814476,0.30455484779356057,0.23754534309473843,0.214802449717213,0.10128330759786328,0.1368087218651765,0.37888589850588184,0.42637462927433273,0.24207717664070533,0.22418523946121277,0.2011674104686504,0.09114333816427819,0.13089540142840184,0.3495725756920794,0.406553698108422,0.21867717426367755,0.2211616917547261,0.19917653724482084,0.09396128825646433,0.12902182981418744,0.34761798672775956,0.42485336185920375,0.21859615691357212,0.5573027600165924,0.45287472807980844,0.3893509739893781,0.2348846203924693,1.0155393398717016,0.698634569794318,0.7806547194792324,-0.07472816570083028,-0.0917834927264182,0.09657978686870701,-0.18164007790189768,0.05663021665398984,-1.2924147938457151,0.23827029455588752,0.439841593652896,0.4335644196175309,0.08043008423171902,0.3555693010898478,0.5429428688520519,0.18286147875135014,0.1873735677622041,0.24588194714767,0.22461865866052144,0.08987480560595026,0.1504241338427005,0.3730133372205323,0.3655201475689222,0.2225892033778318
1471,Merkez,Kırklareli,2019,0.3529165124024539,0.33205516272249647,0.1511508961874303,0.1914319014487143,0.566385736599393,0.42829080214604126,0.37495383515067865,0.218453723391644,0.19137195562804488,0.11405320155320389,0.10566569055994389,0.37885467745378937,0.5220931910999257,0.27318898689384546,0.20795575819607362,0.1835533930431541,0.10614638482915728,0.10563180393232993,0.3553889883364852,0.5104277263103043,0.24975718440415526,0.22605683858622685,0.20704968312038063,0.10489090812922934,0.11335782320829348,0.3710452172137864,0.4640023667729914,0.25768739400549295,0.5117065576444221,0.4059250304993972,0.41484738548714933,0.15838359976999458,1.0304261493494784,0.8107134436518618,0.8720425495794838,-0.09279927979559609,-0.12113710830805251,0.13010481977421104,-0.23820910057216843,0.08987788720072207,-1.4020024730880005,0.32808698777289047,0.44674619955197215,0.43361090071072045,0.10122433212471121,0.3399437977907378,0.5819876963335573,0.22658129431481666,0.2420438985428195,0.24080650519138194,0.22070368132787824,0.10757425815494114,0.12697005274662773,0.3925595264612211,0.4467248842361881,0.2655894737145934,0.4257530715646269,0.39455017297942174,0.21491135520929003,0.18363603450030208,0.7304325091165336,0.5047793417426178,0.5467964746162315,0.3085119700292058,0.2773484144425613,0.1693799520996223,0.1211482975046315,0.5507651604999255,0.5490223023877735,0.429616862995294,0.28381202666296923,0.25585587454206404,0.15367271477712835,0.11525172670862355,0.5019644846649283,0.5414594884649369,0.3867127579563047,0.2920215902674985,0.2538927379827679,0.1668306286355849,0.10555427520564904,0.5429487696324078,0.5712955281243561,0.43739449442675876,0.9437285933181012,0.6093033825042526,0.8721278307470827,0.1726140620272893,2.2029746167424338,0.9241299213799659,2.0303605547151444,0.01802052088343251,-0.035167658267696585,0.18296878350026913,-0.18353463153795105,0.292970903784642,10.153357091275025,0.4765055353225931,0.47971446159922615,0.4570557453711175,0.140773766312844,0.3243597339748951,0.6835118249211982,0.2934532468409351,0.3591520909463031,0.3053387520272793,0.28319630432703047,0.1543963450617482,0.13088100063605146,0.525369661283346,0.5056559117918785,0.3944886606472945,0.44122255347245587,0.4179556602831222,0.15145415936665993,0.2617826005728743,0.6601795236750697,0.3432602394748498,0.39839692310219543,0.3289370007320882,0.3007513476791462,0.13687440568684062,0.1758335947940307,0.5194545280651406,0.4161113081903539,0.3436209332711099,0.29928100468966007,0.2773155649870692,0.11879843859127591,0.16799570522025345,0.4647846655354231,0.39694613667333867,0.29678896031516966,0.2961931988817599,0.27733711321224724,0.12084568430037945,0.16024840282783764,0.4726157318735347,0.40799614831338843,0.31236732904569703,0.9137367136785924,0.7342470759717604,0.6278351117102403,0.3283725540084445,1.7655542899419236,0.6871072403150497,1.437181735933479,0.00649719176595959,-0.009768603960751446,0.1277254534171228,-0.14258239584021984,0.1855334944769628,19.658562963511148,0.32811589031718263,0.48929555338736663,0.4804575092268717,0.0927268133042173,0.38684355434412665,0.6132228675052064,0.1895108440333753,0.22637931316107973,0.3182410189571892,0.3027097264451496,0.11201047246330753,0.1855487544810372,0.4784952081535327,0.3519674265446452,0.2929464536724955
1471,Merkez,Kırklareli,2020,0.498378312997504,0.5038817980253646,0.23688570070605924,0.1992781362970327,0.8163858462742364,0.4753130193031606,0.6171077099772037,0.34604989766618927,0.31640792765497583,0.2013258946515256,0.11335699045605555,0.6289227786354219,0.5817828469515427,0.5155657881793664,0.3251265917727024,0.2988267000382496,0.18608836467851808,0.11136133342970221,0.5917882604112837,0.5723566431890423,0.4804269269815815,0.34913938206205286,0.3241908229977152,0.18599239918950963,0.12897151086043762,0.6132675145197439,0.5327167565315019,0.4842960036593063,1.253824226336277,0.8432895869920685,1.1534598805526606,0.2173391368336159,2.9680755911098426,0.9199534163756868,2.7507364542762267,0.06183583109052667,0.019506068525750875,0.2221173196160923,-0.1991519400407995,0.38670352498073157,3.5920487474473513,0.5858554650215311,0.5459248246249842,0.5508061205714493,0.15427111452213735,0.35552543927622515,0.7538997399375406,0.2825867364212863,0.3983743006613154,0.3498250488496884,0.3418202172977139,0.17634146131501713,0.13479172226687894,0.5917979384721473,0.5040847186182683,0.4570062162052684,0.5048990611701557,0.5351868599047405,0.25306817778479784,0.18365320829419632,0.8241959749242885,0.5012252888691974,0.6405427666300922,0.37651508559427677,0.3867303533175499,0.2128466571998407,0.12113147776644238,0.6601261073834127,0.5653071160851146,0.5389946296169703,0.34855232963621485,0.35357070078804,0.19404563392023644,0.11525145299113036,0.6113097464496879,0.5567187977850054,0.49605829345855756,0.36469462189536184,0.36134188829100405,0.20162400332020416,0.11914929844815753,0.6425768314959092,0.5528570788138853,0.5234275330477516,1.4018561150767241,1.0155134922662337,1.2514480811949886,0.20297887345891602,3.2967258795715217,0.8927079375235998,3.0937470061126056,0.10521053716387947,0.08985327010892985,0.23062427771119248,-0.17574835828087743,0.42580976899246537,2.192026425565762,0.6015581272733428,0.5406446851382531,0.5586321380564195,0.1660058919456171,0.3321228107728608,0.7539035182642143,0.3070517412062716,0.4217807074913535,0.3643431519380702,0.38476560869049087,0.18553778608842195,0.13477854280429988,0.6034944973389462,0.5092391200479021,0.4687159545346463,0.42292373454671883,0.3867025115854586,0.17772762572513828,0.2227320930192187,0.6913946924215975,0.4202356387390346,0.46866259940237875,0.3051594950575937,0.2617022104787788,0.17185628710337889,0.12897351166887647,0.5585719304140304,0.5631687359783575,0.4295984187451539,0.276239496900195,0.23827639465868372,0.15019153796968363,0.11340020898622288,0.49607435583067977,0.543700447094094,0.3826741468444569,0.283104697821207,0.24604609504104735,0.1375688299658686,0.13683545806666628,0.4960729310859195,0.48592916692872873,0.35923747301925324,0.892461145895891,0.6091742227981412,0.7116097538152941,0.2660125086455146,1.9843915148863418,0.7973565651431801,1.718379006240827,-0.015135292044894262,-0.042986013999814734,0.16125764656084823,-0.20697133892735675,0.22264334868393929,-10.654412619361835,0.42961468761129606,0.4707497036121789,0.4491918464641758,0.11220126447916677,0.33993479614066213,0.6367059001769261,0.2383459057291353,0.29677110403626394,0.2987997727582089,0.26757169164577566,0.13710948940176412,0.1465106110514697,0.5058729232856917,0.4588674487136046,0.359362312234222
1471,Merkez,Kırklareli,2021,0.4717896842873987,0.4805200162001299,0.22339140184523976,0.19145551680831766,0.7773263484575108,0.4734978514476317,0.5858708316491932,0.3371758387728039,0.31641786485193374,0.1868778574384629,0.12107747500303741,0.6054512086985393,0.5542445096855979,0.4843737336955019,0.3197677224472177,0.30081473660376584,0.17566652910633884,0.11341091185664542,0.5663685144911305,0.5493566635242091,0.45295760263448503,0.31080552672766604,0.30077039948873996,0.15841011562965426,0.12111317754914512,0.535088786337634,0.5096759935303735,0.4139756087884889,0.9339724110323323,0.7342334083268899,0.7942872650311303,0.171909640116113,2.0467189253472498,0.8504397513768034,1.8748092852311367,0.06527813577398792,0.04296317993194423,0.18986711196497322,-0.16008324738273152,0.3398161919496733,2.9085866150091806,0.49989943933240477,0.5198020638040984,0.5273650486519484,0.14422049265267872,0.33986944067288416,0.7069580352519272,0.27745271266762833,0.3670885945790431,0.3376147777978242,0.3339959353158699,0.16542596608454763,0.134760343479888,0.5644617369915869,0.4899843755761504,0.4297013935116989,0.519839719180658,0.5507591959908282,0.24809124805155072,0.19925928616133956,0.8319751615648914,0.4772456564930786,0.6327158754035518,0.3761933711653956,0.386755386893456,0.2024677883053532,0.12891894420601327,0.6445014021015952,0.5382013714865196,0.515582457895582,0.3523295782258966,0.35550371285475424,0.18740418543796025,0.12112917391424753,0.6054430822822658,0.5319002349493512,0.4843139083680183,0.36455937542539263,0.3632565881010807,0.19554849073289826,0.12115470986674673,0.6288995367262796,0.5363968228898763,0.5077448268595329,1.3899338185333692,1.031169065064424,1.2152518282258764,0.2186632823869729,3.2185197140622224,0.8743235195961965,2.9998564316752496,0.1232297898573573,0.11328247992825144,0.22963212201699584,-0.16793676558333237,0.441414872888848,1.8634465114547618,0.6093516384721804,0.5471275977015683,0.5664774549391605,0.1643809837138714,0.33992800889442215,0.7538949589856883,0.3004435974431202,0.4139669500912661,0.37240367528963864,0.3925520076259461,0.1809890374017716,0.14258755114594912,0.6035191554081404,0.486002285721285,0.46093160426219126,0.4177550095215581,0.40234748916674135,0.15510861683553373,0.23051047608288208,0.6367147984329998,0.37129086019381274,0.4062043223501177,0.284520137822959,0.2617314219157299,0.12961812446774376,0.13673729236351595,0.46477644877541274,0.45556748798005253,0.3280391564118968,0.2582227445592218,0.2382747401308971,0.11456955872177722,0.12895247304835095,0.41794749926943997,0.44368500116960613,0.288995026221089,0.27050090063000554,0.253904520323893,0.11679378236957437,0.13679974905097753,0.43355103648448723,0.43176855270188674,0.2967512874335097,0.7932211504117086,0.6557157779863483,0.5642506366484606,0.28208113113667166,1.5301856713057793,0.7113408869085192,1.2481045401691078,0.003808981998854823,-0.0039259904277321135,0.1227384205418922,-0.1444891398354662,0.16789284924914688,32.223418377612106,0.3123819890846131,0.4645439512159053,0.4570166633893167,0.09965591448670146,0.34770257715483105,0.5975883265212004,0.2145241892093533,0.24988574936636937,0.28839354947113743,0.2714771733826263,0.11206119780833715,0.15430079850195524,0.4472243956255113,0.3885704032348764,0.2929235971235561
1471,Merkez,Kırklareli,2022,0.37360724599731543,0.37111456366434614,0.1507027863329762,0.19147544185672055,0.5820062306112374,0.4033722256394864,0.3905307887545168,0.2456214395902755,0.23043651389697797,0.11706000909077317,0.11329897160468184,0.41015579324728235,0.47658709795872295,0.2968568216426005,0.23321233454369686,0.22069845546984757,0.10939820561278504,0.10745709728863849,0.3847430643786119,0.4690927082687694,0.2772859670899734,0.23514172232290978,0.2304713174476403,0.09663524551048498,0.12118405050583546,0.36322934580716465,0.4109659679101102,0.24204529530132918,0.516732676711432,0.453141165144269,0.3454111727817601,0.1720878811059877,0.9841892200224884,0.668452351378301,0.8121013389165007,-0.025913425795835464,-0.03516808503745333,0.12391175485217513,-0.17572386364437412,0.1366777947766512,-4.781758916340924,0.3124016584210253,0.4615768151572999,0.46486471248954203,0.10474391066013165,0.3399076687530723,0.5975663015408836,0.22692628230132436,0.2576586327878113,0.26248789278419166,0.2558645526839521,0.1099092208635671,0.13085514187089978,0.41212956907807474,0.41872110632519954,0.281274427207175,0.4518121827917008,0.4491981579489144,0.2290785637078529,0.17581479877238362,0.7617335193780165,0.5070216617276677,0.5859187206056329,0.337603453223571,0.3320515934784848,0.18426431035645308,0.12116142636036847,0.5898243267649127,0.5458010236477877,0.4686629004045442,0.31549156901289166,0.30662659625960315,0.16993835038081403,0.11916745416845365,0.5488227514453502,0.5386462494465898,0.42965529727689655,0.31497694668304654,0.2929501402683382,0.17863658642003388,0.10552761025278452,0.5741500501690534,0.5671417806960692,0.4686224399162689,1.0673148622247801,0.7185048988391809,0.9847064966205556,0.15840493302703892,2.4685460500487904,0.9226016909086882,2.3101411170217516,0.05443981109239147,0.021466831605263484,0.20071658743198537,-0.1777372441752293,0.3495993355966191,3.6869449655389714,0.5273365797718483,0.5021193263683829,0.49608093970381917,0.15192554552441398,0.3243472057898737,0.7070064770772773,0.30256860779135375,0.38265927128740357,0.3301110876306303,0.33008488366687805,0.16685060953347405,0.13087257674933672,0.5566226642898061,0.5054377625757528,0.4257500875404694,0.4179596511810566,0.3788641381293018,0.1751313757513689,0.22276161846929055,0.6835875826876728,0.4190150299352783,0.4608259642183823,0.30525371167479964,0.2695032356939603,0.1517380229469459,0.14462090387609516,0.5351223044587593,0.4970882159447718,0.39050140058266414,0.2847980749411099,0.2538861176194716,0.1353880704134694,0.1368518782918248,0.48825346785238527,0.4753826739926691,0.35140158956056045,0.28272635966445114,0.24606879545601087,0.13883386257024288,0.136820323890608,0.49606295331608347,0.49105383288284626,0.35924262942547547,0.8656419366337617,0.5931379763922888,0.7263352660755837,0.22260933832343588,1.9058410210103287,0.8390712549118144,1.683231682686893,-0.0033085784319721186,-0.02736398936775085,0.13617232242158836,-0.16008126226076058,0.19921944536203828,-41.15735057259053,0.35930070762279886,0.4875262367317433,0.4725790198534238,0.10746429409706214,0.37118121122810366,0.6444796349852064,0.22042771444974224,0.2732984237571028,0.3021764164863401,0.2754004938619424,0.12857901874978253,0.16213975786907844,0.49805421438589254,0.4255097742069986,0.33591445651681406
1471,Merkez,Kırklareli,2023,0.3788213151796531,0.3320617225411614,0.1869146642151751,0.18367663234076073,0.6601215842221206,0.4934111591015734,0.47644495188135993,0.24730025069497413,0.19920143805966556,0.1502788265774749,0.09785146795886948,0.4726991830442273,0.6076776151870233,0.37484771508535786,0.2346081600593708,0.1894580856584903,0.13980375598365696,0.09576301002791998,0.4433658715093654,0.5959032113302356,0.3476028614814454,0.2516855515347506,0.21484457335673166,0.1289248203581456,0.11338604387839141,0.44918741298470904,0.5122456158964086,0.33580136910631764,0.6256092271174422,0.40586329323327364,0.5582400948379173,0.15910834626856035,1.4055911318054481,0.8923143563755686,1.2464827855368878,-0.06725369614476885,-0.1133487262274801,0.15623621107267302,-0.23823473493788824,0.1679674022103063,-2.3230873547286133,0.40620213714819453,0.465096081060886,0.44138883095257403,0.11912011264669571,0.3321451196429322,0.6367078694507115,0.25611936435796717,0.30456274980777925,0.2632675008600464,0.22463087605033946,0.1374221594455641,0.12305804801326216,0.4706927199546378,0.5219867966863788,0.34763467194137565,0.5297282009070848,0.5117111617627119,0.2732119037048569,0.19925700683930914,0.8867550862700735,0.5157586536586499,0.6874980794307644,0.4213173564131053,0.3710703556024902,0.24798173603724438,0.13678563516354134,0.777334721144593,0.588586566070865,0.6405490859810516,0.38918378121160757,0.3476681040313858,0.2268046143167186,0.1289494910272036,0.7148289285058445,0.5827699541091618,0.5858794374786409,0.38172155479178677,0.33199172908892893,0.2269153112611966,0.121145312857577,0.7070189585745827,0.5944524442298509,0.5858736457170057,1.7207445444792167,0.9059691773183797,1.7304144074144299,0.21849415610679995,4.531127734809835,1.0056195807601063,4.312633578703035,0.145766161264386,0.08983943204406729,0.2562649216305953,-0.15229802122062272,0.5117212306940483,1.7580549519019726,0.664019251914671,0.5520594555067883,0.5351869801038126,0.18255336269810896,0.3321364870624474,0.8007589171533681,0.3306769966117612,0.4686224300909207,0.39106172043346304,0.3691221202472186,0.205381057677934,0.14649989315066478,0.6660246214083981,0.5251883448226133,0.5195247282577333,0.35365978904051654,0.3320064240866494,0.16235025509483594,0.16018179870037186,0.5819851798743373,0.4590577162738637,0.42180338117396543,0.247974397634816,0.22265864729664236,0.1161056009728086,0.12112883624219217,0.4022428345420065,0.4682160823061808,0.2811139982998143,0.2415800849845023,0.2206952725079178,0.11221890811385299,0.11913672140805473,0.3964378309161625,0.464520525858131,0.2773011095081078,0.22340830288344188,0.207032785863801,0.11276164933384807,0.09768174068017633,0.3788520032100518,0.5047334762337765,0.2811702625298755,0.5500697885130587,0.42174613665743205,0.4535860926811157,0.17167345819819876,1.0780173724780964,0.8245973550142494,0.9063439142798976,-0.018944169293174756,-0.04298171987970483,0.14255466112019988,-0.1835283439923699,0.17574723183594965,-7.524988766414781,0.35927557582831954,0.45941475286233985,0.44921877645961816,0.11620414556947212,0.3165294922474248,0.6131880786596384,0.252939516734004,0.2966585864122136,0.25800122662317515,0.24023968815356928,0.11482110355680332,0.12696278074661513,0.41993010892225513,0.4450409211600602,0.29296732817564
1471,Merkez,Kırklareli,2024,0.4486246038062921,0.41796780851337195,0.20966051673252087,0.20706085062650154,0.7616961718512344,0.4673406562049558,0.5546353212247328,0.29783287842768463,0.25387814394031066,0.17427099613446778,0.11330845407865729,0.5664195785532954,0.5851301476669631,0.4531111244746381,0.278571987477841,0.2382829639654379,0.16067885070240093,0.10558311556342163,0.5273042904644941,0.576794717075356,0.42172117490107247,0.3023408045969654,0.26173047506360503,0.1627611702915824,0.12892570566803985,0.5507762964819971,0.5383367637343915,0.42185059081395726,0.9798886543293945,0.5933949678438531,1.006797368551236,0.2179802715199839,2.343434063736959,1.027460991718755,2.125453792216975,0.029403376551088618,-0.011737668224088761,0.18942951789200463,-0.1835275785645437,0.3163737735507799,6.442440974861143,0.4999013521153236,0.5032732495026667,0.48828769503065833,0.1338731030685756,0.3477691395458497,0.6992151620133565,0.26600480593965337,0.35144602246750684,0.30943318845035916,0.27733006917202013,0.15440967925933544,0.13673273477709327,0.5429554177681339,0.499008138178774,0.4062226829910407,0.513089397937744,0.5273849918085727,0.2498187212715642,0.19922444068231682,0.8398425555473183,0.48689121676584735,0.6406181148650015,0.3910422078768788,0.378927244306341,0.21365783721917106,0.13672553584186778,0.6835877254335706,0.5463805004048107,0.5468621895917029,0.36443495931318093,0.3535307295623892,0.1972502254252669,0.1308706185940254,0.6347481212260054,0.5412494613497216,0.5038775026319801,0.373288560192806,0.35547567986105066,0.20501568063016345,0.12892310578542215,0.6679472512227792,0.5492150108330979,0.539024145437357,1.5166880668423472,0.9686809324834106,1.4127641775320148,0.21817260104065775,3.718385770715427,0.9314797211224218,3.5002131696747694,0.10521459064672252,0.07417260923290407,0.22884474395839668,-0.16789403066625017,0.4335646909589918,2.175028601563307,0.6014587216252419,0.546091849661889,0.5508229453264671,0.16657082106989402,0.33990584635214716,0.7695264478554737,0.3050234519578086,0.4296206015033266,0.37499572362675154,0.3808719637892449,0.1855245082239324,0.1425945823875664,0.6191175381305017,0.49473766375158046,0.47652295574293535,0.3408888592942865,0.30071446957092857,0.13138659097827096,0.20716803693004732,0.5351772763845134,0.3854235402420295,0.3280092394544661,0.24651417659621364,0.2226356694511419,0.09805537141842553,0.14476248544897166,0.3867031093957675,0.39776767718733963,0.24194062394679586,0.23669242648737351,0.21287803166352706,0.08829495430753864,0.146533758284893,0.3652201441715221,0.3730366688021122,0.2186863858866291,0.22767624860167146,0.1991735713443966,0.10306448368961414,0.12904099537531943,0.37890100797766496,0.45267999768359457,0.24986001260234553,0.5736790026526146,0.4049300855907823,0.4544905562399466,0.22060175674595123,1.155673361055886,0.7922384367188677,0.9350716043099347,-0.03088337758419296,-0.04103189182703956,0.08895095652806496,-0.13476473494648472,0.0839755296921508,-2.880221124958584,0.21874026463863552,0.45606529888545555,0.44135775825304774,0.0799063325285809,0.3711997500939175,0.5663522812592551,0.17520809569124884,0.1951525311653376,0.2521503121460283,0.22459659873832402,0.09233148574351914,0.15824934159775866,0.38866306129974343,0.3661763689986909,0.23041371970198476
1480,Kofçaz,Kırklareli,2017,0.23290750139175811,0.2441195923597537,0.11756631800518816,0.029162058599844144,0.36912842105969534,0.5047768633584615,0.3399663624598512,0.14107351040184485,0.13867912398336307,0.056498024129750087,0.0723187221009751,0.20889179517223933,0.4004864128553737,0.1365730730712642,0.1274599937401305,0.13085095982261755,0.06287469174690392,0.029179217742308153,0.20110665049717782,0.4932896189771894,0.17192743275486966,0.14394113849152318,0.15428842709215515,0.0799152687600844,0.005788140752782088,0.23234170657115666,0.555194085565682,0.22655356581837457,0.24752724909450563,0.2421444038130969,0.18408088998247327,-0.024034553082878295,0.4607090767023357,0.7436792945256357,0.48474362978521396,0.03749648062574676,-0.11334183236806986,0.3411702783506868,-0.23032642480227744,0.7539621698640719,9.09872800479371,0.9842885946663493,0.3346734878706771,0.38089860337359016,0.1441101814632844,0.04877984211423595,0.47066289486877155,0.4305993354303904,0.4218830527545356,0.15505100187617543,0.16212324428347136,0.07644199828593824,0.025276871757556732,0.2441174279674804,0.4930119596839834,0.21884055620992365,0.5288084153272689,0.5644739539639917,0.21624747051339313,0.19727573691141642,0.7948849747281165,0.40893348941801905,0.5976092378167001,0.3982814260175507,0.40425636248359303,0.18011646175310403,0.1464831189588855,0.6347898015345215,0.45223414898882835,0.488306682575636,0.37264420079322874,0.376977264039259,0.16805948938428125,0.13476896649568756,0.5918033401954301,0.450991828201114,0.45703437369974254,0.3595325625458946,0.3613574695884328,0.16610775310201786,0.1269550575299635,0.5839435559492318,0.4620103167451323,0.45698849841926825,1.2590456874625626,1.0465083588849227,0.9466990214021035,0.20242302761511632,2.641295569778138,0.7519179254805662,2.4388725421630215,0.09001511010145526,0.08388685467624908,0.189334357907036,-0.15824472873797713,0.35348198020401184,2.103361954383424,0.511726708941989,0.5465392559601884,0.5644468286012686,0.13913626581440403,0.341834882719579,0.7206637534039272,0.25457689323699584,0.3788288706843482,0.3858982933494708,0.40422834338657243,0.15894659520293142,0.14646043664573127,0.5839567657353455,0.41188727170396905,0.4374963290896142,0.5065499631492558,0.5058138664073338,0.1636819971493931,0.294996551242572,0.7246892990366187,0.32313100198797945,0.4296927477940467,0.36093011419271853,0.3418258810292339,0.14412051396084286,0.18942738684282096,0.5643207171826139,0.39930310133082925,0.37489333033979294,0.33782676075805096,0.3222660755281819,0.12998597508423632,0.18559842587544326,0.5175495974967876,0.3847711021843273,0.33195117162134435,0.3224072881665386,0.3144382103949443,0.12087214407988499,0.17387873580997662,0.4863169921022974,0.37490512316659796,0.3124382562923208,1.0288532888635014,0.9056793354479762,0.6319312532614851,0.4073791473020048,1.8434305279753325,0.6142092950487947,1.4360513806733277,0.06167830336933478,0.056652707765547775,0.13520088197228383,-0.11133107294028749,0.24417337873370157,2.1920330908373042,0.35550445167398903,0.5410584373068674,0.5449150818866055,0.10587600850496587,0.4003600349174016,0.6738318155862784,0.19568312996275686,0.2734717806688768,0.36028809214056684,0.35352684494889186,0.12039637757704397,0.20906694754109253,0.5254102437671816,0.33416696305930416,0.31634329622608903
1480,Kofçaz,Kırklareli,2018,0.5434081622048349,0.5508004878949435,0.14294084773936191,0.3554924347631863,0.7225757941054449,0.26304508780175645,0.3670833593422586,0.32808673514498843,0.322241053073653,0.11350609918225239,0.18166620061236655,0.47460218355025696,0.3459636950335455,0.2929359829378904,0.32104256627823824,0.318304956444341,0.10966917856548578,0.18165320687123926,0.46290410185103015,0.3416032329820049,0.2812508949797909,0.33158785932576706,0.33008113581933485,0.09953521764264515,0.20504807006844147,0.4628387731728808,0.30017750904702817,0.2577907031044393,0.9780906732645547,0.8908715853187201,0.4855959776735394,0.45335469062235734,1.6095413983415026,0.4964733750632494,1.1561867077191452,0.07570134712861375,0.07224162634240436,0.13115066110227339,-0.09567311919968703,0.2519295346201136,1.7324746002135647,0.3476026538198006,0.5820479005786714,0.587873388616853,0.0861872603835065,0.47075241004988017,0.6854821676849495,0.1480758891112213,0.21472975763506935,0.3653448468158675,0.3651906901243772,0.10518858272894374,0.22465325595410554,0.5020049828930673,0.28791587905428545,0.2773517269389617,0.5719085000831919,0.6290192216157906,0.194456001512034,0.23041289088321407,0.7772527292064709,0.3400124346530043,0.5468398383232569,0.42288349595975006,0.4511709863925115,0.15628293872777596,0.16203814569714886,0.6034887913061573,0.3695649989202958,0.44145064560900843,0.40323147114293056,0.43166155726222927,0.14770504277777852,0.15428183743097706,0.5722160124935028,0.36630336010014103,0.4179341750625258,0.39697555390016354,0.4277044469717381,0.14735702220193322,0.15428100157582836,0.5682903455511373,0.3711992357065706,0.414009343975309,1.3891223919043838,1.3589409215941206,0.8008498398517332,0.29609027565900586,2.452922351366225,0.5765149597465112,2.1568320757072192,0.13544008234928873,0.16210019869676698,0.17743395089636846,-0.13872237253940323,0.34967373874772273,1.310054954328668,0.48839611128712596,0.58427819814061,0.619169528395202,0.1258336347970969,0.36916500574689726,0.7167822961274588,0.2153659595677987,0.34761729038056155,0.41752693384891093,0.45511813542861523,0.14187372055815256,0.1699006399524955,0.5722272932313132,0.3397953737985486,0.40232665327881767,0.358641052542401,0.33399565928041736,0.12351273290574095,0.2246410439037458,0.5332189117553439,0.34439095031135186,0.308577867851598,0.23397631327404533,0.2089115917235904,0.09441571578911512,0.13866281335307104,0.3691017166465907,0.4035268120432793,0.23043890329351965,0.22070452480536865,0.19726936247600713,0.08622879945513803,0.13086936313684186,0.34181291995838775,0.39069792307692874,0.2109435568215459,0.23153171215777033,0.208980678078823,0.09198884408460949,0.13481849543414096,0.361329581162125,0.39730559251393804,0.22651108572798404,0.5866176519690566,0.4840182628755302,0.3841514168907439,0.2663884563694556,1.0469811200871506,0.6548582634724525,0.780592663717695,-0.0806147029530062,-0.09572976399970194,0.10178968268262262,-0.19725481459419303,0.0565889850556637,-1.2626689543464575,0.2538437996498567,0.4535308791601602,0.439448239996505,0.08292407230129721,0.36141538651641136,0.564324534668847,0.1828410723760517,0.20290914815243566,0.25014850448812287,0.2284573350803583,0.0879195719754903,0.15820432033829093,0.3729640099577788,0.35146950870403765,0.21475968961948785
1480,Kofçaz,Kırklareli,2019,0.3862572049891136,0.37310528447431873,0.12256625235888327,0.23629553525638994,0.5527167329795349,0.3173177115552776,0.31642119772314503,0.21888247854376502,0.2012015778910714,0.09059810297489647,0.12306490766351498,0.33790862775837727,0.41391208459283596,0.2148437200948623,0.20793363679389062,0.18941780682535644,0.08519695771664292,0.11915914779022044,0.3222932944781001,0.40973148467120024,0.20313414668787969,0.24470452735717058,0.23241613078798995,0.08261429975922226,0.14651826431546194,0.3573713387685281,0.33760838285855854,0.21085307445306617,0.5449613156077864,0.45285236265628226,0.3227120257577217,0.23469535846844786,0.9532076284680668,0.592174190195145,0.7185122699996189,-0.10101779770747643,-0.12304053146303826,0.119636355208397,-0.236297945564464,0.06045140497243175,-1.184309675358747,0.2967493505368958,0.473156853563064,0.4707137461390832,0.08135027714661633,0.3691738138656057,0.580082830388934,0.17193088620404753,0.21090901652332833,0.25240481560514905,0.2402694690537361,0.08740213527401934,0.15044836564143965,0.37308445134889184,0.3462776059342203,0.2226360857074522,0.488266883729835,0.5059385988398812,0.19295183460597404,0.21685784658634225,0.7362689735485881,0.39517698421819863,0.5194111269622459,0.34400779412165133,0.33787893565597377,0.1523804346810642,0.1464619355829474,0.5488076513005066,0.44295634367859105,0.40234571571755917,0.3138054364352438,0.30668407864120784,0.13875651336794687,0.13477471507208488,0.5019512574146945,0.4421737078368952,0.3671765423426096,0.32862995210417534,0.31835758670808956,0.1474027161208981,0.1386432486931923,0.5370522717113728,0.44853707088199796,0.3984090230181805,1.0526276617158696,0.8282040826398452,0.7675592568736346,0.2340644752054121,2.172016458727231,0.7291840075933876,1.9379519835218189,0.05957049254319009,0.0371517813635505,0.17874651408015496,-0.16209770687373876,0.3144615468686084,3.000588151097782,0.47655925374234714,0.5117830067507028,0.5215564848586911,0.12482844726207899,0.3417908817628343,0.6777094653290813,0.24390893330869193,0.335918583566247,0.3429719629055633,0.3496816125105786,0.13794257660990303,0.1542347473439671,0.5253457371317515,0.40219782235635765,0.37111098978778434,0.45458211851359126,0.4433910511744477,0.135549788046984,0.2870845480651055,0.6425660333032643,0.2981854818447534,0.3554814852381588,0.3273903230157366,0.3105186277003235,0.11414031199812898,0.19335790852909332,0.4862453705933395,0.34863679215296356,0.2928874620642462,0.2993315298232735,0.28319932533296505,0.10107893060701505,0.18168567019035978,0.4394535327337811,0.33768220363117923,0.2577678625434213,0.29683874114827985,0.2831734753641686,0.10100836258506256,0.17780248005744595,0.43548487101427535,0.3402802551793799,0.25768239095682943,0.8620192948606263,0.7341772788556402,0.4859690845631459,0.39113467877231295,1.484165688541264,0.5637566206006082,1.093031009768951,0.015315182945233461,0.005853128180966969,0.11628959660996598,-0.1269717268534296,0.17379776223942087,7.593092229182854,0.3007694890928505,0.502436449558904,0.49799653098672725,0.08665588579047485,0.39262839306000225,0.6151977990491132,0.1724713361591327,0.22256940598911096,0.3241928317474045,0.314480176342044,0.0978686131158134,0.20900697501393783,0.4589949140888872,0.3018839515614828,0.24998793907494937
1480,Kofçaz,Kırklareli,2020,0.504332987328303,0.5058206517291957,0.18534356324109716,0.2363481327972869,0.748029100751163,0.3675023603412343,0.5116809679538761,0.33000311659608356,0.3105550597034742,0.15424632788056009,0.13475302453007545,0.5449300015319656,0.46740870047404476,0.41017697700189015,0.31044020144116113,0.29099300946719237,0.1436331489293328,0.13087110845528716,0.5097542939001233,0.4626757367845482,0.3788831854448361,0.3371435882930699,0.3261409285272761,0.1388960125939565,0.15430985936335545,0.5253463750721342,0.4119788049275252,0.37103651570877877,1.0284983939719825,0.8280619874903432,0.7260476550156731,0.26523456282805574,2.046919920285543,0.7059297897507961,1.7816853574574871,0.03737874351770124,0.017567505944654553,0.17946385832281903,-0.1816123194417427,0.2870854305122493,4.801227688079759,0.46869774995399194,0.5465972888303937,0.5527235804185086,0.1195862239121087,0.37698133148073826,0.6972346069255427,0.21878305354934843,0.3202532754448045,0.3466304315111054,0.3417896426733691,0.13750387563112512,0.15817529253189622,0.5331774995216216,0.39668725862206866,0.3750022069897254,0.557282440630829,0.6112653479182886,0.23065041431338218,0.20896722472662155,0.8222975363679984,0.41388423086198806,0.6133303116413769,0.4145954872134638,0.43557994369598096,0.1930907863615039,0.1425935316403043,0.6582114698332694,0.4657329669922017,0.5156179381929651,0.38084646384266047,0.40037127248317994,0.17698033529186624,0.13476493719005703,0.6074681371315239,0.46470258252150226,0.4727031999414669,0.3959109050308795,0.41597768911538197,0.1835566855845189,0.1348268383037683,0.6268874353975858,0.46363129495057026,0.49206059709381755,1.5061926605057494,1.2656525765151774,1.134811304230414,0.23378115070517516,3.140435473183274,0.7534303771267661,2.906654322478099,0.13453738628269,0.14646792467892203,0.21587208959667714,-0.15825813073788894,0.41211294803930365,1.604550939789232,0.5703710787771926,0.5688438142932275,0.5996069313260968,0.15225997460862417,0.349641687445468,0.7480273188852206,0.2676656944890979,0.3983856314397526,0.40043468357694895,0.43165345864340654,0.1691093973447791,0.1504532237592098,0.6035337210773262,0.42231456035271836,0.4530804973181164,0.42970520943139634,0.41216002882174874,0.14703498457227257,0.25193637515959877,0.6386833451110299,0.34217640686003165,0.3867469699514311,0.291318365588059,0.26760499865917314,0.1305242640056719,0.13867575327025686,0.47841412917777165,0.44804680865963925,0.33973837590751477,0.2674093525630262,0.24804916821831827,0.11804005125874024,0.1308548768540784,0.4355323537598512,0.441420803451215,0.30467747690577285,0.28228462356097256,0.2636509469583044,0.10917320312286123,0.15432886454371447,0.43937295882450805,0.3867486714141912,0.2850440942807936,0.8164575107400164,0.6716943405739527,0.5113311995463335,0.32844478576864766,1.5152326330975685,0.6262802323698093,1.1867878473289208,-0.018867743120262622,-0.033200019408434644,0.14094974052333076,-0.19337294631930638,0.177715237455413,-7.470408072916824,0.3710881837747194,0.47849464881642395,0.47071329740471435,0.09677227300945074,0.36133524511453,0.6112852509819915,0.20224316666617048,0.24995000586746147,0.297994537672531,0.2832050341403463,0.11132913719542767,0.1620928266471009,0.4551040272393913,0.37359455668200303,0.2930112005922904
1480,Kofçaz,Kırklareli,2021,0.46755424029976467,0.4882866020433692,0.15294068840612415,0.2383250265053335,0.6600726456911202,0.32710790582942584,0.42174761918578674,0.3180820338402548,0.31834576500940565,0.12858991762707378,0.1386469058959733,0.4862847422805434,0.4042665223011414,0.34763783638457013,0.2949262204406008,0.29489691628987436,0.11939945613138994,0.13477133556144333,0.45111532749836747,0.40484517094822847,0.31634399193692414,0.2908898405913642,0.2988251140412616,0.0994551667587653,0.14648367851535984,0.416000340700688,0.34189976025487184,0.2695166621853281,0.737526448795587,0.7109018243800694,0.38781151922171564,0.24200875907245198,1.2575603823247854,0.5258272701338763,1.0155516232523334,0.035793146758966485,0.037144374333064535,0.13902080431754402,-0.1503777353350489,0.2206959473465503,3.8840062108458833,0.3710736826815992,0.5126290976833863,0.5293161948905827,0.09914505057020967,0.3730904925962351,0.6308132476086267,0.19340503888338456,0.25772275501239156,0.32672933801687726,0.3339569237937884,0.11413786721319115,0.1621214438539228,0.47071628560488127,0.34933461410586686,0.30859484175095847,0.5523677903312204,0.6231007417321414,0.22700603302017078,0.21680438209995018,0.810535893579235,0.41096899021582967,0.5937315114792847,0.4131905464392591,0.44727481572825534,0.18713769614072387,0.15043476289867405,0.6464244565849118,0.45290894903916673,0.4959896936862377,0.3811665537109815,0.41203921914760694,0.1707948214895924,0.14257545360861387,0.591733306871025,0.44808449174451204,0.4491578532624111,0.38373397125587966,0.4120909141133562,0.17194556762331753,0.1425552886218741,0.5956843609308967,0.44808534167714226,0.4531290723090226,1.4204874339331386,1.2970561505534934,0.9938524573162952,0.2652912426885891,2.7972468604516054,0.6996559304748311,2.5319556177630163,0.14359734022310086,0.17377026044881105,0.2106704360200177,-0.14258068403808097,0.404282891730062,1.4670914913375717,0.5468635757681429,0.5605091467044826,0.5996370945473715,0.1439783307891087,0.3534968454811206,0.7284671364010993,0.25687061778675746,0.3749702909199787,0.39847221932481125,0.4433788264097446,0.1647098788796069,0.15817120010416355,0.5917988769974809,0.41335348084917567,0.4336276768933174,0.5070065075391671,0.5097419790742123,0.15195027717592421,0.2988092140869345,0.7050370796021337,0.29970084193482627,0.4062278655151992,0.3395309246150634,0.32221865672893457,0.1287993666802294,0.1816787093290295,0.517662142196592,0.37934502380380575,0.3359834328675625,0.30690727844064375,0.2949062995227512,0.11385624153461117,0.16994227551044042,0.46680790034702413,0.370979281146736,0.29686562483658374,0.32700424280332485,0.3183646855031697,0.11452965449285599,0.1816476911956159,0.482337611676667,0.3502390473928478,0.3006899204810511,1.0328810945395561,0.9215167625631502,0.5928973457970554,0.42221789198047316,1.8283588829775148,0.5740228463193634,1.4061409909970417,0.08785855496635664,0.08399866097785959,0.1468639892586241,-0.10743264773447736,0.28316205877102224,1.6715957747639054,0.3905947065054996,0.5141496821616691,0.5136993767481346,0.09735011270556719,0.3887253756249026,0.6425381577108578,0.18934196807488532,0.25381278208595515,0.3427815907755996,0.3378968886425198,0.11023746665549122,0.20120007924029557,0.49417695324575456,0.321596811561732,0.292976874005459
1480,Kofçaz,Kırklareli,2022,0.3693885488202317,0.3730733088121045,0.12587638127856715,0.20507466415734762,0.5253977331234532,0.34076958173337074,0.3203230689661055,0.2417145928388898,0.2324069196876261,0.0853294628420443,0.13477593992878292,0.353535934176281,0.3530174237304696,0.21875999424749806,0.21901895023115012,0.21289979899422368,0.0846170306368464,0.11528769123960653,0.32998428563915067,0.3863457045499604,0.21469659439954414,0.23000858395085313,0.2324433848316057,0.08195277066459707,0.12696996308607147,0.3339276128747676,0.35630309641881996,0.2069576497886961,0.49246494215493647,0.460957224477158,0.2553985641553926,0.19540412078953726,0.8202965068175654,0.5186126814181233,0.6248923860280281,0.010167890912423705,-0.019521979925115878,0.16214347988087927,-0.1444856092158507,0.175720000501014,15.946618750872236,0.32020560971686474,0.4415863570296745,0.4589947330305897,0.11340430519181545,0.3105969571285118,0.560538262771222,0.25681116136519294,0.24994130564271017,0.25398395637525184,0.2519563419048363,0.08953587052158656,0.14256057111871176,0.36911799718922966,0.3525256941399111,0.2265574260705179,0.5109659415035834,0.5565804218509843,0.20869723379983693,0.19723545678239124,0.7597392219583541,0.40843668207262174,0.5625037651759628,0.3808265759962399,0.4043368274011669,0.16458141268350687,0.14258846067931513,0.5839613754766679,0.4321689269005529,0.4413729147973528,0.35371625001510204,0.37694179872768174,0.15157515016963533,0.13472751381002845,0.5410531127048515,0.4285218735728533,0.406325598894823,0.3523516978340394,0.3691471471049412,0.15888044807480495,0.12692899191947812,0.5527108959676456,0.4509143819980654,0.4257819040481674,1.1886258588066358,1.0780777449833618,0.8419184500459906,0.20264730386592425,2.359154834814951,0.7083124128657821,2.156507530949027,0.09396221285036711,0.11137405330702359,0.18574635555225166,-0.16607187956369301,0.33390331258557726,1.9768197227118194,0.4999751921492703,0.5329180496283976,0.5605685967173941,0.13504317191758705,0.33792377924208616,0.6972210157735946,0.2534032615554161,0.35929723653150847,0.3715174598914102,0.40433225083662616,0.1502620720275068,0.1464643618037135,0.5527719957031123,0.4044549402104183,0.40630763389939883,0.40995803343922654,0.38478410731048773,0.14694793921086832,0.2402681003340059,0.6190845304984721,0.3584462974858434,0.3788164301644662,0.2805851599746493,0.2519841723173024,0.12066696702618523,0.1503991880180996,0.45502876229754524,0.43005470081556496,0.30462957427944565,0.2641882705472116,0.2401949037657112,0.1106865077067816,0.14261928755785702,0.4236775183192197,0.41896828908231726,0.28105823076136266,0.26507815069338725,0.24412004381298066,0.10964685369414319,0.14265518570821348,0.41988075770626043,0.4136397262744239,0.277225571998047,0.7361740770620272,0.5779049513303516,0.5093720144271243,0.2663737407291948,1.3907691894242415,0.691917890480415,1.1243954486950467,-0.025672983502173646,-0.041031037006326244,0.12226073900214035,-0.17383468290230003,0.1425448995509573,-4.7622333801518995,0.31637958245325737,0.479862571186211,0.46481276098710433,0.09477054287283111,0.3712847422479699,0.6132311327915445,0.19749517583453147,0.24194639054357459,0.28981096871161155,0.271540874792647,0.10683282718127772,0.16999577632560278,0.44332680123621804,0.3686293436587839,0.27333102491061523
1480,Kofçaz,Kırklareli,2023,0.3447670259185582,0.3261255725766646,0.12678368893013514,0.1972851850516307,0.5254534034516969,0.36773728169724773,0.32816821840006616,0.21007353088465996,0.1933519604547449,0.09248272156499733,0.10743971793330981,0.33796601737223336,0.44023976355105204,0.23052629943892355,0.18854502048119498,0.1699356619084703,0.08384677039912687,0.09963324955728929,0.30657394652124526,0.4447042419106982,0.20694069696395595,0.22137430225738242,0.20899945211284401,0.0854363806221853,0.12311375403722472,0.3418244697492231,0.3859363067482515,0.21871071571199838,0.4706033131274614,0.39849609370334654,0.2930592128591676,0.17982504051376336,0.8667645952626384,0.6227308747819916,0.686939554748875,-0.05220046201223461,-0.07425807373452438,0.13947382514318835,-0.21477178388936335,0.14453294263812214,-2.671888710688017,0.35930472652748546,0.4331056521541402,0.42385466076772876,0.08916718141878265,0.32617565798512127,0.5566290203605635,0.20587859099804237,0.23045336237544223,0.22741877813600567,0.21288703613227675,0.08876766338972425,0.12700880659601507,0.3535131885973157,0.390326885568955,0.2265043820013006,0.5642129589088551,0.595665355207931,0.2536804730176014,0.20905589402220728,0.8730585559399384,0.4496183028270036,0.6640026619177312,0.44117780413896196,0.43367332587989016,0.2264538117534768,0.15229649894952868,0.7461314289117218,0.5132937551004912,0.5938349299621931,0.4051066716903372,0.39254387883643604,0.20703527220757922,0.14258852745076664,0.6893896663490668,0.5110635955308004,0.5468011388983002,0.39821408273447423,0.3787972973991027,0.20868056229415244,0.12885646753138863,0.683586186380511,0.5240411410394515,0.5547297188491225,1.6992371403024507,1.092864534739844,1.4985549616456375,0.21811039122218298,4.031113301765394,0.881898662701609,3.8130029105432115,0.15900650579070744,0.13870845417738467,0.23839973310530815,-0.14253167513673273,0.4784910393270175,1.4993080435281194,0.6210227144637502,0.5661582806982381,0.5741832710027088,0.1689609266918828,0.33991289409746495,0.7772639718965078,0.29843408186753845,0.4373510777990428,0.41183606929622824,0.42381000821886633,0.18914514759471956,0.1582048348602802,0.6542941368059894,0.4592729041871997,0.49608930194570916,0.4565094593333869,0.47267381708702383,0.20360428178212586,0.17568738650569127,0.7226601233219679,0.44600232836234516,0.5469727368162767,0.3251761745509416,0.3242273657304688,0.1452710173584949,0.13669951485586593,0.5194706598250557,0.44674557586855723,0.38277114496918974,0.3148570867313925,0.314478832301378,0.1418289195753698,0.12693045337130546,0.5059109011672207,0.45045490653467607,0.3789804477959152,0.2993118669982507,0.3007550664351962,0.14420012800306956,0.10545644968063361,0.4960235792817394,0.4817721711111184,0.3905671296011058,0.8958767196566931,0.7342411041884634,0.6852512834167152,0.2027045922572855,1.7968058892754581,0.7648946204108403,1.5941012970181727,0.05851351864681914,0.06449452879035851,0.17068124308897378,-0.1698998477963596,0.2832059389394865,2.9169540139807024,0.4531057867358461,0.5190150368859324,0.542996082503812,0.1427493347254408,0.3165427286866589,0.6991280342019026,0.2750389190685699,0.3825853055152437,0.3308227673890155,0.337888446075218,0.14321800387222156,0.13478637696664,0.521442242569933,0.4329145935225524,0.386655865603293
1480,Kofçaz,Kırklareli,2024,0.42802255988329024,0.4199376271519355,0.13899458662299585,0.24413760180446098,0.619097415804863,0.32473659019490886,0.374959814000402,0.25404903500201964,0.24030467818313814,0.1048757882026709,0.13088083816472976,0.40031074657579435,0.41281710911374714,0.2694299084110646,0.2375505334616246,0.22463616356652671,0.0971521170608642,0.12304086748923794,0.3730373280566787,0.4089745269991522,0.2499964605674408,0.2754331052680784,0.2636868295816744,0.09815160810495813,0.15427507574969448,0.41215018928050995,0.3563537070441383,0.2578751135308155,0.6982002962694993,0.6016675877446133,0.4246981100457172,0.2579010733197907,1.2734120248452927,0.6082754652424086,1.015510951525502,-0.017046219995977867,-0.025400281309414,0.12315053914131724,-0.1699208471002789,0.150389073175803,-7.22450720279189,0.3203099202760819,0.492573178815914,0.4980489062705705,0.09052074553232216,0.3730538534730036,0.6074057858822102,0.18377116218532852,0.23435193240920654,0.28092722761031,0.2714761622501403,0.09881291822294415,0.15817989711149866,0.41988144077404915,0.3517384878051518,0.2617015436625505,0.5703331640849596,0.6308037702602431,0.23603123404065657,0.20900021446311576,0.8417561320640781,0.41384799079559786,0.6327559176009623,0.432750043012033,0.46294096892286457,0.19446028617527958,0.15427495526410528,0.6737323301742244,0.4493593687981966,0.5194573749101191,0.4046418189358501,0.42780481655491037,0.18284581684013138,0.14259974691162194,0.6308353673096807,0.4518707861708155,0.4882356203980588,0.40760560983093863,0.42377351138085667,0.19094135135007181,0.13479586063570925,0.6504142581382187,0.4684463283743028,0.5156183975025095,1.6446686913552915,1.3435975489106509,1.2761835711846208,0.21770184543957366,3.530955213867567,0.7759517633505748,3.313253368427993,0.1404233811837761,0.15431853485992364,0.21296282103582168,-0.15429167971622126,0.4198707778748367,1.5165766501314417,0.574162457591058,0.5781613919778213,0.6074036271399853,0.15901431177138553,0.3456908557788637,0.7675987466046694,0.2750344695750377,0.4219078908258057,0.41561809934721694,0.45508161012442816,0.17283834350909918,0.15820282399317964,0.6191778400746856,0.4158585580862927,0.46097501608150593,0.35868942334491716,0.3300915339882062,0.11656311161991616,0.24025546181909807,0.5213630156274411,0.3249694695007179,0.28110755380834307,0.25323880025043605,0.23243020053274543,0.08939276980893048,0.1621720635729722,0.37693248220314285,0.35299792022599646,0.21476041863017065,0.2454227371383586,0.2246127244473702,0.0820703953306281,0.1621368532848021,0.3574960302328495,0.3344042051179651,0.19535917694804739,0.23380616771548784,0.2128877484329282,0.08500492637271491,0.15046975307849955,0.34953258084418326,0.3635700768858887,0.1990628277656837,0.5579059789969911,0.45293989154880676,0.3513737042971156,0.2667698023704935,0.9841716590660081,0.6298080994378635,0.7174018566955146,-0.02064066825935986,-0.02930596951274219,0.09286334158573224,-0.13083969075187787,0.1035158386419411,-4.4990472410515,0.23435552939381898,0.4765897262387128,0.4745843663987121,0.08319842389871372,0.36919687172208443,0.5800461906507207,0.17457032604400194,0.2108493189286363,0.2632565611018018,0.2441758711081198,0.0829518243890691,0.17784139233167545,0.3808735749372545,0.3150987919993055,0.20303218260557904
1502,Lalapaşa,Edirne,2017,0.3420742347077485,0.3320114710937329,0.11752386851048299,0.1992074879849325,0.503794114920206,0.3435624685702787,0.3045866269352735,0.20030771879536205,0.19338043847893738,0.08172405308324003,0.10355419758732824,0.30664988677401583,0.4079925305660876,0.20309568918668758,0.19186957234699542,0.18554271502345576,0.07622098215093873,0.0996365500572755,0.291047242775266,0.3972541410218675,0.1914106927179905,0.2236402792398418,0.21485987398687253,0.08010668854263069,0.1290858489604793,0.3319219275816161,0.3581943682726344,0.20283607862113678,0.4614278904088933,0.39058791184860825,0.28264312834747224,0.1719088744932503,0.8278242506839231,0.6125401914847597,0.6559153761906727,-0.14841496910349383,-0.1523711139660438,0.09668135519313743,-0.26163885838236073,-0.0196443977178829,-0.6514259025025897,0.24199446066447783,0.43436050745292826,0.4336010537275116,0.07502519900587133,0.33993717656344596,0.535084383624817,0.17272564544556765,0.19514720706137106,0.2295109585925945,0.22460284177744744,0.08187948151498983,0.12696109999838506,0.337865865168089,0.3567563048714128,0.2109047651697039,0.5622374418802014,0.6289147874005362,0.23871010374035076,0.20706911279097864,0.8398126507162594,0.42457169508681325,0.6327435379252808,0.42305923853556,0.45705635019455476,0.2111154467793406,0.12891955920388065,0.6835698368161152,0.4990210059237258,0.5546502776122345,0.39794177541609027,0.4316162334897112,0.19680819249043485,0.12304314366672306,0.6425875428293844,0.4945652973595221,0.5195443991626613,0.40624714566240155,0.43355724437121085,0.1900965671082557,0.13677522660087718,0.6445238864718056,0.4679332990716672,0.5077486598709284,1.6269685886784575,1.390562662140169,1.2466459120256232,0.20334407893552148,3.452949761012519,0.7662384637912647,3.2496056820769974,0.10956955763511426,0.13674356192171833,0.22550063512842622,-0.20702643350109742,0.3945039921721848,2.058059190851009,0.6015304256732822,0.5781780958201405,0.6133066618685101,0.15711023624960554,0.3476891545919367,0.7617132367157853,0.2717332901149534,0.41402408212384856,0.4091090935278592,0.455106337848336,0.18105836846708187,0.14256451621166794,0.6229973911560797,0.4425674504220041,0.4804328749444117,0.4831063454115783,0.44918138846281247,0.19141239150631564,0.2539523478783837,0.7851713829096817,0.39621171057739574,0.531219035031298,0.335895089094904,0.28517009375219404,0.18972792063309155,0.13673567570266856,0.6367313936473614,0.5648427940531328,0.4999957179446929,0.323366394710829,0.27536375503696653,0.17354671150063927,0.13868099990296587,0.5957377293624323,0.5366875294998843,0.4570567294594664,0.30657562996738175,0.2773317283088137,0.1409764425966999,0.14457729898604982,0.5273732361597854,0.45984229931028486,0.38279593717373556,0.9809784906514241,0.7028257247975089,0.7744505452112793,0.26579004736456374,2.234248034168425,0.7894674068714812,1.9684579868038612,0.035515904692455816,0.0038278561242809563,0.1642671930849922,-0.1523195837738565,0.29294289775871585,4.625172708042697,0.4452624815325723,0.539282581421492,0.527348174715599,0.10176009098866391,0.4180477893157128,0.6914001878572323,0.18869530464053752,0.27335239854151955,0.3434104533681646,0.31444514612656893,0.1508295835528614,0.16993409093474696,0.5800854533847006,0.43921081048502486,0.41015136244995365
1502,Lalapaşa,Edirne,2018,0.5699043595230366,0.6055135857141123,0.19417130164306318,0.2538305574303733,0.80074131577501,0.34070857398874554,0.5469107583446366,0.3631158328898463,0.36332692428148894,0.1649338468309916,0.12881800552668188,0.5819814354033233,0.4542182738724737,0.4531634298766414,0.3491019369828873,0.35544518498766087,0.15572325399379133,0.12895440973341282,0.5507548716616032,0.4460681465695356,0.4218004619281904,0.3621432301496966,0.3710806451463171,0.14000121494521517,0.16007732408400263,0.5429494675110087,0.38659072789333615,0.38287214342700604,1.2287961018838975,1.1092230897918718,0.79159160192962,0.2965176578828712,2.296986901374306,0.6442009383949147,2.000469243491435,0.14840455674383735,0.16017161735152904,0.18084439565492064,-0.10540588193728195,0.37889098374906993,1.2185905852411125,0.4842968656863519,0.591889754451334,0.6133245099224648,0.12347192011897777,0.40234170818991444,0.7382065185046851,0.2086062804608486,0.33586481031477067,0.38737550074854077,0.4043374051089655,0.1455420326928928,0.1621035957556291,0.5683746272773251,0.3757130546760346,0.406271031521696,0.5726694366967395,0.6367198192616428,0.20507966284312543,0.23043889700971018,0.8007637021420132,0.35811176518527316,0.570324805132303,0.418890904545846,0.4511700479814762,0.1776007067741457,0.13865713098651297,0.6308393708105215,0.42397842695271026,0.49218223982400855,0.402713794169458,0.43557985772139046,0.16821482541752522,0.13865089339024958,0.6034857850348264,0.41770316252624334,0.4648348916445768,0.40485929838749146,0.4413779956921869,0.15958080973781963,0.15238420423192828,0.5976322303414842,0.39416362764400337,0.4452480261095559,1.4826075717235596,1.4219176488377097,0.940946611291588,0.2962948544966979,2.7338939098350274,0.6346565532494344,2.4375990553383295,0.15789272019186773,0.19134494446710357,0.21812229086096574,-0.18363821408252437,0.41788986991401667,1.3814588196080755,0.601528083996541,0.5880261840574529,0.6289467583386154,0.1356419653811286,0.3710037385733176,0.7382271392165385,0.23067334254604513,0.3672234006432209,0.41587990371513717,0.4589585885052245,0.15529479047968212,0.16206986550621114,0.5918068671597289,0.3734125864039189,0.4297370016535177,0.338831135841894,0.3007418634652643,0.13061330562674636,0.20716819575433493,0.5351313762511256,0.38548200507669217,0.3279631804967907,0.23247656000442946,0.19725860487602126,0.104867229208032,0.13480224246927633,0.38866114111198785,0.45108732341029967,0.2538588986427115,0.22161683322693504,0.18942466984951778,0.09514959355470494,0.13090214800931108,0.3652118497414848,0.4293428083473786,0.23430970173217372,0.2180191217986207,0.19134894732471128,0.09466216053821688,0.12131111225830424,0.36320551436195064,0.4341920092020835,0.2418944021036464,0.5394434760001799,0.3903003574683943,0.389702686739509,0.23449570268917505,1.077940524635444,0.7224161642087946,0.843444821946269,-0.06177481955993848,-0.08010017978255463,0.09770958844943911,-0.16987880618545181,0.07226802376806986,-1.5817057685556504,0.24214682995352166,0.4446808861887802,0.43355100316983003,0.07525083773000957,0.3633876719406319,0.5507404517314075,0.16922435856184598,0.18735277979077564,0.24355982680795354,0.21286363903493433,0.09504453877142852,0.15042777264853693,0.3886543382277176,0.3902307700619731,0.23822656557918068
1502,Lalapaşa,Edirne,2019,0.45607999837681873,0.44924656717665096,0.18776286736080902,0.21479208466185415,0.7226034112641637,0.41168844945854677,0.5078113266023095,0.294451725137425,0.2695410933689761,0.160168816913868,0.11327085732547318,0.5193719200949161,0.5439561165386781,0.4061010627694429,0.277978658826477,0.25587822337293326,0.14802192150282825,0.1074596922215841,0.4862811719816235,0.5324938328996982,0.37882147976003944,0.30731751143171104,0.2929572884650777,0.1369877175933575,0.14455015659433165,0.50386368216871,0.4457530485495862,0.35931352557437835,0.8846964734660631,0.7030824122602372,0.7090265587308173,0.2032748866434165,1.859289254234299,0.8014348197331382,1.6560143675908825,-0.0208686121353105,-0.05079080551733533,0.19123391909613813,-0.23822024231456596,0.2460376177061864,-9.163710449750653,0.48425786002075233,0.5155069557383369,0.5117351599488353,0.1243783789035436,0.35557731721982727,0.6835845958755371,0.24127391011708496,0.32800727865570983,0.3121034189505107,0.2988320199449738,0.14035057723712685,0.1386820110393362,0.5136783872862614,0.449692533677056,0.37499637624692517,0.5859861381062107,0.6679416695859117,0.22904647065413924,0.23047560502922582,0.8319640935695549,0.39087353054864293,0.6014884885403291,0.4407902819141605,0.48053626852187203,0.2026777320192648,0.14447952833809857,0.6913378144516248,0.459805354916455,0.5468582861135263,0.4041741129446758,0.4433962099115789,0.18420183530895343,0.1347526219387819,0.6308683639013272,0.4557487216757184,0.49611574196254526,0.426500268184364,0.464849660405653,0.18770310550819072,0.15231918518402832,0.6523109789584381,0.4401007912779365,0.49999179377440983,1.8006990386428166,1.656259360760724,1.3131865980436954,0.28049877250702093,3.6559876986074724,0.7292648965001068,3.3754889261004513,0.1786262382746553,0.21488450786152366,0.24775503304125251,-0.18356295111158916,0.4882041575871865,1.3870024663471048,0.6717671086987757,0.5838251814259261,0.6289206723081298,0.15364531178427865,0.35548003727708033,0.7616627559092416,0.26317006643841157,0.40618271863216127,0.4202708177536874,0.47071558499885047,0.17083503767330488,0.15819655981747896,0.6152435521035722,0.40648798454863927,0.45704699228609325,0.42217447000626995,0.3866687026147452,0.1626007763831085,0.23828401335311744,0.6679629246367363,0.38515066148053345,0.4296789112836189,0.31456518860179633,0.2695190966163,0.15282128603534967,0.16026563801112406,0.5429731421215677,0.48581753980668213,0.38270750411044363,0.28974786289184784,0.2538881948999878,0.13233074873506567,0.15246860708668425,0.48830726237161076,0.45671000784727045,0.3358386552849265,0.27718374731800255,0.2460513570816137,0.12260543690571782,0.14457583246617128,0.46483896579291234,0.44232549019209694,0.32026313332674106,0.8114427885414884,0.6090997370676039,0.630480806290093,0.2657751174686637,1.7028480363412717,0.776987380001661,1.437072918872608,0.033078250733770465,0.013662910001034844,0.1237092837563182,-0.11132353044107728,0.21289067777048012,3.7398979998062627,0.3242142082115574,0.4891432320188396,0.47263830445473176,0.0903646532911261,0.386820409610822,0.621012964076876,0.1847406799807171,0.23419255446605403,0.3062628075835887,0.27928291027665825,0.1221168340355009,0.1699193338477229,0.4902381002122307,0.39873217057925453,0.3203187663645078
1502,Lalapaşa,Edirne,2020,0.5714818300840698,0.6191287400817823,0.21227721984522946,0.23241825714826003,0.8183582153210216,0.37145051455791983,0.5859399581727616,0.40911392032910054,0.41993742981456245,0.20093628765521165,0.12305517281407072,0.6737931196482498,0.4911499650111488,0.5507379468341791,0.37937086025652866,0.3925565170581574,0.18104247200130333,0.11916928897578002,0.6152690098012992,0.47721765419432405,0.4960997208255191,0.41102649894103577,0.431641873973528,0.1710468917579317,0.16206665652020782,0.6269489914915406,0.4161456553254232,0.4648823349713328,1.5717809619510343,1.4058712408647391,1.132647657405503,0.27900309403857854,3.155527266699569,0.7206141853248814,2.8765241726609903,0.10668079389137963,0.12897779545443813,0.2277105894693769,-0.21488817095765791,0.40226564058738346,2.134504076724696,0.6171538115450413,0.592082817763668,0.6230431338803728,0.14015806586536883,0.37301124914817374,0.7558671509275506,0.23672037367129514,0.3828559017793769,0.40342476898317,0.43168078216854255,0.16407846835666284,0.146454446330155,0.603491668220254,0.40671391786434374,0.457037221890099,0.6204661473787549,0.7129060327084429,0.22674592100444074,0.22070774106591348,0.8418108102218097,0.3654444677801686,0.6211030691558962,0.48250358442811225,0.5332217937428696,0.20829583725404893,0.1386391836747051,0.7206700910575191,0.4316980100799287,0.582030907382814,0.4443915521854693,0.4941562331984708,0.18984535856895457,0.13475155054321905,0.6620682341240582,0.42720289716425924,0.5273166835808392,0.45951209899675244,0.521455757156593,0.18514217293742874,0.15431349666770292,0.6620880208297864,0.4029103332461703,0.5077745241620835,1.9697308814215717,2.01551241618946,1.281172181860908,0.2648411737170438,3.6720860328150913,0.6504300632867548,3.4072448590980473,0.21623573217172945,0.2851659261607861,0.24339230458994118,-0.1758597231049481,0.4882118903248427,1.125587811715802,0.6640716134297908,0.6126574337895653,0.6680286076678744,0.15269216866680965,0.3554286348930025,0.7694389117546337,0.2492292760121085,0.4140102768616312,0.4521307377780479,0.5137142501584107,0.17205423513717452,0.15427158024975335,0.6269344710689286,0.3805408939518648,0.4726628908191753,0.3684815342161885,0.32615504638688814,0.1555078173733634,0.19729433135252933,0.6073849816239071,0.42202336598535434,0.41009065027137775,0.24086238978185653,0.1991311031247043,0.13416978918962005,0.10549829470371704,0.44136428353642065,0.5570391845365916,0.33586598883270363,0.22083582745537195,0.18551291597561148,0.12046324067371424,0.09570933484888161,0.40039143475520933,0.5454877592181382,0.3046820999063277,0.23964256950644558,0.2050633939259956,0.116160573732494,0.11915250455889363,0.41987508096688186,0.4847242873907245,0.3007225764079882,0.6618709905794641,0.4526924932478934,0.5334054897504199,0.20368944529868424,1.4218172914068625,0.8059055274252563,1.2181278461081784,-0.07224916716914334,-0.09568942907870562,0.14938730506877995,-0.24803413805521987,0.13868845848017303,-2.0676681949709903,0.38672259653539287,0.43727156367035297,0.41598798577546797,0.0980608474499041,0.32619305343249155,0.5839433683465216,0.22425617304451448,0.25775031491403005,0.25220728589789165,0.22067062092226095,0.11715314244181572,0.12696912740516594,0.42773089052078817,0.46451133251259924,0.3007617631156222
1502,Lalapaşa,Edirne,2021,0.5461726305219853,0.5820693538224851,0.19742713352156993,0.23044933263150735,0.7851148715873871,0.36147386831318495,0.5546655389558798,0.39395754228080493,0.4023336870235453,0.18177168530004048,0.13664037410617125,0.6288636112037179,0.461399175778382,0.4922232370975467,0.36864390153818705,0.3789059515558152,0.16667999802600067,0.12888292909502375,0.5898031312105494,0.4521436468378269,0.46092020211552565,0.3617569690413845,0.3711368899093546,0.14271181840475222,0.15233284250333545,0.5507827998171708,0.39449639016747234,0.39844995731383537,1.1402192318492954,1.0155110683734299,0.7565731825477876,0.23393842985997826,2.234667400073176,0.6635330833007604,2.0007289702131974,0.12705110114880053,0.1367299871892068,0.20076170068906043,-0.1601546980735815,0.3866737192413391,1.580164979868463,0.5468284173149206,0.5669340586834846,0.5898777915542402,0.12615804309725276,0.37108513989583325,0.7147829402192349,0.2225268374071806,0.3436978003234017,0.3898295835972421,0.4121181932237912,0.1514851683771982,0.15425292733450768,0.5800566600386219,0.3885933103879238,0.4258037327041142,0.6390412115686468,0.7304752180552941,0.22622157574423613,0.23819393157723018,0.8553731468782644,0.3540015442649352,0.6171792153010343,0.4843710789889597,0.5351747867761975,0.20737242164062264,0.1444723230664882,0.7226607003710288,0.42812717487897184,0.5781883773045406,0.44851579715273954,0.49807493391480284,0.18867926575210234,0.13476465808673954,0.6621108325564422,0.4206747386599823,0.5273461744697027,0.4612049709644944,0.5117649070690669,0.17935870425177547,0.1601168821549672,0.6600844170183159,0.38889152447054454,0.49996753486334866,1.9730499190142858,1.9531533856265513,1.2461995354761009,0.29645587132031,3.641048813530445,0.6316107481450285,3.344592942210135,0.23333129919998682,0.3008241173139717,0.2438512320567109,-0.16804353798508812,0.4960310979136234,1.0450858195741133,0.6640746358987115,0.6207145077833855,0.6758541811342275,0.14710211444572147,0.3710566434427445,0.7694553247296718,0.23698836196214149,0.3983986812869273,0.46114685749268375,0.5215074014539005,0.17132770739751413,0.16209034581704496,0.6347343700887832,0.37152526275261955,0.47264402427173824,0.4442616342856498,0.42582944220585367,0.16133059795980279,0.23827622857687503,0.6757284067551336,0.363143214514155,0.43745217817825854,0.2873223424497964,0.2616878619666273,0.14085688868559487,0.12888211176666006,0.48823349798127413,0.49023994265328213,0.35935138621461404,0.26346814241295824,0.2382492994272194,0.12587067487628648,0.12108190239719159,0.4414070726827809,0.47774533089088855,0.3203251702855893,0.2797462961733514,0.2617195110451705,0.11573063562127364,0.1445450067567763,0.4492370228319982,0.41369854473268314,0.3046920160752219,0.8344222759028281,0.6717080652022636,0.5838045577906099,0.2970817051841749,1.609093809441983,0.6996512133606994,1.3120121042578081,0.034585818961088345,0.019541386029421397,0.1457671264077309,-0.144476244561198,0.23819835204721684,4.214650130787128,0.38267459660841485,0.48343324268774884,0.47264462855141415,0.09574215569007984,0.36331868870149964,0.6132175332116873,0.19804628071868036,0.24989884451018762,0.2987469527833045,0.2792765040312215,0.12001197203610064,0.1543078886171482,0.4707726759880956,0.4017178114052634,0.3164647873709474
1502,Lalapaşa,Edirne,2022,0.4431160460434617,0.44925525540065664,0.16145360414019422,0.21482445456734497,0.6600854384767635,0.36435964254013614,0.4452609839094185,0.2919694870360138,0.28709359301267123,0.13282450166533089,0.11524910874886693,0.47457875185166926,0.45492596851035766,0.35932964310280235,0.27400857465362133,0.2714722074610448,0.12227519620370506,0.11133309769193493,0.43950143940635267,0.44624587518210007,0.3281683417144177,0.2897195656693804,0.2851624272704839,0.1096659370496634,0.15236660144245298,0.43345544155296806,0.37852444240790767,0.28108884011051505,0.7189281548940156,0.6405650181517847,0.4590077222816633,0.20295959562638335,1.3279369830924508,0.6384611858042063,1.1249773874660673,-0.0017666539619986918,-0.0039267539578195,0.14809339944569425,-0.19916657575066857,0.19131219152455337,-83.82705534373568,0.3904787672752219,0.505977253629137,0.511737673011916,0.10813841265704134,0.3555121322795787,0.6444300397211177,0.21372188548282622,0.288917907441539,0.308689202627907,0.3105272859504303,0.12004737740325293,0.14260630965982346,0.4706949174665993,0.38889399558285703,0.32808860780677584,0.553390928947371,0.6132792753690646,0.21000970928121174,0.22270269338642684,0.792910626623328,0.3794961180167524,0.5702079332369012,0.4113479811829696,0.44141735187214604,0.17659419155450481,0.14449363550252062,0.6288188643265296,0.4293060854380487,0.48432522882400897,0.3845952252783096,0.4160161788903204,0.16394935572594055,0.13867688468748493,0.5839549198351665,0.4262906686043743,0.4452780351476815,0.39893881224295397,0.4179949321392032,0.16966539535662417,0.15240491154736988,0.6132573335571418,0.42529177445211286,0.46085242200977194,1.501976265232664,1.3432839144140194,1.0758714826395812,0.28059379446193455,3.0310833996980864,0.7163039174077248,2.750489605236152,0.1368156230025601,0.16018635108102197,0.21745644984459947,-0.18362618809151332,0.4179244992209554,1.589412415572821,0.6015506873124687,0.567448137122841,0.5976498051151009,0.141337036618235,0.355470297310028,0.7381823294677464,0.24907480943520727,0.38271203215771843,0.40147922733607716,0.4394750181568148,0.15567469891392471,0.15820267482604547,0.5800830474613168,0.38775281089103486,0.42188037263527134,0.38051678114227844,0.3241812221909578,0.1764197604145765,0.19937016830403226,0.6679506790787919,0.46363201087999234,0.46858051077475965,0.2671210424789545,0.2069644721384836,0.15004339021846355,0.12898848917039704,0.5039013830885918,0.5617056178952465,0.3749128939181947,0.2520820549116819,0.2011667371271558,0.13356217011260418,0.12695417389981206,0.45900709231694886,0.5298360891234336,0.3320529184171368,0.25364037179924337,0.20694077830225724,0.1369644609992818,0.12121832912980275,0.47264011376245624,0.5399947178270552,0.3514217846326535,0.7324948083945249,0.467899890685793,0.6981265246017279,0.2178230612750302,1.7806709062515231,0.9530805086958567,1.5628478449764929,-0.03265503507423825,-0.06644442531542606,0.13605764771791895,-0.17570349379628922,0.17577149780860418,-4.166513599161791,0.35147499160489337,0.4761815566751253,0.44912993241921506,0.10185374935354408,0.3712607697963326,0.6366875431244253,0.213896880141105,0.2654267733280927,0.27237896938102185,0.2284949713969848,0.129235221360137,0.1426329612323115,0.4784911507405281,0.47446842777114023,0.3358581895082166
1502,Lalapaşa,Edirne,2023,0.46543828499499773,0.4726696924012,0.189472107897185,0.2148581309796648,0.7226244280494285,0.40708320309151474,0.5077662970697637,0.299976701612002,0.2929526213881229,0.15316813374020086,0.10559673057573053,0.5116244141285697,0.5106000996647821,0.4060276835528392,0.27842927160568487,0.2753874071015701,0.1398847934667203,0.10354186708341918,0.4668226576318505,0.5024069224475326,0.3632807905484313,0.3167545844273844,0.31444443789610277,0.1338194718702981,0.14651998502716962,0.5019396341746423,0.4224705132909483,0.35541964914747265,0.8926283215489783,0.7658115229449636,0.6354345506369061,0.2036014971760078,1.7965444175475151,0.7118691344391093,1.5929429203715073,-0.011605097329285208,-0.011735989258907634,0.17150679715387443,-0.2382876877412628,0.2148888755965086,-14.778574645908465,0.4531765633377714,0.5123438529841092,0.5195804094656222,0.12008597790830346,0.35557629552082287,0.6679033765694247,0.23438551513572667,0.3123270810486018,0.3167300386188318,0.3222725803185919,0.13890905630223685,0.13479654057155657,0.5019679606684597,0.4385724098288218,0.3671714200969032,0.6330338492177403,0.7461225811690629,0.26492358278840966,0.22265315406964586,0.8944946824685014,0.41849828901848457,0.6718415283988555,0.5365107596909584,0.613369332165062,0.26264569321452114,0.15233405587344487,0.8397850568714361,0.4895441302347983,0.6874510009979913,0.48989819608863966,0.560597996222931,0.23718121700701408,0.14256002981051333,0.763692588034382,0.4841438872416255,0.6211325582238687,0.4772888189902482,0.5352098699900446,0.22352208231422743,0.14453623374681449,0.730451397322731,0.4683161922525454,0.5859151635759166,2.4385428258073567,2.0943446020574954,1.872181218534004,0.2796617985854615,5.0932599353990105,0.7677458844357836,4.813598136813549,0.249708254792631,0.3398881060376447,0.27743260048123136,-0.16799245997461554,0.5506755150844495,1.1110269490755278,0.718667975059065,0.6179816576128493,0.6777655641562444,0.18066371527382447,0.3457095489616547,0.8105418813635382,0.2923447857201709,0.46483233240188354,0.4743339294768916,0.5566683866961465,0.20481300948359063,0.16210638716071604,0.6894340683857155,0.43179076333304683,0.5273276812249995,0.41687719458032185,0.3867331920620866,0.16116356358292533,0.23837026650928986,0.6601429453555839,0.3865972177853762,0.4217726788462941,0.28765579396399094,0.2538695458772811,0.12935566321830477,0.15240662819845924,0.47265309891236096,0.44968905870360343,0.3202464707139017,0.27757806414546377,0.2519504380603561,0.12062512529545748,0.15040088745622418,0.4511774005980844,0.43456288834208573,0.30077651314186027,0.2688244937150085,0.24608697380067635,0.11640097909993974,0.14471959172033194,0.4336407299922967,0.43299990075807987,0.28892113827196475,0.7316022930882334,0.546658672373323,0.5873875087641122,0.2659615760158536,1.4529030703249457,0.8028781679792678,1.1869414943090921,0.05729048777714607,0.05860476877538899,0.145859304701936,-0.1367111556799243,0.24608633208349254,2.545960252063366,0.3827974877634168,0.5064362723141012,0.5038935834901154,0.10245558052080879,0.37895449982611856,0.6445025658322076,0.20230695572544602,0.265548066006089,0.2972197284235389,0.27539912165338093,0.11628568842976282,0.16993554452210505,0.4667675541024366,0.39124485123025016,0.2968320095803315
1502,Lalapaşa,Edirne,2024,0.4706781698209453,0.4648723292856405,0.20012580010618053,0.2149118650508058,0.7617188774209264,0.4251860675465618,0.5468070123701205,0.3035272175841273,0.27740129449184703,0.16749015332394607,0.11334501376072532,0.5429099411383395,0.5518126336644704,0.42956492737761415,0.2831182167155762,0.26171991581432713,0.15282525784041248,0.10556435626729595,0.5038506740666695,0.5397930928405871,0.39828631779937357,0.3265096642547098,0.30072124825350105,0.156101664029166,0.14462739000853178,0.5585597148828453,0.4780920172316593,0.41393232487431353,1.0815683927974338,0.7807908252505595,0.9899226611124649,0.21984420945195413,2.4677407453382907,0.9152658932201866,2.2478965358863365,0.013992291365222932,-0.011722448104309894,0.19498050199616457,-0.21478241778070542,0.3006888214281196,13.934851476919487,0.515471239208825,0.5164231230799478,0.5117357209586579,0.12867792159336067,0.355542241521791,0.6913909106512269,0.24917149492827795,0.33584866912943595,0.31799773675712245,0.3027460706705837,0.14706272098822992,0.13870092790250552,0.5293201289617483,0.4624646781701853,0.39061920105924275,0.5928392898918498,0.6680261615986295,0.23444672369947603,0.23830728293253386,0.847660408158356,0.3954642138213302,0.6093531252258221,0.4553389990595419,0.49414242892968924,0.2099667229903776,0.15429471708851034,0.7168027908686049,0.4611217651552872,0.5625080737800945,0.42124307542641953,0.45897988114251387,0.1928143835999034,0.14644372036599665,0.6582279313571483,0.45772712917528585,0.5117842109911517,0.4411925720205094,0.47461805130968426,0.19456311342619115,0.16600680587706437,0.6816389616208343,0.4409936290068516,0.5156321557437699,1.9218498613972101,1.655865123472657,1.4398994230390931,0.2817583018453756,4.031185157606552,0.7492257600145036,3.749426855761176,0.1700345683149384,0.20703812122176857,0.24005340382165805,-0.17583047159034393,0.4648654138099181,1.411791767995262,0.640695885400262,0.596159151283419,0.6367680001485585,0.1562689307830047,0.3711181928364144,0.7773019322439837,0.26212619641346935,0.4061837394075693,0.4316083601421092,0.4824508964563503,0.17700820472872478,0.16601800924698057,0.6347578228537649,0.41011301233934383,0.46873981360678435,0.32279914332217186,0.28316731018140584,0.12437545543050686,0.19727992128340516,0.5097584955228727,0.3853029290922656,0.3124785742394675,0.23294920199459976,0.20115233836729773,0.09258437307900118,0.14653452524755012,0.3691300655447217,0.39744447410104233,0.2225955402971716,0.22436008682690703,0.19723240775680584,0.0807970751230263,0.14651672527821558,0.3418246682072807,0.36012232062185345,0.19530794292906511,0.21558197968801965,0.18554121352410044,0.09735471736156583,0.1191803134745011,0.36520449953321016,0.4515902372844572,0.24602418605870907,0.5211275610113041,0.3588899369400648,0.40845235472929287,0.20294553548453156,1.1091137158421398,0.7837857470762958,0.9061681803576083,-0.02883772791249539,-0.04101887463087822,0.0819325596742796,-0.12304252594896528,0.08009414234224678,-2.8411586350663303,0.20313666829121207,0.4458394289777484,0.4355404597795729,0.07122456456047752,0.36916428754979846,0.544883298914645,0.1597538484287631,0.17571901136484658,0.2389919123751997,0.21288014203788497,0.08614189959597214,0.15041602927930425,0.3691463149868791,0.3604385551789539,0.21873028570757486
1505,Lüleburgaz,Kırklareli,2017,0.34156399788057845,0.32423675234922505,0.14186115755745055,0.18367389777069346,0.5429196428721754,0.4153281916059833,0.359245745101482,0.1746912864985555,0.16021054114872926,0.09645947201155504,0.0666167070582126,0.3085275816318995,0.5521710552652702,0.24191087457368687,0.16554255411838278,0.15236520213168714,0.09001414151092806,0.06649111744347863,0.2928966106821554,0.5437522816432876,0.22640549323867676,0.22312091135098888,0.20705203465427427,0.09501038809241774,0.12121455564344852,0.35540672497394854,0.4258246684146876,0.23419216933050002,0.4960392853006082,0.4219600032970372,0.34707759273281963,0.17185583168764015,0.9838643434473111,0.6996977921264538,0.8120085117596709,-0.11478596412009726,-0.1210926659682918,0.12998214810407382,-0.27730654142896877,0.058527944862706155,-1.1323871267751624,0.3358344862916749,0.4170120971522911,0.410141910578026,0.08877901911680484,0.3086961877352615,0.5350848041030007,0.21289315039794424,0.22638861636773927,0.21152670746451052,0.20118237484685506,0.0986863152391074,0.09963085697631692,0.34959945791967906,0.46654304991564605,0.24996860094336215,0.5718864717277684,0.6679837921868336,0.30696343482477484,0.1680350631009362,0.9101054784161521,0.5367558947449569,0.7420704153152159,0.4517485388948576,0.5038775631147198,0.2907084428239532,0.08988622781370813,0.8085550124663993,0.6435182801811213,0.7186687846526911,0.42532809235391283,0.4649017578895581,0.2746995405674029,0.08982811568035987,0.7617240126830754,0.6458532730512123,0.6718958970027156,0.43296283346519204,0.4804446888034574,0.25214796088486596,0.11331767816046744,0.7304369021090343,0.5823778426125285,0.6171192239485669,2.2998644075438364,0.5431841430908555,2.240623545422421,0.5431841430908555,4.888284641282429,0.9742415848833965,4.345100498191573,0.15250263622976282,0.21485479987659278,0.28011900045623844,-0.22263720448348548,0.480409359353088,1.8368141520793573,0.7030465638365735,0.5815128198668342,0.6445337617235553,0.21665685815758828,0.2930348499952765,0.8241708033297397,0.37257451728614077,0.5311359533344632,0.41979287697436707,0.48833000042381924,0.24068812934686767,0.11330103110456459,0.6991680739884092,0.5733497220858378,0.5858670428838446,0.5518487092042549,0.5351060361151776,0.19366834741014483,0.30083386945062585,0.8164089214073258,0.35094464149315,0.5155750519567,0.4085326139351304,0.363242994174398,0.20963480644350455,0.16804240686175206,0.7147976270744167,0.5131409324318763,0.5467552202126646,0.38830443164088263,0.34762998819142993,0.18736752612806018,0.16802778940538207,0.6601282271153933,0.48252739567325914,0.4921004377100112,0.36116913039946896,0.35543951790997563,0.14397509076190662,0.1758338592282069,0.5585685635553235,0.39863620294088764,0.38273470432711654,1.324607533858468,0.9302024679724479,0.9633651482849523,0.9302024679724479,2.536306377413657,0.7272834584284391,1.606103909441209,0.12815479052486162,0.12891568962235592,0.14163144991782595,-0.05070610127400996,0.3163895484628846,1.105159232345278,0.36709564973689457,0.5778562579806807,0.581994784293882,0.10181242283119492,0.4492950309976724,0.7069616170381413,0.176189876677945,0.25766658604046894,0.3961878141435476,0.37884014847208997,0.15637468970219848,0.19929182645215912,0.6132737984559876,0.394698383240885,0.41398197200382847
1505,Lüleburgaz,Kırklareli,2018,0.5499113473753005,0.5742549873561696,0.2378908120412461,0.2227000416162576,0.8554690361109111,0.43259847823960557,0.6327689944946535,0.3529062892798785,0.3476543716843083,0.1935901574637495,0.10545845772469757,0.6132552661567693,0.5485596696470871,0.5077968084320718,0.3341485805417183,0.33205384497101614,0.18589256536949386,0.09766203209693533,0.5898193701659942,0.5563170882489661,0.4921573380690588,0.3568037829443022,0.35548347764761773,0.1794882754404531,0.1289629001583183,0.6054389729752776,0.5030447658355449,0.4764760728169593,1.3914928013895496,0.8331961774996656,1.2604249047397371,0.8331961774996656,2.7514196272512126,0.9058077077230097,1.918223449751547,0.1693878414775494,0.19927162499547804,0.21752983250771676,-0.14451887379865197,0.43352570605970076,1.2842116093471094,0.5780445798583527,0.547817861464401,0.5585994049662794,0.163561168242315,0.33206587241899127,0.7616889742049946,0.2985685202105148,0.4296231017860033,0.37243456821925347,0.386739856722151,0.17725836972443443,0.13671258101220105,0.6054325612358753,0.4759449977266392,0.4687199802236742,0.5363879025906064,0.5976909192967832,0.24517000367370245,0.20707215320224387,0.8320534803505966,0.4570759379352118,0.6249813271483526,0.38750926798134194,0.41018415145935266,0.21545804081847278,0.11327681457616844,0.6679062006053033,0.556007452262656,0.5546293860291348,0.3671726377075957,0.39455800101222405,0.20476787225560872,0.1054902722798152,0.6366859970630219,0.5576882676608358,0.5311957247832066,0.3819548418147217,0.4023329040387866,0.193599659996385,0.12895364747226276,0.6367068019917439,0.5068653118168774,0.5077531545194811,1.5095966997784498,1.281014476846069,1.2172634554360904,0.2206362353159331,3.2809378128581708,0.806350103716269,3.0603015775422375,0.14493055239742506,0.1816525831914061,0.24033421291686388,-0.18163077627428045,0.4472606513164607,1.6582715579377991,0.6288914275907411,0.5526107631635095,0.5898893137133884,0.16852687552970302,0.3242698405092671,0.7616724203483177,0.3049648808230656,0.4374025798390506,0.384689909687558,0.42386007908039447,0.18833061067192938,0.13476794473308953,0.6191254456291713,0.48956472714579374,0.48435750089608176,0.36073182774130824,0.3085323802535347,0.1514498808306486,0.20716175647660598,0.5976171720422495,0.41984063834605106,0.39045541556564356,0.2512029292340005,0.20699342031167292,0.1285792677114311,0.12900963681724764,0.4413682010469302,0.511854173450569,0.31235856422968256,0.2318085207757421,0.19133532550739243,0.1117140243453374,0.12128231707252571,0.402276615399409,0.48192371864282163,0.2809942983268833,0.23752239817413479,0.1991483260061659,0.11132041836941986,0.12904172189085972,0.41011106145190207,0.4686733513350919,0.28106933956104235,0.6291503205940276,0.4216033515289717,0.48943113101639024,0.2046263546360293,1.32807805935544,0.7779239952612309,1.1234517047194106,-0.027414606754870497,-0.04884152126437355,0.10813522125425189,-0.1464636179231928,0.12695573851364134,-3.9444381683512755,0.2734193564368341,0.44663282733460613,0.43354623251469043,0.08394761165028237,0.35558643731075806,0.5663422997495516,0.18795665368186412,0.21075586243879357,0.25658316649414836,0.22069422015364276,0.11062667139042937,0.1465157551896976,0.42383356062745114,0.43115327050479874,0.27731780543775353
1505,Lüleburgaz,Kırklareli,2019,0.49536273426906907,0.5117196930845702,0.23241761620717596,0.2070529689948692,0.8007683646617004,0.469186719404961,0.5937153956668313,0.32244180084564,0.3086309263135783,0.1976100834702588,0.08984079195625004,0.5976577767689885,0.6128550422184843,0.5078169848127384,0.29984081128258194,0.28516816397793066,0.18433864707562875,0.08207737025107602,0.5585811284450287,0.6147883814985434,0.4765037581939527,0.3468655041480592,0.33984872862203214,0.1741950086073722,0.13681004943968797,0.5898180537484142,0.5021975564713902,0.45300800430872623,1.2006085272046165,0.9062005627580398,1.0392298936049185,0.21878910200832916,2.7184939027496386,0.8655859674964688,2.4997048007413096,0.05308509210662853,0.050819007952247884,0.22422956493560744,-0.23042531300237962,0.3631935057722993,4.223964884250597,0.5936188187746789,0.5177357717368771,0.5273928981615584,0.15607243201348206,0.31644537820320745,0.7226075542469286,0.30145189985597703,0.4061621760437211,0.3350789416416578,0.341825624673799,0.17516121705137713,0.11914170695905282,0.572265473016437,0.5227461212370043,0.45312376605738425,0.6039692483877286,0.6913892709613818,0.24484160073610095,0.2460899859438004,0.8632458874728585,0.40538752823872354,0.6171559015290581,0.45068330240801424,0.5039392065729591,0.2250603957710196,0.13671492601370347,0.7226227588012839,0.4993759355372503,0.5859078327875804,0.4149772199240601,0.46490573196482443,0.2074483997353281,0.12889393847669692,0.660124927821787,0.49990310256859566,0.53123098934509,0.4484032590208113,0.4883007437638272,0.21315952051390138,0.16016878324488915,0.706980417924291,0.47537460137864035,0.5468116346794019,2.1915348152050584,1.84404960538371,1.7053800678051025,0.34361668992571287,4.718221854835413,0.7781669978377838,4.3746051649097,0.20440383467654913,0.25397611744693377,0.25071057716963396,-0.14451011199807684,0.49601317534234773,1.2265453706695921,0.6405232873404245,0.593508188367817,0.6445658896452136,0.17807955346804616,0.34767959385033004,0.8007219556960972,0.3000456555751582,0.4530423618457671,0.4316176504978597,0.49416032089600714,0.1880516435420117,0.15821324068608655,0.6386752116510833,0.4356903461318114,0.48046197096499677,0.4716945786464822,0.4335656454795205,0.18121687229777747,0.2539881276173747,0.738249476956099,0.3841826480553911,0.4842613493387243,0.35312292249015387,0.3007492214563391,0.18039832751972684,0.1602022422603349,0.6210496937280804,0.510865525940919,0.46084745146774553,0.3222198875172296,0.2772983488567918,0.1555181510793582,0.15243953670018368,0.5507255483802312,0.48264603491006564,0.39828601168004757,0.31930611179270507,0.2851447614647781,0.14535215039555172,0.15242983304931687,0.5351462745737251,0.4552125531813026,0.3827164415244082,1.1049289396475195,0.7805859022812595,0.8383534498941215,0.28306129853098855,2.4059553379309877,0.7587396979226216,2.1228940393999993,0.07801585066150606,0.06637882811996164,0.1413968597835972,-0.09759669669456861,0.2695084644695106,1.8124119468630506,0.3671051611640792,0.5115493615367531,0.49604876104694,0.10257724714729027,0.39462613012438674,0.6601012850605997,0.20052267651969385,0.265475154936213,0.339405297978977,0.3105311630259809,0.13957137603975606,0.1777497780118411,0.5449132259091147,0.411223327599327,0.3671634478972736
1505,Lüleburgaz,Kırklareli,2020,0.5382993654216363,0.5976655742795913,0.2468584233131339,0.20704066261572024,0.8319862062157338,0.45858947487291934,0.6249455436000135,0.3656379062376655,0.3789375028719197,0.22417843414734206,0.08980269123645587,0.6601005837965108,0.6131159552194393,0.5702978925600549,0.3385742516613444,0.34769275225123125,0.20647070279332064,0.08202435290399673,0.6132090806098958,0.6098239951212856,0.531184727705899,0.38324764500910957,0.41017283381744507,0.18521709507808037,0.13679354208594335,0.6132316082238541,0.4832830612010098,0.4764380661379108,1.4290400489084958,1.2813454108798772,1.1146217157461675,0.21888289357002189,2.9682936237951543,0.7799793410951067,2.7494107302251325,0.09400794911182214,0.12895817175571161,0.2442610039166956,-0.23825946575358584,0.40229015362960013,2.5983015928381543,0.640549619383186,0.5540091735347464,0.5898310071273006,0.16330542793974584,0.33211091188519754,0.7538489602375189,0.2947702596652104,0.42173804835232137,0.3694617087641698,0.4004162711456862,0.19182854914389438,0.11914601824322488,0.6073849099329363,0.5192109076351942,0.48823889168971135,0.583472874242519,0.7148790129716698,0.2857192485233735,0.19142698316713108,0.8867041616256062,0.48968728648148774,0.695277178458475,0.4620816038100199,0.5430076829737431,0.28080654521452597,0.09762077061001644,0.7929069184269136,0.6076990360559272,0.6952861478168972,0.4269611287625299,0.5019653486552856,0.25867073051831274,0.08789728703092375,0.7324131524451408,0.6058414059097683,0.6445158654142171,0.43898029583984965,0.5195632535403609,0.22894521353565528,0.12895159085329633,0.6991510608830802,0.5215387016349815,0.5701994700297839,2.0506632706033274,1.968910343563409,1.6196251546857234,0.21713176125150893,4.280705302335306,0.7898055121498383,4.063573541083797,0.17791750792559197,0.28518256777518086,0.27909349890798835,-0.2148231730781155,0.48035682659405393,1.56866798642835,0.6951799996721695,0.5889617356494828,0.6680048199821029,0.1970540172490311,0.3164270468179874,0.8007026933283539,0.3345786412282421,0.4842756465103665,0.42556804081798655,0.5175878637553346,0.2259814580847015,0.1191496810970434,0.6738133234274659,0.5310113458011118,0.5546636423304225,0.44411132585397767,0.4257654505667917,0.16229678799505565,0.2461193227865196,0.6757695303390735,0.3654416776761471,0.4296502075525539,0.334138225318289,0.3007573028044158,0.17244437585616063,0.14460014184500075,0.5820194567530058,0.5160869448321749,0.43741931490800506,0.29279773521262087,0.26171381774630215,0.14634153112728746,0.1289963195801105,0.5038638667322434,0.49980417717718567,0.3748675471521329,0.29303136506583266,0.2753778930573652,0.12563883122963132,0.14648926897392842,0.4746097017958797,0.42875557434408157,0.32812043282195125,0.9205151280994786,0.7342320512231404,0.6542825646576387,0.29726078356849006,1.8591761079814355,0.7107787201808284,1.5619153244129453,0.050462923154466634,0.05077811429362488,0.1422909106137948,-0.1366903769504649,0.23820210039575263,2.8197120126839144,0.37489247734621756,0.46686559494570784,0.457006069979843,0.10236869397102649,0.33987629144721015,0.613252176663394,0.21926801863163856,0.2733758852161839,0.31599416651858436,0.29882824326403057,0.1292862572530589,0.16213839695524737,0.5019674800753822,0.40914127838956565,0.3398290831201348
1505,Lüleburgaz,Kırklareli,2021,0.4858941685025064,0.51171907283915,0.22733007551393558,0.19924526326798608,0.7773165877268825,0.4678592381846273,0.5780713244588964,0.32877334689658294,0.3164274676168521,0.20247159230876302,0.08985418695072799,0.6132338319449778,0.6158394353434353,0.5233796449942498,0.3033223920750643,0.2929739689437229,0.1851126816009337,0.08209384776135226,0.5585829835025428,0.610283600675031,0.4764891357411905,0.3233121560163275,0.3320463101234907,0.15582478495705893,0.12902397489435768,0.5351349821950626,0.48196389172942095,0.40611100730070493,0.9890133954379803,0.8593140974742652,0.7656454636363577,0.2029804351160527,2.0780139464146745,0.774150751817972,1.8750335112986218,0.06823487712583254,0.07426930214453269,0.22009476318980223,-0.21483241521506122,0.36326230892086736,3.2255464135140675,0.5780947241359286,0.5106914909138496,0.5273763861347578,0.1457192925210822,0.31645430998569224,0.6991526581749655,0.2853372243589313,0.3826983481892733,0.33437826034422424,0.3457131037219102,0.17453289728562027,0.11915452773017951,0.5644418819139704,0.5219624538567433,0.44528735418379084,0.5693104104921842,0.6680182399288367,0.28052354527532763,0.1914311079409258,0.8788742062405915,0.4927426938018004,0.6874430982996658,0.4162477798466865,0.46482480202675497,0.2538866059904313,0.08983588244845869,0.7304251710444056,0.6099410454127671,0.640589288595947,0.38951985015899376,0.43364247546463114,0.23758117974041618,0.08981353215915341,0.6835421927216703,0.6099334337991775,0.5937286605625168,0.4207261997837251,0.47267936305847147,0.22517515122935766,0.1289231156419732,0.6913783429967134,0.5352059162113252,0.5624552273547402,1.9412672872986376,1.6563128222675896,1.6035451102762552,0.21753851856671957,4.218323252369489,0.8260300478805583,4.000784733802769,0.17229953566852094,0.24611104159794575,0.27876135813674857,-0.21484577114194503,0.49604115547847044,1.6178880404706637,0.7108869266204154,0.5754238312893034,0.6367675007255514,0.19325873866969476,0.3164328664405806,0.7929129331166229,0.33585459649225213,0.4764800666760423,0.40502797383303657,0.47072709253001843,0.21708053033323782,0.11524668769166845,0.6542935169544689,0.5359642897720548,0.5390468292628005,0.5001067203881269,0.4960486659684329,0.17097036703606,0.26954874673765566,0.7382281291496146,0.3418677655508647,0.4686793824119589,0.3382287870719084,0.3164030393360445,0.1530365540211858,0.1523617658520025,0.5507090221346393,0.45246460345981665,0.39834725628263684,0.31384666330068983,0.3007830190390141,0.1405616104322914,0.14454957304299737,0.5117020641398323,0.4478671493716736,0.36715249109683495,0.3254677393529063,0.3163840700825128,0.13156734107645005,0.16021364754079168,0.5117089358800438,0.40424080536532353,0.35149528833925214,1.0704911897004799,0.5898098324165388,0.7966497371264141,0.5898098324165388,2.3897744887083467,0.7441908394867913,1.799964656291808,0.09180314016623438,0.08982582052671764,0.16409435741435663,-0.12104329992063019,0.3085684862209211,1.787459090366838,0.42961178614155127,0.5147531900838566,0.5195390073701269,0.12193546073165526,0.3476735970293993,0.6757389209989755,0.2368814085674558,0.32806532396957616,0.34510395264980964,0.33983176712435587,0.1298014240921427,0.1758116674981429,0.5273209882576888,0.3761226815731585,0.3515093207595459
1505,Lüleburgaz,Kırklareli,2022,0.4178359361499391,0.41795471399109047,0.189039246646525,0.19147337692784824,0.6757407989531787,0.45242457694851995,0.48426742202533046,0.26263750076999026,0.25392133515951604,0.1535778118717354,0.08206029874461315,0.4725980285629392,0.5847520305420285,0.390537729818326,0.24567063150594287,0.23832948472784948,0.14183443515260066,0.08200293245400207,0.4413337963156587,0.5773357372151731,0.35933086386165664,0.2729540760984716,0.26174079744791473,0.12623729158200123,0.12902333129706736,0.44914327999022075,0.46248546050823414,0.3201199486931534,0.7010619277866785,0.5780561212571714,0.5214479114867372,0.17245358312737158,1.4216465716970208,0.7437972179333708,1.249192988569649,-0.006764281419909999,0.003911514672768539,0.16692924860739644,-0.2304264904498214,0.20699499092830248,-24.678046084253175,0.43742148137812387,0.4723339646138777,0.4805315397238898,0.12499536820296227,0.3164759452226955,0.6366751337137608,0.2646334533768774,0.3201991884910653,0.2825591618978112,0.2851793741179954,0.1409359980814243,0.11331641473548582,0.4726205705396882,0.49878403211145717,0.3593041558042024,0.5547859897148766,0.6210486618073643,0.2724636718230994,0.19928589088891466,0.871076826574969,0.49111491074806657,0.6717909356860543,0.4226727377834339,0.45706465152784265,0.251458465784955,0.11331204268177843,0.7382548467954337,0.5949247332667941,0.6249428041136553,0.3950905912038986,0.42582780984779284,0.23560810416409136,0.10549171909335577,0.6913785017656379,0.5963394457108157,0.5858867826722821,0.40941207698719473,0.4258325283084672,0.22254559894331638,0.12897807071559908,0.6913945090909753,0.5435736057934534,0.5624164383753762,1.8816228298739726,1.4063557476816,1.6294918114417822,0.21971001150790298,4.343297309589096,0.866003422987232,4.123587298081193,0.15920169657580918,0.1914336476056559,0.2633761906680739,-0.19140287234093864,0.48042315187461526,1.6543554266876708,0.6718260242155539,0.5633955229837926,0.5977129723763176,0.19332182428653297,0.308651376578286,0.7929561471864804,0.343136955122901,0.48430477060819443,0.40186759535120326,0.4492344810758719,0.21108758376088746,0.1289438551297095,0.6522859073402519,0.525266496235936,0.5233420522105424,0.4727667251777557,0.43356109255643444,0.20520409123488575,0.2383681009050807,0.7773471702794126,0.4340493531090434,0.5389790693743319,0.33643140378394704,0.26948860669389635,0.20263056488155265,0.12899969199938424,0.6523244675880457,0.6022938483224355,0.5233247755886615,0.31892661907110176,0.2616876900345382,0.18334860794249908,0.12902433744063438,0.6054281205544081,0.5748927714987101,0.47640378311377374,0.3125306890790219,0.2695376710353004,0.15678506376176998,0.14464147035264927,0.5507628596558809,0.5016629382022949,0.4061213893032316,1.0349284996188342,0.6559651041823668,0.8855033789207456,0.2226145389882686,2.4684661322563892,0.8556179284335854,2.2458515932681204,0.05909616281810036,0.02729445117414328,0.15572764901586544,-0.12101022590671169,0.29295794164766387,2.635156693594464,0.41396816755437554,0.5276729223200824,0.511679276883564,0.11655413690732512,0.40245036869732675,0.6913779816343204,0.22088330095631523,0.28892761293699365,0.3387189640811731,0.30076599555026556,0.1615697079416207,0.16021143761165735,0.5820522312435767,0.4770022498737359,0.4218407936319194
1505,Lüleburgaz,Kırklareli,2023,0.44704971885154726,0.4648569038391372,0.2112488329360883,0.19149392737810966,0.7226232731687872,0.4725399078178106,0.5311293457906775,0.266483310326927,0.2539255645061253,0.1697847614336984,0.0741927923684783,0.5038399481804494,0.6371309378640001,0.4296471558119711,0.24775241015655727,0.23828888759948422,0.1552420161523959,0.06654878199973745,0.46480681789586176,0.6266014367097252,0.3982580358961243,0.2987202912076319,0.3007967244211487,0.14226457119651673,0.1290108978452563,0.48822860760093495,0.4762467612139301,0.3592177097556787,0.8452892344567622,0.7189302365051179,0.6390638606292883,0.16336219033679963,1.717842173883894,0.7560298115472774,1.5544799835470944,-0.028681787977854867,-0.027325262055087052,0.18198593366463833,-0.2616929902609656,0.20703064817481218,-6.34499961456898,0.4687236384357778,0.48759257291765995,0.5039293813148945,0.13395569997909143,0.3164715902335027,0.6601074213939425,0.27472875392159146,0.34363583116043983,0.29115415109734455,0.29491044936172134,0.15556483822394102,0.10353092557958389,0.49802627265219107,0.5343040366679486,0.3944953470726072,0.5806198254580214,0.6914703438532082,0.2885190273441842,0.19146094871326028,0.8944601435660827,0.49691556280667176,0.7029991948528225,0.439067176209675,0.48828174243125744,0.2687776937220338,0.09769556920651745,0.7695552719807489,0.6121561990634434,0.6718597027742315,0.40778408776023617,0.4570394075005066,0.25008764645879106,0.08990986096400934,0.7148332988945565,0.6132844658858648,0.6249234379305472,0.43904352230762833,0.49612628428894695,0.23980700535641705,0.12894380581954046,0.71480580778303,0.5462032649883614,0.5858620019634896,2.2412351447815353,1.8438458867353007,1.8953740232414706,0.21876560703161915,4.906180909651853,0.8456828047046453,4.687415302620234,0.18486973110871058,0.2539253058221443,0.2873694295970213,-0.20700477302141645,0.5116706457947001,1.5544428386063747,0.7186754188161166,0.5825784069137714,0.644519094361496,0.20408141758838924,0.30864285232252736,0.8085075917789052,0.35030721215624416,0.4998647394563778,0.4164625744856536,0.4883106048115233,0.22327383936808995,0.12113593083180109,0.6679221570118143,0.5361198173541554,0.5467862261800133,0.43267232694933533,0.43361006602304797,0.19046611134567643,0.18362655289423663,0.6992187507196,0.44020867405273056,0.5155921978253635,0.2820244285896149,0.2617130539453933,0.14695171962782672,0.10545494286139766,0.4882327424795956,0.5210602512793744,0.3827777996181979,0.2715588276546239,0.2617220004717093,0.1403285686280714,0.09766146836267094,0.46482573637234453,0.5167520048604171,0.3671642680096736,0.2876446831240575,0.2851658093246721,0.13814556910945286,0.11334261990000447,0.4804126630506984,0.48026463624871674,0.3670700431506939,0.8204526770272146,0.671775828668539,0.6366517693760866,0.2029916565864107,1.6718243394848007,0.7759762228857578,1.46883268289839,0.03589490899440647,0.04295737671362517,0.18323898332122068,-0.21480872739027232,0.27728106712604755,5.104873879183673,0.49208979451631985,0.49755217836483856,0.5195541993049186,0.13805440498513905,0.30859858411120533,0.6679154128995104,0.27746719035346745,0.35931682878830506,0.30205491707175947,0.30081577135437465,0.13844664163195178,0.12110376512504432,0.4960633390371523,0.45834923984720594,0.37495957391210794
1505,Lüleburgaz,Kırklareli,2024,0.44050316860036803,0.4023581737722881,0.20666694352642392,0.20710082713112535,0.7460772414885964,0.4691610827297265,0.5389764143574711,0.25908983154973275,0.2148491584536601,0.1668808923012049,0.08201147408418302,0.5038516780707968,0.64410436836913,0.42184020398661376,0.2450899806361887,0.2070449926792739,0.15600174278107345,0.07429518637775982,0.47257430976621567,0.6365080382973397,0.39827912338845584,0.2863097898828939,0.2539136160913262,0.1405348783694868,0.12903619963815186,0.4960478878628322,0.49084901507198975,0.36701168822468033,0.8114146769787659,0.5306059217057859,0.6843775520605492,0.21842598522356732,1.78096893412966,0.8434374820637597,1.5625429489060927,-0.022165776356340976,-0.05081494193796652,0.19177445284890085,-0.2616660663756452,0.2460754388561555,-8.65182657110225,0.5077415052318007,0.4946095911723351,0.48044732389936934,0.1290262848950975,0.33993282574130385,0.675736075675612,0.260864906782896,0.33580324993430816,0.287360214334656,0.2538803799148006,0.1543460141067199,0.1133370987051466,0.5116815079164355,0.5371168533684713,0.3983444092112889,0.5644817492619753,0.636742213326955,0.27583033748731756,0.2070780103515868,0.8788922640858609,0.48864349971978466,0.6718142537342741,0.42563086134693473,0.45708654152649636,0.2547158119756301,0.11328977478547646,0.7460721339861275,0.5984430056823569,0.6327823592006511,0.3965763084580244,0.42575320644663434,0.23850020027877472,0.10549654149102679,0.699163997611364,0.6013980038447475,0.5936674561203372,0.4266425386160712,0.4492329590742636,0.23211283225451973,0.13676727703330663,0.7148268080946552,0.5440452164180336,0.5780595310613486,2.09388749686062,1.5310628848395076,1.8317679592867893,0.22076521414605077,4.84335571387804,0.8748167998677923,4.62259049973199,0.16463615336888457,0.19923745641534413,0.27801094336651183,-0.19919037363060685,0.5038565799995408,1.688638477501349,0.7030469536301477,0.5744129973148331,0.6133235099246166,0.1974771337961632,0.31647200068081627,0.8085858690977328,0.34378945935989486,0.4921138684169165,0.40680058984288214,0.45116690300155965,0.21415438650266166,0.1347776288276651,0.6620817769513326,0.5264357816820623,0.5273041481236675,0.42557827859836495,0.37893171411223575,0.1931540760788393,0.2071008609074545,0.7070119276821375,0.4538626283159683,0.499911066774683,0.30306600882675566,0.2617091077991578,0.1586013316380119,0.1367646522771976,0.5350948076049956,0.5233227317441416,0.39833015532779803,0.2889363621718011,0.2538912548967361,0.14386414680189477,0.13681578573724779,0.4960164979566916,0.49790945563422506,0.35920071221944383,0.29131250636392536,0.24606368838729356,0.14835033779913098,0.1290696607814549,0.5116849316950937,0.5092480911677808,0.3826152709136388,0.9176934717231388,0.5929334363516293,0.7831497550659368,0.21909904304771036,2.093151396363254,0.8533892625338487,1.8740523533155435,0.05751117290095049,0.05076879036387521,0.11001162639335106,-0.07416031214991405,0.20700890242059453,1.9128739833357302,0.2811692145705086,0.5047451274204547,0.4804070731977718,0.10951021361509411,0.38686899569723104,0.6601629699801691,0.21696140817595583,0.27329397428293806,0.30791435882625995,0.2753734724108214,0.14055019054791093,0.15429774717151468,0.5136548973483025,0.45645870846580455,0.3593571501767878
1511,Malkara,Tekirdağ,2017,0.30697687668834317,0.2930244727677858,0.12723545252054083,0.16805426205924176,0.4803950435694585,0.4144789467309488,0.3123407815102167,0.15142903875294006,0.14457593046573444,0.07833814253858656,0.07423405502292481,0.2538500645918697,0.5173257598656295,0.1796160095689449,0.1501333742411869,0.1367556580284244,0.07536428896795588,0.07436497377909365,0.24604316469570192,0.5019822497753521,0.17167819091660827,0.1949983784726686,0.18356779154952743,0.08440736994488975,0.09778866671337304,0.3085280541488585,0.4328619068836025,0.21073938743548543,0.3992509384121142,0.3282319871573631,0.2795836142403213,0.14158188289879772,0.7339320287182575,0.7002703997447589,0.5923501458194598,-0.10015886008960123,-0.10545766002347179,0.10521438710716716,-0.2304019965093657,0.027270287984735367,-1.050475085409751,0.25767228449410107,0.40115732908264046,0.3945068947676535,0.08503895952638163,0.30089716434152486,0.5116180702762966,0.21198406052021343,0.21072090593477172,0.19240429192154404,0.18366843965079,0.08522734422737599,0.09796577232185447,0.30853434300947374,0.4429596833636581,0.21056857068761928,0.5333848786922518,0.6132486834841632,0.3126489583459696,0.13681085007802826,0.8945305303920295,0.5861601459578673,0.7577196803140012,0.407146254404882,0.43360690996598567,0.276677576590652,0.07434842478091545,0.7617078039911743,0.6795532897510415,0.6873593792102589,0.3867933594333214,0.40236679515857426,0.2622202972383963,0.07434249666038743,0.7226375522517743,0.6779338136067458,0.6482950555913869,0.38737872782800914,0.4180182529138272,0.24979931719912846,0.08211094969279964,0.6991955606965764,0.6448452102667752,0.6170846110037768,1.867029863532405,1.3437000723458579,1.7616480339729599,0.0983903479175086,4.468817034018974,0.9435564306614446,4.370426686101466,0.13036131944578686,0.16023205605944016,0.26748413049161873,-0.20696788370900707,0.4648659486504036,2.0518673148506825,0.6718338323594106,0.5483722770630005,0.5898258453203398,0.22159787540223821,0.26180058786144617,0.8085729613686328,0.4041011638828336,0.5467723735071865,0.38950560107248955,0.43356862067468044,0.23844739820414676,0.08998111411837859,0.675761970918774,0.6121796388744872,0.5857808568003954,0.4969080785008854,0.48828084755445483,0.1756375267359026,0.2696128386192026,0.7461042039764778,0.3534607995623272,0.4764913653572752,0.3520228945028025,0.3242385054744206,0.17252051160861562,0.14458048610774013,0.6054384976057984,0.49008321419629186,0.4608580114980583,0.33363765531330747,0.3164163982545133,0.15555576607396068,0.14455587193056343,0.558555637312247,0.46624163548890696,0.4139997653816836,0.3213066088330124,0.3164081942937353,0.13084900014488993,0.16021434352915676,0.5038623739880481,0.40724030115699866,0.34364803045889136,1.0824038663852413,0.905893953371529,0.7145194563572325,0.34378219527080134,2.1559007888566706,0.6601227864636303,1.8121185935858692,0.08692095481944419,0.08203741381968845,0.13738934934277885,-0.08981287711626684,0.2773019073667364,1.5806240236105287,0.3671147844830032,0.5285054367981268,0.5273561642024853,0.10804543487341667,0.39460621952793895,0.6679344395092259,0.20443580586037904,0.273328219981287,0.35339905877978256,0.34570195750658145,0.13710772174670988,0.18164767053148348,0.548826509702581,0.3879685537933119,0.3671788391710975
1511,Malkara,Tekirdağ,2018,0.49725412533041774,0.5390922774495033,0.24230766687930683,0.17979405452599975,0.7889697134388196,0.487291416070801,0.6091756589128199,0.2901319961798847,0.27733882023340123,0.17283952597932176,0.08210831103041427,0.5273222697216843,0.5957272146990624,0.44521395869127,0.2758628654855816,0.2695420965198563,0.16300932546763386,0.08210631679819559,0.49602776721766495,0.5909070986437419,0.41392145041946937,0.3124334420573696,0.32031828783179733,0.17704438050196633,0.10177230109766128,0.5389291171218187,0.5666627084992301,0.4371568160241574,1.196346826770592,0.8402592899111728,2.4632359770236283,0.8402592899111728,2.6038845194623765,2.058964776688434,1.7636252295512036,0.12765269739773238,0.13289960760438238,0.18645269358904482,-0.11703487635774733,0.3670186684222411,1.4606247841994833,0.48405354477998846,0.5061343937772985,0.5391938651381063,0.18563845544675614,0.28935556551028313,0.7107418876775505,0.3667770017787764,0.4213863221672674,0.31733322243785606,0.3242301390962626,0.16493091072351151,0.11330059050409842,0.5351403969089271,0.5197404465137911,0.4218398064048287,0.5345244952826846,0.6367215288608277,0.27708533656079265,0.1758155386045574,0.8397882874005261,0.5183772474529074,0.6639727487959688,0.39332182701904067,0.44921025983904533,0.22979303680062313,0.10548194209680044,0.6757412853745917,0.5842366759612831,0.5702593432777913,0.37512411971041976,0.4277487938140678,0.21793605534949478,0.09961591727058504,0.6425731612923703,0.5809705212177035,0.5429572440217852,0.38118956019010203,0.4414859791035791,0.22159707955951402,0.10552209291959284,0.644474515317431,0.5813304001531467,0.5389524223978382,1.593314266167567,1.4689053705374049,1.313280688883916,0.2180694271758055,3.4060641316012474,0.8242446055810309,3.1879947044254417,0.16521165816303857,0.22271682434276135,0.2368919058780296,-0.15227274394127333,0.44915688077833815,1.4338691864242028,0.6014296247196115,0.5417718894295089,0.6133171972510388,0.21110617752942823,0.3008790803892493,0.7616412635237464,0.3896587874866027,0.46076218313449707,0.38758169862268266,0.4550938293119457,0.20534575967656615,0.12305383500962273,0.6230227535437036,0.5298128379288459,0.4999689185340809,0.37351420335760493,0.3320199795478661,0.16982518820336534,0.19934844209419036,0.6210270396282552,0.4546686221749206,0.4216785975340649,0.2628351448626943,0.22265001109991564,0.14010147584358473,0.12128834507008271,0.4647949545315492,0.5330393540664969,0.3435066094614665,0.24534267772196033,0.20895449664129204,0.12511454061817073,0.12308667988032317,0.4277089812165277,0.5099583235166258,0.3046223013362045,0.24489295462233113,0.2148170063944189,0.12597704903195012,0.12128077246420282,0.42575684287323146,0.5144167958046377,0.30447607040902863,0.6863357363608846,0.5154848521160218,0.5336364538623006,0.20447531373430455,1.4530680911991027,0.7775151803864506,1.2485927774647982,-0.0013343546841489396,-0.02738128755418727,0.11716819459904804,-0.13664958941381705,0.1679459583107203,-87.8088831934357,0.30459554772453734,0.44310441401789274,0.4335224539166411,0.11946330498019925,0.33996328465535597,0.5820080889666357,0.2696053146863377,0.24204480431127973,0.26744472327818175,0.2363197381140976,0.12365231624179088,0.14260951551782008,0.4472543685774179,0.4623471898272389,0.3046448530595978
1511,Malkara,Tekirdağ,2019,0.422127771522201,0.42579297453104054,0.20941569998169246,0.17583006759003295,0.69915959313954,0.49609552867496814,0.5233295255495071,0.2673433693514674,0.24608707432907662,0.15975293396379814,0.0899081025829438,0.4882886721062884,0.5975571204602284,0.3983805695233446,0.250860211087114,0.23047846934683947,0.14844449114232014,0.08984923192382172,0.457019451976843,0.5917418728902016,0.3671702200530213,0.27569205007374115,0.2695610475593243,0.15300195030585936,0.1133395301950697,0.47259338032633497,0.5549741106605538,0.35925385013126526,0.7917856044092728,0.6406816486662582,0.6863343260664172,0.1721585536647348,1.6716133541114748,0.8668183940758438,1.49945480044674,0.03692378401972443,0.0195265182197634,0.17768846167674207,-0.17570938792347715,0.285115561471805,4.812303678892231,0.4608249493952822,0.45658563877910485,0.46486447873077397,0.16288796781410472,0.2930665389205249,0.6444691270459894,0.3567522803600697,0.35140258812546443,0.286791277792107,0.2773636943716131,0.14782033342904838,0.11336362068376091,0.48823823520955156,0.5154282744128722,0.37487461452579063,0.5480424807162583,0.660171082758097,0.28244878587440003,0.17583573104198155,0.8554223695710196,0.5153775406338147,0.679586638529038,0.4108059812168725,0.4805438915083501,0.24437280329707503,0.0976769650928125,0.6991353366835201,0.5948618434746349,0.6014583715907076,0.38259406846043614,0.4492519979494156,0.22598747912013162,0.08992990281338024,0.652309789265297,0.5906716746276501,0.5623798864519168,0.4002831619739067,0.45709130672671217,0.23099054340178407,0.10554418401351467,0.6757553723075966,0.5770678493262269,0.5702111882940819,1.8164906957430345,1.5936817502220897,1.514533390659048,0.21827257797719457,4.0308200687350935,0.833768867745028,3.8125474907578987,0.1812895713373469,0.24612185294356181,0.25417656463196825,-0.16011517749011822,0.4804162799089189,1.4020473585818785,0.640531457399037,0.5456586460534611,0.6133039706769482,0.21416736231622505,0.28521344919383984,0.7772951380897606,0.39249329936438304,0.49208168889592074,0.3943729284856331,0.47070899877167444,0.21141445840289497,0.1152503940901886,0.6308365190107016,0.53607751225398,0.515586124920513,0.3920950983737943,0.37107852720257795,0.1638319876305129,0.21491789426461627,0.6211260784345287,0.4178373774882737,0.40620818416991245,0.27698859438460566,0.24609033080307968,0.1417655498702744,0.1290258229417221,0.4804314861131601,0.5118100627400901,0.351405663171438,0.25200559767392633,0.22459927010041272,0.1248569921605505,0.12306490929340685,0.4316294060403336,0.49545324910641375,0.30856449674692676,0.25501375818972094,0.23825603556163003,0.12405331561391902,0.12902470748432773,0.4257249003953436,0.48645734447640226,0.2967001929110159,0.7613566470232926,0.698391916220154,0.9622039095437694,0.698391916220154,0.698391916220154,1.26380181128744,0.0,0.01952602804949015,0.011724021610935739,0.12486792982940562,-0.13667057422490148,0.19135429926566197,6.394947785228962,0.3280248734905634,0.4426642500926936,0.44137227247540045,0.12311757610350246,0.3242986085089084,0.5819670218824299,0.278128572790149,0.2576684133735215,0.27640362115015643,0.2558653579370043,0.1208853597108303,0.14650571870445725,0.447256473235954,0.4373508538267639,0.3007507545314968
1511,Malkara,Tekirdağ,2020,0.48645000668234367,0.5117008660158544,0.24945521342986077,0.17584492974098362,0.8085625693729823,0.5128075033469108,0.6327176396319987,0.3102711889171901,0.2929830343120815,0.2025320073490512,0.08209209709417874,0.5976828466287095,0.6527580213163332,0.5155907495345308,0.29294982061420477,0.2773643293537874,0.18901395902051327,0.08205213591445562,0.5585687094608192,0.6452093352514182,0.47651657354636356,0.339712373746881,0.3398352517954954,0.1883186961204511,0.11335704742676506,0.5976411870910365,0.5543474735505719,0.4842841396642715,1.1911669478514075,0.9063717215304782,1.0441393343095622,0.16098623492820724,2.7183755843778443,0.8765684240928197,2.557389349449637,0.07045414667598945,0.06640853053913635,0.21920528786436191,-0.19133955748339235,0.37108009147779414,3.111318470330241,0.5624196489611865,0.5156571828235472,0.5351583142816793,0.17419719884148632,0.3008540773823859,0.73821585874802,0.3378159068543313,0.4373617813656341,0.3291573941417009,0.33400326951475917,0.18426537645506144,0.10745182710312814,0.5800755960640451,0.5598093183826092,0.47262376896091696,0.5668138170445973,0.6914798255582355,0.3096300605499385,0.16023402940368983,0.8945184284325114,0.5462641368983717,0.7342843990288216,0.45618224348083203,0.5274007306805035,0.2944612250589454,0.09763819053514745,0.8085832562778756,0.645490325998009,0.7109450657427282,0.42415560273158426,0.4882959279038948,0.27238745795624997,0.08988966899334282,0.7460685491320306,0.642187575036285,0.6561788801386877,0.4273357388550756,0.49611624204695276,0.2534043278372174,0.10553030790108307,0.7147740996739232,0.592986508725299,0.6092437917728402,2.1491766324639414,1.781292446952247,1.8534808188772736,0.15859738620188726,4.718342831338484,0.8624143734302262,4.559745445136596,0.19225413734035685,0.26955119159281804,0.2782730453469311,-0.167882581843773,0.5037812145683844,1.4474229225782058,0.6716637964121575,0.5671128123692742,0.6445985283064803,0.22508449947970044,0.27740778868053323,0.8084925945783554,0.3968954581352981,0.5310848058978221,0.4180823627372578,0.5039509012442561,0.24061615080716647,0.11328846005770654,0.6835510524816253,0.5755233232796781,0.5702625924239187,0.44161242647536086,0.4257591552806364,0.16698820816789167,0.23834787740358718,0.6757471944414912,0.3781329468028648,0.437399317037904,0.3141139173192524,0.285133928509518,0.15674018229995618,0.13678034243276846,0.5351467970169878,0.49899152395929,0.39836645458421927,0.2913570527411376,0.2695425532460261,0.14040308487162917,0.12899485690634763,0.4882551123235975,0.4818935514026266,0.3592602554172498,0.2926847464993198,0.27733191472119234,0.12413091371685524,0.14464866659194425,0.464784206190622,0.42411131841181793,0.32013553959867774,0.9042032421216407,0.7344238831231851,0.6232973721213536,0.26621366298249927,1.7966301377949039,0.6893332639007532,1.5304164748124047,0.05712959550299908,0.050768507254047524,0.12889009884096575,-0.11321992782636425,0.23045414068553954,2.2561003225412217,0.3436740685119038,0.48396737887606467,0.48045252505965924,0.1015938976028512,0.371179232902731,0.6210222472490194,0.2099188954404044,0.24984301434628842,0.3138424105500015,0.29881754565340046,0.1282766210037057,0.16211636029680795,0.4941494348010485,0.40872940269259317,0.3320330745042406
1511,Malkara,Tekirdağ,2021,0.4759662237157486,0.5273618628938606,0.23412995949053325,0.1680189865341217,0.7616761165812665,0.49190456764503065,0.5936571300471448,0.3299827812979026,0.3398902833775444,0.20015017950891756,0.08991950995149661,0.5975926846567596,0.6065473438392094,0.507673174705263,0.3072014050822581,0.31444317282171724,0.1853033907120552,0.08789131806433975,0.5566187475772217,0.603198382710643,0.468727429512882,0.31239509814637284,0.3320496294987843,0.15919715140087623,0.10552915016158748,0.5194498484909357,0.5096019506883694,0.4139206983293482,0.9435359801833525,0.8594704957884327,0.7229029933901785,0.1716374614615288,1.9528518733741393,0.7661636742773714,1.7812144119126105,0.10370989560279935,0.12890819197589581,0.2117078099107568,-0.16790790385548002,0.3710736907293697,2.0413462831124707,0.5389815945848497,0.4963488230587035,0.5273941157217095,0.15643719075764406,0.2930132637164605,0.6913415642856857,0.31517590752732005,0.3983283005692252,0.3338194441779229,0.3613229115913072,0.1763670802829023,0.11133305514329395,0.5605400702162375,0.5283307589143913,0.4492070150729436,0.5728133350136455,0.699264286471513,0.2909697324847362,0.16798512734319365,0.8788974584459847,0.5079660592709573,0.710912331102791,0.4338887615795004,0.5117462410477566,0.26078287482808493,0.08988432696335504,0.7460518620141855,0.6010362515008407,0.6561675350508305,0.405478457064219,0.4726942089022863,0.24163704655384755,0.08985443360280664,0.6913697815894119,0.5959306649812409,0.6015153479866052,0.4201881516676452,0.48826661049853626,0.23514612242886448,0.10548464280005881,0.6913709871667704,0.5596210209536255,0.5858863443667115,1.9788580952553316,1.7814725097683046,1.6541334239008036,0.15857315432293678,4.343615067363697,0.8359030027806876,4.1850419130407595,0.19995604622807417,0.285182897133529,0.27118980091788636,-0.16788655561955626,0.5038497333257403,1.3562470654603833,0.6717362889452966,0.570831328636235,0.6445712971006561,0.2063670087436122,0.2930379060270832,0.8006805010192649,0.3615201170486572,0.5076425949921817,0.4141842443893455,0.5019423953187815,0.22138809858391736,0.11522359886432863,0.6581881106375422,0.534515983123216,0.5429645117732136,0.46711276963746295,0.45703752419659494,0.2009352785274822,0.21486844392867288,0.7538993923475266,0.4301643876775895,0.5390309484188537,0.31653833770009965,0.28515662498654837,0.1652819995800531,0.12894176038932723,0.5585614662028208,0.5221547594549116,0.4296197058134935,0.29803722064296057,0.26950800987813883,0.15242865774462283,0.12112961374401988,0.5194648376493934,0.511441683074973,0.39833522390537357,0.3012225018849589,0.28514868309754265,0.15002854070661484,0.12115353763883799,0.5194789096363485,0.49806551558327083,0.3983253719975105,0.9735529972095157,0.7248040091976842,0.7851367924437794,0.3178929405590971,2.2277820560531745,0.8064653847240042,1.9098891154940774,0.081804987113034,0.058584319245238506,0.18203707397128882,-0.1366852576535265,0.34761952783723926,2.2252564347911847,0.4843047854907657,0.49120558200116987,0.4960666609505295,0.14292586220102316,0.308626319257383,0.6757471587167863,0.2909695399200141,0.36712083945940327,0.326707190947337,0.3105340749217756,0.1465891765476171,0.1464856724057586,0.5371010184203776,0.44868671584044284,0.390615346014619
1511,Malkara,Tekirdağ,2022,0.3852792651631911,0.3945471962589094,0.17684636707694226,0.16806841264776384,0.6210693704729817,0.4590082650880166,0.4530009578252179,0.22387084290692538,0.21487123363058386,0.1299343965421796,0.07440387632926898,0.40229963104083183,0.5803989249113606,0.32789575471156285,0.21347502020251968,0.20706667282703872,0.12227435050845091,0.0743698024527921,0.37884276712513393,0.5727806016481534,0.30447296467234186,0.24093533560629973,0.23832871328544136,0.11162244834649462,0.11334683691911117,0.38666931265633203,0.46328799412341587,0.27332247573722085,0.5729781821852491,0.515701641156032,0.40865109274228945,0.14184096452070902,1.1090900996102164,0.7132053286632278,0.9672491350895074,-0.002142583986864409,0.003911671894601378,0.14708089703174204,-0.1835049191625044,0.1913315414221148,-68.64650250979864,0.37483646058461917,0.44632285311328657,0.45705694089014454,0.12260814183055814,0.30088715471323096,0.597600590974557,0.2747072908665008,0.296713436261326,0.254465796426101,0.2539413935658213,0.1268917793473475,0.10559218350071561,0.42574098203893607,0.4986594706617002,0.3201487985382204,0.5349969341624214,0.6211170972830147,0.2956968236458569,0.15241824023264852,0.871095409690127,0.5527075105744165,0.7186771694574785,0.40038114724339874,0.44926547255594657,0.25529990073521874,0.0899186237069667,0.714781091890348,0.6376421629563328,0.6248624681833813,0.38006974435052576,0.41802965561612915,0.2424044265497559,0.08218653698461406,0.6835442356589198,0.6377893272298842,0.6013576986743057,0.39772269949662203,0.43360263022491213,0.2457498308425379,0.09770326547672267,0.7070111005232504,0.6178923937546721,0.6093078350465277,1.9243048075049722,1.4064834597376947,1.786916248263843,0.15814504320376224,4.593514796866423,0.9286035358300303,4.435369753662661,0.1646507463190572,0.2070101324577732,0.2743182164837707,-0.18354025937855123,0.49604314162853136,1.6660611786854695,0.6795834010070826,0.5468735655528519,0.597621445981813,0.21880238534848329,0.26963836696080684,0.8007300220855973,0.40009683980115035,0.5310916551247904,0.3883094644393504,0.4472912302305775,0.22447878542736802,0.10743733205204165,0.6503825963946164,0.5780924906156365,0.5429452643425747,0.40423910196980783,0.3866870434386162,0.14444237688543776,0.24618370738469664,0.6054521292375239,0.3573191613121731,0.35926842185282726,0.2742206673410039,0.24608230960889024,0.12573853853586478,0.14467130876140408,0.4491963738418706,0.4585304957321254,0.3045250650804665,0.25942374185867584,0.23241260307414263,0.11357909242305181,0.14261789552252813,0.4199080791297349,0.4378130220823249,0.27729018360720675,0.26143529751554284,0.2382760714548807,0.10923498440313832,0.15248437400582462,0.41006279656861344,0.41782798819139594,0.25757842256278884,0.7234805366801496,0.5931950855794313,0.5073128500243287,0.28189051806651705,1.3428254046330694,0.7012114691464209,1.0609348865665524,0.027945528536065172,0.01951052779188453,0.108078385039591,-0.09757770658816774,0.16790666489885672,3.867466127903438,0.2654843714870245,0.46929492990106253,0.4726496376216192,0.09997386035853341,0.3634207711304988,0.5897941361385682,0.2130299178378297,0.22637336500806943,0.2859212183218779,0.2675696807747587,0.10768262527899913,0.1699324321538143,0.4355654785905792,0.3766164187149435,0.2656330464367649
1511,Malkara,Tekirdağ,2023,0.42760167781857344,0.43360024618089676,0.21958958178567958,0.1680338764257648,0.7226384970059776,0.5135376991641482,0.5546046205802128,0.2592625541689716,0.24609393574967575,0.1695389077228859,0.07425906990022048,0.49607867474287176,0.6539274762077316,0.4218196048426513,0.2432221542591993,0.23044421240145216,0.15591860687306278,0.06667528787312549,0.45698248586665724,0.6410542960116288,0.39030719799353175,0.2830870797885494,0.27734926751036865,0.14990878882277958,0.10555912965185926,0.48825043571108107,0.5295500908580966,0.3826913060592218,0.8086707452013332,0.6718473237633539,0.657176005810128,0.14198213621657801,1.7343986694559226,0.8126620255645729,1.5924165332393445,-0.005900225507061118,-0.01168564423210024,0.18116656077102997,-0.22257270183177857,0.2460965728493426,-30.705023147711586,0.4686692746811212,0.46787584341387417,0.4804991636099044,0.14702731427136911,0.2852524029980327,0.6601079224950849,0.3142442943807029,0.3748555194970522,0.28258964380623053,0.27930067725724333,0.15863030903961872,0.09963421579304128,0.4980285331366329,0.5613450900146584,0.39839431734359165,0.6004154601990317,0.7460704899632584,0.3078499514430412,0.17578115413456277,0.9100885412241462,0.512728222123048,0.7343073870895834,0.5017147697645036,0.589828001072133,0.3008277806503932,0.11324780828608286,0.8554308358252459,0.5995992121013233,0.7421830275391631,0.4634811662663646,0.5429578595453496,0.2782726392697508,0.10542227613472419,0.7929364948301124,0.6003968651227273,0.6875142186953882,0.461370262292984,0.5351860460267126,0.2626128067941529,0.11330601069254481,0.7538334822484709,0.5692018499176391,0.6405274715559262,2.641454197444602,2.1562577269090712,2.270366759982679,0.2176785071753058,5.7809005043115445,0.859513960976147,5.563221997136239,0.24230222763960055,0.33988816089381796,0.2889270985360016,-0.14446810927090817,0.5584990048409046,1.1924244417833036,0.7029671141118128,0.5880738130400518,0.6758136454296614,0.22800923217117552,0.27741119849608975,0.8319076849075955,0.3877221313298754,0.5544964864115057,0.4475674635623214,0.5488347915241156,0.23997523150586653,0.1230497710848675,0.7050503909800455,0.5361766684196231,0.582000619895178,0.35249912400295275,0.31639511534667336,0.1582936282737275,0.1836533786702644,0.5820247996583631,0.44906105432591525,0.39837142098809863,0.23505596127540918,0.19915068438066919,0.12795786105647028,0.10560843233270627,0.41793195930388777,0.5443719034487505,0.3123235269711815,0.2184006231713978,0.18356918390272967,0.11678404849738941,0.10553748619653074,0.3867126502387888,0.5347239710288688,0.28117516404225806,0.22930301170796194,0.19921026731048672,0.11627816564437325,0.10560315060006567,0.3944314000663665,0.5070939312060322,0.2888282494663008,0.6168912123408409,0.45286017910393656,0.5077912659368281,0.20355394822795048,1.2654611515903564,0.8231455656662304,1.061907203362406,0.004095608872508428,-0.019544346879998193,0.1443978814328855,-0.1600837107353361,0.20698081745197133,35.25675569318866,0.3670645281873074,0.42952996478722666,0.4179625862857102,0.11553370696586066,0.28520737542676844,0.5819444432890346,0.2689770596635599,0.29673706786226617,0.2454730657414462,0.2168005648211076,0.11546641544101087,0.123066266000733,0.4120913599653447,0.47038323773831153,0.2890250939646117
1511,Malkara,Tekirdağ,2024,0.41693388398139414,0.37891753751253837,0.21160123304933698,0.1758188775132666,0.7226368513359144,0.5075174774204242,0.5468179738226477,0.25441447144416796,0.20702476184820334,0.16770209983064022,0.08205101890659626,0.5038501071413354,0.6591688706962684,0.4217990882347391,0.24220168289430766,0.19922262145208022,0.15733571409275288,0.08204258042877305,0.48045350585734775,0.649606196838076,0.3984109254285747,0.2678485689181063,0.2382664265050844,0.14693225371916283,0.10553254911864685,0.4804368619701946,0.5485646397613825,0.37490431285154774,0.7838713788249598,0.5155197188608258,0.7190471623396787,0.1720497696693444,1.7656601256172764,0.9173024832435469,1.593610355947932,0.007444306481767153,-0.027381430412606586,0.18209910516069006,-0.19915242723857227,0.26951087561411186,24.461527155913494,0.4686633028526841,0.46135963322901874,0.4414070517598629,0.13916766405845496,0.30086745254342356,0.6522957164397866,0.30164681527170406,0.351428263896363,0.2779571390274477,0.24807952473861655,0.15534366302130515,0.10743412874729386,0.5058296774220725,0.5588763201579985,0.39839554867477867,0.5520616754991003,0.6445263244074381,0.28827528310840295,0.1836281455784297,0.8788548737322859,0.5221794880939399,0.6952267281538562,0.41511951837136035,0.4570586379492547,0.25467386411721754,0.1054795687770406,0.7304198788622048,0.6134952774959372,0.6249403100851643,0.38870780587126824,0.4257835464582156,0.23735028747619666,0.09771773654299085,0.6835463153630916,0.6106136380363867,0.5858285788201008,0.41308571569186286,0.4492423662199442,0.2423544293741809,0.11334550542509936,0.7148041079152359,0.5866928343631295,0.6014586024901365,2.018077277402705,1.5311120105060032,1.8138812955627062,0.21930333874602734,4.718791270389524,0.8988165695503979,4.499487931643496,0.18194408648139268,0.22264727102698129,0.2725574345232297,-0.16006886761106712,0.5116728151652478,1.4980285415932109,0.6717416827763149,0.558145032397185,0.6132684138241431,0.2138967870408052,0.29299851387082193,0.8085016217469319,0.38322796876313103,0.5155031078761099,0.39872101871052934,0.45900926772221884,0.2182570685524969,0.12306437469480253,0.6542819908746367,0.5473929346848683,0.5312176161798341,0.3924247355662286,0.34761053020949023,0.17065351449296837,0.2149369210251765,0.6444905648650332,0.4348694132308782,0.4295536438398567,0.2793713877180227,0.24605137464701982,0.12936511983448992,0.14466193702543564,0.4647896611131496,0.4630578703537877,0.32012772408771395,0.26720135989854127,0.2382526251310145,0.11767955562213304,0.1446904425462117,0.43354197851435033,0.4404152571185155,0.2888515359681386,0.26733314589295315,0.23038981603963984,0.13098172587974297,0.12908067205265766,0.46476358374482135,0.4899569241301313,0.3356829116921637,0.7658150609097159,0.5304725972949191,0.6156451319271921,0.21944089306030826,1.6561858189530445,0.8039083629353853,1.4367449258927363,0.05045359642551533,0.035141649708956384,0.09865235209616095,-0.0663181477823771,0.1835262169570382,1.9553086218898483,0.2498443647394153,0.47759808585052543,0.4569945262677548,0.10604347979860702,0.3712913732405037,0.6210408552481484,0.22203497656352753,0.24974948200764474,0.2855488324093581,0.25586519999150875,0.12029093565256517,0.15823297609101433,0.45897905799726113,0.421262222078072,0.3007460819062468
1523,Meriç,Edirne,2017,0.2917609703849377,0.26952561387622354,0.10689553601435972,0.18365261804094707,0.4335457305639818,0.3663805198938228,0.24989311252303475,0.1573129712756663,0.1425765041748036,0.0732149375784812,0.08014074733133177,0.255850915331677,0.4654094127443789,0.17571016800034522,0.14786912731017526,0.13476309458516514,0.06787928942306078,0.07621299268088763,0.2402133899826889,0.4590497736601562,0.16400039730180127,0.17653208744022783,0.1679274989927446,0.07841833729836209,0.09785605467584065,0.2772047323002353,0.44421577082927677,0.17934867762439466,0.3268120210419912,0.26542751693196437,0.23973870995669488,0.11124342659198257,0.6088640799898942,0.7335676000910979,0.49762065339791167,-0.052212260068443664,-0.06641569432762527,0.1363623350941698,-0.20696386156618396,0.11318356840361884,-2.6116918692164646,0.32014742996980283,0.37427730801152387,0.37106884457054007,0.08279740254913896,0.2852752871676449,0.48042056810349276,0.2212194027712459,0.19514528093584788,0.1859962601688168,0.17383897431672704,0.07431813647915823,0.10744977722961117,0.2871311134939407,0.399567907503648,0.17968133626432953,0.4172086248769949,0.31639988298244903,0.26781004164395283,0.1445296529630934,0.8555672051044035,0.6419091688790253,0.7110375521413101,0.2997581393416983,0.1991556976313362,0.22814468299021204,0.08206112367374233,0.6757911760911806,0.761095873797598,0.5937300524174383,0.27908034367935913,0.17574317111039997,0.21950183138657486,0.07421018755863475,0.6446058285075797,0.7865184215150774,0.570395640948945,0.2782939831741656,0.18354644169269865,0.21218915261006904,0.07427801754569929,0.6366518883122588,0.7624640324231302,0.5623738707665595,1.0667388303108782,0.342014764621912,1.3599556350398294,0.09877726084634367,3.4066066748075916,1.27487215839279,3.307829413961248,0.04172482281041896,-0.03518668434869715,0.20807802116466007,-0.1600045721148379,0.39452504653582837,4.986912038190887,0.5545296186506663,0.45119213658855845,0.3788612408392985,0.2008619619159995,0.23830808959222957,0.7773593201853686,0.44518054644016386,0.539051230593139,0.29620893278027627,0.21290098305199007,0.20348668175791426,0.09181434017591833,0.6308438772401165,0.6869701053507995,0.5390295370641982,0.4333058762577808,0.4179469493067573,0.16541320855137995,0.23050219788485576,0.6679963395252619,0.381746977400724,0.4374941416404062,0.2846415270731562,0.2538945360901646,0.15340181772688932,0.12115478929168588,0.49602118525246075,0.5389298578610536,0.37486639596077487,0.25662739691771286,0.23047554709640772,0.13899028781081135,0.10557037944594151,0.44913340462308166,0.5416034666609596,0.34356302517714016,0.2406380532064863,0.23043322564879712,0.1343792938176742,0.07420276379343722,0.4257073748001112,0.5584291097234162,0.351504611006674,0.7287213634027331,0.5777281065565715,0.5783786649821914,0.17202183812547353,1.4841521817338645,0.7936897338668336,1.312130343608391,0.12131160166125277,0.11326420389445283,0.15940246250964776,-0.08978920515842813,0.3319511576776328,1.3139919045398385,0.4217403628360609,0.4233984689675412,0.43359396975085834,0.14024651043210332,0.23055927565580375,0.6054171703556576,0.3312400037111494,0.3748578946998538,0.2913540256362574,0.2714787136149712,0.12780295599075547,0.14258341327201718,0.4707613362461906,0.4386517595274685,0.3281779229741734
1523,Meriç,Edirne,2018,0.2848842987997498,0.34771268306520914,0.3679234985104968,-0.3398434103923254,0.7069830413221682,1.2914839465024948,1.0468264517144936,0.18904579678722597,0.18355300378535447,0.20728660209164093,-0.10549262926487615,0.4648287552706376,1.0964888170719038,0.5703213845355137,0.17910190470194862,0.16797270947870618,0.1941044882152167,-0.09770547192388526,0.4414772209999636,1.0837656279436811,0.5391826929238489,0.12285771094365279,0.18363528310853383,0.29249441379659424,-0.37900430280978264,0.4491721990460355,2.38075747586363,0.8281765018558181,0.5449723765626051,0.4217473841592484,0.7982959490068674,-0.4849941537212089,1.6090355659322444,1.4648374547754002,2.094029719653453,0.19027999162236353,0.16021919612940347,0.23195841745018797,-0.06637039031567211,0.49596063969606224,1.219037353704224,0.5623310300117343,0.30067099742130854,0.410144209924486,0.35752226458675124,-0.3399694075963568,0.6444878342996118,1.1890813136385785,0.9844572418959685,0.20059628125425616,0.21486621613578213,0.22623773943180447,-0.15246094644584504,0.48822593705563766,1.1278261890859667,0.6406868835014827,0.3912635960505237,0.30858148392096607,0.2388395275696626,0.1445463341575513,0.7304885025235184,0.6104312539693096,0.5859421683659671,0.26637796403484587,0.18353892167370534,0.1911402949173283,0.07430711673263145,0.5428833035408606,0.7175529537883417,0.4685761868082291,0.25041065787191763,0.17571065145857798,0.18264284423273447,0.0665608468690893,0.519540994231586,0.7293732854060642,0.45298014736249664,0.2465206723967625,0.18354796287281935,0.18789611429156625,0.06662983414978807,0.5116861320104485,0.7621921215157039,0.4450562978606605,0.7715926457327924,0.3901765299190793,0.787378702844264,0.11023159880467767,1.9530428745339805,1.0204590559523534,1.842811275729303,0.07405916317248419,0.04884252390754061,0.180328137873321,-0.1425468370285757,0.3300704707816247,2.434920003799338,0.4726173078102004,0.4197180164899136,0.37101419615288145,0.1976124775545816,0.22280719139624916,0.6835482847408703,0.47082200379961653,0.4607410933446211,0.2736805909852428,0.20503596698176088,0.17895500420179483,0.08792838333495057,0.5331862249284461,0.6538827015739831,0.4452578415934956,0.377059217887511,0.3476684504536071,0.14440963619584624,0.22274115187296803,0.589759885301056,0.3829892742177392,0.367018733428088,0.23887137598935632,0.21481714516453876,0.10600595879682563,0.13686523072926987,0.37890760390603356,0.44377840734483426,0.2420423731767637,0.21957914356184172,0.19722857657965348,0.09451964685980897,0.12699737991275484,0.34566145075319155,0.43045821805561735,0.2186640708404367,0.21366714211537,0.19137984853376325,0.10211685610281931,0.10559126057517251,0.3553973229963635,0.4779249401280479,0.249806062421191,0.5640741610282957,0.42161353659191014,0.4322169063642077,0.20414596376746957,1.078082339374247,0.7662412785869949,0.8739363756067773,0.06798858631447913,0.017535193553634646,0.16235605518842963,-0.11132141291818551,0.31443332209613223,2.387989866967621,0.4257547350143177,0.41040557347303674,0.41016798772188956,0.09873553842800518,0.27741569437153024,0.5272851406223596,0.24058040341036455,0.2498694462508294,0.25450589409064844,0.2324184322260055,0.09768141192068831,0.15434380370112702,0.392563443927911,0.3838080539144477,0.23821964022678396
1523,Meriç,Edirne,2019,0.3213005344172494,0.2929343843798279,0.14074008021053488,0.17596288710433208,0.5194592176207123,0.43803251203985266,0.3434963305163803,0.18998487036609152,0.16794512815284715,0.10495131133095095,0.08216852289400793,0.33976931306102054,0.5524193117521145,0.2576007901670126,0.17394315892295664,0.1503978725548667,0.09724306354145099,0.07620544226372705,0.3105522014191099,0.5590508079971236,0.23434675915538283,0.1935771610871201,0.17570718689252354,0.10492861650214214,0.09780938610494797,0.3319570519115167,0.542050600974144,0.23414766580656873,0.41048855400202194,0.3279542150432274,0.3255996527373942,0.1413929227509985,0.8278399986574172,0.7932003208444891,0.6864470759064187,-0.03398858074808105,-0.050822710414285516,0.12546637857374368,-0.16787388910525253,0.11321707079454055,-3.6914274092138237,0.28109095989979305,0.38169822974665674,0.37102658392704796,0.11851770570304306,0.25399147159376495,0.527354425787468,0.3105010620083473,0.2733629541937031,0.21043202946880082,0.1894643337555296,0.10129636822871209,0.10745985088071108,0.353531327693869,0.48137333696023943,0.24607147681315794,0.4049314391232641,0.28508731338461946,0.25904488730664615,0.14453203279745158,0.8164373106760608,0.6397253023067714,0.6719052778786092,0.2758458007793329,0.1678642916889749,0.21326260148036588,0.07418258796484148,0.6133081153001838,0.7731225230829908,0.5391255273353424,0.2539175977524776,0.15219950159648135,0.19861483241424419,0.06640480661496928,0.5663440502402373,0.7822019197261653,0.499939243625268,0.2708495664696101,0.17567366578738575,0.20468282897626855,0.07419509486549763,0.6132723436996308,0.7557066885659365,0.5390772488341331,0.9889791700187178,0.3413869272305005,1.1807179469248106,0.10207305670723855,2.968376957178442,1.193875445225468,2.866303900471203,0.05983350351455531,-0.011737233039889208,0.20849407645657508,-0.1522550101244688,0.4022587841008797,3.484570754006676,0.5545137942253484,0.4345206385985106,0.35537120962997876,0.1914877044869754,0.23053763397378355,0.7304609713967976,0.4406872481468174,0.499923337423014,0.27901248410712237,0.1855341926505946,0.19309247337540858,0.08787665676892588,0.5800724983262785,0.6920567514866963,0.49219584155735263,0.4788734075317821,0.4648324358352906,0.16195196081156096,0.2773773878945952,0.7148394278127499,0.33819368180475223,0.4374620399181547,0.331065591588422,0.30077185865992134,0.15178573309590906,0.1680384050686862,0.5508381277330975,0.4584763169366384,0.3827997226644113,0.29174818008287956,0.2636752998882025,0.13409568713615122,0.14651573807420415,0.48627420689883144,0.4596281872197367,0.3397584688246273,0.2872908292891476,0.26755612722662553,0.12819226703639067,0.13480413675162678,0.4746133518676904,0.4462107870048643,0.3398092151160636,0.9239009263870334,0.734444462975855,0.6419222440850891,0.3283469582732126,1.8279722172901465,0.6947955411143079,1.4996252590169339,0.1400175881567781,0.1445534221894432,0.1599578964687785,-0.07416039778978484,0.3397520282317924,1.1424128823707005,0.41391242602157724,0.4567144529896673,0.4569611770813277,0.11976790649755596,0.2929726909847588,0.6210418197497872,0.26223804767629194,0.3280691287650284,0.3272007570986846,0.306634985592918,0.12320132160122502,0.18164031616011472,0.5058624030847774,0.37653128523803253,0.32422208692466264
1523,Meriç,Edirne,2020,0.4202487791588175,0.33991911476182957,0.22071419101144038,0.19150966541718314,0.7851834235354486,0.5251988868432372,0.5936737581182654,0.27160383785700537,0.1933362620948435,0.18566788178542581,0.09572517664926278,0.5800862862666838,0.6835981525532665,0.484361109617421,0.25260627491065346,0.17773130736107187,0.17474836093503038,0.08793752852180492,0.5410510091010133,0.6917815521282623,0.4531134805792084,0.28455054957526027,0.21476096366917757,0.17589291727104414,0.12117956989192355,0.5819920784393369,0.6181429539798605,0.4608125085474133,0.921619036875305,0.4042965520104506,1.0569409854913372,0.15997253588101448,2.5941090256969965,1.1468306786227347,2.434136489815982,0.03666552974486327,-0.019548461747907045,0.19065668783563647,-0.1600795228943608,0.3476627666313929,5.199889082806635,0.5077422895257537,0.4680801616899579,0.4101022358255166,0.16124125708823153,0.2929974724657765,0.7226784456381005,0.3444735972276322,0.42968097317232395,0.28488024184813177,0.22068414393928198,0.16635909781448188,0.11916140236182744,0.5605643771988611,0.5839615156714416,0.44140297483703367,0.4407732427974202,0.3319961471617473,0.28179478930103113,0.14453368953184956,0.8789864272218255,0.6393191826086964,0.734452737689976,0.32098655955077504,0.19131859534310353,0.2569043918712877,0.07435884398749261,0.7383066390296489,0.800358719788233,0.6639477950421563,0.29585964261678854,0.17773690735814446,0.23973341727601022,0.0683935924588938,0.685536915855381,0.8102944191902656,0.6171433233964873,0.3032547617683483,0.19920469642497815,0.23370440913021714,0.07438666645203439,0.6914072744782519,0.7706537162596655,0.6170206080262175,1.2941271627296638,0.4050771599285474,1.6148336500436244,0.10188321151562378,4.21871011582634,1.247816827086377,4.116826904310717,0.11927528193684277,0.05071029824288467,0.23029221479349665,-0.12880290434976133,0.4884186478231523,1.9307622757533136,0.6172215521729136,0.4634850444871165,0.3866000308398103,0.2144181670437546,0.23051674692758528,0.8008695052120489,0.46262154430684066,0.5703527582844636,0.3113725765834493,0.2167472323273463,0.2180200389681478,0.09180881729001414,0.6543369063221496,0.7001902394886,0.5625280890321355,0.3843942093672421,0.34755101410290334,0.1545471297040639,0.21495426348168656,0.6132704046996681,0.4020537405037047,0.39831614121798153,0.2430341029515512,0.20116976537610207,0.13156584559677523,0.11919520081437886,0.4394606895043667,0.5413472594955238,0.32026548868998783,0.21708403634308795,0.17776552894665532,0.11693993207003979,0.1074699855754601,0.38867474351366554,0.5386850826986809,0.28120475793820543,0.21586498505414067,0.18351759846344698,0.12406211157369881,0.0820487825816686,0.4023534050477127,0.5747208679656084,0.32030462246604413,0.6190825814807239,0.4214999301281831,0.5188068691898818,0.17254154906580152,1.3277692637827367,0.8380253050392691,1.1552277147169352,0.09103961253774075,0.08008465815119994,0.16862678211937743,-0.12303572707846606,0.326122800379498,1.8522352788954664,0.44915852745796403,0.3953583170540603,0.39456819712791463,0.12349845713761227,0.23048131759603385,0.5663861410624899,0.3123709602414293,0.335904823466456,0.25452184636859737,0.22067151888427272,0.11437626888085381,0.13872598571116446,0.4277228102227337,0.44937702013686726,0.2889968245115692
1523,Meriç,Edirne,2021,0.34195150557520954,0.26952319893714344,0.22809181421246208,0.14466901838761373,0.6913548320955241,0.6670297117972335,0.5466858137079104,0.22752228568042004,0.16010496419657855,0.17831456082327216,0.06658448651525879,0.5116813880231805,0.783723494557955,0.44509690150792175,0.20670654635102617,0.1444653452345232,0.164019091582233,0.05873260058108161,0.46476849080346133,0.7934876494124093,0.40603589022237974,0.20452890873825025,0.16002503545526237,0.17061699804833527,0.06664313224476444,0.4491833853153959,0.8341950245609808,0.3825402530706315,0.5391776813747514,0.2649669599773007,0.6140594296402063,0.08000293177985078,1.4841004984929633,1.1388813944867442,1.4040975667131126,0.08022290065690352,0.050752569235032935,0.1866861243209634,-0.1288289177072086,0.33196501963473496,2.3270926729436114,0.46079393734194357,0.3854090691557772,0.3554299380771042,0.18463479282961956,0.2227906499318098,0.6366235753641204,0.4790618789382785,0.4138329254323106,0.2338590138866275,0.17377838751062918,0.1656166277105265,0.08401214503020425,0.49411750712114366,0.7081900541615034,0.4101053620909394,0.41823315953075046,0.2929569979288975,0.264070253470426,0.15236681018535417,0.824216901491731,0.6313948271502616,0.6718500913063769,0.294915435292485,0.1757119675925479,0.22455608626736132,0.08212596555273093,0.64450826404087,0.7614253423007712,0.5623822984881391,0.27188890108875136,0.1599954790620179,0.21013296745570317,0.07427531215703537,0.5976748555158072,0.772863351958271,0.5233995433587719,0.28259089739913384,0.1757200050379454,0.20939172826697117,0.08208197758013114,0.6211611764984238,0.7409712421530141,0.5390791989182927,1.0297366914147956,0.3588954612932574,1.1925694878449329,0.1110905783479101,3.015258071543946,1.1581305180127308,2.904167493196036,0.09214076014546872,0.01951208871133109,0.2106783916977775,-0.12879317894269326,0.4257966472917325,2.2864841940219027,0.5545898262344258,0.44482489132621417,0.3631257486842151,0.19878014377026462,0.23051092310360075,0.7461058090098688,0.4468727979174357,0.515594885906268,0.29323604949741905,0.19333686550041193,0.19992593235086997,0.0917858682655844,0.5996185253270928,0.6817917943360836,0.5078326570615084,0.3868963708278964,0.36325848328787685,0.13528062262721144,0.23051041554841023,0.5741469959413428,0.3496559617184636,0.34363658039293254,0.2341515797585086,0.207005397030146,0.11928421907902435,0.11332251660305945,0.3944887558806267,0.5094316220375182,0.28116623927756723,0.2124711255796564,0.1913884866342558,0.10761371433032513,0.09769864148352606,0.35540132256695445,0.5064863003701661,0.2577026810834284,0.20919944595619241,0.19922143309467952,0.11067947591961079,0.07430320024703176,0.3554371434600708,0.5290619935140158,0.2811339432130391,0.5679443334465769,0.45287488490091243,0.4298495079954533,0.17190422920686832,1.0780920400607907,0.7568514776561049,0.9061878108539224,0.08954231763322557,0.058557507864613695,0.16761156314958991,-0.11323061767694809,0.32415290721071516,1.8718698329447303,0.43738352488766324,0.39794627450170006,0.4023526376384088,0.11829013641479309,0.23834077589874253,0.5506898200366134,0.2972515236206533,0.31234904413787085,0.2529899116192158,0.23242072968566688,0.10309895297134586,0.13867808921700403,0.3964108628058199,0.40752199291853103,0.25773277358881586
1523,Meriç,Edirne,2022,0.30323917283355417,0.2616384373120461,0.1743130757377577,0.152427795534703,0.5586335708046851,0.574836931880951,0.40620577526998214,0.18366833772865487,0.1464287924833726,0.1265791767971266,0.06451078084342808,0.3730860610983132,0.6891725507100207,0.3085752802548851,0.17071326358367409,0.13474319711494706,0.11832608970152775,0.05673076872401053,0.3495841810018841,0.6931276880166427,0.29285341227787354,0.1811085932616301,0.16004671239433083,0.12530524583236757,0.08229086203664485,0.3476015815082153,0.6918790741825883,0.2653107194715705,0.37608663450532737,0.25762829141125954,0.36899377563369784,0.08632013947721034,0.8983396914122318,0.9811403591064626,0.8120195519350215,0.022679536918329492,0.0038585245245810963,0.15923270877721718,-0.14445637014507315,0.19911597836169928,7.0209858936108205,0.34357234850677243,0.3721961120361095,0.35537529614523017,0.15322759305486508,0.23838173753247982,0.566359488104509,0.41168509852676627,0.32797775057202916,0.20252902178984755,0.16598080439440033,0.12469366980814679,0.08791057296940485,0.38867963477186435,0.6156829707968179,0.3007690618024595,0.3816567497959743,0.25380638845908177,0.25119461628344786,0.14455665110408428,0.7929888815590226,0.6581689343047942,0.6484322304549384,0.27387763894379397,0.16010141171654765,0.2092586385797322,0.08215863472181724,0.6132451208227949,0.7640588672618027,0.5310864861009776,0.2529240018954279,0.14645946428856343,0.19744400703226717,0.07229012620041714,0.5761514350090404,0.7806455913737317,0.5038613088086232,0.2626099257503283,0.1600359415202998,0.20052439213838447,0.08207683508956194,0.6054609224081353,0.7635826847193485,0.5233840873185733,0.9346987808680518,0.27838852375376455,1.180220172649508,0.10534308793876156,2.843410528930252,1.262674346866529,2.7380674409914905,0.04358772566216697,-0.0527401371626607,0.21465599653542478,-0.15815821399528696,0.4043289111830398,4.924689078736234,0.5624871251783268,0.4241695627056578,0.33972118582332905,0.18996516814408754,0.23055438907211404,0.7304292754191145,0.44785195555370216,0.4998748863470005,0.27165128714537506,0.17378482947768614,0.18929399104538405,0.09570513968829941,0.5800359619746451,0.6968271456931576,0.4843308222863457,0.44201501356582146,0.41010490793654897,0.18937907057646466,0.22274510801245648,0.7304847076029892,0.42844488255886765,0.5077395995905327,0.306985351781738,0.2539021430328888,0.1781217019185296,0.12901937191905408,0.589796568219592,0.5802286685169639,0.46077719630053793,0.27497036366449684,0.22848701264548418,0.1573769027379724,0.11529791133775394,0.5214716348633712,0.5723413266820082,0.4061737235256173,0.2703429960663393,0.2304566387215319,0.14985376008479326,0.09770572923669842,0.5118204722427017,0.5543097556262221,0.41411474300600326,0.8653492901661778,0.5780326313018129,0.7476001360178791,0.20417931820484023,2.0466052747253154,0.8639287562994514,1.8424259565204752,0.10308146847905228,0.08983249283371945,0.17045526931331395,-0.11322567419036607,0.332004530233165,1.6535976041896712,0.44523020442353106,0.4473300119709583,0.43350793585547054,0.1337143482552543,0.26169329202810765,0.6444531286193738,0.29891655975887294,0.3827598365912661,0.3044556155265397,0.2714591999426668,0.14401020215940336,0.14652563125840393,0.5292534272807409,0.4730088551999457,0.382727796022337
1523,Meriç,Edirne,2023,0.34951434074995674,0.30075007289758326,0.1775245144644011,0.16029417399621482,0.6289246722920526,0.5079176839596475,0.4686304982958378,0.21948164685968877,0.17574014849043512,0.13764259899707837,0.08211317283282296,0.4335936465413006,0.6271257800661172,0.3514804737084777,0.2021801229895194,0.16208873202573962,0.12650830959199214,0.07616447455399951,0.39260583392620835,0.6257208063848594,0.31644135937220885,0.22336388258847034,0.19140216940313487,0.12030070922327256,0.09774814059340592,0.4101284207720912,0.5385862200690555,0.3123802801786853,0.5259919103305428,0.32795267666163963,0.47744730442528466,0.14101317412449357,1.2342596572811502,0.9077084552978165,1.0932464831566566,-0.041637730122059034,-0.07425998166940845,0.1386130381735129,-0.19124577518377406,0.15234773810042024,-3.3290248475883613,0.3435935132841943,0.4098134537336872,0.3867329625339903,0.12797336849131874,0.26185461382473707,0.5976465053090648,0.31227224808114973,0.33579189148432775,0.23446210446863872,0.19726577443021662,0.12794591020462456,0.10357673905126118,0.4316196181457433,0.5456997432254064,0.3280428790944821,0.47901060123915074,0.3945699505361843,0.28167910227256776,0.16017393978527783,0.8789283612541708,0.5880435663509183,0.718754421468893,0.3705858168145064,0.2694838964371418,0.2658795276514033,0.08985881563241296,0.7773167046413919,0.7174573758295965,0.687457889008979,0.33750886566605415,0.24019040432871194,0.24567195436846323,0.0800587757639987,0.7128864837406212,0.7278977809476024,0.6328277079766226,0.3397346468944486,0.2459809291781721,0.2364979842116917,0.08990040947040598,0.7070636684822924,0.6961255979439999,0.6171632590118864,1.521019208041665,0.5932250229492931,1.7386511331052144,0.15636751333555557,4.531217018471354,1.1430829564235114,4.374849505135798,0.1330860978520957,0.06636283781458159,0.2474265537407952,-0.14453004322753404,0.5039458549769509,1.859146505413142,0.6484758982044849,0.4919484076162048,0.43354182518265644,0.21138357577761416,0.2461058272802977,0.8008057532678207,0.4296864722093496,0.5546999259875229,0.34599513099382606,0.2753711013749909,0.21873089051283712,0.10352330332583753,0.6660106634912698,0.6321790999906879,0.5624873601654323,0.3606560835870984,0.33986477416838823,0.1439146304801776,0.19930791401631953,0.5585665026908156,0.3990356381869329,0.3592585886744961,0.2365863274282996,0.20699730601068952,0.12408027042272855,0.1133484529963673,0.4022502357897138,0.524460867081732,0.2889017827933465,0.21666004196405547,0.1933594543247825,0.11322318201692184,0.09573420246339835,0.36523607114151163,0.5225845106948973,0.26950186867811327,0.2124729993196026,0.1992097305060139,0.11492640427138857,0.08199194168264036,0.36324506976400567,0.5408988654530917,0.2812531280813653,0.5557541770226935,0.42162928784674875,0.46210278214889733,0.17210096637300287,1.077832814081755,0.8314877355029362,0.9057318477087521,0.08785720442488443,0.05860351152673964,0.16612369997468882,-0.10538477949031023,0.3397819966681622,1.890837536456332,0.44516677615847244,0.4081339207657627,0.41798447050138265,0.12692394394126025,0.23046710434856701,0.5663129819404309,0.3109860207235869,0.3358458775918639,0.24630944234352095,0.22847607122872077,0.10884301767786786,0.1269933029892117,0.39252156431483287,0.4418954330060458,0.2655282613256212
1523,Meriç,Edirne,2024,0.45006841704590383,0.3867596890591608,0.22870188271506786,0.20710503074896922,0.8242502090249275,0.5081491481143896,0.6171451782759583,0.2916124081020383,0.22258526293444364,0.1951672083614696,0.09776077044686006,0.6054268209558461,0.6692692181094657,0.507666050508986,0.2690767528579491,0.19919306107647186,0.18261106782242345,0.08988830337901707,0.5663267555523173,0.6786579140815908,0.47643845217330016,0.30111095266620247,0.23043871819055037,0.1877747717335347,0.12122026525419065,0.6210554383578639,0.6236065811318828,0.49983517310367326,1.100705061676291,0.5301763967503512,1.3055490302338704,0.16053449237031037,3.2188523303816536,1.1861025043762563,3.058317838011343,0.075994642472792,0.027336109143276124,0.20882082904140975,-0.16011105028919317,0.4022468139582222,2.7478361927444146,0.5623578642474154,0.476922169475765,0.4335759188409357,0.16336823713668666,0.30870798956007744,0.7382683505554045,0.3425469554419367,0.4295603609953271,0.3018907421945621,0.24413628681908336,0.17122992393242206,0.12304753431377362,0.58005393232958,0.5671917021624601,0.4570063980158064,0.4542270638217781,0.35545645428392975,0.2741418259274761,0.1523691496397811,0.8555375962432713,0.603534768758383,0.7031684466034902,0.34080734187113454,0.23822806059737414,0.24975599455633646,0.08983030312958615,0.7226689814961216,0.7328363091742717,0.6328386783665354,0.31327126836249397,0.21285173595033796,0.23224343474956544,0.07615087549330905,0.6699192224635595,0.7413492975705349,0.5937683469702505,0.3257465367939047,0.23239679170609914,0.22453206751477234,0.09180168650544285,0.6776883432212409,0.6892845883326479,0.5858866567157981,1.3548148885904907,0.5302473438567374,1.525989654759366,0.15614795791285813,3.969168601358492,1.1263455012270795,3.813020643445634,0.10356324883724374,0.01944279181463159,0.23625956978515347,-0.14443070202311692,0.4726453969228129,2.2813070508868494,0.6170760989459299,0.48083488673973535,0.4101600024327916,0.20293799141725202,0.24614510708729465,0.7773726734949525,0.4220533846727673,0.5312275664076579,0.3256847755604501,0.24805599381524757,0.21144824796782366,0.0996052325754973,0.6386949241902746,0.649242039650014,0.5390896916147774,0.40532885901759425,0.37888367546194507,0.17341091913581544,0.2070821875218041,0.6523485596382568,0.4278277139114048,0.4452663721164527,0.2733615846861657,0.2363185236888298,0.13940947610618373,0.13872315642074098,0.4589296414642914,0.5099819576559507,0.3202064850435504,0.25484820112676804,0.2206789607596865,0.1259042994530579,0.1348309950800392,0.4238238862105118,0.4940364456032784,0.2889928911304726,0.2494563490033508,0.21674546429567987,0.13032448631230933,0.11525942917582906,0.4433554076238114,0.522434032378782,0.3280959784479824,0.7170263712699734,0.5155200160937154,0.6375164127000373,0.20329466703237545,1.5470768850921384,0.8891115281727914,1.343782218059763,0.08473988223096374,0.050746082027955386,0.15396866116553862,-0.08975163401749157,0.3085285532295706,1.8169562797584213,0.3982801872470622,0.45054330892250316,0.43353179935375413,0.10999611544071529,0.3164834173680789,0.6053903490677014,0.24414104762486985,0.2889069316996225,0.28301007451009014,0.25976495501001395,0.12275203584946283,0.1504372418877576,0.4550351920785234,0.4337373362483828,0.3045979501907658
1538,Muratlı,Tekirdağ,2017,0.41539297811019243,0.41009143667493836,0.18355287399545067,0.1993611440903815,0.6679343521645237,0.4418776524112526,0.46857320807414216,0.22353254952921214,0.20900297228276699,0.13661905700033156,0.07619078657083289,0.40428942652650196,0.6111819387738769,0.32809863995566907,0.21391719474069346,0.20116441369056037,0.1278891962002604,0.07230629007009809,0.3847355270952326,0.5978443965445852,0.31242923702513453,0.277353405970436,0.26955056756521084,0.1257717536846729,0.13684023405144682,0.44921037745127373,0.4534710985235902,0.31237014339982694,0.7257618349166105,0.609393054112814,0.559322355209336,0.17314211547735503,1.4531275896789901,0.7706692861213924,1.2799854742016352,-0.07500746900856181,-0.08204660473918882,0.17889255014251232,-0.29293198824741506,0.16011895131207385,-2.3849964877776695,0.45305093955948894,0.4734192111487074,0.46485729518649416,0.10975648958212565,0.3398819734937066,0.6210610311871233,0.23183784476302052,0.2811790576934167,0.2632959320758468,0.2558570906670957,0.1330911390340664,0.111354405009257,0.4433434488780091,0.505481182275643,0.33198904386875205,0.5891250532745583,0.7304624544535653,0.3087620559394414,0.1758757157632788,0.9100817026446993,0.5241027422331411,0.7342059868814206,0.47738371208263053,0.5664351475188311,0.3008256935623909,0.09767774386169233,0.8320098765596691,0.6301549172048855,0.7343321326979767,0.4482824879568399,0.5273457532696674,0.2830151539007707,0.08993831929152607,0.7773322105128884,0.6313321655518676,0.6873938912213623,0.44463824676752584,0.5351612626150489,0.2507312652532915,0.11342197966049582,0.7304199810576659,0.5638994555148639,0.6169980013971701,2.37194116208678,2.1560554835643626,2.015594149145245,0.15862050065470704,5.156001091049877,0.8497656608699227,4.99738059039517,0.17292047214102746,0.2852375984994454,0.29674081266392,-0.23040441220595143,0.4959966128690729,1.7160536805723576,0.7264010250750244,0.590415536728438,0.6836325580875847,0.21788274494517865,0.3007931081492065,0.8241577633267263,0.36903287835630577,0.5233646551775197,0.4356925664057086,0.5371636503940133,0.24437803308845202,0.11526506133197238,0.7011551829036047,0.5608955762189706,0.5858901215716323,0.5838533644517202,0.5742342778374937,0.1796815152138073,0.3476971045785797,0.8163587307800447,0.3077511001114826,0.468661626201465,0.4340202677613978,0.4023052163988915,0.197477160972484,0.1914702515433441,0.714782366210735,0.4549952516988144,0.5233121146673909,0.415021372511935,0.3866524535786257,0.17632723233223335,0.19930556071163244,0.660135352790242,0.4248630167285243,0.46082979207860963,0.3836714665738212,0.3789111606668831,0.13507537566558317,0.2071104654092715,0.5585132887409842,0.3520599977678916,0.3514028233317127,1.4729690133621576,1.406199639628888,0.848627034721382,0.40678746558805345,2.6553858806066866,0.5761336640642085,2.248598415018633,0.16553562456126297,0.16798522249853484,0.13935334199277438,-0.011650184118185525,0.3397945000089681,0.8418329429820177,0.35144468412715363,0.5981450920061052,0.597618791339381,0.09457887105284538,0.48837001803353586,0.7147653212878954,0.1581202827154185,0.22639530325435953,0.41994772511697015,0.40819599996030975,0.14556310353259247,0.2324520005034609,0.6152170142244686,0.3466219598928606,0.3827650137210077
1538,Muratlı,Tekirdağ,2018,0.6232657189100405,0.6954106058104883,0.2469997371056445,0.24207246066292154,0.8983610981964912,0.3962992502420872,0.6562886375335697,0.40145328247809553,0.4179724853781011,0.21146905802580793,0.1132201401245523,0.6679187052735619,0.5267588216503032,0.5546985651490096,0.38845088229933256,0.4101825470367043,0.20323109329704978,0.10544686007653405,0.6522679400999175,0.5231835028770611,0.5468210800233835,0.42220884384479335,0.4570580974698859,0.19354266353719357,0.14450312533894216,0.6601555497954071,0.4584050437568311,0.515652424456465,1.9220841519899798,0.8600417709217556,2.0502539237589503,0.8600417709217556,2.8889923421947614,1.0666827056641996,2.028950571273006,0.21065971748803936,0.2617321281853214,0.24057033263765745,-0.1445180791437512,0.4960480144606429,1.1419854517336299,0.6405660936043941,0.6117374178139214,0.6486040336308926,0.16873918852716982,0.36724634186691374,0.8044420769676618,0.275835977354743,0.43719573510074805,0.42239448184945955,0.46488190883572894,0.18652205452887963,0.14447615290659965,0.6445147149832449,0.4415826023867321,0.5000385620766452,0.5951710380555449,0.7148672576968439,0.2580672627542641,0.21482253169494997,0.8632437845624495,0.43360184930601364,0.6484212528674995,0.44907807348037143,0.5273992142178944,0.2370090168315724,0.113300466483604,0.7226542958194992,0.5277679557916153,0.6093538293358952,0.42611916167208647,0.5019603908027528,0.22393456984052643,0.1113420987369498,0.6816113486638994,0.5255210044106204,0.5702692499269496,0.4341790369139083,0.5039273325319205,0.20630858515301434,0.13679120393647115,0.6679194861980919,0.47516938316375346,0.5311282822616208,1.921435417549697,1.9064878963353118,1.4095693867386951,0.22033741322737538,3.842794967679059,0.7336022714394652,3.622457554451684,0.20808861624766098,0.3164903851598172,0.2676323083098776,-0.18356854440583648,0.4881548114512022,1.2861458408246105,0.6717233558570387,0.5943716918154625,0.6601321489770491,0.17400626529373692,0.3398296447026854,0.7850940521101089,0.29275664990411676,0.44526440740742346,0.4327592859700503,0.5215079649699422,0.20047889926349682,0.1386644891031665,0.646457915874064,0.4632573020683171,0.5077934267708974,0.3396021256389744,0.28509276569056097,0.14696999105144404,0.19156825390948778,0.5664249930218452,0.4327711164201766,0.37485673911235745,0.22911431976541904,0.18349141408991007,0.1260974592799454,0.11344624848333235,0.4179482410409705,0.5503691755672518,0.30450199255763816,0.21227241800010827,0.17382376457602983,0.11058584938062119,0.10746653195251743,0.38083330040166685,0.5209619338324246,0.2733667684491494,0.22383576275643655,0.18349106972496146,0.10737594829449278,0.12122469491788275,0.39452231894501844,0.47970863535034064,0.2732976240271357,0.5684841540211032,0.3587592031338429,0.46606488551225533,0.20382191171204259,1.2653370091179565,0.8198379536449738,1.061515097405914,-0.06927642042438745,-0.08789301790854848,0.10963438186866523,-0.19335457254399818,0.08785249878309204,-1.582564185577789,0.2812070713270902,0.4343694712151471,0.41795860268460017,0.08211304059954738,0.3478202464690481,0.5507846456703969,0.18903962189109755,0.2029643992013488,0.23850945537747487,0.1972606878666613,0.1086389421610682,0.13480864664240524,0.40819840191143536,0.4554911334191416,0.2733897552690301
1538,Muratlı,Tekirdağ,2019,0.5482218348609947,0.6054948408312374,0.24394870720743442,0.21484415005476587,0.8476607739457306,0.4449817422344902,0.6328166238909647,0.3809244196518527,0.3867361616940114,0.2239094976211266,0.10541462585236712,0.6835131513825433,0.5878055752523547,0.5780985255301762,0.35377007137221095,0.3554956863044917,0.20896921249379558,0.09764897871894211,0.6366692381170306,0.5906921738270321,0.5390202593980885,0.395042605199757,0.4101818826138615,0.1924253379452868,0.14456020295683772,0.6522808758279208,0.4871002150463875,0.5077206728710831,1.5638868728177278,1.2656329291840323,1.2798297162387604,0.23446401593737135,3.4845005933744115,0.8183646390821298,3.25003657743704,0.12575840914305808,0.14448674018339758,0.2550944378223826,-0.21479499233841323,0.4648102292492494,2.0284483523658183,0.6796052215876627,0.556012503905503,0.5898951873948317,0.17089293311712805,0.3242460873849517,0.7695111795567863,0.3073544783916804,0.4452650921718346,0.3793901052648835,0.40433632396687874,0.18833979770280762,0.1308659107768688,0.6230328109805497,0.49642780633752187,0.4921669002036809,0.6303168218223848,0.7696377200990416,0.25632269967362964,0.23042924400539855,0.8710412016644276,0.4066569236285718,0.640611957659029,0.48600675596640824,0.5821366126363956,0.24243904316419482,0.12109071394727704,0.7460477260694292,0.49883883338640606,0.6249570121221522,0.44925285095501216,0.5449455073191118,0.2227724780461329,0.11520908990666358,0.6855165142145329,0.4958732650723705,0.5703074243078693,0.46744743903819064,0.5352029911199725,0.21509698216898435,0.14457122486197196,0.7070301533613784,0.4601522314713352,0.5624589284994065,2.33571016301418,2.280992306034803,1.6964911376061493,0.2808302245889754,4.718179927163886,0.726327762951918,4.4373497025749105,0.2379836362713926,0.363314807257782,0.28119037286021176,-0.18358563580412665,0.5272521232560724,1.1815533927700261,0.7108377590601991,0.6100405377201866,0.6757755372962055,0.18043049653129392,0.339838647920347,0.800728345970636,0.29576804388375544,0.460889698050289,0.4559686586777219,0.5605672892553301,0.19905517739804726,0.14647335464489464,0.646463878615381,0.4365545166531703,0.4999905239704864,0.48235925828898596,0.44917454875737467,0.18367000315057205,0.2539323531595313,0.7617668326145346,0.38077428803187524,0.5078344794550034,0.36428267421661026,0.3163489009944926,0.1808987535733417,0.16021598986135563,0.6444826927808592,0.49658895790848245,0.4842667029195036,0.3339643638112563,0.2949066608264043,0.1591168730596197,0.1542952583712906,0.5800794259695587,0.4764486583051908,0.42578416759826815,0.32180684827820116,0.28513988892329006,0.14710160173199738,0.15235915934203706,0.5508034076997869,0.457111470806328,0.39844424835774983,1.1226588722553903,0.7966871639454302,0.8588840313040524,0.2970118648740338,2.5158035141216573,0.7650445318074033,2.2187916492476236,0.0891508031334001,0.08201508676580552,0.1397377886892729,-0.08983409065511115,0.28509916842036814,1.5674316302027853,0.3749332590754793,0.5164553209291851,0.4960460693625151,0.10631821404192485,0.3867909208220963,0.6757615860158755,0.2058613973627796,0.28897066519377923,0.34929656553549304,0.32224462606824344,0.1420674238966171,0.1777453506142336,0.5683634481603878,0.4067243652362257,0.3906180975461542
1538,Muratlı,Tekirdağ,2020,0.5672051048459115,0.6524080868174211,0.24948221366519016,0.2148760057208469,0.8476259197232202,0.4398447960600869,0.6327499140023733,0.3875706477194494,0.41020345426563165,0.23492939793275094,0.0898286897929748,0.6914089165000641,0.6061589011322891,0.6015802267070893,0.36160821571765545,0.3847923542292656,0.21627700865514635,0.08788745086407453,0.646496357814256,0.5980976074504235,0.5586089069501814,0.40658083787944643,0.44925726395792664,0.1876759073127571,0.15234038449260975,0.6288829896450235,0.4615955545066885,0.47654260515241376,1.569578681670557,1.4693722204936401,1.174578440677648,0.21976677242662662,3.1559650725614175,0.7483399554251741,2.936198300134791,0.11577558931613903,0.16798961953211378,0.2595873847649697,-0.23830624683813428,0.43355672763309755,2.242159908649961,0.6718629744712319,0.5782203716403926,0.6289203717272392,0.16329288157460223,0.34770772479126144,0.7694603840684255,0.28240596420244685,0.4217526592771641,0.3904582459281424,0.43946335681361376,0.19682285438848493,0.12304204382355048,0.6269362597993983,0.5040816948829582,0.5038942159758478,0.620787447742419,0.7774034297248669,0.2902519792104543,0.191410987074534,0.9022286189978052,0.46755452331711367,0.7108176319232712,0.5139026801280077,0.6524070116002683,0.2994940644666809,0.09764455568447182,0.8397509387315488,0.5827836204163795,0.742106383047077,0.47704888655861194,0.6054952653835298,0.2759712612329884,0.09759743686973593,0.7694933038613245,0.5784968144959323,0.6718958669915887,0.47081845104803854,0.574306132684537,0.2341297046620863,0.12891456625050957,0.714781534631817,0.4972823476669515,0.5858669683813075,2.372318314138397,2.5316769164284536,1.7737858996142402,0.2162441740197203,4.718291341003099,0.7477014737200063,4.502047166983379,0.21559531642417087,0.37903816148518354,0.2969357714732899,-0.22261565897063101,0.5037306236322192,1.3772830337792987,0.7263462826028502,0.612467143688149,0.6992219583809308,0.1991187502013912,0.3164202380871112,0.8085393613588454,0.3251092768868216,0.4921191232717342,0.4608049035945099,0.5879246107796383,0.23391577462887744,0.12303495956852051,0.6933276785375416,0.5076243173720957,0.5702927189690211,0.4757374561276582,0.46482822524352846,0.1755283567499619,0.24614648850068355,0.7148511150120721,0.3689605568977126,0.46870462651138856,0.3388361481101444,0.30854364071886453,0.17582031902264902,0.13674236013140578,0.5898646439647107,0.5188948109677356,0.45312228383330494,0.3091059370596259,0.28319244832811413,0.15512079511408902,0.1269276012358682,0.5332151574247502,0.5018369966933587,0.406287556188882,0.3050795972054352,0.292992015776925,0.1321690277331743,0.144564500472222,0.4960256132404687,0.43322801309513337,0.35146111276824665,0.9764900956082443,0.7655817699359933,0.7048287557204984,0.26588288106898494,1.984085279183698,0.7217981614872078,1.718202398114713,0.08503475480993068,0.08201839634932842,0.15075879497535102,-0.1133004261695054,0.27728214875558,1.7729079752429042,0.3905825749250854,0.504461563142434,0.4960589237869323,0.09915990807002072,0.37896882526608944,0.6444542132985907,0.19656583437660852,0.2654853880325012,0.3346143256574556,0.322272854468941,0.13862165842272786,0.1581880554909148,0.529317184315477,0.4142729339228433,0.3711291288245622
1538,Muratlı,Tekirdağ,2021,0.5367864355205074,0.6289356897961658,0.24631511356785712,0.19925788580693468,0.8163416204120018,0.45886985450556694,0.617083734605067,0.40055998589479225,0.44923971782968775,0.23700345192481212,0.09777461146604195,0.699191749798668,0.5916802982589017,0.6014171383326261,0.36568986053363917,0.4082280295510902,0.21476808563652916,0.09571265275769704,0.6387248508052848,0.5872957082351837,0.5430121980475878,0.36267049696564246,0.4023950733461438,0.17137504465310513,0.1367804006905576,0.5741362950580229,0.47253649273086673,0.43735589436746525,1.2288996018957739,1.2029855493924024,0.8962839365935501,0.20322870902221607,2.453183679804372,0.7293386174191032,2.249954970782156,0.15156520085337918,0.2304800797091215,0.2663979212020582,-0.2070035422212542,0.45693303589067136,1.7576456845114838,0.6639365781119255,0.5438925515877867,0.5977357619628714,0.16007347910443967,0.3242955480773377,0.7303935696338865,0.29431084988595047,0.4060980215565488,0.3825515633334407,0.43946175337094,0.19378303557740495,0.12694420496265282,0.6113040251660217,0.5065540286617499,0.4843598202033689,0.6078491431022194,0.7695871395179933,0.29145425090163857,0.19140137640574234,0.8944891007587141,0.4794845138946358,0.7030877243529718,0.4732714143106094,0.5820303962569485,0.2809820061887342,0.09761456768735768,0.792922632898299,0.5937016217174801,0.6953080652109414,0.4422936181572692,0.5410534160211536,0.26106045959583446,0.0918035427002554,0.7362990388897391,0.5902424291887646,0.6444954961894838,0.45677805156462997,0.5585826059280051,0.23646923512182674,0.12889391197405756,0.71476107864783,0.517689574426429,0.5858671666737725,2.3088608860368875,2.343878569895044,1.8097648328410314,0.21736044334010107,4.718313127258621,0.783834506351509,4.50095268391852,0.21156134080116545,0.3555229356092582,0.3085051344514064,-0.23038253970231948,0.5272435189649708,1.458230191220772,0.7576260586672903,0.602919761076861,0.6992702445130418,0.20066000165900363,0.31648724867547706,0.8084976012463493,0.33281377492190584,0.4920103525708722,0.4421684165847135,0.556677126518934,0.22945936221505336,0.12302275479702622,0.6777055501091983,0.5189410948601573,0.5546827953121721,0.5097156876564677,0.5038758204054585,0.21033258926395157,0.23046082135876006,0.8007801159011045,0.41264688209029404,0.5703192945423445,0.3505690009691161,0.3242276267774876,0.1886933123053234,0.1211159762756298,0.6210515710262138,0.5382487093373856,0.49993559475058397,0.3260109980942868,0.3007863475265735,0.17284357654344878,0.11330347192730568,0.574165158558842,0.5301771337587209,0.4608616866315363,0.3369569043585882,0.32420102615329116,0.1581263373794942,0.1367781393910896,0.558572058500795,0.4692776296734278,0.42179391910970543,1.192195547383256,0.8524179955370288,1.6291358739423063,0.8524179955370288,2.644783870431167,1.3665005522945364,1.7923658748941382,0.12236241841171118,0.1211119062402631,0.21808294551211604,-0.16792800468980254,0.41794746298524715,1.7822706378549604,0.5858754676750497,0.5208336662204586,0.5273365237355572,0.14291478840350624,0.32423716000867514,0.7069747068036197,0.27439621835623285,0.3827375467949446,0.35176348728771123,0.3417912929563543,0.15866186691257828,0.14650851019205222,0.5761590876690063,0.4510470035874047,0.429650577476954
1538,Muratlı,Tekirdağ,2022,0.4432030183469759,0.4570515273682015,0.19895147041716926,0.19927801212598897,0.7069877485641072,0.44889466493076463,0.5077097364381182,0.2671297247229474,0.2617305979544634,0.15934758198624413,0.082241916933392,0.48827806392727297,0.5965175988988529,0.40603614699388096,0.25489650406070874,0.24804473850358752,0.1499023901816937,0.08399959078536115,0.462862532743061,0.5880911969902555,0.3788629419576999,0.2907535248436133,0.28515868939415645,0.13385442113722168,0.12904053860362222,0.4726040469210358,0.4603707597671174,0.34356350831741356,0.8028813870574013,0.6719708421369605,0.6127051810469072,0.1729008547904215,1.6403446599596572,0.7631328748228938,1.4674438051692356,-0.011169899030020506,-0.003929617656639468,0.18077095697827633,-0.2460576623092984,0.22258435608294821,-16.18375927055667,0.4686420183922466,0.4980682738693315,0.511781968006227,0.12397808394800898,0.33995288875774743,0.6600930210764246,0.24891785012697817,0.3201401323186772,0.29592717598516005,0.2987915237579412,0.14901645698209415,0.11526503734407163,0.4980459956776639,0.503557865160606,0.38278095833359227,0.5918194003996098,0.7149010431393186,0.2901741553159108,0.19928704015876136,0.8945150080378431,0.4903086230697721,0.6952279678790818,0.45861292715516994,0.5429462481675258,0.26864425661218944,0.1132715197885335,0.7694985143694867,0.5857755870045387,0.6562269945809531,0.43328459902997635,0.5097537633207732,0.2548159375294181,0.10352953401533771,0.7284782906795866,0.5881029191895855,0.6249487566642489,0.45298007362427284,0.5195779696959778,0.2447554270030162,0.12900738759257255,0.7304117985150046,0.5403227233479372,0.601404410922432,2.416101669675303,2.03119046154273,2.047050629461037,0.21878838163917108,5.280674390262512,0.8472535138540498,5.0618860086233415,0.19453099752894704,0.2930018005882765,0.2934398704170308,-0.19920426276471895,0.5194528874265878,1.5084478779448283,0.7186571501913067,0.5982306577716702,0.6680192116009621,0.2077569662294115,0.31648337988310815,0.82414930912497,0.34728572253932727,0.5076659292418618,0.43208836035388426,0.5214529150898751,0.22575757421550197,0.13086898297840782,0.6777182684517566,0.5224801103890058,0.5468492854733489,0.49428068612209036,0.457018232287583,0.2066613821819456,0.2539173484071823,0.8008128601007289,0.4181053154298223,0.5468955116935467,0.3495588263042245,0.2773297673881503,0.20876668940907375,0.13674543960780822,0.6835926782266484,0.5972290604597179,0.5468472386188401,0.3350041439821263,0.2715029231774116,0.18736455555043008,0.13868380024678353,0.6308606923037505,0.5592902622733725,0.492176892056967,0.32890466880116853,0.2851128485548759,0.16355761129631585,0.15243796395335216,0.5820063401754241,0.4972796886479915,0.4295683762220719,1.1338586655738816,0.7030068623011781,0.9871073276275787,0.23481984403187345,2.765702620456036,0.8705735181976781,2.5308827764241624,0.08085266402669422,0.05857908139917163,0.1532435278942664,-0.10536678151871358,0.3007987395401127,1.8953429641312955,0.4061655210588263,0.5515419333718741,0.5351007481083052,0.11355030499989936,0.42589698825441735,0.7148511288174647,0.2058779181225713,0.28895414056304736,0.3543683398825925,0.3144060315216401,0.16355539362605193,0.1699437533061332,0.6035138656380823,0.46154064914557624,0.4335701123319491
1538,Muratlı,Tekirdağ,2023,0.4623012974787629,0.4960802748332582,0.2148793719521464,0.19929849138883265,0.7304447688428117,0.4648037397342963,0.531146277453979,0.27014311710865296,0.26956454599900564,0.1701259607611373,0.07436465903351612,0.4960735464686223,0.6297623370234222,0.42170888743510615,0.2524795879198061,0.2558873191905408,0.15566342243202289,0.07229794652129264,0.45899423113990284,0.6165386426464919,0.3866962846186102,0.3123003193194898,0.32427523720375634,0.14622528288074477,0.1367708320896296,0.5038460547560709,0.46822008763671236,0.3670752226664413,0.906101761813653,0.8280419437335834,0.674066472584465,0.1735901485777552,1.827844228433735,0.7439191722078254,1.65425407985598,-0.02613203410408886,-0.011696523550979018,0.18931069461373426,-0.269495638312033,0.21481604033252788,-7.244391839520558,0.4843116786445609,0.49984321269465426,0.5273836033662364,0.13464816757869325,0.324277018953436,0.6678984016552278,0.2693808061387992,0.3436213827017918,0.298521940747533,0.31448792172831436,0.15741607001404484,0.10745242105625084,0.501911381053635,0.5273182588182866,0.3944589599973841,0.5923334344762707,0.7383975467352433,0.29593115528800273,0.19924791705499223,0.8944907160165854,0.49960231528996685,0.6952427989615931,0.4600166987599627,0.5429875245684681,0.2797705109062867,0.10549119056343735,0.7929166508137112,0.6081746850939237,0.6874254602502738,0.425682761198856,0.4960523097909411,0.25890778156210387,0.09771064798280743,0.7382478110615633,0.6082176803047848,0.640537163078756,0.4580977648604007,0.5429981907530969,0.25185170032398685,0.1289804376595797,0.7382014199078438,0.5497771865373221,0.6092209822482642,2.5313964310358013,2.2813903723161735,2.1173607790101796,0.2193371790632343,5.4058922549535815,0.836439821535102,5.186555075890348,0.19405793212732678,0.30866163696292065,0.3093619148308383,-0.22259791190513165,0.5349967900216478,1.5941729948346424,0.7575947019267795,0.592288039149328,0.6836278377975913,0.20912865960195892,0.30866010734056776,0.8162879984033617,0.35308607599491515,0.507627891062794,0.42918182532278726,0.5293292811227719,0.22940256685907615,0.126965449487355,0.6777091834859602,0.5345113733242145,0.5507437339986052,0.3913517658001941,0.37891878420951186,0.16001432379939745,0.19145668238563093,0.6054062426458726,0.408875946866414,0.41394956026024166,0.2553748977311087,0.23831600878116121,0.129801193987284,0.11322789023479332,0.4178976303026436,0.5082770277756715,0.3046697400678503,0.24229049114759577,0.2246261828124156,0.1212080574847,0.10742399277994143,0.4003899304459373,0.5002592421625983,0.2929659376659959,0.26091135107837904,0.2538790816908704,0.11632585720880513,0.12119817984493315,0.4178964512085261,0.44584437100193575,0.29669827136359295,0.7010194228164878,0.5781770551386759,0.5206203267271157,0.20341995412000538,1.3594155663108471,0.7426617719597809,1.1559956121908417,0.006900335641145335,0.01174416822545148,0.16946085417666967,-0.21478709456788758,0.2147992005024196,24.558349475960004,0.4295862950703072,0.4698303354301545,0.48052917827281555,0.11601881051770475,0.3163973486277597,0.6210110214169655,0.24693767466394737,0.3046136727892058,0.27114002266604187,0.25977516409857454,0.11741362544231213,0.1308466722330305,0.42769658769292657,0.4330368651880225,0.29684991545989603
1538,Muratlı,Tekirdağ,2024,0.5247892874918237,0.5664127882474771,0.22324769932801578,0.22271352218445065,0.8007514900121993,0.42540445212783423,0.5780379678277486,0.33114375937167556,0.33983949684214265,0.19614040259796908,0.08984957805603745,0.5976365503861145,0.5923119401982183,0.5077869723300771,0.31418373100960706,0.3222726623244818,0.18340082117839668,0.08788286806896489,0.5605593322712964,0.5837374856713656,0.4726764642023315,0.3456962100521902,0.35549022725587703,0.15403544279272585,0.14459124527967007,0.5507451857124216,0.4455803630866272,0.40615394043275155,1.1341915732885244,0.9689770417313761,0.8687909095332901,0.21983682562903967,2.343528807868872,0.766000144944015,2.123691982239832,0.07592785520416467,0.11336914675019678,0.22090144349691343,-0.2226564272681245,0.34762793820813304,2.90935971920878,0.5702843654762575,0.5454579935065329,0.5742287685300875,0.1379993632932695,0.3555065364321567,0.7147948724352156,0.25299723340036945,0.3592883360030589,0.35263575356957855,0.3769423515583525,0.17378906313589101,0.12693786434716903,0.5722504769937409,0.49282882230942215,0.44531261264657185,0.6152220826418958,0.7696281038599623,0.2793254620759282,0.21486692445037958,0.886658174907689,0.454023790687819,0.6717912504573094,0.4694585402039459,0.5664069699480724,0.2609165763706654,0.11326697755079898,0.7616877167803264,0.5557819360519375,0.6484207392295275,0.4391332953296945,0.5293296617848585,0.24301447279201138,0.10743956346471796,0.7128714403833194,0.5533956895925186,0.6054318769186015,0.47058939303003455,0.5664395798581704,0.23678030162803834,0.1367708014282314,0.7304410123762272,0.5031569030985921,0.5936702109479958,2.491666988428247,2.406560120827033,1.9377160752390719,0.22056783372730454,5.156052528394628,0.7776785919780518,4.935484694667323,0.221567768752907,0.35546759167499087,0.301658998097744,-0.20704535417173717,0.5350630301103528,1.361475090874589,0.74210838428209,0.6122758511940881,0.7071156817163176,0.19746866190460194,0.33206900772105125,0.8163086915469667,0.3225158423600892,0.4842396838259155,0.4448794607102225,0.5527679710344242,0.2168458198832517,0.13477433770813213,0.6699133961730152,0.48742600869249114,0.535139058464883,0.3874480660667745,0.3163297159858487,0.17279068636277994,0.21495848556544764,0.6523631139178699,0.44597121910269244,0.43740462835242233,0.27249907018127634,0.22253051518911435,0.13103860338865034,0.13682812907878167,0.4648478037806915,0.480877249604847,0.32801967470190985,0.26132877121606124,0.21679097863989374,0.11906974964325337,0.13870650881558502,0.4394616316277414,0.45563199600708704,0.30075512281215633,0.2636527258817327,0.20699454954344962,0.1322479866852388,0.13685456245410102,0.46485749131266657,0.5015991632286843,0.3280029288585655,0.7545881900843824,0.4214074732426405,0.6542700655360814,0.20401511877012954,1.7656917786410389,0.8670557982929963,1.5616766598709093,0.042556237617990725,0.037102356751792985,0.08945835512234161,-0.0644297834684869,0.16209681097509135,2.1021208671069864,0.22652659444357826,0.4876767984924361,0.4647804006416639,0.09378188864920971,0.3869230425194702,0.6287893292130069,0.1923033634963142,0.24186628669353671,0.2803003895646663,0.23239635862369393,0.12187449477091582,0.15432526955915032,0.46288769917494493,0.4347995911108034,0.3085624296157946
1572,Pehlivanköy,Kırklareli,2017,0.35554925585339575,0.3319841160872366,0.14434284827558783,0.1992791491972909,0.566334160054099,0.4059714537417144,0.3670550108568081,0.20436275859420852,0.183560380419367,0.10613957527886418,0.09000798613476853,0.35549970029935035,0.5193684798981378,0.26549171416458184,0.19479746494210837,0.17581847839990203,0.09944896656720556,0.0899919805590915,0.3319463000219916,0.5105249526566513,0.2419543194629001,0.22347161132319462,0.19912338668246432,0.10236565515617414,0.1134311676820043,0.37114798417337086,0.45807006335193223,0.2577168164913666,0.4977650477657284,0.3906679207021245,0.377603172397522,0.14241510904895696,1.0157861020844914,0.7585972018172714,0.8733709930355344,-0.014342651537256031,-0.019662987213845004,0.127928680750842,-0.17571614513069003,0.15225026406318462,-8.919458192129843,0.32796640919387465,0.4294718093450052,0.4180048912058424,0.0942030696330867,0.3165279868626313,0.55844395649194,0.21934634027960395,0.24191596962930872,0.2344623859444416,0.21675755103311864,0.10369686755682611,0.119183461313502,0.38076623411747584,0.44227506744471246,0.26158277280397385,0.5443849672493937,0.597790459575898,0.2899691224841085,0.16784920766242642,0.8945710913284346,0.5326545366401858,0.7267218836660082,0.42756714868876483,0.44336022762234134,0.25704690203874425,0.11134514504121432,0.7598741034674372,0.6011848731293763,0.6485289584262229,0.4054363272591079,0.4160227441991224,0.25057665495010734,0.09963302494288778,0.7284066329926083,0.6180419417374206,0.6287736080497206,0.3897609698637694,0.4023128679651008,0.23334166481597501,0.0977607616228977,0.6992293397213263,0.5986788900323534,0.6014685780984286,1.7895761460929855,1.2184791895026286,1.6911015630690518,0.15482396160706763,4.406288712727617,0.9449732366857235,4.25146475112055,0.15373604739132415,0.16009515584734482,0.2423192816816038,-0.15238687640428866,0.4726115900650827,1.5762034070304756,0.6249984664693713,0.5581595994573489,0.5919345997124752,0.20584119967942244,0.2910686030173866,0.8144093281341844,0.3687855586100182,0.5233407251167979,0.4021347776497341,0.43546886516567557,0.2231498002018865,0.11909539990190873,0.6777155786240356,0.5549129610377881,0.5586201787221269,0.5167768686693358,0.5039696156303201,0.18310042319712333,0.2851571571585643,0.7852038455110892,0.35431234309808424,0.500046688352525,0.3742719026872881,0.32611759541612184,0.1936224383735265,0.15425520164170578,0.6697774237975681,0.5173309483915549,0.5155222221558623,0.34476794804002353,0.30665087512458,0.17283006686321828,0.14646852030092694,0.607346364246276,0.5012938930249825,0.46087784394534903,0.3246323367764952,0.3086273892882204,0.14090523603264046,0.15240658620595993,0.5272753659634696,0.43404559580166446,0.37486877975750965,1.0956139562079656,0.890554900649972,0.7480412129305736,0.328216421753924,2.233414765764987,0.6827598431838368,1.9051983440110631,0.13442842543772995,0.12697803957670456,0.15136331080888546,-0.06049706850286322,0.3417260636930423,1.125976967416018,0.40222313219590555,0.5197154327431801,0.5273112466239325,0.11636674193758592,0.37115901678012847,0.667899696246833,0.2239047267143385,0.2967406794667045,0.36491571511074344,0.3457336915691545,0.14705143743326077,0.18555726322303961,0.5840093974689763,0.40297370418435957,0.3984521342459367
1572,Pehlivanköy,Kırklareli,2018,0.4759074641412129,0.511680660268442,0.2477711396788103,0.16019991204598702,0.785155358952007,0.5206288162046788,0.62495544690602,0.3002396517903994,0.30089990428894203,0.18208296632700832,0.06626564588898458,0.5351211857439614,0.6064587579995011,0.4688555398549768,0.2887698514461038,0.2910170117137553,0.17732812292342978,0.06062045728993008,0.5215241399772063,0.6140811516001574,0.46090368268727616,0.2816091106911048,0.29295859734826285,0.1878777193579513,0.03509842046727852,0.5194694248876225,0.6671578163677849,0.484371004420344,0.9705440890654413,0.7967426240250441,0.8293630384418083,0.07820242359278184,2.14003423628584,0.8545341193519818,2.0618318126930584,0.193396844200088,0.2070282704719612,0.18151602636158307,-0.042861605420687884,0.4099633692396727,0.938567674733032,0.4528249746603606,0.4915701898369079,0.5352065732659725,0.19112921560005441,0.2070155906029834,0.70698355507165,0.388813682260649,0.4999679644686666,0.3240879281035401,0.3417982830086602,0.17958307140602445,0.09189911787530276,0.5527302935053101,0.554118360584696,0.46083117563000736,0.5023171435072242,0.5508398680406394,0.22939782030783132,0.19141898231015475,0.7851099827444141,0.45667925786118857,0.5936910004342594,0.357173868849132,0.38477479382489627,0.18664462750181404,0.1152487664239077,0.5956857403606506,0.5225595817051543,0.4804369739367429,0.34121621776128136,0.3691997851434914,0.18005809236258322,0.10746497674634488,0.568331078450866,0.527695000970188,0.4608661017045211,0.34421809832386757,0.36322305396908444,0.17699883191803756,0.1132619150460607,0.5742288570397631,0.5142054783868543,0.4609669419937024,1.1828144317188258,1.0471248688947785,0.9263374331710407,0.2027949520541474,2.484177351138103,0.7831637899656995,2.2813823990839555,0.11534414345034964,0.12705447602413683,0.19968959170548595,-0.14255814165163153,0.3768633928726437,1.7312503758931042,0.5194215345242752,0.5268123305366089,0.5664389048606222,0.16282349264134677,0.3008548832120066,0.7225628142397456,0.3090730478451319,0.42170793102773896,0.360400298326948,0.39645235783271654,0.1718329785894848,0.13090086929784261,0.5722633060769822,0.47678367467276994,0.44136243677913956,0.38923924949096766,0.36518601712056376,0.1446855678652337,0.22464279592181496,0.5957870678079327,0.371713716061389,0.3711442718861177,0.26458977455550886,0.22847642324634065,0.12617065112091194,0.13479726130252004,0.44722739129691635,0.4768538441550481,0.31243012999439634,0.24411317226853116,0.21286765584575,0.11118062784920575,0.13087712938555499,0.40432272385069623,0.4554470650477805,0.2734455944651413,0.24734284970787282,0.22459991753652553,0.10713740071319444,0.13087838109494823,0.400319599220099,0.4331534177750856,0.26944121812515076,0.6825212739660057,0.5154240262791326,0.49826838841122667,0.23509848718775309,1.296990106027609,0.7300408169197139,1.061891618839856,-0.01634162621530965,-0.048889329457258476,0.14399901785646693,-0.1737767066106169,0.20113660504983244,-8.811792410327039,0.37491331166044933,0.44818330357340963,0.4355131268172501,0.08583114855641943,0.3535755448530359,0.5644838840208338,0.19150902738250003,0.21090833916779794,0.27207888244132,0.24803943903839337,0.10626639106120833,0.15430031639883054,0.4238146824728587,0.3905719918712438,0.2695143660740281
1572,Pehlivanköy,Kırklareli,2019,0.408786043054745,0.38674050132529175,0.17165062818244128,0.20701396454047458,0.6523022756434771,0.41990334821547143,0.4452883111030025,0.26792108644168516,0.23826893049664621,0.14750276207069163,0.1132846750692373,0.47260360123163936,0.5505455506683181,0.3593189261624021,0.24613088838658959,0.220673468640537,0.13477422044994267,0.10352283147484259,0.4316241088667413,0.5475713403279042,0.3281012773918987,0.263077184022934,0.24615105110837243,0.12493937026540579,0.12123157001906396,0.4414068341178513,0.4749152638585111,0.3201752640987874,0.679068783057412,0.5154160332095596,0.5504322312429111,0.1725922628748473,1.4215354862780185,0.8105691867687793,1.2489432234031712,0.01546911596621486,-0.0039074187878953915,0.1543942958885821,-0.16010446421330654,0.21479046631652085,9.980809260579928,0.37489493052982736,0.4547204690009854,0.44925665841302165,0.11932404430858438,0.3164491667651785,0.613293993939711,0.2624118605673012,0.2968448271745325,0.27972116512712497,0.2597407361568997,0.12959190358527783,0.13095910878876282,0.46284933011750934,0.46328958885317867,0.3318902213287465,0.5258551367042049,0.5586090648308031,0.24784254058340877,0.20706499698947411,0.831995811562305,0.4713133395192466,0.6249308145728308,0.37954931266883163,0.39252578426588364,0.21010242401691845,0.11917345682831329,0.6464417927296016,0.5535576458815491,0.5272683359012883,0.35316282959700124,0.3652183899763926,0.19743073255667862,0.10746115589453846,0.6073800523384181,0.5590359913640103,0.4999188964438796,0.37062372257498133,0.3632228556979014,0.20253140147896923,0.12108110840552234,0.6444704344430235,0.5464609768415319,0.5233893260375012,1.492856508899079,1.0774650375338346,1.2948427135743894,0.20342242645517422,3.4850332339620973,0.8673591238378853,3.2816108075069232,0.14870478280353328,0.1347762784751157,0.21949142710654518,-0.12688722905770441,0.44332632063514466,1.4760213018604402,0.5702135496928491,0.5365890924918516,0.5507428487332274,0.17616593634648528,0.3086144384026893,0.7617770141997522,0.32830696488516575,0.45316257579706287,0.37372217567116894,0.3964624720931804,0.18692251826321404,0.1348025259603751,0.60746201176709,0.5001643745852631,0.4726594858067149,0.44714625836621996,0.41991753249883523,0.16512200986838482,0.2518900260941839,0.6932974895580767,0.36927964123351165,0.44140746346389276,0.3209336725238226,0.27928725141481187,0.15308901281429452,0.16218064754924708,0.5487167786454424,0.4770113762460711,0.38653613109619533,0.2913251568748917,0.2558702518776635,0.13334330366753225,0.15431117455132043,0.49023279674363895,0.45771297301590724,0.3359216221923185,0.2931231811731386,0.2636799140746786,0.1296106833506312,0.15037847831783158,0.4903006006256468,0.4421713862134781,0.3399221223078152,0.9121433666094262,0.671854685638711,0.6864605094626336,0.29733020901193347,1.9218031299892397,0.7525796213530669,1.6244729209773063,0.05127046888234224,0.029295241715330076,0.14509694742112178,-0.12305891429153686,0.26360254296942764,2.8300296561378584,0.3866614572609645,0.4870614148507527,0.47463571626556667,0.1003349543777605,0.37313408912152585,0.6307908581359465,0.20600062193082064,0.25765676901442064,0.3157087575797728,0.29102636766545115,0.12379614591099891,0.17777856637747183,0.5019008587879452,0.3921213553276814,0.3241222924104734
1572,Pehlivanköy,Kırklareli,2020,0.5477433419286759,0.5898394946209423,0.2440027875538146,0.21482507274857782,0.847590232797608,0.4454691985751007,0.6327651600490303,0.38332987980862726,0.3886972944592169,0.22004095336576707,0.10739458324231484,0.6777716478838552,0.5740250498490225,0.5703770646415404,0.3575940216590043,0.36525393787978394,0.2048367832642187,0.10352835434369655,0.6309096766605112,0.5728193729691254,0.5273813223168147,0.39405309707423714,0.40242100085462973,0.19614927232680313,0.1445065268850987,0.6523979120543925,0.49777371065770315,0.5078913851692938,1.5630654545246092,1.2341683140016377,1.3039775436529966,0.2344215891372487,3.4537409264607115,0.8342437227298254,3.219319337323463,0.13646587835891677,0.15037378913700747,0.23161518581768886,-0.15819140487689679,0.443366963480503,1.6972388160542329,0.6015583683573997,0.564493053344003,0.597719822459289,0.16813596273079331,0.33199578744254615,0.7695785975975871,0.29785302358420873,0.4375828101550409,0.38225516053406916,0.4082326952840102,0.18774782991350925,0.13477665899302912,0.6191035449001496,0.49115839182183096,0.4843268859071205,0.5847251431251443,0.7011358784601572,0.2797422125005847,0.19335133048438874,0.8847386855334765,0.4784165958820648,0.6913873550490877,0.45031244538421006,0.5215260058485947,0.25295751367357633,0.11527444048778934,0.7480017534681177,0.5617377806597174,0.6327273129803284,0.4192691532260977,0.4863518928475277,0.23743174377994733,0.10360255485950932,0.701127672504353,0.566299099165801,0.5975251176448437,0.43722535746269436,0.49410567470236927,0.23503340608270068,0.12305015625269294,0.7168118407060196,0.53755666745096,0.5937616844533267,2.1185908183249396,1.7968546015148592,1.7752367968293896,0.20252412447113144,4.702294025442451,0.8379328284982268,4.4997699009713195,0.22762265055947634,0.2870986293526742,0.25066848216067844,-0.11518967376775335,0.5136553084623756,1.1012457747265374,0.628844982230129,0.5859547948908509,0.6543453430129477,0.2024439396883924,0.30667794851073366,0.8105917857160934,0.3454941259181995,0.5039138372053598,0.4246223855729629,0.50585622115799,0.2147262043538783,0.1309138291898697,0.6621084830994416,0.505687433469006,0.5311946539095719,0.39929652705579916,0.3652130390934918,0.15193635996282068,0.22859079062056922,0.626991984010894,0.3805100963014099,0.39840119339032476,0.2638632497403687,0.22460015052466553,0.13073276393204322,0.13087626352315637,0.4589989925203747,0.495456506583161,0.3281227289972183,0.24399598603661804,0.20900325741067838,0.12107692830203086,0.12304350688599167,0.42376759716859874,0.4962250825054969,0.30072409028260705,0.2526799738207105,0.22069528480506048,0.11521239105451055,0.1348036074569741,0.42779429208657976,0.4559617025141046,0.29299068462960565,0.7160971891313266,0.5156800267720122,0.5350191962978449,0.26618100191989863,1.4844077743475184,0.7471320994107779,1.2182267724276197,0.03813648689132665,0.01760421202258641,0.1335440239117597,-0.11912353636612134,0.23640873994814998,3.5017390115745433,0.3555322763142713,0.44935395742064876,0.4394509890446363,0.10475642899730281,0.334106485752465,0.5957276599553208,0.23312675290236362,0.26162117420285586,0.27472251366214673,0.2441746099782424,0.11463682674390131,0.15037726825726078,0.4473473857932957,0.41728224314692125,0.2969701175360349
1572,Pehlivanköy,Kırklareli,2021,0.4823862455326109,0.4959691943533525,0.21310009202052418,0.21493304158044862,0.7616973116204468,0.4417623719458185,0.5467642700399982,0.3590729999922833,0.35550774410083635,0.20282002094709253,0.12114824494790385,0.6366913299376238,0.564843418891009,0.5155430849897199,0.32303334038507264,0.3144102079155689,0.18267679760461786,0.10739499119136509,0.5762097538475373,0.5655044689407526,0.46881476265617217,0.3111774453315445,0.31064240623032446,0.15303792782693507,0.12693329093374495,0.5175070204761207,0.49180276438056286,0.3905737295423758,0.9223650310359857,0.7654486074772547,0.699103851429408,0.20318014403045634,1.9214715361876653,0.7579470468911703,1.718291392157209,0.12816970109255418,0.13668487246854225,0.19204447710518,-0.12882749870852203,0.3789964366261776,1.498360965720755,0.5078239353346996,0.49557877980087206,0.5136323671901138,0.15173730299203061,0.3027381015177912,0.6893907496833312,0.30618200208854784,0.38665264816554007,0.3434729948336866,0.3495391519536121,0.1665195489006224,0.13868444178539627,0.5644597756441675,0.4848111828449657,0.4257753338587712,0.5611024835426456,0.6445463611760919,0.25665093928418375,0.20702229146912593,0.8476391692597173,0.45740474656922003,0.6406168777905914,0.41651734187118516,0.47075337222992114,0.2256456126891842,0.12309979282950045,0.6933763471408939,0.5417436202667615,0.5702765543113935,0.3872702708468146,0.43567391356640617,0.2115867315176166,0.11132862544008659,0.6464155969581318,0.546354180647422,0.5350869715180452,0.398483154280647,0.44135987543809946,0.20608280251975125,0.12887716400358507,0.6522937824722971,0.5171681671005082,0.523416618468712,1.63089409432096,1.4212959831422285,1.302768066372458,0.2031534193041416,3.485074760823959,0.7988060481112228,3.2819213415198174,0.1884715657265715,0.2246613750735735,0.22846334177461533,-0.12305691454755126,0.4628730938267966,1.2121899709055455,0.5859300083743478,0.5598165525317692,0.6133839955817015,0.18037276888601197,0.31647790855154867,0.7694735786863859,0.32219977789201926,0.4529956701348372,0.40279783384534873,0.4629371751044354,0.1955386316132686,0.13863950816756637,0.626950876513134,0.48545105058420995,0.4883113683455676,0.4464854566754638,0.43554348963777856,0.14417418679422211,0.26372729702299247,0.6464104858244177,0.32290903239658664,0.38268318880142527,0.28577692775596386,0.26366279629759926,0.12049697817253086,0.15431835525975401,0.45516992040132437,0.42164697870721024,0.30085156514157035,0.2610796849586039,0.240252256233034,0.10875949438334961,0.13874375190965654,0.41212079201740437,0.41657586035694133,0.2733770401077478,0.2751252192892011,0.2676345889219218,0.10817450014202903,0.13871289397996295,0.41991006702146455,0.3931827857202729,0.2811971730415016,0.7733458331888735,0.6716878513088756,0.4735517869174191,0.2969837294681213,1.3906307148402732,0.612341550952359,1.093646985372152,0.05560787563278157,0.0370984071685721,0.13001397727420969,-0.09960447723717808,0.2441849447871707,2.338049705994608,0.3437894220243488,0.4698531465477971,0.47846560415432454,0.1060223391408682,0.3262478354312827,0.6034998653782337,0.22564995024478948,0.27725202994695103,0.30053289048756693,0.2870928875004403,0.10562212627925631,0.1738564871581457,0.45122075863070027,0.35144947399235127,0.2773642714725546
1572,Pehlivanköy,Kırklareli,2022,0.39633250960319105,0.3867730389986103,0.16862388805112302,0.19936138665072417,0.6288094824620307,0.4254606522688477,0.42944809581130655,0.26162390444235367,0.2480844575488398,0.14108553266745263,0.09961665558272051,0.4590369230039103,0.5392685082357965,0.3594202674211898,0.24413138556116945,0.23243138071772054,0.13103024827679707,0.09176488680079103,0.4276694668775495,0.5367202089793006,0.33590458007675844,0.24122446489173907,0.23823977309894664,0.11204903288446157,0.11342105301904701,0.39458761999348285,0.46450111490453044,0.28116656697443587,0.5623404170678756,0.48445969065292155,0.40503559966388397,0.14168156369341098,1.1400091713273854,0.7202676303720054,0.9983276076339744,0.06451924265239804,0.06642069726572043,0.14005220222466527,-0.11313629230743255,0.2460704428071655,2.170704373875037,0.35920673511459805,0.45331990681965556,0.4571070938615103,0.12571324112760562,0.30091139702640407,0.6131640684251446,0.277316833512935,0.3122526713987405,0.27488943195522336,0.26759564787100076,0.12795447728139417,0.12311868375184383,0.45111137397147444,0.46547616025572286,0.3279926902196306,0.520926741719265,0.558525307083261,0.25755679663019104,0.19139957671466296,0.8398612428007715,0.4944203781517366,0.6484616660861084,0.3963898838506182,0.41783714830590774,0.22613449540474292,0.11338286017207438,0.6835238299183065,0.5704850315755359,0.5701409697462321,0.3691518649216064,0.38668226751308526,0.21316413031032683,0.10559877034278872,0.6444981921604914,0.5774429186632841,0.5388994218177027,0.3708169634434589,0.3712258749285313,0.20956982887676773,0.1132458703159779,0.6601540502207002,0.565157070838056,0.5469081799047223,1.5251805052441914,1.0926267538806642,1.4023072299986832,0.16028140373378724,3.717772585530318,0.9194368962735756,3.557491181796531,0.16046317003002153,0.15819569013553894,0.2371289103009863,-0.13082246409617346,0.4785615164843105,1.4777777994577892,0.6093839805804839,0.533158355148259,0.5586466904586062,0.18306900268960966,0.29304625436654036,0.7694777234403206,0.3433670333060848,0.47643146907378026,0.37950839684960674,0.40818577924975374,0.1970127093611867,0.12695119920884546,0.6269594999686586,0.5191260878458501,0.5000083007598132,0.4469012272008638,0.4179567371679378,0.16427702568321847,0.25388952605797116,0.6914158114870567,0.3675913505813281,0.4375262854290855,0.3104231969977804,0.26949539292273555,0.15267015898697503,0.1523780512992931,0.5351424287725387,0.4918129845433769,0.3827643774732456,0.2860943623504145,0.2519246394867664,0.1368412812282057,0.1426186890782709,0.48631224660496836,0.47830820608970814,0.34369355752669745,0.2825868176313466,0.2519853825633879,0.12716877379370958,0.1465035739091284,0.47853213965027397,0.450016652792381,0.3320285657411456,0.8505725094073658,0.6091689633979521,0.6544036411480171,0.2972169559443127,1.7966135112462422,0.7693684358597142,1.4993965553019295,0.08925505362858871,0.0684571362038123,0.1415977090252071,-0.07992878677055523,0.29885326588605665,1.5864391232616195,0.3787820526566119,0.4825431596346892,0.47461223663918334,0.10451435060601083,0.35354757775673773,0.6269473555465774,0.21659067902886397,0.2733997777898397,0.31168177740370584,0.2870579737803443,0.12397160488435723,0.1738190068711449,0.49805178533690747,0.39775057084515725,0.3242327784657626
1572,Pehlivanköy,Kırklareli,2023,0.4384023748391777,0.4099889894756915,0.2163068731194954,0.18370945981871742,0.7461101676791012,0.49339804146554816,0.5624007078603838,0.29628435657106145,0.2618331241433797,0.1842519360834011,0.08993296012061443,0.5585368275589984,0.6218753437264574,0.46860386743838395,0.2765796353467113,0.24806264065845482,0.1707805378410781,0.08790668924960905,0.5214277973137117,0.6174732916506782,0.43352110806410266,0.2920652990862129,0.2637300803650361,0.15142974761833145,0.12306180181178845,0.5098134385469286,0.5184790801649868,0.3867516367351402,0.839734472686455,0.6091031629979494,0.7256938730218259,0.17205111896511374,1.859446598110335,0.8641944526824132,1.6873954791452213,0.006509250352526474,-0.017566949433480018,0.17980727934740515,-0.2090312626070091,0.2597291575400618,27.62334671574208,0.4687604201470709,0.48536732337841304,0.4805011904342879,0.1461941193521317,0.30869419970233514,0.6834671620096593,0.3012030524315963,0.37477296230732415,0.3042835834674242,0.28703687122285404,0.16279328271424642,0.11916359415601317,0.5332527985275204,0.5350051450661802,0.4140892043715072,0.5825589210895102,0.6738697529451825,0.284274586290477,0.2011918868613778,0.8965034397254918,0.48797568108445155,0.6953115528641141,0.4632685290550424,0.5136685024803794,0.26392860605665414,0.12696546188267815,0.7871292535612586,0.569709767669748,0.6601637916785805,0.42668550250274806,0.47081963320547743,0.24591140376453807,0.11529218367347759,0.7285173702096897,0.5763294096521461,0.613225186536212,0.4364527779134244,0.47075147803560236,0.2426820808683841,0.12695590615787244,0.7323807425163704,0.5560328474218647,0.605424836358498,2.2332108791275465,1.6561366647240814,1.9723700931789254,0.2178466810988336,5.156138050068297,0.8831992140166699,4.938291368969463,0.2232383507199987,0.26950808349231914,0.2656451358217507,-0.1289167650483436,0.5350647808522673,1.1899619172287363,0.6639815459006109,0.5775038095458452,0.6308163446249211,0.20706579564515318,0.30281119841455223,0.8144415555805039,0.3585531250572906,0.5116303571659517,0.42603468823130225,0.49018286160986213,0.21854637754908351,0.13865972653637262,0.6777115048724272,0.5129778949605873,0.5390517783360546,0.3865853911236356,0.36523463004683737,0.15094072324466046,0.20903709726771919,0.5956371189215717,0.3904460093692144,0.3866000216538525,0.2538683615159025,0.2246407555026275,0.12535959658885984,0.13479325175524717,0.4082467750774248,0.4937976352796023,0.27345352332217765,0.23739497859987674,0.2128300414774696,0.11537832199191587,0.12302587988265495,0.38079887150750813,0.48601837609372156,0.2577729916248532,0.2440901111186215,0.22847990898579568,0.11551458750572886,0.11134788605789961,0.3965393853124122,0.4732456672511069,0.2851914992545126,0.6314595476272576,0.48423711577317563,0.5295901442596623,0.2033798648804745,1.1715097196137836,0.8386762798181214,0.968129854733309,0.04265252355728438,0.021432661292554094,0.14688602075054263,-0.1269368254223339,0.255748922900634,3.4437826534054348,0.38268574832296787,0.4554079613697034,0.46290190244496476,0.1158177546203289,0.3027010416738369,0.5995316217257916,0.2543164908052787,0.2968305800519547,0.26760842706004817,0.24802503558976324,0.11107553819957024,0.1465065817313416,0.41602242026676745,0.4150674155513279,0.2695158385354258
1572,Pehlivanköy,Kırklareli,2024,0.4907868162607177,0.4727088875580979,0.2155125565847522,0.22261876337855202,0.8008137615505885,0.4391164339472941,0.5781949981720365,0.3282983453506682,0.2929517573269454,0.1910441209604814,0.1133086114250284,0.6133035358735087,0.5819222779098072,0.4999949244484803,0.30662040150663855,0.26952461701499864,0.17798291645438608,0.10555034791509282,0.5663049037534645,0.580466647293633,0.4607545558383717,0.32909871791403084,0.2928351530864111,0.1697859247779268,0.13681185707971463,0.5820521787203721,0.5159118390193161,0.4452403216406574,1.1346200500007313,0.7345201854811451,1.0445063827320127,0.203571996837027,2.7028891190616124,0.9205781113522007,2.4993171222245856,0.06654025394934913,0.05072663423720253,0.19301831148730586,-0.175666113726426,0.33981707615556767,2.900775095241335,0.5154831898819936,0.515049854503867,0.49610485845168745,0.14419213716969168,0.3399594439970945,0.7226784286160588,0.2799576311085223,0.3827189846189643,0.3379430035082525,0.3184135888654446,0.16572466756697216,0.13862131986317136,0.5801588379202216,0.4903923615714837,0.4415375180570502,0.5630227700985666,0.6368974035359115,0.27110807179244634,0.19924061492226036,0.8787959581639159,0.48152239339269404,0.6795553432416555,0.4455075901018606,0.47268825364794026,0.26034313488463656,0.12114952060036999,0.7850230833050812,0.5843741850169418,0.6638735627047112,0.4121307665358648,0.4414483622895978,0.2407275567064637,0.113344574989575,0.7225113269881892,0.5841047945288863,0.6091667519986143,0.4226734565654595,0.4493266200970234,0.23085403741641497,0.12892140353187076,0.7147722371152013,0.5461758571079387,0.5858508335833306,2.0404818155690636,1.4685182142091966,1.85368140228064,0.2185222193803717,4.843934534187538,0.9084527919518227,4.625412314807166,0.17722639700733586,0.20111452013158462,0.25164068044270016,-0.15425805492577532,0.501944998124536,1.4198826173297654,0.6562030530503113,0.5741108978921656,0.6230370312024958,0.1952272662373069,0.3144239061623247,0.8065755215224042,0.34005148997184886,0.4921516153600795,0.41282549492847387,0.46296379581440816,0.2119151648702991,0.13478763966888985,0.6660492705786177,0.513328676338208,0.5312616309097279,0.3844348523903414,0.3300948091359615,0.17259473390620794,0.20509726398337944,0.6504480730011445,0.4489570413115443,0.445350809017765,0.2681045421925327,0.2206797759844979,0.1390566014623666,0.13870054894294886,0.46284781988020635,0.5186655933732988,0.3241472709372575,0.2558856494874292,0.21288069116043323,0.12446636727887393,0.13873863727886573,0.427748319441808,0.4864140194192037,0.2890096821629423,0.2530365440729742,0.2089731393836541,0.13061714967472587,0.12303124309590664,0.45515151195786674,0.5161987575875866,0.3321202688619601,0.7147782476190828,0.45306275831620135,0.662182391070837,0.20305894592153492,1.6092932277276015,0.9264165400619815,1.4062342818060667,0.01676538488465262,-0.021484509569270886,0.13409752251126897,-0.11912758668461376,0.2285153473319626,7.9984756349986705,0.34764293401657637,0.4752314573042377,0.45501525502072376,0.09695296932150672,0.37309752466412077,0.6152568125790456,0.20401210364203343,0.24215928791492486,0.2762326081376946,0.24019936220028676,0.12314571918202268,0.1504076466138805,0.4590187650300432,0.44580442552472954,0.3086111184161627
1577,Pınarhisar,Kırklareli,2017,0.29209153353901757,0.2772542354311194,0.12181504172992873,0.16025115436298978,0.45691834184337776,0.4170440692135182,0.296667187480388,0.14779938111712035,0.14651983371370356,0.07584598859615638,0.060616928499994706,0.24410620655756035,0.5131685127697111,0.18348927805756565,0.14692996674575,0.1465050348076524,0.07269751982135947,0.06445811218843747,0.24021351639659022,0.49477667103237305,0.17575540420815275,0.18208174525211845,0.16791430186568954,0.08314028060865365,0.08991243196940554,0.292826338410194,0.45660964251816644,0.20291390644078847,0.3831227067795873,0.3206003631115185,0.2619777611003489,0.13319447029740658,0.7420795384386834,0.6837959652729908,0.6088850681412767,-0.09445836322920072,-0.09954525904509272,0.10735521460776025,-0.23629187245395872,0.044855879021738605,-1.1365347750867296,0.2811477514756973,0.4236078836252352,0.42581175623201756,0.07395213991355547,0.3319061764394559,0.5115271569166645,0.17457687350073195,0.1796209804772086,0.18578601631660077,0.1856177765257627,0.08249102841053604,0.09183920581137905,0.29493168721900537,0.44401096512001115,0.2030924814076263,0.540542799523433,0.5977559910931598,0.28095585378481436,0.17585376265913386,0.8710854275524926,0.5197661573376202,0.6952316648933587,0.4262044761144735,0.4414383462321514,0.26046235253066696,0.10552715160417406,0.7616637575656251,0.6111206407431298,0.6561366059614511,0.3966668423504495,0.41021653936215224,0.24004605594639677,0.0977210320016415,0.7070247664570564,0.6051578562100219,0.6093037344554149,0.3970614157880427,0.40246542987065365,0.23132322401063793,0.10552091708590927,0.6914117645425196,0.5825880199201267,0.5858908474566104,1.8411660200398494,1.2807345506852006,1.647920705927664,0.1593213040559133,4.343296046479683,0.8950418854091153,4.18397474242377,0.1426643104720818,0.14456507405567845,0.24783673058206002,-0.16793387479158006,0.45699934919406526,1.7372020357576365,0.6249332239856453,0.5607519928404724,0.5899282820682319,0.18959165686347035,0.31649534813196756,0.7929262970774533,0.3381025110639367,0.47643094894548577,0.3974372141937959,0.43163100583689523,0.2154748884965971,0.11914060909637708,0.6581807919861485,0.542160826418053,0.5390401828897715,0.5052726681668922,0.5038611252752696,0.20520361955540253,0.23047297012262039,0.7852118370924194,0.4061245194597059,0.554738866969799,0.3962199914075402,0.3554344902200467,0.21985485626652607,0.13668900210167875,0.7304382270729617,0.5548807759182192,0.5937492249712829,0.35537443560113596,0.32417278157566776,0.18684107314164217,0.1288642920837636,0.6289148263598165,0.5257583394415806,0.500050534276053,0.33024940249329116,0.3241878005217476,0.1529112041724186,0.1367501505805303,0.5428999588989292,0.463017353000434,0.40614980831839886,1.1479553440436299,0.9367382034916046,0.8486504049514509,0.3126097716665052,2.436663449137102,0.7392712698754567,2.124053677470597,0.10873345727626281,0.10548580351137944,0.1505613564434658,-0.08979785829026862,0.30851676218421303,1.3846828769633381,0.39831462047448163,0.5264801242123774,0.5351330946817714,0.11758499200474024,0.3711602797596992,0.6757460892103851,0.22334174947373225,0.304585809450686,0.3635209501092539,0.3476556331795098,0.1599741184911068,0.16014084052924796,0.5898653609281321,0.44006849795872177,0.4297245203988842
1577,Pınarhisar,Kırklareli,2018,0.46449621641313177,0.4648114597620728,0.2105931823219497,0.199205262341366,0.7460983049631977,0.45337975828557475,0.5468930426218317,0.2931862894855538,0.2773402158157138,0.16432646171774606,0.09767055910269003,0.5195507066611398,0.5604848098664005,0.42188014755844977,0.27335291193207806,0.25390263676351554,0.15400220519998814,0.08988623793271905,0.4883378445354918,0.5633823474258587,0.39845160660277273,0.28630724629457427,0.2773481542123441,0.14744148384116107,0.1055310115215298,0.48826150167265453,0.5149764309124829,0.3827304901511247,0.9157551678154103,0.7030367825660926,0.7096424057586856,0.20359223429788634,1.9213488501572666,0.7749259089103268,1.7177566158593802,0.09168262711647021,0.082065477240674,0.17212236270128964,-0.12105710299998564,0.32416703462677854,1.8773716255167052,0.44522413762676416,0.4972807627196752,0.5039136480925075,0.14061404286792803,0.3165219483930313,0.6836054298337377,0.2827659008944899,0.3670834814407064,0.31169135935924724,0.3086419006019574,0.15343461255822763,0.12116624327692842,0.5194616993777679,0.49226456862213797,0.39829545610083944,0.5103151095087741,0.5586160127919536,0.23774318197990577,0.19147278146702942,0.8007543110239677,0.46587525540593094,0.6092815295569383,0.3675913817817403,0.3945561895204008,0.2008112855950558,0.10547055407179264,0.6210134511753944,0.54628942773824,0.5155428971036018,0.3526976543103243,0.37899277667568493,0.19024393896959285,0.1054573622622342,0.5975768788256689,0.5393966663645712,0.49211951656343467,0.356670440570562,0.37110423891713396,0.18725249964596838,0.11335272214772953,0.6055024470653434,0.5250014532923516,0.4921497249176139,1.3270492389118023,1.1092263762805226,1.060998413257746,0.23420710785492005,2.858923976909475,0.7995169901365367,2.624716869054555,0.12246889045673948,0.1289163594693354,0.21780247578665263,-0.152292510272893,0.41801470537539,1.7784310364401357,0.570307215648283,0.5444636949714587,0.5741874492097582,0.15734188025510315,0.3321374447093707,0.7382198884416542,0.288985072298257,0.4060824437322835,0.36878722162289795,0.40429842846486064,0.17903535166618753,0.13085403750197389,0.5918077952422255,0.4854705943397884,0.4609537577402516,0.3979263763657806,0.363257409862885,0.15215737745472496,0.23056657482132753,0.6287850014420782,0.3823757018681751,0.39821842662075063,0.2855835560667065,0.24606836149220046,0.1372087481387703,0.14462633107235068,0.4961921558438535,0.48045045039890577,0.35156582477150283,0.26733797868788145,0.23824026918669886,0.12083241367245315,0.14463776180700924,0.44925353335308366,0.4519837183834088,0.30461577154607444,0.2591231814903601,0.23044173088588127,0.11213365454088357,0.13687817791953527,0.43357865405860624,0.4327426589004549,0.29670047613907097,0.7322094220141867,0.5465942304972322,0.5155713925214281,0.26559545158733533,1.5157055223179499,0.7041310546143708,1.2501100707306145,0.017880760132760628,-0.003961104811047046,0.11088637296175542,-0.11323400007833197,0.1835265606494947,6.201435069787246,0.2967605607278267,0.47360262382736606,0.45697446426897576,0.08333796838548221,0.3790486508698387,0.59762826878299,0.17596601917446286,0.21857961791315134,0.28794460449315645,0.25976195041744565,0.11419782985529625,0.16213603790654296,0.4628819471756015,0.3965965261141414,0.30074590926905853
1577,Pınarhisar,Kırklareli,2019,0.3785663364967183,0.3554955576141575,0.17399139929902824,0.1759035784341491,0.6288684770415487,0.4596061047296437,0.4529648986073996,0.23193095354390522,0.20709899060394915,0.13617910392693292,0.08204366825142895,0.4256710216306477,0.5871536414010983,0.34362735337921874,0.21957215323012222,0.19923730748438728,0.1273468686525984,0.08196730519538023,0.4023081356987643,0.5799773185224117,0.320340830503384,0.2502112015125469,0.23044267676352076,0.12448796332199785,0.11337228069681933,0.4257085542688273,0.4975315356365266,0.312336273572008,0.6424273938866855,0.4842585386041342,0.555388660587204,0.17244100580478766,1.328017568217393,0.8645158439261172,1.1555765624126053,-0.050895087670650145,-0.08203093410993392,0.1563613146263669,-0.23043648594232835,0.16798408240476223,-3.0722280240129414,0.3984205683470906,0.45643609613062797,0.4492207473568065,0.11307066687888608,0.32425882573357734,0.6132198861499123,0.24772507660420934,0.28896106041633496,0.25529925684943683,0.24020371735311605,0.12766131295282598,0.1113378802149367,0.4355124905730524,0.5000457679675678,0.32417461035811573,0.5629044837309282,0.6055062186271619,0.23176646989470656,0.23830418255872707,0.8398121001539094,0.41173320979530936,0.6015079175951823,0.42368974877654014,0.4413693530504227,0.20571589215219094,0.14455067547393363,0.6835522761121585,0.4855342682852786,0.5390016006382249,0.388762065619779,0.40815857176378023,0.18671772874368456,0.138668258075337,0.6269647607257873,0.480287932532749,0.4882965026504503,0.40437760276089413,0.41015728603375484,0.1992334653731637,0.14454843077419519,0.6679595762481242,0.49269164269458604,0.523411145473929,1.7610682019142232,1.3280417603975594,1.399697919676528,0.29691671853681995,3.8902900810711545,0.7948005183189967,3.5933733625343347,0.15961010361920958,0.1523011669953216,0.21850761774156047,-0.11320126627062854,0.44922907704517406,1.3690086829519632,0.5624303433158027,0.5663152448874428,0.5820766614514774,0.1609524207515666,0.3477392530294594,0.7694966575978937,0.28420993820068624,0.42175740456843425,0.4055510185089606,0.43555378069348094,0.17376353381757914,0.16214307452841323,0.6152266601305153,0.4284628219069307,0.45308358560210205,0.43947440372895014,0.41800254254194846,0.17050088667065394,0.23039894120577017,0.6914055661136622,0.3879654542424999,0.461006624907892,0.3324659884940168,0.3008082299591951,0.16542851362323086,0.15231374452091614,0.5742013985175378,0.4975802618865718,0.42188765399662165,0.30338191381602364,0.2773102381500018,0.1433655175294223,0.1445955766830285,0.5117467510461723,0.4725578915569825,0.3671511743631438,0.2976689473437198,0.26949123951627424,0.13467715629407515,0.13674482791901507,0.5038696755912696,0.4524393877691339,0.3671248476722545,0.9517754846345495,0.7342068477486806,0.7116879325072716,0.26541587247740867,2.046887737516288,0.747747703105146,1.7814718650388792,0.05874037136944185,0.04293455970914715,0.14039649897374049,-0.11325242086467223,0.26173161273288037,2.3901193625544237,0.3749840335975526,0.49200600040228254,0.48043141163709074,0.0980357427731964,0.3790171710958244,0.6366722564314122,0.199257209654026,0.25765508533558784,0.31917599134766467,0.29883304750876827,0.13036829599383237,0.1660189137594104,0.5137172235146705,0.4084527017316531,0.3476983097552601
1577,Pınarhisar,Kırklareli,2020,0.4937029040549418,0.5117699338680689,0.24749045450415497,0.18365833953273045,0.8163759352030462,0.5012943056875617,0.6327175956703157,0.3371408200183446,0.3242244179770256,0.21278460682117664,0.08200249424140563,0.6288275063440707,0.6311445965208204,0.5468250121026651,0.31766160079249256,0.3008574875579056,0.19716567589904538,0.0819778443294283,0.5898057906446096,0.6206783426361966,0.5078279463151812,0.3457673132746213,0.33989713293322943,0.19052694170593368,0.11336402612306909,0.6054631401097597,0.551026468932331,0.4920991139866906,1.2832058703667344,0.905881329946173,1.141472565596123,0.16073603346791435,2.968381695878917,0.8895474934742119,2.807645662411003,0.05797794132263469,0.04302260356642198,0.22158797444587405,-0.21479941193378022,0.35541052571901854,3.821935884421714,0.5702099376527987,0.5421432319310391,0.5586280053279423,0.15748517437600001,0.33991199613985223,0.7460547592842218,0.29048628683431066,0.4061427631443696,0.3447620709442043,0.349607909887569,0.1870429376564982,0.11130061684455113,0.591802594051212,0.5425275963340205,0.48050197720666094,0.5463426474589697,0.6132045385492607,0.2839372299493633,0.17579380960920035,0.8710354781052505,0.5197054106428457,0.6952416684960502,0.4172993185631646,0.4413971373404544,0.2611297157249333,0.08978749554251382,0.7460344863137982,0.6257611841400775,0.6562469907712843,0.38958597435849934,0.4102361145401072,0.240436488588958,0.08976283295857232,0.6914066803891127,0.6171589954819752,0.6016438474305403,0.4017275258840221,0.42584310143599957,0.22812769425097465,0.1133321429557363,0.683543981994615,0.5678667244644686,0.5702118390388786,1.7746301638231008,1.3438784258570016,1.5257077797751488,0.15992124478679898,3.9683931397865955,0.8597328113077395,3.8084718949997964,0.1443935413174317,0.16782733500909516,0.25974947288687783,-0.19140457849037326,0.4570165050073115,1.7988995249853321,0.6484210834976848,0.5720496822271662,0.6054894739424459,0.1869892419788584,0.32429326774291367,0.7928878657155208,0.32687587772245846,0.46859459797260716,0.3962320140428134,0.43945558170303267,0.21772142502065567,0.11133083949899839,0.6543055709977401,0.5494796414838166,0.5429747314987418,0.457314368494877,0.41792778729170765,0.18459294874755108,0.23831890898937538,0.7383214771272527,0.4036456351788976,0.5000025681378774,0.3514397526367533,0.30076742462669925,0.20459077798800682,0.13679660708524546,0.6678550438116948,0.5821503584982061,0.5310584367264494,0.30594171472949255,0.2616942540711683,0.17647704238533757,0.12112660223437535,0.5742192255330916,0.5768322327060728,0.45309262329871625,0.30614605285902813,0.26955856305606213,0.14462662483245942,0.14462577018766828,0.5273466082296332,0.47241054876201855,0.3827208380419649,1.041637770378325,0.7341157363137674,0.8082132082603761,0.2973752034842434,2.3280599587125264,0.7759062039069795,2.030684755228283,0.050996165077125385,0.02733558326686473,0.17091547316433153,-0.16014041164976647,0.3007000824047192,3.351535804816755,0.4608404940544857,0.47201333201434315,0.45700882803314674,0.12214692831659302,0.32425608579175785,0.6523008464863689,0.2587785556719854,0.328044760694611,0.3247001961950671,0.2949050381345677,0.1493336026778125,0.15428824239376784,0.5527434782100358,0.45991226499936805,0.39845523581626796
1577,Pınarhisar,Kırklareli,2021,0.45019420394412973,0.4492241089057544,0.22335771026941678,0.1758581520684114,0.753913502608711,0.49613635251762606,0.5780553505402997,0.2995028712742157,0.285229283861909,0.18089430153367858,0.08983786174984167,0.5507118075332029,0.6039818608885965,0.46087394578336127,0.2828372589399694,0.26178259926543346,0.1713423305510574,0.0821503947190485,0.5195306807166793,0.6057982996767192,0.4373802859976308,0.2971116498586477,0.285155110733629,0.15393659087327202,0.11335710636277518,0.5116845996276824,0.5181102489468458,0.39832749326490724,0.8651968823766675,0.6720033059423511,0.7139381135489387,0.17202894185424755,1.890521754954411,0.8251741633508596,1.7184928131001636,0.03517749664140174,0.019509166251741476,0.18478081035726718,-0.19140105109931885,0.2851343637631255,5.252812962813039,0.47653541486244433,0.5023913852760151,0.5038417189861271,0.14258108800759298,0.3242481185807435,0.6914008854021434,0.28380480276201103,0.3671527668213999,0.31148181406550074,0.3027950230136901,0.16610987877533015,0.11134028173198199,0.5409848128811324,0.5332891721903202,0.42964453114915047,0.5289836550094583,0.5743310627424588,0.27267162320477756,0.17579726313580593,0.8554752796308617,0.515463229577296,0.6796780164950558,0.381354349854618,0.394598033425259,0.23213467666097823,0.08986739467284752,0.683647001787135,0.6087112333961153,0.5937796071142875,0.3580419940692598,0.3633443004920422,0.2160923193329731,0.08982644370660982,0.636654674889543,0.6035390342820293,0.5468282311829331,0.3785019997751146,0.3789853199927034,0.2185923798440597,0.10553906167007453,0.6601817577556611,0.5775197488360311,0.5546426960855866,1.6147201629354655,1.1406021242166922,1.428123300517093,0.1725409844982225,3.7340354254042576,0.8844401236192218,3.561494440906035,0.14485610168194993,0.15235256132267527,0.250636067633953,-0.17574567181284279,0.46477713929548614,1.7302417000303965,0.640522811108329,0.5550579183929687,0.5820640025036135,0.18169525255682176,0.3164712063416633,0.77733584102262,0.3273446725755663,0.4608646346809567,0.37651536902301136,0.4042626412071845,0.20405537333156556,0.11520334197231899,0.6308236942743576,0.5419576201126982,0.5156203523020386,0.5183295020632361,0.5117205760165414,0.16175296573026804,0.3007852215192365,0.746016674063046,0.31206590612033924,0.44523145254380947,0.37764150992631806,0.3632643112756675,0.14681286454290185,0.1914166348572475,0.5819670340390398,0.3887625186424729,0.39055039918179235,0.3412083601422492,0.33201715368602824,0.1300376053125234,0.18363706597789378,0.5272905536810563,0.3811090831957076,0.3436534877031625,0.3456045992644063,0.3319995827420202,0.13039979998786497,0.183653593164015,0.5351232206171647,0.3773092148235621,0.3514696274531497,1.1893921193511436,1.0154728529905266,0.746118470195301,0.42209528662039475,2.234055384794619,0.6273107565252203,1.8119600981742243,0.12605715554726246,0.1210980451357154,0.14911233720050013,-0.0663440148961288,0.33200664485722625,1.1828946683204637,0.39835065975335504,0.5216621605630063,0.5195241210449232,0.10990707685575879,0.37896443066861535,0.6757491337668415,0.21068631226221404,0.2967847030982262,0.3664850922248987,0.36134791613539474,0.12080139648804697,0.20903867592803896,0.5370868428481188,0.32962158366298705,0.3280481669200799
1577,Pınarhisar,Kırklareli,2022,0.3661249864045863,0.36327332129844453,0.1625217071625708,0.17587112240630715,0.5898675229651219,0.4438967926187268,0.41399640055881476,0.225274414157938,0.21488923652788136,0.1257835578065049,0.07437876708445755,0.402261238793619,0.5583570521165315,0.32788247170916146,0.21379988647727188,0.20506069536800353,0.1168487108250563,0.07616607691149699,0.37697305529655417,0.5465330817071222,0.3008069783850572,0.23096746983380292,0.22269722687541682,0.10686974622474163,0.10562263769251767,0.3788657458708513,0.4627047536245767,0.27324310817833364,0.5371319893574781,0.4528059737311435,0.38556927825847076,0.1424458590862448,1.077941719377684,0.71782966923957,0.9354958602914392,-0.026316060651835577,-0.03522527176712928,0.12956275099069206,-0.19135685533430527,0.15228954376033912,-4.923333803825038,0.3436463990946444,0.45087429683104097,0.4492554058157615,0.10702790587122371,0.31646510244239473,0.5898323327695759,0.2373785922672167,0.2733672303271812,0.2486483908991825,0.24413432247865838,0.11928144526256375,0.10743937480835297,0.41211053536282294,0.4797193532248831,0.30467116055446997,0.5094835512243607,0.5272236218638681,0.2590195238993771,0.1914268809725751,0.839851685421979,0.5083962441513896,0.6484248044494039,0.3979407943162446,0.39447526634861396,0.23680313608457232,0.11336513971607419,0.7147535532632088,0.5950712755937866,0.6013884135471346,0.36841456977324166,0.36327927890633044,0.2150146938377562,0.1133661089549166,0.6522814687371993,0.5836215814431478,0.5389153597822827,0.3665888442946305,0.3554440711850578,0.2114583818807599,0.1134070113732245,0.6601444964974542,0.5768271052754924,0.5467374851242297,1.5237349258314927,1.0158465113970305,1.3789996577193788,0.2036164242258744,3.671820252564914,0.9050128302118344,3.46820382833904,0.130387150663962,0.10538306774219182,0.23085463610498722,-0.15229341881309263,0.44144145771953097,1.770532103274143,0.5937348765326236,0.5370244623100987,0.542963650078933,0.17483202463801548,0.31645967563429883,0.7616916389651862,0.325556910174905,0.4452319633308874,0.37431989580630387,0.38474695796855923,0.19672725935462387,0.1347749822020535,0.626961622362394,0.5255591849609369,0.4921866401603405,0.49534777858650736,0.4726446924559198,0.19287682468412543,0.25396038945522964,0.7773524988880011,0.38937658150906895,0.5233921094327714,0.379212651511696,0.33200954626330537,0.19913775486638144,0.15240059974566142,0.6835469803619619,0.5251347867022297,0.5311463806163005,0.35375697812121626,0.3085468964679029,0.1778236867053183,0.15235582907350917,0.6210810774475225,0.5026718840988808,0.4687252483740133,0.33281719559886447,0.3007462514713284,0.14958119264954908,0.15240268904616402,0.5508248964347973,0.44943949599838356,0.3984222073886332,1.1287565690946815,0.827948950975035,0.8410327154771932,0.29676423812446073,2.4533587459618933,0.7450966297824011,2.1565945078374327,0.09446940850651876,0.06635971416644296,0.151800368720308,-0.08977254255128497,0.31641797513890574,1.6068732843800242,0.4061905176901907,0.5328800777444137,0.5195229514269691,0.11145090199637227,0.40245577105914415,0.6835757312058285,0.20914818671421168,0.28111996014668433,0.36378481144086494,0.33790217129549943,0.15349365708380397,0.17773321148923046,0.5879141236781386,0.42193530971194804,0.41018091218890806
1577,Pınarhisar,Kırklareli,2023,0.4051922540278548,0.38680272813568223,0.19769003106756627,0.17583692639294854,0.683579796274026,0.48789193056483293,0.5077428698810774,0.24882950981515847,0.22460344893410447,0.15312943417233896,0.076174718416162,0.46677083236561195,0.6153990106964815,0.39059611394944993,0.2359602222590066,0.2128955569066571,0.14203908022962314,0.0722809547734758,0.43553498158449505,0.6019619699870897,0.36325402681101926,0.2656530767848985,0.24611197716686042,0.13398452881618353,0.11338028292232605,0.45703904908709014,0.5043590326065446,0.3436587661647641,0.706321530202218,0.5155470740132215,0.5514754018318773,0.1720092191404973,1.5152375080408615,0.780771048666733,1.3432282889003642,-0.03870702640690409,-0.06641564718145575,0.1597054518090984,-0.2304329128289987,0.1835906149897703,-4.126006739195343,0.414023527818769,0.475936555149525,0.4726418665862255,0.12444269439671772,0.3242695630668856,0.6444746440939524,0.2614690824864704,0.3202050810270668,0.27183357229646277,0.2558868905067257,0.14379762247155248,0.10351303582431334,0.4745665951804099,0.5289914018226057,0.3710535593560965,0.5708865317181891,0.628859371087399,0.29677289262661916,0.18361954191538815,0.9022897556081585,0.5198456718420488,0.7186702136927703,0.44827870452702534,0.4570277262820107,0.28062604975132804,0.09768021674821072,0.8085866565379976,0.6260079877035737,0.7109064397897868,0.41949082706182783,0.4258289840098193,0.25925633345682925,0.09766483449107406,0.7460404843910612,0.6180262278264741,0.6483756498999871,0.42076769200331143,0.41793057962682645,0.24935654143934863,0.11332122866697412,0.7304142521071082,0.5926228324521318,0.6170930234401341,2.178221464584507,1.3435178203689793,2.008316939700914,0.21691954258973578,5.15594886738163,0.9219985076604679,4.939029324791894,0.18300047961486648,0.18351140736757873,0.27817161617924535,-0.16789709023125007,0.519464459024412,1.5200594925470754,0.6873615492556621,0.5846478100937298,0.6054467705739731,0.20109677368559808,0.3242578418745719,0.824161397519698,0.34396224566950584,0.49990355564512606,0.41802767929162626,0.4511288392725474,0.22927149463745636,0.11913890093935035,0.6855585909982291,0.5484600805046477,0.5664196900588788,0.5249036846375985,0.5586347493288076,0.19953174143565586,0.20702490416602162,0.7617094470137638,0.3801301977398303,0.5546845428477422,0.3830662548687784,0.39453125792212984,0.15985011294401713,0.1444795758407081,0.5819365423496776,0.41729103232748793,0.4374569665089695,0.3646780577506121,0.37888283109023574,0.1494768557935006,0.13664571958482544,0.5507725762593954,0.4098871665476553,0.41412685667456994,0.35823437744124265,0.3711489803560431,0.1548704494848503,0.1288912628668111,0.5507454160727764,0.4323159898584888,0.4218541532059653,1.2261563797879436,1.0939610497577976,0.8244925067553277,0.2803199836581081,2.343507785654106,0.6724203538360407,2.0631878019959977,0.14325211695732495,0.1679873806423556,0.17589156478016701,-0.11324838798922703,0.36323836334966264,1.2278461813766104,0.4764867513388897,0.5548685337092063,0.5820713310743922,0.13657886638682826,0.3476426857894667,0.7147973260857008,0.24614635375666494,0.36715464029623407,0.3813795296278983,0.4042684153817968,0.14472929353908143,0.15042152452593543,0.5566358261201347,0.37948888782858875,0.4062143015941993
1577,Pınarhisar,Kırklareli,2024,0.4125887427363632,0.37113215427412666,0.20819096390872652,0.18365319079448023,0.722632874697709,0.5045968111683474,0.5389796839032288,0.2607420356725311,0.21489506471531758,0.17096265552702009,0.07433482858666689,0.5195683127217604,0.6556773827666745,0.4452334841350935,0.23983114172304945,0.1992233797950626,0.1533773417698647,0.07428588198650109,0.4726294920653875,0.6395222099512862,0.3983436100788864,0.2708886758439621,0.2303966702247876,0.1536019448246344,0.10561098864112714,0.5038664714078458,0.5670297746706567,0.3982554827667186,0.8068672879125997,0.5301785061584473,0.7725586536307346,0.161462592354992,1.9055373226231758,0.9574792102792729,1.7440747302681838,0.011813631101371326,-0.035232541181330485,0.187855788902456,-0.20701402043829262,0.2851533302594035,15.901612915663982,0.4921673506976961,0.4729556003514387,0.45701018194619103,0.13255710059300263,0.3164974002917082,0.6601444743719187,0.28027387876262283,0.3436470740802105,0.27647377111401145,0.24608831119567023,0.15293348944567048,0.10551629287314157,0.5038888195436253,0.5531573169832599,0.39837252667048373,0.5345393006167343,0.5586631417842868,0.2749205247531436,0.19143253460354845,0.8790038677130773,0.5143130251338847,0.6875713331095288,0.40860331378555603,0.4022997546997669,0.24746961159284347,0.10547178884878536,0.7381957874803187,0.6056475883666498,0.6327239986315333,0.38094616026298384,0.3710760350859474,0.22878902168800444,0.10548416247382263,0.6835499695946319,0.6005809890039615,0.5780658071208092,0.39415022816123996,0.37897443477553916,0.23195034854434038,0.11335692791532673,0.7149094640959017,0.5884820861995126,0.601552536180575,1.8565587354969282,1.0929827647769166,1.7675204577238108,0.21894100724664117,4.7185129145641955,0.9520412276376027,4.499571907317554,0.1469169087985905,0.12102407912103527,0.25841172339983104,-0.1679125620562058,0.496069737009984,1.7588970902872016,0.6639822990661899,0.5593260496892636,0.5585833280157779,0.19012165600300795,0.32427671642197436,0.8085941968306932,0.3399120354015891,0.48431748040871886,0.38930908467016495,0.4003959939069162,0.20920481634729618,0.12696530630024971,0.6542766603947472,0.5373746069258598,0.5273113540944975,0.4020667094696295,0.36328965099195765,0.15508290165654617,0.23833951033651662,0.6366839172412752,0.38571435536435655,0.39834440690475853,0.2960603393504661,0.2695322911378475,0.12721200911685968,0.16016528527172177,0.48045790960439083,0.4296827106121447,0.32029262433266903,0.2804484632530085,0.25193261716573806,0.1123792127404223,0.15822412898828106,0.4433619329795848,0.4007125282017988,0.28513780399130373,0.26950633963152826,0.2382451532429676,0.11907778409274507,0.14460263814317942,0.44926651582451266,0.44183667165510615,0.30466387768133324,0.7737545191045203,0.5467972719444233,0.5813067844488617,0.23507907483988222,1.6719031211894897,0.751280632417654,1.4368240463496074,0.06565998144237144,0.06639862576824333,0.0977364240047195,-0.0663686463147401,0.19134696152756792,1.4885234789550006,0.257715607842308,0.48939422206006933,0.4725697236233032,0.09025668344775097,0.39469744116317557,0.6131879883903525,0.18442531476530727,0.21849054722717692,0.29588839434366604,0.26759454051591464,0.1113474308824068,0.17385662462782764,0.4628595002292386,0.37631564133968665,0.28900287560141097
1596,Saray,Tekirdağ,2017,0.34390787828944164,0.3241975297294361,0.13621859949972154,0.19929363876560008,0.5428799401914369,0.3960903721579664,0.34358630142583685,0.19275993272860398,0.167957532761452,0.10033385570111475,0.08197844881895301,0.33979113140636535,0.5205119875320751,0.25781268258741236,0.18361073368615077,0.16210259017540232,0.09536826207848838,0.08004431286046033,0.31833758779355986,0.5194046130304294,0.23829327493309954,0.21781445268593524,0.1992162530299522,0.08707043360283996,0.12124210047289634,0.33980674717178133,0.39974589623942935,0.21856464669888498,0.4532747141214224,0.35936865008562957,0.31463787041603936,0.14245608093821252,0.8901232592008342,0.6941438836399657,0.7476671782626217,-0.13373227252421674,-0.14453690915847664,0.12618004131532926,-0.2929635672088609,0.03507979146667777,-0.9435272349273816,0.3280433586755387,0.4250522561281577,0.41010419879706106,0.0871949332622258,0.3321273763718578,0.5506754849521776,0.2051393258242949,0.21854810858031976,0.22376265045095012,0.20511907348028333,0.09897125064566865,0.11521342673752015,0.36523651660853046,0.44230460466128435,0.2500230898710103,0.55938521251343,0.6367280460652681,0.29661342170275723,0.1680329887091093,0.9023413036326275,0.5302489502180682,0.7343083149235182,0.4250361706851146,0.4648722032834762,0.25281373353582764,0.10550500922983054,0.7461576389800663,0.5948052212316846,0.6406526297502357,0.40371432137405355,0.43945156124422047,0.24653309042282429,0.09181852938071532,0.7128782532769543,0.6106622365630767,0.621059723896239,0.41025496151803004,0.4257594330959434,0.23830538512110672,0.10550775762207304,0.7148608987340883,0.5808714274638543,0.6093531411120152,1.984201556155156,1.4059779737302995,1.853978448390159,0.15589908440060524,4.843663877156052,0.9343700203434302,4.687764792755447,0.13257058797458693,0.16012110274332672,0.25825118670500147,-0.2148541077724674,0.45702484037271957,1.948027768832909,0.671878948145187,0.5723837132383538,0.6132721833690277,0.21054933291246444,0.29304563280365353,0.8241725493546862,0.3678464778832497,0.5311269165510326,0.40727608951045285,0.4589994861160704,0.2256255329327643,0.11134539440492461,0.6777519345903659,0.553986690463383,0.5664065401854412,0.5887478280369133,0.5898087615979459,0.16460522321680218,0.3711989881477582,0.808617321458316,0.2795852746763454,0.4374183333105578,0.41515860371121127,0.3866604621687574,0.1758230666221449,0.20706280100481983,0.6679556587326976,0.4235081847043914,0.46089285772787775,0.39406960782878875,0.3710870989389082,0.15974693945853038,0.20706749446989114,0.62110276045008,0.40537746703860394,0.4140352659801888,0.37682599741543704,0.3788850635362131,0.12339212117779176,0.21485804349251225,0.535145000430971,0.32745118973773035,0.32028695693845877,1.3489900438911526,1.455795388008091,0.7596516692937675,0.6432148680864296,2.3654081067737045,0.5631262237507383,1.722193238687275,0.15086399941935502,0.15229914860301855,0.13828666897912192,-0.027331193372288856,0.3319806274755002,0.916631333594226,0.35931182084778907,0.587908013156549,0.5976516942272444,0.10098441612182203,0.449272861740596,0.7069457506810681,0.17176907587910656,0.25767288894047213,0.4119179568119805,0.4043085089666318,0.1315025865338682,0.24413883863457156,0.5917824610800968,0.31924460771660995,0.34764362244552527
1596,Saray,Tekirdağ,2018,0.5453996438741251,0.5820261447550593,0.2303363239220232,0.22265367393038898,0.8319718530583364,0.422325768836005,0.6093181791279474,0.343267799255985,0.34769390834369884,0.17865154775995298,0.10548710889195254,0.5819562771955155,0.5204436540426188,0.4764691683035629,0.32859641180774435,0.33209335571610515,0.17213676465237474,0.10547801726043038,0.558558259338763,0.523854669335491,0.45308024207833264,0.34356442701972345,0.34768304905222147,0.1691435615403948,0.12116329423892427,0.574225999417401,0.4923197753843257,0.4530627051784768,1.255780930284019,1.2403610187969039,1.0001063218871284,0.2884543925712814,2.73055489856665,0.7964019024089936,2.4421005059953687,0.1347551515761631,0.16797741619109266,0.2015252702826092,-0.16021150342394372,0.37882388636734204,1.4954921420477783,0.5390353897912857,0.5513753410279002,0.5742390054232924,0.15567592404506872,0.33989390280055376,0.7382756174122317,0.28234110679460245,0.39838171461167793,0.3680702721642018,0.3867458145833583,0.1677564356784175,0.13672943016172132,0.5820044228320469,0.4557728465600688,0.44527499267032555,0.5616318896440979,0.6445813914408902,0.24742688679273536,0.20704334607954356,0.8476097896397123,0.4405499248796716,0.6405664435601688,0.40415634082970014,0.4492305807237119,0.2066565170090447,0.12106763640778126,0.6601113212884179,0.5113281572789273,0.5390436848806366,0.38518472016554206,0.42581656020447656,0.2005745666293805,0.11325614129084256,0.6366664433013665,0.52072306124495,0.5234103020105239,0.3960329515644708,0.43358014764940517,0.19112294584678813,0.12895690270452892,0.6367045756724538,0.4825935445315462,0.5077476729679249,1.5651719277340488,1.4061614309488515,1.218499260312643,0.2187444819351748,3.3433755969048637,0.7785082512160212,3.124631114969689,0.1445600962414085,0.19141693076295743,0.22807792509015723,-0.183589079058058,0.42574597608955117,1.5777377784065523,0.6093350551476091,0.5707625162626652,0.6211382233723112,0.17161891934188725,0.32424212169552724,0.7694957364262225,0.30068358459424155,0.44525361473069525,0.40255447953539225,0.4589806236751484,0.1867469387254802,0.1386626508945311,0.623042353001761,0.46390475878200127,0.4843797021072299,0.38550580260263717,0.3554475500194157,0.1387245849982839,0.23844261429254204,0.597641843289474,0.3598508350891809,0.35919922899693196,0.25927890115353436,0.23046295701973038,0.1174909348221222,0.13679093679521803,0.4335893064261912,0.45314498904231654,0.29679836963097317,0.2394610681738691,0.21481064134574493,0.10189352343742544,0.13675205205889038,0.3867364412028355,0.4255118554947816,0.24998438914394513,0.25390579683307185,0.23044831132708382,0.09996205318299216,0.15254520355002507,0.4022800319656527,0.3936974044303185,0.24973482841562764,0.6453948890113803,0.5155371446972353,0.4542712455649504,0.23590050437577223,1.2656451066527548,0.7038655764082759,1.0297446022769825,-0.04893574713731603,-0.06646096489073472,0.10303525009998867,-0.16788437826068933,0.08983925999866524,-2.105521140013799,0.25772363825935457,0.4658691778122002,0.45697510437726807,0.07631759371114476,0.37901334043243284,0.5741482303390685,0.16381764955892764,0.19513488990663563,0.2700917242804697,0.24803182721704123,0.10103004212918147,0.16214204486591352,0.41991585895322164,0.37405826631055705,0.25777381408730815
1596,Saray,Tekirdağ,2019,0.47748714659249963,0.48042615431542923,0.21095472459792755,0.214917225393721,0.7616410461070208,0.44180189163911043,0.5467238207132998,0.3185128673104802,0.30860331439567723,0.1722535824503303,0.11328065048828011,0.5586110964342377,0.5408057260130117,0.44533044594595755,0.2984037465546123,0.28518379510644004,0.16502177016451025,0.09765807064592025,0.5273710287044673,0.5530150746090208,0.42971295805854703,0.3265452598637444,0.3164137985741699,0.1551810075945874,0.1446108401242286,0.5429398214132215,0.4752205181583063,0.3983289812889929,1.0087272538689331,0.7655250435081861,0.8296678813454471,0.20359782570727694,2.2035338219060847,0.8224898040211455,1.9999359961988077,0.036429100268242934,0.03515840456583527,0.1960424418230424,-0.23044012592426588,0.29294767270971694,5.3814791026816104,0.5233877986339828,0.5118185698346117,0.5195681139318825,0.1473182102346737,0.3242800164472858,0.7069390076757697,0.2878328746107784,0.38265899122848385,0.33006555511179714,0.33009307101671786,0.15851501623393544,0.1347569176352823,0.5449154761487283,0.48025313086742577,0.41015855851344596,0.5710101326117684,0.6445472428983233,0.2562475116104151,0.21484548914161108,0.8710972882517984,0.44876175916240457,0.6562517991101874,0.41803487843061116,0.45704844685638946,0.21184234983527106,0.1367338709007963,0.6835005269157561,0.5067575955158832,0.5467666560149598,0.3876784849942852,0.42382310970596604,0.20140941624009498,0.12306114871770693,0.6425516868363712,0.519526938006539,0.5194905381186643,0.4157243892974087,0.4336170725258766,0.21495182590038073,0.13676181990892822,0.6991585801071996,0.5170536813191503,0.5623967601982713,1.9093613625535735,1.4064211932181714,1.660339885669155,0.22005113130859524,4.531966868730636,0.8695786550580566,4.311915737422041,0.15546361471165066,0.1757875659065653,0.24142155954105954,-0.16792243533416212,0.46481020905884923,1.5529135868147743,0.6327326443930114,0.5744407362593835,0.61328207150914,0.18819899152044978,0.3242703958852421,0.8086100806009046,0.32762124905339274,0.48433968471566247,0.40689359155097565,0.45508767840804804,0.18986725203192,0.14649330816251777,0.6347323321376097,0.4666263022432818,0.48823902397509195,0.46186882525883505,0.4335896245021412,0.19130430282532146,0.23047709924984075,0.738247868590331,0.4141961794414528,0.5077707693404903,0.3470117014432997,0.3007458553667142,0.18757707717471514,0.14456573612234028,0.6289482236482252,0.5405497174721772,0.484382487525885,0.31641725673949317,0.2793030643113915,0.16355711867804282,0.13868595291464622,0.5644547322597686,0.5169032825940326,0.42576877934512236,0.3136199914433664,0.28514860384805774,0.14894711837305064,0.14459088678304238,0.5350474700614151,0.47492864752516123,0.3904565832783727,1.0465608276021323,0.7654693740897524,0.8280954591169367,0.23456204434439373,2.328013118364154,0.7912540172311429,2.09345107401976,0.02566814985507696,-0.0038851927076789146,0.15534582575908976,-0.15226893304387973,0.2539169152810631,6.052085040650624,0.4061858483249428,0.5066902127216666,0.48824963112925535,0.10821896081230249,0.3868029572996618,0.6679347104453703,0.21358012863719744,0.28113175314570854,0.33319094680040445,0.31054688931780416,0.1477104561902022,0.15817351012316244,0.5527073700311799,0.44332073727887644,0.3945338599080174
1596,Saray,Tekirdağ,2020,0.5056001597402628,0.5352263212207177,0.2172095366910237,0.2148452002634856,0.7773197527202813,0.4296073339901805,0.5624745524567957,0.33171107812926776,0.3339463641347779,0.18024112098556658,0.10350587644365229,0.5683400478255162,0.5433678067131862,0.4648341713818639,0.30829352266421295,0.3105728339474202,0.16746276761781806,0.0957011914081831,0.5292458010015398,0.5431926242583277,0.4335446095933567,0.35043450440135687,0.3555226017616304,0.1600702693472223,0.1445615609947878,0.5585616977537614,0.4567765654830949,0.4140001367589736,1.1380473087332885,0.9531251547180843,0.8564422252716434,0.2033951578305164,2.3593094153938976,0.752554150165262,2.1559142575633814,0.05156398645207939,0.06644738198574619,0.20016788493331458,-0.22264058038377393,0.3085751776372573,3.88193192004926,0.5312157580210313,0.5337760283899975,0.5586309911588474,0.1448494843877009,0.33211754163223245,0.7147743032878466,0.2713675337287126,0.3826567616556142,0.344557433470661,0.3613386792850627,0.16244629478372802,0.12695661748418405,0.5527212442871763,0.4714636197148256,0.4257646268029922,0.5854806589079978,0.6913879301531866,0.27485920497926586,0.1914382076265387,0.8788821665716585,0.4694590688818247,0.6874439589451198,0.45864467035263384,0.519603481674084,0.255126902862699,0.1132764898150633,0.7616342210598568,0.5562626568113,0.6483577312447935,0.4233542570866177,0.4824397297295419,0.23673897880422887,0.1035267155542521,0.7011549589183008,0.5591982951426715,0.5976282433640487,0.42922403531871883,0.4882802588808827,0.2163624307101231,0.12895573778384833,0.6757251861398618,0.5040780872149061,0.5467694483560135,1.882779252582452,1.7191388008362782,1.4651548150837843,0.2164952827315118,3.905895927277726,0.7781872532715416,3.689400644546214,0.16406496777711488,0.23824458318159292,0.2561288873973633,-0.19919489660788628,0.4491715849645702,1.5611430695266941,0.6483664815724565,0.5861121518303007,0.6523179866714233,0.18994382414750455,0.31641775709307357,0.7928848932422263,0.32407419561998724,0.47646713614915276,0.4263993234759709,0.5019910759589974,0.21159071462396814,0.1308491950971938,0.6581900216085168,0.4962266658846892,0.527340826511323,0.47957875216293,0.4569504300817934,0.176928019172617,0.26167822328250706,0.7382955425042443,0.3689238073510568,0.4766173192217373,0.3548009901702046,0.3085722466578333,0.19431876995761194,0.1367628792522118,0.64452760513521,0.5476838434537447,0.5077647258829983,0.31356235943326294,0.2773471364524729,0.16665680532993768,0.1289394513150782,0.5586072503880744,0.5314949333560175,0.4296677990729961,0.3129958042275732,0.2910106033350531,0.13603639752353658,0.15038727553257755,0.5136833487615503,0.4346269045339251,0.3632960732289727,1.0408385584323108,0.796755100495017,0.7517197628908024,0.2970516268147951,2.1715485590896697,0.7222251297290783,1.8744969322748746,0.05715218382603789,0.042942686039542814,0.14543444157678634,-0.12881631091669582,0.26161106274374657,2.5446873914646115,0.3904273736604424,0.49303493488264083,0.48047332276711724,0.10925814138496585,0.3555392301975442,0.6444725599893335,0.22160324483086177,0.2889333297917893,0.33704651271274194,0.3144241051033722,0.1435089188791255,0.16213016451705511,0.5448784523258645,0.4257837226206085,0.38274828780880943
1596,Saray,Tekirdağ,2021,0.498577842362028,0.527367533994234,0.22310743372358513,0.20706478421950977,0.7851576615726332,0.4474876634441008,0.5780928773531234,0.35217016662711675,0.3555228876812607,0.19258766248001413,0.11326701061714779,0.6132235746219209,0.5468596739028406,0.4999565640047731,0.32523976727245646,0.326167961314889,0.17975391229019097,0.09961620359342797,0.5684019102584421,0.5526812228333978,0.4687857066650141,0.3265726328184991,0.33208318400152903,0.15183537389304472,0.13674853138636733,0.5272862194298634,0.4649360008602773,0.3905376880434961,0.9885270799990931,0.8594407842142248,0.739539327635489,0.20325886912693014,2.0467751620276955,0.748122476964584,1.8435162929007654,0.0883418325075383,0.09771373179111309,0.21604259141510332,-0.20708226769583754,0.3710489531146623,2.4455298841199404,0.5781312208104998,0.5190351688447684,0.5429950823248569,0.14784683362263004,0.3242773791206674,0.7069986683738002,0.2848493560690637,0.3827212892531328,0.35074769262271493,0.3691487005725567,0.1696140060466756,0.1308549736598646,0.5722400936391226,0.4835783944247425,0.44138511997925806,0.5760714977886273,0.6601673336685734,0.2642557457852045,0.21487083137431381,0.8710880349458598,0.45872039633900696,0.656217203571546,0.4224730110781694,0.46490680526264955,0.2313890051308583,0.12110618885634318,0.7069828348198658,0.5477012710003499,0.5858766459635226,0.39465100928420116,0.4336365271389255,0.2190942532949496,0.10551191881612966,0.6679007029129284,0.5551594906404322,0.5623887840967987,0.4163973672334163,0.44928180987138794,0.210497821721801,0.13676113665192752,0.6757974835531911,0.5055215001006576,0.5390363469012636,1.8096534483852043,1.4842270253935,1.4870366787989304,0.2344342869961241,4.015538696319512,0.8217245573321499,3.7811044093233876,0.1682269495638279,0.21486830057365883,0.2601412925964971,-0.19141771386186138,0.4804189480623604,1.5463710973240676,0.6718366619242218,0.5761933431483893,0.628857045374092,0.18411745712490518,0.3243265193077833,0.792910588975077,0.31954110423918713,0.46858406966729377,0.4111337786526533,0.46679708403988346,0.20130250335687777,0.13868499416485436,0.6464341995716326,0.48962774116146834,0.5077492054067783,0.5030293677360289,0.5117316651744466,0.17246406710271073,0.26175308778458184,0.7304788977354122,0.34285089134838237,0.46872580995083035,0.34990916981219017,0.332033190275733,0.1422052029736283,0.1758344666000336,0.542843244654549,0.40640604831806876,0.3670087780545154,0.3259452890123004,0.3163719741660511,0.13235165485393782,0.16022211060731878,0.5038946420446487,0.4060548175278066,0.34367253143732995,0.32619136142787303,0.32418655478134767,0.12976702395324147,0.15235219706948366,0.49602936856801344,0.3978248332058768,0.3436771714985298,1.0746484825542366,1.0705691266040602,2.2297976127661676,1.0705691266040602,1.0705691266040602,2.0749088180596127,0.0,0.07219860935721752,0.06639534126688264,0.14723047282907534,-0.10543252803162528,0.2694497020461309,2.0392425025892424,0.3748822300777562,0.5217998123319811,0.5351993942205451,0.12238317991222264,0.34762747547439116,0.6756967895476622,0.23454048280561593,0.32806931407327106,0.3523085250119979,0.3496221150476454,0.12537850454141253,0.18557076774713183,0.5214569310687243,0.35587701017777745,0.33588616332159243
1596,Saray,Tekirdağ,2022,0.42255355671714045,0.43359198017293415,0.17330008881028633,0.19926443657332416,0.6445017775369903,0.410125736857291,0.4452373409636662,0.2610679440747665,0.26176669060375846,0.13317193607904826,0.09761045713496198,0.44136723232990355,0.5101045114941783,0.3437567751949416,0.24746645972101883,0.24806159746375436,0.12616056647168838,0.09180148714563566,0.4160023212337108,0.5098087498965129,0.3242008340880751,0.2669433257545253,0.2695389293159078,0.11231036736745949,0.12898966620856367,0.4179000243559809,0.4207273849234104,0.2889103581474172,0.6644134115294067,0.6093978644315998,0.4491851909224513,0.1723218210066313,1.265552900928764,0.6760627993472864,1.0932310799221328,-0.0038486134092664877,0.003918928517146782,0.15608624442372673,-0.2303942648802292,0.1912917327636518,-40.5564882271393,0.42168599764388104,0.4845500700987341,0.4961209888533765,0.1158248707103203,0.3320885381646186,0.6288414239128466,0.23903591776742353,0.296752885748228,0.28644745378988196,0.29494170387599383,0.12737598948047094,0.12305587518932457,0.45508951444191426,0.4446748881695599,0.33203363925258966,0.56572918380828,0.6445401628119803,0.27044814695608516,0.1914104839576983,0.8711156882898008,0.47805231672074633,0.6797052043321025,0.4429712343318022,0.48835256893810763,0.24308637689776919,0.12115303697380672,0.7461044107417864,0.5487633463704514,0.6249513737679796,0.4154103827494898,0.45705716290237497,0.23312603649727662,0.11335482125072238,0.7070017077603135,0.5611945347978016,0.5936468865095911,0.4138185258485891,0.4335990844676124,0.2198150961144814,0.12114239412373937,0.6914067646365933,0.5311871808148796,0.570264370512854,1.8819857536593998,1.4688840228557885,1.6080048204855175,0.2175066803895556,4.343285067960046,0.8544192310482989,4.125778387570491,0.15965913762759562,0.1991752760993007,0.25362148034352655,-0.18359998956560727,0.4648473814732842,1.5885184156205188,0.6484473710388915,0.5693931423723126,0.613357170314404,0.19291563309584067,0.30864359452945106,0.8007481668080235,0.33880919656334346,0.49210457227857246,0.41619389126745326,0.47067204906706894,0.20848558530359146,0.13085998402094542,0.6620853844662326,0.5009337947481192,0.5312254004452871,0.43885059303224333,0.4023599392856872,0.16170684708368055,0.2617753254653806,0.6835514096619448,0.36847813276578983,0.4217760841965642,0.2972036294886315,0.26168268931831723,0.14700873252940536,0.14463697290609828,0.5116189517899432,0.49463976191121406,0.36698197888384493,0.2844246777648733,0.2539155140386556,0.13194987166619812,0.1446644143680534,0.4805010610583578,0.46391850630934967,0.33583664669030444,0.2816797127284842,0.253892542894908,0.11987539151272888,0.16024419445480456,0.4649254581336392,0.4255733945180454,0.30468126367883464,0.8057453616897542,0.5932724818679715,0.6537129957487843,0.2820588512791268,1.6556808553270956,0.8113146247318904,1.3736220040479687,0.0085006051893635,-0.01170463995540406,0.1251302729059973,-0.12882606751525097,0.19136166235282523,14.720160520167232,0.3201877298680762,0.5104739179949275,0.5038898949041133,0.09368098325250758,0.40243968942088615,0.6366847312450967,0.18351766848436413,0.23424504182421058,0.31116578226416797,0.28318141280773457,0.1223330039691977,0.1777692245116342,0.49805653042546727,0.3931441403326977,0.32028730591383303
1596,Saray,Tekirdağ,2023,0.43306054691551416,0.43557282124218794,0.1903323320374194,0.1972916012698928,0.6933489862050206,0.43950513015574094,0.4960573849351278,0.26464469172891797,0.25585604907357784,0.1508615210535873,0.0839922019351969,0.47458974000771464,0.5700530778381092,0.39059753807251774,0.24613295681486677,0.23633825787612642,0.13877789446717637,0.08005323236800824,0.4394624614350221,0.5638330448025316,0.3594092290670139,0.28914555773536266,0.2851485143089102,0.12898969213185335,0.13686919868584954,0.4726006801263478,0.4461064286863773,0.33573148144049825,0.7660277273214194,0.6405346440821293,0.560640576658445,0.1727545277752583,1.5780376931027669,0.7318802657690281,1.4052831653275086,-0.046327303974634165,-0.042957601884421895,0.16657837848946916,-0.2695053264493853,0.17570270889375425,-3.595684708539843,0.4452080353431396,0.48129426689902544,0.48830261383820084,0.12331426119762647,0.32429114265073966,0.6444797987092291,0.2562138585031131,0.32018865605848945,0.2874845230364183,0.2871420466147366,0.13988050593629595,0.11524830246263128,0.4785140202188974,0.4865670835385319,0.3632657177562661,0.579606813341702,0.6737755202744728,0.28315805357681223,0.1933684177011349,0.89257278314041,0.48853472226158756,0.6992043654392751,0.4353363491686475,0.48048683073495135,0.24686272769065307,0.11328051891800144,0.738251388386352,0.5670620616957016,0.6249708694683506,0.40369416310491457,0.44727964318557156,0.23246557497687476,0.103533130000339,0.6894170666265804,0.5758457669759771,0.5858839366262414,0.434774022725123,0.46681910047556596,0.23628934315100514,0.12305780815849637,0.7246094704924836,0.5434762216702037,0.6015516623339872,2.1719588352398915,1.6559614223311074,1.8944685217569885,0.2176959269956557,4.9682492347584395,0.8722396074084644,4.750553307762784,0.17184462161551214,0.2226772560739327,0.28324444225923984,-0.21482700963791745,0.5038574314016715,1.6482589888264028,0.718684441039589,0.5834538221587385,0.6347819145405901,0.20133358982593494,0.31057101774606355,0.8144349958468321,0.3450720214343865,0.5038639781007686,0.41561262650902053,0.4785500346632154,0.21335341157374088,0.1269691899065257,0.6582046478360637,0.5133467993160459,0.531235457929538,0.42283449651691396,0.42384908855882636,0.16612489270043873,0.20506602548536046,0.6425762816417747,0.39288396303728146,0.43751025615641426,0.2694141749274708,0.2539175161120819,0.11863222761229192,0.13670651558047647,0.4178866297147866,0.44033402342036754,0.2811801141343101,0.2599066399554045,0.2480317702476543,0.11436176561586611,0.12304568936157824,0.4042379790084648,0.4400109425272422,0.2811922896468866,0.27972175368363056,0.27537770677886486,0.11942811599485993,0.12694019816787233,0.4355349227109654,0.426953264885987,0.30859472454309306,0.7367009950355371,0.6094511227817437,0.5364298319344128,0.23427578636547872,1.359277036958211,0.7281513606596072,1.1250012505927323,-0.0011884302253763297,-0.003958197804614466,0.14665212120678803,-0.18358075773704174,0.17565947788882588,-123.39985812827085,0.3592402356258676,0.497575255144872,0.517571184122384,0.12586275833377894,0.32228692479554627,0.6503755078852355,0.2529522057867071,0.3280885830896892,0.2932144965634899,0.2910140699515322,0.11625554302665189,0.14258947877840297,0.44335219618592736,0.3964863415321589,0.30076271740752436
1596,Saray,Tekirdağ,2024,0.5085123146462761,0.5273464764286023,0.19832843141482512,0.23826171832767506,0.7616982022232726,0.3900169685227455,0.5234364838955975,0.33062007282387085,0.33209936733963813,0.16933647488424194,0.11326562563524434,0.5585395572581716,0.5121784453010253,0.4452739316229273,0.30378802873554667,0.30275536081242954,0.15527747808749554,0.10350251953628485,0.5136546557011781,0.5111375808118745,0.4101521361648932,0.334942086590925,0.3320582755017282,0.14363843598210962,0.15237235351814854,0.5273208806715033,0.4288455877374993,0.37494852715335475,1.027029492962777,0.859334011071389,0.7519478791208623,0.23431785837553673,2.0777514589522847,0.7321580190960644,1.843433600576748,0.06185746583912596,0.07420539844042902,0.19042421798613104,-0.19916942614051159,0.3086241370534361,3.078435487179048,0.5077935631939476,0.5283923794463433,0.5429847248424557,0.12784785045679672,0.3555310934352816,0.6913716638220607,0.2419562723269352,0.3358405703867791,0.3437272097456516,0.35354472715754576,0.14965110286416936,0.14256989278395923,0.5409861222853863,0.4353775279382361,0.3984162295014271,0.5947991114014317,0.6836187955104956,0.2621915158837842,0.2149260212411608,0.8867578243578291,0.4408068385744954,0.6718318031166683,0.4519996876043255,0.5039562534296007,0.23491805672261593,0.12889067276132246,0.7382206098590045,0.5197305731951303,0.609329937097682,0.42140070988508527,0.470738857473471,0.22252702102390948,0.11912463056745097,0.6972084083917522,0.528065130893092,0.5780837778243013,0.4414709461031558,0.4726500161882087,0.2194825358489911,0.14453009848734558,0.7226554581143426,0.497161903374058,0.5781253596269971,2.1220791396577736,1.6560510224793372,1.7747115535690945,0.21991270852568698,4.90649106683384,0.8363079021903496,4.686578358308153,0.1891537285825542,0.25391801228633354,0.2629814580557612,-0.18363953767806812,0.4960522280657604,1.3903054411163016,0.6796917657438285,0.5921347974651413,0.6445840952362789,0.18626490173121624,0.3320700832225791,0.808606307327009,0.3145650323686332,0.4765362241044299,0.4309521157438219,0.4941522725780798,0.20152210876563553,0.14648587998095294,0.6620974363032694,0.4676206506558369,0.5156115563223165,0.3656618779090891,0.3242002594851232,0.1339591996669112,0.23060298272039165,0.5663882374343817,0.3663471850905282,0.33578525471399007,0.25745933641458396,0.23041927060270145,0.10403927389233746,0.15248038674325176,0.4101210580930178,0.40409982928257127,0.25764067134976604,0.24142603604374582,0.21679051007761543,0.09181790140801128,0.1504326042378809,0.37697440033783935,0.3803148281462655,0.22654179609995845,0.2443221708967171,0.21478829981263178,0.10058704414382263,0.14474593905976482,0.3944857712399374,0.4116983889535921,0.24973983218017257,0.6210247213410385,0.46791405828622906,0.4919052449754197,0.2235332142743835,1.2809173112472558,0.7920864147134132,1.0573840969728723,-0.0016066775837004505,-0.013671571455958962,0.08492797987583528,-0.09958092825227105,0.11129203502581289,-52.85937934120657,0.21087296327808394,0.46463313351874985,0.45699295369440707,0.0783741920858671,0.37906622275194407,0.5741674229975913,0.16867973123725663,0.1951012002456472,0.2631833477602046,0.23629807532814173,0.09392027547406474,0.16608146532660517,0.40430429377430915,0.35686253052620465,0.23822282844770398
1652,Şarköy,Tekirdağ,2017,0.3052690561863178,0.28512933458654827,0.1266500014967816,0.16019828115319557,0.4803607900095731,0.4148799196322149,0.32016250885637754,0.16159482653779436,0.15037942493397177,0.0787952873898027,0.0722716605093966,0.2636383091441046,0.4876102105371163,0.19136664863470798,0.15830449398236696,0.1464981739540583,0.07487400663962099,0.0722895583722904,0.2558923368567808,0.47297461212921077,0.18360277848449041,0.193913488168807,0.18356115181260696,0.08574040985772143,0.09776680368618432,0.30842960118469026,0.44215805031098226,0.21066279749850594,0.408501106209179,0.32795959846503103,0.2911789723157075,0.14084986238849972,0.7656183559118833,0.712798491582554,0.6247684935233836,-0.07795070220335526,-0.089905153884625,0.10086171024690009,-0.191237796982866,0.05069596195881877,-1.293916634436151,0.24193375894168478,0.39276271628034637,0.3788677877582795,0.09044182297811647,0.2852597936424901,0.5116233345443156,0.23027089697984687,0.22636354090182553,0.19765424075657237,0.18556462873106433,0.08488401495463975,0.09961095463983233,0.31054522604355733,0.4294570894594742,0.210934271403725,0.48412498179333696,0.49605222866866183,0.2683824868507928,0.12886053984554935,0.8398687536460316,0.554366118138807,0.7110082138004823,0.36038313572029484,0.3399242982065161,0.23146862126897158,0.07415175613675525,0.6835091924525502,0.6422848305771499,0.6093574363157949,0.34095195627357633,0.3242694479912543,0.2173733826926966,0.07418276481132732,0.6445568699343144,0.6375484249114513,0.570374105122987,0.33145439015707684,0.3164219497405056,0.20633647013284737,0.07421623694774218,0.6211329939180689,0.622518440727438,0.5469167569703267,1.289493351025366,0.8439331798929457,1.243962777213999,0.09545965539604043,3.218255176023859,0.9646911139362118,3.1227955206278186,0.09813940462518679,0.08204664495296402,0.21896642607797356,-0.17576312133069355,0.40230019674748824,2.2311774451276563,0.5780633180781818,0.5049679707335556,0.5117332506271238,0.18919820926655553,0.2539290462208155,0.7617772555388446,0.37467368275202,0.507848209318029,0.35227409411005867,0.3535421695678491,0.20208596463366374,0.08791003554581217,0.6269064015995605,0.5736611576397308,0.5389963660537482,0.4304748000580541,0.4179446476346488,0.15655643177875797,0.23833307096155518,0.6522256735314853,0.36368315115691946,0.4138926025699301,0.3030686874315458,0.2772934275943304,0.12984269627546233,0.16023796329863949,0.48034266819865545,0.4284266295401762,0.32010470490001597,0.29720080515019337,0.27928515225028194,0.12153397597070428,0.16209248865618833,0.4627988519587955,0.4089288247697912,0.30070636330260714,0.27114682883552704,0.26176632837294156,0.11415671769506457,0.1367680796454048,0.42572701124787815,0.4210143935126383,0.2889589316024733,0.8070192844832133,0.6716708129471383,0.5397169061687708,0.26591133620960333,1.5149861345970976,0.6687782021397252,1.2490747983874944,0.06259345878190425,0.05861901208806239,0.10941137480565004,-0.07421939898483652,0.2069740424787943,1.7479681892460115,0.28119344146363084,0.4960777494237606,0.4960982757288108,0.10379071836933405,0.3633386758896014,0.6288523770112647,0.20922268432699595,0.26551370112166334,0.3139843941868343,0.30270868412658936,0.11540173612068363,0.17779243446659754,0.47458844426304936,0.36753971935310453,0.2967960097964518
1652,Şarköy,Tekirdağ,2018,0.5548057489402338,0.5899261465842597,0.2152393726788425,0.22262617945431057,0.816371296840019,0.38795447431823393,0.5937451173857085,0.37214123274822886,0.37118227541648097,0.18220146596297995,0.12102256880791899,0.6211292863591771,0.4896030053360087,0.5001067175512581,0.3484112702848109,0.34769163762988337,0.17015304936183015,0.11331095857329924,0.5819792562499873,0.48836838493409673,0.468668297676688,0.36437565691759416,0.3632878427893127,0.16728264178675098,0.12881273848451064,0.5897601827438529,0.45909390106316295,0.46094744425934225,1.4172955369012583,1.4321997707646072,1.1594305495835062,0.550611375857946,2.4292645115939893,0.8180584214062072,1.8786531357360432,0.179935804257945,0.19138548866581706,0.18460118666620395,-0.08197979708257762,0.41801826578449275,1.0259280382106217,0.4999980628670704,0.5415855230516643,0.558603765306593,0.15583656758418482,0.30857199322438633,0.7304182373323628,0.2877413833111615,0.42184624410797644,0.38080966707307934,0.3926093106039289,0.15896107270158896,0.14251213428968895,0.5878986765507488,0.4174291948084488,0.44538654226105984,0.5842461382657147,0.6679598692188738,0.23397544182261665,0.2148004188877556,0.8398078459196064,0.4004740921645678,0.6250074270318509,0.4368551827176865,0.48053249784949653,0.20696394208285318,0.12891261082567607,0.6835042834385036,0.47375869686454347,0.5545916726128275,0.41380187363732435,0.4589860514473314,0.19413973415602234,0.12692896987105937,0.6464259306597595,0.469161080517909,0.5194969607887001,0.4101207164810698,0.4492975471695779,0.1843981762413255,0.13669428023082703,0.6288483487679895,0.4496192677695102,0.4921540685371624,1.6474498670921387,1.5473416741833708,1.145620312503147,0.26557335966938284,3.235051369891991,0.6953900907013607,2.969478010222608,0.22457911475386902,0.2753417265358021,0.21180071852202126,-0.08794650530075837,0.4705991806557546,0.9431006919505741,0.558545685956513,0.5743977597929436,0.6212050332281775,0.16264019323197265,0.3242831408304506,0.7538081277871884,0.2831490730231965,0.4295249869567378,0.4247466003668717,0.48243727460046804,0.17739450853592875,0.14649361621338422,0.6230746650127422,0.41764785964785966,0.47658104879935803,0.3950141664008506,0.3632698437657831,0.16055086021311374,0.20714142819752665,0.6289421194942525,0.4064432971504893,0.4218006912967258,0.28386140792986664,0.24609200256740363,0.14214276840160925,0.13674640811203687,0.4961648960960655,0.5007470703334507,0.35941848798402865,0.26463938909664675,0.2323760535130264,0.1265271213429579,0.1308429028716092,0.4511706686205506,0.47811144733541533,0.3203277657489414,0.2612987015744267,0.2382988390151184,0.11720000083056407,0.12895608732734296,0.43361901095220934,0.44852882974308067,0.30466292362486636,0.7431802731824521,0.5783328010818061,0.5412912945525199,0.23446498197152288,1.5158431176426552,0.7283445404633768,1.2813781356711322,0.02274817135363518,0.009725839794692387,0.11580647063278109,-0.11912744483853333,0.18550495886195045,5.090803512620591,0.3046324037004838,0.4609741270560618,0.4491926889627596,0.09617375657376068,0.3555516683972848,0.5975242103089008,0.20863157155469686,0.241972541911616,0.28549766914927144,0.26367174322025044,0.11958748741874309,0.1503699121151151,0.4628327877409238,0.41887377846232854,0.31246287562580866
1652,Şarköy,Tekirdağ,2019,0.43784008560459853,0.4414002725878143,0.1706727979959998,0.2070663583440305,0.6678285487275795,0.3898062411538302,0.46076219038354893,0.2961010585424716,0.2851591882198514,0.14335251222777914,0.12108494089081179,0.48041775024203914,0.48413373776310636,0.35933280935122736,0.27194655402584644,0.26166789298030135,0.1301453133440487,0.11329234604511651,0.44145436574537167,0.4785694520390186,0.32816201970025516,0.2846333398461238,0.277326323465728,0.12321131686589971,0.1289269955324054,0.44919562415742337,0.43287731835107307,0.320268628625018,0.7967092836984678,0.6718208059280052,0.5823574813270959,0.234370753343146,1.4838709317804,0.7309535526229689,1.249500178437254,0.07553988870825615,0.06643958245407458,0.15522916764129585,-0.11318049519660878,0.27726195750122634,2.0549297900187407,0.3904424526978351,0.46646082134963524,0.4726573685362863,0.1245612507804146,0.3007957141437713,0.6209197512774786,0.2670347542158312,0.32012403713370724,0.30409465737410957,0.29887108302125437,0.12497252311963788,0.13475271589400517,0.47074251862294714,0.41096586240215205,0.33598980272894197,0.5369018648220832,0.597727553298342,0.23781491669158622,0.18356729663294052,0.8085387237345748,0.44293926371515313,0.6249714271016342,0.4105363875381639,0.44136078973381954,0.21329678235812655,0.11325374903325644,0.6835693579686455,0.5195563385676703,0.570315608935389,0.3807379888119593,0.41215490745253014,0.19466751083347486,0.10741986018567273,0.6269304888870294,0.5112899593783855,0.5195106287013567,0.3717613634571687,0.39460202374594255,0.1842244397156842,0.11331142056170378,0.6054017632139972,0.49554487858152324,0.4920903426522934,1.419917774623605,1.2346518850403772,1.0632358704114089,0.20296000608444784,2.9215158237746115,0.7488010146878075,2.718555817690164,0.1757956238154629,0.19722320193541173,0.213900271555658,-0.11521357191680623,0.4432791200904296,1.216755382831341,0.5584926920072358,0.535348576045586,0.5742526535119999,0.16528655059828523,0.29294579320945796,0.7303417045607397,0.3087456621612658,0.4373959113512817,0.3916948945355868,0.43155061962493163,0.17984611229631278,0.1269328678903404,0.6073802497160478,0.45914847194918734,0.48044738182570734,0.38535062231149175,0.3631653512390939,0.14184956465112153,0.21483641045040983,0.5819657571059655,0.36810519157916344,0.36712934665555574,0.2797004646829719,0.25395456733525995,0.1256145223213925,0.13667773277503628,0.4570015988432049,0.4491037312496817,0.32032386606816865,0.25747443905685047,0.236336280904026,0.11136670858916267,0.13090830397183198,0.41212229579374143,0.43253500812394374,0.2812139918219094,0.25294865914896386,0.23826080172639783,0.10537655677452842,0.12894514315326808,0.40227117089080866,0.41659266797089906,0.27332602773754056,0.7323361015938129,0.609411759003718,0.4804118410825866,0.2657308995847876,1.3907356606345644,0.655999123950119,1.1250047610497769,0.03137162077530163,0.02146624481123492,0.10605552516589349,-0.09960619268547856,0.1738092463704411,3.3806198897249606,0.27341543905591964,0.44541207223793877,0.433592891995299,0.09080502825042967,0.3399561059385684,0.566200422497538,0.20386746096527375,0.2262443165589696,0.2766370508284486,0.25976330941854525,0.10622894572199684,0.15043187454193382,0.4276624564065373,0.3840011502576088,0.2772305818646035
1652,Şarköy,Tekirdağ,2020,0.39659306352472734,0.3847582732636717,0.17503921532750638,0.1699464128889035,0.6464976740492208,0.4413572284190815,0.47655126116031726,0.2364709100486153,0.21291341930878996,0.13148354781588656,0.08396438488240063,0.4199165713422583,0.556024196755767,0.3359521864598577,0.22298255523774746,0.20111105537432833,0.12123728415126345,0.08394703971483777,0.39249555105488587,0.5437074843007265,0.3085485113400481,0.2625859709293136,0.25194697304422387,0.12212810011863136,0.1112939170594891,0.4355659326894592,0.4650975818944548,0.3242720156299701,0.6862576150464242,0.5467762295928547,0.5188001245382348,0.1711087908885283,1.3907365461666006,0.7559845066391558,1.2196277552780723,0.003521756024612267,-0.01758628380337268,0.15342666754638096,-0.17379685597217298,0.2245732895305761,43.565387969563474,0.3983701455027491,0.4528837499528242,0.45117336568350336,0.12120053509392907,0.29489548469854904,0.6191716014971824,0.26761952732142463,0.3242761167986334,0.2638540239789761,0.25192348064140774,0.12454245583792617,0.10739338987298494,0.43942082470440774,0.4720127211243506,0.33202743483142283,0.554848220885827,0.6112991838132243,0.2784152716673186,0.15818735484766788,0.8769702320104991,0.5017863646076448,0.7187828771628312,0.44521540761595424,0.45892539147453626,0.26572627193435305,0.09566988616383948,0.7871216835248421,0.5968487778921845,0.6914517973610026,0.411718217960474,0.41993286808397257,0.24402835774503093,0.09181814602636987,0.7285360260010475,0.5927072135740622,0.6367178799746777,0.40180497763494705,0.4121676829077486,0.2228561357386387,0.10354036456248021,0.6816155510504701,0.5546375683307506,0.57807518648799,1.7673141097394915,1.280678984829621,1.5070820615012022,0.15456071872752986,3.9691626481530626,0.8527528033617926,3.8146019294255327,0.18505751608071108,0.2050747767923563,0.23853969376668124,-0.130860145041838,0.47848527938295693,1.2890030019782845,0.6093454244247949,0.5533027082393444,0.5878349582239931,0.1976818915426639,0.27536899537345855,0.7870990327543891,0.35727620450603664,0.5117300373809306,0.409916593793111,0.44335067758211716,0.21545900451251737,0.11131005540710331,0.6699198362333688,0.5256166931882286,0.5586097808262656,0.446540691100751,0.43362509787017933,0.16245569291507572,0.23826291239546774,0.6757210238436006,0.36380938210717634,0.43745811144813285,0.3315277881006187,0.30852706019658854,0.14664208832848513,0.16024358567439537,0.5428534470850692,0.44232216300366123,0.3826098614106739,0.30922324493049574,0.2910127141237002,0.1317219714896446,0.15425910793906888,0.4979899544983822,0.4259769394737831,0.3437308465593133,0.2935515516327333,0.28320792471903716,0.11886961923610104,0.1464821420130721,0.458909924427401,0.4049360958065062,0.3124277824143289,0.8886509214837547,0.7656645198940001,0.5743821343841634,0.26558143397481226,1.6712429249857732,0.6463529384802013,1.405661491010961,0.08671088668964451,0.07609416554937348,0.12222166658726182,-0.0644370999012636,0.2519668427302099,1.4095308127192545,0.31640394263147353,0.48768774765305983,0.4824373127205425,0.09997130037949747,0.36142461308499213,0.6192092866203908,0.20499038751864826,0.25778467353539863,0.3258529336423246,0.31446407437276097,0.12229577904115431,0.17384195035985847,0.49806818723506663,0.375309737660344,0.32422623687520813
1652,Şarköy,Tekirdağ,2021,0.5111632610138925,0.5566269938362155,0.21853969311858454,0.1737878755950646,0.7715107428311581,0.42753403811751056,0.5977228672360935,0.3639208320577463,0.3730378029868717,0.19262727138061325,0.0917561797137465,0.6152120709089558,0.5293109226295886,0.5234558911952093,0.3398678078624413,0.3496149697740722,0.17780161864911884,0.09175446642761456,0.5723077019419748,0.5231493378775155,0.48055323551436024,0.3352889025809122,0.3535051202821341,0.14996404872775237,0.11528487522247076,0.5215315952415622,0.4472681546373666,0.40624672001909146,1.022948301366055,0.9531437836374511,0.6999854021894675,0.17143854963865027,1.9526943975653281,0.6842822860692962,1.7812558479266778,0.15028076828387954,0.17586482327529976,0.1979111177717108,-0.13670365290772046,0.38670058328100465,1.3169424140676325,0.5234042361887251,0.5264845792838984,0.5605238421318306,0.14722539034326082,0.2988040023957905,0.6972679540527168,0.279638561386756,0.3984639516569263,0.3632890265021089,0.3886943330815144,0.165785088087743,0.11520465705575604,0.5683388097097698,0.456344882431456,0.45313415265401374,0.5716825479142357,0.6522074700129796,0.2622540937625155,0.16016138605604535,0.863231904588979,0.4587407726881652,0.7030705185329337,0.4286876627111795,0.46490322033860176,0.23025941882864806,0.0975817011405736,0.7149125317087921,0.5371263016350931,0.6173308305682185,0.40306522823339735,0.4355482160397176,0.21335380507849036,0.09565373603519815,0.6659753446314826,0.5293282330842654,0.5703216085962844,0.402501075413098,0.4335652010861215,0.20698975889446797,0.10536503630314752,0.6601069525060905,0.5142588965309687,0.554741916202943,1.6845463486147565,1.4053400148846293,1.357039090250121,0.15413172032250766,3.593695862811072,0.8055813313572805,3.439564142488564,0.20522928622970074,0.24603092691385156,0.23683069902201145,-0.13665544511982436,0.4881687788540409,1.1539810100832353,0.6248242239738653,0.5678074587298704,0.6132167458681552,0.18417200451502722,0.2851768113890051,0.7772878988232839,0.32435643752725957,0.4921110874342788,0.4142499840442186,0.4629602358063846,0.19679612363710797,0.11522034590607216,0.6425642080714035,0.47506609829127044,0.5273438621653312,0.46766464874816915,0.4569670038999484,0.19419539355072,0.2148510996928431,0.7461677505226063,0.41524497109314645,0.5313166508297632,0.33826225226705525,0.31643547314675935,0.16060673923329907,0.1445951692408945,0.5742080203759667,0.47479947335803047,0.42961285113507225,0.3192722927488614,0.2987778270281565,0.14723474909111592,0.13866395516303967,0.5293701682151357,0.46115730188629406,0.3907062130520961,0.29917148328639603,0.28511210828233075,0.13951875496137892,0.1290625887697279,0.49610968563095703,0.4663504470037273,0.36704709686122916,0.9340153206590863,0.7341476996922756,0.6882443279015755,0.26548270738423907,1.8904268690031671,0.7368662083785917,1.6249441616189282,0.11429156401615999,0.09773456590260024,0.16577212618239223,-0.09766210570811443,0.34761961793875745,1.450431863535906,0.4452817236468719,0.4949056748413549,0.5038818801420993,0.1331564229654443,0.30850132837775174,0.6679211801119148,0.26905414452588045,0.3594198517341631,0.3383583881680568,0.3261391223094515,0.14142835087195374,0.15816434022246587,0.5410358142522649,0.417983876911332,0.38287147402979904
1652,Şarköy,Tekirdağ,2022,0.37828196974008527,0.371035110715691,0.1717717400257929,0.16808316970678172,0.6131551607458069,0.45408386803054873,0.44507199103902517,0.22527208439738436,0.20696665972810152,0.12563631629372846,0.08203985990493047,0.40227149353022185,0.5577092103081158,0.3202316336252914,0.21248368874697401,0.19335446129166053,0.11631007913195378,0.0800737181193359,0.37308396089127477,0.5473835653825458,0.2930102427719389,0.24186718125933582,0.23048343096838272,0.11276961136234877,0.10563410073092305,0.3945087697286168,0.4662460230246553,0.28887466899769376,0.5893093604824925,0.4842305743395857,0.4266748562202274,0.14145602219269937,1.1716459242080406,0.7240252485908092,1.030189902015341,0.008451180067694979,-0.0039028825018673657,0.1496432053985376,-0.17575367731819394,0.20688010583188193,17.706782271810248,0.3826337831500759,0.4348718510882572,0.43363483701554806,0.12120740358437809,0.28516597796814785,0.58969037251654,0.27871981891000586,0.30452439454839214,0.2519840335216593,0.2402262110782556,0.12143295052020835,0.10357491395185979,0.4199095161886881,0.4819073209643283,0.3163346022368283,0.5193821511181579,0.5507350724544032,0.2654297189008362,0.15226702347855844,0.8476812001385599,0.511048980657889,0.6954141766600014,0.39966320554559537,0.4024179159608011,0.23251633187691606,0.08982991140397083,0.6990782613426717,0.5817806809598577,0.6092483499387009,0.3747757448008691,0.3788702960950681,0.21762618182512788,0.08973435773639553,0.6599855133403278,0.5806837417954034,0.5702511556039324,0.3762826107889099,0.3633149129412764,0.21927434680436683,0.08986683819577407,0.6758630765045035,0.5827384538037479,0.5859962383087294,1.6197794242334314,1.0929479471273549,1.497350712077225,0.15490615651704354,3.9685420493326395,0.9244164295924758,3.8136358928155962,0.1654117793958031,0.16022463328992484,0.23452027815161436,-0.13673689527001148,0.48048300323509485,1.4177967192435916,0.6172198985051063,0.5294811371993499,0.5429674722466873,0.19505414622679026,0.26179872588217523,0.7773140962014813,0.36838733719300054,0.515515370319306,0.38136593765963045,0.4003536842834485,0.20054533773884248,0.10742996047592791,0.6347409875315024,0.5258606444234394,0.5273110270555745,0.39951843479592924,0.37103445971459037,0.15869591010468637,0.2228148381968285,0.6366962985479744,0.3972179911691608,0.41388146035114587,0.2876218503931758,0.2538996388112685,0.1349135490068954,0.15246444897306993,0.4805066612692511,0.4690657153567092,0.3280422122961812,0.27570409806992163,0.24803760389451301,0.12210776409594822,0.15040870843711207,0.45116228818065846,0.44289426581167585,0.3007535797435464,0.2625449780074374,0.23828018867307746,0.11900274984207118,0.13679757917870786,0.433418125513826,0.4532661441297881,0.29662054633511814,0.7426211953240718,0.5780543635180666,0.5601777674595861,0.23490391297188745,1.5158441671833984,0.7543250461833785,1.280940254211511,0.050535721347924056,0.043035163814236506,0.10276242160766752,-0.07413312595867123,0.1913939361043859,2.0334610621302405,0.26552706206305715,0.47498313644841356,0.4648903345152785,0.10279901003285659,0.3633948962110603,0.6055013031575192,0.21642665211551415,0.24210640694645885,0.29293160190761003,0.26757872836226926,0.11632030642161774,0.16603821781006722,0.462916793406342,0.39709032983851605,0.2968785755962748
1652,Şarköy,Tekirdağ,2023,0.42665680119766747,0.4257455441425732,0.2013334417502434,0.1600822209217488,0.7069302974475206,0.47188616514510184,0.5468480765257717,0.2583852993385527,0.2402473430890674,0.15444210549862072,0.07615719965676436,0.4785277524467395,0.5977201717511836,0.40237055278997513,0.2430374960482946,0.2246481184366112,0.14242229221265013,0.0722815143429475,0.44337047170391886,0.5860095439114836,0.37108895736097136,0.2831739741160959,0.27729830916172926,0.141147180533386,0.10546099940574089,0.4803912996485042,0.4984468681275009,0.3749303002427633,0.7930260950933989,0.6404687822062849,0.617863488965294,0.14086822170620117,1.6718492555790943,0.779121258163043,1.530981033872893,0.025001424827219315,0.019507997156697536,0.1629182127976543,-0.18358215432830144,0.24604506772501533,6.516357124586097,0.42962722205331677,0.4669362974271061,0.47267103447846137,0.13589359822131425,0.28521219686969435,0.6445657433355954,0.29103241484996945,0.359353546465901,0.28426818513243385,0.275412081711634,0.1450758618496594,0.09959611713657962,0.48634376299635723,0.5103485702491539,0.3867476458597776,0.6076229458444781,0.6912467519026739,0.27418603586894547,0.18353536716937646,0.9023175945754798,0.45124371576830435,0.7187822274061033,0.5060884666505414,0.5431334674702974,0.2692076787103647,0.12105291598251072,0.8477334810616508,0.5319379840684159,0.7266805650791401,0.46649922139169075,0.49616852929995203,0.24739667508436808,0.11335224684996673,0.7772280733312061,0.5303260192939192,0.6638758264812394,0.4432992579341056,0.46481958999086304,0.22727332046148205,0.12098075141544755,0.722625410099082,0.5126859934768156,0.6016446586836345,2.136779492467453,1.593590218049138,1.7922209977335788,0.21699652959857998,4.8441782319302495,0.8387486888803889,4.6271817023316695,0.25828556312524686,0.308576275410361,0.24322192749119248,-0.0977145787493679,0.5351004723331338,0.941678367726849,0.6328150510825017,0.5802730192187988,0.6211677579730125,0.20022224103179345,0.2773890959081339,0.8085329506068144,0.3450483382828063,0.5311438546986805,0.45361440122347196,0.5059165722557109,0.21267302406360056,0.13084597533331233,0.6933529140639517,0.4688409880506147,0.5625069387306394,0.4342270221027268,0.40235994825031446,0.21252031965843482,0.16791386318392226,0.7539209442080371,0.48942214289040276,0.5860070810241149,0.31338227754061626,0.27733452818895066,0.176248575180208,0.10541250699634343,0.5819093303730201,0.5624076018700997,0.47649682337667665,0.2942382378739201,0.2597368735057939,0.16249441474326426,0.1035393492435019,0.5409853525949395,0.5522545809049212,0.43744600335143763,0.2890870924871573,0.26168514074842764,0.15923550253784569,0.09765370862683649,0.5273165328224045,0.5508219034197098,0.42966282419556806,0.9259488437720085,0.640259893074428,0.8420327412164316,0.17200835235936782,2.1402751914400215,0.9093728523773187,1.9682668390806537,0.08404629862247717,0.058654208331684846,0.17689152969466798,-0.136683214482083,0.3397469672954364,2.104691492593113,0.4764301817775194,0.4788915650579913,0.47260659910138714,0.14962194161665157,0.27732185449994196,0.6914466106842759,0.31243386297383025,0.414124756184334,0.3132984307995198,0.2870782476445578,0.15620118469298908,0.1191051683253559,0.5527581095250648,0.49856995547144145,0.4336529411997089
1652,Şarköy,Tekirdağ,2024,0.4807778429786114,0.4883095030122593,0.21035588132588226,0.19136040786933411,0.7695183247687803,0.4375323954669859,0.5781579168994462,0.31683379732482836,0.29491022038454545,0.17766639250057653,0.09956626239113511,0.5761603542391455,0.5607558095149399,0.4765940918480104,0.2961870515498325,0.27538445286128216,0.1645733961070719,0.09572963019086346,0.5372265170447634,0.555640076924102,0.4414968868539,0.31447138400195823,0.30071573132856605,0.15305579364919936,0.12110795460451391,0.5273128066459419,0.48670817580096976,0.40620485204142803,1.0145924133669662,0.7656258863073273,0.840592136551992,0.20299712314813176,2.171746145195702,0.8285022886800946,1.96874902204757,0.10614290110681313,0.08982157038876747,0.18136121659428342,-0.12102952327226828,0.3632166980824998,1.708651400170201,0.4842462213547681,0.4957026164438722,0.5040456035372575,0.14434545636839238,0.30076891317709853,0.691352020811823,0.291193654380754,0.3905831076347245,0.32960992314126214,0.32233262994293976,0.15685999220430463,0.12301899016869489,0.5489102319705053,0.47589584290846293,0.42589124180181037,0.5664961005105968,0.6367973245578358,0.25739508370226566,0.18357831008491593,0.8632539669661851,0.45436338126647147,0.6796756568812692,0.43166185456136213,0.47264946914301187,0.2220846538625031,0.11314051436887845,0.7070453446627685,0.5144875589903046,0.5939048302938901,0.4052583262188375,0.4394595275604907,0.20878155019610575,0.10739628046597575,0.6621395095483158,0.5151813958866442,0.5547432290823401,0.40827413668057605,0.43376423942218034,0.21109446450994301,0.11326685778057606,0.6757497862865903,0.517040991688137,0.5624829285060142,1.8031719459955542,1.4686337133271279,1.4922206164763114,0.21781894670642155,4.032060014879964,0.8275531458828445,3.814241068173543,0.20619957835737274,0.2383262532283254,0.22870677920557952,-0.11326723194992135,0.4961078106395897,1.1091525066515833,0.609375042589511,0.5608856656704939,0.6055375189359532,0.1895720610273948,0.28513978876111545,0.7850648780912125,0.3379869956219626,0.49992508933009705,0.41347593049184705,0.46288593499246267,0.1924789954657175,0.12693023733587752,0.6386501940223779,0.4655143897657008,0.5117199566865004,0.364843686256415,0.3320407671344882,0.14976330606774885,0.20708857655478743,0.5818167462342457,0.41048622111139954,0.3747281696794583,0.2755039961701259,0.24612186853553417,0.11923524350878134,0.1524699973047133,0.44914208448162507,0.4327895245307173,0.29667208717691174,0.263864270530515,0.23626087237930912,0.10987812588982433,0.15042655579998393,0.4199867798417613,0.41641911452773717,0.2695602240417774,0.24230224083235963,0.22267577678426967,0.11318531333116234,0.1289251461604205,0.4023149921971568,0.4671245009635353,0.2733898460367363,0.6419383416864681,0.4841962459775622,0.5003292844069958,0.20302427934174738,1.296426649717011,0.7794039581629535,1.0934023703752636,0.060731505058349046,0.05074288194175106,0.09004602907012964,-0.04296272416873408,0.18340133360249708,1.4826905571270803,0.22636405777123117,0.4554025824360854,0.44135962140686685,0.0999453128983455,0.36348115664739056,0.5820230622398154,0.21946584572205974,0.2185419055924248,0.274212308860935,0.25198744460371003,0.1075305528515852,0.15819534182605333,0.4316872291597038,0.392143420907187,0.2734918873336505
1673,Merkez,Tekirdağ,2017,0.35535699752583955,0.3242341664936361,0.17479041404924064,0.16021220680312015,0.6132814935073277,0.49187272311003494,0.4530692867042076,0.18830661222915535,0.16210046864179115,0.11840896859704159,0.0683969901054239,0.3574488931767096,0.6288094039573424,0.2890519030712857,0.1828594893593245,0.15820451031908966,0.11117470872275584,0.06840671136678929,0.3418141315382073,0.6079788864787549,0.273407420171418,0.2310323516220709,0.19919878630875043,0.12087985521037034,0.09774692079791736,0.4101764367499017,0.5232161399114742,0.3124295159519843,0.5696087038511107,0.4217823364463239,0.4776184774866829,0.14143945856471568,1.2340370675623002,0.8385027726183183,1.0925976089975846,-0.055882631683068236,-0.06640248554299405,0.14607115854647304,-0.23041113993005027,0.13668165972578,-2.613891904284294,0.3670927996558303,0.43065050384714776,0.4101130191480103,0.11085122980119723,0.30087476068853797,0.5898287838206927,0.25740415676035533,0.28895402313215474,0.2269310054876384,0.2050997283599783,0.12138308474603274,0.09574488551704402,0.4042490230624313,0.5348898203011083,0.3085041375453873,0.5457045585238178,0.6523946629155336,0.3213835095444866,0.12895369839784585,0.9022775379489181,0.588933159022639,0.7733238395510722,0.43499275411310806,0.4727045052708735,0.300110427284899,0.07432400430940672,0.8164077054960371,0.6899205203929981,0.7420837011866304,0.41089109496662723,0.44141688841938415,0.2811058243249701,0.0743302172118265,0.7617107551556745,0.6841370566762992,0.687380537943848,0.4011437640121524,0.44142580004404314,0.25908960615869875,0.07426882673593801,0.7148138218621289,0.6458771876878778,0.6405449951261909,2.0637999549637236,1.5312854633301647,1.9258462004325216,0.0980465079536436,4.906080959922968,0.9331554619916508,4.808034451969324,0.1520468126218332,0.19919884759442974,0.27893433735376605,-0.1991672303492577,0.4882035733548373,1.8345293304340693,0.687370803704095,0.5559757599402647,0.6133233989977103,0.22786134885187959,0.2618031414441918,0.8163474421041095,0.409840437785204,0.5545443006599177,0.40372622012916987,0.46680199536072386,0.24900804225552461,0.09181313149455299,0.6933655540362628,0.6167745116377528,0.6015524225417098,0.5193179505781962,0.511698921556608,0.16816615318869987,0.30860883791317745,0.753887010910054,0.32382118315276354,0.4452781729968765,0.3716750148237688,0.34765364991296505,0.16279358158773483,0.1758241125594759,0.6054243662310979,0.4379997984662059,0.42960025367162197,0.36145445453460057,0.33986257804235376,0.15064791092219817,0.1836193336401054,0.5742073767735333,0.4167825545715533,0.3905880431334279,0.33448620631676923,0.33204822108734455,0.12614514458506906,0.17585137459268585,0.5116726751678818,0.3771310810515323,0.335821300575196,1.193536152652346,0.9689477735549832,0.8256845444103605,0.9689477735549832,2.479065220393654,0.6917968446749401,1.5101174468386707,0.12396855799671533,0.12109364519976999,0.13260722997267388,-0.042909040426155745,0.30070902462176524,1.0696843789712183,0.343618065047921,0.5558195427314253,0.5664030308839559,0.10760978665221067,0.41022053856323754,0.6835511816446627,0.1936056190528879,0.27333064308142513,0.37322805533412196,0.3632775190387461,0.13085870917766143,0.2071122270570124,0.5585499537800569,0.3506132706463179,0.3514377267230445
1673,Merkez,Tekirdağ,2018,0.54360300586797,0.5860290231662688,0.26075856012264453,0.1796877320127066,0.8671356000703098,0.4796856479965408,0.6874478680576032,0.33117600823696625,0.31642640397586047,0.20462305129701222,0.08204839031813203,0.6132244869695146,0.6178679801907582,0.5311760966513825,0.3215158471000668,0.3086253546841761,0.19575834930817215,0.08205157232811092,0.5898319980114708,0.6088606551553442,0.5077804256833599,0.3537457908962804,0.35545036570192373,0.19861361143747897,0.08985927278504,0.6211081194384822,0.5614585856534282,0.5312488466534422,1.5108445388379126,0.800529467510577,1.878411492541585,0.800529467510577,2.7981914174357687,1.2432857545928528,1.9976619499251917,0.16022288289052994,0.17580812525324577,0.21554703814099432,-0.12887326242883443,0.4413939594059344,1.3452949681866844,0.5702672218347689,0.5482634229713327,0.5703581155206485,0.18214394643538415,0.28923298721489077,0.773349053069977,0.3322197666374472,0.48411606585508626,0.3582498725691542,0.3711460988227586,0.18792022148960516,0.10549509835677068,0.6054575284484269,0.5245507001634181,0.49996243009165625,0.5615739429888104,0.6914617199240499,0.2742076393635631,0.17583652758938584,0.8554159625362211,0.48828412141805316,0.6795794349468353,0.42648359544914544,0.5039794945072397,0.2419896943731295,0.09776303921183972,0.7070036058824707,0.5674068052213856,0.609240566670631,0.4038017458585301,0.4746156327005912,0.22623734378448018,0.09959283590095994,0.6660065436809628,0.5602683646240135,0.5664137077800029,0.4027330799273946,0.48055853609571414,0.21649147663061996,0.10550102960330832,0.6522776189228594,0.5375557346062793,0.5467765893195511,1.7441617016866942,1.7190599016802826,1.3555725553133644,0.1593331426874586,3.5932328618444096,0.7772057797178186,3.433899719156951,0.19766297305510439,0.2851945173957044,0.2526275759159008,-0.15226165100240963,0.4803897138608599,1.27807232690704,0.6326513648632694,0.5652238339086229,0.6368004630115512,0.18661302618176237,0.30088020490011075,0.7694775959271352,0.3301577445722702,0.4685973910270244,0.4101850584174419,0.4980560972749819,0.20783685345323225,0.11915178745699612,0.6347561545893468,0.5066904539504664,0.5156043671323507,0.3623298841375309,0.3085890778120731,0.16227651830332857,0.19932510589432817,0.6132486805373812,0.4478695393552817,0.41392357464305307,0.2572049013736988,0.20697987723822753,0.1487628681153266,0.11350525500357476,0.4804791596204815,0.5783827109079297,0.3669739046169067,0.23840575537533357,0.19335862822288663,0.13068707717827951,0.11137092235493873,0.4394339001319089,0.548170814804922,0.3280629777769702,0.2389273756017704,0.19916492549391876,0.120115036480656,0.12122850320459867,0.42574294929561424,0.5027261366686437,0.3045144460910156,0.6713108295493189,0.4529200498011896,0.5523616818871472,0.20378485635195176,1.4842617389247894,0.8228106229985481,1.2804768825728376,-0.02334426369750887,-0.04884761627694887,0.121408215393605,-0.1620523215161971,0.15427271288034855,-5.20077295933565,0.3163250343965457,0.44398645434174905,0.4257195184515089,0.09448227497317921,0.34779361786849383,0.5819993387926636,0.21280440889409097,0.2342057209241698,0.2598190341515628,0.22069754607372932,0.1233039879393605,0.13481082046457302,0.4511683667127069,0.47457642332482985,0.31635754624813384
1673,Merkez,Tekirdağ,2019,0.4644718409288018,0.48831708999036294,0.22500306381466506,0.175800501793753,0.7616982440576451,0.4844277822412822,0.585897742263892,0.3143172159616741,0.3008252446587443,0.189032069883095,0.0899870287798737,0.5741827640716856,0.601405396471011,0.48419573529181187,0.29139484937624305,0.27733728215304754,0.17361222931330597,0.08991022441431068,0.5273854255772926,0.5957971792738911,0.43747520116298194,0.3148316632252389,0.3085839170933089,0.1699701147187632,0.10552126290847921,0.5507432308133875,0.5398761769306605,0.4452219679049083,1.0542745395611015,0.8437195566676425,0.9392579019592675,0.15929303340136475,2.3433147784702264,0.8909044719511904,2.1840217450688617,0.07706894363659679,0.07420604752860989,0.20507429609736136,-0.17573599408634696,0.3554541943279344,2.660920033682416,0.5311901884142813,0.4884762772754005,0.503931848047623,0.15774710892176838,0.28522121609563034,0.6992009889259614,0.32293709287509853,0.41397977283033105,0.32114135285054424,0.3300864290888353,0.16594193511308197,0.11525443721912738,0.5449020867928253,0.5167255279961083,0.4296476495736979,0.5760079997880144,0.7305475374553542,0.2874095449687481,0.1601828804184352,0.8632418880482362,0.4989679745325102,0.703059007629801,0.4460421418719649,0.5508340814959924,0.25656501395217474,0.0898495156796951,0.7303850262913982,0.5752035286966696,0.6405355106117031,0.41481876677636076,0.509784640629558,0.235581306662942,0.08789673238419334,0.6738036351927131,0.5679138108762322,0.5859069028085198,0.4229891807651948,0.5118162216260315,0.23485469695119415,0.08987544660553998,0.6913497160910891,0.555226250766835,0.601474269485549,2.0475423868768976,1.9688402632204727,1.6221441251871802,0.15794270999498472,4.280881228349268,0.7922395822346934,4.1229385183542835,0.2047246171620831,0.3086374717806054,0.26909732654598595,-0.17570115802338332,0.49599585803290314,1.3144356075798065,0.6716970160562865,0.5720229203275413,0.660229535203243,0.20308991671783502,0.2851992153525361,0.7928831529491761,0.3550380754001,0.50768393759664,0.4198051997937649,0.5293030433089072,0.217555810831893,0.10743335009240079,0.6425754224808012,0.5182303862333537,0.5351420723884004,0.42603422279338077,0.41014603902954694,0.16784539853722846,0.22265594833104216,0.6679402990425356,0.3939716331629785,0.4452843507114934,0.31464977542950945,0.2851299177024143,0.15751660421155755,0.1445511191341051,0.5429741484345558,0.5006093012351308,0.3984230293004507,0.2877233832658138,0.2616941093053181,0.13973801424392032,0.1367689297649495,0.48826756895921114,0.485667910121935,0.3514986391942616,0.2798821445044918,0.26172027600985975,0.12896667976114878,0.1367733837959413,0.47262911588096207,0.4607892368034897,0.33585573208502073,0.9173134276630193,0.7647995575344035,0.9956994496937209,0.7647995575344035,0.7647995575344035,1.0854517329266624,0.0,0.07583761019251478,0.06641560110748665,0.12563293414214063,-0.08196632598441864,0.2460364107300021,1.6566046032202197,0.3280027367144207,0.47241015699179956,0.46484596459863065,0.10871717476410696,0.3556197619871037,0.6210796990963332,0.2301330171569409,0.2654599371092295,0.3047369294068633,0.2871049254966759,0.12763360273030877,0.15430431018778684,0.4901932293231075,0.4188320824086974,0.33588891913532065
1673,Merkez,Tekirdağ,2020,0.47508257006183113,0.5039192690674122,0.2423386107526301,0.16800468422707304,0.7851176804009069,0.5100978777669957,0.6171129961738339,0.30135500098102147,0.28518433798274717,0.19991709717559852,0.07428197170662953,0.5819741652134731,0.6633939922177988,0.5076921935068436,0.2818258381450754,0.26758465461837316,0.18294201789433065,0.07228598011668395,0.5371096020594069,0.6491314604027103,0.464823621942723,0.32952069891723923,0.3320756332212607,0.17890095333166767,0.10552562626603344,0.5663495099331428,0.5429126422695514,0.46082388366710936,1.1082928719102323,0.9061872168770637,0.9212508030733,0.1596034711473304,2.4683783980299325,0.8312340775822638,2.3087749268826023,0.06305339495781496,0.06638497238527497,0.2151322195841653,-0.19915718160916435,0.34762477751719995,3.4119054133103646,0.5467819591263643,0.5083735020243086,0.5273640065651344,0.16071049371602852,0.30087100149971935,0.7147899041264564,0.31612681045744967,0.41391890262673703,0.3194500049356071,0.33008429888958385,0.17932822459499986,0.09963621890589995,0.5605358765878244,0.5613655402232591,0.4608996576819245,0.57262774425003,0.722682527393247,0.3125365719222617,0.15243189452203862,0.8944887068240317,0.5457936243232338,0.742056812301993,0.4697646382953264,0.5586094574801933,0.3063277461276969,0.08986142276407139,0.8241774859145226,0.6520877076641903,0.7343160631504512,0.4355363679093074,0.5195742205195447,0.2806057974496374,0.08213934662855911,0.7616462699700352,0.6442763868299248,0.679506923341476,0.4310562122226041,0.5195693442333503,0.254018225534189,0.09770423966317723,0.7147387570725261,0.5892925756119485,0.6170345174093489,2.180274481793056,2.0313559512476305,1.8268762493070452,0.1567903649836739,4.655915923455111,0.8379111275038287,4.499125558471437,0.19490064870759716,0.3007746674014025,0.28152506860808735,-0.1757137219812651,0.4959481820756681,1.4444542410448817,0.6716619040569332,0.575113747517265,0.6680108848262918,0.21863574226154026,0.277441170865816,0.8084577677217889,0.3801608694025816,0.5310165968559729,0.42451029887400415,0.5292895132214036,0.24497638033823765,0.10353406858475514,0.6894284487707149,0.577079945970751,0.5858943801859597,0.4705861398841361,0.44924840837420754,0.21747043603258984,0.19923085502581314,0.7851740542625832,0.4621267343023185,0.5859431992367701,0.3493981405017332,0.2930014642791134,0.22070730515350084,0.10554234682192026,0.6835493511282119,0.6316785339400112,0.5780070043062917,0.32413160324741863,0.27732932946331385,0.1975739069554297,0.10553073617997072,0.6210577133628626,0.6095484209992817,0.5155269771828919,0.30579326656064953,0.2773591460273294,0.16191241901568312,0.11333197097629968,0.542968596766583,0.5294832709587155,0.4296366257902834,1.0690113635056446,0.7255762159489509,1.1491000687612702,0.7255762159489509,2.6171773339282103,1.0749184788765838,1.8916011179792593,0.082341427905866,0.08197613536532421,0.1666601537836921,-0.1367010917431542,0.3085668827342511,2.0240134039723063,0.4452679744774053,0.5057330793772021,0.4960607236521283,0.12591340679978466,0.34770181367943337,0.683580947368327,0.2489720604292761,0.3358791336888936,0.3382674459326644,0.31055253468609056,0.17236055053433938,0.13085607436458166,0.5956986303310713,0.5095392790728361,0.4648425559664896
1673,Merkez,Tekirdağ,2021,0.49150903851515915,0.5586386267570371,0.25077404579993945,0.16019945678216432,0.7929268147270768,0.5102124806443515,0.6327273579449125,0.3525759586388764,0.3711651630199225,0.22145491020249566,0.08991173928508477,0.6444602879731064,0.6281055323721586,0.5545485486880216,0.32770391726977127,0.3476709936676624,0.20263699479910469,0.0821246848683608,0.589809677525243,0.6183538985049439,0.5076849926568823,0.3248758559720914,0.3554766934985615,0.17244184962222545,0.10551952246300587,0.5429482998047347,0.5307930597250635,0.4374287773417288,1.0442287120040588,0.9843531656554906,0.8204977338136269,0.14138911883446065,2.171692371847149,0.7857452341441056,2.030303253012688,0.12732273020303733,0.17577661082931714,0.23892657602256026,-0.1756921182148287,0.4179219831519574,1.8765429836569791,0.593614101366786,0.512484933285855,0.5586618198792798,0.1646358425882436,0.2930259188633623,0.7069544163694891,0.3212501127255826,0.41392849750612676,0.3489691662565335,0.3886570922983875,0.190330608368355,0.10743576067392774,0.583965211688899,0.5454080955348346,0.4765294510149713,0.5711357341551817,0.7148841644282242,0.307125993750523,0.15237587827101629,0.8944575006896496,0.5377460652235685,0.7420816224186333,0.4384481238281068,0.5195323632925805,0.2778177050569309,0.08211615961073385,0.7694775352169779,0.6336387133585936,0.6873613756062441,0.4122455416376114,0.488332879846264,0.2578123967341447,0.0820864913010169,0.7226099276177492,0.6253855304535404,0.6405234363167324,0.4211511654111391,0.5039169334028392,0.24740951275098857,0.08988646424889864,0.7069597599749418,0.5874601166292885,0.6170732957260431,2.076608091746855,1.9064554612106417,1.772104928933392,0.15626832460607187,4.530725847418653,0.8533651274770326,4.374457522812581,0.1996975685206252,0.3007640276595106,0.28547525879595004,-0.1835324241743329,0.5194386026875738,1.429537980410941,0.7029710268619067,0.5750537049451206,0.6680228121084525,0.21388893240897128,0.2852239027739414,0.8084826428615847,0.3719460122935534,0.5232587400876433,0.4158912719324355,0.5136704667112206,0.23395993358765904,0.1035357895797915,0.6738117593720377,0.5625507178849078,0.5702759697922463,0.506678242987084,0.5351665894232306,0.23540032120691526,0.1758060045041377,0.8085942101042704,0.46459528204552486,0.6327882056001326,0.36099309675620495,0.3476497110815148,0.19848340938638268,0.10550530109724793,0.6367034989974691,0.5498260525475576,0.5311981979002212,0.3404244659039835,0.33205872617416426,0.1830154334859792,0.10547773500770828,0.5898559806882319,0.5376095193393021,0.48437824568052357,0.333042195613988,0.33985893493266084,0.1765978567944902,0.09771946986443399,0.5742133735600512,0.5302567035655015,0.4764939036956172,1.2190839756311924,0.4461145757405385,1.2913700629792826,0.4461145757405385,2.423145619540721,1.0592954126155776,1.9770310438001824,0.14045751746233134,0.1524047969610414,0.21033407581728322,-0.13666011535254516,0.4101131909417406,1.4974924775649103,0.5467733062942858,0.52110480526066,0.5507944334673827,0.16120769372837485,0.29301907772164604,0.7226114129325065,0.3093575267411662,0.4295923352108605,0.3599349953566638,0.36914371192400874,0.17335474848086865,0.12303957113543935,0.5878806498212433,0.4816279348138666,0.464841078685804
1673,Merkez,Tekirdağ,2022,0.39229198317917197,0.3867325856174903,0.20308831884250458,0.15241642785067203,0.6679453550115727,0.5176968369240108,0.5155289271609007,0.2292187914845549,0.2070267045090357,0.14923515257139994,0.0666275360421213,0.44135737115266066,0.6510598524879476,0.37472983511053937,0.2212528529356916,0.20114885818919898,0.1412648750548977,0.06840745458989822,0.4199230873374167,0.6384770780603545,0.35151563274751846,0.2522344876725959,0.23836410948972678,0.13439189035029997,0.09773007140161352,0.44135521896785196,0.532805373247542,0.3436251475662384,0.6687242534980715,0.5156640974548847,0.5519355059211001,0.14123248131183902,1.4217158755539863,0.8253558967451026,1.2804833942421472,-0.020746926434197767,-0.035166974489896044,0.16474385293907995,-0.2147770784917717,0.19919019711515765,-7.940638988699927,0.41396727560692936,0.4578433816923126,0.45708769114949743,0.13084869605565042,0.2930373346724996,0.6288387909009369,0.2857935732782646,0.33580145622843727,0.260561723211749,0.2519818426702033,0.1465591904719316,0.09571128326337136,0.46286882734818663,0.5624739837663275,0.36715754408481527,0.5326963104676105,0.6133518087294146,0.3135512328843417,0.1446063758886235,0.8866806161349855,0.5886116098853788,0.742074240246362,0.4109931255872413,0.44917162069503175,0.27935573329298347,0.08214616210624326,0.7538616779178012,0.6797090167720695,0.671715515811558,0.39099708574729036,0.41795588977469744,0.2649348052421095,0.08211590301805924,0.7148008164187968,0.6775876723882859,0.6326849134007375,0.40301671077945395,0.4257989700818586,0.2635986668131459,0.08211292745086675,0.7226255675785328,0.6540638632659506,0.6405126401276661,2.1256232450574855,1.3435945736689412,2.0358015450804805,0.15692753639023954,5.093844019562039,0.9577433582428782,4.9369164831717995,0.1663282850377898,0.19141350757911849,0.2853947725822061,-0.18351165877273298,0.5116530764923622,1.715852312896537,0.6951647352650953,0.5533806349290868,0.5977221107406777,0.22921309377482968,0.26181930867279346,0.8241016867060391,0.41420512267149046,0.5622823780332457,0.3907204599254909,0.44331971211765625,0.24013319849686368,0.09961803535277862,0.6699065327214059,0.6145907960454804,0.5702884973686273,0.4359865228122409,0.39453723212098196,0.1781834733467297,0.2383603438872082,0.7148299849917865,0.4086903241811102,0.47646964110457835,0.30274767624602067,0.25388599538556167,0.16353578475453084,0.14464106381535624,0.5585495276333724,0.5401718909367859,0.41390846381801616,0.2940478538217978,0.24605875290982615,0.14887098293231094,0.1447122706970316,0.5273360477723968,0.5062814810494465,0.3826237770753652,0.2860237382375192,0.24606257552484806,0.13831448733886445,0.14465245304843322,0.5038751767041652,0.4835769513088653,0.35922272365573193,0.8842539661674508,0.593200646221349,0.7746076184477318,0.22241044656967884,2.0308469550674433,0.8760012938421412,1.8084365084977645,0.059255013185677,0.04297802725897548,0.12105154679529208,-0.07410717521269332,0.23827105466815976,2.042891230417487,0.31237822988085306,0.5105885158126311,0.4960564901364968,0.10776063330661984,0.38677959822576435,0.6679327610408864,0.21105181563888598,0.28115316281512204,0.31460833735454313,0.2792996892063054,0.13581785282294515,0.16995606297544866,0.529275838927392,0.43170455673553004,0.3593197759519434
1673,Merkez,Tekirdağ,2023,0.43385488506252445,0.457049313226924,0.22678176956878024,0.16023891871162904,0.7304442892018524,0.5227134172664619,0.5702053704902235,0.2587597589540944,0.25392420172939845,0.17308268265936785,0.06654609574688612,0.4960732497221285,0.6688933525018231,0.4295271539752424,0.2420438444714154,0.23633516881063102,0.1585714328332421,0.06448983259204182,0.4628838870848077,0.6551351602414698,0.3983940544927659,0.28863639708788513,0.2930049572542604,0.15646638484798966,0.09775303939212117,0.4960502535996486,0.5420881996401451,0.39829721420752745,0.8463356587383654,0.7192379449721236,0.6841798288154406,0.15798990655060152,1.780432024581927,0.8084024603611162,1.6224421180313255,0.005233214645246606,0.011758193415657323,0.18220572184193773,-0.2226114825735326,0.24601616273694807,34.81716959716863,0.4686276453104807,0.47287527486498376,0.4883049157661979,0.1479390137469904,0.28525019056968276,0.6601134671551474,0.3128499661760286,0.37486327658546464,0.2839635527026253,0.2910364037634678,0.16311561032327884,0.09184175870710148,0.5019252760927642,0.5744244596562649,0.4100835173856627,0.5760286938780637,0.7070450486698031,0.3108914486463846,0.1680177334511686,0.9023580480354121,0.5397152120206629,0.7343403145842435,0.4613513593134994,0.5195517301688791,0.2931251880528714,0.09773715802279197,0.8242297524508362,0.6353621424006377,0.7264925944280443,0.42852742559627194,0.4785075530998711,0.27109294864734124,0.09570878385574605,0.7675713239465731,0.632615166392514,0.6718625400908271,0.4413697216602421,0.5039081938392315,0.2638875469105026,0.10554212544177295,0.7460033733538419,0.5978832121013461,0.6404612479120689,2.458440006920186,1.9068806141051537,2.176705494155074,0.16026328172921783,5.46843028795716,0.8854011031499379,5.308167006227942,0.21065549213434404,0.2851605208353772,0.28987497041541005,-0.17574218100502542,0.5350684291871515,1.3760617749787618,0.710810610192177,0.5762871824603174,0.6523930137416046,0.22483397063035784,0.285243580714433,0.8241221164265158,0.3901422371923736,0.5388785357120828,0.42377402723685964,0.5058777791078429,0.23913783880210265,0.11526285698588665,0.6933544820584172,0.5643050858056516,0.5780916250725305,0.3986451931373562,0.3632897472381011,0.20313555963176447,0.16019189639220993,0.7149101211621476,0.5095648038123279,0.5547182247699376,0.2766490131127675,0.2382697791560662,0.16229420855441332,0.10553065326900243,0.5273202967702478,0.5866430056204792,0.42178964350124537,0.260574579948184,0.2206987439601105,0.15098400460073633,0.09962093191164734,0.4941497834738206,0.5794272205322558,0.39452885156217327,0.26587302136159535,0.23044180713798096,0.15466759178081674,0.09772316022964948,0.5038475187883001,0.5817348108082924,0.40612435855865064,0.8462511744511342,0.5304473440957989,0.7962841668535582,0.15821913600823312,1.9684954055011323,0.9409548735575063,1.810276269492899,0.04868431323097628,0.03518026114202749,0.17429956643038755,-0.16011543834421357,0.3007995806070419,3.580199757639516,0.46091501895125553,0.4647489219103291,0.4570137250182269,0.1445683249610765,0.2851895209163251,0.6757785338964906,0.3110675854111399,0.39058901298016546,0.2826881455568915,0.2519436365520767,0.14745366331970702,0.11525313907537796,0.5136853969508889,0.5216124752215042,0.39843225787551095
1673,Merkez,Tekirdağ,2024,0.4509311460974634,0.44147850078499723,0.2333061499608965,0.16801707145251416,0.7694995683540252,0.5173875257453832,0.6014824969015111,0.28093920707755016,0.24612140407540012,0.19371003987782065,0.07427065129076917,0.5585753676356854,0.6895087442328729,0.48430471634491623,0.26726314939337636,0.2304521917293641,0.18023283384434835,0.07425210538896342,0.5272919315046273,0.674364701057493,0.45303982611566385,0.29369655402661304,0.26952685829346,0.1659093078589458,0.09772195349598307,0.5272852848535494,0.5649004238705235,0.42956333135756636,0.9527680919855104,0.6561335748871081,0.9258041334022075,0.15831766623029064,2.1561309388032637,0.9716993476060772,1.997813272572973,0.05135915854783141,0.035145738347776886,0.2080032233949159,-0.19135714366673778,0.3397820070981744,4.049973349956658,0.5311391507649121,0.48912314947550795,0.4883106393705997,0.15049674064391605,0.3008877060132707,0.6913377562620451,0.3076868081285773,0.3904500502487744,0.30278830902235565,0.2871238961171205,0.1754256502055818,0.09963128588190001,0.5488339437893842,0.5793673169614671,0.4492026579074842,0.5588337254973228,0.6836624137418776,0.3049855248576575,0.16021844363396567,0.8866754459974305,0.545753613181169,0.7264570023634649,0.4303693280046118,0.49611702574715083,0.2735400661165953,0.08989101861740592,0.7616668964931324,0.6355937756643849,0.6717758778757265,0.40346891674243923,0.4648547252558832,0.2540979472620925,0.0898584754715783,0.7147842227856348,0.6297832044006005,0.6249257473140565,0.42022687123951313,0.4804841532179074,0.2563533019244687,0.08987647863063442,0.7226606789365672,0.6100354819488857,0.6327842003059327,2.1971467687537296,1.7188612441832138,1.962607904067693,0.1582945827568032,5.031056134464002,0.8932529824491096,4.872761551707199,0.19174886115399736,0.2617927340834712,0.2882928367936841,-0.18349415113431294,0.5194750227223075,1.5034917811696955,0.7029691738566204,0.5679561816382233,0.6367353771015286,0.21943131463418686,0.2774142555944131,0.816326895506834,0.3863525422000957,0.5389126399124209,0.40747555113607564,0.4902560985285918,0.23189404974075276,0.10744397998442201,0.6660043927106971,0.5690992971092693,0.5585604127262751,0.37566433893504897,0.3163903913662086,0.16252884435455636,0.2149429448059183,0.6288969588866691,0.4326437926349379,0.4139540140807508,0.2737002824731793,0.22258171556094208,0.1297188175619878,0.14470522780114672,0.47263698957156286,0.4739447704979966,0.32793176177041616,0.2616165047216586,0.21677325016056595,0.1181300969661001,0.14651404512991834,0.4433644097276566,0.4515391606954697,0.2968503645977383,0.252817235114798,0.20698321440968337,0.12371604267468934,0.12907593601514297,0.44915167985495114,0.4893497178644209,0.3200757438398082,0.7140482547288914,0.4676818165698864,0.6079314299240112,0.2201802150782359,1.6558209501840044,0.8513870398784595,1.4356407351057685,0.05539537266309866,0.04491517030990589,0.09112335786965205,-0.05271543860467219,0.17771251115626766,1.644963351430857,0.23042794976093983,0.470260596770168,0.44914201220164496,0.09812635102288915,0.3712594840962498,0.6132489103286527,0.2086637742920374,0.24198942623240288,0.2762131296053963,0.2363214319789007,0.11713356064537121,0.15824421632446148,0.45900616723632726,0.42406948870501054,0.30076195091186575
1705,Uzunköprü,Edirne,2017,0.3190352299496968,0.29296723881953135,0.1320752689245804,0.1759015295237128,0.5116761545252017,0.4139833364027073,0.33577462500148886,0.17106873097860262,0.15235022639501972,0.08960479452289359,0.07456643959098969,0.29286725397022484,0.5237941148584391,0.21830081437923515,0.16507107300812293,0.14646530705225141,0.08524576382541398,0.07622635950186853,0.28317054095154726,0.5164185479137168,0.20694418144967874,0.19989358878976352,0.17574195517140936,0.09138159022134994,0.10562913090207769,0.33198027264635854,0.4571511811589905,0.22635114174428084,0.4133158237679122,0.327926734728853,0.309257038550217,0.14183617459404657,0.8589779352662027,0.748234209208194,0.7171417606721562,-0.05447310066609743,-0.05857429374903279,0.12865649232631968,-0.20697654455282016,0.10544291378086533,-2.361835305005723,0.3124194583336855,0.4035199027042354,0.3944996297014552,0.09109377305349728,0.300874058789951,0.5272849244274092,0.2257479059719776,0.22641086563745816,0.20512797014735343,0.18553323915130077,0.09251850935069651,0.10745602840788884,0.3378663650559689,0.4510282497517816,0.23041033664808006,0.496063053731084,0.4726149210974449,0.29433363159858006,0.15239738322089189,0.8867484049419886,0.5933391519178496,0.7343510217210967,0.3744699252080944,0.324313508434436,0.25469836506685617,0.08994699711271248,0.7304467983271998,0.6801570644834009,0.6404998012144874,0.3550567896616761,0.3007688479141468,0.2467088731067853,0.08218600543052575,0.7070200741715551,0.6948434174202596,0.6248340687410293,0.35143467037112447,0.30858239510579843,0.23417042272408173,0.08994619726350725,0.6835759083199942,0.666327037331836,0.5936297110564869,1.550408796972297,0.7811176520007004,1.6088263671215899,0.15542255764993076,4.09370172280486,1.0376788175243672,3.938279165154929,0.10704467256226054,0.058508115610137704,0.2407704613206316,-0.17571418971520794,0.44919675413007304,2.249252163208701,0.624910943845281,0.5199088577093323,0.5039007922180608,0.2119593217916807,0.2695876968304704,0.8007949242447475,0.40768553689497194,0.5312072274142772,0.36125682379591223,0.3339967575879824,0.22452929571375813,0.10353653449624935,0.6660207148151897,0.6215226424085578,0.5624841803189403,0.4499144359446725,0.41013894286050523,0.1869641954674728,0.23052043756456408,0.7460670007387206,0.4155550045308269,0.5155465631741565,0.32215481253904676,0.2694783124580785,0.18502146897091654,0.1289603573203071,0.6210787905738894,0.5743247090201113,0.4921184332535823,0.298654161209129,0.2538636100441027,0.16692485656769104,0.12897954406040302,0.5664189336784704,0.5589235920634098,0.4374393896180674,0.28099267176691756,0.25390262088914817,0.14057720602170873,0.12119511598128804,0.5038857286893433,0.5002878015919113,0.38269061270805527,0.8954702003863668,0.640550545091743,0.720747423839778,0.2658458666328554,2.0468795357385896,0.8048815287530489,1.7810336691057342,0.06388088695849722,0.035127585736377115,0.15650172422271622,-0.12102123829401848,0.3007848610653202,2.449899049216299,0.42180609935933866,0.4816640929407716,0.47262714845933257,0.12344425673664632,0.32426118736555976,0.6601244049169808,0.25628702356234345,0.335863217551421,0.31947772465686863,0.28318219026707736,0.14713498570939718,0.15430744616381523,0.5527281449337981,0.4605484963542476,0.3984206987699829
1705,Uzunköprü,Edirne,2018,0.46683785867864774,0.5039167033331101,0.2599303100974726,0.16804913837146473,0.7695078337918095,0.5567892690476889,0.6014586954203448,0.2912197949937271,0.2929891972270151,0.18084192754144462,0.08219098498978664,0.51948764183381,0.6209808902081673,0.4372966568440234,0.2779082658157878,0.2851899717803295,0.17251902549090933,0.07441896647762364,0.5038477296212481,0.6207768775228297,0.4294287631436245,0.2784487574759309,0.29297613137535883,0.1994308035664616,0.07439227168351784,0.5117156751902833,0.7162208421192197,0.43732340350676546,0.9816782440433844,0.5015364701912798,0.9169879205532446,0.5015364701912798,2.3904818063553686,0.9341023152110511,1.8889453361640887,0.1622977019940055,0.1601722132201538,0.20336702356697653,-0.08985085513457446,0.38666865812343865,1.2530493104239266,0.4765195132580131,0.48239538647438035,0.5273752903666687,0.20780376628310981,0.27743667232290814,0.6991571486055106,0.4307747795887059,0.42172047628260245,0.3142036438791386,0.3320418288215482,0.18031121024637897,0.1056169792930752,0.535095686752144,0.5738673429126028,0.4294787074590688,0.48827647419499876,0.5273368496978725,0.24152851536405834,0.18366017537366588,0.7929441408050978,0.4946552376136008,0.6092839654314319,0.3442612242903763,0.36333276974480405,0.19441913209684997,0.10556948907543331,0.5976102779487487,0.564743045045532,0.49204078887331537,0.3277380586923664,0.3496036189379606,0.1869273937113411,0.09962651517034206,0.5683496904076558,0.5703560778298311,0.46872317523731377,0.33545076099668175,0.347675848631687,0.18790017220314073,0.10556105874134389,0.5820309072390067,0.5601423339892182,0.47646984849766283,1.1902710047965197,0.9532687236987328,0.9951367773813227,0.17283763475049854,2.6406638372939515,0.8360589927597575,2.4678262025434528,0.12040387282434428,0.1289555643139771,0.20403059298945736,-0.14450445342626428,0.3866981489942578,1.6945517465797388,0.5312026024205221,0.511717623025103,0.5508430670580545,0.17780504332299743,0.28523291588372635,0.7304151079406191,0.34746710944187076,0.4451821920568928,0.3485133904692555,0.3769789441315025,0.17996141337241767,0.1230799514651899,0.5761790072380877,0.5163687200945387,0.4530990557728978,0.3497345454105184,0.3163872312651296,0.1428613295226955,0.1992836817104912,0.5585757954267424,0.40848503928888374,0.3592921137162512,0.23851188548643082,0.20698598636295795,0.11180991616566315,0.12904077250281493,0.40232517706125953,0.4687813185394659,0.2732844045584446,0.22277597618328712,0.1933492729965495,0.1002360674186261,0.123090145654627,0.3691175268150464,0.44994109838916246,0.2460273811604194,0.2197704402599337,0.19136083904542248,0.10384314013207281,0.11337803876067497,0.3710605283971232,0.47250731267249696,0.25768248963644824,0.5757201564817667,0.42163219335790675,0.4326362815046175,0.2037598015687273,1.171685680230899,0.7514697490330432,0.9679258786621717,-0.009879379889901297,-0.03519203217757816,0.12629282964303656,-0.144472877880892,0.1757665490687001,-12.783477409562224,0.32023942694959207,0.4272932418696556,0.417926992842235,0.08989252880106549,0.3321761508223976,0.542924459825293,0.21037666874330513,0.21074830900289543,0.24753693629851684,0.22067894535153124,0.10145805158083385,0.14261222024841716,0.3964487887696348,0.40987035348325007,0.2538365685212176
1705,Uzunköprü,Edirne,2019,0.3742063279882684,0.3476737096742142,0.171007241416088,0.1836573067698404,0.6210486098802115,0.4569865035030866,0.4373913031103711,0.2343065464216353,0.1992254240527098,0.1358134039969401,0.08996111639166443,0.4257547396590968,0.579639818311109,0.3357936232674324,0.2166591277041965,0.18358097332147058,0.12487205455225164,0.08986008214403726,0.39446173190043626,0.5763526137829685,0.30460164975639903,0.24039678337419484,0.2226687764287368,0.12352000551517699,0.10566211721183066,0.41012178036035407,0.5138172141135068,0.3044596631485234,0.5998979924522321,0.4530833020975389,0.4965334223950823,0.172097389858576,1.2654283635041728,0.8276964227957799,1.0933309736455967,-0.013336885303951485,-0.03516586133650267,0.1513759017286341,-0.19133648981575144,0.1913227277512346,-11.350168969645715,0.38265921756698607,0.4285927559760274,0.4179946611230822,0.1256912304228891,0.28525899948155614,0.5976017407147515,0.293264943633157,0.31234274123319533,0.2522214662723615,0.22852936323367948,0.1252818595842061,0.11524881656322525,0.4316006551179207,0.49671370734527565,0.3163518385546954,0.4899579113379355,0.4648898372190862,0.26797129998363295,0.17587314428268178,0.8398497012530947,0.5469271824836539,0.6639765569704129,0.34924138511900193,0.31647851649358594,0.22458329360549265,0.09768822590837134,0.6523007173642403,0.6430603679142071,0.554612491455869,0.3252629911244993,0.29102384301022277,0.21024881191075995,0.08792134002069363,0.6112949561928588,0.6463963550968024,0.5233736161721652,0.3475709286321722,0.30859548613802434,0.2175689501575228,0.10553366033562593,0.6601166403876455,0.6259699308389856,0.5545829800520196,1.4306161067931593,0.8434254927507517,1.3858419799596884,0.16106977071771994,3.6562687642918883,0.9687029059571853,3.4951989935741685,0.11088077467349307,0.06640808379944643,0.23823328686657982,-0.1678931863748829,0.44143444820845046,2.148553593425889,0.6093276345833334,0.5092073480463482,0.4961683103975358,0.19249035916498605,0.2774075101254078,0.7617273609532247,0.3780196022376832,0.48431985082781687,0.3463749485878091,0.326188905444231,0.2004645586096586,0.11525898903708898,0.6113104606371279,0.5787501648920175,0.49605147160003893,0.4298713535426895,0.3945122912126174,0.16912949950147396,0.2383394213831215,0.6835882670468348,0.3934421265981803,0.44524884566371337,0.30576437068533274,0.2616851525878977,0.1582314488187311,0.14459341606031662,0.5429669370974032,0.5174947246602835,0.39837352103708656,0.275296227523579,0.2363210690420058,0.1391177064468491,0.13479231772182942,0.48632252179069957,0.5053382231143495,0.35153020406887014,0.27815727012720887,0.24609163662248631,0.13122006271093292,0.13685138866124075,0.48047301317131236,0.4717477369939762,0.3436216245100716,0.8702195363831304,0.6404598263580318,0.6771608706870434,0.2661943437036876,1.8905001981988099,0.7781494696171826,1.6243058544951223,0.041995681377859945,0.011713544998741556,0.1529042052569817,-0.13667180830541323,0.27734028381179315,3.640950693982371,0.41401209211720635,0.4635182658469473,0.44917526228995497,0.11142057138839942,0.33994520365123715,0.6210514717377327,0.24038010926022546,0.2811062680864955,0.301282180361204,0.2714826703218514,0.1288145615729019,0.16212856134002634,0.4980521614533273,0.42755453182948777,0.33592360011330097
1705,Uzunköprü,Edirne,2020,0.48675544865244874,0.4726520803482789,0.24203796185916235,0.191444841146852,0.8085665785074289,0.4972475655469886,0.6171217373605768,0.32358212042489676,0.2930049293676323,0.20453318834734366,0.08991130813894119,0.6132343374918288,0.6320905125374988,0.5233230293528875,0.3030606921212482,0.271484952086348,0.1905825998694934,0.08790334243266194,0.5722453487384809,0.6288595150216489,0.4843420063058189,0.3444784334096989,0.31638399716948945,0.19170381939714262,0.12112913628179488,0.6132785534080321,0.5565045611117934,0.49214941712623717,1.2511193376458782,0.7807093941271659,1.1357724949802632,0.2173841397538636,2.968315424236934,0.9078050836600023,2.7509312844830704,0.07471119702146159,0.050788809903164665,0.21526824310876994,-0.18353209431887993,0.371026923358975,2.8813384297260267,0.554559017677855,0.5214169837883096,0.5273645109878039,0.16991401540094497,0.30867440444154204,0.7460592650315795,0.3258697370508523,0.43738486059003745,0.33423828961420976,0.31837030351270146,0.1819192119029143,0.11915755878147433,0.5839792448292505,0.5442799869305585,0.46482168604777613,0.5523190632254743,0.6054519972764093,0.2944639226975365,0.17584537788840754,0.8945596823893379,0.533140972860694,0.7187143045009303,0.4292247890932559,0.44141135100523704,0.2760990708136464,0.09768391921487941,0.7773205006792304,0.6432505247353257,0.679636581464351,0.39929519234641003,0.4023219216013636,0.2577161317503927,0.08991433441607108,0.7226193315586358,0.6454275851305771,0.6327049971425647,0.409003939014862,0.41013503328266365,0.24511049530332596,0.11333876143289719,0.7148277372571775,0.599286392922537,0.6014889758242803,1.9916220146049024,1.2810819402541032,1.8279631010379842,0.16008435266873228,4.71859868481307,0.9178263182638173,4.558514332144338,0.18428648503219258,0.18353651811463634,0.2628926459590397,-0.15228727842115905,0.5038296928104762,1.4265432753417355,0.6561169712316353,0.5592237886144293,0.589863262508138,0.21381281873675992,0.28523251238916686,0.816281990195946,0.3823385612162834,0.5310494778067791,0.40222944312657616,0.43160784226771565,0.2294760905874694,0.11914893412963197,0.6777154543840255,0.5705104251039533,0.5585665202543935,0.36166703823550117,0.3222534666781756,0.14283052695398665,0.21684063912631202,0.5800775369510374,0.39492271026640224,0.36323689782472535,0.23799227832134273,0.20115289117132093,0.12036203465368124,0.12309565029879148,0.4159972547836358,0.5057392428974758,0.2929016044848443,0.22052188325521688,0.1855211499469451,0.10954143643328247,0.11529574454633,0.380833355915037,0.4967372617007208,0.26553761136870696,0.22667643176772098,0.19724529454742556,0.10845182289339791,0.11918599306973666,0.38868266102869525,0.47844331255633255,0.2694966679589586,0.6133827700646525,0.45275152530054324,0.46909255933896127,0.23557226474695755,1.265314472185448,0.7647631825222567,1.0297422074384903,0.008171472249576548,-0.01956846720444872,0.13663268136308318,-0.1444741965576287,0.21482111982344154,16.72069330837703,0.35929531638107026,0.4282905063482312,0.41795007596236655,0.10107712725461489,0.3086701209410973,0.566349882229192,0.2360013256339422,0.2576797612880947,0.24943907873538204,0.21678019489799283,0.10675535436287698,0.1426316663641002,0.41209447894986867,0.42798167353772426,0.26946281258576843
1705,Uzunköprü,Edirne,2021,0.423342527179848,0.4101845262689648,0.21909212336952424,0.175857838800715,0.7226334003489602,0.5175292093356065,0.5467755615482451,0.2942183052966237,0.2617331110841401,0.18452145774321152,0.09003459688293791,0.5585968454576452,0.6271583189128274,0.4685622485747073,0.2672044805079823,0.24026959919963395,0.1684059796635361,0.08404451794279008,0.509726142412872,0.6302513316519976,0.42568162447008184,0.2710594780786856,0.25391769202366593,0.15440200336326987,0.1055659563737119,0.48824985291122913,0.5696240709149771,0.3826838965375172,0.7630675251343192,0.578199018118683,0.6404007780817065,0.1420746094042078,1.7028221795286758,0.8392452266514419,1.560747570124468,0.08000642291058789,0.08203103272556474,0.18943649139410346,-0.16791031530739783,0.3398145618574366,2.367766043056448,0.5077248771648344,0.4541176239144749,0.45709899635022805,0.15893687319499686,0.2696316383087737,0.6601217352258189,0.34999054171244814,0.39049009691704517,0.29476962941359636,0.27930785267325065,0.16356739354834426,0.11136278547486259,0.5214911706712935,0.5548990710940578,0.4101283851964309,0.5202184441930154,0.5430071106537624,0.2763628602688837,0.18363543761357284,0.8632511674852221,0.5312438714040393,0.6796157298716493,0.38384775684853784,0.3867346274831395,0.2408310477036385,0.09773742961491655,0.6991997800541891,0.6274129349638685,0.6014623504392727,0.3569832965315493,0.35553513658559255,0.22481519885422285,0.09765561793922738,0.6523260665330778,0.6297639162350954,0.5546704485938504,0.3718184540578882,0.36332056667911694,0.22249401443318045,0.10556198654704765,0.6679532776692163,0.5983942217094488,0.5623912911221687,1.5638922760547656,1.0311079933026428,1.4368856881931256,0.16057751840906864,3.7187344397983892,0.9187881481312512,3.5581569213893207,0.15276322372855042,0.15231421010729396,0.24093890067701787,-0.15232421879337144,0.46484958716780567,1.5772048716721865,0.6171738059611771,0.531407460880646,0.5508248971141926,0.1988482816300428,0.28523190273400356,0.7773354124390895,0.37419173848352133,0.492103509705086,0.37261103145422503,0.38867859042164127,0.20928008057688646,0.11916080504579465,0.6347571077161612,0.5616583056065434,0.5155963026703666,0.4144591500643019,0.40232660239805773,0.14704698812753034,0.23834191176408348,0.6210454729617179,0.35479247618183,0.3827035611976344,0.2630388559314906,0.2382521497521539,0.11632276748097131,0.13680668125738682,0.42574873858019335,0.44222655648741105,0.28894205732280653,0.2430887324139925,0.22263997902770433,0.10724082567161804,0.12118294347399894,0.39449510828545764,0.4411591792291773,0.2733121648114587,0.2522978024876069,0.23827392669786757,0.11131391910905225,0.12113282367450617,0.40230724063572665,0.44120050991930493,0.2811744169612205,0.7010985485711942,0.5780027375884218,0.4697755790315869,0.2346360419243102,1.2966732480896395,0.6700564135940195,1.0620372061653294,0.050746416253550725,0.027347472909377325,0.14251234357903333,-0.11323103242323909,0.2617476360731488,2.808323308329418,0.37497866849638795,0.448754899104357,0.4570314811888897,0.11450546389806388,0.2930364327777668,0.5898006304362966,0.25516259349279186,0.2967641976585298,0.28055517589670886,0.2675756951931066,0.10684059385721875,0.15432826216008008,0.4277203344934783,0.3808184736415411,0.27339207233339824
1705,Uzunköprü,Edirne,2022,0.3544447352919666,0.3476699534501263,0.16301605480796402,0.1758734598359768,0.5742125662433714,0.4599195264493995,0.39833910640739456,0.22194770166127523,0.20706203790531433,0.12251576653109887,0.08987393502640477,0.38668846555385594,0.5520028619988862,0.29681453052745116,0.20679417676983927,0.19337918355006342,0.11409691798903045,0.08011643825259096,0.3613129371111561,0.551741445389053,0.2811964988585651,0.21795709648963382,0.21484484029264958,0.10807679157178518,0.10564522863096658,0.35541285558473207,0.49586268725563326,0.24976762695376548,0.4861697658105855,0.42189501032150123,0.3545230895189791,0.14207199908194784,0.952953172510261,0.7292166532155422,0.8108811734283132,0.018942728052402845,0.019535722924271984,0.1391882689049648,-0.16009332370548612,0.1835110315356662,7.3478470746091435,0.3436043552411523,0.41883396252287,0.42581878019153135,0.12705487563386803,0.2774517368204135,0.5741225443900657,0.30335380366135023,0.2966708075696522,0.240729114879332,0.23634295793299676,0.11764545878158103,0.10747468284193423,0.40035961427786343,0.48870473702589756,0.2928849314359292,0.4974895260681575,0.503917045988859,0.2730116829559238,0.16804359399805807,0.8476609906449827,0.5487787554315675,0.6796173966469246,0.36912996532438014,0.36327786536616885,0.23287900266249484,0.09771705788927601,0.6757443024879154,0.6308862041526427,0.5780272445986394,0.3450807123435996,0.33202403821737486,0.21990414101886202,0.0899155522015225,0.636643042188628,0.6372542224263804,0.5467274899871055,0.358355617481765,0.33983744332347365,0.22222815263769358,0.1055162663132266,0.6679634776343341,0.6201330237246852,0.5624472113211074,1.5191832160526344,0.9060426909965472,1.473150944366783,0.1602203973529245,3.8435157954031594,0.9696993284289572,3.6832953980502348,0.13105954393544458,0.11328303922317041,0.24956695657088027,-0.16787876008590438,0.4648150014157509,1.904225736462263,0.6326937615016552,0.5164397528679879,0.5195437866958953,0.19912796127696414,0.27740678465506896,0.7773095082989371,0.3855782986711039,0.4999027236438681,0.3593233621566479,0.361327201753094,0.20682932780812147,0.11525812087964415,0.6269370296416633,0.5756077939567806,0.5116789087620192,0.3856854371216508,0.36326138034612954,0.1491555463381163,0.222782704973533,0.5975813272868374,0.3867284890278874,0.3747986223133044,0.25972840733897756,0.2304458545548062,0.1297043055255421,0.1290516605130685,0.44136223549935416,0.4993843640532628,0.31231057498628567,0.23812255012951516,0.214800037849137,0.11612172253942349,0.12129740741905518,0.4023194192943442,0.4876552954613695,0.2810220118752891,0.24098862763600068,0.2226412827337492,0.11133845472331234,0.12124266032459137,0.3944642980280738,0.4620070906062945,0.27322163770348246,0.6640470032180794,0.5154566976974323,0.49396397160690403,0.2354430759192963,1.296785815599052,0.7438689870040442,1.0613427396797557,0.03374402597185194,0.011715840292186398,0.13498589000994132,-0.12103856279518346,0.23043052106264078,4.000290010520431,0.35146908385782427,0.4405278361139403,0.441351517069291,0.1052189646139966,0.30861602017460665,0.5741421478926978,0.23884748247051124,0.26552612771809114,0.2671794861391641,0.24413895338852115,0.11103006716902138,0.1504370203062383,0.42378768552189355,0.4155635927497437,0.27335066521565526
1705,Uzunköprü,Edirne,2023,0.41430849206334175,0.3866953325161752,0.21292273274974974,0.17585269506498807,0.7148016113437945,0.5139231679499269,0.5389489162788064,0.26489399880940717,0.22262344800243974,0.17213012477464898,0.0819990567523973,0.5116976795233605,0.6498075666051523,0.42969862277096327,0.24753084866728287,0.212905621578302,0.1591703768044904,0.07617195878763824,0.4746366300281779,0.6430324852900994,0.39846467124053964,0.2726391232578688,0.2460742947848288,0.14641222834439874,0.10561625511640554,0.4803996528700356,0.537018409518279,0.37478339775363007,0.7539690357134325,0.5155496546552244,0.6398554436263071,0.1420989877485977,1.671829810501103,0.8486494979476882,1.5297308227525053,-0.015061715684095277,-0.04296820349422711,0.171188413629622,-0.21478918713205347,0.22260792225952922,-11.365797709911087,0.4373971093915827,0.4636052171561392,0.45704149037321345,0.14526676647159797,0.28522570094978716,0.6600880926868601,0.31334152657448,0.3748623917370729,0.2809350870621369,0.2558778922508212,0.1573355599437031,0.1035448507754702,0.5019136323643107,0.5600423983669359,0.39836878158884054,0.5655009785987767,0.605461259095555,0.28867007665831557,0.1914143024154867,0.8945436930416141,0.5104678640408281,0.7031293906261273,0.44106404294786455,0.4413546458649154,0.2746829939375377,0.10550148116252907,0.7929826757940361,0.6227734913544205,0.687481194631507,0.4061787987659458,0.40232307283803226,0.2546119897749906,0.09770238871195396,0.7304117187919115,0.6268470696859458,0.6327093300799576,0.418314860502738,0.41016509910907456,0.24545174664540073,0.12112472120270423,0.7303869326434136,0.5867631533587226,0.6092622114407094,2.120571657338443,1.280910033302388,1.9583137788786442,0.21876178921330514,5.030692148429239,0.9234838974206366,4.811930359215934,0.19623472471893177,0.19140714725295396,0.26960950928543403,-0.1444922308929018,0.5272920249164046,1.373913356423525,0.6717842558093063,0.5619407368788552,0.5820755861635437,0.21154492453420784,0.29299995941259765,0.8163172251222471,0.37645415370520346,0.5233172657096494,0.41013579442051284,0.4316305253245529,0.22492205986721558,0.12305370295304086,0.6816304018093807,0.5484087537031763,0.5585766988563399,0.34316753920741727,0.3163710707211874,0.14348483543724616,0.18362134769981417,0.5429149657320292,0.4181189041616232,0.35929361803221505,0.22214588612853822,0.1991996487289714,0.11061046882120316,0.11334658297517641,0.36318962351308154,0.4979181507651312,0.24984304053790513,0.20702991459142392,0.1835737442067184,0.10280875102531169,0.1055475542906966,0.3397719058613613,0.4965888684647628,0.2342243515706647,0.21251494447638014,0.19138444281410608,0.10401782436263872,0.09771028500384828,0.35539944530400874,0.4894612217457475,0.2576891603001605,0.5221602914868159,0.42170251986134616,0.40798586058267117,0.1725071142181293,0.9841207827233561,0.7813421802354201,0.8116136685052269,0.01991491597704556,-0.0039323367535444185,0.14771094639103025,-0.152322636090701,0.2226330943446901,7.417101159818381,0.3749557304353911,0.4224304760747994,0.42578700546415416,0.1147569280184295,0.27741792822284406,0.574132963747659,0.2716587332541547,0.29671503552481493,0.2362495375092257,0.2167950729223199,0.10341765400525274,0.12306718571929334,0.37692786004615647,0.43774754056910786,0.2538606743268631
1705,Uzunköprü,Edirne,2024,0.4558385371489309,0.4179512420635124,0.2229378923072761,0.19926328299156054,0.7851470432144952,0.48907205981673757,0.5858837602229348,0.29526917458440227,0.24611563724748664,0.18895549335587597,0.08987566126930042,0.5820574351526223,0.6399431759913133,0.4921817738833219,0.27554913966236955,0.2304787826152023,0.17570513248147127,0.08985525511420157,0.5429526907540367,0.6376544404992983,0.4530974356398352,0.3057072282769304,0.26169158113566,0.17286083384515583,0.12115271383804715,0.5663891466722518,0.5654456874293031,0.44523643283420467,1.0429651298168237,0.5932764294269464,1.0547241516079826,0.21809179970176923,2.5937618650118064,1.0112746068444534,2.3756700653100373,0.048499644897158904,0.01952088512767376,0.20206893659971928,-0.19133494202227116,0.33981258036548434,4.166400331965243,0.5311475223877555,0.48953829924082515,0.46482858736729565,0.15221322533138637,0.31648882503907994,0.7069976652589788,0.31093221014053096,0.39050884021989885,0.30780313500924134,0.2773606715001153,0.1668394516874021,0.12112448750408822,0.5585857438988693,0.542032983784889,0.43746125639478106,0.520114603235468,0.5430159112842114,0.27163753381349576,0.1836595540403841,0.8554651693328288,0.5222647703481594,0.6718056152924448,0.3932145702626389,0.38671381069620214,0.24807113423602478,0.10553352739778676,0.7226126035454336,0.6308798121858282,0.6170790761476468,0.3651418246030752,0.355467718943941,0.2307861039403719,0.09773318161973758,0.6757617194472506,0.6320451079282585,0.5780285378275131,0.3836180923276955,0.3710862731133753,0.22504355062408724,0.12115481223788105,0.6835621505336436,0.5866343509988831,0.5624073382957625,1.6924917028470652,1.0935650336030445,1.5808481778164059,0.21870890687197578,4.156025042862381,0.9340359986150268,3.937316135990405,0.14354628256668336,0.12895079073633509,0.24888752324978758,-0.16007900555507093,0.4726379202185945,1.733848615230901,0.6327169257736655,0.5372605390200191,0.550803969400994,0.19650477608498942,0.29304658940489653,0.7851197251782103,0.365753227369761,0.49207313577331374,0.37571515662369215,0.3847341968014141,0.20985104176258737,0.12307787578227916,0.6425681907229962,0.5585375997294926,0.5194903149407171,0.38309532139823044,0.3398622024956135,0.16924745742562403,0.1993087766635739,0.6445189219605626,0.44178941368404245,0.44521014529698866,0.2651389843938623,0.22262899155843136,0.12826536205591232,0.13700710561534601,0.4570096266794327,0.4837665134349875,0.32000252106408666,0.25318913078075767,0.21480000925384274,0.11617835952356366,0.13700165230897876,0.4257499820015935,0.4588599801472726,0.2887483296926147,0.25055914036856375,0.20695905552808094,0.13034974444269914,0.12120264446550084,0.45705362880997374,0.5202354392298729,0.3358509843444729,0.7073856110879637,0.4528628910483417,0.6130437604306498,0.2034331693201639,1.6405364469008656,0.8666330652213642,1.4371032775807018,0.03713083909510324,0.003845676303637797,0.12382733371081575,-0.09754974055970304,0.22266654366561925,3.3348918777099743,0.3202162842253223,0.46661492192979265,0.44916954589352126,0.10472996218417154,0.355653816212533,0.6210823602476837,0.22444623449039486,0.2654285440351507,0.27503569799907246,0.24024191900647096,0.11928486873201607,0.15042875187271795,0.45503584994123675,0.4337068591453112,0.3046070980685188
1714,Vize,Kırklareli,2017,0.28507903406216684,0.2616944681467035,0.10641383189343849,0.17595036595754493,0.4257243490114715,0.37327835154034145,0.24977398305392656,0.13387612279157585,0.12307516832615227,0.06553977156464046,0.0683979649269391,0.216808588148594,0.4895553456285526,0.14841062322165488,0.1309424172488976,0.12309156763721395,0.06291358797678945,0.06840317835252593,0.2089198660309933,0.4804675925388044,0.14051668767846737,0.18490796027026474,0.16789137202859017,0.07065739067843309,0.11345816970148916,0.27724375690994346,0.38212195178162695,0.16378558720845432,0.3480656637958739,0.2969196461009323,0.22778277249135837,0.14214000760887652,0.6401534526777986,0.654424714024488,0.49801344506892203,-0.18349051463080704,-0.19336041647663313,0.09837473701216706,-0.298825125205884,-0.05276670996940838,-0.5361298223513211,0.24605841523647562,0.40434660504002923,0.3944610730667057,0.07245504484919914,0.3321126533488315,0.49588831736361544,0.17919043698172335,0.16377566401478394,0.17293022083548565,0.162116102651184,0.07160496558962219,0.0996582995379966,0.26756097068663864,0.4140685488266531,0.16790267114864205,0.5175381566181317,0.5506919415637099,0.29925399362138444,0.16809560662509307,0.886704913629511,0.5782259526077622,0.7186093070044179,0.3889908476014584,0.3789756972700655,0.2642926120662022,0.08995483169219975,0.746113106644275,0.6794314408574051,0.6561582749520752,0.36500786189061535,0.35550483089891594,0.2475439444906228,0.08220888841115621,0.6991261396174808,0.6781879798655026,0.6169172512063246,0.38004612872929605,0.3709854379605509,0.24098326902428113,0.1055278029590642,0.6914274384956315,0.6340895244217358,0.5858996355365673,1.7627547189383592,1.0931267313490198,1.7204741330884188,0.15764081653950893,4.406292701313646,0.9760144815409121,4.248651884774137,0.10629738690256196,0.09769123344571752,0.2660160726760725,-0.22262394700491347,0.4491503936675354,2.5025645542906667,0.6717743406724489,0.543239262104568,0.5585939856955329,0.214000365820852,0.29300509490120613,0.800791663436667,0.39393390859083216,0.5077865685354608,0.37357427360607387,0.3887204161737035,0.2259467371081245,0.10746425872244346,0.6582163868702454,0.6048241355784059,0.550752128147802,0.5984870163035081,0.6211230297380469,0.1986717950711737,0.3555344054507446,0.8163614161523859,0.3319567336619081,0.4608270107016413,0.43807360122603467,0.4257785165928614,0.19352564560198424,0.19144206514772036,0.6992021955182038,0.4417651396029454,0.5077601303704835,0.40254841718182244,0.3944811235700904,0.17397562035360484,0.17583565707228171,0.6367525166059913,0.4321855780022203,0.4609168595337096,0.39289899361551944,0.40237542819057465,0.1575050648233073,0.21487229772461505,0.5662974624213479,0.400879277836577,0.3514251646967329,1.5301584225333593,1.457120160845964,4.4113625287466895,1.457120160845964,1.457120160845964,2.8829449707848904,0.0,0.1908962336221449,0.2070934146067381,0.1670252669519585,-0.011667890741561078,0.3866516989484353,0.8749531815413605,0.3983195896899964,0.5729962036997897,0.5898466658252223,0.15397332987494322,0.4258946523947731,0.714739905138124,0.2687161431101114,0.28884525274335093,0.4188930743648165,0.425774521466784,0.14533688948906381,0.22273758042337513,0.6054265396409358,0.3469546248990716,0.38268895921756074
1714,Vize,Kırklareli,2018,0.5017682803525891,0.5195143554723699,0.23321717900868036,0.1992065665583183,0.8085934829127909,0.464790597852858,0.6093869163544725,0.3033146398417698,0.3007595366182029,0.17220280755625034,0.08986270762586762,0.5351262402681544,0.5677365512132332,0.44526353264228674,0.29111388721827497,0.28516154455474385,0.16584691956744282,0.08983092560853048,0.5195160698436645,0.5696977260418088,0.42968514423513404,0.3142872063765188,0.30865018064634875,0.16967843501648516,0.10553865560130782,0.5507474417623164,0.5398833664683408,0.44520878616100856,1.1295138606776909,0.843555859444889,0.9515548960592122,0.21882528451202282,2.4680474089444187,0.8424464091908478,2.249222124432396,0.09704719426747915,0.10555248415414481,0.19625426389311926,-0.1601008372554063,0.35544209337120936,2.0222559278963588,0.5155429306266157,0.5244902356423299,0.535201570733616,0.1567639744354815,0.3242323919647925,0.7226795197682871,0.2988882609863969,0.39844712780349467,0.3339402442607347,0.3398746957659403,0.1669089277217149,0.1210564275011269,0.5585873481699969,0.4998167504225556,0.43753092066887,0.5371785809181261,0.6055126048587608,0.2508716494899722,0.19930280987524612,0.8319717005901811,0.4670172236971763,0.6326688907149349,0.3739636908778381,0.4023848912337658,0.2102018736685115,0.10549242718951148,0.636645666524271,0.5620916650359451,0.5311532393347596,0.3597913698183557,0.38678631315418405,0.20137923118013074,0.10548656162925805,0.613185877555488,0.5597111217031111,0.50769931592623,0.38059840687537894,0.4101998332213807,0.19673378336716724,0.1289250494807432,0.6289024524462434,0.5169064815123745,0.4999774029655002,1.5006448342315624,1.2969602348002753,1.2011210278338662,0.23442799586977878,3.203530703813659,0.8004032669388598,2.9691027079438803,0.14163830590504775,0.18164493689933706,0.23458491662845185,-0.17771802247076435,0.4355468374124743,1.6562250948250832,0.6132648598832386,0.5592297268774914,0.6055071396762711,0.1749952973905637,0.3320763238888621,0.761666515363096,0.3129220228825556,0.42959019147423394,0.3816238625696773,0.4277576819429397,0.18916935778607985,0.13086202342072936,0.611295846662872,0.4956958312624937,0.48043382324214257,0.41349012766029797,0.38673894263165054,0.15607602948421853,0.23837873127211404,0.6445334943626684,0.3774601110003828,0.4061547630905543,0.28127945413802424,0.25386252102014506,0.13212618663085918,0.13679845242467567,0.4725615747081724,0.46973280375474796,0.3357631222834967,0.26336694206581523,0.23634597064628873,0.11650816524670514,0.1386929098358154,0.43550942815668775,0.4423796104888131,0.29681651832087236,0.2751860369427159,0.2538933603105142,0.11460918038887975,0.1525184621576457,0.441283345711047,0.4164789088217342,0.2887648835534013,0.7637904266209017,0.6093327007089246,0.5392930951589961,0.26563234949730496,1.5466278900888775,0.7060746984547738,1.2809955405915725,0.02818065824835941,0.013670860042424042,0.10812136645244275,-0.09964157722167585,0.18165662840258756,3.8367225314453837,0.28129820562426344,0.4842126858064185,0.4726105296936398,0.09730932427096085,0.3946275460309544,0.6053783419333192,0.20096401255762175,0.21075079590236478,0.29205911751814806,0.2714782199834652,0.1140409389406238,0.16600903054975594,0.4589759376755007,0.39047210684507216,0.2929669071257448
1714,Vize,Kırklareli,2019,0.42177122636243636,0.39455898343291196,0.21562924249849766,0.1914716230135484,0.7304430604755747,0.5112469249222876,0.5389714374620264,0.2534422759822985,0.21485531976530495,0.1639800238180404,0.08216959102022107,0.49609215144020086,0.6470113290392541,0.41392256041997977,0.2411103384100872,0.2070958045161995,0.15487696516545646,0.08215572813503476,0.4725994923123292,0.6423489187014345,0.39044376417729443,0.28712039731638167,0.25392492188439825,0.15735366104917523,0.12904068324029705,0.5194511435356925,0.5480406913612104,0.3904104602953955,0.8381120765057632,0.5467879522335816,0.776055046658201,0.17283220841231903,1.9844136969866324,0.9259561679312761,1.8115814885743133,-0.02158321902294103,-0.04297025946542535,0.18934597167830802,-0.24605721141529127,0.24604902733984357,-8.77283279556447,0.4921062387551348,0.4844641627279329,0.47265392028717756,0.15633760718150816,0.3243510465069056,0.6835699066458483,0.32270210927718257,0.35921886013894266,0.280514836460794,0.25586980915125096,0.15468445991225782,0.11527238842558477,0.5097316369760285,0.5514305833655155,0.3944592485504438,0.5676097927562137,0.6211233718121318,0.2605523979872466,0.2227095835946442,0.8710637177909285,0.45903436006988146,0.6483541341962843,0.41309306508495547,0.4414950354730872,0.2287371149072002,0.12108065576126954,0.6991794357910275,0.5537181188460736,0.5780987800297579,0.3829910854193169,0.4100763524948609,0.21311637172057596,0.11322960719596216,0.652328478421089,0.5564525646523756,0.5390988712251268,0.4179356342484028,0.42577592888937954,0.2224398637979535,0.1445552619244707,0.7070118150767805,0.5322347403996303,0.5624565531523098,1.9892025213703748,1.4062215539839489,1.733141483856842,0.28111360497611537,4.655538032199673,0.871274525965747,4.374424427223557,0.1670466515249441,0.1835947930065879,0.25245914737235214,-0.1601047127324939,0.48825786533463106,1.5113092364778942,0.6483625780671249,0.5716832696456787,0.5976884253860975,0.19433752657321526,0.3321218184340805,0.800754819802322,0.33993915318470475,0.4686330013682415,0.4028589215955111,0.4433812946269966,0.19730594517563743,0.14257102130530688,0.6386574437097483,0.48976436811728763,0.49608642240444145,0.4612358959514395,0.44921859941192827,0.19793164931804705,0.22270209083706136,0.7381972380515227,0.4291332289082851,0.5154951472144613,0.34397532929858304,0.31644379613494605,0.18088105475568095,0.14450499434687228,0.6054276747872062,0.5258547324441099,0.4609226804403339,0.3172286990994957,0.29097979392161055,0.15735668434000388,0.14259191657018194,0.5448946759448782,0.49603546207101046,0.40230275937469623,0.319391097712753,0.3008366525461355,0.1562503101523346,0.13672928240351956,0.5507241051671433,0.48921310353133135,0.41399482276362376,1.0859284602772767,0.828265638531903,0.8682368722080837,0.2341587889262228,2.4216037239133326,0.7995341350445787,2.1874449349871097,0.06735530367223933,0.05662322256950908,0.14660309732795035,-0.11517080015712025,0.2714623846875407,2.1765635270734176,0.3866331848446609,0.5134731874265613,0.5038562494949221,0.12059789847033957,0.39461871444649266,0.6757879757092534,0.23486698317151739,0.28116926126276076,0.3345554879396595,0.3183560967444552,0.14735837711537797,0.16211174270204035,0.5449194182878258,0.44046019995928315,0.38280767558578543
1714,Vize,Kırklareli,2020,0.49258212068081847,0.5352195226234141,0.23582044033719518,0.19148183769413574,0.7851264364138227,0.4787434022397277,0.593644598719687,0.3130548746305758,0.3086378802910201,0.19275449627558425,0.08216555285170003,0.5741454412607616,0.615721114399022,0.4919798884090616,0.2959987576660147,0.2948817385321285,0.18019083447125842,0.08398989502252154,0.5410190791728768,0.6087553741511772,0.4570291841503553,0.34345891209521945,0.355540500506655,0.17417636238831824,0.12900883552994402,0.5741397154917728,0.507124305861745,0.44513087996182876,1.1657789561308227,0.9685814518763572,0.9438822503195025,0.16260430740852191,2.5316817231852657,0.8096579933576883,2.369077415776744,0.03700525107410898,0.043021922472509494,0.2102244740161904,-0.23045723031122262,0.31631624151640514,5.680936297261759,0.5467734718276278,0.5327887007391401,0.5586343481983365,0.15264176905504914,0.33212300709518233,0.722610038474176,0.2864958825952738,0.3904870313789937,0.33339792279156105,0.3496464656752376,0.1758029099975417,0.11525359651667001,0.5605502868148077,0.5273065546585691,0.4452966902981377,0.5741344355430391,0.6913776065405962,0.2871580997331077,0.1836177846487604,0.8788492910385872,0.500158293869801,0.6952315063898268,0.4335121077126197,0.49605167932679295,0.2673055458996765,0.08988908272105317,0.7538971226238169,0.6166045680017695,0.6640080399027637,0.40518276913694423,0.4648163223903368,0.2477097197097822,0.08983493276884023,0.707010573681301,0.6113530450404245,0.6171756409124608,0.4251483386594362,0.4883349204394964,0.2279990244529147,0.1211843288500643,0.6835269365254412,0.5362811134857866,0.5623426076753768,1.9164742942299164,1.7186970413290767,1.5370220352902164,0.16029522383264896,4.031045117514692,0.8020050359756207,3.870749893682043,0.16384466190393807,0.24609185226472732,0.2694005609665917,-0.20697290116989991,0.4647528140951023,1.6442437479259528,0.6717257152650022,0.5868295625635277,0.6524269857814277,0.1932111868867648,0.32423834348906266,0.8006629728981995,0.3292458308384022,0.4764246294091369,0.41323438381993194,0.4941106778881184,0.22257844847716682,0.11524016437806138,0.6620825810427414,0.5386251899458493,0.54684241666468,0.499619590569642,0.4804622284291953,0.18774338530712106,0.2617279729791058,0.76950236224679,0.3757726655455307,0.5077743892676843,0.3875013657306178,0.33980097491715805,0.21725077280740485,0.1367232642336509,0.7226315277347011,0.5606451796570768,0.5859082635010502,0.33775919721197073,0.29296822205973905,0.18443487283905347,0.12894679797691905,0.6210783032497874,0.5460543320847188,0.49213150527286836,0.3392763805242767,0.31631770154150274,0.1477405422646164,0.1601692318958214,0.5586148139507274,0.435457788238356,0.398445582054906,1.1985682291157795,0.9216508546187825,0.870477339509834,0.3282410907922992,2.5780897566416314,0.7262643196808343,2.249848665849332,0.08642452960298934,0.08981009634215885,0.16320959274612418,-0.1367640041072172,0.3008152225576312,1.8884637671256579,0.4375792266648484,0.5049956640766681,0.49607576859302316,0.11866478898906888,0.355530852655323,0.6757732343935859,0.23498179772698657,0.3202423817382629,0.3560126504839239,0.3339929398305193,0.15493042836082285,0.1620806983052354,0.583943633069767,0.435182368239521,0.4218629347645316
1714,Vize,Kırklareli,2021,0.4707624545416796,0.4727158926768311,0.24036023284103578,0.18366547915387038,0.7851208507947841,0.5105764712588292,0.6014553716409137,0.31611335245579336,0.29291697018889973,0.20751690907727133,0.08987466456966321,0.6132878825045498,0.6564635991018171,0.5234132179348866,0.2939041326314475,0.26956456504747534,0.19180542676052542,0.08215443128335356,0.566375248405413,0.6526122142047158,0.48422081712205944,0.31441354369846247,0.300742915107911,0.16658570554442664,0.121175594279366,0.54293668653831,0.5298299290319066,0.421761092258944,0.9707578548159573,0.7343676469815357,0.8102255490654631,0.17230347067326993,2.1716863168270497,0.8346319785576919,1.9993828461537797,0.062239473645713334,0.05080527957056845,0.22353660382574195,-0.20692468038720685,0.371131341507008,3.5915567843356553,0.5780560218942148,0.509230566402974,0.5116976220856169,0.15918086576306256,0.32430202282089743,0.7147886448964335,0.3125909485117131,0.390486622075536,0.32371848164447975,0.31641903903830354,0.1822887060849182,0.11342171019356025,0.5741832355960481,0.5631087392937755,0.4607615254024879,0.5371617671882867,0.5820042333188244,0.28219943037147455,0.19144184097222725,0.8710402395684056,0.525352784969444,0.6795983985961783,0.38646679244229165,0.3945918711527906,0.246863764686063,0.09768855418565238,0.7070433755279816,0.638770961732567,0.6093548213423292,0.36229050008152097,0.3633227989372647,0.23127781398138236,0.08993102273570822,0.6679558544817505,0.6383767002704771,0.5780248317460424,0.38964287125631786,0.3866953974606991,0.22489658861334794,0.12117265439101291,0.6757775767819819,0.5771864576611354,0.554604922390969,1.7132917379525625,1.156318011793441,1.5401446711575857,0.21800621707251555,3.968716907118276,0.898938947197695,3.7507106900457607,0.15238460180775898,0.15999939405630223,0.2688220017945383,-0.19137677044851975,0.48822071167867054,1.764102137653456,0.6795974821271903,0.555738189456495,0.5820181301601942,0.1985246059368457,0.3164903392190798,0.7929063374709988,0.3572268555648484,0.476415998251919,0.380392559563833,0.40234105442932305,0.21385746797392705,0.12114413800676414,0.6445278511000012,0.5622020268197175,0.5233837130932371,0.5320269059285704,0.5351118528992406,0.19085918418481057,0.27734849649414955,0.7851944704455619,0.35873972172835034,0.5078459739514123,0.3815857942847827,0.37105685186728177,0.1648056810010236,0.17580208497520758,0.6054441336711296,0.43189679351120414,0.42964204869592204,0.3519907524648791,0.33985472149726287,0.15032767090577412,0.1602122260633417,0.5585415605032732,0.4270784668434535,0.39832933443993146,0.3594737254093578,0.34767972505399714,0.15313959597852828,0.1679820203118648,0.5742309189283941,0.42601054028117785,0.40624889861652924,1.279467473366693,1.0616038100958995,0.8860231217804827,0.31606903275569065,2.5619395794747697,0.692493666485377,2.245870546719079,0.12812300936934876,0.12886494125314502,0.1813180850330369,-0.11321767414880163,0.36322717475726934,1.415187528965536,0.476444848906071,0.5359216117100994,0.5508286637567079,0.1430342248406916,0.3476367624028044,0.7069432527855917,0.26689392947650764,0.3593064903827873,0.37687005566255016,0.3769059034111236,0.140132134866635,0.18947673680230537,0.56442839362985,0.3718314383462438,0.3749516568275446
1714,Vize,Kırklareli,2022,0.39914365334785096,0.41021248276008737,0.18203771033314828,0.18370166143510583,0.6367343616886252,0.4560706622948697,0.4530327002535194,0.23158389202252705,0.22853667117161525,0.13323887147553765,0.07620716965687348,0.4121419256252819,0.5753373877254684,0.33593475596840844,0.2199665611898585,0.21681876114930304,0.12446111868224238,0.07618278231409738,0.38867632803686325,0.5658183589769218,0.3124935457227659,0.25352131031130976,0.25391953924599336,0.11945689690775316,0.12122894509352486,0.4101148073080875,0.471190752213559,0.2888858622145627,0.623194955621723,0.5469507150847347,0.4507132238484426,0.17214720818067777,1.2342679138663883,0.7232298974544714,1.0621207056857105,-0.017256842750244188,-0.011668644414284633,0.15268154178486723,-0.2225727860684491,0.1835739352137817,-8.847594197536901,0.40614672128223084,0.4696190993077519,0.4804878330714305,0.12939154629162505,0.32433082340351277,0.621003772655506,0.2755244547812394,0.2966729492519932,0.26238618211537534,0.2675812219614979,0.12948302818047153,0.10745897042891638,0.4355196237538439,0.49348264888253834,0.3280606533249275,0.5595888182150722,0.6523845850228853,0.2688708902779809,0.19931282713577192,0.8554275448103886,0.4804793833007634,0.6561147176746167,0.4366886790492313,0.4883173091135415,0.24945165607407307,0.12112368457872173,0.7460913479207983,0.5712345385668917,0.6249676633420767,0.40633531005008205,0.44927517566507263,0.23069237087511485,0.11342147050661933,0.691340410668866,0.5677389219427702,0.5779189401622467,0.41105289120711325,0.4492028489962306,0.21943006591230552,0.12897684483572386,0.6757782111248061,0.5338244070438697,0.5468013662890823,1.8450728903829376,1.532028535013235,1.516908147955892,0.22058232188584606,4.030679062395255,0.822139957647453,3.810096740509409,0.17974364949493324,0.2304828159609121,0.24933912348946377,-0.15227637510335032,0.4726175620841737,1.3871929505720442,0.6248939371875241,0.5649405196426514,0.6211629229825648,0.19175560513835943,0.3164587593211935,0.7772522644545544,0.3394261846533028,0.4607935051333609,0.40996749905362456,0.4726576686009081,0.20652868314102818,0.1368172837870611,0.6444611766977618,0.5037684294920506,0.5076438929107008,0.5026985010324259,0.48826701720716054,0.1908780827568157,0.26960152321645603,0.7773538714679828,0.37970688666227664,0.5077523482515268,0.3600641442150719,0.3164434079036477,0.187968610922686,0.15234004539878945,0.652406811673483,0.5220420137429997,0.5000667662746936,0.33993317267460194,0.3007581894575566,0.1682477344660671,0.1523737015419745,0.5976611395946598,0.4949435594716753,0.44528743805268534,0.33300781737300666,0.30852438330225895,0.14804357103668495,0.16800995353900616,0.5586419715887415,0.4445648519742084,0.39063201804973535,1.103625903561306,0.8104764545724348,0.845095837457731,0.312224195580616,2.437598733051284,0.7657448368425199,2.125374537470668,0.10313727480602024,0.08200713821904192,0.14707105362198708,-0.07413273935017725,0.31634839400477754,1.4259738188603213,0.3904811333549548,0.5387085329761914,0.5273306790908532,0.12064158462369887,0.4259350105467433,0.6914117524493202,0.2239459322413048,0.26547674190257686,0.36072676300595324,0.33980447162093447,0.14850454865982982,0.18362672975997488,0.5821082517031023,0.4116815381878915,0.39848152194312747
1714,Vize,Kırklareli,2023,0.4172509621888782,0.4023826727037692,0.20234154481302705,0.183685995848558,0.7070060627866946,0.4849396721616966,0.5233200669381366,0.24439184892928684,0.21488935895506503,0.1578565470880045,0.07429295270533497,0.4726089678472602,0.6459157610190153,0.3983160151419252,0.23042763903188604,0.20505123711994777,0.14590942173181728,0.07228960865319421,0.4394528681257686,0.6332114599830044,0.3671632594725744,0.28021763891664864,0.26170916833594793,0.13882963037503523,0.12121551863803641,0.48043732620464674,0.4954350158389937,0.3592218075666103,0.7602693890071734,0.5781649612036581,0.6084214287458175,0.1721533434222192,1.6719035668050322,0.8002708481270667,1.499750223382813,-0.043583578780534364,-0.05855676772069354,0.17122638646653082,-0.25384659094738504,0.19140039432368758,-3.9286903750778097,0.44524698527107265,0.478111600958767,0.4726671743042831,0.12958302777169567,0.3165087168910413,0.652294478296846,0.2710309214665366,0.33578576140580463,0.27202359475263277,0.2558734485362769,0.14838985243656028,0.10355725421286234,0.48248253177481487,0.5455036081392131,0.37892527756195254,0.5821452223076117,0.6679576349870695,0.29879813989210435,0.19145470669919626,0.9102200065614862,0.5132707929950445,0.7187652998622899,0.44386219472724575,0.4804634546051774,0.28514570351062307,0.09772995340274623,0.8008050094720607,0.6424194421105084,0.7030750560693144,0.4173066759436406,0.44929698597131223,0.26626715788508076,0.08994118993090475,0.7539110218247647,0.6380611028639319,0.6639698318938599,0.43561299746722576,0.45703464503325053,0.2512307387679854,0.12117493118940331,0.738258920459824,0.576729207412796,0.6170839892704207,2.3218411981835736,1.5934087502654377,2.1058176180431953,0.21789084438660544,5.406067365366765,0.9069602260872198,5.188176520980159,0.18247282316735652,0.222656807204762,0.30023785404604925,-0.21483226725740442,0.5272491163742019,1.6453839472340683,0.7420813836316064,0.5934657462157931,0.636707382704152,0.20526954293839098,0.32426991387377035,0.8320089081616564,0.34588271395153425,0.507738994287886,0.4203966522756032,0.47856470598969214,0.23401664227524566,0.11917425385959218,0.6894452413093323,0.556656769288042,0.57027098744974,0.5313473578385185,0.5586211669044285,0.1957796267113392,0.23833796234314863,0.7772980115926086,0.3684588317287511,0.53896004924946,0.3676454788537421,0.371102990320226,0.1658125758808661,0.136749217822911,0.5820861621478297,0.451012144628685,0.4453369443249187,0.3524845267481172,0.3554927519724252,0.15623798633188626,0.1288501235773472,0.5585468316439026,0.44324778671357895,0.4296967080665554,0.36699204567415067,0.3789286103498364,0.1516451612637359,0.15237877263149346,0.5585600158945744,0.41321103018777805,0.4061812432630809,1.2349806552359182,1.0779274892758657,0.8532740336670819,0.29680067181458186,2.3911695973357254,0.6909209711500146,2.0943689255211435,0.13050810191373907,0.15233187281476532,0.1900022772325088,-0.14445311662321314,0.36324740927315763,1.4558657619439834,0.5077005258963707,0.5601166325356516,0.5976618247617576,0.1414248680973871,0.3398519686138334,0.7226078269748362,0.2524918202431444,0.3827558583610028,0.37770717050754327,0.39258378317855325,0.14641163026747828,0.15819931226264528,0.5644780904632866,0.38763264692787786,0.4062787782006413
1714,Vize,Kırklareli,2024,0.4546677004983966,0.4492448026561815,0.22302418263511187,0.19149786683017017,0.7617150419452646,0.4905212804662344,0.5702171751150944,0.2800816799959188,0.25394206072794606,0.18028493707754348,0.0743180715805002,0.5429286834821644,0.6436870025921384,0.4686106119016642,0.25825332582082017,0.2382728293223178,0.1624611246067727,0.07437844780269051,0.48827584900950943,0.6290766017839806,0.41389740120681895,0.30555916866249705,0.2851596924308557,0.16444434056597276,0.12123215219860578,0.5429754245714572,0.5381751144493014,0.4217432723728514,0.9529429525932661,0.7030022571640193,0.8328865972764358,0.17241909267984212,2.172198645420961,0.8740151705932467,1.9997795527411188,0.027626409637285423,0.019568848794100917,0.19998647691856758,-0.22260375348396197,0.3007984358412854,7.2389600944981245,0.5234021893252474,0.4967077231903855,0.4960721047038674,0.1450791598769262,0.3321010551169083,0.6835543900236603,0.2920815463570276,0.35145333490675196,0.3004522997008399,0.29098669192794185,0.16291690164162634,0.11133570965070584,0.5292739572453815,0.5422388239459061,0.4179382475946757,0.5859950452069319,0.6836137694029771,0.27879718750134114,0.20705393360761898,0.8945518832590489,0.4757671413465446,0.68749794965143,0.43842961977794725,0.4961485415129967,0.2535876688385357,0.11330756290680966,0.746027546358562,0.5783999469902854,0.6327199834517524,0.41139659091143205,0.46484309819910546,0.23727346758843132,0.10552830750776541,0.7069736986249487,0.5767511759462124,0.6014453911171833,0.4411300661712565,0.4804532566283464,0.23643745978236425,0.13673243720100156,0.7304923393373023,0.5359812851445359,0.5937599021363007,2.258973952799553,1.7187537184408765,1.9833208585614814,0.22078603694665053,5.280768117241898,0.877974204219374,5.0599820802952475,0.19420202959432675,0.25395879511435715,0.27556920849993316,-0.18358220340387982,0.5194407313352526,1.418982124314438,0.7030229347391324,0.5922655551712074,0.6445490377629117,0.19947927062229975,0.3321107437586331,0.8242118042097902,0.3368071448366365,0.49210106045115715,0.42213960914127147,0.49022160390257974,0.214706518554793,0.1347860442731175,0.6699175871554702,0.5086149555867434,0.5351315428823528,0.4214389510232261,0.3945545177486553,0.1563847939502377,0.2540723546260403,0.6445218849683856,0.37107342254565145,0.3904495303423453,0.30061360546822635,0.2773373292491189,0.12626150090757002,0.16022402311293624,0.48042176981605283,0.42001259627257737,0.3201977467031166,0.2817742254429612,0.2616878737656483,0.11077454446780848,0.16027963535339035,0.4413525322968013,0.3931322827475299,0.281072896943411,0.28749843256641094,0.26165693169649407,0.11947877801204308,0.16034469582104993,0.4569758133805377,0.4155806240245987,0.2966311175594878,0.8199141960200724,0.6092052777061745,0.5794522712379389,0.2663394569898044,1.7029192154940798,0.7067230620602076,1.4365797585042754,0.07714160997751432,0.07420867887071925,0.09555415632695773,-0.035106949700083816,0.19914308937570596,1.238685015192325,0.23425003907578978,0.4989144944259388,0.48820740395828144,0.10214997156781434,0.4102936900583295,0.6210839774600813,0.20474444560956317,0.21079028740175176,0.3038176043893662,0.28319699658362524,0.10948030277074589,0.18164300399043826,0.4589392930185944,0.3603487789681807,0.2772962890281561
1825,Marmaraereğlisi,Tekirdağ,2017,0.380893772025243,0.3476999505163418,0.18809118162924604,0.1680546786496806,0.6681286940203301,0.4938153244909992,0.5000740153706495,0.20716378584367687,0.17777297596365021,0.13211887830153157,0.06445832963128002,0.40432368996387,0.6377508393345678,0.33986536033259,0.1998927774714836,0.17378956859091976,0.1251994452195404,0.06447674076364396,0.3847574562301357,0.6263330111434425,0.3202807154664917,0.2492153505934342,0.22267667167686495,0.13077894355393194,0.10560970533926715,0.44925837209502384,0.5247627934736755,0.34364866675575667,0.6518551480668121,0.4529635173272335,0.5740112197613194,0.14134821711480836,1.4530762354397089,0.8805809411241866,1.3117280183249005,-0.02348672569106165,-0.04290391382369255,0.1597150488600884,-0.214768292642306,0.20689082256089242,-6.800226262312553,0.42165911520319843,0.442123587753828,0.42575860339192195,0.1203125469237015,0.30864827006714984,0.6210344672651316,0.2721242436644002,0.3123861971979817,0.24482589808445923,0.22069646475477314,0.13301712692942702,0.09571013618465432,0.44730302458544857,0.5433131379080623,0.3515928884007943,0.594013507901323,0.7305384438940786,0.30128846415191357,0.15234898256817125,0.894475352020134,0.5072081024156834,0.7421263694519626,0.46007911704180143,0.5429686321077226,0.27569078616118675,0.07424750368031782,0.7772360270478809,0.5992247332020034,0.702988523367563,0.4350744020135994,0.5136367218777343,0.26095993960160535,0.07617785813595447,0.7363194040303598,0.5998053169615075,0.6601415458944053,0.44340012621711883,0.5274652519931635,0.2440349714901518,0.09767948889218334,0.7147652368938648,0.5503719035268287,0.6170857480016815,2.288725608318063,2.0941573355453538,1.851746322266902,0.15455951296982579,4.843593842068609,0.8090730996922396,4.689034329098783,0.21095905455563463,0.30656458171885276,0.26923269563818203,-0.1816238333113748,0.5019293989146488,1.2762319977461756,0.6835532322260236,0.5883724450202952,0.6757996519711721,0.21883478998485278,0.26956215148688983,0.8163144374377344,0.3719324244990847,0.5467522859508445,0.43430277772255904,0.5293082894279615,0.23318916102414278,0.09569688657991908,0.6816184278148439,0.5369276297217433,0.5859215412349249,0.46253818735872304,0.37888664885912177,0.2665014301898121,0.17585928807858178,0.8711920789593288,0.5761717355958028,0.6953327908807471,0.3390594708592471,0.20691263600073317,0.2813914717404236,0.07429826785932707,0.8242420223085835,0.8299177457786954,0.7499437544492564,0.32491475482996496,0.20700383011045156,0.2578651756399324,0.08218697639744962,0.7617607773473178,0.793639475606083,0.6795738009498682,0.2921592933855402,0.22267911658098513,0.19423835487256988,0.08228345788832873,0.5976685904148599,0.6648371599675539,0.5153851325265312,1.1036605123628214,0.5593339645635954,1.1264016890716064,0.18802940761748183,3.0631627447456573,1.0206052281965752,2.8751333371281755,0.06830086161893836,0.011641845286562947,0.21482212493874867,-0.17568081065383181,0.39462439135556054,3.1452330153208945,0.5703052020093924,0.5235500615019565,0.4960943286953574,0.14672446963051275,0.347699495487941,0.7304666039919775,0.28024916893255764,0.3827671085040365,0.3294078846980885,0.2480780796918589,0.21434066984664665,0.10356937515347488,0.6738331442419778,0.6506846976146179,0.570263769088503
1825,Marmaraereğlisi,Tekirdağ,2018,0.6511681267546686,0.7461184966085889,0.2532994188788756,0.22257834874040933,0.902328219987301,0.38899234847578407,0.6797498712468917,0.4446228451564165,0.4804502350379588,0.2248224448824264,0.10550453461087403,0.7225411606414602,0.5056475332555951,0.6170366260305862,0.4301140322659516,0.4648369919959855,0.2156271960408732,0.09758792680177845,0.69133313542807,0.5013256482354076,0.5937452086262915,0.4448059357693887,0.49611701859310037,0.2014001190928657,0.12891652910918625,0.667977766067823,0.45278199524136375,0.5390612369586367,2.0881006293922972,1.9687724350445184,1.4447804629384695,0.2798973659963814,4.093708710054662,0.6919113200779724,3.8138113440582804,0.27017264818599357,0.33978415074805257,0.2335375485152108,-0.11329105703874028,0.5272836269881859,0.8644011526823313,0.6405746840269262,0.6257692279232933,0.6836069113927838,0.18289429921958997,0.33993016058515607,0.8163620229533053,0.29227116172930306,0.4764318623681492,0.4548910882582651,0.5195402307667988,0.19370189315586808,0.13673887571338142,0.6601011785459515,0.42582037361412,0.5233623028325701,0.6247945891050983,0.7305472445623801,0.24959150641717628,0.19919877416606854,0.8710954843224026,0.39947770158296275,0.671896710156334,0.4593761726515481,0.5253708540519296,0.222812004971573,0.09959521436514061,0.709018506057445,0.4850316978468607,0.6094232916923044,0.43951518168747994,0.5058532584922195,0.21238736927497073,0.09567892439976901,0.6737922043984678,0.48323101936895124,0.5781132799986988,0.44808787394610833,0.5117897022720981,0.19727785173492224,0.1289216456332111,0.6679719092980164,0.4402659906807675,0.5390502636648054,1.983323986136878,1.9690775933682019,1.3475208504285674,0.21745547553135705,3.844014232208565,0.6794254795724378,3.6265587566772077,0.2775743713054823,0.3652569367352801,0.2480448094568344,-0.13868472683950578,0.5371272353215831,0.8936156760086854,0.675811962161089,0.6067123921217832,0.66014705243592,0.17179813838443864,0.3320386448291307,0.7850683401465005,0.28316240217812166,0.4530296953173698,0.4505328377193209,0.5293057929127176,0.1919637372122679,0.12304205996566969,0.6425573448883136,0.42608156640484457,0.5195152849226439,0.32196185619072915,0.269490551330316,0.14654528656946342,0.1837698199401367,0.5507832440424393,0.455163503848886,0.3670134241023026,0.21788082962498267,0.16600559867733924,0.1301454870649361,0.10747023712678204,0.41214466093079405,0.5973241761973415,0.304674423804012,0.2000845361533946,0.15817158307808288,0.11357320467778664,0.10355851682150823,0.36910584528600543,0.5676260987541579,0.2655473284644972,0.20571789055951098,0.1678323517625669,0.1073490800168399,0.11342250607944049,0.3710517566379108,0.5218266613801656,0.2576292505584703,0.5301846591286894,0.3275340369848866,0.47121835630224124,0.17368846848116118,1.172233091570781,0.8887815748510076,0.9985446230896199,-0.05256831101482433,-0.08009105697848298,0.11474013656666393,-0.16989778615666967,0.11919872874399585,-2.1826863818072275,0.2890965149006655,0.41094393812517765,0.3944519698680153,0.09041086581994356,0.32437484182540227,0.5352538254440101,0.2200077855690464,0.21087898361860785,0.22590314571859033,0.18554485097016954,0.10974069580634395,0.12700180058864283,0.3924948430232074,0.4857864880865757,0.2654930424345646
1825,Marmaraereğlisi,Tekirdağ,2019,0.5205645110549164,0.5507657558418099,0.2206547198862708,0.1992635357856114,0.8086449167525388,0.42387584093874786,0.6093813809669274,0.3538810114311249,0.34766288781258303,0.19990599926822553,0.09755051412440274,0.6368120116572897,0.564896088828809,0.539261497532887,0.3264202330857364,0.316380063362888,0.18582101756556388,0.08977106636957606,0.589943941638577,0.5692692999111877,0.5001728752690009,0.3569254543127038,0.3554823675310622,0.1685436481350931,0.12894000145809512,0.5898268125632796,0.47220966198569675,0.4608868111051845,1.2726635853601829,1.0310349387098439,1.035736864985847,0.21892086875353756,2.718213834518193,0.8138339753727752,2.4992929657646554,0.1384534272474923,0.12890788168515258,0.21168922401317927,-0.14450623438729912,0.4415184092479793,1.5289561856404927,0.5860246436352784,0.5264922450851035,0.5429759454097632,0.1633813290800833,0.3008264285656471,0.7382807950591802,0.3103204854492661,0.4374543664935331,0.35672480974856013,0.36914370329287727,0.16819748905402196,0.11910678292954403,0.584009233082592,0.47150488123485745,0.464902450153048,0.6192938381187213,0.7383505482193392,0.24343968762452997,0.20693505587950434,0.8477179922778693,0.3930923781900467,0.6407829363983649,0.47089134577037595,0.5507982914647908,0.2213301995587587,0.1132081723191511,0.7070109879963068,0.4700239270625447,0.5938028156771556,0.4282078730266122,0.49804428508325255,0.19937043189025652,0.10351652550389089,0.6386047777944767,0.4655926349067059,0.5350882522905858,0.45168074939076863,0.5117957724335429,0.1990050009985089,0.1289378423464448,0.6758102564726165,0.4405877409363334,0.5468724141261717,2.088878077601369,2.0469706968523806,1.4003731437398015,0.26533083879867986,4.046299844908907,0.6703948683054931,3.780969006110227,0.2772564153033994,0.36913979548985565,0.24580847031810632,-0.12305695946009419,0.5331754123044441,0.8865745091925832,0.6562323717645383,0.5935896825002284,0.6523658063590289,0.17778646432161943,0.31644650247070555,0.7850454439460007,0.29951070505938426,0.4685989414752952,0.44349948901200603,0.5253865244979016,0.18399298502403066,0.13472784299728652,0.6190826817002982,0.4148662841391679,0.4843548387030117,0.34692658251949565,0.269438277374497,0.1666274244456109,0.2071926650097044,0.628878722351968,0.48029592669292565,0.42168605734226355,0.24550209312798624,0.18343258798358603,0.13467322295184767,0.13688991268094797,0.4647962795736633,0.5485624225681824,0.32790636689271535,0.230170988703623,0.17378409224803526,0.11826136924654407,0.13482617610212236,0.423858955757601,0.513797893959703,0.2890327796554787,0.22975715394496146,0.1678255531986574,0.12826933387894093,0.12135117885283915,0.44925813787933505,0.5582822196242384,0.3279069590264959,0.6484330926143775,0.3270080074055029,0.6245779443835197,0.20492916953197446,1.6720060982112626,0.9632110876163371,1.4670769286792882,0.004566936818197245,-0.025388766743550263,0.10809426854380715,-0.10348002879625366,0.1777002706079701,23.668877597145375,0.2811802994042238,0.45430425143223524,0.4256898537242772,0.09391753195582088,0.3712967519554733,0.5976288125684794,0.2067282700079019,0.22633206061300615,0.2503322805905285,0.19331611818968922,0.11950202278082822,0.1504816567949117,0.45112104565704536,0.4773736031922272,0.30063938886213365
1825,Marmaraereğlisi,Tekirdağ,2020,0.4853089495949356,0.5116561476354603,0.20591987327759528,0.18360372571617495,0.7460916588712299,0.4243067708713529,0.562487933155055,0.2918498303474386,0.28522779230915785,0.16624913854391402,0.07410210460948292,0.5195043916333295,0.5696393187756845,0.4454022870238466,0.2758612458277245,0.2714648243374448,0.15483082349262786,0.07223720756566894,0.48631064930772355,0.5612634099003518,0.4140734417420546,0.33202896266919424,0.33990756911735565,0.14838958586481638,0.12893305921111659,0.5272225900756105,0.44691759619976074,0.39828953086449387,1.0245576455773522,0.8906126093833153,0.7218122549109691,0.20257310277531126,2.015820626443913,0.7045111205082248,1.8132475236686016,0.06363402790006292,0.06648164483211277,0.18330086232601805,-0.19141676867460428,0.308553449916708,2.880547851125998,0.4999702185913123,0.5122261425001664,0.5272815359188631,0.13948303853050936,0.3163937705502716,0.6835333616565145,0.27230753559296134,0.36713959110624284,0.32092171861965746,0.3300620159197747,0.1531422022233575,0.10348507925656365,0.521462831569559,0.4771948837930007,0.41797775231299533,0.6268129437236756,0.7617389905283084,0.2705708037209773,0.1758078383411492,0.870996242295286,0.4316611621221655,0.6951884039541368,0.48915270706860725,0.582096668522813,0.2533473355948107,0.08197786685897321,0.7538443258682072,0.5179309690690864,0.6718664590092339,0.45682305413522206,0.5509088707840881,0.23600775120316106,0.08196433388220466,0.7070142818277015,0.5166283729920984,0.6250499479454968,0.4671274312610482,0.550715369703079,0.21313723123397463,0.12108893437610277,0.6835595112588491,0.45627213683125706,0.5624705768827463,2.147154966326061,2.297209890332705,1.4297587765452706,0.17143296212730508,3.9842618469394275,0.6658852290441302,3.8128288848121223,0.24158017495848166,0.3496249628236549,0.2432118583219703,-0.16215606523912968,0.4746089178110843,1.0067542105380503,0.636764983050214,0.6109397091980134,0.6992102430187493,0.19224963767989828,0.292832947219226,0.7928835537808786,0.3146785759469887,0.5000506065616526,0.4576683118296078,0.556707364022471,0.21076498255565512,0.10744424813037418,0.6581814372085908,0.4605190639331918,0.5507371890782167,0.41284287396793584,0.3476300469041923,0.1991132209581084,0.19923231140585373,0.7226547401059,0.4822978268811608,0.5234224287000463,0.27512814436665173,0.19140268917924788,0.19229064696024104,0.09780539786516072,0.582081827952936,0.6989130370609535,0.4842764300877752,0.2605491755072399,0.1914032959563194,0.17349237237624332,0.09779941215338785,0.5350875143785255,0.6658718917013902,0.4372881022251377,0.2621923312736753,0.20696945188190113,0.1480400639517648,0.11347575471888147,0.5040118319308919,0.5646239279105428,0.39053607721201045,0.8163681363303865,0.45273922147470014,0.7747854536391946,0.20354519116531225,2.046969010471634,0.949063809768338,1.8434238193063217,-0.005221305322466175,-0.050822032732174234,0.17264317764343742,-0.19912926178717727,0.2540000224428128,-33.06513735187832,0.45312928422999005,0.4940766465354391,0.4726042744809884,0.10776993872470947,0.3789936438862917,0.6523443281250878,0.21812392769505118,0.2733506842387961,0.2873888466095728,0.232426366330548,0.15695347918635602,0.12698446761879315,0.5370777136399573,0.5461362924761742,0.41009324602116415
1825,Marmaraereğlisi,Tekirdağ,2021,0.5977579357877629,0.6992183084221563,0.2469290340161793,0.19918966053388415,0.8475611235143183,0.413092021422954,0.6483714629804342,0.44858138142802423,0.5038995576730759,0.23650049403044057,0.0897997896458652,0.730432361394717,0.5272187028305979,0.6406325717488518,0.4126343290510646,0.46289624295346826,0.2187050806915088,0.08394412278486943,0.6737839498116579,0.5300215355190272,0.5898398270267885,0.4145858773699969,0.46493775045878716,0.18021242418944797,0.13665120948283915,0.6209902451424837,0.43468056686508283,0.48433903565964453,1.5839403644971448,1.5782069136469463,1.0631966697926718,0.20283985293699913,2.9835954790933994,0.6712352899284854,2.7807556261564,0.2322617196523751,0.3085560101075351,0.2414212221993522,-0.15228008870727414,0.4960939407465955,1.0394361264554748,0.6483740294538697,0.5867421394413717,0.6445703960842976,0.16640376836488463,0.32427477128118215,0.7615646108888009,0.2836063019494648,0.43728983960761875,0.42633767615024615,0.49411239926993744,0.1951385525047235,0.11521395730025474,0.638690459287363,0.4577089087382334,0.5234765019871083,0.6486177285205553,0.8009024859771262,0.2827036061217281,0.167914761674816,0.9022853630890497,0.43585550269579004,0.7343706014142337,0.49794390949947304,0.5898815483586198,0.26022824189955535,0.08198981135827792,0.7773155040487708,0.5226055323402459,0.6953256926904929,0.46829311698679515,0.5605998777222468,0.243521092130373,0.080057729081627,0.7284908087023269,0.5200185168154837,0.6484330796206998,0.4874844783255572,0.58207016638018,0.2305682073440602,0.11325947817415033,0.7225848501246646,0.47297548454471944,0.6093253719505143,2.556990157416333,2.656589270220208,1.81488093563035,0.15582344486517724,5.030758142429229,0.7097723588674918,4.8749346975640515,0.29328795516293615,0.41810740322800927,0.2771012226786512,-0.16798728483393877,0.5662624031483114,0.9448094195505151,0.7342496879822502,0.6301658400545527,0.722711013101468,0.20180895826769327,0.2929990750407893,0.8241776323020887,0.3202473784523498,0.5311785572612995,0.4704382065240039,0.5762178870562882,0.21808180187887263,0.10349130990690977,0.6738239720712149,0.463571620787873,0.5703326621643051,0.4630810576923229,0.44921966046858985,0.17151972573904048,0.2460666545139527,0.7070779219240367,0.3703881272833242,0.461011267410084,0.31403988692429263,0.2851401210036328,0.15017380662524143,0.14459113708015475,0.5274029304197964,0.4781997856897862,0.3828117933396416,0.29825411937481616,0.2773462954522358,0.1373698000012006,0.1445629465831896,0.4960949564489065,0.46057972405929415,0.35153200986571687,0.2830500946590191,0.2694782700694785,0.11596710546881948,0.14459067016768803,0.4413488672534006,0.40970523471656545,0.2967581970857126,0.8502146318981053,0.7031424777761995,0.5755366436650539,0.29689495534713345,1.6092624397397381,0.676931003151719,1.3123674843926048,0.1102084353464143,0.08199165254246729,0.16097246063858386,-0.07417667651408177,0.33983836999603395,1.460618328647937,0.4140150465101157,0.5014610027673645,0.5038972586306384,0.10810087746931847,0.3632944004779464,0.6366517460952885,0.21557185279164798,0.2733573456173421,0.325877290688313,0.3105517873182962,0.12847173359776742,0.1699316940202642,0.5097825588806008,0.39423346538327786,0.33985086486033655
1825,Marmaraereğlisi,Tekirdağ,2022,0.4518440676661058,0.480499890367524,0.20794188658030022,0.16802755269499386,0.7148184694794628,0.46020718531146176,0.5467909167844689,0.2727405306424492,0.27930526608714906,0.1604537011812678,0.06834069199276714,0.48626662409171084,0.588301638936149,0.4179259320989437,0.259231494028315,0.26759157675170303,0.15123925889288137,0.06831567938880717,0.45888700664301235,0.5834139075569343,0.3905713272542052,0.2960807500384686,0.30083814786430013,0.1421046553298036,0.11330411867778402,0.480452749325705,0.47995236202063285,0.36714863064792097,0.8878669348830943,0.7970766053423055,0.6562691680172517,0.17158754474979354,1.7967265760628208,0.7391526164938925,1.6251390313130272,0.03723382833589867,0.058594551984148736,0.16582644290219842,-0.18359056573067026,0.24593543606371332,4.4536500895428555,0.4295260017943836,0.4948214046231621,0.5195701499331241,0.13542984940149674,0.3086071756785232,0.6601107218095631,0.27369440395294775,0.3515035461310399,0.30029507869098887,0.3183697639493952,0.15264258606468561,0.09569252906219576,0.49801789665009016,0.5083086500453731,0.4023253675878944,0.6140677434131853,0.7460677644775705,0.2944349461568797,0.1758339964227073,0.910113931523796,0.4794828409652589,0.7342799351010887,0.485777968112634,0.5820744784402418,0.27600850948305966,0.0898746658491391,0.7929028134762455,0.5681783193161685,0.7030281476271064,0.46022538850054595,0.5526803128677982,0.26321693428829984,0.08786030324327156,0.7558198776294991,0.5719304950686952,0.6679595743862276,0.47369934397263763,0.5429157942872036,0.24964362620631916,0.11331745553622564,0.7538401184550632,0.52700859602782,0.6405226629188375,2.6691717130984043,2.2814322118048604,2.1824396485395288,0.2166772487013959,5.781235909584295,0.8176467770243708,5.5645586608828985,0.25842470549878765,0.37309054110145523,0.28050199747186283,-0.15819792531290464,0.548768597483162,1.0854302684817367,0.7069665227960666,0.6094780707139194,0.6835647870628889,0.21684690963023268,0.2852588750437102,0.8397205936238952,0.3557911597643316,0.554461718580185,0.45243396748659376,0.552803744549645,0.23022775061679637,0.1152668805491314,0.6933453620984829,0.5088648668352213,0.5780784815493515,0.4114537699818134,0.35741622984115956,0.17125767817623153,0.24027503126541253,0.6816290983608422,0.41622580875562587,0.4413540670954297,0.2683971397150999,0.21479020469297938,0.14898091402129682,0.12910342661105587,0.5038037793783868,0.555076384865495,0.37470035276733094,0.2631660087980844,0.21286570354043577,0.13414849457550973,0.13481157607357497,0.4707089420694073,0.5097485620889434,0.3358973659958323,0.2672816609920805,0.22073851534086764,0.1285236087715629,0.14651413147947664,0.4707195144832365,0.4808545722685068,0.3242053830037599,0.7802713779595374,0.4313656426972784,0.6945105566806722,0.21669708736868737,1.8116201439881552,0.89008846959998,1.5949230566194679,0.04432227950946504,0.019528364269646457,0.12547975753427568,-0.08975354873401661,0.23049431090696892,2.8310763553458353,0.32024785964098557,0.5137593977794152,0.5058471134521745,0.09157771361371578,0.4121579183574528,0.6425656639500827,0.17825019651131535,0.23040774559262994,0.29078646252699375,0.248012217393413,0.12798828529767003,0.16604292987620192,0.49021217908172643,0.4401452673739544,0.3241692492055245
1825,Marmaraereğlisi,Tekirdağ,2023,0.4781673034451906,0.5137015710699971,0.22401020200418528,0.17384185247777023,0.763640655188157,0.4684766197734434,0.5897988027103869,0.30105224824819016,0.3066124178164693,0.18408469386318177,0.06834659835347341,0.5526696618312461,0.6114709155449346,0.4843230634777727,0.2803945187976866,0.28706248752597663,0.16979338926756773,0.06446148662283092,0.5135944763871003,0.6055517418658207,0.4491329897642694,0.3262552718543066,0.33792811109837834,0.1560839309366211,0.1191824336070116,0.5331564745435686,0.4784104485101542,0.41397404093655704,1.0066815068746446,0.8906622390488317,0.7547319237755779,0.17185157477431007,2.077760947622279,0.7497226467571929,1.9059093728479688,0.0453113019961981,0.06832411374356867,0.18280314722042007,-0.20118888135513632,0.2793083167920417,4.034383016311436,0.48049719814717806,0.504775647940987,0.5253621173862515,0.14737327154851806,0.30662460389036533,0.6933175592009674,0.29195796617698044,0.38669295531060205,0.31977566495256426,0.3378805244037816,0.16766467947111113,0.09572014431720413,0.5409973455763135,0.5243196961094041,0.4452772012591094,0.5914993203809167,0.7305122227644513,0.2897549409353227,0.16014095550907062,0.8866364835404335,0.4898652136214204,0.7264955280313629,0.43710735273335527,0.5039623782059917,0.2403148502475516,0.09756615185684828,0.7148286421323182,0.5497845065858427,0.61726249027547,0.40703283382791966,0.4726572614191303,0.2254045428870553,0.08983617374384764,0.6679523971076575,0.5537748411282936,0.5781162233638099,0.4523351779333804,0.5371943983070671,0.24258812847263664,0.09962414937134567,0.7245802372516261,0.5363017079082114,0.6249560878802805,2.3367229300609074,2.2195952765018507,1.8708528221417033,0.15661121538569955,4.968928353741794,0.800631002535221,4.812317138356095,0.2374012184239764,0.3261874396074729,0.2643938557925002,-0.1542939144329478,0.5292134978060046,1.11370050056069,0.6835074122389524,0.5874739462184667,0.67580745240915,0.21252102376855153,0.2695851927167841,0.8085408450438859,0.3617539554503415,0.5389556523271017,0.42280926806363156,0.5137346519136958,0.2130594569753533,0.10740175381824062,0.6464537088063971,0.503913875755648,0.5390519549881565,0.38451172543219947,0.3632785588414034,0.15299792913772925,0.19922948957240666,0.5975360315246014,0.39790185582964027,0.3983065419521948,0.24617882967700486,0.2226227522300758,0.1268843831094653,0.11328554617686556,0.41011875264204245,0.5154154939965471,0.29683320646517686,0.2319469122384337,0.2128903253766208,0.11602508754419094,0.10745588500917706,0.38472559396394745,0.5002226001824116,0.2772697089547704,0.2453779282444926,0.2285182816863125,0.10918812717670527,0.11921883588119249,0.3964928759073718,0.44497941586625145,0.27727404002617934,0.6744625032968506,0.5307154683931692,0.486800014282977,0.22047626762916914,1.280419102867414,0.7217599375850284,1.0599428352382447,0.04668306966280592,0.0351224206045302,0.14389466818137472,-0.1288294867413599,0.23824413391981564,3.082373743216393,0.36707362066117555,0.4585174746674602,0.4648204468054152,0.10771323619838606,0.30857712471926657,0.5975613883389653,0.23491631649699957,0.28898426361969876,0.2621879680454611,0.2480400110269654,0.11163969510011094,0.13088236313667867,0.41608031892635566,0.42580022238378845,0.285197955789677
1825,Marmaraereğlisi,Tekirdağ,2024,0.5271710508111496,0.5508083517683791,0.21281849693671154,0.2226041034341288,0.8006808050578289,0.40369913448253875,0.5780767016237001,0.3497075275033728,0.3476675202622762,0.19179139207398316,0.08975898270742148,0.6053612627314077,0.548433696704265,0.5156022800239862,0.3231243597347651,0.32223011868410834,0.17726188220569136,0.08785735998223815,0.5644913510419097,0.548587182814678,0.4766339910596716,0.3595382135485875,0.3554894572559986,0.16112308351188961,0.14460660366275105,0.5819884577849166,0.44813896670851555,0.43738185412216557,1.2915229896075535,1.0156872018654428,1.0249452474765992,0.2655135713474722,2.7649557082169722,0.7935942725944372,2.4994421368695,0.12350001836535998,0.1367076209152588,0.19652251252701905,-0.15236996802028405,0.3789219417646938,1.5912751684427349,0.5312919097849779,0.5334262870652162,0.5429522459040218,0.14418105722245814,0.33991418259737344,0.7226073015782017,0.270292373508077,0.3826931189808283,0.3593690526672394,0.36913386968410367,0.16555969823363287,0.12689423942498995,0.5762139280866727,0.460695480049959,0.44931968866168276,0.6303752288361476,0.7597476344687332,0.2695692832328926,0.20113426061926323,0.892565117955437,0.42763305234977955,0.6914308573361738,0.49169148073719543,0.5663831491673843,0.25493225353477544,0.10540887360560175,0.785139746160011,0.5184801110496247,0.6797308725544093,0.4587903647022006,0.53314629313537,0.23905179513988745,0.09960047879442037,0.728511812839899,0.5210479851621453,0.6289113340454786,0.4769244842812762,0.5488315335156282,0.2268587649310783,0.13082379455955498,0.7363540279644178,0.47567020022667483,0.6055302334048629,2.5116253524032954,2.3434950528642196,1.9075196216694583,0.21955067340361617,5.343799563521992,0.7594761773861746,5.124248890118376,0.2777499343183347,0.3769726533940355,0.26064116830332035,-0.1308840947387637,0.5488157370724277,0.9384022680077192,0.6796998318111914,0.6131730876806057,0.6894533961131837,0.19672734673389905,0.3066896275519448,0.8183847451693091,0.32083493337589514,0.5116951176173643,0.4597954910533128,0.5488201150051758,0.21065784691444617,0.1269610008283544,0.6738309008175389,0.4581555300419869,0.5468698999891846,0.33873169654528995,0.2772240775380745,0.15064109647147328,0.20731719236591947,0.5898682300953222,0.4447209930687189,0.3825510377294027,0.23087057908949762,0.18339995487188906,0.1114866621167855,0.13701715549568524,0.4101608884375393,0.4828967924646968,0.273143732941854,0.22543956048192812,0.1815853473426285,0.100451163693398,0.1387319088017096,0.38475098917300693,0.4455791320683064,0.24601908037129733,0.22270426274234287,0.17379564279446572,0.11501059439404956,0.12701548597147794,0.4160107382339283,0.5164274494696618,0.2889952522624504,0.5721585247119266,0.29584681388642836,0.5503887288932163,0.20402793918157924,1.4215053016099022,0.9619514612149298,1.217477362428323,0.019132289327734173,0.00584714694278811,0.09238102780398903,-0.0839215500006621,0.1542522867750556,4.828540182594534,0.23817383677571768,0.4662932818770002,0.4570048070892998,0.08357474354859303,0.379028398377973,0.5898166523414322,0.17923214165165377,0.21078825396345924,0.2456868842998955,0.20113894580142622,0.10529349921531277,0.15437529177915008,0.4199647576076046,0.42856784771134626,0.26558946582845455
1988,Süloğlu,Edirne,2017,0.36720828448326004,0.3476528054935227,0.13984528125244258,0.1992561175760148,0.5663336698966038,0.3808336771302275,0.36707755232058903,0.20439314425579944,0.19336906125889883,0.09653920307055913,0.08394128015421949,0.33398737693592273,0.4723211408193792,0.25004609678170325,0.19469959595325348,0.1855406860701704,0.09086834114459111,0.0800356167204247,0.3183124207977374,0.46671047620667994,0.23827680407731272,0.24453758733041048,0.23053001357214484,0.09693290239369495,0.1368091203777106,0.3788223966405903,0.39639265052011274,0.24201327626287972,0.5521876417328686,0.45313483244167524,0.3873234803644394,0.17287112251265907,1.0462512262985977,0.7014345325602462,0.8733801037859386,-0.131415507882809,-0.1523707061530098,0.12553477049301465,-0.2773361479927582,0.0428877211099743,-0.9552508110759762,0.3202238691027325,0.4415218724264083,0.4335567974920892,0.09119081394837628,0.32424079253008814,0.5663684339327929,0.20653747785411405,0.24212764140270476,0.23811744115914818,0.2284939306300776,0.097582097855499,0.11522263631630526,0.37304527787360203,0.40980659535258074,0.2578226415572968,0.5397022500030704,0.5820349202298928,0.23719884388513285,0.2070461206424299,0.8320360206657511,0.43949945341859037,0.6249899000233212,0.39641480641800875,0.4102204799079182,0.20812571782582182,0.12119010793829862,0.6758134131276767,0.525020040765982,0.5546233051893781,0.3735814542693263,0.38474416406993917,0.19751296123426915,0.11523343659204192,0.6347315393784827,0.5287011948186164,0.5194981027864408,0.3897020831032804,0.3866892001677759,0.1893509992121509,0.1445290642037072,0.6444976643975067,0.485886546215788,0.49996860019379946,1.5307727039681196,1.1714871202874562,1.2657854972142024,0.23395114818359197,3.4220647183621518,0.8268931722737095,3.18811357017856,0.0804194862809896,0.08202569623594679,0.22942876452089878,-0.22268389880825154,0.3945587248039786,2.8529001505836966,0.6172426236122301,0.5592275960505384,0.5820875006614175,0.16195372578088438,0.3399420309270536,0.7616964729100939,0.2896025284243096,0.4217544419830403,0.3887143316873633,0.41602502731319296,0.18153275419311118,0.1387168973174857,0.6191502700540703,0.4670081326950277,0.4804333727365846,0.4882003533943,0.4413930138990002,0.2031770077755124,0.25397737069440013,0.8164126118392783,0.41617546231355224,0.5624352411448781,0.337958112136481,0.2773127108867598,0.19625312625816715,0.1367265999753704,0.6523516867075694,0.5807025167039408,0.515625086732199,0.32461367580504796,0.26948588020351655,0.17969291642409188,0.13681493270802111,0.613299100504596,0.5535592916054757,0.4764841677965749,0.3143964502423293,0.2694736156144439,0.15196691165370768,0.14454647839027177,0.558564014122442,0.4833607743871637,0.41401753573217026,1.0609198325620708,0.7184616386293341,0.8941830250649461,0.2814115243567142,2.531064222241671,0.8428375053613021,2.2496526978849567,0.03317605757687332,-0.003939988254299094,0.17075953844681038,-0.16012523905026915,0.30858084678521175,5.1470714400328585,0.4687060858354809,0.5446547328352219,0.5273371676033457,0.10758819326578922,0.41808824523639154,0.7069913251716535,0.1975346706448957,0.288903079935262,0.34562090162562487,0.3026979011469109,0.15794623709259376,0.16992038157972067,0.5996409960640626,0.4569927233847693,0.42972061448434196
1988,Süloğlu,Edirne,2018,0.5522686604575566,0.5820953488760967,0.19719174910801687,0.25392310273794294,0.7929752422126185,0.35705764825518577,0.5390521394746756,0.3327047537016448,0.3398129034095793,0.1504897305011068,0.12109066152980433,0.5273547913119301,0.45232215298029516,0.4062641297821258,0.32595426799239874,0.33208366927103866,0.14786158960340678,0.11330271582157207,0.5117253490752891,0.45362679407178347,0.398422633253717,0.34623750911932466,0.3476207744711285,0.13941766470090006,0.16010770741283942,0.5273035899546936,0.40266482119605423,0.3671958825418542,1.1480198001079223,1.0154755144956897,0.7643312433933921,0.29653811537624775,2.1717731579573534,0.6657822829549973,1.8752350425811057,0.12227704246422061,0.13675225691243467,0.1830201353305926,-0.13664421840015156,0.35545130231041955,1.4967661274940143,0.4920955207105711,0.5748791589238753,0.5976852220219653,0.1314847334305661,0.3788498098440833,0.722622377599142,0.22871716845100853,0.34377256775505877,0.3698478020432395,0.38674109877373297,0.14470695399167743,0.15230422469646046,0.5507224789793345,0.3912608191592267,0.39841825428287403,0.5336632462279811,0.5820646366900919,0.2079535356011894,0.23043163717081283,0.7851144344058156,0.3896718334474763,0.5546827972350028,0.3712878008479588,0.4042928124789658,0.17096260585142248,0.12303307779587745,0.5800688312939135,0.4604584515326727,0.45703575349803605,0.3575221470766731,0.3887143724972942,0.16452007099646046,0.1191502188208402,0.5566626051743851,0.4601674954731629,0.43751238635354495,0.37318863870712193,0.3944866352548288,0.1599612949884226,0.15233946551380043,0.5741308054965658,0.4286338821637066,0.4217913399827654,1.2974988108708025,1.1720507254082149,0.8954444926428293,0.2656776001097839,2.5464893183747837,0.6901312626574673,2.280811718265,0.09966249202539158,0.12697733019980853,0.21441401491879492,-0.21678380515304002,0.3730301652663346,2.1514013001417567,0.5898139704193746,0.5573523014878338,0.5977026746379426,0.1462205236126092,0.3477674964045925,0.7225835359600449,0.2623484701189504,0.3748160395554524,0.3804140962971156,0.41601745665317086,0.15635983020751612,0.14649746315666298,0.5683267288249169,0.4110253319461487,0.42182926566825385,0.3390982226347553,0.29291547394854545,0.1439957016942948,0.19934449400286205,0.5663349960068463,0.4246430446478435,0.3669905020039843,0.2324105408299381,0.1913491443098383,0.11728642228013703,0.12123594666902239,0.4101159910291236,0.5046519054656781,0.28888004436010123,0.21610099623362297,0.1816195196317562,0.10316122733082268,0.11917023896723897,0.37299987406028595,0.4773750659589598,0.253829635093047,0.2185375078173972,0.18353559188066146,0.10445412570999822,0.12120294589065718,0.37887511374532656,0.47796887021003587,0.2576721678546694,0.5635160560699836,0.3903128286199598,0.4383518881214956,0.20429570846537992,1.2031468267502528,0.7778871309871893,0.9988511182848728,-0.07731565319598899,-0.10551865587701735,0.1108128678540766,-0.19126477277907403,0.08979279225538676,-1.4332526891181383,0.2810575650344608,0.42748038286686313,0.4100910116055639,0.08491138647069832,0.339953699541051,0.5428796619957577,0.1986322410896305,0.20292596245470668,0.24060906121736922,0.20507482244775393,0.10403713703130932,0.13870727212227094,0.4003368772244383,0.43239076909626806,0.2616296051021674
1988,Süloğlu,Edirne,2019,0.39838827937259746,0.386707935116862,0.15556580141454948,0.2148581930933449,0.6132221713317205,0.39048789703236897,0.39836397823837566,0.23755104993275342,0.22269042470220723,0.12122992022844725,0.09765863142305241,0.40237321847622975,0.5103320749908928,0.30471458705317733,0.22315114669209074,0.2050809456614589,0.11330962853374446,0.09181365274357733,0.3808461445669771,0.5077707653014742,0.28903249182339974,0.26306320696625163,0.25388612652590364,0.10653285088248951,0.14461091781182472,0.4101705163317274,0.40497054723489556,0.2655595985199027,0.6425298446372044,0.5465772726316901,0.4546141604303206,0.2035700144275912,1.2027825123230238,0.7075378120171402,0.9992124978954326,-0.09840875307279098,-0.12110056817947358,0.1473706059159878,-0.2695063662371325,0.09759298259500333,-1.4975355475440353,0.3670993488321358,0.46861158726172464,0.4648426334027408,0.1084973706312451,0.3320585033424918,0.6132608026100009,0.23152942347251038,0.2812022992675091,0.263287599512845,0.2519474814769388,0.11383486252872196,0.12696366074072327,0.41989065582808865,0.43235937711972755,0.2929269950873654,0.5272430555359467,0.5664253054043067,0.22405133835121493,0.23052489584273697,0.8085319983017697,0.4249488656108803,0.5780071024590328,0.38183604676353355,0.40232072079536835,0.19117866538189404,0.13676877012310204,0.6289057715226474,0.5006826018715008,0.4921370013995453,0.348346754548499,0.36913780553222114,0.17463893812223008,0.12306874096792635,0.5722458322306362,0.5013364868249857,0.4491770912627098,0.38021755650849565,0.37889369469235623,0.18277331277351705,0.15241237574415337,0.6366477547379562,0.4807071889365349,0.48423537899380287,1.480735802922011,1.1407497736581058,1.211679801568593,0.26596966941238903,3.328144989331803,0.8182957413317918,3.062175319919414,0.08944955592151047,0.08982303776672082,0.23071540216698685,-0.20698410698674563,0.41016661488467687,2.579279458574767,0.6171507218714225,0.5397166802102635,0.5585787651587611,0.15569632439479172,0.3399323556277377,0.7382721141865768,0.28847788127306967,0.3983397585588391,0.3728593840361624,0.40430016974883826,0.1668588622705871,0.15042014172577517,0.5839616759774342,0.44751150008445006,0.43354153425165903,0.46199348121319134,0.4413826320670467,0.16463405257712785,0.261746838923463,0.6992250346165485,0.3563557913085702,0.4374781956930855,0.33593854743991236,0.3086277170977429,0.15070974333706819,0.1680023819872157,0.5585068417440444,0.44862295347045544,0.3905044597568287,0.30244335766632646,0.2792960157626516,0.12959442102007185,0.1582328989924562,0.49026229288901085,0.4284915430777889,0.3320293938965546,0.30491346743864983,0.2851233566408976,0.12450213093268257,0.1602085177542108,0.48824468130205767,0.408319553670528,0.32803616354784687,0.9531138270320477,0.7654537806245258,0.6523159322671959,0.32836719776147993,1.9216288777176673,0.6844050665999437,1.5932616799561874,0.03525980324738033,0.01948193513657803,0.13627066119560716,-0.12890015734226698,0.23045733506095184,3.8647595461478232,0.3593574924032188,0.4935268811227825,0.4882656882208083,0.09606804351814702,0.37902007166435503,0.6288262649939186,0.19465615185861912,0.24980619332956355,0.32709327408554245,0.3105576974591532,0.1226292162017195,0.1816211950579211,0.5058453872198175,0.37490595471446203,0.32422419216189646
1988,Süloğlu,Edirne,2020,0.5310156106253118,0.550785774014078,0.22594600478755866,0.22264177815629538,0.8163496466707789,0.4254978578153095,0.5937078685144835,0.35568925487058456,0.3477089025536179,0.19999025764022985,0.09760604901051408,0.6288821053734153,0.5622611729246505,0.5312760563629012,0.33030219522581505,0.3262079138065149,0.18352614446646792,0.09176614190427278,0.5801018559171353,0.5556310164423766,0.48833571401286247,0.38231767452438997,0.3788708867951251,0.17761897308931168,0.16014672533185553,0.6289205732555357,0.46458478099468686,0.4687738479236802,1.4206332691474575,1.0929297431983986,1.1642585520190463,0.27895539273402625,3.155728048902986,0.8195349055268392,2.87677265616896,0.038668358550642115,0.027328844709721634,0.23947561288911087,-0.2694932968765007,0.3710708162360455,6.193063834749567,0.6405641131125461,0.5589138570914274,0.5742145739806009,0.15481671403361622,0.34769876533911537,0.7539016531391609,0.2769956623356562,0.40620288780004554,0.3629918025890187,0.3730529285245189,0.1724056791974155,0.13084453742569171,0.5878382455359158,0.4749575003284968,0.4569937081102241,0.5521580440751492,0.6211142600077835,0.2336538140184822,0.2148052313806327,0.8241691474923544,0.4231647379326809,0.6093639161117217,0.4016795578578325,0.43363327075652364,0.20214443401608578,0.1210463951116519,0.6523003183031512,0.5032479997093386,0.5312539231914992,0.37056394373408313,0.4003645130453154,0.1869646476092229,0.10739475293040886,0.6034975915961012,0.5045408512367,0.4961028386656923,0.40823740594471664,0.43359852883345534,0.189189626589244,0.1445662685119916,0.6445186596959043,0.4634304055294335,0.49995239118391266,1.6307299536041013,1.3595183853564008,1.2576449152283857,0.23441298137773137,3.390545338516817,0.7712159284551346,3.156132357139086,0.1131870273268902,0.1445658646946851,0.24187762530003218,-0.22262092120266688,0.41792387635317135,2.136973034917479,0.6405447975558383,0.5651250066269492,0.6054188911763767,0.16539639074461912,0.32423972865429307,0.7538461471980301,0.29267222084511424,0.42960641854373705,0.39237951001813653,0.43553948087267375,0.17581649367297408,0.13871123502243357,0.5996001747319861,0.4480776625284218,0.4608889397095526,0.3927239983889591,0.32422203932000976,0.187828977753331,0.19929210706490905,0.6914051076585127,0.4782722179542047,0.49211300059360363,0.26245556656326274,0.20694499008792341,0.16196004368206926,0.10550517334596424,0.5195768528408712,0.6170950984308048,0.414071679494907,0.2378907023414743,0.18945349794144312,0.14180237925938516,0.09574311516504821,0.45893427271149584,0.5960820572795588,0.3631911575464476,0.26359776225201176,0.20896359813491946,0.1439300070578881,0.12306227871973922,0.4979780698340531,0.5460213540063528,0.3749157911143139,0.8224137920074939,0.4842063046535855,0.7287869211901339,0.2346687387824021,2.015390925987041,0.8861560059823184,1.7807221872046388,-0.0661854827741434,-0.11330305983166049,0.16640555215168173,-0.2460313412026553,0.19139469123213013,-2.5142303897599003,0.4374260324347854,0.4492387851188481,0.41795120837372474,0.11461214740169097,0.3243323864270049,0.6288728520923464,0.25512522782593183,0.30454046566534154,0.26893691081438836,0.22068293130211092,0.138777626865607,0.12698072340379007,0.4901900979417788,0.516022982659256,0.36320937453798874
1988,Süloğlu,Edirne,2021,0.5147162936024327,0.5430259022036774,0.21457184159680281,0.2148338833151835,0.7928827139621054,0.4168740027541042,0.5780488306469219,0.3628095384719557,0.37107793610517875,0.19032775219923254,0.11331706766315575,0.6210779837199129,0.5245941245118185,0.5077609160567571,0.3428404892011144,0.3476579176658753,0.17831754993566204,0.10547534824967977,0.5819627369542176,0.5201181177613441,0.4764873887045379,0.34213458435525473,0.34768283921799187,0.15064718228306892,0.14457873841635216,0.5508248924951276,0.44031556344109524,0.4062461540787754,1.0631603953518123,0.921997865624102,0.8026257486649051,0.2337703652652935,2.2033622495002163,0.7549432354459619,1.969591884234923,0.07144167642583737,0.07423876603473246,0.21496447720550851,-0.2148128058990858,0.36317903578846034,3.0089506288204224,0.5779918416875461,0.5416883584808485,0.5664354603070698,0.14073338995268103,0.3398440299524056,0.7147486420993051,0.2598050848782579,0.3749046121468995,0.3646310976741783,0.384731512233374,0.1645017081140801,0.13869579166771456,0.580033201157459,0.4511455801860135,0.4413374094897445,0.5746971200170267,0.6524068968355596,0.2412745431539494,0.22261161045477862,0.8476509050177071,0.4198290451617386,0.6250392945629285,0.42209385700595264,0.4649020597663964,0.21342937080422258,0.12112024992315451,0.6835595643067086,0.5056443425122216,0.5624393143835541,0.39030511432897264,0.43166594928175406,0.19684093731131116,0.11523156616789097,0.630884536124624,0.5043257956015451,0.515652969956733,0.41507832925407895,0.4413402044988995,0.19128204956092712,0.15233257741857792,0.6600689697767552,0.46083362122198146,0.5077363923581772,1.7017216511217184,1.45296263073241,1.3193680623882242,0.2653178020930129,3.671883589046947,0.7753136721969428,3.406565786953934,0.14902321727477683,0.1914122363593935,0.25741240238539714,-0.2226665583115259,0.47263520665974806,1.7273308622156953,0.6953017649712739,0.5757804715016241,0.6211508493851902,0.1659853510508375,0.3399123866145618,0.7694913844123844,0.28827888277966596,0.4295789977978226,0.4098473436621172,0.4629043301776108,0.18293436342566624,0.14650292718492536,0.6230583018189967,0.4463475639273129,0.4765553746340713,0.4382797232267628,0.41793165867464066,0.16632143152957085,0.23826980248598642,0.6757458020809272,0.3794869411367163,0.43747599959494077,0.2882389894653284,0.25386532593928585,0.14471923094277797,0.12888847472157097,0.49608787726942344,0.5020806907879682,0.36719940254785244,0.2606931900756148,0.23040270048475447,0.12709499969503418,0.12113368411833708,0.44137399946606026,0.48752711821190997,0.3202403153477232,0.2819092001606769,0.26167127222727943,0.1207831871069574,0.14457327561451644,0.4569940796749069,0.42844712779191263,0.31242080406039047,0.8578187516721073,0.6716489806223478,0.603277177077447,0.2658312170198588,1.7343487693705875,0.7032688151214999,1.4685175523507286,0.0063469183840392344,-0.011761591346430032,0.1319071567851784,-0.15226898869569983,0.19139848520517191,20.78286639338058,0.3436674739008717,0.4739716051460308,0.46483620296168376,0.0985541063756748,0.3633344406457155,0.6054434413993772,0.20793251179110242,0.2421090007536617,0.2952422306947713,0.27731848748323085,0.12258956367203673,0.15239291100103802,0.4726480790111851,0.4152168996405289,0.3202551680101471
1988,Süloğlu,Edirne,2022,0.4069193498603515,0.4023345076122713,0.15809614623966056,0.20705429302959819,0.6210864754481281,0.3885196078631226,0.4140321824185299,0.25336793419509446,0.24411261993005406,0.12563873099229342,0.09178097994487788,0.4277366439774934,0.49587463145810323,0.3359556640326155,0.23802498830220306,0.22853248703899678,0.11780827711224709,0.08788915194518447,0.40043113479361475,0.49494079572298716,0.31254198284843027,0.26541931969297494,0.2538923842234274,0.10250413789046277,0.14465203917798755,0.40233021373959654,0.3861969731858062,0.257678174561609,0.619219306948599,0.5468380114929366,0.40066491899569445,0.20334955030409257,1.1405522413039575,0.6470484923509554,0.937202690999865,-0.053504433377857645,-0.05866762228769336,0.1480431182831997,-0.25390763699207375,0.1445565414386439,-2.7669318024114626,0.3984641784307177,0.4742766492327631,0.4804603625458762,0.1145875732430769,0.3242961663748567,0.6210033192890785,0.24160492284080423,0.2967071529142218,0.27538664953736774,0.27149039854558793,0.11762467582062915,0.12303026371776535,0.4355707414057915,0.4271255560799015,0.3125404776880262,0.5058925194132097,0.5196068704046722,0.22480991641648448,0.21493108890315196,0.8007618161677409,0.44438276469722066,0.585830727264589,0.3664226696883526,0.3710850084992102,0.18749600902648134,0.12904405544194625,0.6210145614222703,0.511693256276827,0.49197050598032405,0.341538938880623,0.34567000837596257,0.17621915384217102,0.1230989736335076,0.5800368067421726,0.5159562608577535,0.45693783310866504,0.36566396352291053,0.34767139814523895,0.18364509197475856,0.14462156777257124,0.6288846338038188,0.5022236542137474,0.4842630660312475,1.3744162605389412,0.9530314427074583,1.2012124087954839,0.26564306370353413,3.265377413285915,0.8739800621424982,2.9997343495823805,0.06948269260734585,0.05083894462854755,0.23149594165418,-0.21480757131728748,0.4023756893256082,3.3317065439934574,0.6171832606428956,0.5315568064821703,0.5430385336461926,0.16067085335837178,0.3321017706548172,0.7460554073423082,0.3022646900557769,0.413953636687491,0.36265891695361335,0.3730289054362014,0.1679844051954743,0.14651995012724056,0.5840148394239699,0.46320219176345445,0.43749488929672936,0.4244623598040375,0.3554582896803441,0.20924586626771544,0.20712236157399067,0.7617530173309427,0.49296683542050335,0.554630655756952,0.30163992553903046,0.2382474917317245,0.1787841491490661,0.12899773244984963,0.5897675800642044,0.5927071783669846,0.46076984761435474,0.2811300488598894,0.22457350064321668,0.15797175228000893,0.126959567950692,0.533231993813092,0.5619169950727659,0.4062724258624001,0.28656511123895745,0.23043801011821877,0.16262591028794665,0.12122495711872908,0.5507948214184959,0.5675007316307187,0.42956986429976685,0.9461183500194461,0.5305298231947787,0.9151268310362132,0.21935218442849905,2.4686734159101476,0.9672435071335463,2.2493212314816486,-0.011540211414203088,-0.06444998156786809,0.16198731270456843,-0.18162446445706995,0.2519200715120274,-14.03677167518811,0.43354453596909737,0.4951623818444517,0.464795719593607,0.11981242075731295,0.3712261233224865,0.6835353212348716,0.24196591895979355,0.3123091979123851,0.3028937428649932,0.2519283332580595,0.1525456941208908,0.1465167639910109,0.5488534867908917,0.503627749711832,0.40233672279988086
1988,Süloğlu,Edirne,2023,0.43734850176219336,0.41013759753522117,0.20273618268738186,0.20706810997068034,0.7383367409164371,0.4635575104762081,0.5312686309457567,0.27813036342796515,0.2480415245838187,0.1669490880124225,0.0878667437023979,0.5253812586230628,0.6002548084098763,0.43751451492066495,0.257751483982386,0.23240192400050388,0.15253697268713406,0.08007128354328644,0.47851174121559925,0.5917986206339669,0.39844045767231284,0.30129798746791486,0.2714746267072966,0.14309026166535985,0.14258783730192,0.5176083264910595,0.4749127694740991,0.37502048918913944,0.8464812811027786,0.6093593693852428,0.703450703544926,0.2036183652944051,1.921452300442509,0.8310292492569767,1.717833935148104,-0.058289911353159626,-0.09756640721234004,0.19054016823574055,-0.2773230183171304,0.2304895791691235,-3.268836129829047,0.507812597486254,0.48632366526547066,0.4804604381803559,0.13300765575025525,0.3242876151280315,0.6757616234230788,0.2734961616100875,0.35147400829504727,0.29479099688169047,0.27539979936621506,0.15046008302608804,0.11916989785736606,0.5136455786009142,0.5103957875839497,0.3944756807435481,0.5763893700036815,0.6288596124398568,0.26946232488512745,0.2148341458294792,0.8946411669615213,0.4675005107804232,0.679807021132042,0.4622521206524728,0.46482561428915226,0.2568839541770259,0.14458452492391236,0.8085501276567855,0.5557226082909734,0.6639656027328731,0.4212964954411848,0.42378055302713147,0.2346232897906512,0.1269812199107054,0.732444751638015,0.5569077652662454,0.6054635317273096,0.42770315157893696,0.41799032190989316,0.2265135606366968,0.14456058499228802,0.7304842726862172,0.529604609646865,0.5859236876939291,2.071991667514218,1.2810480551944923,1.9037392947003884,0.22015506706118163,5.093923690085779,0.9187967908115755,4.873768623024597,0.17133724480814125,0.16797475348631952,0.2840295173959962,-0.1914254337048143,0.5428749394856793,1.657721983997377,0.7343003731904936,0.5750869214808882,0.5976552516525534,0.19088273253182828,0.32429796610705924,0.8086016435837979,0.3319197940379033,0.4843036774767387,0.4227785274956902,0.44726777246777566,0.20714365929456155,0.15038409215970788,0.6777280061210087,0.48995785221536153,0.5273439139613008,0.3693129784702223,0.3476401999608991,0.13734238826100548,0.2148840884055471,0.5584593648748303,0.37188616774289557,0.3435752764692832,0.24686014746605225,0.23046187810597668,0.10553646340773161,0.13678942585668746,0.378898515099214,0.42751519226992596,0.24210908924252655,0.23923622297563996,0.22262406585770828,0.10151829634630971,0.1289962275901172,0.3710472979525036,0.42434333347858755,0.24205107036238638,0.23328018176525114,0.21484442644496007,0.09453832847360129,0.13680700996498427,0.35541266057412263,0.40525657926970754,0.21860565060913836,0.5659792804218721,0.4529624198872389,0.4184274925369715,0.235044948245193,0.9840831942342636,0.7392982517400323,0.7490382459890705,-0.01312682333331709,-0.01170860089743351,0.14998390272033119,-0.20697890471110647,0.1835501959444074,-11.425757695668699,0.3905291006555139,0.47042685840800025,0.4648345867183222,0.0994190487134878,0.3398907304385992,0.5975839451136601,0.21133795176988357,0.2576932146750609,0.2617976991795131,0.2441229612563135,0.09962499687392878,0.15040934655154703,0.39645188271730397,0.38054191150708516,0.24604253616575694
1988,Süloğlu,Edirne,2024,0.48500961923700636,0.4726543342063141,0.21527100756042225,0.21484098330934998,0.7929958932057006,0.44384894447882534,0.5781549098963507,0.3195369417628181,0.3007716890759685,0.18430993059201428,0.08973942238604665,0.5898674317785081,0.5768032002034418,0.5001280093924614,0.2955674624984342,0.2773808018092554,0.16855430554315676,0.08974385579362441,0.5429630625467272,0.5702735481042663,0.4532192067531028,0.34067430266096843,0.30859575334085765,0.16696286528126053,0.15238276170337348,0.5976017993032542,0.49009527274916975,0.4452190375998807,1.1898810710150294,0.7807790126379928,1.0902657808893257,0.22062478344592756,2.843895730474298,0.9162813052898415,2.62327094702837,0.005022146078972977,-0.027374686743441838,0.2168287309716653,-0.253910756008932,0.3320585023224343,43.17451694196966,0.5859692583313663,0.5191887298890218,0.5195200683285236,0.14012620250601443,0.33989942630546066,0.7148144983921899,0.2698945382269119,0.37491507208672925,0.3299114929210725,0.3183516682834132,0.16164801529253114,0.1269405438755221,0.5605430772638292,0.4899738831808553,0.4336025333883071,0.5695651511527379,0.6210871113434269,0.2330311171950653,0.23829258476696194,0.8476441484110379,0.40913865029037627,0.6093515636440759,0.42800795089447546,0.449223193223404,0.2143644211538244,0.13677280185904445,0.7070772797435937,0.5008421472214089,0.5703044778845492,0.3965031440809246,0.41601512348654557,0.19872289476615626,0.13086869592851644,0.6543133631425894,0.5011886985834286,0.5234446672140729,0.42483985107433986,0.42577021111201996,0.19470008223414076,0.1680108303773877,0.6835454117781323,0.45829053404896214,0.5155345814007446,1.8319176010773561,1.4061907051862996,1.4805078326408594,0.28293223034904197,4.15596949150559,0.8081738129325077,3.873037261156548,0.1347231762171521,0.14256295112179856,0.24803468706629847,-0.1972173761479768,0.462903302040376,1.8410691762975246,0.6601206781883528,0.5787132977360184,0.6054460868208369,0.16237571487843733,0.355556748362218,0.7773686026917775,0.2805805837081446,0.42181185432955953,0.4107777359219324,0.44334637817478995,0.18004744778302076,0.15819828734074506,0.6308272311767896,0.4383086814063323,0.4726289438360446,0.33574824994523306,0.27926988193646896,0.15137238447053175,0.1894697095177237,0.5801277062333382,0.45085085177725714,0.3906579967156145,0.23253874660175977,0.19130636475786658,0.10414640649336156,0.13683766054375182,0.3866606093654408,0.447866895368281,0.24982294882168896,0.22233238399438204,0.18940239069216258,0.09185775083358247,0.13480114061219256,0.3574128234336489,0.41315506622689546,0.22261168282145632,0.22569663853343055,0.17770994374992397,0.11946276944990158,0.1113584407477514,0.41989935650774995,0.5293068174438343,0.30854091575999854,0.5917185568114617,0.3590958689987842,0.5348824184699043,0.17306626608018139,1.4221167523586205,0.9039473450894882,1.249050486278439,-0.04511436623325042,-0.06444790864181334,0.09284865462327627,-0.1425344056708297,0.08789685582239962,-2.0580729017277974,0.23043126149322932,0.4498254182588557,0.4277244983248602,0.08379313382570312,0.36137054324508777,0.576150905514706,0.1862792328411368,0.21478036226961827,0.24262423213389858,0.2050588110244447,0.1016058330897544,0.1465087404215044,0.40036948742954565,0.41877858693718834,0.25386074700804123
2094,Ergene,Tekirdağ,2017,0.36804591972481104,0.3554941043918077,0.1496012199002025,0.19932528398066482,0.582002502897467,0.40647433345290107,0.3826772189168022,0.20465368495413908,0.1835793802184432,0.11014605831740693,0.08196636795960686,0.35538697987694656,0.5382070610753459,0.2734206119173397,0.19224105806937095,0.17379406816233042,0.10289474194789289,0.07616646456921027,0.3339596176644009,0.5352381170871569,0.25779315309519063,0.23767876873477345,0.22267804557176024,0.0998586726684348,0.12909078664812182,0.3788856599917314,0.42014132435980195,0.24979487334360959,0.5336904013144511,0.45312682788339853,0.39880204718946044,0.172114504839958,1.046732851839508,0.7472535503865765,0.8746183469995501,-0.10686881920629866,-0.11523481935585185,0.1355039878349042,-0.27928229474056515,0.07616529829802826,-1.2679468982746824,0.3554475930385934,0.43087565693824453,0.4179777861957509,0.09407828425837567,0.32431101756196873,0.5585092523665144,0.21834207327210292,0.23419823480454566,0.23630475009266402,0.22070937816928637,0.10779377411029954,0.11131522681029087,0.3886374206716973,0.45616422889522756,0.27732219386140644,0.5786602709524573,0.6914235048955311,0.3040971387668621,0.16806100766924345,0.9100870474855863,0.5255192969552367,0.7420260398163429,0.44858140517124806,0.5117765014742264,0.2729237574800394,0.09768929131119428,0.7772439268725998,0.6084152270552754,0.6795546355614055,0.42154130408814366,0.4804697104650001,0.26203629899800746,0.0898917020703814,0.7382220522471694,0.6216147657578439,0.648330350176788,0.4334747790950351,0.4882452810551996,0.24630989962946528,0.11334905067581794,0.7226161890592814,0.5682219854721103,0.6092671383834635,2.23456579650228,1.781238405741796,1.9788235585311935,0.1563812675569259,5.093399221552996,0.8855517083581094,4.937017953996071,0.1576241274526476,0.22266845663586823,0.2739699122667474,-0.21482851759622623,0.48043874347986376,1.7381216739743834,0.6952672610760899,0.5814472021241179,0.652343782821367,0.21913947442781465,0.2851839252398435,0.8241711498528721,0.3768862824126829,0.5389872246130286,0.4219204013641188,0.498107436933932,0.2348305389881273,0.11133411413337103,0.6894646167046904,0.5565754541114681,0.5781305025713194,0.5580651565507596,0.5429517265057653,0.17095041102833594,0.3399040857232369,0.7929385077764036,0.3063269745865005,0.45303442205316674,0.3964824529923346,0.35541459240310486,0.18745667025270948,0.18364018959997563,0.6756849038879379,0.47279941101538153,0.49204471428796226,0.3744913180227253,0.33981314648784566,0.1679181338772903,0.17583141573305486,0.6210782975487361,0.44838992466869554,0.4452468818156813,0.3573485940484231,0.34764431997895595,0.12607077681527093,0.19927322938142533,0.5273380187325463,0.35279494285120233,0.32806478935112093,1.2587903167721943,1.1560869432205316,0.7408201919974855,0.4068405967639326,2.281392224923929,0.5885175490522566,1.8745516281599965,0.1346587269084265,0.128923914989818,0.13289771065082046,-0.03509844053672108,0.30857330269445893,0.9869223755634968,0.34367174323118,0.5734722826548869,0.5820026150693605,0.09769560937260836,0.44927674129798617,0.6913185432729478,0.17035803181337214,0.24204180197496167,0.39055068781018076,0.3710330264603578,0.13949315967390769,0.21491099615896858,0.5898671338083821,0.35717043658544395,0.3749561376494135
2094,Ergene,Tekirdağ,2018,0.5746518919498863,0.6210648343495188,0.23612788136901663,0.2304521346009642,0.8554535710572027,0.41090594963117016,0.6250014364562384,0.3585874249625488,0.37107336027886695,0.18600136414443558,0.1132745443463431,0.5976108039150715,0.5187057637725632,0.4843362595687284,0.3458640529564314,0.3554539829285601,0.1814718218314641,0.10545085221519006,0.581984402774346,0.5246911908891675,0.47653355055915597,0.37040866708633907,0.37885874681320175,0.17907811596549036,0.12889937975408067,0.597648530691289,0.4834609226995998,0.4687491509372083,1.4482050441222272,1.2425893804770023,1.213146034958064,0.29142890554730055,3.2282280743534724,0.837689414134975,2.936799168806172,0.17073675400188026,0.20698001733436233,0.211620177344113,-0.14451647237730858,0.42573237323557384,1.2394529729772332,0.5702488456128825,0.5720177792690102,0.5976598445897703,0.16412171007934998,0.3477183065723651,0.769445832598255,0.2869171484303923,0.42172752602589,0.38695139979196075,0.4101438169970702,0.17411630904645894,0.14457590998999165,0.6054071552383529,0.4499694513059528,0.4608312452483612,0.5704315345964761,0.6601997456388736,0.25263812362017896,0.20708016981559604,0.8476466587580276,0.44288947629603864,0.6405664889424315,0.41068988526533645,0.46490368109531155,0.21637699717475478,0.11328714194288977,0.6756888675792949,0.5268622504178768,0.5624017256364051,0.38999233815224044,0.44146132721805403,0.20892111031170565,0.10547027323643154,0.6445243217826325,0.5357056789924668,0.539054048546201,0.4083568931905567,0.4570422409992502,0.19670374595242776,0.13676955192505424,0.644518874320929,0.4816956667868404,0.5077493223958748,1.6669959174958695,1.5314719598146107,1.2716675380766624,0.21877571124264755,3.46794808229496,0.7628498214842289,3.2491723710523126,0.16861072847531935,0.23052290554715385,0.23920212463551843,-0.17580342943269256,0.44917312604769294,1.41866491413998,0.6249765554803854,0.5761533630022667,0.6368122259079073,0.17453946096311085,0.32425202577201884,0.7772436702297565,0.3029392383541883,0.45299164445773765,0.40767238391965,0.47070847997962395,0.1926600249311067,0.13477273806851958,0.6269122569371132,0.4725854203778467,0.4921395188685936,0.35578905850061193,0.32414730483064225,0.12636326606723022,0.22273772879292975,0.5429106898759037,0.35516344038166336,0.320172961082974,0.23922434582735214,0.21480265154004144,0.1079975194493774,0.12894858922022887,0.3867056699539927,0.4514486979820986,0.2577570807337638,0.21777330530287242,0.1972526007593181,0.09347145896937444,0.11917858736008798,0.34567968364804774,0.42921449366522313,0.22650109628795978,0.2321937351920014,0.20698368515000723,0.09097917506870024,0.13687587837211207,0.36326904069562627,0.39182441762896575,0.2263931623235142,0.5651764333227605,0.4527803269760346,0.38778231034764127,0.2347942337583955,1.077912384109955,0.6861261147564285,0.8431181503515595,-0.05212135561373718,-0.06054285041696027,0.10018426258147059,-0.1699221093637392,0.07616246195415798,-1.9221346298803073,0.24608457131789718,0.43781803048269163,0.4335765350122024,0.07337769672932604,0.3555951243651502,0.5351068926093292,0.16759861773720827,0.17951176824417903,0.2474777375268564,0.2246154577744888,0.0925468867567384,0.15041547337464703,0.3808351936262305,0.37396045269201306,0.23041972025158344
2094,Ergene,Tekirdağ,2019,0.502455990640635,0.5273451219967816,0.22456165202101652,0.21484684379337066,0.7929279568631706,0.44692800206183,0.5780811130698,0.33553462151211166,0.3320329676314608,0.18814274188369975,0.10547666476451746,0.5898280973715664,0.5607252719132844,0.48435143260704894,0.31018066605858424,0.3007535772732986,0.17728912275129782,0.0976578038094596,0.5506988145115314,0.5715672901347533,0.45304101070207176,0.35631205050112363,0.3555078073037981,0.1722734986439917,0.14460812445018134,0.5898222949977657,0.48349052018224803,0.4452141705475844,1.2277079967331603,0.9531614662200856,1.0240858242565294,0.2037832306407027,2.7031978342965988,0.8341444602312159,2.499414603655896,0.07547460245106606,0.08205947581601328,0.21227412165357298,-0.20707527845146226,0.3555132711944166,2.8125238790254095,0.5625885496458789,0.5217021547310577,0.5352112436844654,0.15790873353525195,0.31643309862473856,0.7304170164065255,0.3026798568939309,0.4139839177817869,0.34252958487640883,0.3535306195598449,0.1678677245442352,0.1308819977598616,0.5644333405798115,0.4900824102677293,0.43355134281994995,0.5870115843568394,0.691419777492735,0.2590583035773108,0.214857554727158,0.8632320215984759,0.4413171911439339,0.6483744668713178,0.43397554753072226,0.4961940022199057,0.22226120342804417,0.12889339135881245,0.699158478231502,0.5121514442292621,0.5702650868726895,0.4014940536720778,0.45900317244067823,0.20977008851457501,0.11132224112151237,0.6503691911674907,0.5224737118669901,0.5390469500459784,0.4348150437390411,0.4804675729854775,0.21581867306085215,0.1367850418361094,0.699168772175835,0.49634592033659725,0.5623837303397256,2.036807663363748,1.7812053269664148,1.6212598693406042,0.2798904438795112,4.406104206846282,0.795980837318299,4.1262137629667714,0.1847955107963316,0.2461017796699493,0.2531473071181801,-0.16794611282574928,0.4804216949995257,1.3698780128765193,0.648367807825275,0.5821123181818759,0.6445492086906721,0.19022920465391568,0.3164405604222656,0.8007506818837871,0.3267912372101362,0.48431012146152147,0.4186436642679612,0.49021413573234807,0.19502387462624576,0.13869041592994766,0.6347664748987477,0.46584695117090524,0.4960760589688,0.4476173593803132,0.40039745065801813,0.19403012723290577,0.22852053066547137,0.7402270251637352,0.43347319572574977,0.5117064944982638,0.3418891829348792,0.2772800435229978,0.19080186250046843,0.14456822389553214,0.6367172114013016,0.5580810157916318,0.4921489875057694,0.3105119883063604,0.2558504621590743,0.16473825517058072,0.1425970731458575,0.5644208703588098,0.5305375037824467,0.4218237972129523,0.3049967613337181,0.2636582349571075,0.15152919716472715,0.1386803045221749,0.5371109162227198,0.49682231543084665,0.3984306117005449,1.012341793991566,0.6718699626945289,0.8389814123872288,0.23474912212438678,2.359374373118281,0.8287531122065069,2.124625250993894,0.04170905778129829,0.013653488653564635,0.14763577761142863,-0.13085038734429216,0.2636626286169073,3.539657462068737,0.3945130159611995,0.4996555460240537,0.4745867249413759,0.10850208809429858,0.38088870314452766,0.6660228943120667,0.21715377515108222,0.2851341911675391,0.32505799891194015,0.28316645837888,0.14921216874235718,0.16211899816289815,0.55271967350586,0.45903244726114095,0.3906006753429619
2094,Ergene,Tekirdağ,2020,0.5305613032299639,0.5820522677481298,0.2285381453490135,0.21491967886604843,0.8007258835372351,0.4307478588387685,0.5858062046711866,0.3501356103226811,0.36329081913348393,0.19897939937026515,0.0976443250246414,0.6053955437532355,0.5682923801634685,0.5077512187285941,0.3233208747542814,0.3378547341414613,0.18412634715172108,0.08788932413380135,0.5644521874863896,0.5694848725485298,0.47656286335258824,0.3755351038656821,0.40238360500117654,0.1694832035600483,0.15238955812465638,0.5897769990689239,0.451311213826411,0.4373874409442675,1.3046510940586904,1.1562457621359943,0.9655771112774651,0.2195940856239756,2.5931297931136084,0.7401037071709443,2.3735357074896326,0.08830838603128423,0.12110606036019878,0.21773747137457905,-0.2148429006859187,0.35542719685845964,2.465648860318239,0.5702700975443783,0.5473659414560919,0.5820492612681009,0.15371637668956664,0.33207110836835835,0.7303904244285276,0.28082926804077984,0.3983193160601693,0.35964745538817205,0.3925611047744459,0.17513150060638932,0.12696563991269752,0.5762021586620802,0.486953259317149,0.44923651874938275,0.5996674966199583,0.7383472154900083,0.2876424567658016,0.19141128256614004,0.8944226400360713,0.4796699143894006,0.7030113574699313,0.4819109331149237,0.574219162376127,0.2787560520841418,0.10545532800220529,0.8006900861060376,0.5784389457245732,0.6952347581038324,0.44754586658682977,0.5331874027725566,0.26123920191266364,0.09570479929935695,0.744096248710677,0.583714924919276,0.6483914494113201,0.45138445618653095,0.5352641781351609,0.22971513224313198,0.1288976045402609,0.6991180821309889,0.508912367483483,0.570220477590728,2.1479214318225224,2.1095267947425325,1.6598857428158127,0.17212880850219514,4.359156842929555,0.7727869922166525,4.18702803442736,0.19315716867054505,0.30077967471084416,0.271987585593836,-0.19923543119799167,0.4803350117796025,1.4081154091554666,0.6795704429775942,0.596350537279604,0.6835951777585674,0.20363175783415044,0.3007921638528095,0.808440616043382,0.34146319170443873,0.5076484521905725,0.4413274290886062,0.5410336568292736,0.226689157932828,0.12303827654106332,0.6816143940764852,0.5136529999981378,0.5585761175354218,0.4558689619719837,0.4413547082923218,0.1606663463590899,0.25394153317904106,0.6835497935902817,0.3524397573901159,0.4296082604112406,0.3245225458254468,0.292916367176008,0.16775094747460845,0.1289445122575791,0.5585288007845325,0.5169161576984479,0.4295842885269534,0.2883003418406513,0.26174958669636395,0.1439750933446962,0.12114000710706394,0.4882462998616806,0.49939272505016236,0.3671062927546167,0.28905399939342186,0.26952540836908345,0.12094933737255632,0.14457341072096472,0.4569635894616534,0.41843163431873565,0.31239017874068864,0.881526362184197,0.7030961678191396,0.6091317775380536,0.2970033641447579,1.7344315344161352,0.690996666314982,1.4374281702713771,0.06943101596663809,0.06641434252975273,0.13460845912479938,-0.1053511266887978,0.2459561177125699,1.938736705069667,0.3513072444013677,0.4758337311028095,0.47264154066953656,0.10018687928601336,0.3555554582078879,0.6053796242213504,0.21055018326215885,0.24982416601346247,0.3168507190860379,0.2988366562779054,0.12831018564356775,0.16210291054578524,0.49804761196740055,0.40495469290295755,0.3359447014216153
2094,Ergene,Tekirdağ,2021,0.5159374061175876,0.5664210408101223,0.23468882950466563,0.19929560206208602,0.8007476054133954,0.4548784924719677,0.6014520033513093,0.37491453287967624,0.39456632819293386,0.20956167467524506,0.10548721677481365,0.6445124143142447,0.5589585260022477,0.539025197539431,0.34146967274735157,0.35546988313608613,0.193676966946772,0.09760073404559626,0.5976404769223873,0.5671864367588239,0.5000397428767911,0.34418451109905734,0.36330070976406625,0.16330056973043036,0.1367706809536736,0.5585145676808659,0.4744564745490013,0.4217438867271923,1.11071386566776,0.9846157555708108,0.8419517970089748,0.20304855705584265,2.2966629127012856,0.7580276280271285,2.093614355645443,0.14152449839777795,0.17581608240312177,0.23210663156317274,-0.175799683647091,0.4335750916659146,1.6400456047602356,0.6093747753130057,0.5255058551409443,0.5664630752535275,0.15942858604451268,0.3086382754695612,0.7147567487923914,0.3033811792672659,0.4061184733228302,0.3643791999200086,0.396478303008428,0.18000246874197184,0.12695339612544063,0.5878772274225056,0.49399765074814206,0.46092383129706493,0.5995719912694201,0.7148913946907978,0.2751028624728614,0.20703268512452247,0.8866460092619635,0.4588320776799643,0.679613324137441,0.4466486416124637,0.511820779965062,0.24657541231910526,0.11330229196136615,0.7382588849778533,0.5520567832221178,0.6249565930164871,0.4170062665518715,0.48057800415843455,0.23427370168311068,0.10547212929097034,0.6913286248523702,0.5617989955409203,0.5858564955613998,0.44667601724153244,0.5116882938466388,0.22444009218103425,0.13674250377735106,0.6991792497526711,0.5024672996035784,0.56243674597532,2.142167669185318,1.9062221192510747,1.703830519502232,0.21914198234691115,4.468591248876448,0.7953768250784082,4.249449266529537,0.21400717240460315,0.3008096130419413,0.27255236300641394,-0.17574365000653172,0.511628276132569,1.2735664881881852,0.6873719261391007,0.592699978747013,0.6680039799933659,0.1967530759460892,0.3164002678197656,0.8084982699946393,0.33196065969503086,0.49209800217487365,0.4296111343229956,0.5097942147281459,0.21223853584078986,0.13477611013479965,0.662087168055595,0.4940247560744598,0.5273110579207954,0.48116602766954875,0.47266894608067994,0.18479397733790748,0.23828456992095642,0.7460258799886302,0.38405449826316246,0.5077413100676738,0.3310790397630702,0.3085577793414361,0.164863987007792,0.1367347019580921,0.5664233609058901,0.49795960241328924,0.42968865894779795,0.3039024993286416,0.28517055606822106,0.15258584478795406,0.12111451282619949,0.5194863989527876,0.5020881536842743,0.3983718861265881,0.3128566609082336,0.3007845077664821,0.14115239944780972,0.14457074389955088,0.5116640976800851,0.4511727480503035,0.36709335378053426,1.0358969131183984,0.8697465685045016,0.8112840720161877,0.3748350480746443,2.117734117852025,0.7831706627775823,1.7428990697773807,0.09524197330918019,0.082023651763691,0.17082709617226968,-0.12103881566761321,0.3320220739687803,1.7936114744044682,0.4530608896363935,0.4974422570674083,0.5038841377317409,0.13409406639740856,0.31640933065237387,0.6756782094016679,0.26956709948193547,0.35926887874929403,0.3299030701257401,0.3183732920343274,0.13964438766997767,0.15427485480815759,0.5292614698789102,0.42328914252526734,0.3749866150707526
2094,Ergene,Tekirdağ,2022,0.4090200672257054,0.41800156878413414,0.17271012276183434,0.19935781236203265,0.6366062880940202,0.4222534212888129,0.43724847573198755,0.2396158995588403,0.23836217462313725,0.12861406243952975,0.08978563144622352,0.41006358301629897,0.5367509529890239,0.32027795157007544,0.22754085131011068,0.22463626269168271,0.1222656145775736,0.08008352550925174,0.3886270083935373,0.5373347857037782,0.30854348288428557,0.26453506611553074,0.2617924552082927,0.11323584628417223,0.12911371621501588,0.4178744955036203,0.4280560908122426,0.28876077928860444,0.6549456922760256,0.5782807597549623,0.45716583475754236,0.17292504630833616,1.2963873314803722,0.6980209812035387,1.1234622851720362,-0.0186097481216405,-0.003879601544207776,0.1443642543493885,-0.22265663452296214,0.16008440730857215,-7.7574534274063245,0.3827410418315343,0.4715002851973888,0.4804750397399727,0.11169468420821181,0.3321976490362427,0.6132307805804315,0.23689208196650818,0.28103313154418874,0.27023955629886726,0.2753879904257648,0.12603889122613438,0.11913722691471883,0.43552911871023425,0.46639689967054127,0.3163918917955154,0.5706806028025482,0.6523810979810923,0.2902096354882908,0.19144217446031203,0.8945535421674135,0.5085325032305356,0.7031113677071015,0.44838683922580175,0.4883406689142984,0.2694066007341167,0.1133353318453008,0.785107281869632,0.6008352100594261,0.6717719500243312,0.42183319424891763,0.45702889437036515,0.2588023279182761,0.10553516369524284,0.7460324658694959,0.6135181665328135,0.640497302174253,0.43108237926075926,0.46484219332230564,0.24094390391104556,0.1211678481631492,0.7226379476761883,0.5589277490864454,0.6014700995130391,2.1821991928144446,1.5932154788007797,1.935696286848094,0.21734683987939013,5.0310814228527185,0.887039227776256,4.8137345829733285,0.17295761429165446,0.21483618906350416,0.2738000616557331,-0.19138226846589193,0.4960570145556102,1.5830471689672496,0.6874392830215021,0.5763730112793783,0.6289552254764823,0.2123349102883888,0.29304207214041594,0.8241313180251079,0.36839842625016017,0.5310892458846919,0.4189894800775868,0.47272564025093067,0.2268648053196528,0.12892990950780678,0.6835429184385038,0.5414570439277924,0.554613008930697,0.44143018610639534,0.4101202480835802,0.16260119386554847,0.2617989585976335,0.6836071645053741,0.3683508717420554,0.42180820590774054,0.29485579184139904,0.2538753040089338,0.15093719847666323,0.14462105248995563,0.519494443790236,0.5119017589379806,0.3748733913002804,0.2832689813968008,0.24607248044342175,0.13417361329552852,0.14467622796270796,0.4804217803390465,0.4736615094032454,0.3357455523763385,0.2858450195319495,0.2538987462581705,0.12294875148262106,0.1603075709199463,0.4647912540675487,0.4301238191378696,0.3044836831476024,0.8232005652110737,0.6092054967293198,0.6729591755806752,0.2659500386272971,1.6716690155056297,0.8174911485976984,1.4057189768783327,0.02357952413871777,0.0038425678106549584,0.11876417885691755,-0.1053883909148915,0.19137003186570992,5.036750451715258,0.2967584227806014,0.517418642965011,0.5117102657313788,0.09271056234043382,0.4180556914620088,0.6367043556156228,0.17917901413286166,0.21864866415361395,0.31154203998870444,0.283197124904618,0.12361034418196067,0.17776376446494707,0.4980342529165696,0.39676938684243834,0.32027048845162254
2094,Ergene,Tekirdağ,2023,0.4246270973008274,0.43164977167120194,0.18859883070940753,0.19339291425966262,0.6738236016923637,0.44415166132413475,0.480430687432701,0.25254438216660446,0.24614320917280783,0.1469396107566217,0.07424441171649837,0.4491852149263264,0.581836782493483,0.37494080320982803,0.23364631467749689,0.23240409320410688,0.13414836711694178,0.07225453895706807,0.41210765046004183,0.5741514361230452,0.33985311150297376,0.28831076599137595,0.28712182095777805,0.12890216866793983,0.1348041152195033,0.46288529016722657,0.4470945378147814,0.32808117494772326,0.760161625963932,0.6719288335428959,0.5526937901571038,0.17266619679326922,1.5468718885997212,0.7270740475175315,1.374205691806452,-0.04508334918005964,-0.03515995862055738,0.15669122469670468,-0.25386183716185673,0.1601018721570143,-3.475589714306522,0.41396370931887105,0.475706456219523,0.48632432810573345,0.12497264291444192,0.31837977869305334,0.6347482604429682,0.262709579154358,0.31636848174991483,0.2771894265940667,0.28320410199859575,0.1374065610145028,0.10743028654670736,0.4589708024015576,0.4957135728547447,0.35154051585485024,0.5746089328816816,0.6836533693416916,0.28489006182480525,0.19143687161170742,0.8866804802724099,0.49579817772075485,0.6952436086607025,0.423704113637647,0.4727553793306446,0.2456136177868008,0.10550664195311922,0.7304336239818509,0.5796819286886846,0.6249269820287316,0.39156077966214514,0.43559700306724175,0.23047089567258075,0.09570963376221527,0.6777381608499962,0.5885954560399042,0.5820285270877809,0.4367267613401588,0.4863720345760134,0.23796480789920463,0.12699255269662962,0.7167805401995442,0.5448825878427405,0.5897879875029146,2.2001556761090386,1.7804088923304213,1.8923515265820734,0.2173907202895799,4.906216638953018,0.8600989226038246,4.688825918663438,0.17960061191427742,0.24605109853759954,0.27923449931289684,-0.20701126063083322,0.5116177312802918,1.554752494084899,0.718628991911125,0.5767805855608896,0.6444794723369347,0.20566684485205738,0.30085578714737865,0.8084816062717202,0.35657726698976333,0.5076258191243415,0.40834954184462924,0.47854092516934477,0.21367720204885496,0.12305078211560305,0.6503650884785771,0.5232703362017138,0.527314306362974,0.4005518755513745,0.4023533077149383,0.1606489406025502,0.19148705597069013,0.6053969843196053,0.40106900106611904,0.41390992834891516,0.255185954467662,0.24611024753977287,0.11579898132039693,0.12107541641297269,0.4022825143443311,0.4537827387951767,0.2812070979313584,0.24364938514383744,0.23832614148178025,0.1125824253862317,0.10549868721591259,0.38667523917698576,0.4620673486196943,0.28117655196107316,0.26622852017538695,0.2617624291115304,0.11552600452720425,0.12121382577931798,0.4178798784545597,0.4339354944056994,0.2966660526752417,0.6840807949031589,0.5939725273152037,0.48319819407071113,0.21818769908448687,1.2803529328050696,0.7063466737713555,1.0621652337205827,0.00298345820592561,0.011731767116623189,0.14683372033309447,-0.19921608972136715,0.18352853354935614,49.21594679672736,0.3827446232707233,0.47853353341995575,0.49610269778221616,0.12774246388213958,0.3007891274949304,0.6366060961086839,0.2669456891959005,0.3358169686137535,0.2755127008996464,0.2754192990252851,0.11384464323010282,0.1308892934517523,0.41990226885502646,0.41321014551546914,0.2890129754032742
2094,Ergene,Tekirdağ,2024,0.5113278388259272,0.5273711796344656,0.19649231482667726,0.24613138765102963,0.7695092561544871,0.38427853894645797,0.5233778685034575,0.3262769012576096,0.32427403231480273,0.17110935252156595,0.10547801045161044,0.5585651001259818,0.5244298688078681,0.4530870896743714,0.30109648893902086,0.2988479878943449,0.15814067967658207,0.09960434305296863,0.5136662086261176,0.5252159539748379,0.41406186557314895,0.3372020668117945,0.33986924424104276,0.13968457374776966,0.16023746749078915,0.5272908413019188,0.4142459002949499,0.3670533738111297,1.048552141300783,0.8905337466140741,0.7642057685622273,0.2654849580617912,2.1094246318459615,0.7288199970811091,1.8439396737841705,0.07998702480062898,0.09768555018150059,0.18585648113668535,-0.18362376090711857,0.31634153769637585,2.3235828760969723,0.4999652986034944,0.5298295545263506,0.542967095071684,0.129160137358068,0.3555034176634524,0.6913847439673276,0.24377676982087707,0.33588132630387524,0.3425577106324553,0.35352149123169124,0.15120392507871827,0.14257829189016913,0.5410063411640548,0.44139693951000086,0.39842804927388564,0.5989079366960032,0.707114917937724,0.26513768251639047,0.22271620719823507,0.8788921369817851,0.44270190169640455,0.6561759297835501,0.4572163002696435,0.5195908215368528,0.24245843916927373,0.1288973512339931,0.7460958442335335,0.5302926405429635,0.6171984929995404,0.4224830705228094,0.48246075548164813,0.2282776517761191,0.11525097943250248,0.6933450139097013,0.5403237850303274,0.5780940344771988,0.4525302328828467,0.5039501799053342,0.2228990185758328,0.14460135730930218,0.7148153010990848,0.49256160667068183,0.5702139437897826,2.226763707114037,1.9059595601055979,1.7726512718747902,0.28086117590318815,4.781631311765991,0.7960661772111454,4.500770135862803,0.21339952595705944,0.29304753548007473,0.266558314373118,-0.16801875614060907,0.5116314217441335,1.2491045290642082,0.6796501778847426,0.5922945457485521,0.6601948266283625,0.19202974951624235,0.3242453357351404,0.8085330844407892,0.3242132666839804,0.4842877487056488,0.43226233907926087,0.5097375021056588,0.20516545885640036,0.1425789679467126,0.6581895924621896,0.4746318157011144,0.515610624515477,0.3508862389528428,0.3007429949358759,0.14086964448379957,0.21501271848199044,0.5663507992431068,0.4014681365225374,0.3513380807611164,0.24589366299464044,0.20696705733232676,0.10765782963109785,0.14477265323642283,0.4100834941370765,0.4378227088895918,0.2653108409006537,0.23202292684147657,0.19913363071970058,0.09450275179778929,0.14475004184795584,0.37100843255768307,0.40729919704166023,0.22625839070972723,0.23529290940046177,0.19125580039699067,0.1066504202190842,0.13695514929086802,0.4022603120189628,0.45326661347694186,0.2653051627280948,0.5944573762179783,0.404936175097148,0.48931949986776824,0.2231648756836517,1.3433014782564325,0.823136392016679,1.1201366025727808,0.009660158405385155,0.0038668719478450225,0.07880612690261596,-0.08189408620144577,0.1131707956017658,8.157850378383513,0.19506488180321158,0.45965725483497516,0.4492105071682428,0.08246142067044178,0.3712368119653265,0.5663304589851392,0.1793976268253328,0.19509364701981274,0.2529294608482942,0.21677211104409227,0.09823388499004379,0.15826381088773517,0.4003763429834078,0.3883845110829694,0.24211253209567263
2095,Kapaklı,Tekirdağ,2017,0.37274591662934675,0.35546046601539794,0.15436451255325961,0.1915595658342286,0.5976293159580186,0.4141279774414202,0.40606975012379,0.23477556917999015,0.21289890669541195,0.11041498390017017,0.11138451535562997,0.3925777608983631,0.47030014360446837,0.2811932455427331,0.22271528589414868,0.20507096811055836,0.105013622605057,0.10351561985517077,0.37299744751291,0.47151511035020516,0.2694818276577392,0.22873787987195712,0.21479759473727933,0.10352949523525647,0.1133556247557319,0.37891966650222153,0.4526119385788231,0.2655640417464896,0.5157855714049856,0.39078276262968836,0.3843376851319301,0.141906113085672,1.0468054472059678,0.7451501291224664,0.9048993341202958,-0.05705711661519026,-0.07226374492785705,0.11508201430506297,-0.1933216313393834,0.10352837661274089,-2.016961619024835,0.2968500079521243,0.4366549095241578,0.4257086736956874,0.1021096598042821,0.31654525871800426,0.5820039945358596,0.2338452118070893,0.26545873581785534,0.2566002142042654,0.24021343342414908,0.10953898665320876,0.1308562509145416,0.4121215468570182,0.4268857958396355,0.2812652959424766,0.5372044011180139,0.6053969277302597,0.29679723460954177,0.14454334797901242,0.8945009017405908,0.5524847413607485,0.7499575537615784,0.4145994897248462,0.44919936939637767,0.2389137783209086,0.10551922858257663,0.714810847483449,0.5762519835214136,0.6092916189008724,0.3957376862134269,0.4238874697246784,0.23757490931636285,0.09571689697235689,0.6972932764823573,0.600334306266286,0.6015763795100004,0.3848342012880544,0.3945191855488818,0.2355484211023942,0.08204385415972276,0.6991883199329085,0.6120776695886303,0.6171444657731857,1.7735239941934482,1.156498439791863,1.7284819141789034,0.10024692568504123,4.405666268962114,0.974603061383994,4.305419343277073,0.1453553673945499,0.15430332333398136,0.2230413179068869,-0.1386437212076782,0.43945246738508753,1.5344553276898794,0.5780961885927658,0.5518005048269558,0.5897900167380434,0.21536017576746466,0.2695819755886658,0.8163912192514473,0.3902862971011624,0.5468092436627815,0.3963583503214447,0.43941549844645367,0.22142839473991102,0.10739517139470503,0.6659765544620111,0.5586570702000694,0.5585813830673061,0.5426755852008672,0.5429723111407249,0.1788609794595338,0.3006907093440789,0.7851206299804885,0.32959098278454846,0.4844299206364096,0.3947330305529976,0.36320680732173544,0.19014942679088045,0.16802935471466418,0.667993237953953,0.4817165326258418,0.49996388323928886,0.37051754247800417,0.34763981297016505,0.17088871094745486,0.16801870199937946,0.6211129842359927,0.46121624850623555,0.45309428223661324,0.3425975489632914,0.3379034117719324,0.13237185998809856,0.1699087789858669,0.5253666252276112,0.3863771366393573,0.35545784624174437,1.184331187103573,1.0155702893669487,0.7525179947572418,0.35926448612685247,2.2653018307912136,0.6353948987847028,1.906037344664361,0.11478879366353494,0.11326046714051295,0.14739907838975752,-0.08190424371489541,0.31636022961340493,1.2840894453670169,0.39826447332830034,0.5544575943787582,0.5586413357058251,0.10829514185144454,0.4101908884502661,0.69132248711244,0.19531726672944896,0.28113159866217396,0.38444930957045204,0.37693247810374025,0.142230479656444,0.20113910110500174,0.5840267853218896,0.3699589935936135,0.3828876842168878
2095,Kapaklı,Tekirdağ,2018,0.5183081770515655,0.5430279007138554,0.19360146919406385,0.23829050194702217,0.7616732022107963,0.37352578594337477,0.5233827002637741,0.33127880593378306,0.3242149474802859,0.15463752103507708,0.13667036165983348,0.5350878018040379,0.46678965954129426,0.39841744014420444,0.31279045996053506,0.3086149503289444,0.1475117307306707,0.12896061525250702,0.5116812481625378,0.4715992001459454,0.3827206329100308,0.31956210841955024,0.324234380122006,0.14060965535121095,0.12889122084142052,0.5037448058232157,0.4400072838629722,0.37485358498179516,1.0560493064954977,0.921956805183702,0.716540217476965,0.2657007972047428,2.0155049399925167,0.6785101917776979,1.7498041427877737,0.16685671848905176,0.17581707621413836,0.1445403843872398,-0.027198341939385286,0.34759548724002354,0.8662545068373962,0.37479382917940884,0.5251852549489348,0.5429332212180136,0.13362762224067593,0.332117711975435,0.6913934359213773,0.2544390212434066,0.35927572394594226,0.3496108679746613,0.35356481432457265,0.14015994416832908,0.15820933137686694,0.5331946187651933,0.4009027092901684,0.3749852873883263,0.5400899955357946,0.6212360740357228,0.23356074319841186,0.18361042021425722,0.8007335292837255,0.4324478237496487,0.6171231090694683,0.39242428211548236,0.433625257419563,0.18160706631169946,0.12111379046424552,0.6053332771324659,0.46278243877440856,0.48421948666822034,0.3735973854125955,0.41593345644073093,0.17756761710602476,0.11524459473577935,0.5839833179212037,0.4752913806126391,0.46873872318542437,0.37022617962198656,0.41797444528255795,0.17359904755059158,0.11329067302594194,0.5742186967259766,0.46889997819128315,0.46092802370003466,1.3132844034694544,1.2968591756210568,0.9187190711087685,0.20258211955331737,2.5153865465475524,0.6995583505611448,2.312804426994235,0.1490981568507955,0.1855849860862589,0.17749720656130563,-0.10347359458158688,0.36522492870835677,1.1904721715569524,0.46869852328994366,0.5535197346484103,0.6133182669564303,0.1608989064273398,0.3164250578894354,0.7303807578762708,0.29068323377763766,0.41395569998683535,0.3904548052938023,0.44333815579002733,0.17106015675047206,0.13475967531351338,0.5838648515605831,0.43810488289869004,0.4491051762470697,0.38717648049434933,0.36911463565388386,0.11961101794339835,0.25198502765728836,0.5565894234991747,0.3089315182334378,0.30460439584188637,0.2733440414688551,0.25388998274507535,0.10292684077843689,0.16027175988338266,0.41784483405155676,0.37654686096446116,0.2575730741681741,0.2489595378098841,0.22850825505067313,0.09082708256503602,0.15044510047707818,0.37690727700441223,0.36482668374165833,0.22646217652733405,0.24870806717152538,0.23242636855375004,0.08665218808214203,0.15432660870200832,0.36908565680201216,0.3484092376560548,0.21475904810000385,0.6239331621385946,0.5466171829514352,0.3575784273970141,0.2972819052907709,1.0776339270765467,0.5731037378609234,0.7803520217857758,-0.03480537513299594,-0.037102690754412054,0.09229448227077958,-0.15423729740433312,0.08394559791149926,-2.651730714526425,0.23818289531583237,0.45252092847148345,0.44918346078865995,0.07950176581652417,0.3555665161230019,0.5585178816912725,0.17568638446196005,0.2029513655682706,0.27548468898617273,0.25975232434830337,0.08755472396793548,0.17776303429257387,0.4003103722654015,0.3178206538089312,0.22254733797282764
2095,Kapaklı,Tekirdağ,2019,0.4815880996597357,0.49606373359798334,0.2053087910030742,0.2070339601047077,0.7538518202615824,0.4263161634353805,0.5468178601568747,0.3418202971713768,0.3378556216725792,0.1693012396396863,0.13087540175169296,0.5722183462343224,0.4952931146590296,0.44134294448262945,0.3210226802077202,0.31449858844024486,0.16253564474706012,0.11910827980668258,0.5449375369724869,0.5063057994590606,0.42582925716580433,0.325858693005339,0.3242912252591424,0.15282151880351233,0.13671813043222344,0.535162592638301,0.4689809481344984,0.39844446220607754,0.9951356819781001,0.7968599698409673,0.7885447853680231,0.2031233608503313,2.109381533922157,0.7923992674050016,1.9062581730718258,0.091715449326997,0.08398625318628668,0.16905616440667792,-0.11911404353805191,0.32223241232149363,1.843268126004974,0.44134645585954557,0.5133983090189692,0.5273439048248871,0.14452962775377273,0.3242347988745728,0.6991652345947432,0.28151558977657754,0.37493043572017043,0.34353238659121466,0.34956975741250595,0.153685164521585,0.14257348224935734,0.5488181946760241,0.44736732407259816,0.40624471242666677,0.5296141804160055,0.6034933317174356,0.24679127414747973,0.18556626831720685,0.8183376465313693,0.46598313125533797,0.6327713782141624,0.3901882945250822,0.43359993192438795,0.18810921315461107,0.12891348742492498,0.6209663570631767,0.48209855547708896,0.49205286963825173,0.3629832843883924,0.40431002507019387,0.17991247312962638,0.1152544069074407,0.5800926650231635,0.49564947166305295,0.46483825811572277,0.3735894047963478,0.4023318710417029,0.19641504923238906,0.11327521078059606,0.6288948507832198,0.5257511233206933,0.5156196400026237,1.4857174011687844,1.21803629800088,1.222962747103211,0.21762501132779927,3.280893816504928,0.8231462767691423,3.063268805177129,0.13661708618795276,0.15039991443871442,0.19238028892579637,-0.11516958925624213,0.3886600945110872,1.4081715127573915,0.5038296837673293,0.5432425713210658,0.589842305999462,0.17888090160609266,0.2930238049142841,0.761699123232197,0.32928365899433704,0.4686753183179129,0.38114965383399285,0.4355207596937176,0.17741868817528086,0.13480159235879555,0.5878878640521984,0.4654830101263961,0.4530862716934029,0.45780921113412715,0.4237864565893789,0.18042703913973818,0.2480785816856768,0.7324379245324919,0.39410967440512545,0.4843593428468151,0.35734535137601714,0.3007408945482493,0.19069974538316004,0.15239371927807757,0.6522868838519239,0.5336567123339908,0.49989316457384636,0.325108751166599,0.2792585711372951,0.16723318183176333,0.14650829608651614,0.5840209906963054,0.5143915112456208,0.43751269460978925,0.3082910393433409,0.27539418398048,0.14077988640399577,0.1504548784318669,0.5253682544457619,0.4566460533652115,0.37491337601389496,1.0147658573771507,0.7030667587867364,0.7836795363584776,0.2969704875176223,2.2654058488603313,0.7722762158987511,1.968435361342709,0.02666704062128025,-0.009835595015664292,0.1608949903258085,-0.15817637136279758,0.27140471885063505,6.033477527964412,0.4295810902134326,0.500841908236433,0.48240783481694194,0.1054354473101379,0.380863380833548,0.6582325420007713,0.21051642359841194,0.2773691611672233,0.3356206310024116,0.3066361123455871,0.14444709070331108,0.16991982376533635,0.5566181241350062,0.4303879957316246,0.3866983003696699
2095,Kapaklı,Tekirdağ,2020,0.4993325329980681,0.5254398131824611,0.21449203298349834,0.20116015068727652,0.7753873936004854,0.4295574968761913,0.5742272429132088,0.3384743556335013,0.3379133564258534,0.17550846453762364,0.11522017160970703,0.5760909044287816,0.5185281000362211,0.4608707328190746,0.31677423595703946,0.3144271358609406,0.16459918270769655,0.10748517114540931,0.5409845615977493,0.5196103850125592,0.43349939045234,0.3424378428967888,0.3418125923063548,0.16126769097503507,0.12694100491171142,0.56050379943557,0.4709400386675177,0.4335627945238586,1.1038971766392311,0.8902299560830063,0.8571093708503902,0.20264943738334829,2.328516112573493,0.77643949906623,2.1258666751901445,0.07968215045365194,0.07611821328311719,0.17795326226909597,-0.13864430946247988,0.3222249036777728,2.233288901666937,0.46086921314025264,0.5344391034643111,0.5566710613488786,0.143267668452161,0.33403615243292883,0.7128571377518181,0.26807108148239783,0.3788209853188893,0.34773685948387145,0.36128719921851943,0.15901782401302833,0.13475067421606585,0.556620224042657,0.4572935530879602,0.42186954982659114,0.5803441785280493,0.6816630263582683,0.2792478923989113,0.17386233426390468,0.8808763162005263,0.4811763479857404,0.7070139819366217,0.4645639623853744,0.5253939935440884,0.24833811907630832,0.11915282684960507,0.7598087663140201,0.534561737852369,0.640655939464415,0.43069258865148996,0.48231264155448345,0.2331010508602905,0.11133787718336995,0.7089789672959577,0.5412237335918321,0.5976410901125877,0.42588231080959116,0.4667671338621885,0.22499570472103908,0.1113111905946526,0.6894607869975596,0.5283048837913181,0.5781495964029071,1.917415858292719,1.5777180775077595,1.5491096458563123,0.17128724916674054,4.140483135736384,0.8079153195466167,3.969195886569643,0.19024876834213864,0.23241896631873646,0.23029711886612236,-0.12300659096395598,0.459023549947819,1.2105051763171564,0.582030140911775,0.5818244072196482,0.6425844411623873,0.197444747670192,0.2948975055467382,0.7988223367297523,0.3393545289956414,0.5039248311830141,0.42884535690936876,0.49806246527451004,0.21096536774128494,0.12691511788124055,0.6621008512654936,0.491938094565566,0.535185733384253,0.4610716007779256,0.4335698208388358,0.17168835424710827,0.2539754221032424,0.7070155257550704,0.3723680963161331,0.453040103651828,0.34196335193772137,0.3085642167370496,0.1807104807374097,0.13668010758866478,0.597647032964059,0.5284498461996618,0.4609669253753942,0.30525203897896314,0.27147720897350025,0.15796487279835042,0.12694016377647638,0.5331954432373047,0.5174899841020777,0.40625527946082834,0.2995326092323828,0.27732309038479064,0.13157207891514996,0.14464312653796807,0.4882381822552119,0.4392579467468732,0.34359505571724386,0.9616341878093501,0.7342111906530603,0.7006532823592597,0.29695474551047324,1.921886035499944,0.7286068769615839,1.6249312899894708,0.051356966031152626,0.042943585689852515,0.13757903957842815,-0.1287704944980168,0.2382686058249512,2.6788778662465003,0.36703910032296805,0.4842941691848111,0.47264079886275573,0.10932214471631001,0.35551153687868137,0.6367012176346627,0.22573500089899218,0.28118968075598133,0.32664080985880584,0.30271691894202135,0.137698644575714,0.16215026209257902,0.525330800393692,0.4215598309201958,0.36318053830111297
2095,Kapaklı,Tekirdağ,2021,0.5113976935181922,0.5509020478747974,0.2280866336729566,0.20698577834481077,0.7929190874178966,0.446006379308871,0.5859333090730858,0.3816009022101273,0.3946136965828449,0.1953463054866695,0.136744944621622,0.6444873251162574,0.5119125881392772,0.5077423804946354,0.3525232619891961,0.36331022099513255,0.18316804929208877,0.12126060619974231,0.597568258734443,0.5195913831572976,0.47630765253470064,0.33659661188599865,0.34766548815337417,0.16280701306063802,0.12897048041150622,0.5506805125048154,0.4836858343534927,0.4217100320933092,1.071206516042421,0.921811409541458,0.8136666880935883,0.20302142624599184,2.265580699229065,0.7595796663930733,2.062559272983073,0.14549244145386045,0.14455931982098336,0.19371319114432387,-0.09764099138897112,0.40230365945151325,1.331431304668535,0.49994465084048434,0.528591390926336,0.55859471022889,0.1544068728659272,0.3242461942866905,0.7147902812973045,0.2921100788178466,0.390544087010614,0.36925597624883827,0.3926616882237115,0.17153926759658195,0.14648291874332336,0.5879178957002072,0.46455380178053823,0.4414349769568839,0.5568830632724991,0.6308382799257918,0.2570919614361725,0.20113626603081197,0.8496209692592701,0.46166238191081405,0.6484847032284582,0.4164677315286689,0.4571198200069015,0.20920507667760807,0.13676737088800292,0.6757066071448221,0.5023320196013956,0.5389392362568192,0.3889637352968673,0.423823669746171,0.20060500219906507,0.12307736638046969,0.6346948268804876,0.5157421733570049,0.5116174605000179,0.39405673090924653,0.4160092876760214,0.20457711188493755,0.12302335223991105,0.6543213546975184,0.519156496611278,0.5312980024576074,1.6086932028354826,1.2808572603933226,1.3215730052224774,0.21755363232615882,3.593847378978542,0.8215196054120655,3.3762937466523835,0.1898281660939212,0.21289943450082358,0.21708163551468576,-0.09563724152973639,0.4628093807244977,1.143569155102517,0.558446622254234,0.5608494008620345,0.6074665108983924,0.17982703565876176,0.3144250650458276,0.7714618183140316,0.32063337391885366,0.457036753268204,0.4029091371966547,0.4511914504522355,0.18978924156233154,0.1425752945047577,0.6269408382878703,0.4710472512061643,0.4843655437831126,0.4256066314712462,0.417987310604339,0.1872170615757223,0.19147897051845017,0.6835317475938062,0.43988285832987684,0.492052777075356,0.29700722245755284,0.27728244429469645,0.14071055303051022,0.13679756830374476,0.49590320138139493,0.47376138487884767,0.3591056330776502,0.27616232440141475,0.2616908014824115,0.1355040853019519,0.1133765024150504,0.4647051933053532,0.4906682531574815,0.35132869089030283,0.26648690497908123,0.2538720536038429,0.1349729416077134,0.10555302905205699,0.44919179214768445,0.5064899591156591,0.34363876309562746,0.8357737057498729,0.7022030758578792,2.65866555539742,0.7022030758578792,0.7022030758578792,3.1810830337286244,0.0,0.04515791948478946,0.035148308872684775,0.13440162880248044,-0.11321428053795095,0.22267449036098172,2.9762582141932143,0.33588877089893265,0.4660977804082035,0.4726509694055614,0.14295616393253202,0.27736840945154434,0.6444700721030721,0.306708527569757,0.3671016626515277,0.2972368522349415,0.2871162306397312,0.13268743070020747,0.13475972630066207,0.48243264046533113,0.4464030274258485,0.34767291416466906
2095,Kapaklı,Tekirdağ,2022,0.4162331047270221,0.4335977239036349,0.16670715820550083,0.19138280543352526,0.6288206471384092,0.400513933928519,0.437437841704884,0.2699152313770134,0.2754261940832549,0.12669898249709202,0.11136201397377009,0.4355828161663279,0.46940286344982457,0.3242208021925578,0.2550393331591563,0.2597920055754249,0.11973929431393557,0.10356839457987503,0.412164887371088,0.46949344177908725,0.30859649279121293,0.2590625939419898,0.2617291761042436,0.10912649577672064,0.12115588866787136,0.402252723264547,0.42123601912654596,0.2810968345966756,0.6410314911086681,0.6016023827947252,0.42021655869477703,0.1640665810790367,1.2106334145926767,0.6555318490952914,1.04656683351364,0.051104705927990435,0.05861749559877793,0.12281559685839043,-0.10535663951558848,0.20693830712488964,2.403215019600052,0.31229494664047813,0.48157435987656083,0.4961578077634676,0.11101435924543573,0.3320775951110996,0.6209865600124771,0.23052381624696838,0.2889089649013775,0.28847887930141486,0.29880284085569064,0.1211217280567699,0.13087492179261118,0.4471886878362782,0.41986341721127124,0.316313766043667,0.5616771266869933,0.6445619112723676,0.27294349532960727,0.17579449270051564,0.878892781582563,0.48594376085695745,0.7030982888820474,0.44406676119028243,0.49610451596146227,0.2349071805269244,0.1211394095352097,0.7304949347045209,0.5289906857637263,0.6093555251693111,0.4200743747057422,0.4628978025358797,0.22884246090397542,0.11520791130687956,0.7051087651962384,0.5447665334603597,0.5899008538893589,0.4065275366741438,0.4276966394930236,0.22028240627428977,0.11130175146890875,0.6933333578542636,0.5418634321218425,0.5820316063853549,1.8213968566120544,1.343687745121315,1.5841259466735629,0.15855339119441722,4.281221726094744,0.8697313498279367,4.122668334900327,0.17693031323282246,0.20511051744213366,0.22540574736238406,-0.12303523671890182,0.46285607655835487,1.273980378171675,0.5858913132772567,0.5651024908920416,0.6112987202448091,0.1940951153293222,0.294912066334535,0.7988222460935158,0.34346887238619966,0.5039101797589809,0.4176379096214723,0.470760639984665,0.2076556724702858,0.13084517019924863,0.662126040746838,0.49721461506809883,0.5312808705475893,0.4053573519465256,0.38669080942666817,0.13043569473928207,0.2538987476959817,0.5819624181819562,0.32177952148377226,0.32806367048597446,0.2736627914093532,0.2539216871576439,0.11030486564347129,0.15245480079001825,0.4257541852436015,0.40306855409683334,0.27329938445358326,0.26307230842897067,0.24412445331538055,0.10053282304004098,0.15429268049340877,0.40038928871339086,0.38214901309988986,0.24609660821998208,0.25799822485780033,0.24413024270151826,0.09398690372837352,0.15438317254092973,0.38474091724993825,0.36429283100756155,0.23035774470900852,0.6748059073783527,0.577938448958472,0.41985105635638936,0.29728410864745275,1.1714632970321557,0.6221804696220387,0.874179188384703,-0.005375828004961484,-0.005855215655899701,0.091677316015388,-0.11911754284448552,0.10742139490214246,-17.053617774001836,0.22653893774662798,0.48781076860418904,0.490215797928187,0.08854631066268709,0.37701140056696325,0.5917404823721877,0.1815177449158237,0.21472908180522443,0.2889905772071045,0.2714683974527529,0.09604890311122213,0.18170054440164327,0.41994909405370806,0.33235998225087066,0.2382485496520648
2095,Kapaklı,Tekirdağ,2023,0.4173161229103693,0.4257785956971119,0.1906526007276633,0.17581360693026282,0.6757027208413648,0.45685414548100617,0.499889113911102,0.27010781575609716,0.261719526515358,0.15073400225146527,0.09005351587729521,0.4803936468918068,0.5580512427214456,0.3903401310145116,0.2510929167747015,0.24416635653482363,0.13894647321426554,0.087952968718503,0.44332202885642885,0.5533667576092488,0.35536906013792585,0.2765993086124091,0.27145673811119714,0.13260081986871874,0.1152611273245916,0.4628918439589488,0.47939678712114414,0.3476307166343572,0.732023550039118,0.6095590646066138,0.5644658999705304,0.1715328726328322,1.5468936887744693,0.7711034705650746,1.375360816141637,-0.005138150414770253,-0.005811853868166465,0.1454990800776021,-0.18552727838413882,0.19328035222145598,-28.31740379949697,0.3788076306055948,0.4701758643829561,0.478548847609245,0.1277897773977161,0.31058062564304145,0.6386410666100245,0.2717914446021668,0.32806044096698306,0.2851698892809812,0.287091581976149,0.13894331658443854,0.11524867501650209,0.4746043394590034,0.48722996994797046,0.3593556644425013,0.5722622317140895,0.6681056894471167,0.29078113117875365,0.1758753967101776,0.8945460293299375,0.508125672225093,0.7186706326197599,0.45642318605912713,0.5117442062976044,0.2573901448454114,0.1210849936388879,0.7694797187817304,0.5639287238402212,0.6483947251428425,0.4240755228259568,0.4708069700392338,0.24279343322968375,0.10743422423586335,0.7207317691766149,0.5725240438584042,0.6132975449407515,0.4239897119002025,0.4492565996531004,0.242938174328375,0.10552354829772509,0.7304367934273601,0.5729812953234042,0.6249132451296351,2.139956712662023,1.4702790521784872,1.9495999019160488,0.15738419743149518,5.154412957092392,0.9110464199487579,4.997028759660896,0.19730953793127595,0.23243814166138357,0.254300794533731,-0.13862064462262405,0.5097970740399693,1.2888418735353049,0.6484177186625933,0.5763691759672922,0.6230979273418797,0.20773405320456415,0.2988571823741395,0.8183393845850458,0.36041839478305593,0.5194822022109064,0.42220250196479336,0.4862886871144068,0.21990200909335103,0.12304324551092456,0.6737778049367403,0.5208448743671543,0.5507345594258157,0.42489789937685984,0.42566931592293666,0.1902065677055704,0.17575907138263677,0.6756860196534468,0.44765240775377,0.49992694827080997,0.2831990395905167,0.26955632273030783,0.12721089101614624,0.12880506921335194,0.44925314275333034,0.449192522686811,0.3204480735399784,0.2723488399758785,0.26366284731753037,0.1255616489653459,0.11525305259241679,0.43943087267159237,0.461032435373937,0.32417782007917556,0.2824753974635779,0.2792855382647825,0.13842305048093934,0.10745088004710071,0.4667153499813003,0.4900357755892262,0.3592644699341996,0.7882705365971839,0.671721167984946,0.6118843626745499,0.17205229281784676,1.5468096454759104,0.7762365003719915,1.3747573526580636,0.024378991802036506,0.009751425348058767,0.13198733506418941,-0.1308651074245439,0.20113013623184497,5.413978401402302,0.3319952436563889,0.4929441794504015,0.5039091473321744,0.14665309312791605,0.2930009015388389,0.6756977903345137,0.2975044624554124,0.3826968887956748,0.2994847838157475,0.2988572498751494,0.13066313234136914,0.13087383810270528,0.4745029650464692,0.4362930586208254,0.3436291269437639
2095,Kapaklı,Tekirdağ,2024,0.5344010394908522,0.5741991925882742,0.1846630356209224,0.2539701288135318,0.7538378714936507,0.3455514154629249,0.49986774268011885,0.36533493892638974,0.3790270789507384,0.15593845489347974,0.15230032273016988,0.5585633551230446,0.4268369604936672,0.40626303239287465,0.33921514920076823,0.3535279356029611,0.14547254757751865,0.138711493981481,0.5253742755752722,0.428850385722069,0.3866627815937912,0.3424332413539457,0.3556225106102169,0.13224423901852358,0.15228672670230076,0.5038214989287304,0.38618984096182807,0.35153477222642965,1.0335964989058963,0.9841587797995401,0.6474371084244024,0.26523746457856007,1.8590284608538805,0.6263925130452171,1.5937909962753205,0.13495498384509358,0.16018191027439146,0.15078662913651567,-0.07423486119887497,0.3164205591263915,1.1173105641625969,0.39065542032526646,0.5466931647650849,0.574238413479703,0.12447418722034655,0.36325950630940634,0.6913602051938539,0.2276856475310668,0.32810069888444754,0.372989249303182,0.3964977074341228,0.13835714986697611,0.16994981916390797,0.5410781844164009,0.3709413880573093,0.37112836525249293,0.5772097934021446,0.6680857217102114,0.24927570178745043,0.2071294924413125,0.8476178437411845,0.43186325775622963,0.640488351299872,0.4421978756814539,0.49620340331680146,0.20500628194561274,0.14450356575031212,0.6835024916268998,0.4636075685114623,0.5389989258765877,0.4108144065341675,0.46291256391907404,0.19513133618687636,0.13090877100934717,0.6387049573449572,0.4749865951223579,0.5077961863356101,0.41740362871073494,0.45510677625307566,0.20286363455940457,0.1269578436315725,0.6659676637671201,0.48601310723149266,0.5390098201355477,1.7941368504687618,1.5779084078297634,1.3809814163172949,0.23454643224947522,3.8286173819522538,0.7697191080805681,3.5940709497027785,0.2044079351706726,0.24804816333820467,0.21365866329647654,-0.09959434509375786,0.4667980160876122,1.0452562084641184,0.56639236118137,0.5733732444037047,0.6308687457474703,0.17786661734567635,0.3183252334654205,0.7753768672688435,0.31021087761193605,0.45705163380342295,0.42112257679302756,0.4863738579099863,0.1843504622022797,0.14649467452690532,0.6230225640504943,0.43775962715217687,0.47652788952358893,0.3402534813402063,0.31056019646927435,0.11188014668008339,0.22850644458099753,0.4980047087432938,0.32881411305302344,0.2694982641622963,0.24328187745108434,0.22268529964452352,0.092064777130534,0.152556567642708,0.3788779176907543,0.3784284225981653,0.2263213500480463,0.22986709453687515,0.20905109609068492,0.08064768011115632,0.1504677511296826,0.34572443493836574,0.35084482306456816,0.19525668380868313,0.2266290692924688,0.20506128147975575,0.0849483977238524,0.14261316778459449,0.3496042949692384,0.3748345169887496,0.2069911271846439,0.5374747510662629,0.42149663684216215,0.35834809866310513,0.23580232360397457,1.0153202944402062,0.6667254563162279,0.7795179708362316,-0.025461754622420476,-0.037109122916838405,0.07551735180492718,-0.11127766892085764,0.08009299336894081,-2.965913108691653,0.19137066228979843,0.45154491205564273,0.4512000414786627,0.0746477244317692,0.36917805585714963,0.5370638951201091,0.1653162784891939,0.16788583926295947,0.24846970783714267,0.22849362838216364,0.08080928959123065,0.16997254036469056,0.36135100768173667,0.32522793339539163,0.1913784673170461
2096,Süleymanpaşa,Tekirdağ,2017,0.35535699752583955,0.3242341664936361,0.17479041404924064,0.16021220680312015,0.6132814935073277,0.49187272311003494,0.4530692867042076,0.18830661222915535,0.16210046864179115,0.11840896859704159,0.0683969901054239,0.3574488931767096,0.6288094039573424,0.2890519030712857,0.1828594893593245,0.15820451031908966,0.11117470872275584,0.06840671136678929,0.3418141315382073,0.6079788864787549,0.273407420171418,0.2310323516220709,0.19919878630875043,0.12087985521037034,0.09774692079791736,0.4101764367499017,0.5232161399114742,0.3124295159519843,0.5696087038511107,0.4217823364463239,0.4776184774866829,0.14143945856471568,1.2340370675623002,0.8385027726183183,1.0925976089975846,-0.055882631683068236,-0.06640248554299405,0.14607115854647304,-0.23041113993005027,0.13668165972578,-2.613891904284294,0.3670927996558303,0.43065050384714776,0.4101130191480103,0.11085122980119723,0.30087476068853797,0.5898287838206927,0.25740415676035533,0.28895402313215474,0.2269310054876384,0.2050997283599783,0.12138308474603274,0.09574488551704402,0.4042490230624313,0.5348898203011083,0.3085041375453873,0.5457045585238178,0.6523946629155336,0.3213835095444866,0.12895369839784585,0.9022775379489181,0.588933159022639,0.7733238395510722,0.43499275411310806,0.4727045052708735,0.300110427284899,0.07432400430940672,0.8164077054960371,0.6899205203929981,0.7420837011866304,0.41089109496662723,0.44141688841938415,0.2811058243249701,0.0743302172118265,0.7617107551556745,0.6841370566762992,0.687380537943848,0.4011437640121524,0.44142580004404314,0.25908960615869875,0.07426882673593801,0.7148138218621289,0.6458771876878778,0.6405449951261909,2.0637999549637236,1.5312854633301647,1.9258462004325216,0.0980465079536436,4.906080959922968,0.9331554619916508,4.808034451969324,0.1520468126218332,0.19919884759442974,0.27893433735376605,-0.1991672303492577,0.4882035733548373,1.8345293304340693,0.687370803704095,0.5559757599402647,0.6133233989977103,0.22786134885187959,0.2618031414441918,0.8163474421041095,0.409840437785204,0.5545443006599177,0.40372622012916987,0.46680199536072386,0.24900804225552461,0.09181313149455299,0.6933655540362628,0.6167745116377528,0.6015524225417098,0.5193179505781962,0.511698921556608,0.16816615318869987,0.30860883791317745,0.753887010910054,0.32382118315276354,0.4452781729968765,0.3716750148237688,0.34765364991296505,0.16279358158773483,0.1758241125594759,0.6054243662310979,0.4379997984662059,0.42960025367162197,0.36145445453460057,0.33986257804235376,0.15064791092219817,0.1836193336401054,0.5742073767735333,0.4167825545715533,0.3905880431334279,0.33448620631676923,0.33204822108734455,0.12614514458506906,0.17585137459268585,0.5116726751678818,0.3771310810515323,0.335821300575196,1.193536152652346,0.9689477735549832,0.8256845444103605,0.9689477735549832,2.479065220393654,0.6917968446749401,1.5101174468386707,0.12396855799671533,0.12109364519976999,0.13260722997267388,-0.042909040426155745,0.30070902462176524,1.0696843789712183,0.343618065047921,0.5558195427314253,0.5664030308839559,0.10760978665221067,0.41022053856323754,0.6835511816446627,0.1936056190528879,0.27333064308142513,0.37322805533412196,0.3632775190387461,0.13085870917766143,0.2071122270570124,0.5585499537800569,0.3506132706463179,0.3514377267230445
2096,Süleymanpaşa,Tekirdağ,2018,0.54360300586797,0.5860290231662688,0.26075856012264453,0.1796877320127066,0.8671356000703098,0.4796856479965408,0.6874478680576032,0.33117600823696625,0.31642640397586047,0.20462305129701222,0.08204839031813203,0.6132244869695146,0.6178679801907582,0.5311760966513825,0.3215158471000668,0.3086253546841761,0.19575834930817215,0.08205157232811092,0.5898319980114708,0.6088606551553442,0.5077804256833599,0.3537457908962804,0.35545036570192373,0.19861361143747897,0.08985927278504,0.6211081194384822,0.5614585856534282,0.5312488466534422,1.5108445388379126,0.800529467510577,1.878411492541585,0.800529467510577,2.7981914174357687,1.2432857545928528,1.9976619499251917,0.16022288289052994,0.17580812525324577,0.21554703814099432,-0.12887326242883443,0.4413939594059344,1.3452949681866844,0.5702672218347689,0.5482634229713327,0.5703581155206485,0.18214394643538415,0.28923298721489077,0.773349053069977,0.3322197666374472,0.48411606585508626,0.3582498725691542,0.3711460988227586,0.18792022148960516,0.10549509835677068,0.6054575284484269,0.5245507001634181,0.49996243009165625,0.5615739429888104,0.6914617199240499,0.2742076393635631,0.17583652758938584,0.8554159625362211,0.48828412141805316,0.6795794349468353,0.42648359544914544,0.5039794945072397,0.2419896943731295,0.09776303921183972,0.7070036058824707,0.5674068052213856,0.609240566670631,0.4038017458585301,0.4746156327005912,0.22623734378448018,0.09959283590095994,0.6660065436809628,0.5602683646240135,0.5664137077800029,0.4027330799273946,0.48055853609571414,0.21649147663061996,0.10550102960330832,0.6522776189228594,0.5375557346062793,0.5467765893195511,1.7441617016866942,1.7190599016802826,1.3555725553133644,0.1593331426874586,3.5932328618444096,0.7772057797178186,3.433899719156951,0.19766297305510439,0.2851945173957044,0.2526275759159008,-0.15226165100240963,0.4803897138608599,1.27807232690704,0.6326513648632694,0.5652238339086229,0.6368004630115512,0.18661302618176237,0.30088020490011075,0.7694775959271352,0.3301577445722702,0.4685973910270244,0.4101850584174419,0.4980560972749819,0.20783685345323225,0.11915178745699612,0.6347561545893468,0.5066904539504664,0.5156043671323507,0.3623298841375309,0.3085890778120731,0.16227651830332857,0.19932510589432817,0.6132486805373812,0.4478695393552817,0.41392357464305307,0.2572049013736988,0.20697987723822753,0.1487628681153266,0.11350525500357476,0.4804791596204815,0.5783827109079297,0.3669739046169067,0.23840575537533357,0.19335862822288663,0.13068707717827951,0.11137092235493873,0.4394339001319089,0.548170814804922,0.3280629777769702,0.2389273756017704,0.19916492549391876,0.120115036480656,0.12122850320459867,0.42574294929561424,0.5027261366686437,0.3045144460910156,0.6713108295493189,0.4529200498011896,0.5523616818871472,0.20378485635195176,1.4842617389247894,0.8228106229985481,1.2804768825728376,-0.02334426369750887,-0.04884761627694887,0.121408215393605,-0.1620523215161971,0.15427271288034855,-5.20077295933565,0.3163250343965457,0.44398645434174905,0.4257195184515089,0.09448227497317921,0.34779361786849383,0.5819993387926636,0.21280440889409097,0.2342057209241698,0.2598190341515628,0.22069754607372932,0.1233039879393605,0.13481082046457302,0.4511683667127069,0.47457642332482985,0.31635754624813384
2096,Süleymanpaşa,Tekirdağ,2019,0.4644718409288018,0.48831708999036294,0.22500306381466506,0.175800501793753,0.7616982440576451,0.4844277822412822,0.585897742263892,0.3143172159616741,0.3008252446587443,0.189032069883095,0.0899870287798737,0.5741827640716856,0.601405396471011,0.48419573529181187,0.29139484937624305,0.27733728215304754,0.17361222931330597,0.08991022441431068,0.5273854255772926,0.5957971792738911,0.43747520116298194,0.3148316632252389,0.3085839170933089,0.1699701147187632,0.10552126290847921,0.5507432308133875,0.5398761769306605,0.4452219679049083,1.0542745395611015,0.8437195566676425,0.9392579019592675,0.15929303340136475,2.3433147784702264,0.8909044719511904,2.1840217450688617,0.07706894363659679,0.07420604752860989,0.20507429609736136,-0.17573599408634696,0.3554541943279344,2.660920033682416,0.5311901884142813,0.4884762772754005,0.503931848047623,0.15774710892176838,0.28522121609563034,0.6992009889259614,0.32293709287509853,0.41397977283033105,0.32114135285054424,0.3300864290888353,0.16594193511308197,0.11525443721912738,0.5449020867928253,0.5167255279961083,0.4296476495736979,0.5760079997880144,0.7305475374553542,0.2874095449687481,0.1601828804184352,0.8632418880482362,0.4989679745325102,0.703059007629801,0.4460421418719649,0.5508340814959924,0.25656501395217474,0.0898495156796951,0.7303850262913982,0.5752035286966696,0.6405355106117031,0.41481876677636076,0.509784640629558,0.235581306662942,0.08789673238419334,0.6738036351927131,0.5679138108762322,0.5859069028085198,0.4229891807651948,0.5118162216260315,0.23485469695119415,0.08987544660553998,0.6913497160910891,0.555226250766835,0.601474269485549,2.0475423868768976,1.9688402632204727,1.6221441251871802,0.15794270999498472,4.280881228349268,0.7922395822346934,4.1229385183542835,0.2047246171620831,0.3086374717806054,0.26909732654598595,-0.17570115802338332,0.49599585803290314,1.3144356075798065,0.6716970160562865,0.5720229203275413,0.660229535203243,0.20308991671783502,0.2851992153525361,0.7928831529491761,0.3550380754001,0.50768393759664,0.4198051997937649,0.5293030433089072,0.217555810831893,0.10743335009240079,0.6425754224808012,0.5182303862333537,0.5351420723884004,0.42603422279338077,0.41014603902954694,0.16784539853722846,0.22265594833104216,0.6679402990425356,0.3939716331629785,0.4452843507114934,0.31464977542950945,0.2851299177024143,0.15751660421155755,0.1445511191341051,0.5429741484345558,0.5006093012351308,0.3984230293004507,0.2877233832658138,0.2616941093053181,0.13973801424392032,0.1367689297649495,0.48826756895921114,0.485667910121935,0.3514986391942616,0.2798821445044918,0.26172027600985975,0.12896667976114878,0.1367733837959413,0.47262911588096207,0.4607892368034897,0.33585573208502073,0.9173134276630193,0.7647995575344035,0.9956994496937209,0.7647995575344035,0.7647995575344035,1.0854517329266624,0.0,0.07583761019251478,0.06641560110748665,0.12563293414214063,-0.08196632598441864,0.2460364107300021,1.6566046032202197,0.3280027367144207,0.47241015699179956,0.46484596459863065,0.10871717476410696,0.3556197619871037,0.6210796990963332,0.2301330171569409,0.2654599371092295,0.3047369294068633,0.2871049254966759,0.12763360273030877,0.15430431018778684,0.4901932293231075,0.4188320824086974,0.33588891913532065
2096,Süleymanpaşa,Tekirdağ,2020,0.47508257006183113,0.5039192690674122,0.2423386107526301,0.16800468422707304,0.7851176804009069,0.5100978777669957,0.6171129961738339,0.30135500098102147,0.28518433798274717,0.19991709717559852,0.07428197170662953,0.5819741652134731,0.6633939922177988,0.5076921935068436,0.2818258381450754,0.26758465461837316,0.18294201789433065,0.07228598011668395,0.5371096020594069,0.6491314604027103,0.464823621942723,0.32952069891723923,0.3320756332212607,0.17890095333166767,0.10552562626603344,0.5663495099331428,0.5429126422695514,0.46082388366710936,1.1082928719102323,0.9061872168770637,0.9212508030733,0.1596034711473304,2.4683783980299325,0.8312340775822638,2.3087749268826023,0.06305339495781496,0.06638497238527497,0.2151322195841653,-0.19915718160916435,0.34762477751719995,3.4119054133103646,0.5467819591263643,0.5083735020243086,0.5273640065651344,0.16071049371602852,0.30087100149971935,0.7147899041264564,0.31612681045744967,0.41391890262673703,0.3194500049356071,0.33008429888958385,0.17932822459499986,0.09963621890589995,0.5605358765878244,0.5613655402232591,0.4608996576819245,0.57262774425003,0.722682527393247,0.3125365719222617,0.15243189452203862,0.8944887068240317,0.5457936243232338,0.742056812301993,0.4697646382953264,0.5586094574801933,0.3063277461276969,0.08986142276407139,0.8241774859145226,0.6520877076641903,0.7343160631504512,0.4355363679093074,0.5195742205195447,0.2806057974496374,0.08213934662855911,0.7616462699700352,0.6442763868299248,0.679506923341476,0.4310562122226041,0.5195693442333503,0.254018225534189,0.09770423966317723,0.7147387570725261,0.5892925756119485,0.6170345174093489,2.180274481793056,2.0313559512476305,1.8268762493070452,0.1567903649836739,4.655915923455111,0.8379111275038287,4.499125558471437,0.19490064870759716,0.3007746674014025,0.28152506860808735,-0.1757137219812651,0.4959481820756681,1.4444542410448817,0.6716619040569332,0.575113747517265,0.6680108848262918,0.21863574226154026,0.277441170865816,0.8084577677217889,0.3801608694025816,0.5310165968559729,0.42451029887400415,0.5292895132214036,0.24497638033823765,0.10353406858475514,0.6894284487707149,0.577079945970751,0.5858943801859597,0.4705861398841361,0.44924840837420754,0.21747043603258984,0.19923085502581314,0.7851740542625832,0.4621267343023185,0.5859431992367701,0.3493981405017332,0.2930014642791134,0.22070730515350084,0.10554234682192026,0.6835493511282119,0.6316785339400112,0.5780070043062917,0.32413160324741863,0.27732932946331385,0.1975739069554297,0.10553073617997072,0.6210577133628626,0.6095484209992817,0.5155269771828919,0.30579326656064953,0.2773591460273294,0.16191241901568312,0.11333197097629968,0.542968596766583,0.5294832709587155,0.4296366257902834,1.0690113635056446,0.7255762159489509,1.1491000687612702,0.7255762159489509,2.6171773339282103,1.0749184788765838,1.8916011179792593,0.082341427905866,0.08197613536532421,0.1666601537836921,-0.1367010917431542,0.3085668827342511,2.0240134039723063,0.4452679744774053,0.5057330793772021,0.4960607236521283,0.12591340679978466,0.34770181367943337,0.683580947368327,0.2489720604292761,0.3358791336888936,0.3382674459326644,0.31055253468609056,0.17236055053433938,0.13085607436458166,0.5956986303310713,0.5095392790728361,0.4648425559664896
2096,Süleymanpaşa,Tekirdağ,2021,0.49150903851515915,0.5586386267570371,0.25077404579993945,0.16019945678216432,0.7929268147270768,0.5102124806443515,0.6327273579449125,0.3525759586388764,0.3711651630199225,0.22145491020249566,0.08991173928508477,0.6444602879731064,0.6281055323721586,0.5545485486880216,0.32770391726977127,0.3476709936676624,0.20263699479910469,0.0821246848683608,0.589809677525243,0.6183538985049439,0.5076849926568823,0.3248758559720914,0.3554766934985615,0.17244184962222545,0.10551952246300587,0.5429482998047347,0.5307930597250635,0.4374287773417288,1.0442287120040588,0.9843531656554906,0.8204977338136269,0.14138911883446065,2.171692371847149,0.7857452341441056,2.030303253012688,0.12732273020303733,0.17577661082931714,0.23892657602256026,-0.1756921182148287,0.4179219831519574,1.8765429836569791,0.593614101366786,0.512484933285855,0.5586618198792798,0.1646358425882436,0.2930259188633623,0.7069544163694891,0.3212501127255826,0.41392849750612676,0.3489691662565335,0.3886570922983875,0.190330608368355,0.10743576067392774,0.583965211688899,0.5454080955348346,0.4765294510149713,0.5711357341551817,0.7148841644282242,0.307125993750523,0.15237587827101629,0.8944575006896496,0.5377460652235685,0.7420816224186333,0.4384481238281068,0.5195323632925805,0.2778177050569309,0.08211615961073385,0.7694775352169779,0.6336387133585936,0.6873613756062441,0.4122455416376114,0.488332879846264,0.2578123967341447,0.0820864913010169,0.7226099276177492,0.6253855304535404,0.6405234363167324,0.4211511654111391,0.5039169334028392,0.24740951275098857,0.08988646424889864,0.7069597599749418,0.5874601166292885,0.6170732957260431,2.076608091746855,1.9064554612106417,1.772104928933392,0.15626832460607187,4.530725847418653,0.8533651274770326,4.374457522812581,0.1996975685206252,0.3007640276595106,0.28547525879595004,-0.1835324241743329,0.5194386026875738,1.429537980410941,0.7029710268619067,0.5750537049451206,0.6680228121084525,0.21388893240897128,0.2852239027739414,0.8084826428615847,0.3719460122935534,0.5232587400876433,0.4158912719324355,0.5136704667112206,0.23395993358765904,0.1035357895797915,0.6738117593720377,0.5625507178849078,0.5702759697922463,0.506678242987084,0.5351665894232306,0.23540032120691526,0.1758060045041377,0.8085942101042704,0.46459528204552486,0.6327882056001326,0.36099309675620495,0.3476497110815148,0.19848340938638268,0.10550530109724793,0.6367034989974691,0.5498260525475576,0.5311981979002212,0.3404244659039835,0.33205872617416426,0.1830154334859792,0.10547773500770828,0.5898559806882319,0.5376095193393021,0.48437824568052357,0.333042195613988,0.33985893493266084,0.1765978567944902,0.09771946986443399,0.5742133735600512,0.5302567035655015,0.4764939036956172,1.2190839756311924,0.4461145757405385,1.2913700629792826,0.4461145757405385,2.423145619540721,1.0592954126155776,1.9770310438001824,0.14045751746233134,0.1524047969610414,0.21033407581728322,-0.13666011535254516,0.4101131909417406,1.4974924775649103,0.5467733062942858,0.52110480526066,0.5507944334673827,0.16120769372837485,0.29301907772164604,0.7226114129325065,0.3093575267411662,0.4295923352108605,0.3599349953566638,0.36914371192400874,0.17335474848086865,0.12303957113543935,0.5878806498212433,0.4816279348138666,0.464841078685804
2096,Süleymanpaşa,Tekirdağ,2022,0.39229198317917197,0.3867325856174903,0.20308831884250458,0.15241642785067203,0.6679453550115727,0.5176968369240108,0.5155289271609007,0.2292187914845549,0.2070267045090357,0.14923515257139994,0.0666275360421213,0.44135737115266066,0.6510598524879476,0.37472983511053937,0.2212528529356916,0.20114885818919898,0.1412648750548977,0.06840745458989822,0.4199230873374167,0.6384770780603545,0.35151563274751846,0.2522344876725959,0.23836410948972678,0.13439189035029997,0.09773007140161352,0.44135521896785196,0.532805373247542,0.3436251475662384,0.6687242534980715,0.5156640974548847,0.5519355059211001,0.14123248131183902,1.4217158755539863,0.8253558967451026,1.2804833942421472,-0.020746926434197767,-0.035166974489896044,0.16474385293907995,-0.2147770784917717,0.19919019711515765,-7.940638988699927,0.41396727560692936,0.4578433816923126,0.45708769114949743,0.13084869605565042,0.2930373346724996,0.6288387909009369,0.2857935732782646,0.33580145622843727,0.260561723211749,0.2519818426702033,0.1465591904719316,0.09571128326337136,0.46286882734818663,0.5624739837663275,0.36715754408481527,0.5326963104676105,0.6133518087294146,0.3135512328843417,0.1446063758886235,0.8866806161349855,0.5886116098853788,0.742074240246362,0.4109931255872413,0.44917162069503175,0.27935573329298347,0.08214616210624326,0.7538616779178012,0.6797090167720695,0.671715515811558,0.39099708574729036,0.41795588977469744,0.2649348052421095,0.08211590301805924,0.7148008164187968,0.6775876723882859,0.6326849134007375,0.40301671077945395,0.4257989700818586,0.2635986668131459,0.08211292745086675,0.7226255675785328,0.6540638632659506,0.6405126401276661,2.1256232450574855,1.3435945736689412,2.0358015450804805,0.15692753639023954,5.093844019562039,0.9577433582428782,4.9369164831717995,0.1663282850377898,0.19141350757911849,0.2853947725822061,-0.18351165877273298,0.5116530764923622,1.715852312896537,0.6951647352650953,0.5533806349290868,0.5977221107406777,0.22921309377482968,0.26181930867279346,0.8241016867060391,0.41420512267149046,0.5622823780332457,0.3907204599254909,0.44331971211765625,0.24013319849686368,0.09961803535277862,0.6699065327214059,0.6145907960454804,0.5702884973686273,0.4359865228122409,0.39453723212098196,0.1781834733467297,0.2383603438872082,0.7148299849917865,0.4086903241811102,0.47646964110457835,0.30274767624602067,0.25388599538556167,0.16353578475453084,0.14464106381535624,0.5585495276333724,0.5401718909367859,0.41390846381801616,0.2940478538217978,0.24605875290982615,0.14887098293231094,0.1447122706970316,0.5273360477723968,0.5062814810494465,0.3826237770753652,0.2860237382375192,0.24606257552484806,0.13831448733886445,0.14465245304843322,0.5038751767041652,0.4835769513088653,0.35922272365573193,0.8842539661674508,0.593200646221349,0.7746076184477318,0.22241044656967884,2.0308469550674433,0.8760012938421412,1.8084365084977645,0.059255013185677,0.04297802725897548,0.12105154679529208,-0.07410717521269332,0.23827105466815976,2.042891230417487,0.31237822988085306,0.5105885158126311,0.4960564901364968,0.10776063330661984,0.38677959822576435,0.6679327610408864,0.21105181563888598,0.28115316281512204,0.31460833735454313,0.2792996892063054,0.13581785282294515,0.16995606297544866,0.529275838927392,0.43170455673553004,0.3593197759519434
2096,Süleymanpaşa,Tekirdağ,2023,0.43385488506252445,0.457049313226924,0.22678176956878024,0.16023891871162904,0.7304442892018524,0.5227134172664619,0.5702053704902235,0.2587597589540944,0.25392420172939845,0.17308268265936785,0.06654609574688612,0.4960732497221285,0.6688933525018231,0.4295271539752424,0.2420438444714154,0.23633516881063102,0.1585714328332421,0.06448983259204182,0.4628838870848077,0.6551351602414698,0.3983940544927659,0.28863639708788513,0.2930049572542604,0.15646638484798966,0.09775303939212117,0.4960502535996486,0.5420881996401451,0.39829721420752745,0.8463356587383654,0.7192379449721236,0.6841798288154406,0.15798990655060152,1.780432024581927,0.8084024603611162,1.6224421180313255,0.005233214645246606,0.011758193415657323,0.18220572184193773,-0.2226114825735326,0.24601616273694807,34.81716959716863,0.4686276453104807,0.47287527486498376,0.4883049157661979,0.1479390137469904,0.28525019056968276,0.6601134671551474,0.3128499661760286,0.37486327658546464,0.2839635527026253,0.2910364037634678,0.16311561032327884,0.09184175870710148,0.5019252760927642,0.5744244596562649,0.4100835173856627,0.5760286938780637,0.7070450486698031,0.3108914486463846,0.1680177334511686,0.9023580480354121,0.5397152120206629,0.7343403145842435,0.4613513593134994,0.5195517301688791,0.2931251880528714,0.09773715802279197,0.8242297524508362,0.6353621424006377,0.7264925944280443,0.42852742559627194,0.4785075530998711,0.27109294864734124,0.09570878385574605,0.7675713239465731,0.632615166392514,0.6718625400908271,0.4413697216602421,0.5039081938392315,0.2638875469105026,0.10554212544177295,0.7460033733538419,0.5978832121013461,0.6404612479120689,2.458440006920186,1.9068806141051537,2.176705494155074,0.16026328172921783,5.46843028795716,0.8854011031499379,5.308167006227942,0.21065549213434404,0.2851605208353772,0.28987497041541005,-0.17574218100502542,0.5350684291871515,1.3760617749787618,0.710810610192177,0.5762871824603174,0.6523930137416046,0.22483397063035784,0.285243580714433,0.8241221164265158,0.3901422371923736,0.5388785357120828,0.42377402723685964,0.5058777791078429,0.23913783880210265,0.11526285698588665,0.6933544820584172,0.5643050858056516,0.5780916250725305,0.3986451931373562,0.3632897472381011,0.20313555963176447,0.16019189639220993,0.7149101211621476,0.5095648038123279,0.5547182247699376,0.2766490131127675,0.2382697791560662,0.16229420855441332,0.10553065326900243,0.5273202967702478,0.5866430056204792,0.42178964350124537,0.260574579948184,0.2206987439601105,0.15098400460073633,0.09962093191164734,0.4941497834738206,0.5794272205322558,0.39452885156217327,0.26587302136159535,0.23044180713798096,0.15466759178081674,0.09772316022964948,0.5038475187883001,0.5817348108082924,0.40612435855865064,0.8462511744511342,0.5304473440957989,0.7962841668535582,0.15821913600823312,1.9684954055011323,0.9409548735575063,1.810276269492899,0.04868431323097628,0.03518026114202749,0.17429956643038755,-0.16011543834421357,0.3007995806070419,3.580199757639516,0.46091501895125553,0.4647489219103291,0.4570137250182269,0.1445683249610765,0.2851895209163251,0.6757785338964906,0.3110675854111399,0.39058901298016546,0.2826881455568915,0.2519436365520767,0.14745366331970702,0.11525313907537796,0.5136853969508889,0.5216124752215042,0.39843225787551095
2096,Süleymanpaşa,Tekirdağ,2024,0.4509311460974634,0.44147850078499723,0.2333061499608965,0.16801707145251416,0.7694995683540252,0.5173875257453832,0.6014824969015111,0.28093920707755016,0.24612140407540012,0.19371003987782065,0.07427065129076917,0.5585753676356854,0.6895087442328729,0.48430471634491623,0.26726314939337636,0.2304521917293641,0.18023283384434835,0.07425210538896342,0.5272919315046273,0.674364701057493,0.45303982611566385,0.29369655402661304,0.26952685829346,0.1659093078589458,0.09772195349598307,0.5272852848535494,0.5649004238705235,0.42956333135756636,0.9527680919855104,0.6561335748871081,0.9258041334022075,0.15831766623029064,2.1561309388032637,0.9716993476060772,1.997813272572973,0.05135915854783141,0.035145738347776886,0.2080032233949159,-0.19135714366673778,0.3397820070981744,4.049973349956658,0.5311391507649121,0.48912314947550795,0.4883106393705997,0.15049674064391605,0.3008877060132707,0.6913377562620451,0.3076868081285773,0.3904500502487744,0.30278830902235565,0.2871238961171205,0.1754256502055818,0.09963128588190001,0.5488339437893842,0.5793673169614671,0.4492026579074842,0.5588337254973228,0.6836624137418776,0.3049855248576575,0.16021844363396567,0.8866754459974305,0.545753613181169,0.7264570023634649,0.4303693280046118,0.49611702574715083,0.2735400661165953,0.08989101861740592,0.7616668964931324,0.6355937756643849,0.6717758778757265,0.40346891674243923,0.4648547252558832,0.2540979472620925,0.0898584754715783,0.7147842227856348,0.6297832044006005,0.6249257473140565,0.42022687123951313,0.4804841532179074,0.2563533019244687,0.08987647863063442,0.7226606789365672,0.6100354819488857,0.6327842003059327,2.1971467687537296,1.7188612441832138,1.962607904067693,0.1582945827568032,5.031056134464002,0.8932529824491096,4.872761551707199,0.19174886115399736,0.2617927340834712,0.2882928367936841,-0.18349415113431294,0.5194750227223075,1.5034917811696955,0.7029691738566204,0.5679561816382233,0.6367353771015286,0.21943131463418686,0.2774142555944131,0.816326895506834,0.3863525422000957,0.5389126399124209,0.40747555113607564,0.4902560985285918,0.23189404974075276,0.10744397998442201,0.6660043927106971,0.5690992971092693,0.5585604127262751,0.37566433893504897,0.3163903913662086,0.16252884435455636,0.2149429448059183,0.6288969588866691,0.4326437926349379,0.4139540140807508,0.2737002824731793,0.22258171556094208,0.1297188175619878,0.14470522780114672,0.47263698957156286,0.4739447704979966,0.32793176177041616,0.2616165047216586,0.21677325016056595,0.1181300969661001,0.14651404512991834,0.4433644097276566,0.4515391606954697,0.2968503645977383,0.252817235114798,0.20698321440968337,0.12371604267468934,0.12907593601514297,0.44915167985495114,0.4893497178644209,0.3200757438398082,0.7140482547288914,0.4676818165698864,0.6079314299240112,0.2201802150782359,1.6558209501840044,0.8513870398784595,1.4356407351057685,0.05539537266309866,0.04491517030990589,0.09112335786965205,-0.05271543860467219,0.17771251115626766,1.644963351430857,0.23042794976093983,0.470260596770168,0.44914201220164496,0.09812635102288915,0.3712594840962498,0.6132489103286527,0.2086637742920374,0.24198942623240288,0.2762131296053963,0.2363214319789007,0.11713356064537121,0.15824421632446148,0.45900616723632726,0.42406948870501054,0.30076195091186575
