ilce_id,ilce,il,year,crop,urun_tr,ekilen_alan_da,hasat_alan_da,verim_kg_da,uretim_ton
1307,Enez,Edirne,2004,aycicegi_yaglik,Ayçiçeği (Yağlık),37810.0,37810.0,171.0,6457.0
1307,Enez,Edirne,2004,bugday,Buğday,67890.0,67890.0,363.0,24644.0
1307,Enez,Edirne,2005,aycicegi_yaglik,Ayçiçeği (Yağlık),44150.0,44150.0,149.0,6577.0
1307,Enez,Edirne,2005,bugday,Buğday,72840.0,72840.0,312.0,22690.0
1307,Enez,Edirne,2006,aycicegi_yaglik,Ayçiçeği (Yağlık),44314.0,44314.0,170.0,7513.0
1307,Enez,Edirne,2006,bugday,Buğday,69619.0,69619.0,317.0,22041.0
1307,Enez,Edirne,2007,aycicegi_yaglik,Ayçiçeği (Yağlık),41179.0,41179.0,170.0,6987.0
1307,Enez,Edirne,2007,bugday,Buğday,65348.0,65348.0,363.0,23732.0
1307,Enez,Edirne,2008,aycicegi_yaglik,Ayçiçeği (Yağlık),42497.0,42497.0,149.0,6337.0
1307,Enez,Edirne,2008,bugday,Buğday,67793.0,67793.0,358.0,24256.0
1307,Enez,Edirne,2009,aycicegi_yaglik,Ayçiçeği (Yağlık),42934.0,42934.0,150.0,6429.0
1307,Enez,Edirne,2009,bugday,Buğday,61978.0,61978.0,315.0,19500.0
1307,Enez,Edirne,2010,aycicegi_yaglik,Ayçiçeği (Yağlık),45700.0,45700.0,248.0,11354.0
1307,Enez,Edirne,2010,bugday,Buğday,72000.0,72000.0,360.0,25920.0
1307,Enez,Edirne,2011,aycicegi_yaglik,Ayçiçeği (Yağlık),42118.0,42118.0,206.0,8663.0
1307,Enez,Edirne,2011,bugday,Buğday,66618.0,66618.0,247.0,16477.0
1307,Enez,Edirne,2012,aycicegi_yaglik,Ayçiçeği (Yağlık),38123.0,38123.0,196.0,7480.0
1307,Enez,Edirne,2012,bugday,Buğday,59540.0,59540.0,453.0,26944.0
1307,Enez,Edirne,2013,aycicegi_yaglik,Ayçiçeği (Yağlık),25756.0,25756.0,215.0,5541.0
1307,Enez,Edirne,2013,bugday,Buğday,59215.0,59215.0,355.0,20998.0
1307,Enez,Edirne,2014,aycicegi_yaglik,Ayçiçeği (Yağlık),30098.0,30098.0,270.0,8118.0
1307,Enez,Edirne,2014,bugday,Buğday,59396.0,59396.0,378.0,22479.0
1307,Enez,Edirne,2014,bugday_hasil,Buğday (Hasıl/Yeşilot),650.0,650.0,400.0,260.0
1307,Enez,Edirne,2015,aycicegi_yaglik,Ayçiçeği (Yağlık),26585.0,26585.0,227.0,6023.0
1307,Enez,Edirne,2015,bugday,Buğday,58637.0,58637.0,335.0,19625.0
1307,Enez,Edirne,2015,bugday_hasil,Buğday (Hasıl/Yeşilot),600.0,600.0,400.0,240.0
1307,Enez,Edirne,2016,aycicegi_yaglik,Ayçiçeği (Yağlık),29859.0,29859.0,266.0,7957.0
1307,Enez,Edirne,2016,bugday,Buğday,58702.0,58702.0,330.0,19358.0
1307,Enez,Edirne,2016,bugday_hasil,Buğday (Hasıl/Yeşilot),750.0,750.0,451.0,338.0
1307,Enez,Edirne,2017,aycicegi_yaglik,Ayçiçeği (Yağlık),27700.0,27700.0,256.0,7096.0
1307,Enez,Edirne,2017,bugday,Buğday,57560.0,57560.0,335.0,19275.0
1307,Enez,Edirne,2017,bugday_hasil,Buğday (Hasıl/Yeşilot),750.0,750.0,453.0,340.0
1307,Enez,Edirne,2018,aycicegi_yaglik,Ayçiçeği (Yağlık),27936.0,27936.0,276.0,7705.0
1307,Enez,Edirne,2018,bugday,Buğday,57202.0,57202.0,334.0,19084.0
1307,Enez,Edirne,2018,bugday_hasil,Buğday (Hasıl/Yeşilot),780.0,780.0,455.0,355.0
1307,Enez,Edirne,2019,aycicegi_yaglik,Ayçiçeği (Yağlık),24011.0,24011.0,282.0,6782.0
1307,Enez,Edirne,2019,bugday,Buğday,59000.0,59000.0,321.0,18933.0
1307,Enez,Edirne,2019,bugday_hasil,Buğday (Hasıl/Yeşilot),770.0,770.0,455.0,350.0
1307,Enez,Edirne,2020,aycicegi_yaglik,Ayçiçeği (Yağlık),28769.0,28769.0,292.0,8398.0
1307,Enez,Edirne,2020,bugday,Buğday,57670.0,57670.0,309.0,17833.0
1307,Enez,Edirne,2020,bugday_hasil,Buğday (Hasıl/Yeşilot),2200.0,2200.0,1000.0,2200.0
1307,Enez,Edirne,2021,aycicegi_yaglik,Ayçiçeği (Yağlık),31700.0,31700.0,202.0,6411.0
1307,Enez,Edirne,2021,bugday,Buğday,54000.0,54000.0,448.0,24174.0
1307,Enez,Edirne,2021,bugday_hasil,Buğday (Hasıl/Yeşilot),200.0,200.0,1000.0,200.0
1307,Enez,Edirne,2022,aycicegi_yaglik,Ayçiçeği (Yağlık),38610.0,38610.0,195.0,7526.0
1307,Enez,Edirne,2022,bugday,Buğday,44800.0,44800.0,398.0,17852.0
1307,Enez,Edirne,2022,bugday_hasil,Buğday (Hasıl/Yeşilot),350.0,350.0,1000.0,350.0
1307,Enez,Edirne,2023,aycicegi_yaglik,Ayçiçeği (Yağlık),43150.0,43150.0,157.0,6792.0
1307,Enez,Edirne,2023,bugday,Buğday,56500.0,56500.0,506.0,28585.0
1307,Enez,Edirne,2023,bugday_hasil,Buğday (Hasıl/Yeşilot),1300.0,1300.0,1000.0,1300.0
1307,Enez,Edirne,2024,aycicegi_yaglik,Ayçiçeği (Yağlık),41780.0,41780.0,130.0,5445.0
1307,Enez,Edirne,2024,bugday,Buğday,57015.0,57015.0,386.0,22020.0
1307,Enez,Edirne,2024,bugday_hasil,Buğday (Hasıl/Yeşilot),350.0,350.0,1000.0,350.0
1307,Enez,Edirne,2025,aycicegi_yaglik,Ayçiçeği (Yağlık),36380.0,36380.0,121.0,4404.0
1307,Enez,Edirne,2025,bugday,Buğday,57000.0,57000.0,301.0,17156.0
1307,Enez,Edirne,2025,bugday_hasil,Buğday (Hasıl/Yeşilot),272.0,272.0,2000.0,544.0
1385,Havsa,Edirne,2004,aycicegi_yaglik,Ayçiçeği (Yağlık),109990.0,109990.0,172.0,18951.0
1385,Havsa,Edirne,2004,bugday,Buğday,271550.0,271550.0,323.0,87621.0
1385,Havsa,Edirne,2005,aycicegi_yaglik,Ayçiçeği (Yağlık),111140.0,111140.0,186.0,20696.0
1385,Havsa,Edirne,2005,bugday,Buğday,291380.0,291380.0,350.0,102104.0
1385,Havsa,Edirne,2006,aycicegi_yaglik,Ayçiçeği (Yağlık),118168.0,118168.0,170.0,20034.0
1385,Havsa,Edirne,2006,bugday,Buğday,278477.0,278477.0,237.0,66124.0
1385,Havsa,Edirne,2007,aycicegi_yaglik,Ayçiçeği (Yağlık),118961.0,118961.0,178.0,21194.0
1385,Havsa,Edirne,2007,bugday,Buğday,252429.0,252429.0,444.0,112045.0
1385,Havsa,Edirne,2008,aycicegi_yaglik,Ayçiçeği (Yağlık),106550.0,106550.0,171.0,18271.0
1385,Havsa,Edirne,2008,bugday,Buğday,266468.0,266468.0,398.0,105933.0
1385,Havsa,Edirne,2009,aycicegi_yaglik,Ayçiçeği (Yağlık),103123.0,103123.0,172.0,17757.0
1385,Havsa,Edirne,2009,bugday,Buğday,236289.0,236289.0,350.0,82603.0
1385,Havsa,Edirne,2010,aycicegi_yaglik,Ayçiçeği (Yağlık),127105.0,127105.0,227.0,28871.0
1385,Havsa,Edirne,2010,bugday,Buğday,290000.0,290000.0,400.0,116000.0
1385,Havsa,Edirne,2011,aycicegi_yaglik,Ayçiçeği (Yağlık),140774.0,140774.0,192.0,27057.0
1385,Havsa,Edirne,2011,bugday,Buğday,231312.0,231312.0,283.0,65386.0
1385,Havsa,Edirne,2012,aycicegi_yaglik,Ayçiçeği (Yağlık),139245.0,139245.0,205.0,28540.0
1385,Havsa,Edirne,2012,bugday,Buğday,191357.0,191357.0,448.0,85669.0
1385,Havsa,Edirne,2013,aycicegi_yaglik,Ayçiçeği (Yağlık),119940.0,119940.0,244.0,29206.0
1385,Havsa,Edirne,2013,bugday,Buğday,189325.0,189325.0,381.0,72146.0
1385,Havsa,Edirne,2014,aycicegi_yaglik,Ayçiçeği (Yağlık),135989.0,135989.0,308.0,41837.0
1385,Havsa,Edirne,2014,bugday,Buğday,202662.0,202662.0,455.0,92211.0
1385,Havsa,Edirne,2015,aycicegi_yaglik,Ayçiçeği (Yağlık),165798.0,165798.0,251.0,41601.0
1385,Havsa,Edirne,2015,bugday,Buğday,172475.0,172475.0,375.0,64632.0
1385,Havsa,Edirne,2016,aycicegi_yaglik,Ayçiçeği (Yağlık),161845.0,161845.0,228.0,36960.0
1385,Havsa,Edirne,2016,bugday,Buğday,189006.0,189006.0,386.0,72864.0
1385,Havsa,Edirne,2017,aycicegi_yaglik,Ayçiçeği (Yağlık),167400.0,167400.0,259.0,43369.0
1385,Havsa,Edirne,2017,bugday,Buğday,193080.0,193080.0,390.0,75251.0
1385,Havsa,Edirne,2017,bugday_hasil,Buğday (Hasıl/Yeşilot),1970.0,1970.0,660.0,1300.0
1385,Havsa,Edirne,2018,aycicegi_yaglik,Ayçiçeği (Yağlık),155831.0,155831.0,233.0,36336.0
1385,Havsa,Edirne,2018,bugday,Buğday,195093.0,195093.0,368.0,71780.0
1385,Havsa,Edirne,2018,bugday_hasil,Buğday (Hasıl/Yeşilot),1750.0,1750.0,660.0,1155.0
1385,Havsa,Edirne,2019,aycicegi_yaglik,Ayçiçeği (Yağlık),128579.0,128579.0,212.0,27253.0
1385,Havsa,Edirne,2019,bugday,Buğday,192150.0,192150.0,411.0,78957.0
1385,Havsa,Edirne,2019,bugday_hasil,Buğday (Hasıl/Yeşilot),1500.0,1500.0,600.0,900.0
1385,Havsa,Edirne,2020,aycicegi_yaglik,Ayçiçeği (Yağlık),110340.0,110340.0,224.0,24706.0
1385,Havsa,Edirne,2020,bugday,Buğday,198770.0,198770.0,343.0,68253.0
1385,Havsa,Edirne,2020,bugday_hasil,Buğday (Hasıl/Yeşilot),1500.0,1500.0,600.0,900.0
1385,Havsa,Edirne,2020,durum_bugdayi,Durum Buğdayı,201.0,201.0,373.0,75.0
1385,Havsa,Edirne,2021,aycicegi_yaglik,Ayçiçeği (Yağlık),140194.0,140194.0,250.0,35046.0
1385,Havsa,Edirne,2021,bugday,Buğday,201435.0,201435.0,431.0,86784.0
1385,Havsa,Edirne,2021,bugday_hasil,Buğday (Hasıl/Yeşilot),610.0,610.0,800.0,488.0
1385,Havsa,Edirne,2021,durum_bugdayi,Durum Buğdayı,180.0,180.0,439.0,79.0
1385,Havsa,Edirne,2022,aycicegi_yaglik,Ayçiçeği (Yağlık),140475.0,140475.0,241.0,33904.0
1385,Havsa,Edirne,2022,bugday,Buğday,188353.0,188353.0,388.0,73159.0
1385,Havsa,Edirne,2022,bugday_hasil,Buğday (Hasıl/Yeşilot),267.0,267.0,801.0,214.0
1385,Havsa,Edirne,2023,aycicegi_yaglik,Ayçiçeği (Yağlık),157525.0,157525.0,231.0,36452.0
1385,Havsa,Edirne,2023,bugday,Buğday,196146.0,196146.0,533.0,104598.0
1385,Havsa,Edirne,2023,bugday_hasil,Buğday (Hasıl/Yeşilot),337.0,337.0,1000.0,337.0
1385,Havsa,Edirne,2024,aycicegi_yaglik,Ayçiçeği (Yağlık),150500.0,150500.0,132.0,19827.0
1385,Havsa,Edirne,2024,bugday,Buğday,180000.0,180000.0,396.0,71299.0
1385,Havsa,Edirne,2024,bugday_hasil,Buğday (Hasıl/Yeşilot),150.0,150.0,1000.0,150.0
1385,Havsa,Edirne,2025,aycicegi_yaglik,Ayçiçeği (Yağlık),148029.0,148029.0,141.0,20844.0
1385,Havsa,Edirne,2025,bugday,Buğday,196500.0,196500.0,324.0,63697.0
1385,Havsa,Edirne,2025,bugday_hasil,Buğday (Hasıl/Yeşilot),255.0,255.0,2502.0,638.0
1464,Keşan,Edirne,2004,aycicegi_yaglik,Ayçiçeği (Yağlık),186590.0,186590.0,171.0,31864.0
1464,Keşan,Edirne,2004,bugday,Buğday,237610.0,237610.0,323.0,76669.0
1464,Keşan,Edirne,2005,aycicegi_yaglik,Ayçiçeği (Yağlık),196230.0,196230.0,186.0,36540.0
1464,Keşan,Edirne,2005,bugday,Buğday,237960.0,237960.0,311.0,74120.0
1464,Keşan,Edirne,2006,aycicegi_yaglik,Ayçiçeği (Yağlık),187103.0,187103.0,212.0,39651.0
1464,Keşan,Edirne,2006,bugday,Buğday,227423.0,227423.0,317.0,72001.0
1464,Keşan,Edirne,2007,aycicegi_yaglik,Ayçiçeği (Yağlık),167866.0,167866.0,233.0,39166.0
1464,Keşan,Edirne,2007,bugday,Buğday,221429.0,221429.0,468.0,103646.0
1464,Keşan,Edirne,2008,aycicegi_yaglik,Ayçiçeği (Yağlık),172058.0,172058.0,224.0,38483.0
1464,Keşan,Edirne,2008,bugday,Buğday,229714.0,229714.0,493.0,113239.0
1464,Keşan,Edirne,2009,aycicegi_yaglik,Ayçiçeği (Yağlık),195811.0,195811.0,225.0,43979.0
1464,Keşan,Edirne,2009,bugday,Buğday,212494.0,212494.0,367.0,77999.0
1464,Keşan,Edirne,2010,aycicegi_yaglik,Ayçiçeği (Yağlık),195880.0,195880.0,245.0,47970.0
1464,Keşan,Edirne,2010,bugday,Buğday,250000.0,250000.0,384.0,96000.0
1464,Keşan,Edirne,2011,aycicegi_yaglik,Ayçiçeği (Yağlık),191724.0,191724.0,223.0,42803.0
1464,Keşan,Edirne,2011,bugday,Buğday,222061.0,222061.0,318.0,70617.0
1464,Keşan,Edirne,2012,aycicegi_yaglik,Ayçiçeği (Yağlık),150687.0,150687.0,226.0,34050.0
1464,Keşan,Edirne,2012,bugday,Buğday,195037.0,195037.0,474.0,92527.0
1464,Keşan,Edirne,2013,aycicegi_yaglik,Ayçiçeği (Yağlık),137188.0,137188.0,235.0,32280.0
1464,Keşan,Edirne,2013,bugday,Buğday,232450.0,232450.0,378.0,87801.0
1464,Keşan,Edirne,2014,aycicegi_yaglik,Ayçiçeği (Yağlık),162996.0,162996.0,287.0,46806.0
1464,Keşan,Edirne,2014,bugday,Buğday,249981.0,249981.0,431.0,107807.0
1464,Keşan,Edirne,2015,aycicegi_yaglik,Ayçiçeği (Yağlık),163734.0,163734.0,251.0,41157.0
1464,Keşan,Edirne,2015,bugday,Buğday,244787.0,244787.0,421.0,103107.0
1464,Keşan,Edirne,2016,aycicegi_yaglik,Ayçiçeği (Yağlık),194494.0,194494.0,243.0,47218.0
1464,Keşan,Edirne,2016,bugday,Buğday,249001.0,249001.0,417.0,103717.0
1464,Keşan,Edirne,2017,aycicegi_yaglik,Ayçiçeği (Yağlık),198000.0,198000.0,255.0,50552.0
1464,Keşan,Edirne,2017,bugday,Buğday,249600.0,249600.0,424.0,105941.0
1464,Keşan,Edirne,2017,bugday_hasil,Buğday (Hasıl/Yeşilot),1500.0,1500.0,750.0,1125.0
1464,Keşan,Edirne,2018,aycicegi_yaglik,Ayçiçeği (Yağlık),186543.0,186543.0,260.0,48455.0
1464,Keşan,Edirne,2018,bugday,Buğday,245223.0,245223.0,387.0,94897.0
1464,Keşan,Edirne,2018,bugday_hasil,Buğday (Hasıl/Yeşilot),1500.0,1500.0,750.0,1125.0
1464,Keşan,Edirne,2019,aycicegi_yaglik,Ayçiçeği (Yağlık),169251.0,169251.0,257.0,43478.0
1464,Keşan,Edirne,2019,bugday,Buğday,244500.0,244500.0,422.0,103207.0
1464,Keşan,Edirne,2019,bugday_hasil,Buğday (Hasıl/Yeşilot),1500.0,1500.0,750.0,1125.0
1464,Keşan,Edirne,2020,aycicegi_yaglik,Ayçiçeği (Yağlık),183695.0,183695.0,249.0,45746.0
1464,Keşan,Edirne,2020,bugday,Buğday,250252.0,250252.0,434.0,108687.0
1464,Keşan,Edirne,2020,bugday_hasil,Buğday (Hasıl/Yeşilot),1500.0,1500.0,750.0,1125.0
1464,Keşan,Edirne,2021,aycicegi_yaglik,Ayçiçeği (Yağlık),205000.0,205000.0,279.0,57275.0
1464,Keşan,Edirne,2021,bugday,Buğday,243500.0,243500.0,531.0,129179.0
1464,Keşan,Edirne,2021,bugday_hasil,Buğday (Hasıl/Yeşilot),1500.0,1500.0,750.0,1125.0
1464,Keşan,Edirne,2022,aycicegi_yaglik,Ayçiçeği (Yağlık),224000.0,224000.0,268.0,60078.0
1464,Keşan,Edirne,2022,bugday,Buğday,202500.0,202500.0,440.0,89199.0
1464,Keşan,Edirne,2022,bugday_hasil,Buğday (Hasıl/Yeşilot),1000.0,1000.0,750.0,750.0
1464,Keşan,Edirne,2023,aycicegi_yaglik,Ayçiçeği (Yağlık),227600.0,227600.0,189.0,42970.0
1464,Keşan,Edirne,2023,bugday,Buğday,201000.0,201000.0,559.0,112321.0
1464,Keşan,Edirne,2023,bugday_hasil,Buğday (Hasıl/Yeşilot),900.0,900.0,900.0,810.0
1464,Keşan,Edirne,2024,aycicegi_yaglik,Ayçiçeği (Yağlık),206330.0,206330.0,156.0,32109.0
1464,Keşan,Edirne,2024,bugday,Buğday,216412.0,216412.0,410.0,88720.0
1464,Keşan,Edirne,2024,bugday_hasil,Buğday (Hasıl/Yeşilot),900.0,900.0,900.0,810.0
1464,Keşan,Edirne,2025,aycicegi_yaglik,Ayçiçeği (Yağlık),205740.0,205740.0,155.0,31914.0
1464,Keşan,Edirne,2025,bugday,Buğday,209152.0,209152.0,378.0,79035.0
1464,Keşan,Edirne,2025,bugday_hasil,Buğday (Hasıl/Yeşilot),925.0,925.0,2501.0,2313.0
1502,Lalapaşa,Edirne,2004,aycicegi_yaglik,Ayçiçeği (Yağlık),68740.0,68740.0,145.0,9979.0
1502,Lalapaşa,Edirne,2004,bugday,Buğday,160020.0,160020.0,286.0,45825.0
1502,Lalapaşa,Edirne,2005,aycicegi_yaglik,Ayçiçeği (Yağlık),68680.0,68680.0,149.0,10231.0
1502,Lalapaşa,Edirne,2005,bugday,Buğday,160260.0,160260.0,310.0,49615.0
1502,Lalapaşa,Edirne,2006,aycicegi_yaglik,Ayçiçeği (Yağlık),64009.0,64009.0,127.0,8139.0
1502,Lalapaşa,Edirne,2006,bugday,Buğday,157804.0,157804.0,277.0,43715.0
1502,Lalapaşa,Edirne,2007,aycicegi_yaglik,Ayçiçeği (Yağlık),68632.0,68632.0,127.0,8734.0
1502,Lalapaşa,Edirne,2007,bugday,Buğday,150572.0,150572.0,404.0,60758.0
1502,Lalapaşa,Edirne,2008,aycicegi_yaglik,Ayçiçeği (Yağlık),70515.0,70515.0,134.0,9463.0
1502,Lalapaşa,Edirne,2008,bugday,Buğday,137829.0,137829.0,358.0,49314.0
1502,Lalapaşa,Edirne,2009,aycicegi_yaglik,Ayçiçeği (Yağlık),68436.0,68436.0,165.0,11272.0
1502,Lalapaşa,Edirne,2009,bugday,Buğday,150517.0,150517.0,315.0,47357.0
1502,Lalapaşa,Edirne,2010,aycicegi_yaglik,Ayçiçeği (Yağlık),67500.0,67500.0,250.0,16875.0
1502,Lalapaşa,Edirne,2010,bugday,Buğday,154656.0,154656.0,400.0,61860.0
1502,Lalapaşa,Edirne,2011,aycicegi_yaglik,Ayçiçeği (Yağlık),66017.0,66017.0,206.0,13584.0
1502,Lalapaşa,Edirne,2011,bugday,Buğday,146636.0,146636.0,283.0,41450.0
1502,Lalapaşa,Edirne,2012,aycicegi_yaglik,Ayçiçeği (Yağlık),62963.0,62963.0,167.0,10543.0
1502,Lalapaşa,Edirne,2012,bugday,Buğday,135422.0,135422.0,421.0,57047.0
1502,Lalapaşa,Edirne,2013,aycicegi_yaglik,Ayçiçeği (Yağlık),55165.0,55165.0,191.0,10512.0
1502,Lalapaşa,Edirne,2013,bugday,Buğday,132368.0,132368.0,329.0,43595.0
1502,Lalapaşa,Edirne,2014,aycicegi_yaglik,Ayçiçeği (Yağlık),51186.0,51186.0,232.0,11884.0
1502,Lalapaşa,Edirne,2014,bugday,Buğday,139489.0,139489.0,372.0,51930.0
1502,Lalapaşa,Edirne,2015,aycicegi_yaglik,Ayçiçeği (Yağlık),77921.0,77921.0,205.0,15983.0
1502,Lalapaşa,Edirne,2015,bugday,Buğday,129297.0,129297.0,306.0,39588.0
1502,Lalapaşa,Edirne,2016,aycicegi_yaglik,Ayçiçeği (Yağlık),69718.0,69718.0,183.0,12763.0
1502,Lalapaşa,Edirne,2016,bugday,Buğday,124501.0,124501.0,266.0,33137.0
1502,Lalapaşa,Edirne,2017,aycicegi_yaglik,Ayçiçeği (Yağlık),68850.0,68850.0,197.0,13555.0
1502,Lalapaşa,Edirne,2017,bugday,Buğday,134800.0,134800.0,233.0,31442.0
1502,Lalapaşa,Edirne,2018,aycicegi_yaglik,Ayçiçeği (Yağlık),65427.0,65427.0,201.0,13182.0
1502,Lalapaşa,Edirne,2018,bugday,Buğday,121697.0,121697.0,232.0,28266.0
1502,Lalapaşa,Edirne,2018,bugday_hasil,Buğday (Hasıl/Yeşilot),2400.0,2400.0,750.0,1800.0
1502,Lalapaşa,Edirne,2019,aycicegi_yaglik,Ayçiçeği (Yağlık),65531.0,65531.0,201.0,13150.0
1502,Lalapaşa,Edirne,2019,bugday,Buğday,123000.0,123000.0,345.0,42470.0
1502,Lalapaşa,Edirne,2019,bugday_hasil,Buğday (Hasıl/Yeşilot),2000.0,2000.0,750.0,1500.0
1502,Lalapaşa,Edirne,2020,aycicegi_yaglik,Ayçiçeği (Yağlık),50742.0,50742.0,204.0,10367.0
1502,Lalapaşa,Edirne,2020,bugday,Buğday,127305.0,127305.0,279.0,35506.0
1502,Lalapaşa,Edirne,2021,aycicegi_yaglik,Ayçiçeği (Yağlık),61450.0,61450.0,202.0,12386.0
1502,Lalapaşa,Edirne,2021,bugday,Buğday,127700.0,127700.0,444.0,56722.0
1502,Lalapaşa,Edirne,2022,aycicegi_yaglik,Ayçiçeği (Yağlık),74855.0,74855.0,214.0,16005.0
1502,Lalapaşa,Edirne,2022,bugday,Buğday,121600.0,121600.0,363.0,44152.0
1502,Lalapaşa,Edirne,2023,aycicegi_yaglik,Ayçiçeği (Yağlık),84960.0,84960.0,261.0,22167.0
1502,Lalapaşa,Edirne,2023,bugday,Buğday,122300.0,122300.0,459.0,56120.0
1502,Lalapaşa,Edirne,2024,aycicegi_yaglik,Ayçiçeği (Yağlık),86670.0,86670.0,78.0,6750.0
1502,Lalapaşa,Edirne,2024,bugday,Buğday,131400.0,131400.0,373.0,49061.0
1502,Lalapaşa,Edirne,2025,aycicegi_yaglik,Ayçiçeği (Yağlık),79406.0,79406.0,70.0,5578.0
1502,Lalapaşa,Edirne,2025,bugday,Buğday,133121.0,133121.0,227.0,30237.0
1523,Meriç,Edirne,2004,aycicegi_yaglik,Ayçiçeği (Yağlık),62430.0,62430.0,145.0,9062.0
1523,Meriç,Edirne,2004,bugday,Buğday,83080.0,83080.0,363.0,30157.0
1523,Meriç,Edirne,2005,aycicegi_yaglik,Ayçiçeği (Yağlık),62370.0,62370.0,127.0,7898.0
1523,Meriç,Edirne,2005,bugday,Buğday,83200.0,83200.0,350.0,29154.0
1523,Meriç,Edirne,2006,aycicegi_yaglik,Ayçiçeği (Yağlık),68933.0,68933.0,211.0,14567.0
1523,Meriç,Edirne,2006,bugday,Buğday,64978.0,64978.0,237.0,15429.0
1523,Meriç,Edirne,2007,aycicegi_yaglik,Ayçiçeği (Yağlık),41179.0,41179.0,170.0,6987.0
1523,Meriç,Edirne,2007,bugday,Buğday,62000.0,62000.0,404.0,25018.0
1523,Meriç,Edirne,2008,aycicegi_yaglik,Ayçiçeği (Yağlık),49831.0,49831.0,186.0,9288.0
1523,Meriç,Edirne,2008,bugday,Buğday,64920.0,64920.0,421.0,27357.0
1523,Meriç,Edirne,2009,aycicegi_yaglik,Ayçiçeği (Yağlık),55311.0,55311.0,255.0,14079.0
1523,Meriç,Edirne,2009,bugday,Buğday,57243.0,57243.0,350.0,20011.0
1523,Meriç,Edirne,2010,aycicegi_yaglik,Ayçiçeği (Yağlık),60150.0,60150.0,330.0,19830.0
1523,Meriç,Edirne,2010,bugday,Buğday,63500.0,63500.0,445.0,28258.0
1523,Meriç,Edirne,2011,aycicegi_yaglik,Ayçiçeği (Yağlık),48482.0,48482.0,198.0,9617.0
1523,Meriç,Edirne,2011,bugday,Buğday,48113.0,48113.0,353.0,17000.0
1523,Meriç,Edirne,2012,aycicegi_yaglik,Ayçiçeği (Yağlık),35773.0,35773.0,189.0,6756.0
1523,Meriç,Edirne,2012,bugday,Buğday,44160.0,44160.0,409.0,18042.0
1523,Meriç,Edirne,2013,aycicegi_yaglik,Ayçiçeği (Yağlık),35498.0,35498.0,239.0,8495.0
1523,Meriç,Edirne,2013,bugday,Buğday,53100.0,53100.0,321.0,17039.0
1523,Meriç,Edirne,2014,aycicegi_yaglik,Ayçiçeği (Yağlık),39724.0,37582.0,253.0,9500.0
1523,Meriç,Edirne,2014,bugday,Buğday,53096.0,53096.0,396.0,21025.0
1523,Meriç,Edirne,2015,aycicegi_yaglik,Ayçiçeği (Yağlık),44938.0,44938.0,220.0,9884.0
1523,Meriç,Edirne,2015,bugday,Buğday,50159.0,50159.0,354.0,17766.0
1523,Meriç,Edirne,2016,aycicegi_yaglik,Ayçiçeği (Yağlık),45541.0,45541.0,205.0,9328.0
1523,Meriç,Edirne,2016,bugday,Buğday,44150.0,44150.0,343.0,15154.0
1523,Meriç,Edirne,2017,aycicegi_yaglik,Ayçiçeği (Yağlık),61876.0,61876.0,219.0,13547.0
1523,Meriç,Edirne,2017,bugday,Buğday,45247.0,45247.0,311.0,14067.0
1523,Meriç,Edirne,2018,aycicegi_yaglik,Ayçiçeği (Yağlık),41270.0,41270.0,209.0,8624.0
1523,Meriç,Edirne,2018,bugday,Buğday,62981.0,62981.0,324.0,20415.0
1523,Meriç,Edirne,2019,aycicegi_yaglik,Ayçiçeği (Yağlık),54304.0,54304.0,314.0,17070.0
1523,Meriç,Edirne,2019,bugday,Buğday,44954.0,44954.0,350.0,15720.0
1523,Meriç,Edirne,2020,aycicegi_yaglik,Ayçiçeği (Yağlık),48628.0,48628.0,286.0,13928.0
1523,Meriç,Edirne,2020,bugday,Buğday,45218.0,45218.0,361.0,16305.0
1523,Meriç,Edirne,2021,aycicegi_yaglik,Ayçiçeği (Yağlık),45476.0,45476.0,313.0,14243.0
1523,Meriç,Edirne,2021,bugday,Buğday,48104.0,48104.0,460.0,22115.0
1523,Meriç,Edirne,2022,aycicegi_yaglik,Ayçiçeği (Yağlık),77675.0,77675.0,352.0,27366.0
1523,Meriç,Edirne,2022,bugday,Buğday,48106.0,48106.0,407.0,19571.0
1523,Meriç,Edirne,2023,aycicegi_yaglik,Ayçiçeği (Yağlık),78865.0,78865.0,239.0,18868.0
1523,Meriç,Edirne,2023,bugday,Buğday,49490.0,49490.0,510.0,25250.0
1523,Meriç,Edirne,2024,aycicegi_yaglik,Ayçiçeği (Yağlık),61900.0,61900.0,199.0,12300.0
1523,Meriç,Edirne,2024,bugday,Buğday,62000.0,62000.0,380.0,23580.0
1523,Meriç,Edirne,2025,aycicegi_yaglik,Ayçiçeği (Yağlık),64300.0,64300.0,197.0,12682.0
1523,Meriç,Edirne,2025,bugday,Buğday,58000.0,58000.0,385.0,22348.0
1295,Merkez,Edirne,2004,aycicegi_yaglik,Ayçiçeği (Yağlık),171860.0,171860.0,173.0,29789.0
1295,Merkez,Edirne,2004,bugday,Buğday,428000.0,428000.0,315.0,134993.0
1295,Merkez,Edirne,2005,aycicegi_yaglik,Ayçiçeği (Yağlık),166790.0,166790.0,186.0,31059.0
1295,Merkez,Edirne,2005,bugday,Buğday,426560.0,426560.0,389.0,166082.0
1295,Merkez,Edirne,2006,aycicegi_yaglik,Ayçiçeği (Yağlık),167210.0,167210.0,212.0,35436.0
1295,Merkez,Edirne,2006,bugday,Buğday,407022.0,407022.0,396.0,161077.0
1295,Merkez,Edirne,2007,aycicegi_yaglik,Ayçiçeği (Yağlık),160141.0,160141.0,123.0,19699.0
1295,Merkez,Edirne,2007,bugday,Buğday,380858.0,380858.0,468.0,178270.0
1295,Merkez,Edirne,2008,aycicegi_yaglik,Ayçiçeği (Yağlık),188041.0,188041.0,138.0,25936.0
1295,Merkez,Edirne,2008,bugday,Buğday,275657.0,275657.0,398.0,109586.0
1295,Merkez,Edirne,2009,aycicegi_yaglik,Ayçiçeği (Yağlık),186933.0,186933.0,172.0,32188.0
1295,Merkez,Edirne,2009,bugday,Buğday,266061.0,266061.0,350.0,93011.0
1295,Merkez,Edirne,2010,aycicegi_yaglik,Ayçiçeği (Yağlık),191200.0,191200.0,298.0,56900.0
1295,Merkez,Edirne,2010,bugday,Buğday,308000.0,308000.0,450.0,138600.0
1295,Merkez,Edirne,2011,aycicegi_yaglik,Ayçiçeği (Yağlık),190826.0,190826.0,206.0,39319.0
1295,Merkez,Edirne,2011,bugday,Buğday,277577.0,277577.0,318.0,88271.0
1295,Merkez,Edirne,2012,aycicegi_yaglik,Ayçiçeği (Yağlık),132730.0,132730.0,187.0,24821.0
1295,Merkez,Edirne,2012,bugday,Buğday,245329.0,245329.0,476.0,116776.0
1295,Merkez,Edirne,2013,aycicegi_yaglik,Ayçiçeği (Yağlık),127935.0,127935.0,225.0,28807.0
1295,Merkez,Edirne,2013,bugday,Buğday,237027.0,237027.0,379.0,89918.0
1295,Merkez,Edirne,2014,aycicegi_yaglik,Ayçiçeği (Yağlık),146589.0,146589.0,290.0,42527.0
1295,Merkez,Edirne,2014,bugday,Buğday,251282.0,251282.0,438.0,110163.0
1295,Merkez,Edirne,2015,aycicegi_yaglik,Ayçiçeği (Yağlık),177877.0,177877.0,227.0,40300.0
1295,Merkez,Edirne,2015,bugday,Buğday,209610.0,209610.0,339.0,71067.0
1295,Merkez,Edirne,2016,aycicegi_yaglik,Ayçiçeği (Yağlık),158194.0,158194.0,237.0,37449.0
1295,Merkez,Edirne,2016,bugday,Buğday,246140.0,246140.0,387.0,95214.0
1295,Merkez,Edirne,2017,aycicegi_yaglik,Ayçiçeği (Yağlık),174728.0,174728.0,252.0,43949.0
1295,Merkez,Edirne,2017,bugday,Buğday,232119.0,232119.0,393.0,91118.0
1295,Merkez,Edirne,2017,bugday_hasil,Buğday (Hasıl/Yeşilot),588.0,588.0,997.0,586.0
1295,Merkez,Edirne,2018,aycicegi_yaglik,Ayçiçeği (Yağlık),166686.0,166686.0,262.0,43719.0
1295,Merkez,Edirne,2018,bugday,Buğday,232632.0,232632.0,353.0,82110.0
1295,Merkez,Edirne,2018,bugday_hasil,Buğday (Hasıl/Yeşilot),1644.0,1644.0,1000.0,1644.0
1295,Merkez,Edirne,2019,aycicegi_yaglik,Ayçiçeği (Yağlık),167206.0,167206.0,262.0,43823.0
1295,Merkez,Edirne,2019,bugday,Buğday,215908.0,215908.0,394.0,85003.0
1295,Merkez,Edirne,2019,bugday_hasil,Buğday (Hasıl/Yeşilot),1000.0,1000.0,1000.0,1000.0
1295,Merkez,Edirne,2020,aycicegi_yaglik,Ayçiçeği (Yağlık),150488.0,150488.0,254.0,38251.0
1295,Merkez,Edirne,2020,bugday,Buğday,240742.0,240742.0,361.0,86793.0
1295,Merkez,Edirne,2020,bugday_hasil,Buğday (Hasıl/Yeşilot),990.0,990.0,1000.0,990.0
1295,Merkez,Edirne,2021,aycicegi_yaglik,Ayçiçeği (Yağlık),205022.0,205022.0,258.0,52805.0
1295,Merkez,Edirne,2021,bugday,Buğday,238777.0,238777.0,491.0,117136.0
1295,Merkez,Edirne,2021,bugday_hasil,Buğday (Hasıl/Yeşilot),900.0,900.0,1250.0,1125.0
1295,Merkez,Edirne,2022,aycicegi_yaglik,Ayçiçeği (Yağlık),220208.0,220208.0,250.0,54966.0
1295,Merkez,Edirne,2022,bugday,Buğday,240000.0,240000.0,408.0,97956.0
1295,Merkez,Edirne,2022,bugday_hasil,Buğday (Hasıl/Yeşilot),890.0,890.0,1251.0,1113.0
1295,Merkez,Edirne,2023,aycicegi_yaglik,Ayçiçeği (Yağlık),219900.0,219900.0,202.0,44526.0
1295,Merkez,Edirne,2023,bugday,Buğday,248020.0,248020.0,559.0,138612.0
1295,Merkez,Edirne,2023,bugday_hasil,Buğday (Hasıl/Yeşilot),800.0,800.0,1250.0,1000.0
1295,Merkez,Edirne,2023,durum_bugdayi,Durum Buğdayı,2.0,2.0,500.0,1.0
1295,Merkez,Edirne,2024,aycicegi_cerezlik,Ayçiçeği (Çerezlik),21.0,21.0,238.0,5.0
1295,Merkez,Edirne,2024,aycicegi_yaglik,Ayçiçeği (Yağlık),220600.0,220600.0,123.0,27193.0
1295,Merkez,Edirne,2024,bugday,Buğday,251293.0,251293.0,370.0,93008.0
1295,Merkez,Edirne,2024,bugday_hasil,Buğday (Hasıl/Yeşilot),700.0,700.0,1250.0,875.0
1295,Merkez,Edirne,2024,durum_bugdayi,Durum Buğdayı,2.0,2.0,500.0,1.0
1295,Merkez,Edirne,2025,aycicegi_cerezlik,Ayçiçeği (Çerezlik),3.0,3.0,333.0,1.0
1295,Merkez,Edirne,2025,aycicegi_yaglik,Ayçiçeği (Yağlık),214633.0,214633.0,107.0,22972.0
1295,Merkez,Edirne,2025,bugday,Buğday,252000.0,252000.0,382.0,96317.0
1295,Merkez,Edirne,2025,bugday_hasil,Buğday (Hasıl/Yeşilot),645.0,645.0,2501.0,1613.0
1295,Merkez,Edirne,2025,durum_bugdayi,Durum Buğdayı,2.0,2.0,500.0,1.0
1988,Süloğlu,Edirne,2004,aycicegi_yaglik,Ayçiçeği (Yağlık),38300.0,38300.0,188.0,7195.0
1988,Süloğlu,Edirne,2004,bugday,Buğday,109590.0,109590.0,307.0,33593.0
1988,Süloğlu,Edirne,2005,aycicegi_yaglik,Ayçiçeği (Yağlık),39250.0,39250.0,164.0,6431.0
1988,Süloğlu,Edirne,2005,bugday,Buğday,106840.0,106840.0,273.0,29119.0
1988,Süloğlu,Edirne,2006,aycicegi_yaglik,Ayçiçeği (Yağlık),59085.0,59085.0,212.0,12521.0
1988,Süloğlu,Edirne,2006,bugday,Buğday,88184.0,88184.0,277.0,24429.0
1988,Süloğlu,Edirne,2007,aycicegi_yaglik,Ayçiçeği (Yağlık),47978.0,47978.0,170.0,8141.0
1988,Süloğlu,Edirne,2007,bugday,Buğday,79715.0,79715.0,323.0,25733.0
1988,Süloğlu,Edirne,2008,aycicegi_yaglik,Ayçiçeği (Yağlık),56412.0,56412.0,149.0,8412.0
1988,Süloğlu,Edirne,2008,bugday,Buğday,82697.0,82697.0,318.0,26301.0
1988,Süloğlu,Edirne,2009,aycicegi_yaglik,Ayçiçeği (Yağlık),56249.0,56249.0,165.0,9264.0
1988,Süloğlu,Edirne,2009,bugday,Buğday,79685.0,79685.0,280.0,22285.0
1988,Süloğlu,Edirne,2010,aycicegi_yaglik,Ayçiçeği (Yağlık),62000.0,62000.0,300.0,18600.0
1988,Süloğlu,Edirne,2010,bugday,Buğday,90000.0,90000.0,350.0,31500.0
1988,Süloğlu,Edirne,2011,aycicegi_yaglik,Ayçiçeği (Yağlık),63719.0,63719.0,182.0,11579.0
1988,Süloğlu,Edirne,2011,bugday,Buğday,83273.0,83273.0,297.0,24716.0
1988,Süloğlu,Edirne,2012,aycicegi_yaglik,Ayçiçeği (Yağlık),59771.0,59771.0,208.0,12419.0
1988,Süloğlu,Edirne,2012,bugday,Buğday,73598.0,73598.0,427.0,31402.0
1988,Süloğlu,Edirne,2013,aycicegi_yaglik,Ayçiçeği (Yağlık),52737.0,52737.0,221.0,11637.0
1988,Süloğlu,Edirne,2013,bugday,Buğday,76087.0,76087.0,352.0,26773.0
1988,Süloğlu,Edirne,2014,aycicegi_yaglik,Ayçiçeği (Yağlık),41916.0,41916.0,263.0,11041.0
1988,Süloğlu,Edirne,2014,bugday,Buğday,76082.0,76082.0,408.0,31031.0
1988,Süloğlu,Edirne,2015,aycicegi_yaglik,Ayçiçeği (Yağlık),35835.0,35835.0,212.0,7600.0
1988,Süloğlu,Edirne,2015,bugday,Buğday,74953.0,74953.0,333.0,24968.0
1988,Süloğlu,Edirne,2016,aycicegi_yaglik,Ayçiçeği (Yağlık),32750.0,32750.0,194.0,6349.0
1988,Süloğlu,Edirne,2016,bugday,Buğday,73116.0,73116.0,326.0,23824.0
1988,Süloğlu,Edirne,2017,aycicegi_yaglik,Ayçiçeği (Yağlık),30930.0,30930.0,216.0,6683.0
1988,Süloğlu,Edirne,2017,bugday,Buğday,72455.0,72455.0,332.0,24083.0
1988,Süloğlu,Edirne,2018,aycicegi_yaglik,Ayçiçeği (Yağlık),29802.0,29802.0,228.0,6793.0
1988,Süloğlu,Edirne,2018,bugday,Buğday,70775.0,70775.0,331.0,23434.0
1988,Süloğlu,Edirne,2019,aycicegi_yaglik,Ayçiçeği (Yağlık),25952.0,25952.0,227.0,5891.0
1988,Süloğlu,Edirne,2019,bugday,Buğday,70775.0,70775.0,340.0,24069.0
1988,Süloğlu,Edirne,2020,aycicegi_yaglik,Ayçiçeği (Yağlık),22729.0,22729.0,264.0,5995.0
1988,Süloğlu,Edirne,2020,bugday,Buğday,73257.0,73257.0,286.0,20987.0
1988,Süloğlu,Edirne,2021,aycicegi_yaglik,Ayçiçeği (Yağlık),64550.0,64550.0,302.0,19524.0
1988,Süloğlu,Edirne,2021,bugday,Buğday,86300.0,86300.0,433.0,37403.0
1988,Süloğlu,Edirne,2022,aycicegi_yaglik,Ayçiçeği (Yağlık),69600.0,69600.0,270.0,18788.0
1988,Süloğlu,Edirne,2022,bugday,Buğday,71000.0,71000.0,394.0,27940.0
1988,Süloğlu,Edirne,2023,aycicegi_yaglik,Ayçiçeği (Yağlık),66800.0,66800.0,302.0,20178.0
1988,Süloğlu,Edirne,2023,bugday,Buğday,72250.0,72250.0,576.0,41616.0
1988,Süloğlu,Edirne,2023,durum_bugdayi,Durum Buğdayı,2.0,2.0,500.0,1.0
1988,Süloğlu,Edirne,2024,aycicegi_yaglik,Ayçiçeği (Yağlık),68750.0,68750.0,194.0,13334.0
1988,Süloğlu,Edirne,2024,bugday,Buğday,79500.0,79500.0,419.0,33309.0
1988,Süloğlu,Edirne,2024,durum_bugdayi,Durum Buğdayı,2.0,2.0,500.0,1.0
1988,Süloğlu,Edirne,2025,aycicegi_yaglik,Ayçiçeği (Yağlık),70400.0,70400.0,159.0,11166.0
1988,Süloğlu,Edirne,2025,bugday,Buğday,78000.0,78000.0,324.0,25302.0
1705,Uzunköprü,Edirne,2004,aycicegi_yaglik,Ayçiçeği (Yağlık),230780.0,230780.0,188.0,43352.0
1705,Uzunköprü,Edirne,2004,bugday,Buğday,391230.0,391230.0,343.0,134127.0
1705,Uzunköprü,Edirne,2005,aycicegi_yaglik,Ayçiçeği (Yağlık),218940.0,218940.0,194.0,42400.0
1705,Uzunköprü,Edirne,2005,bugday,Buğday,378790.0,378790.0,428.0,162232.0
1705,Uzunköprü,Edirne,2006,aycicegi_yaglik,Ayçiçeği (Yağlık),219747.0,219747.0,220.0,48432.0
1705,Uzunköprü,Edirne,2006,bugday,Buğday,362020.0,362020.0,396.0,143268.0
1705,Uzunköprü,Edirne,2007,aycicegi_yaglik,Ayçiçeği (Yağlık),228770.0,228770.0,127.0,29113.0
1705,Uzunköprü,Edirne,2007,bugday,Buğday,310001.0,310001.0,363.0,112581.0
1705,Uzunköprü,Edirne,2008,aycicegi_yaglik,Ayçiçeği (Yağlık),237402.0,237402.0,149.0,35399.0
1705,Uzunköprü,Edirne,2008,bugday,Buğday,324650.0,324650.0,437.0,141970.0
1705,Uzunköprü,Edirne,2009,aycicegi_yaglik,Ayçiçeği (Yağlık),227339.0,227339.0,150.0,34040.0
1705,Uzunköprü,Edirne,2009,bugday,Buğday,318742.0,318742.0,350.0,111427.0
1705,Uzunköprü,Edirne,2010,aycicegi_yaglik,Ayçiçeği (Yağlık),228339.0,228339.0,350.0,79919.0
1705,Uzunköprü,Edirne,2010,bugday,Buğday,347700.0,347700.0,400.0,139080.0
1705,Uzunköprü,Edirne,2011,aycicegi_yaglik,Ayçiçeği (Yağlık),241802.0,241802.0,248.0,59907.0
1705,Uzunköprü,Edirne,2011,bugday,Buğday,277577.0,277577.0,283.0,78463.0
1705,Uzunköprü,Edirne,2012,aycicegi_yaglik,Ayçiçeği (Yağlık),166429.0,166429.0,202.0,33632.0
1705,Uzunköprü,Edirne,2012,bugday,Buğday,255142.0,255142.0,462.0,117757.0
1705,Uzunköprü,Edirne,2013,aycicegi_yaglik,Ayçiçeği (Yağlık),110683.0,110683.0,233.0,25790.0
1705,Uzunköprü,Edirne,2013,bugday,Buğday,241851.0,241851.0,378.0,91478.0
1705,Uzunköprü,Edirne,2014,aycicegi_yaglik,Ayçiçeği (Yağlık),174998.0,164945.0,319.0,52582.0
1705,Uzunköprü,Edirne,2014,bugday,Buğday,254981.0,254981.0,436.0,111073.0
1705,Uzunköprü,Edirne,2015,aycicegi_yaglik,Ayçiçeği (Yağlık),188823.0,188823.0,219.0,41293.0
1705,Uzunköprü,Edirne,2015,bugday,Buğday,271295.0,271295.0,353.0,95635.0
1705,Uzunköprü,Edirne,2016,aycicegi_yaglik,Ayçiçeği (Yağlık),202593.0,202593.0,231.0,46833.0
1705,Uzunköprü,Edirne,2016,bugday,Buğday,297005.0,297005.0,348.0,103342.0
1705,Uzunköprü,Edirne,2017,aycicegi_yaglik,Ayçiçeği (Yağlık),192500.0,192500.0,245.0,47247.0
1705,Uzunköprü,Edirne,2017,bugday,Buğday,249000.0,249000.0,354.0,88212.0
1705,Uzunköprü,Edirne,2018,aycicegi_yaglik,Ayçiçeği (Yağlık),192912.0,192912.0,253.0,48865.0
1705,Uzunköprü,Edirne,2018,bugday,Buğday,244181.0,244181.0,353.0,86270.0
1705,Uzunköprü,Edirne,2019,aycicegi_yaglik,Ayçiçeği (Yağlık),219277.0,219277.0,303.0,66342.0
1705,Uzunköprü,Edirne,2019,bugday,Buğday,215000.0,215000.0,351.0,75480.0
1705,Uzunköprü,Edirne,2020,aycicegi_yaglik,Ayçiçeği (Yağlık),209248.0,209248.0,321.0,67265.0
1705,Uzunköprü,Edirne,2020,bugday,Buğday,218469.0,218469.0,322.0,70306.0
1705,Uzunköprü,Edirne,2021,aycicegi_yaglik,Ayçiçeği (Yağlık),215100.0,215100.0,303.0,65133.0
1705,Uzunköprü,Edirne,2021,bugday,Buğday,232000.0,232000.0,448.0,103906.0
1705,Uzunköprü,Edirne,2022,aycicegi_yaglik,Ayçiçeği (Yağlık),272895.0,272895.0,261.0,71339.0
1705,Uzunköprü,Edirne,2022,bugday,Buğday,243000.0,243000.0,402.0,97683.0
1705,Uzunköprü,Edirne,2022,durum_bugdayi,Durum Buğdayı,128.0,128.0,359.0,46.0
1705,Uzunköprü,Edirne,2023,aycicegi_yaglik,Ayçiçeği (Yağlık),285750.0,285750.0,163.0,46608.0
1705,Uzunköprü,Edirne,2023,bugday,Buğday,274000.0,274000.0,515.0,140981.0
1705,Uzunköprü,Edirne,2024,aycicegi_yaglik,Ayçiçeği (Yağlık),300750.0,300750.0,128.0,38578.0
1705,Uzunköprü,Edirne,2024,bugday,Buğday,282500.0,282500.0,370.0,104607.0
1705,Uzunköprü,Edirne,2025,aycicegi_yaglik,Ayçiçeği (Yağlık),290700.0,290700.0,155.0,45130.0
1705,Uzunköprü,Edirne,2025,bugday,Buğday,317000.0,317000.0,368.0,116671.0
1412,İpsala,Edirne,2004,aycicegi_yaglik,Ayçiçeği (Yağlık),102130.0,102130.0,154.0,15697.0
1412,İpsala,Edirne,2004,bugday,Buğday,212640.0,212640.0,290.0,61750.0
1412,İpsala,Edirne,2005,aycicegi_yaglik,Ayçiçeği (Yağlık),137360.0,137360.0,186.0,25578.0
1412,İpsala,Edirne,2005,bugday,Buğday,213680.0,213680.0,273.0,58237.0
1412,İpsala,Edirne,2006,aycicegi_yaglik,Ayçiçeği (Yağlık),137865.0,137865.0,212.0,29217.0
1412,İpsala,Edirne,2006,bugday,Buğday,204216.0,204216.0,277.0,56572.0
1412,İpsala,Edirne,2007,aycicegi_yaglik,Ayçiçeği (Yağlık),150073.0,150073.0,187.0,28010.0
1412,İpsala,Edirne,2007,bugday,Buğday,161004.0,161004.0,404.0,64967.0
1412,İpsala,Edirne,2008,aycicegi_yaglik,Ayçiçeği (Yağlık),158595.0,158595.0,186.0,29560.0
1412,İpsala,Edirne,2008,bugday,Buğday,143801.0,143801.0,517.0,74318.0
1412,İpsala,Edirne,2009,aycicegi_yaglik,Ayçiçeği (Yağlık),157235.0,157235.0,187.0,29429.0
1412,İpsala,Edirne,2009,bugday,Buğday,139538.0,139538.0,350.0,48780.0
1412,İpsala,Edirne,2010,aycicegi_yaglik,Ayçiçeği (Yağlık),175250.0,175250.0,300.0,52575.0
1412,İpsala,Edirne,2010,bugday,Buğday,155733.0,155733.0,350.0,54500.0
1412,İpsala,Edirne,2011,aycicegi_yaglik,Ayçiçeği (Yağlık),135099.0,135099.0,206.0,27888.0
1412,İpsala,Edirne,2011,bugday,Buğday,139703.0,139703.0,353.0,49363.0
1412,İpsala,Edirne,2012,aycicegi_yaglik,Ayçiçeği (Yağlık),110333.0,110333.0,169.0,18621.0
1412,İpsala,Edirne,2012,bugday,Buğday,122575.0,122575.0,454.0,55640.0
1412,İpsala,Edirne,2013,aycicegi_yaglik,Ayçiçeği (Yağlık),110483.0,110483.0,214.0,23589.0
1412,İpsala,Edirne,2013,bugday,Buğday,170807.0,170807.0,345.0,58876.0
1412,İpsala,Edirne,2014,aycicegi_yaglik,Ayçiçeği (Yağlık),120434.0,120434.0,285.0,34273.0
1412,İpsala,Edirne,2014,bugday,Buğday,169987.0,169987.0,415.0,70488.0
1412,İpsala,Edirne,2014,bugday_hasil,Buğday (Hasıl/Yeşilot),7000.0,7000.0,820.0,5740.0
1412,İpsala,Edirne,2015,aycicegi_yaglik,Ayçiçeği (Yağlık),102550.0,102550.0,222.0,22732.0
1412,İpsala,Edirne,2015,bugday,Buğday,161144.0,161144.0,321.0,51737.0
1412,İpsala,Edirne,2015,bugday_hasil,Buğday (Hasıl/Yeşilot),7000.0,7000.0,820.0,5740.0
1412,İpsala,Edirne,2016,aycicegi_yaglik,Ayçiçeği (Yağlık),93292.0,93292.0,184.0,17207.0
1412,İpsala,Edirne,2016,bugday,Buğday,161154.0,161154.0,350.0,56360.0
1412,İpsala,Edirne,2016,bugday_hasil,Buğday (Hasıl/Yeşilot),7000.0,7000.0,825.0,5775.0
1412,İpsala,Edirne,2017,aycicegi_yaglik,Ayçiçeği (Yağlık),86130.0,86130.0,217.0,18657.0
1412,İpsala,Edirne,2017,bugday,Buğday,162320.0,162320.0,345.0,56071.0
1412,İpsala,Edirne,2017,bugday_hasil,Buğday (Hasıl/Yeşilot),7000.0,7000.0,825.0,5775.0
1412,İpsala,Edirne,2018,aycicegi_yaglik,Ayçiçeği (Yağlık),88095.0,88095.0,266.0,23457.0
1412,İpsala,Edirne,2018,bugday,Buğday,164111.0,164111.0,345.0,56593.0
1412,İpsala,Edirne,2018,bugday_hasil,Buğday (Hasıl/Yeşilot),7200.0,7200.0,825.0,5940.0
1412,İpsala,Edirne,2019,aycicegi_yaglik,Ayçiçeği (Yağlık),96387.0,96387.0,267.0,25780.0
1412,İpsala,Edirne,2019,bugday,Buğday,139111.0,139111.0,383.0,53255.0
1412,İpsala,Edirne,2019,bugday_hasil,Buğday (Hasıl/Yeşilot),7200.0,7200.0,825.0,5940.0
1412,İpsala,Edirne,2020,aycicegi_yaglik,Ayçiçeği (Yağlık),104516.0,104516.0,247.0,25778.0
1412,İpsala,Edirne,2020,bugday,Buğday,124342.0,124342.0,432.0,53742.0
1412,İpsala,Edirne,2020,bugday_hasil,Buğday (Hasıl/Yeşilot),7200.0,7200.0,825.0,5940.0
1412,İpsala,Edirne,2021,aycicegi_yaglik,Ayçiçeği (Yağlık),105016.0,105016.0,214.0,22463.0
1412,İpsala,Edirne,2021,bugday,Buğday,120845.0,120845.0,529.0,63965.0
1412,İpsala,Edirne,2021,bugday_hasil,Buğday (Hasıl/Yeşilot),7200.0,7200.0,825.0,5940.0
1412,İpsala,Edirne,2022,aycicegi_yaglik,Ayçiçeği (Yağlık),142000.0,142000.0,252.0,35840.0
1412,İpsala,Edirne,2022,bugday,Buğday,125571.0,125571.0,438.0,55023.0
1412,İpsala,Edirne,2022,bugday_hasil,Buğday (Hasıl/Yeşilot),6000.0,6000.0,825.0,4950.0
1412,İpsala,Edirne,2023,aycicegi_yaglik,Ayçiçeği (Yağlık),129650.0,129650.0,147.0,19090.0
1412,İpsala,Edirne,2023,bugday,Buğday,132100.0,132100.0,576.0,76036.0
1412,İpsala,Edirne,2023,bugday_hasil,Buğday (Hasıl/Yeşilot),66.0,66.0,803.0,53.0
1412,İpsala,Edirne,2024,aycicegi_yaglik,Ayçiçeği (Yağlık),128780.0,128780.0,142.0,18342.0
1412,İpsala,Edirne,2024,bugday,Buğday,152300.0,152300.0,409.0,62262.0
1412,İpsala,Edirne,2024,bugday_hasil,Buğday (Hasıl/Yeşilot),60.0,60.0,800.0,48.0
1412,İpsala,Edirne,2025,aycicegi_yaglik,Ayçiçeği (Yağlık),128780.0,128780.0,144.0,18568.0
1412,İpsala,Edirne,2025,bugday,Buğday,162300.0,162300.0,307.0,49834.0
1412,İpsala,Edirne,2025,bugday_hasil,Buğday (Hasıl/Yeşilot),85.0,85.0,2000.0,170.0
1163,Babaeski,Kırklareli,2004,aycicegi_yaglik,Ayçiçeği (Yağlık),147310.0,147310.0,154.0,22641.0
1163,Babaeski,Kırklareli,2004,bugday,Buğday,252160.0,252160.0,323.0,81363.0
1163,Babaeski,Kırklareli,2005,aycicegi_yaglik,Ayçiçeği (Yağlık),144230.0,144230.0,149.0,21485.0
1163,Babaeski,Kırklareli,2005,bugday,Buğday,252530.0,252530.0,366.0,92423.0
1163,Babaeski,Kırklareli,2006,aycicegi_yaglik,Ayçiçeği (Yağlık),152636.0,152636.0,170.0,25878.0
1163,Babaeski,Kırklareli,2006,bugday,Buğday,230579.0,230579.0,317.0,73000.0
1163,Babaeski,Kırklareli,2007,aycicegi_yaglik,Ayçiçeği (Yağlık),146412.0,146412.0,170.0,24843.0
1163,Babaeski,Kırklareli,2007,bugday,Buğday,221429.0,221429.0,404.0,89350.0
1163,Babaeski,Kırklareli,2008,aycicegi_yaglik,Ayçiçeği (Yağlık),155134.0,155134.0,186.0,28915.0
1163,Babaeski,Kırklareli,2008,bugday,Buğday,223282.0,223282.0,358.0,79888.0
1163,Babaeski,Kırklareli,2009,aycicegi_yaglik,Ayçiçeği (Yağlık),154684.0,154684.0,187.0,28952.0
1163,Babaeski,Kırklareli,2009,bugday,Buğday,212494.0,212494.0,322.0,68342.0
1163,Babaeski,Kırklareli,2010,aycicegi_yaglik,Ayçiçeği (Yağlık),175000.0,175000.0,172.0,30144.0
1163,Babaeski,Kırklareli,2010,bugday,Buğday,194754.0,194754.0,280.0,54510.0
1163,Babaeski,Kırklareli,2011,aycicegi_yaglik,Ayçiçeği (Yağlık),174113.0,174113.0,149.0,25927.0
1163,Babaeski,Kırklareli,2011,bugday,Buğday,185051.0,185051.0,318.0,58847.0
1163,Babaeski,Kırklareli,2012,aycicegi_yaglik,Ayçiçeği (Yağlık),16938.0,16938.0,218.0,3692.0
1163,Babaeski,Kırklareli,2012,bugday,Buğday,171534.0,171534.0,410.0,70329.0
1163,Babaeski,Kırklareli,2013,aycicegi_yaglik,Ayçiçeği (Yağlık),135240.0,135240.0,266.0,36024.0
1163,Babaeski,Kırklareli,2013,bugday,Buğday,231048.0,231048.0,388.0,89647.0
1163,Babaeski,Kırklareli,2014,aycicegi_yaglik,Ayçiçeği (Yağlık),147085.0,147085.0,250.0,36768.0
1163,Babaeski,Kırklareli,2014,bugday,Buğday,273978.0,273978.0,428.0,117335.0
1163,Babaeski,Kırklareli,2014,bugday_hasil,Buğday (Hasıl/Yeşilot),2000.0,2000.0,1500.0,3000.0
1163,Babaeski,Kırklareli,2015,aycicegi_yaglik,Ayçiçeği (Yağlık),163652.0,163652.0,260.0,42537.0
1163,Babaeski,Kırklareli,2015,bugday,Buğday,258680.0,258680.0,379.0,98028.0
1163,Babaeski,Kırklareli,2015,bugday_hasil,Buğday (Hasıl/Yeşilot),2200.0,2200.0,1500.0,3300.0
1163,Babaeski,Kırklareli,2016,aycicegi_yaglik,Ayçiçeği (Yağlık),174795.0,174795.0,202.0,35227.0
1163,Babaeski,Kırklareli,2016,bugday,Buğday,271500.0,271500.0,374.0,101657.0
1163,Babaeski,Kırklareli,2016,bugday_hasil,Buğday (Hasıl/Yeşilot),2500.0,2500.0,1600.0,4000.0
1163,Babaeski,Kırklareli,2017,aycicegi_yaglik,Ayçiçeği (Yağlık),178550.0,178550.0,223.0,39859.0
1163,Babaeski,Kırklareli,2017,bugday,Buğday,272670.0,272670.0,458.0,124915.0
1163,Babaeski,Kırklareli,2017,bugday_hasil,Buğday (Hasıl/Yeşilot),4000.0,4000.0,1600.0,6400.0
1163,Babaeski,Kırklareli,2018,aycicegi_yaglik,Ayçiçeği (Yağlık),174915.0,174915.0,279.0,48811.0
1163,Babaeski,Kırklareli,2018,bugday,Buğday,303390.0,303390.0,442.0,134197.0
1163,Babaeski,Kırklareli,2018,bugday_hasil,Buğday (Hasıl/Yeşilot),1000.0,1000.0,1600.0,1600.0
1163,Babaeski,Kırklareli,2019,aycicegi_yaglik,Ayçiçeği (Yağlık),176088.0,176088.0,278.0,48987.0
1163,Babaeski,Kırklareli,2019,bugday,Buğday,300153.0,300153.0,445.0,133488.0
1163,Babaeski,Kırklareli,2019,bugday_hasil,Buğday (Hasıl/Yeşilot),1441.0,1441.0,1600.0,2306.0
1163,Babaeski,Kırklareli,2020,aycicegi_yaglik,Ayçiçeği (Yağlık),152808.0,152808.0,300.0,45883.0
1163,Babaeski,Kırklareli,2020,bugday,Buğday,284697.0,284697.0,352.0,100199.0
1163,Babaeski,Kırklareli,2020,bugday_hasil,Buğday (Hasıl/Yeşilot),850.0,850.0,1636.0,1391.0
1163,Babaeski,Kırklareli,2021,aycicegi_yaglik,Ayçiçeği (Yağlık),179924.0,179924.0,282.0,50793.0
1163,Babaeski,Kırklareli,2021,bugday,Buğday,270000.0,270000.0,483.0,130542.0
1163,Babaeski,Kırklareli,2021,bugday_hasil,Buğday (Hasıl/Yeşilot),450.0,450.0,1600.0,720.0
1163,Babaeski,Kırklareli,2022,aycicegi_yaglik,Ayçiçeği (Yağlık),178196.0,178196.0,313.0,55712.0
1163,Babaeski,Kırklareli,2022,bugday,Buğday,272467.0,272467.0,438.0,119216.0
1163,Babaeski,Kırklareli,2022,bugday_hasil,Buğday (Hasıl/Yeşilot),320.0,320.0,1600.0,512.0
1163,Babaeski,Kırklareli,2023,aycicegi_yaglik,Ayçiçeği (Yağlık),175916.0,175916.0,192.0,33854.0
1163,Babaeski,Kırklareli,2023,bugday,Buğday,275985.0,275985.0,411.0,113356.0
1163,Babaeski,Kırklareli,2023,bugday_hasil,Buğday (Hasıl/Yeşilot),315.0,315.0,1600.0,504.0
1163,Babaeski,Kırklareli,2024,aycicegi_yaglik,Ayçiçeği (Yağlık),176775.0,176775.0,225.0,39698.0
1163,Babaeski,Kırklareli,2024,bugday,Buğday,287057.0,287057.0,408.0,117253.0
1163,Babaeski,Kırklareli,2024,bugday_hasil,Buğday (Hasıl/Yeşilot),64.0,64.0,1594.0,102.0
1163,Babaeski,Kırklareli,2025,aycicegi_yaglik,Ayçiçeği (Yağlık),176934.0,176934.0,112.0,19748.0
1163,Babaeski,Kırklareli,2025,bugday,Buğday,289057.0,289057.0,309.0,89389.0
1163,Babaeski,Kırklareli,2025,bugday_hasil,Buğday (Hasıl/Yeşilot),181.0,181.0,1503.0,272.0
1270,Demirköy,Kırklareli,2004,bugday,Buğday,1940.0,1940.0,242.0,469.0
1270,Demirköy,Kırklareli,2005,bugday,Buğday,1940.0,1940.0,273.0,529.0
1270,Demirköy,Kırklareli,2006,bugday,Buğday,3249.0,3249.0,277.0,900.0
1270,Demirköy,Kırklareli,2007,bugday,Buğday,2480.0,2480.0,242.0,600.0
1270,Demirköy,Kırklareli,2008,bugday,Buğday,1133.0,1133.0,286.0,324.0
1270,Demirköy,Kırklareli,2009,bugday,Buğday,812.0,708.0,251.0,178.0
1270,Demirköy,Kırklareli,2010,bugday,Buğday,339.0,339.0,245.0,83.0
1270,Demirköy,Kırklareli,2011,bugday,Buğday,203.0,46.0,174.0,8.0
1270,Demirköy,Kırklareli,2012,bugday_hasil,Buğday (Hasıl/Yeşilot),570.0,564.0,1465.0,826.0
1270,Demirköy,Kırklareli,2013,bugday_hasil,Buğday (Hasıl/Yeşilot),200.0,200.0,1465.0,293.0
1270,Demirköy,Kırklareli,2014,bugday_hasil,Buğday (Hasıl/Yeşilot),200.0,200.0,1350.0,270.0
1270,Demirköy,Kırklareli,2015,bugday_hasil,Buğday (Hasıl/Yeşilot),130.0,130.0,1154.0,150.0
1270,Demirköy,Kırklareli,2016,bugday_hasil,Buğday (Hasıl/Yeşilot),130.0,130.0,1154.0,150.0
1270,Demirköy,Kırklareli,2017,bugday_hasil,Buğday (Hasıl/Yeşilot),130.0,130.0,1154.0,150.0
1270,Demirköy,Kırklareli,2018,bugday_hasil,Buğday (Hasıl/Yeşilot),500.0,500.0,400.0,200.0
1270,Demirköy,Kırklareli,2019,bugday_hasil,Buğday (Hasıl/Yeşilot),500.0,500.0,400.0,200.0
1270,Demirköy,Kırklareli,2020,bugday_hasil,Buğday (Hasıl/Yeşilot),500.0,500.0,400.0,200.0
1270,Demirköy,Kırklareli,2021,bugday,Buğday,525.0,525.0,362.0,190.0
1270,Demirköy,Kırklareli,2022,bugday,Buğday,520.0,520.0,317.0,165.0
1270,Demirköy,Kırklareli,2023,bugday,Buğday,535.0,535.0,292.0,156.0
1270,Demirköy,Kırklareli,2024,bugday,Buğday,540.0,540.0,256.0,138.0
1270,Demirköy,Kırklareli,2025,bugday,Buğday,800.0,800.0,283.0,226.0
1480,Kofçaz,Kırklareli,2004,aycicegi_yaglik,Ayçiçeği (Yağlık),7860.0,7860.0,68.0,537.0
1480,Kofçaz,Kırklareli,2004,bugday,Buğday,59160.0,59160.0,242.0,14317.0
1480,Kofçaz,Kırklareli,2005,aycicegi_yaglik,Ayçiçeği (Yağlık),7850.0,7850.0,52.0,409.0
1480,Kofçaz,Kırklareli,2005,bugday,Buğday,59250.0,59250.0,234.0,13841.0
1480,Kofçaz,Kırklareli,2006,aycicegi_yaglik,Ayçiçeği (Yağlık),11817.0,11817.0,127.0,1503.0
1480,Kofçaz,Kırklareli,2006,bugday,Buğday,55695.0,55695.0,198.0,11021.0
1480,Kofçaz,Kırklareli,2007,aycicegi_yaglik,Ayçiçeği (Yağlık),9151.0,9151.0,127.0,1165.0
1480,Kofçaz,Kırklareli,2007,bugday,Buğday,54029.0,54029.0,282.0,15261.0
1480,Kofçaz,Kırklareli,2008,aycicegi_yaglik,Ayçiçeği (Yağlık),9402.0,9402.0,149.0,1402.0
1480,Kofçaz,Kırklareli,2008,bugday,Buğday,56050.0,56050.0,318.0,17826.0
1480,Kofçaz,Kırklareli,2009,aycicegi_yaglik,Ayçiçeği (Yağlık),9375.0,9375.0,112.0,1053.0
1480,Kofçaz,Kırklareli,2009,bugday,Buğday,54009.0,54009.0,210.0,11328.0
1480,Kofçaz,Kırklareli,2010,aycicegi_yaglik,Ayçiçeği (Yağlık),9009.0,9009.0,146.0,1314.0
1480,Kofçaz,Kırklareli,2010,bugday,Buğday,47595.0,47595.0,147.0,6994.0
1480,Kofçaz,Kırklareli,2011,aycicegi_yaglik,Ayçiçeği (Yağlık),9632.0,9632.0,165.0,1592.0
1480,Kofçaz,Kırklareli,2011,bugday,Buğday,50426.0,50426.0,247.0,12472.0
1480,Kofçaz,Kırklareli,2012,aycicegi_yaglik,Ayçiçeği (Yağlık),7364.0,7364.0,196.0,1443.0
1480,Kofçaz,Kırklareli,2012,bugday,Buğday,46043.0,46043.0,350.0,16115.0
1480,Kofçaz,Kırklareli,2013,aycicegi_yaglik,Ayçiçeği (Yağlık),11220.0,11220.0,230.0,2581.0
1480,Kofçaz,Kırklareli,2013,bugday,Buğday,43706.0,43706.0,295.0,12893.0
1480,Kofçaz,Kırklareli,2014,aycicegi_yaglik,Ayçiçeği (Yağlık),13379.0,13379.0,186.0,2483.0
1480,Kofçaz,Kırklareli,2014,bugday,Buğday,45996.0,45996.0,311.0,14326.0
1480,Kofçaz,Kırklareli,2015,aycicegi_yaglik,Ayçiçeği (Yağlık),11235.0,11235.0,181.0,2030.0
1480,Kofçaz,Kırklareli,2015,bugday,Buğday,45413.0,45413.0,303.0,13768.0
1480,Kofçaz,Kırklareli,2016,aycicegi_yaglik,Ayçiçeği (Yağlık),13457.0,13457.0,164.0,2202.0
1480,Kofçaz,Kırklareli,2016,bugday,Buğday,46300.0,46300.0,227.0,10506.0
1480,Kofçaz,Kırklareli,2017,aycicegi_yaglik,Ayçiçeği (Yağlık),12129.0,12129.0,159.0,1934.0
1480,Kofçaz,Kırklareli,2017,bugday,Buğday,45869.0,45869.0,305.0,14009.0
1480,Kofçaz,Kırklareli,2018,aycicegi_yaglik,Ayçiçeği (Yağlık),12245.0,12245.0,163.0,2001.0
1480,Kofçaz,Kırklareli,2018,bugday,Buğday,45120.0,45120.0,305.0,13764.0
1480,Kofçaz,Kırklareli,2019,aycicegi_yaglik,Ayçiçeği (Yağlık),10449.0,10449.0,164.0,1711.0
1480,Kofçaz,Kırklareli,2019,bugday,Buğday,45120.0,45120.0,232.0,10462.0
1480,Kofçaz,Kırklareli,2020,aycicegi_yaglik,Ayçiçeği (Yağlık),22226.0,22226.0,187.0,4153.0
1480,Kofçaz,Kırklareli,2020,bugday,Buğday,36158.0,36158.0,313.0,11311.0
1480,Kofçaz,Kırklareli,2021,aycicegi_yaglik,Ayçiçeği (Yağlık),27400.0,27400.0,167.0,4571.0
1480,Kofçaz,Kırklareli,2021,bugday,Buğday,36500.0,36500.0,360.0,13155.0
1480,Kofçaz,Kırklareli,2022,aycicegi_yaglik,Ayçiçeği (Yağlık),28525.0,28525.0,128.0,3652.0
1480,Kofçaz,Kırklareli,2022,bugday,Buğday,37500.0,37500.0,247.0,9248.0
1480,Kofçaz,Kırklareli,2023,aycicegi_yaglik,Ayçiçeği (Yağlık),31786.0,31786.0,122.0,3862.0
1480,Kofçaz,Kırklareli,2023,bugday,Buğday,37750.0,37750.0,284.0,10713.0
1480,Kofçaz,Kırklareli,2024,aycicegi_yaglik,Ayçiçeği (Yağlık),30933.0,30933.0,128.0,3948.0
1480,Kofçaz,Kırklareli,2024,bugday,Buğday,43995.0,43995.0,260.0,11436.0
1480,Kofçaz,Kırklareli,2025,aycicegi_yaglik,Ayçiçeği (Yağlık),31050.0,31050.0,70.0,2189.0
1480,Kofçaz,Kırklareli,2025,bugday,Buğday,47500.0,47500.0,218.0,10365.0
1505,Lüleburgaz,Kırklareli,2004,aycicegi_yaglik,Ayçiçeği (Yağlık),255330.0,255330.0,188.0,47965.0
1505,Lüleburgaz,Kırklareli,2004,bugday,Buğday,421880.0,421880.0,363.0,153142.0
1505,Lüleburgaz,Kırklareli,2005,aycicegi_yaglik,Ayçiçeği (Yağlık),250190.0,250190.0,186.0,46588.0
1505,Lüleburgaz,Kırklareli,2005,bugday,Buğday,427350.0,427350.0,366.0,156408.0
1505,Lüleburgaz,Kırklareli,2006,aycicegi_yaglik,Ayçiçeği (Yağlık),256035.0,256035.0,212.0,54259.0
1505,Lüleburgaz,Kırklareli,2006,bugday,Buğday,403792.0,403792.0,348.0,140623.0
1505,Lüleburgaz,Kırklareli,2007,aycicegi_yaglik,Ayçiçeği (Yağlık),237920.0,237920.0,212.0,50465.0
1505,Lüleburgaz,Kırklareli,2007,bugday,Buğday,385287.0,385287.0,404.0,155467.0
1505,Lüleburgaz,Kırklareli,2008,aycicegi_yaglik,Ayçiçeği (Yağlık),240693.0,240693.0,186.0,44862.0
1505,Lüleburgaz,Kırklareli,2008,bugday,Buğday,396027.0,396027.0,437.0,173183.0
1505,Lüleburgaz,Kırklareli,2009,aycicegi_yaglik,Ayçiçeği (Yağlık),236245.0,236245.0,187.0,44217.0
1505,Lüleburgaz,Kırklareli,2009,bugday,Buğday,382490.0,382490.0,350.0,133713.0
1505,Lüleburgaz,Kırklareli,2010,aycicegi_yaglik,Ayçiçeği (Yağlık),270000.0,270000.0,209.0,56517.0
1505,Lüleburgaz,Kırklareli,2010,bugday,Buğday,371884.0,371884.0,350.0,130108.0
1505,Lüleburgaz,Kırklareli,2011,aycicegi_yaglik,Ayçiçeği (Yağlık),262777.0,262777.0,190.0,49982.0
1505,Lüleburgaz,Kırklareli,2011,bugday,Buğday,400636.0,400636.0,389.0,155717.0
1505,Lüleburgaz,Kırklareli,2012,aycicegi_yaglik,Ayçiçeği (Yağlık),200121.0,200121.0,237.0,47509.0
1505,Lüleburgaz,Kırklareli,2012,bugday,Buğday,367444.0,367444.0,432.0,158736.0
1505,Lüleburgaz,Kırklareli,2013,aycicegi_yaglik,Ayçiçeği (Yağlık),190682.0,190682.0,228.0,43524.0
1505,Lüleburgaz,Kırklareli,2013,bugday,Buğday,422242.0,422242.0,392.0,165489.0
1505,Lüleburgaz,Kırklareli,2014,aycicegi_yaglik,Ayçiçeği (Yağlık),207855.0,207855.0,282.0,58615.0
1505,Lüleburgaz,Kırklareli,2014,bugday,Buğday,472263.0,472263.0,391.0,184543.0
1505,Lüleburgaz,Kırklareli,2015,aycicegi_yaglik,Ayçiçeği (Yağlık),258566.0,258566.0,274.0,70829.0
1505,Lüleburgaz,Kırklareli,2015,bugday,Buğday,426002.0,426002.0,298.0,127143.0
1505,Lüleburgaz,Kırklareli,2016,aycicegi_yaglik,Ayçiçeği (Yağlık),249381.0,249381.0,249.0,62004.0
1505,Lüleburgaz,Kırklareli,2016,bugday,Buğday,465946.0,465946.0,376.0,175399.0
1505,Lüleburgaz,Kırklareli,2017,aycicegi_yaglik,Ayçiçeği (Yağlık),264447.0,264447.0,245.0,64866.0
1505,Lüleburgaz,Kırklareli,2017,bugday,Buğday,456540.0,456540.0,423.0,193229.0
1505,Lüleburgaz,Kırklareli,2018,aycicegi_yaglik,Ayçiçeği (Yağlık),234774.0,234774.0,249.0,58529.0
1505,Lüleburgaz,Kırklareli,2018,bugday,Buğday,459370.0,459370.0,426.0,195727.0
1505,Lüleburgaz,Kırklareli,2019,aycicegi_yaglik,Ayçiçeği (Yağlık),233510.0,233510.0,319.0,74413.0
1505,Lüleburgaz,Kırklareli,2019,bugday,Buğday,437566.0,437566.0,382.0,167351.0
1505,Lüleburgaz,Kırklareli,2020,aycicegi_yaglik,Ayçiçeği (Yağlık),232673.0,232673.0,277.0,64536.0
1505,Lüleburgaz,Kırklareli,2020,bugday,Buğday,452688.0,452688.0,432.0,195714.0
1505,Lüleburgaz,Kırklareli,2021,aycicegi_yaglik,Ayçiçeği (Yağlık),295400.0,295400.0,230.0,67823.0
1505,Lüleburgaz,Kırklareli,2021,bugday,Buğday,435260.0,435260.0,483.0,210253.0
1505,Lüleburgaz,Kırklareli,2022,aycicegi_yaglik,Ayçiçeği (Yağlık),315400.0,315400.0,195.0,61406.0
1505,Lüleburgaz,Kırklareli,2022,bugday,Buğday,411100.0,411100.0,398.0,163522.0
1505,Lüleburgaz,Kırklareli,2022,bugday_hasil,Buğday (Hasıl/Yeşilot),1500.0,1500.0,3000.0,4500.0
1505,Lüleburgaz,Kırklareli,2023,aycicegi_yaglik,Ayçiçeği (Yağlık),325782.0,325782.0,188.0,61282.0
1505,Lüleburgaz,Kırklareli,2023,bugday,Buğday,403100.0,403100.0,358.0,144494.0
1505,Lüleburgaz,Kırklareli,2023,bugday_hasil,Buğday (Hasıl/Yeşilot),1840.0,1840.0,3000.0,5520.0
1505,Lüleburgaz,Kırklareli,2024,aycicegi_yaglik,Ayçiçeği (Yağlık),316795.0,316795.0,181.0,57388.0
1505,Lüleburgaz,Kırklareli,2024,bugday,Buğday,419471.0,419471.0,408.0,171346.0
1505,Lüleburgaz,Kırklareli,2024,bugday_hasil,Buğday (Hasıl/Yeşilot),905.0,905.0,3000.0,2715.0
1505,Lüleburgaz,Kırklareli,2025,aycicegi_yaglik,Ayçiçeği (Yağlık),333529.0,333529.0,92.0,30523.0
1505,Lüleburgaz,Kırklareli,2025,bugday,Buğday,405615.0,405615.0,263.0,106830.0
1505,Lüleburgaz,Kırklareli,2025,bugday_hasil,Buğday (Hasıl/Yeşilot),1340.0,1340.0,2500.0,3350.0
1471,Merkez,Kırklareli,2004,aycicegi_yaglik,Ayçiçeği (Yağlık),130610.0,130610.0,154.0,20075.0
1471,Merkez,Kırklareli,2004,bugday,Buğday,368540.0,368540.0,307.0,112969.0
1471,Merkez,Kırklareli,2005,aycicegi_yaglik,Ayçiçeği (Yağlık),127550.0,127550.0,149.0,19001.0
1471,Merkez,Kırklareli,2005,bugday,Buğday,339940.0,339940.0,288.0,97944.0
1471,Merkez,Kırklareli,2006,aycicegi_yaglik,Ayçiçeği (Yağlık),130970.0,130970.0,161.0,21094.0
1471,Merkez,Kırklareli,2006,bugday,Buğday,320249.0,320249.0,261.0,83646.0
1471,Merkez,Kırklareli,2007,aycicegi_yaglik,Ayçiçeği (Yağlık),112556.0,112556.0,153.0,17188.0
1471,Merkez,Kırklareli,2007,bugday,Buğday,314430.0,314430.0,351.0,110383.0
1471,Merkez,Kırklareli,2008,aycicegi_yaglik,Ayçiçeği (Yağlık),122227.0,122227.0,149.0,18225.0
1471,Merkez,Kırklareli,2008,bugday,Buğday,314708.0,314708.0,350.0,110098.0
1471,Merkez,Kırklareli,2009,aycicegi_yaglik,Ayçiçeği (Yağlık),129372.0,129372.0,150.0,19371.0
1471,Merkez,Kırklareli,2009,bugday,Buğday,296607.0,296607.0,245.0,72582.0
1471,Merkez,Kırklareli,2010,aycicegi_yaglik,Ayçiçeği (Yağlık),165000.0,165000.0,143.0,23659.0
1471,Merkez,Kırklareli,2010,bugday,Buğday,246748.0,246748.0,189.0,46617.0
1471,Merkez,Kırklareli,2011,aycicegi_yaglik,Ayçiçeği (Yağlık),144849.0,144849.0,161.0,23290.0
1471,Merkez,Kırklareli,2011,bugday,Buğday,263698.0,263698.0,219.0,57769.0
1471,Merkez,Kırklareli,2012,aycicegi_yaglik,Ayçiçeği (Yağlık),112899.0,112899.0,230.0,25929.0
1471,Merkez,Kırklareli,2012,bugday,Buğday,239696.0,239696.0,378.0,90605.0
1471,Merkez,Kırklareli,2013,aycicegi_yaglik,Ayçiçeği (Yağlık),132210.0,132046.0,251.0,33182.0
1471,Merkez,Kırklareli,2013,bugday,Buğday,194757.0,194757.0,365.0,71086.0
1471,Merkez,Kırklareli,2014,aycicegi_yaglik,Ayçiçeği (Yağlık),148736.0,148736.0,248.0,36884.0
1471,Merkez,Kırklareli,2014,bugday,Buğday,200370.0,200370.0,428.0,85811.0
1471,Merkez,Kırklareli,2014,bugday_hasil,Buğday (Hasıl/Yeşilot),2310.0,2310.0,1400.0,3234.0
1471,Merkez,Kırklareli,2015,aycicegi_yaglik,Ayçiçeği (Yağlık),170668.0,170668.0,241.0,41183.0
1471,Merkez,Kırklareli,2015,bugday,Buğday,186158.0,186158.0,325.0,60424.0
1471,Merkez,Kırklareli,2015,bugday_hasil,Buğday (Hasıl/Yeşilot),2310.0,2310.0,1400.0,3234.0
1471,Merkez,Kırklareli,2016,aycicegi_yaglik,Ayçiçeği (Yağlık),212112.0,212112.0,191.0,40465.0
1471,Merkez,Kırklareli,2016,bugday,Buğday,188899.0,188899.0,374.0,70729.0
1471,Merkez,Kırklareli,2016,bugday_hasil,Buğday (Hasıl/Yeşilot),2310.0,2310.0,1399.0,3232.0
1471,Merkez,Kırklareli,2017,aycicegi_yaglik,Ayçiçeği (Yağlık),195435.0,195435.0,275.0,53667.0
1471,Merkez,Kırklareli,2017,bugday,Buğday,189900.0,189900.0,458.0,86997.0
1471,Merkez,Kırklareli,2017,bugday_hasil,Buğday (Hasıl/Yeşilot),2310.0,2310.0,1400.0,3234.0
1471,Merkez,Kırklareli,2018,aycicegi_yaglik,Ayçiçeği (Yağlık),194505.0,194505.0,243.0,47170.0
1471,Merkez,Kırklareli,2018,bugday,Buğday,186897.0,186897.0,320.0,59864.0
1471,Merkez,Kırklareli,2018,bugday_hasil,Buğday (Hasıl/Yeşilot),2310.0,2310.0,1199.0,2770.0
1471,Merkez,Kırklareli,2019,aycicegi_yaglik,Ayçiçeği (Yağlık),176611.0,176611.0,265.0,46716.0
1471,Merkez,Kırklareli,2019,bugday,Buğday,180000.0,180000.0,342.0,61579.0
1471,Merkez,Kırklareli,2019,bugday_hasil,Buğday (Hasıl/Yeşilot),2350.0,2350.0,1300.0,3055.0
1471,Merkez,Kırklareli,2020,aycicegi_yaglik,Ayçiçeği (Yağlık),217148.0,217148.0,289.0,62697.0
1471,Merkez,Kırklareli,2020,bugday,Buğday,185814.0,185814.0,352.0,65397.0
1471,Merkez,Kırklareli,2020,bugday_hasil,Buğday (Hasıl/Yeşilot),2400.0,2400.0,1400.0,3360.0
1471,Merkez,Kırklareli,2021,aycicegi_yaglik,Ayçiçeği (Yağlık),239000.0,239000.0,253.0,60500.0
1471,Merkez,Kırklareli,2021,bugday,Buğday,190000.0,190000.0,396.0,75160.0
1471,Merkez,Kırklareli,2021,bugday_hasil,Buğday (Hasıl/Yeşilot),2000.0,2000.0,1400.0,2800.0
1471,Merkez,Kırklareli,2022,aycicegi_yaglik,Ayçiçeği (Yağlık),258000.0,258000.0,248.0,64003.0
1471,Merkez,Kırklareli,2022,bugday,Buğday,180000.0,180000.0,358.0,64438.0
1471,Merkez,Kırklareli,2022,bugday_hasil,Buğday (Hasıl/Yeşilot),2000.0,2000.0,1400.0,2800.0
1471,Merkez,Kırklareli,2023,aycicegi_yaglik,Ayçiçeği (Yağlık),257530.0,257530.0,222.0,57087.0
1471,Merkez,Kırklareli,2023,bugday,Buğday,189000.0,189000.0,373.0,70571.0
1471,Merkez,Kırklareli,2023,bugday_hasil,Buğday (Hasıl/Yeşilot),1200.0,1200.0,1400.0,1680.0
1471,Merkez,Kırklareli,2024,aycicegi_yaglik,Ayçiçeği (Yağlık),260300.0,240300.0,206.0,49504.0
1471,Merkez,Kırklareli,2024,bugday,Buğday,220000.0,199000.0,371.0,73898.0
1471,Merkez,Kırklareli,2024,bugday_hasil,Buğday (Hasıl/Yeşilot),1000.0,1000.0,2000.0,2000.0
1471,Merkez,Kırklareli,2025,aycicegi_yaglik,Ayçiçeği (Yağlık),263000.0,263000.0,134.0,35126.0
1471,Merkez,Kırklareli,2025,bugday,Buğday,274000.0,274000.0,339.0,92780.0
1471,Merkez,Kırklareli,2025,bugday_hasil,Buğday (Hasıl/Yeşilot),1500.0,1500.0,2000.0,3000.0
1572,Pehlivanköy,Kırklareli,2004,aycicegi_yaglik,Ayçiçeği (Yağlık),14730.0,14730.0,128.0,1887.0
1572,Pehlivanköy,Kırklareli,2004,bugday,Buğday,48490.0,48490.0,303.0,14669.0
1572,Pehlivanköy,Kırklareli,2005,aycicegi_yaglik,Ayçiçeği (Yağlık),14720.0,14720.0,164.0,2412.0
1572,Pehlivanköy,Kırklareli,2005,bugday,Buğday,48560.0,48560.0,312.0,15127.0
1572,Pehlivanköy,Kırklareli,2006,aycicegi_yaglik,Ayçiçeği (Yağlık),14771.0,14771.0,195.0,2880.0
1572,Pehlivanköy,Kırklareli,2006,bugday,Buğday,46413.0,46413.0,317.0,14694.0
1572,Pehlivanköy,Kırklareli,2007,aycicegi_yaglik,Ayçiçeği (Yağlık),18302.0,18302.0,170.0,3105.0
1572,Pehlivanköy,Kırklareli,2007,bugday,Buğday,44286.0,44286.0,363.0,16083.0
1572,Pehlivanköy,Kırklareli,2008,aycicegi_yaglik,Ayçiçeği (Yağlık),18804.0,18804.0,186.0,3505.0
1572,Pehlivanköy,Kırklareli,2008,bugday,Buğday,45943.0,45943.0,374.0,17168.0
1572,Pehlivanköy,Kırklareli,2009,aycicegi_yaglik,Ayçiçeği (Yağlık),19968.0,19968.0,187.0,3737.0
1572,Pehlivanköy,Kırklareli,2009,bugday,Buğday,42942.0,42942.0,315.0,13511.0
1572,Pehlivanköy,Kırklareli,2010,aycicegi_yaglik,Ayçiçeği (Yağlık),22850.0,22850.0,175.0,4004.0
1572,Pehlivanköy,Kırklareli,2010,bugday,Buğday,42476.0,42476.0,280.0,11889.0
1572,Pehlivanköy,Kırklareli,2011,aycicegi_yaglik,Ayçiçeği (Yağlık),21672.0,21672.0,207.0,4478.0
1572,Pehlivanköy,Kırklareli,2011,bugday,Buğday,45152.0,45152.0,318.0,14359.0
1572,Pehlivanköy,Kırklareli,2012,aycicegi_yaglik,Ayçiçeği (Yağlık),16716.0,16716.0,276.0,4621.0
1572,Pehlivanköy,Kırklareli,2012,bugday,Buğday,41529.0,41529.0,396.0,16454.0
1572,Pehlivanköy,Kırklareli,2013,aycicegi_yaglik,Ayçiçeği (Yağlık),15234.0,15234.0,240.0,3663.0
1572,Pehlivanköy,Kırklareli,2013,bugday,Buğday,46432.0,46432.0,327.0,15175.0
1572,Pehlivanköy,Kırklareli,2014,aycicegi_yaglik,Ayçiçeği (Yağlık),17731.0,17731.0,279.0,4940.0
1572,Pehlivanköy,Kırklareli,2014,bugday,Buğday,49447.0,49447.0,433.0,21403.0
1572,Pehlivanköy,Kırklareli,2015,aycicegi_yaglik,Ayçiçeği (Yağlık),21487.0,21487.0,282.0,6069.0
1572,Pehlivanköy,Kırklareli,2015,bugday,Buğday,44430.0,44430.0,379.0,16837.0
1572,Pehlivanköy,Kırklareli,2016,aycicegi_yaglik,Ayçiçeği (Yağlık),23839.0,23839.0,192.0,4570.0
1572,Pehlivanköy,Kırklareli,2016,bugday,Buğday,43800.0,43800.0,389.0,17056.0
1572,Pehlivanköy,Kırklareli,2017,aycicegi_yaglik,Ayçiçeği (Yağlık),22530.0,22530.0,239.0,5380.0
1572,Pehlivanköy,Kırklareli,2017,bugday,Buğday,45600.0,45600.0,458.0,20890.0
1572,Pehlivanköy,Kırklareli,2018,aycicegi_yaglik,Ayçiçeği (Yağlık),23431.0,23431.0,307.0,7204.0
1572,Pehlivanköy,Kırklareli,2018,bugday,Buğday,43084.0,43084.0,343.0,14786.0
1572,Pehlivanköy,Kırklareli,2019,aycicegi_yaglik,Ayçiçeği (Yağlık),22741.0,22741.0,258.0,5873.0
1572,Pehlivanköy,Kırklareli,2019,bugday,Buğday,43000.0,43000.0,456.0,19614.0
1572,Pehlivanköy,Kırklareli,2020,aycicegi_yaglik,Ayçiçeği (Yağlık),21464.0,21464.0,325.0,6969.0
1572,Pehlivanköy,Kırklareli,2020,bugday,Buğday,41180.0,41180.0,391.0,16103.0
1572,Pehlivanköy,Kırklareli,2021,aycicegi_yaglik,Ayçiçeği (Yağlık),24280.0,24280.0,306.0,7440.0
1572,Pehlivanköy,Kırklareli,2021,bugday,Buğday,42000.0,42000.0,440.0,18460.0
1572,Pehlivanköy,Kırklareli,2022,aycicegi_yaglik,Ayçiçeği (Yağlık),29130.0,29130.0,296.0,8631.0
1572,Pehlivanköy,Kırklareli,2022,bugday,Buğday,38600.0,38600.0,398.0,15354.0
1572,Pehlivanköy,Kırklareli,2023,aycicegi_yaglik,Ayçiçeği (Yağlık),31650.0,31650.0,158.0,4991.0
1572,Pehlivanköy,Kırklareli,2023,bugday,Buğday,40800.0,40800.0,388.0,15844.0
1572,Pehlivanköy,Kırklareli,2024,aycicegi_yaglik,Ayçiçeği (Yağlık),32250.0,32250.0,177.0,5714.0
1572,Pehlivanköy,Kırklareli,2024,bugday,Buğday,41000.0,41000.0,371.0,15225.0
1572,Pehlivanköy,Kırklareli,2025,aycicegi_yaglik,Ayçiçeği (Yağlık),30920.0,30920.0,128.0,3958.0
1572,Pehlivanköy,Kırklareli,2025,bugday,Buğday,41000.0,41000.0,376.0,15426.0
1577,Pınarhisar,Kırklareli,2004,aycicegi_yaglik,Ayçiçeği (Yağlık),49100.0,49100.0,158.0,7756.0
1577,Pınarhisar,Kırklareli,2004,bugday,Buğday,121230.0,121230.0,282.0,34227.0
1577,Pınarhisar,Kırklareli,2005,aycicegi_yaglik,Ayçiçeği (Yağlık),50040.0,50040.0,149.0,7454.0
1577,Pınarhisar,Kırklareli,2005,bugday,Buğday,116550.0,116550.0,311.0,36304.0
1577,Pınarhisar,Kırklareli,2006,aycicegi_yaglik,Ayçiçeği (Yağlık),49070.0,49070.0,195.0,9566.0
1577,Pınarhisar,Kırklareli,2006,bugday,Buğday,111391.0,111391.0,303.0,33796.0
1577,Pınarhisar,Kırklareli,2007,aycicegi_yaglik,Ayçiçeği (Yağlık),59481.0,59481.0,161.0,9588.0
1577,Pınarhisar,Kırklareli,2007,bugday,Buğday,93000.0,93000.0,404.0,37527.0
1577,Pınarhisar,Kırklareli,2008,aycicegi_yaglik,Ayçiçeği (Yağlık),61113.0,61113.0,142.0,8657.0
1577,Pınarhisar,Kırklareli,2008,bugday,Buğday,96480.0,96480.0,398.0,38355.0
1577,Pınarhisar,Kırklareli,2009,aycicegi_yaglik,Ayçiçeği (Yağlık),59061.0,59061.0,187.0,11054.0
1577,Pınarhisar,Kırklareli,2009,bugday,Buğday,92081.0,92081.0,315.0,28971.0
1577,Pınarhisar,Kırklareli,2010,aycicegi_yaglik,Ayçiçeği (Yağlık),62400.0,62400.0,140.0,8749.0
1577,Pınarhisar,Kırklareli,2010,bugday,Buğday,81146.0,81146.0,315.0,25551.0
1577,Pınarhisar,Kırklareli,2011,aycicegi_yaglik,Ayçiçeği (Yağlık),58192.0,58192.0,206.0,11997.0
1577,Pınarhisar,Kırklareli,2011,bugday,Buğday,75871.0,75871.0,353.0,26808.0
1577,Pınarhisar,Kırklareli,2012,aycicegi_yaglik,Ayçiçeği (Yağlık),48161.0,48161.0,207.0,9966.0
1577,Pınarhisar,Kırklareli,2012,bugday,Buğday,68614.0,68614.0,378.0,25936.0
1577,Pınarhisar,Kırklareli,2013,aycicegi_yaglik,Ayçiçeği (Yağlık),58116.0,58116.0,250.0,14524.0
1577,Pınarhisar,Kırklareli,2013,bugday,Buğday,123682.0,123682.0,388.0,48044.0
1577,Pınarhisar,Kırklareli,2014,aycicegi_yaglik,Ayçiçeği (Yağlık),43420.0,43420.0,277.0,12031.0
1577,Pınarhisar,Kırklareli,2014,bugday,Buğday,135489.0,135489.0,428.0,58005.0
1577,Pınarhisar,Kırklareli,2015,aycicegi_yaglik,Ayçiçeği (Yağlık),36545.0,36545.0,244.0,8901.0
1577,Pınarhisar,Kırklareli,2015,bugday,Buğday,133768.0,133768.0,417.0,55807.0
1577,Pınarhisar,Kırklareli,2016,aycicegi_yaglik,Ayçiçeği (Yağlık),32287.0,32287.0,249.0,8042.0
1577,Pınarhisar,Kırklareli,2016,bugday,Buğday,133729.0,133729.0,449.0,60086.0
1577,Pınarhisar,Kırklareli,2017,aycicegi_yaglik,Ayçiçeği (Yağlık),36800.0,36800.0,292.0,10761.0
1577,Pınarhisar,Kırklareli,2017,bugday,Buğday,150000.0,150000.0,458.0,68717.0
1577,Pınarhisar,Kırklareli,2018,aycicegi_yaglik,Ayçiçeği (Yağlık),37127.0,37127.0,299.0,11107.0
1577,Pınarhisar,Kırklareli,2018,bugday,Buğday,147550.0,147550.0,305.0,45010.0
1577,Pınarhisar,Kırklareli,2019,aycicegi_yaglik,Ayçiçeği (Yağlık),56049.0,56049.0,300.0,16794.0
1577,Pınarhisar,Kırklareli,2019,bugday,Buğday,72000.0,72000.0,456.0,32842.0
1577,Pınarhisar,Kırklareli,2020,aycicegi_yaglik,Ayçiçeği (Yağlık),64705.0,64705.0,372.0,24050.0
1577,Pınarhisar,Kırklareli,2020,bugday,Buğday,80352.0,80352.0,352.0,28280.0
1577,Pınarhisar,Kırklareli,2021,aycicegi_yaglik,Ayçiçeği (Yağlık),69415.0,69415.0,201.0,13936.0
1577,Pınarhisar,Kırklareli,2021,bugday,Buğday,89350.0,89350.0,440.0,39272.0
1577,Pınarhisar,Kırklareli,2022,aycicegi_yaglik,Ayçiçeği (Yağlık),80184.0,80184.0,194.0,15545.0
1577,Pınarhisar,Kırklareli,2022,bugday,Buğday,76000.0,76000.0,398.0,30230.0
1577,Pınarhisar,Kırklareli,2023,aycicegi_yaglik,Ayçiçeği (Yağlık),72986.0,72986.0,188.0,13754.0
1577,Pınarhisar,Kırklareli,2023,bugday,Buğday,85800.0,85800.0,373.0,32037.0
1577,Pınarhisar,Kırklareli,2024,aycicegi_yaglik,Ayçiçeği (Yağlık),76706.0,76706.0,182.0,13970.0
1577,Pınarhisar,Kırklareli,2024,bugday,Buğday,85800.0,85800.0,408.0,35047.0
1577,Pınarhisar,Kırklareli,2025,aycicegi_yaglik,Ayçiçeği (Yağlık),75756.0,75756.0,103.0,7824.0
1577,Pınarhisar,Kırklareli,2025,bugday,Buğday,86000.0,86000.0,335.0,28797.0
1714,Vize,Kırklareli,2004,aycicegi_yaglik,Ayçiçeği (Yağlık),57940.0,57940.0,149.0,8658.0
1714,Vize,Kırklareli,2004,bugday,Buğday,116380.0,116380.0,363.0,42246.0
1714,Vize,Kırklareli,2005,aycicegi_yaglik,Ayçiçeği (Yağlık),57890.0,57890.0,164.0,9486.0
1714,Vize,Kırklareli,2005,bugday,Buğday,116550.0,111690.0,350.0,39140.0
1714,Vize,Kırklareli,2006,aycicegi_yaglik,Ayçiçeği (Yağlık),64994.0,64994.0,153.0,9917.0
1714,Vize,Kırklareli,2006,bugday,Buğday,102108.0,102108.0,317.0,32327.0
1714,Vize,Kırklareli,2007,aycicegi_yaglik,Ayçiçeği (Yağlık),71377.0,71377.0,170.0,12111.0
1714,Vize,Kırklareli,2007,bugday,Buğday,93000.0,93000.0,404.0,37527.0
1714,Vize,Kırklareli,2008,aycicegi_yaglik,Ayçiçeği (Yağlık),64404.0,64404.0,171.0,11044.0
1714,Vize,Kırklareli,2008,bugday,Buğday,101074.0,101074.0,437.0,44200.0
1714,Vize,Kırklareli,2009,aycicegi_yaglik,Ayçiçeği (Yağlık),67499.0,67499.0,187.0,12633.0
1714,Vize,Kırklareli,2009,bugday,Buğday,97393.0,97393.0,350.0,34047.0
1714,Vize,Kırklareli,2010,aycicegi_yaglik,Ayçiçeği (Yağlık),71500.0,71500.0,210.0,15020.0
1714,Vize,Kırklareli,2010,bugday,Buğday,99580.0,99580.0,315.0,31355.0
1714,Vize,Kırklareli,2011,aycicegi_yaglik,Ayçiçeği (Yağlık),65998.0,65998.0,206.0,13623.0
1714,Vize,Kırklareli,2011,bugday,Buğday,106404.0,106404.0,367.0,39101.0
1714,Vize,Kırklareli,2012,aycicegi_yaglik,Ayçiçeği (Yağlık),51917.0,51917.0,196.0,10154.0
1714,Vize,Kırklareli,2012,bugday,Buğday,98407.0,98407.0,379.0,37345.0
1714,Vize,Kırklareli,2013,aycicegi_yaglik,Ayçiçeği (Yağlık),50492.0,50492.0,261.0,13184.0
1714,Vize,Kırklareli,2013,bugday,Buğday,100609.0,100609.0,366.0,36776.0
1714,Vize,Kırklareli,2014,aycicegi_yaglik,Ayçiçeği (Yağlık),62939.0,62939.0,214.0,13485.0
1714,Vize,Kırklareli,2014,bugday,Buğday,103992.0,103992.0,390.0,40562.0
1714,Vize,Kırklareli,2015,aycicegi_yaglik,Ayçiçeği (Yağlık),71367.0,71367.0,244.0,17449.0
1714,Vize,Kırklareli,2015,bugday,Buğday,96758.0,96758.0,417.0,40334.0
1714,Vize,Kırklareli,2016,aycicegi_yaglik,Ayçiçeği (Yağlık),76698.0,76698.0,232.0,17768.0
1714,Vize,Kırklareli,2016,bugday,Buğday,98000.0,98000.0,412.0,40363.0
1714,Vize,Kırklareli,2017,aycicegi_yaglik,Ayçiçeği (Yağlık),70700.0,70700.0,245.0,17317.0
1714,Vize,Kırklareli,2017,bugday,Buğday,104000.0,104000.0,420.0,43674.0
1714,Vize,Kırklareli,2018,aycicegi_yaglik,Ayçiçeği (Yağlık),73024.0,73024.0,251.0,18347.0
1714,Vize,Kırklareli,2018,bugday,Buğday,104269.0,104269.0,381.0,39759.0
1714,Vize,Kırklareli,2019,aycicegi_yaglik,Ayçiçeği (Yağlık),65063.0,65063.0,253.0,16436.0
1714,Vize,Kırklareli,2019,bugday,Buğday,110000.0,110000.0,380.0,41813.0
1714,Vize,Kırklareli,2020,aycicegi_yaglik,Ayçiçeği (Yağlık),67040.0,67040.0,269.0,18032.0
1714,Vize,Kırklareli,2020,bugday,Buğday,111991.0,111991.0,430.0,48173.0
1714,Vize,Kırklareli,2021,aycicegi_yaglik,Ayçiçeği (Yağlık),76200.0,76200.0,277.0,21100.0
1714,Vize,Kırklareli,2021,bugday,Buğday,110000.0,110000.0,483.0,53184.0
1714,Vize,Kırklareli,2022,aycicegi_yaglik,Ayçiçeği (Yağlık),80105.0,80105.0,235.0,18842.0
1714,Vize,Kırklareli,2022,bugday,Buğday,105000.0,105000.0,438.0,45942.0
1714,Vize,Kırklareli,2023,aycicegi_yaglik,Ayçiçeği (Yağlık),81650.0,81650.0,190.0,15478.0
1714,Vize,Kırklareli,2023,bugday,Buğday,108000.0,108000.0,411.0,44359.0
1714,Vize,Kırklareli,2024,aycicegi_yaglik,Ayçiçeği (Yağlık),76650.0,76650.0,186.0,14237.0
1714,Vize,Kırklareli,2024,bugday,Buğday,105000.0,104500.0,408.0,42686.0
1714,Vize,Kırklareli,2025,aycicegi_yaglik,Ayçiçeği (Yağlık),79650.0,79650.0,154.0,12234.0
1714,Vize,Kırklareli,2025,bugday,Buğday,110200.0,110200.0,324.0,35675.0
2094,Ergene,Tekirdağ,2013,aycicegi_yaglik,Ayçiçeği (Yağlık),45080.0,45080.0,243.0,10939.0
2094,Ergene,Tekirdağ,2013,bugday,Buğday,82023.0,82023.0,389.0,31942.0
2094,Ergene,Tekirdağ,2014,aycicegi_yaglik,Ayçiçeği (Yağlık),99650.0,99650.0,231.0,22995.0
2094,Ergene,Tekirdağ,2014,bugday,Buğday,154931.0,154931.0,428.0,66351.0
2094,Ergene,Tekirdağ,2015,aycicegi_yaglik,Ayçiçeği (Yağlık),101792.0,101792.0,233.0,23756.0
2094,Ergene,Tekirdağ,2015,bugday,Buğday,162909.0,162909.0,455.0,74082.0
2094,Ergene,Tekirdağ,2016,aycicegi_yaglik,Ayçiçeği (Yağlık),125196.0,125196.0,226.0,28314.0
2094,Ergene,Tekirdağ,2016,bugday,Buğday,161000.0,161000.0,449.0,72340.0
2094,Ergene,Tekirdağ,2017,aycicegi_yaglik,Ayçiçeği (Yağlık),133300.0,133300.0,244.0,32512.0
2094,Ergene,Tekirdağ,2017,bugday,Buğday,158315.0,158315.0,458.0,72527.0
2094,Ergene,Tekirdağ,2018,aycicegi_yaglik,Ayçiçeği (Yağlık),134311.0,134311.0,230.0,30864.0
2094,Ergene,Tekirdağ,2018,bugday,Buğday,152894.0,152894.0,351.0,53637.0
2094,Ergene,Tekirdağ,2019,aycicegi_yaglik,Ayçiçeği (Yağlık),121158.0,121158.0,260.0,31452.0
2094,Ergene,Tekirdağ,2019,bugday,Buğday,156368.0,156368.0,456.0,71325.0
2094,Ergene,Tekirdağ,2019,bugday_hasil,Buğday (Hasıl/Yeşilot),30.0,30.0,3000.0,90.0
2094,Ergene,Tekirdağ,2020,aycicegi_yaglik,Ayçiçeği (Yağlık),122127.0,122127.0,256.0,31236.0
2094,Ergene,Tekirdağ,2020,bugday,Buğday,159782.0,159782.0,430.0,68732.0
2094,Ergene,Tekirdağ,2021,aycicegi_yaglik,Ayçiçeği (Yağlık),143503.0,143503.0,240.0,34402.0
2094,Ergene,Tekirdağ,2021,bugday,Buğday,153410.0,153410.0,545.0,83612.0
2094,Ergene,Tekirdağ,2022,aycicegi_yaglik,Ayçiçeği (Yağlık),143889.0,143889.0,193.0,27733.0
2094,Ergene,Tekirdağ,2022,bugday,Buğday,153710.0,153710.0,438.0,67255.0
2094,Ergene,Tekirdağ,2023,aycicegi_yaglik,Ayçiçeği (Yağlık),144196.0,144196.0,108.0,15564.0
2094,Ergene,Tekirdağ,2023,bugday,Buğday,154010.0,154010.0,336.0,51756.0
2094,Ergene,Tekirdağ,2024,aycicegi_yaglik,Ayçiçeği (Yağlık),142466.0,142466.0,149.0,21240.0
2094,Ergene,Tekirdağ,2024,bugday,Buğday,152010.0,152010.0,371.0,56448.0
2094,Ergene,Tekirdağ,2025,aycicegi_yaglik,Ayçiçeği (Yağlık),140504.0,140504.0,100.0,14110.0
2094,Ergene,Tekirdağ,2025,bugday,Buğday,150054.0,150054.0,226.0,33874.0
1388,Hayrabolu,Tekirdağ,2004,aycicegi_yaglik,Ayçiçeği (Yağlık),270060.0,270060.0,167.0,44968.0
1388,Hayrabolu,Tekirdağ,2004,bugday,Buğday,332940.0,332940.0,484.0,161141.0
1388,Hayrabolu,Tekirdağ,2005,aycicegi_yaglik,Ayçiçeği (Yağlık),269810.0,269810.0,201.0,54261.0
1388,Hayrabolu,Tekirdağ,2005,bugday,Buğday,333420.0,333420.0,467.0,155784.0
1388,Hayrabolu,Tekirdağ,2006,aycicegi_yaglik,Ayçiçeği (Yağlık),281042.0,281042.0,229.0,64324.0
1388,Hayrabolu,Tekirdağ,2006,bugday,Buğday,281726.0,281726.0,297.0,83618.0
1388,Hayrabolu,Tekirdağ,2007,aycicegi_yaglik,Ayçiçeği (Yağlık),246568.0,246568.0,119.0,29286.0
1388,Hayrabolu,Tekirdağ,2007,bugday,Buğday,267008.0,267008.0,444.0,118516.0
1388,Hayrabolu,Tekirdağ,2008,aycicegi_yaglik,Ayçiçeği (Yağlık),268429.0,268429.0,186.0,50031.0
1388,Hayrabolu,Tekirdağ,2008,bugday,Buğday,266468.0,266468.0,477.0,127120.0
1388,Hayrabolu,Tekirdağ,2009,aycicegi_yaglik,Ayçiçeği (Yağlık),257807.0,257807.0,187.0,48253.0
1388,Hayrabolu,Tekirdağ,2009,bugday,Buğday,265618.0,265618.0,357.0,94713.0
1388,Hayrabolu,Tekirdağ,2010,aycicegi_yaglik,Ayçiçeği (Yağlık),253000.0,253000.0,194.0,49000.0
1388,Hayrabolu,Tekirdağ,2010,bugday,Buğday,229123.0,229123.0,294.0,67335.0
1388,Hayrabolu,Tekirdağ,2011,aycicegi_yaglik,Ayçiçeği (Yağlık),211906.0,211906.0,182.0,38531.0
1388,Hayrabolu,Tekirdağ,2011,bugday,Buğday,250652.0,250652.0,318.0,79709.0
1388,Hayrabolu,Tekirdağ,2012,aycicegi_yaglik,Ayçiçeği (Yağlık),203545.0,203545.0,175.0,35614.0
1388,Hayrabolu,Tekirdağ,2012,bugday,Buğday,235516.0,235516.0,500.0,117758.0
1388,Hayrabolu,Tekirdağ,2013,aycicegi_yaglik,Ayçiçeği (Yağlık),190940.0,190940.0,241.0,45966.0
1388,Hayrabolu,Tekirdağ,2013,bugday,Buğday,325593.0,325593.0,388.0,126330.0
1388,Hayrabolu,Tekirdağ,2014,aycicegi_yaglik,Ayçiçeği (Yağlık),300550.0,300550.0,231.0,69367.0
1388,Hayrabolu,Tekirdağ,2014,bugday,Buğday,317974.0,317974.0,444.0,141129.0
1388,Hayrabolu,Tekirdağ,2015,aycicegi_yaglik,Ayçiçeği (Yağlık),292776.0,292776.0,194.0,56929.0
1388,Hayrabolu,Tekirdağ,2015,bugday,Buğday,350502.0,350502.0,379.0,132824.0
1388,Hayrabolu,Tekirdağ,2016,aycicegi_yaglik,Ayçiçeği (Yağlık),309890.0,309890.0,208.0,64468.0
1388,Hayrabolu,Tekirdağ,2016,bugday,Buğday,350000.0,350000.0,412.0,144155.0
1388,Hayrabolu,Tekirdağ,2017,aycicegi_yaglik,Ayçiçeği (Yağlık),353974.0,353974.0,239.0,84702.0
1388,Hayrabolu,Tekirdağ,2017,bugday,Buğday,368981.0,368981.0,458.0,169037.0
1388,Hayrabolu,Tekirdağ,2018,aycicegi_yaglik,Ayçiçeği (Yağlık),303831.0,302366.0,250.0,75592.0
1388,Hayrabolu,Tekirdağ,2018,bugday,Buğday,385759.0,385759.0,343.0,132386.0
1388,Hayrabolu,Tekirdağ,2019,aycicegi_yaglik,Ayçiçeği (Yağlık),302367.0,302367.0,270.0,81616.0
1388,Hayrabolu,Tekirdağ,2019,bugday,Buğday,354840.0,354840.0,456.0,161856.0
1388,Hayrabolu,Tekirdağ,2019,bugday_hasil,Buğday (Hasıl/Yeşilot),530.0,530.0,2500.0,1325.0
1388,Hayrabolu,Tekirdağ,2020,aycicegi_yaglik,Ayçiçeği (Yağlık),305423.0,305423.0,233.0,71265.0
1388,Hayrabolu,Tekirdağ,2020,bugday,Buğday,384479.0,384479.0,394.0,151350.0
1388,Hayrabolu,Tekirdağ,2021,aycicegi_yaglik,Ayçiçeği (Yağlık),350935.0,350935.0,230.0,80570.0
1388,Hayrabolu,Tekirdağ,2021,bugday,Buğday,377647.0,377647.0,483.0,182588.0
1388,Hayrabolu,Tekirdağ,2022,aycicegi_yaglik,Ayçiçeği (Yağlık),361085.0,361085.0,193.0,69666.0
1388,Hayrabolu,Tekirdağ,2022,bugday,Buğday,370279.0,370279.0,406.0,150231.0
1388,Hayrabolu,Tekirdağ,2023,aycicegi_yaglik,Ayçiçeği (Yağlık),372316.0,372316.0,113.0,41946.0
1388,Hayrabolu,Tekirdağ,2023,bugday,Buğday,380225.0,380225.0,344.0,130616.0
1388,Hayrabolu,Tekirdağ,2024,aycicegi_yaglik,Ayçiçeği (Yağlık),342272.0,342272.0,181.0,61889.0
1388,Hayrabolu,Tekirdağ,2024,bugday,Buğday,382453.0,382453.0,386.0,147701.0
1388,Hayrabolu,Tekirdağ,2025,aycicegi_yaglik,Ayçiçeği (Yağlık),361918.0,361918.0,132.0,47622.0
1388,Hayrabolu,Tekirdağ,2025,bugday,Buğday,380824.0,380824.0,339.0,128952.0
2095,Kapaklı,Tekirdağ,2013,aycicegi_yaglik,Ayçiçeği (Yağlık),13020.0,13020.0,246.0,3200.0
2095,Kapaklı,Tekirdağ,2013,bugday,Buğday,25487.0,25487.0,392.0,9987.0
2095,Kapaklı,Tekirdağ,2014,aycicegi_yaglik,Ayçiçeği (Yağlık),26680.0,26680.0,208.0,5541.0
2095,Kapaklı,Tekirdağ,2014,bugday,Buğday,47496.0,47496.0,428.0,20341.0
2095,Kapaklı,Tekirdağ,2015,aycicegi_yaglik,Ayçiçeği (Yağlık),35046.0,35046.0,195.0,6820.0
2095,Kapaklı,Tekirdağ,2015,bugday,Buğday,59240.0,59240.0,379.0,22449.0
2095,Kapaklı,Tekirdağ,2016,aycicegi_yaglik,Ayçiçeği (Yağlık),34334.0,34334.0,199.0,6835.0
2095,Kapaklı,Tekirdağ,2016,bugday,Buğday,64000.0,64000.0,412.0,26360.0
2095,Kapaklı,Tekirdağ,2017,aycicegi_yaglik,Ayçiçeği (Yağlık),34344.0,34344.0,244.0,8383.0
2095,Kapaklı,Tekirdağ,2017,bugday,Buğday,64000.0,64000.0,420.0,26876.0
2095,Kapaklı,Tekirdağ,2018,aycicegi_yaglik,Ayçiçeği (Yağlık),38275.0,38275.0,240.0,9186.0
2095,Kapaklı,Tekirdağ,2018,bugday,Buğday,58922.0,58922.0,290.0,17075.0
2095,Kapaklı,Tekirdağ,2019,aycicegi_yaglik,Ayçiçeği (Yağlık),34462.0,34462.0,250.0,8616.0
2095,Kapaklı,Tekirdağ,2019,bugday,Buğday,58000.0,58000.0,380.0,22047.0
2095,Kapaklı,Tekirdağ,2020,aycicegi_yaglik,Ayçiçeği (Yağlık),34000.0,34000.0,245.0,8341.0
2095,Kapaklı,Tekirdağ,2020,bugday,Buğday,59673.0,59673.0,391.0,23335.0
2095,Kapaklı,Tekirdağ,2021,aycicegi_yaglik,Ayçiçeği (Yağlık),40935.0,40935.0,220.0,9006.0
2095,Kapaklı,Tekirdağ,2021,bugday,Buğday,54709.0,54709.0,527.0,28856.0
2095,Kapaklı,Tekirdağ,2022,aycicegi_yaglik,Ayçiçeği (Yağlık),41288.0,41288.0,174.0,7171.0
2095,Kapaklı,Tekirdağ,2022,bugday,Buğday,53574.0,53574.0,398.0,21310.0
2095,Kapaklı,Tekirdağ,2023,aycicegi_yaglik,Ayçiçeği (Yağlık),41169.0,41169.0,107.0,4391.0
2095,Kapaklı,Tekirdağ,2023,bugday,Buğday,53677.0,53677.0,358.0,19241.0
2095,Kapaklı,Tekirdağ,2024,aycicegi_yaglik,Ayçiçeği (Yağlık),42400.0,42400.0,150.0,6343.0
2095,Kapaklı,Tekirdağ,2024,bugday,Buğday,54922.0,54922.0,371.0,20395.0
2095,Kapaklı,Tekirdağ,2025,aycicegi_yaglik,Ayçiçeği (Yağlık),43858.0,43858.0,130.0,5719.0
2095,Kapaklı,Tekirdağ,2025,bugday,Buğday,50554.0,50554.0,339.0,17118.0
1511,Malkara,Tekirdağ,2004,aycicegi_yaglik,Ayçiçeği (Yağlık),296580.0,296580.0,188.0,55714.0
1511,Malkara,Tekirdağ,2004,bugday,Buğday,300650.0,300650.0,415.0,124900.0
1511,Malkara,Tekirdağ,2005,aycicegi_yaglik,Ayçiçeği (Yağlık),295310.0,292380.0,194.0,56621.0
1511,Malkara,Tekirdağ,2005,bugday,Buğday,306920.0,304000.0,311.0,94692.0
1511,Malkara,Tekirdağ,2006,aycicegi_yaglik,Ayçiçeği (Yağlık),296410.0,296410.0,220.0,65326.0
1511,Malkara,Tekirdağ,2006,bugday,Buğday,293329.0,293329.0,317.0,92867.0
1511,Malkara,Tekirdağ,2007,aycicegi_yaglik,Ayçiçeği (Yağlık),301977.0,301977.0,136.0,40992.0
1511,Malkara,Tekirdağ,2007,bugday,Buğday,265715.0,265715.0,444.0,117942.0
1511,Malkara,Tekirdağ,2008,aycicegi_yaglik,Ayçiçeği (Yağlık),291464.0,291464.0,186.0,54325.0
1511,Malkara,Tekirdağ,2008,bugday,Buğday,294034.0,294034.0,445.0,130919.0
1511,Malkara,Tekirdağ,2009,aycicegi_yaglik,Ayçiçeği (Yağlık),290619.0,290619.0,172.0,50042.0
1511,Malkara,Tekirdağ,2009,bugday,Buğday,278899.0,278899.0,350.0,97499.0
1511,Malkara,Tekirdağ,2010,aycicegi_yaglik,Ayçiçeği (Yağlık),315000.0,315000.0,193.0,60726.0
1511,Malkara,Tekirdağ,2010,bugday,Buğday,273185.0,273185.0,350.0,95577.0
1511,Malkara,Tekirdağ,2011,aycicegi_yaglik,Ayçiçeği (Yağlık),303411.0,303411.0,198.0,60184.0
1511,Malkara,Tekirdağ,2011,bugday,Buğday,286829.0,286829.0,389.0,111483.0
1511,Malkara,Tekirdağ,2012,aycicegi_yaglik,Ayçiçeği (Yağlık),220923.0,220923.0,180.0,39863.0
1511,Malkara,Tekirdağ,2012,bugday,Buğday,274768.0,274768.0,500.0,137384.0
1511,Malkara,Tekirdağ,2013,aycicegi_yaglik,Ayçiçeği (Yağlık),199438.0,199438.0,240.0,47929.0
1511,Malkara,Tekirdağ,2013,bugday,Buğday,284775.0,284775.0,388.0,110493.0
1511,Malkara,Tekirdağ,2014,aycicegi_yaglik,Ayçiçeği (Yağlık),214221.0,214221.0,226.0,48450.0
1511,Malkara,Tekirdağ,2014,bugday,Buğday,314974.0,314974.0,440.0,138571.0
1511,Malkara,Tekirdağ,2015,aycicegi_yaglik,Ayçiçeği (Yağlık),232477.0,232477.0,185.0,43034.0
1511,Malkara,Tekirdağ,2015,bugday,Buğday,383084.0,383084.0,379.0,145171.0
1511,Malkara,Tekirdağ,2016,aycicegi_yaglik,Ayçiçeği (Yağlık),263305.0,263305.0,177.0,46565.0
1511,Malkara,Tekirdağ,2016,bugday,Buğday,383733.0,383733.0,434.0,166669.0
1511,Malkara,Tekirdağ,2017,aycicegi_yaglik,Ayçiçeği (Yağlık),287350.0,287350.0,225.0,64555.0
1511,Malkara,Tekirdağ,2017,bugday,Buğday,373150.0,373150.0,450.0,168098.0
1511,Malkara,Tekirdağ,2018,aycicegi_yaglik,Ayçiçeği (Yağlık),292364.0,292364.0,241.0,70320.0
1511,Malkara,Tekirdağ,2018,bugday,Buğday,360542.0,360542.0,320.0,115483.0
1511,Malkara,Tekirdağ,2019,aycicegi_yaglik,Ayçiçeği (Yağlık),257128.0,257128.0,250.0,64394.0
1511,Malkara,Tekirdağ,2019,bugday,Buğday,367388.0,367388.0,464.0,170372.0
1511,Malkara,Tekirdağ,2019,bugday_hasil,Buğday (Hasıl/Yeşilot),8000.0,8000.0,3000.0,24000.0
1511,Malkara,Tekirdağ,2020,aycicegi_yaglik,Ayçiçeği (Yağlık),281844.0,281844.0,246.0,69325.0
1511,Malkara,Tekirdağ,2020,bugday,Buğday,373403.0,373403.0,380.0,141720.0
1511,Malkara,Tekirdağ,2020,bugday_hasil,Buğday (Hasıl/Yeşilot),3200.0,3200.0,2500.0,8000.0
1511,Malkara,Tekirdağ,2021,aycicegi_yaglik,Ayçiçeği (Yağlık),329650.0,329650.0,240.0,78955.0
1511,Malkara,Tekirdağ,2021,bugday,Buğday,367893.0,367893.0,527.0,194042.0
1511,Malkara,Tekirdağ,2021,bugday_hasil,Buğday (Hasıl/Yeşilot),3200.0,3200.0,2500.0,8000.0
1511,Malkara,Tekirdağ,2022,aycicegi_yaglik,Ayçiçeği (Yağlık),334835.0,334835.0,193.0,64729.0
1511,Malkara,Tekirdağ,2022,bugday,Buğday,375000.0,375000.0,398.0,149163.0
1511,Malkara,Tekirdağ,2022,bugday_hasil,Buğday (Hasıl/Yeşilot),1000.0,1000.0,2600.0,2600.0
1511,Malkara,Tekirdağ,2023,aycicegi_yaglik,Ayçiçeği (Yağlık),346174.0,346174.0,149.0,51434.0
1511,Malkara,Tekirdağ,2023,bugday,Buğday,385846.0,385846.0,373.0,144072.0
1511,Malkara,Tekirdağ,2023,bugday_hasil,Buğday (Hasıl/Yeşilot),700.0,700.0,2400.0,1680.0
1511,Malkara,Tekirdağ,2024,aycicegi_yaglik,Ayçiçeği (Yağlık),347086.0,347086.0,180.0,62649.0
1511,Malkara,Tekirdağ,2024,bugday,Buğday,381134.0,381134.0,438.0,167003.0
1511,Malkara,Tekirdağ,2024,bugday_hasil,Buğday (Hasıl/Yeşilot),700.0,700.0,2500.0,1750.0
1511,Malkara,Tekirdağ,2025,aycicegi_yaglik,Ayçiçeği (Yağlık),349353.0,349353.0,151.0,52859.0
1511,Malkara,Tekirdağ,2025,bugday,Buğday,383139.0,383139.0,414.0,158566.0
1511,Malkara,Tekirdağ,2025,bugday_hasil,Buğday (Hasıl/Yeşilot),1100.0,1100.0,2400.0,2640.0
1825,Marmaraereğlisi,Tekirdağ,2004,aycicegi_yaglik,Ayçiçeği (Yağlık),52290.0,52290.0,256.0,13396.0
1825,Marmaraereğlisi,Tekirdağ,2004,bugday,Buğday,87290.0,87290.0,444.0,38726.0
1825,Marmaraereğlisi,Tekirdağ,2005,aycicegi_yaglik,Ayçiçeği (Yağlık),47090.0,47090.0,223.0,10523.0
1825,Marmaraereğlisi,Tekirdağ,2005,bugday,Buğday,87410.0,87410.0,428.0,37438.0
1825,Marmaraereğlisi,Tekirdağ,2006,aycicegi_yaglik,Ayçiçeği (Yağlık),45692.0,45692.0,203.0,9296.0
1825,Marmaraereğlisi,Tekirdağ,2006,bugday,Buğday,85400.0,85400.0,356.0,30417.0
1825,Marmaraereğlisi,Tekirdağ,2007,aycicegi_yaglik,Ayçiçeği (Yağlık),43924.0,43924.0,85.0,3726.0
1825,Marmaraereğlisi,Tekirdağ,2007,bugday,Buğday,79715.0,79715.0,444.0,35383.0
1825,Marmaraereğlisi,Tekirdağ,2008,aycicegi_yaglik,Ayçiçeği (Yağlık),44190.0,44190.0,186.0,8236.0
1825,Marmaraereğlisi,Tekirdağ,2008,bugday,Buğday,82697.0,82697.0,477.0,39451.0
1825,Marmaraereğlisi,Tekirdağ,2009,aycicegi_yaglik,Ayçiçeği (Yağlık),32812.0,32812.0,187.0,6141.0
1825,Marmaraereğlisi,Tekirdağ,2009,bugday,Buğday,70831.0,70831.0,350.0,24762.0
1825,Marmaraereğlisi,Tekirdağ,2010,aycicegi_yaglik,Ayçiçeği (Yağlık),36168.0,36168.0,210.0,7606.0
1825,Marmaraereğlisi,Tekirdağ,2010,bugday,Buğday,69618.0,69618.0,339.0,23626.0
1825,Marmaraereğlisi,Tekirdağ,2011,aycicegi_yaglik,Ayçiçeği (Yağlık),36602.0,36602.0,231.0,8470.0
1825,Marmaraereğlisi,Tekirdağ,2011,bugday,Buğday,75381.0,75381.0,353.0,26635.0
1825,Marmaraereğlisi,Tekirdağ,2012,aycicegi_yaglik,Ayçiçeği (Yağlık),27469.0,27469.0,176.0,4831.0
1825,Marmaraereğlisi,Tekirdağ,2012,bugday,Buğday,77131.0,77131.0,500.0,38566.0
1825,Marmaraereğlisi,Tekirdağ,2013,aycicegi_yaglik,Ayçiçeği (Yağlık),25410.0,25410.0,240.0,6098.0
1825,Marmaraereğlisi,Tekirdağ,2013,bugday,Buğday,74300.0,74300.0,388.0,28828.0
1825,Marmaraereğlisi,Tekirdağ,2014,aycicegi_yaglik,Ayçiçeği (Yağlık),26680.0,26680.0,222.0,5910.0
1825,Marmaraereğlisi,Tekirdağ,2014,bugday,Buğday,76126.0,76126.0,428.0,32602.0
1825,Marmaraereğlisi,Tekirdağ,2015,aycicegi_yaglik,Ayçiçeği (Yağlık),34017.0,34017.0,224.0,7613.0
1825,Marmaraereğlisi,Tekirdağ,2015,bugday,Buğday,78986.0,78986.0,477.0,37714.0
1825,Marmaraereğlisi,Tekirdağ,2016,aycicegi_yaglik,Ayçiçeği (Yağlık),35414.0,35414.0,199.0,7050.0
1825,Marmaraereğlisi,Tekirdağ,2016,bugday,Buğday,85000.0,85000.0,472.0,40101.0
1825,Marmaraereğlisi,Tekirdağ,2017,aycicegi_yaglik,Ayçiçeği (Yağlık),39015.0,39015.0,264.0,10285.0
1825,Marmaraereğlisi,Tekirdağ,2017,bugday,Buğday,85000.0,85000.0,527.0,44781.0
1825,Marmaraereğlisi,Tekirdağ,2018,aycicegi_yaglik,Ayçiçeği (Yağlık),37582.0,37582.0,250.0,9395.0
1825,Marmaraereğlisi,Tekirdağ,2018,bugday,Buğday,82196.0,82196.0,366.0,30089.0
1825,Marmaraereğlisi,Tekirdağ,2019,aycicegi_yaglik,Ayçiçeği (Yağlık),31773.0,31773.0,225.0,7149.0
1825,Marmaraereğlisi,Tekirdağ,2019,bugday,Buğday,83018.0,83018.0,509.0,42285.0
1825,Marmaraereğlisi,Tekirdağ,2019,bugday_hasil,Buğday (Hasıl/Yeşilot),75.0,75.0,2507.0,188.0
1825,Marmaraereğlisi,Tekirdağ,2020,aycicegi_yaglik,Ayçiçeği (Yağlık),37485.0,37485.0,235.0,8797.0
1825,Marmaraereğlisi,Tekirdağ,2020,bugday,Buğday,80446.0,80446.0,407.0,32718.0
1825,Marmaraereğlisi,Tekirdağ,2020,bugday_hasil,Buğday (Hasıl/Yeşilot),80.0,80.0,3000.0,240.0
1825,Marmaraereğlisi,Tekirdağ,2021,aycicegi_yaglik,Ayçiçeği (Yağlık),44640.0,44640.0,265.0,11830.0
1825,Marmaraereğlisi,Tekirdağ,2021,bugday,Buğday,78259.0,78259.0,589.0,46093.0
1825,Marmaraereğlisi,Tekirdağ,2022,aycicegi_cerezlik,Ayçiçeği (Çerezlik),15.0,15.0,200.0,3.0
1825,Marmaraereğlisi,Tekirdağ,2022,aycicegi_yaglik,Ayçiçeği (Yağlık),47823.0,47823.0,212.0,10162.0
1825,Marmaraereğlisi,Tekirdağ,2022,bugday,Buğday,79857.0,79857.0,461.0,36847.0
1825,Marmaraereğlisi,Tekirdağ,2023,aycicegi_yaglik,Ayçiçeği (Yağlık),50400.0,50400.0,135.0,6820.0
1825,Marmaraereğlisi,Tekirdağ,2023,bugday,Buğday,82279.0,82279.0,373.0,30723.0
1825,Marmaraereğlisi,Tekirdağ,2024,aycicegi_yaglik,Ayçiçeği (Yağlık),44590.0,44590.0,165.0,7370.0
1825,Marmaraereğlisi,Tekirdağ,2024,bugday,Buğday,77513.0,77513.0,431.0,33390.0
1825,Marmaraereğlisi,Tekirdağ,2025,aycicegi_yaglik,Ayçiçeği (Yağlık),42793.0,42793.0,131.0,5598.0
1825,Marmaraereğlisi,Tekirdağ,2025,bugday,Buğday,77449.0,77449.0,433.0,33510.0
1673,Merkez,Tekirdağ,2004,aycicegi_yaglik,Ayçiçeği (Yağlık),272520.0,272520.0,162.0,44212.0
1673,Merkez,Tekirdağ,2004,bugday,Buğday,358840.0,358840.0,403.0,144732.0
1673,Merkez,Tekirdağ,2005,aycicegi_yaglik,Ayçiçeği (Yağlık),274720.0,274720.0,197.0,54225.0
1673,Merkez,Tekirdağ,2005,bugday,Buğday,362770.0,362770.0,428.0,155368.0
1673,Merkez,Tekirdağ,2006,aycicegi_yaglik,Ayçiçeği (Yağlık),280654.0,280654.0,212.0,59477.0
1673,Merkez,Tekirdağ,2006,bugday,Buğday,343455.0,343455.0,356.0,122329.0
1673,Merkez,Tekirdağ,2007,aycicegi_cerezlik,Ayçiçeği (Çerezlik),10.0,10.0,200.0,2.0
1673,Merkez,Tekirdağ,2007,aycicegi_yaglik,Ayçiçeği (Yağlık),266290.0,266290.0,136.0,36146.0
1673,Merkez,Tekirdağ,2007,bugday,Buğday,318858.0,318858.0,404.0,128664.0
1673,Merkez,Tekirdağ,2008,aycicegi_yaglik,Ayçiçeği (Yağlık),250565.0,250565.0,186.0,46702.0
1673,Merkez,Tekirdağ,2008,bugday,Buğday,335383.0,335383.0,437.0,146663.0
1673,Merkez,Tekirdağ,2009,aycicegi_yaglik,Ayçiçeği (Yağlık),247495.0,247495.0,180.0,44470.0
1673,Merkez,Tekirdağ,2009,bugday,Buğday,324054.0,324054.0,385.0,124613.0
1673,Merkez,Tekirdağ,2010,aycicegi_yaglik,Ayçiçeği (Yağlık),265000.0,265000.0,175.0,46443.0
1673,Merkez,Tekirdağ,2010,bugday,Buğday,317247.0,317247.0,301.0,95453.0
1673,Merkez,Tekirdağ,2011,aycicegi_yaglik,Ayçiçeği (Yağlık),250434.0,250434.0,190.0,47606.0
1673,Merkez,Tekirdağ,2011,bugday,Buğday,323840.0,323840.0,353.0,114426.0
1673,Merkez,Tekirdağ,2012,aycicegi_yaglik,Ayçiçeği (Yağlık),188153.0,188153.0,158.0,29770.0
1673,Merkez,Tekirdağ,2012,bugday,Buğday,318928.0,318928.0,500.0,159464.0
1538,Muratlı,Tekirdağ,2004,aycicegi_yaglik,Ayçiçeği (Yağlık),127670.0,127670.0,205.0,26162.0
1538,Muratlı,Tekirdağ,2004,bugday,Buğday,169720.0,169720.0,444.0,75300.0
1538,Muratlı,Tekirdağ,2005,aycicegi_yaglik,Ayçiçeği (Yağlık),127790.0,127790.0,186.0,23796.0
1538,Muratlı,Tekirdağ,2005,bugday,Buğday,164920.0,164920.0,467.0,77055.0
1538,Muratlı,Tekirdağ,2006,aycicegi_yaglik,Ayçiçeği (Yağlık),130477.0,130477.0,212.0,27651.0
1538,Muratlı,Tekirdağ,2006,bugday,Buğday,161031.0,161031.0,396.0,63728.0
1538,Muratlı,Tekirdağ,2007,aycicegi_yaglik,Ayçiçeği (Yağlık),118376.0,118376.0,136.0,16069.0
1538,Muratlı,Tekirdağ,2007,bugday,Buğday,153406.0,153406.0,444.0,68092.0
1538,Muratlı,Tekirdağ,2008,aycicegi_yaglik,Ayçiçeği (Yağlık),131406.0,131406.0,201.0,26452.0
1538,Muratlı,Tekirdağ,2008,bugday,Buğday,153863.0,153863.0,517.0,79518.0
1538,Muratlı,Tekirdağ,2009,aycicegi_yaglik,Ayçiçeği (Yağlık),122636.0,122636.0,187.0,22953.0
1538,Muratlı,Tekirdağ,2009,bugday,Buğday,147418.0,147418.0,420.0,61842.0
1538,Muratlı,Tekirdağ,2010,aycicegi_yaglik,Ayçiçeği (Yağlık),116000.0,116000.0,189.0,21956.0
1538,Muratlı,Tekirdağ,2010,bugday,Buğday,142758.0,142758.0,332.0,47448.0
1538,Muratlı,Tekirdağ,2011,aycicegi_yaglik,Ayçiçeği (Yağlık),116548.0,116548.0,198.0,23118.0
1538,Muratlı,Tekirdağ,2011,bugday,Buğday,151359.0,151359.0,389.0,58829.0
1538,Muratlı,Tekirdağ,2012,aycicegi_yaglik,Ayçiçeği (Yağlık),90307.0,90307.0,182.0,16433.0
1538,Muratlı,Tekirdağ,2012,bugday,Buğday,154765.0,154765.0,480.0,74287.0
1538,Muratlı,Tekirdağ,2013,aycicegi_yaglik,Ayçiçeği (Yağlık),71890.0,71890.0,231.0,16617.0
1538,Muratlı,Tekirdağ,2013,bugday,Buğday,150281.0,150281.0,388.0,58309.0
1538,Muratlı,Tekirdağ,2014,aycicegi_yaglik,Ayçiçeği (Yağlık),84335.0,84335.0,232.0,19550.0
1538,Muratlı,Tekirdağ,2014,bugday,Buğday,156801.0,156801.0,444.0,69595.0
1538,Muratlı,Tekirdağ,2015,aycicegi_yaglik,Ayçiçeği (Yağlık),109672.0,109672.0,243.0,26692.0
1538,Muratlı,Tekirdağ,2015,bugday,Buğday,155951.0,143609.0,417.0,59863.0
1538,Muratlı,Tekirdağ,2016,aycicegi_yaglik,Ayçiçeği (Yağlık),117698.0,117698.0,235.0,27704.0
1538,Muratlı,Tekirdağ,2016,bugday,Buğday,167970.0,167970.0,468.0,78616.0
1538,Muratlı,Tekirdağ,2017,aycicegi_yaglik,Ayçiçeği (Yağlık),129590.0,129590.0,263.0,34140.0
1538,Muratlı,Tekirdağ,2017,bugday,Buğday,163534.0,163534.0,496.0,81162.0
1538,Muratlı,Tekirdağ,2018,aycicegi_yaglik,Ayçiçeği (Yağlık),118732.0,118732.0,241.0,28572.0
1538,Muratlı,Tekirdağ,2018,bugday,Buğday,161564.0,161564.0,381.0,61607.0
1538,Muratlı,Tekirdağ,2019,aycicegi_yaglik,Ayçiçeği (Yağlık),109283.0,109283.0,251.0,27387.0
1538,Muratlı,Tekirdağ,2019,bugday,Buğday,163488.0,163488.0,494.0,80787.0
1538,Muratlı,Tekirdağ,2019,bugday_hasil,Buğday (Hasıl/Yeşilot),65.0,65.0,2508.0,163.0
1538,Muratlı,Tekirdağ,2020,aycicegi_yaglik,Ayçiçeği (Yağlık),114328.0,114328.0,288.0,32949.0
1538,Muratlı,Tekirdağ,2020,bugday,Buğday,169999.0,169999.0,446.0,75786.0
1538,Muratlı,Tekirdağ,2021,aycicegi_yaglik,Ayçiçeği (Yağlık),134313.0,134313.0,250.0,33643.0
1538,Muratlı,Tekirdağ,2021,bugday,Buğday,164253.0,164253.0,589.0,96741.0
1538,Muratlı,Tekirdağ,2021,bugday_hasil,Buğday (Hasıl/Yeşilot),200.0,200.0,2500.0,500.0
1538,Muratlı,Tekirdağ,2022,aycicegi_yaglik,Ayçiçeği (Yağlık),145967.0,145967.0,242.0,35253.0
1538,Muratlı,Tekirdağ,2022,bugday,Buğday,162467.0,162467.0,477.0,77549.0
1538,Muratlı,Tekirdağ,2022,bugday_hasil,Buğday (Hasıl/Yeşilot),2500.0,2500.0,2500.0,6250.0
1538,Muratlı,Tekirdağ,2023,aycicegi_yaglik,Ayçiçeği (Yağlık),146036.0,146036.0,85.0,12438.0
1538,Muratlı,Tekirdağ,2023,bugday,Buğday,162995.0,162995.0,336.0,54775.0
1538,Muratlı,Tekirdağ,2023,bugday_hasil,Buğday (Hasıl/Yeşilot),3000.0,3000.0,2500.0,7500.0
1538,Muratlı,Tekirdağ,2024,aycicegi_yaglik,Ayçiçeği (Yağlık),137312.0,137312.0,170.0,23343.0
1538,Muratlı,Tekirdağ,2024,bugday,Buğday,162251.0,162251.0,446.0,72302.0
1538,Muratlı,Tekirdağ,2024,bugday_hasil,Buğday (Hasıl/Yeşilot),1500.0,1500.0,2500.0,3750.0
1538,Muratlı,Tekirdağ,2025,aycicegi_yaglik,Ayçiçeği (Yağlık),138083.0,138083.0,111.0,15259.0
1538,Muratlı,Tekirdağ,2025,bugday,Buğday,162875.0,162875.0,316.0,51475.0
1538,Muratlı,Tekirdağ,2025,bugday_hasil,Buğday (Hasıl/Yeşilot),2250.0,2250.0,2200.0,4950.0
1596,Saray,Tekirdağ,2004,aycicegi_yaglik,Ayçiçeği (Yağlık),85440.0,85440.0,213.0,18238.0
1596,Saray,Tekirdağ,2004,bugday,Buğday,179420.0,179420.0,387.0,69471.0
1596,Saray,Tekirdağ,2005,aycicegi_yaglik,Ayçiçeği (Yağlık),87300.0,87300.0,186.0,16257.0
1596,Saray,Tekirdağ,2005,bugday,Buğday,181630.0,181630.0,389.0,70717.0
1596,Saray,Tekirdağ,2006,aycicegi_yaglik,Ayçiçeği (Yağlık),98254.0,98254.0,212.0,20822.0
1596,Saray,Tekirdağ,2006,bugday,Buğday,162445.0,162445.0,356.0,57858.0
1596,Saray,Tekirdağ,2007,aycicegi_yaglik,Ayçiçeği (Yağlık),85103.0,85103.0,110.0,9386.0
1596,Saray,Tekirdağ,2007,bugday,Buğday,155886.0,155886.0,444.0,69192.0
1596,Saray,Tekirdağ,2008,aycicegi_yaglik,Ayçiçeği (Yağlık),89320.0,89320.0,186.0,16648.0
1596,Saray,Tekirdağ,2008,bugday,Buğday,163556.0,163556.0,477.0,78025.0
1596,Saray,Tekirdağ,2009,aycicegi_yaglik,Ayçiçeği (Yağlık),93560.0,93560.0,191.0,17862.0
1596,Saray,Tekirdağ,2009,bugday,Buğday,155829.0,155829.0,385.0,59923.0
1596,Saray,Tekirdağ,2010,aycicegi_yaglik,Ayçiçeği (Yağlık),102960.0,102960.0,193.0,19849.0
1596,Saray,Tekirdağ,2010,bugday,Buğday,154112.0,154112.0,315.0,48526.0
1596,Saray,Tekirdağ,2011,aycicegi_yaglik,Ayçiçeği (Yağlık),99172.0,99172.0,227.0,22540.0
1596,Saray,Tekirdağ,2011,bugday,Buğday,161809.0,161809.0,353.0,57174.0
1596,Saray,Tekirdağ,2012,aycicegi_yaglik,Ayçiçeği (Yağlık),78427.0,78427.0,206.0,16126.0
1596,Saray,Tekirdağ,2012,bugday,Buğday,147197.0,147197.0,480.0,70655.0
1596,Saray,Tekirdağ,2013,aycicegi_yaglik,Ayçiçeği (Yağlık),85689.0,85689.0,214.0,18342.0
1596,Saray,Tekirdağ,2013,bugday,Buğday,128718.0,114480.0,350.0,40068.0
1596,Saray,Tekirdağ,2014,aycicegi_yaglik,Ayçiçeği (Yağlık),85180.0,85180.0,190.0,16214.0
1596,Saray,Tekirdağ,2014,bugday,Buğday,149988.0,139988.0,389.0,54501.0
1596,Saray,Tekirdağ,2015,aycicegi_yaglik,Ayçiçeği (Yağlık),106181.0,106181.0,230.0,24370.0
1596,Saray,Tekirdağ,2015,bugday,Buğday,177719.0,177719.0,417.0,74082.0
1596,Saray,Tekirdağ,2016,aycicegi_yaglik,Ayçiçeği (Yağlık),120273.0,120273.0,183.0,22024.0
1596,Saray,Tekirdağ,2016,bugday,Buğday,173200.0,173200.0,412.0,71336.0
1596,Saray,Tekirdağ,2017,aycicegi_yaglik,Ayçiçeği (Yağlık),120800.0,120800.0,226.0,27284.0
1596,Saray,Tekirdağ,2017,bugday,Buğday,175000.0,175000.0,458.0,80171.0
1596,Saray,Tekirdağ,2018,aycicegi_yaglik,Ayçiçeği (Yağlık),130580.0,130580.0,202.0,26361.0
1596,Saray,Tekirdağ,2018,bugday,Buğday,161213.0,161213.0,343.0,55326.0
1596,Saray,Tekirdağ,2019,aycicegi_yaglik,Ayçiçeği (Yağlık),125505.0,125505.0,260.0,32679.0
1596,Saray,Tekirdağ,2019,bugday,Buğday,163000.0,163000.0,456.0,74350.0
1596,Saray,Tekirdağ,2020,aycicegi_yaglik,Ayçiçeği (Yağlık),125223.0,125223.0,246.0,30799.0
1596,Saray,Tekirdağ,2020,bugday,Buğday,167643.0,167643.0,352.0,59002.0
1596,Saray,Tekirdağ,2021,aycicegi_yaglik,Ayçiçeği (Yağlık),146650.0,146650.0,229.0,33639.0
1596,Saray,Tekirdağ,2021,bugday,Buğday,165387.0,165387.0,536.0,88686.0
1596,Saray,Tekirdağ,2022,aycicegi_yaglik,Ayçiçeği (Yağlık),143516.0,143516.0,202.0,29060.0
1596,Saray,Tekirdağ,2022,bugday,Buğday,165100.0,165100.0,438.0,72239.0
1596,Saray,Tekirdağ,2023,aycicegi_yaglik,Ayçiçeği (Yağlık),145906.0,145906.0,108.0,15750.0
1596,Saray,Tekirdağ,2023,bugday,Buğday,169010.0,169010.0,321.0,54272.0
1596,Saray,Tekirdağ,2024,aycicegi_yaglik,Ayçiçeği (Yağlık),145970.0,145970.0,160.0,23292.0
1596,Saray,Tekirdağ,2024,bugday,Buğday,165700.0,165700.0,386.0,63993.0
1596,Saray,Tekirdağ,2025,aycicegi_yaglik,Ayçiçeği (Yağlık),143879.0,143879.0,100.0,14432.0
1596,Saray,Tekirdağ,2025,bugday,Buğday,162435.0,162435.0,263.0,42780.0
2096,Süleymanpaşa,Tekirdağ,2013,aycicegi_yaglik,Ayçiçeği (Yağlık),117531.0,117531.0,231.0,27167.0
2096,Süleymanpaşa,Tekirdağ,2013,bugday,Buğday,223560.0,223560.0,393.0,87850.0
2096,Süleymanpaşa,Tekirdağ,2014,aycicegi_yaglik,Ayçiçeği (Yağlık),205818.0,205818.0,249.0,51319.0
2096,Süleymanpaşa,Tekirdağ,2014,bugday,Buğday,350971.0,350971.0,428.0,150309.0
2096,Süleymanpaşa,Tekirdağ,2015,aycicegi_yaglik,Ayçiçeği (Yağlık),259199.0,259199.0,224.0,58018.0
2096,Süleymanpaşa,Tekirdağ,2015,bugday,Buğday,299650.0,299650.0,424.0,127180.0
2096,Süleymanpaşa,Tekirdağ,2016,aycicegi_yaglik,Ayçiçeği (Yağlık),273354.0,273354.0,199.0,54436.0
2096,Süleymanpaşa,Tekirdağ,2016,bugday,Buğday,321580.0,321580.0,427.0,137266.0
2096,Süleymanpaşa,Tekirdağ,2017,aycicegi_yaglik,Ayçiçeği (Yağlık),309875.0,309875.0,225.0,69597.0
2096,Süleymanpaşa,Tekirdağ,2017,bugday,Buğday,322780.0,322780.0,458.0,147872.0
2096,Süleymanpaşa,Tekirdağ,2018,aycicegi_yaglik,Ayçiçeği (Yağlık),282633.0,282633.0,230.0,65019.0
2096,Süleymanpaşa,Tekirdağ,2018,bugday,Buğday,316773.0,316773.0,336.0,106296.0
2096,Süleymanpaşa,Tekirdağ,2018,bugday_hasil,Buğday (Hasıl/Yeşilot),335.0,335.0,1501.0,503.0
2096,Süleymanpaşa,Tekirdağ,2019,aycicegi_yaglik,Ayçiçeği (Yağlık),256417.0,256417.0,230.0,58989.0
2096,Süleymanpaşa,Tekirdağ,2019,bugday,Buğday,347039.0,347039.0,433.0,150382.0
2096,Süleymanpaşa,Tekirdağ,2019,bugday_hasil,Buğday (Hasıl/Yeşilot),416.0,416.0,1500.0,624.0
2096,Süleymanpaşa,Tekirdağ,2020,aycicegi_yaglik,Ayçiçeği (Yağlık),268824.0,268824.0,245.0,65990.0
2096,Süleymanpaşa,Tekirdağ,2020,bugday,Buğday,355366.0,355366.0,375.0,133409.0
2096,Süleymanpaşa,Tekirdağ,2021,aycicegi_yaglik,Ayçiçeği (Yağlık),313101.0,313101.0,250.0,78251.0
2096,Süleymanpaşa,Tekirdağ,2021,bugday,Buğday,351927.0,351927.0,554.0,194902.0
2096,Süleymanpaşa,Tekirdağ,2022,aycicegi_yaglik,Ayçiçeği (Yağlık),318822.0,318822.0,193.0,61589.0
2096,Süleymanpaşa,Tekirdağ,2022,bugday,Buğday,357588.0,357588.0,438.0,156461.0
2096,Süleymanpaşa,Tekirdağ,2023,aycicegi_yaglik,Ayçiçeği (Yağlık),327199.0,327199.0,112.0,36779.0
2096,Süleymanpaşa,Tekirdağ,2023,bugday,Buğday,361548.0,361548.0,355.0,128249.0
2096,Süleymanpaşa,Tekirdağ,2024,aycicegi_yaglik,Ayçiçeği (Yağlık),316942.0,316942.0,180.0,57068.0
2096,Süleymanpaşa,Tekirdağ,2024,bugday,Buğday,354569.0,354569.0,460.0,163265.0
2096,Süleymanpaşa,Tekirdağ,2025,aycicegi_yaglik,Ayçiçeği (Yağlık),316256.0,316256.0,135.0,42833.0
2096,Süleymanpaşa,Tekirdağ,2025,bugday,Buğday,353706.0,353706.0,357.0,126424.0
1250,Çerkezköy,Tekirdağ,2004,aycicegi_yaglik,Ayçiçeği (Yağlık),42230.0,42230.0,175.0,7392.0
1250,Çerkezköy,Tekirdağ,2004,bugday,Buğday,90190.0,90190.0,387.0,34923.0
1250,Çerkezköy,Tekirdağ,2005,aycicegi_yaglik,Ayçiçeği (Yağlık),42190.0,42190.0,149.0,6285.0
1250,Çerkezköy,Tekirdağ,2005,bugday,Buğday,87410.0,87410.0,273.0,23824.0
1250,Çerkezköy,Tekirdağ,2006,aycicegi_yaglik,Ayçiçeği (Yağlık),42344.0,42344.0,186.0,7897.0
1250,Çerkezköy,Tekirdağ,2006,bugday,Buğday,80758.0,80758.0,300.0,24245.0
1250,Çerkezköy,Tekirdağ,2007,aycicegi_yaglik,Ayçiçeği (Yağlık),40264.0,40264.0,98.0,3928.0
1250,Çerkezköy,Tekirdağ,2007,bugday,Buğday,75286.0,75286.0,444.0,33417.0
1250,Çerkezköy,Tekirdağ,2008,aycicegi_yaglik,Ayçiçeği (Yağlık),39489.0,39489.0,164.0,6477.0
1250,Çerkezköy,Tekirdağ,2008,bugday,Buğday,78103.0,78103.0,437.0,34154.0
1250,Çerkezköy,Tekirdağ,2009,aycicegi_yaglik,Ayçiçeği (Yağlık),38437.0,38437.0,180.0,6906.0
1250,Çerkezköy,Tekirdağ,2009,bugday,Buğday,74373.0,74373.0,315.0,23400.0
1250,Çerkezköy,Tekirdağ,2010,aycicegi_yaglik,Ayçiçeği (Yağlık),41000.0,41000.0,189.0,7760.0
1250,Çerkezköy,Tekirdağ,2010,bugday,Buğday,73143.0,73143.0,315.0,23031.0
1250,Çerkezköy,Tekirdağ,2011,aycicegi_yaglik,Ayçiçeği (Yağlık),41307.0,41307.0,198.0,8194.0
1250,Çerkezköy,Tekirdağ,2011,bugday,Buğday,76796.0,76796.0,318.0,24422.0
1250,Çerkezköy,Tekirdağ,2012,aycicegi_yaglik,Ayçiçeği (Yağlık),30193.0,30193.0,160.0,4831.0
1250,Çerkezköy,Tekirdağ,2012,bugday,Buğday,80468.0,80468.0,470.0,37820.0
1250,Çerkezköy,Tekirdağ,2013,aycicegi_yaglik,Ayçiçeği (Yağlık),29700.0,29700.0,210.0,6237.0
1250,Çerkezköy,Tekirdağ,2013,bugday,Buğday,73999.0,73999.0,350.0,25900.0
1250,Çerkezköy,Tekirdağ,2014,aycicegi_yaglik,Ayçiçeği (Yağlık),8429.0,8429.0,175.0,1479.0
1250,Çerkezköy,Tekirdağ,2014,bugday,Buğday,22898.0,22898.0,374.0,8558.0
1250,Çerkezköy,Tekirdağ,2015,aycicegi_yaglik,Ayçiçeği (Yağlık),15245.0,15245.0,195.0,2967.0
1250,Çerkezköy,Tekirdağ,2015,bugday,Buğday,29847.0,29847.0,379.0,11311.0
1250,Çerkezköy,Tekirdağ,2016,aycicegi_yaglik,Ayçiçeği (Yağlık),16030.0,16030.0,181.0,2900.0
1250,Çerkezköy,Tekirdağ,2016,bugday,Buğday,30000.0,30000.0,374.0,11233.0
1250,Çerkezköy,Tekirdağ,2017,aycicegi_yaglik,Ayçiçeği (Yağlık),15941.0,15941.0,244.0,3893.0
1250,Çerkezköy,Tekirdağ,2017,bugday,Buğday,30000.0,30000.0,420.0,12598.0
1250,Çerkezköy,Tekirdağ,2018,aycicegi_yaglik,Ayçiçeği (Yağlık),16470.0,16470.0,210.0,3459.0
1250,Çerkezköy,Tekirdağ,2018,bugday,Buğday,28591.0,28591.0,343.0,9812.0
1250,Çerkezköy,Tekirdağ,2019,aycicegi_yaglik,Ayçiçeği (Yağlık),15043.0,15043.0,250.0,3755.0
1250,Çerkezköy,Tekirdağ,2019,bugday,Buğday,28476.0,28476.0,380.0,10824.0
1250,Çerkezköy,Tekirdağ,2020,aycicegi_yaglik,Ayçiçeği (Yağlık),15683.0,15683.0,245.0,3847.0
1250,Çerkezköy,Tekirdağ,2020,bugday,Buğday,28528.0,28528.0,430.0,12272.0
1250,Çerkezköy,Tekirdağ,2021,aycicegi_yaglik,Ayçiçeği (Yağlık),18500.0,18500.0,220.0,4070.0
1250,Çerkezköy,Tekirdağ,2021,bugday,Buğday,27455.0,27455.0,527.0,14481.0
1250,Çerkezköy,Tekirdağ,2022,aycicegi_yaglik,Ayçiçeği (Yağlık),18960.0,18960.0,163.0,3092.0
1250,Çerkezköy,Tekirdağ,2022,bugday,Buğday,27285.0,27285.0,382.0,10419.0
1250,Çerkezköy,Tekirdağ,2023,aycicegi_yaglik,Ayçiçeği (Yağlık),19465.0,19465.0,105.0,2035.0
1250,Çerkezköy,Tekirdağ,2023,bugday,Buğday,26591.0,26591.0,351.0,9333.0
1250,Çerkezköy,Tekirdağ,2024,aycicegi_yaglik,Ayçiçeği (Yağlık),19209.0,19209.0,140.0,2682.0
1250,Çerkezköy,Tekirdağ,2024,bugday,Buğday,26308.0,26308.0,334.0,8792.0
1250,Çerkezköy,Tekirdağ,2025,aycicegi_yaglik,Ayçiçeği (Yağlık),19242.0,19242.0,130.0,2498.0
1250,Çerkezköy,Tekirdağ,2025,bugday,Buğday,26247.0,26247.0,339.0,8888.0
1258,Çorlu,Tekirdağ,2004,aycicegi_yaglik,Ayçiçeği (Yağlık),196410.0,196410.0,188.0,36896.0
1258,Çorlu,Tekirdağ,2004,bugday,Buğday,368540.0,368540.0,444.0,163508.0
1258,Çorlu,Tekirdağ,2005,aycicegi_yaglik,Ayçiçeği (Yağlık),206040.0,206040.0,186.0,38367.0
1258,Çorlu,Tekirdağ,2005,bugday,Buğday,349650.0,349650.0,428.0,149753.0
1258,Çorlu,Tekirdağ,2006,aycicegi_yaglik,Ayçiçeği (Yağlık),208767.0,208767.0,203.0,42473.0
1258,Çorlu,Tekirdağ,2006,bugday,Buğday,326746.0,326746.0,356.0,116377.0
1258,Çorlu,Tekirdağ,2007,aycicegi_yaglik,Ayçiçeği (Yağlık),196744.0,196744.0,93.0,18360.0
1258,Çorlu,Tekirdağ,2007,bugday,Buğday,292287.0,292287.0,444.0,129736.0
1258,Çorlu,Tekirdağ,2008,aycicegi_yaglik,Ayçiçeği (Yağlık),192742.0,192742.0,194.0,37361.0
1258,Çorlu,Tekirdağ,2008,bugday,Buğday,283008.0,283008.0,477.0,135010.0
1258,Çorlu,Tekirdağ,2009,aycicegi_yaglik,Ayçiçeği (Yağlık),185621.0,185621.0,191.0,35437.0
1258,Çorlu,Tekirdağ,2009,bugday,Buğday,278899.0,278899.0,385.0,107249.0
1258,Çorlu,Tekirdağ,2010,aycicegi_yaglik,Ayçiçeği (Yağlık),210000.0,210000.0,196.0,41220.0
1258,Çorlu,Tekirdağ,2010,bugday,Buğday,286404.0,286404.0,336.0,96193.0
1258,Çorlu,Tekirdağ,2011,aycicegi_yaglik,Ayçiçeği (Yağlık),207090.0,207090.0,190.0,39367.0
1258,Çorlu,Tekirdağ,2011,bugday,Buğday,305335.0,305335.0,353.0,107887.0
1258,Çorlu,Tekirdağ,2012,aycicegi_yaglik,Ayçiçeği (Yağlık),150965.0,150965.0,180.0,27174.0
1258,Çorlu,Tekirdağ,2012,bugday,Buğday,274768.0,274768.0,470.0,129141.0
1258,Çorlu,Tekirdağ,2013,aycicegi_yaglik,Ayçiçeği (Yağlık),132000.0,132000.0,196.0,25872.0
1258,Çorlu,Tekirdağ,2013,bugday,Buğday,284775.0,284775.0,350.0,99671.0
1258,Çorlu,Tekirdağ,2014,aycicegi_yaglik,Ayçiçeği (Yağlık),63720.0,63720.0,249.0,15880.0
1258,Çorlu,Tekirdağ,2014,bugday,Buğday,101422.0,101422.0,428.0,43435.0
1258,Çorlu,Tekirdağ,2015,aycicegi_yaglik,Ayçiçeği (Yağlık),80885.0,80885.0,165.0,13379.0
1258,Çorlu,Tekirdağ,2015,bugday,Buğday,112358.0,112358.0,413.0,46411.0
1258,Çorlu,Tekirdağ,2016,aycicegi_yaglik,Ayçiçeği (Yağlık),98997.0,98997.0,181.0,17915.0
1258,Çorlu,Tekirdağ,2016,bugday,Buğday,147500.0,147500.0,412.0,60751.0
1258,Çorlu,Tekirdağ,2017,aycicegi_yaglik,Ayçiçeği (Yağlık),117000.0,117000.0,234.0,27415.0
1258,Çorlu,Tekirdağ,2017,bugday,Buğday,140000.0,140000.0,443.0,61998.0
1258,Çorlu,Tekirdağ,2018,aycicegi_yaglik,Ayçiçeği (Yağlık),103736.0,103736.0,220.0,22822.0
1258,Çorlu,Tekirdağ,2018,bugday,Buğday,131062.0,131062.0,324.0,42480.0
1258,Çorlu,Tekirdağ,2019,aycicegi_yaglik,Ayçiçeği (Yağlık),91092.0,91092.0,235.0,21407.0
1258,Çorlu,Tekirdağ,2019,bugday,Buğday,140000.0,140000.0,418.0,58538.0
1258,Çorlu,Tekirdağ,2020,aycicegi_yaglik,Ayçiçeği (Yağlık),97415.0,97415.0,267.0,25963.0
1258,Çorlu,Tekirdağ,2020,bugday,Buğday,147321.0,147321.0,391.0,57611.0
1258,Çorlu,Tekirdağ,2021,aycicegi_yaglik,Ayçiçeği (Yağlık),114393.0,114393.0,250.0,28568.0
1258,Çorlu,Tekirdağ,2021,bugday,Buğday,145008.0,145008.0,527.0,76483.0
1258,Çorlu,Tekirdağ,2022,aycicegi_yaglik,Ayçiçeği (Yağlık),126191.0,126191.0,174.0,21929.0
1258,Çorlu,Tekirdağ,2022,bugday,Buğday,145008.0,145008.0,382.0,55372.0
1258,Çorlu,Tekirdağ,2023,aycicegi_yaglik,Ayçiçeği (Yağlık),126108.0,126108.0,88.0,11147.0
1258,Çorlu,Tekirdağ,2023,bugday,Buğday,146273.0,146273.0,351.0,51340.0
1258,Çorlu,Tekirdağ,2024,aycicegi_yaglik,Ayçiçeği (Yağlık),122320.0,122320.0,160.0,19588.0
1258,Çorlu,Tekirdağ,2024,bugday,Buğday,140075.0,140075.0,431.0,60339.0
1258,Çorlu,Tekirdağ,2025,aycicegi_yaglik,Ayçiçeği (Yağlık),118000.0,118000.0,141.0,16594.0
1258,Çorlu,Tekirdağ,2025,bugday,Buğday,135744.0,135744.0,361.0,49029.0
1652,Şarköy,Tekirdağ,2004,aycicegi_yaglik,Ayçiçeği (Yağlık),23570.0,23570.0,171.0,4025.0
1652,Şarköy,Tekirdağ,2004,bugday,Buğday,42380.0,42380.0,323.0,13675.0
1652,Şarköy,Tekirdağ,2005,aycicegi_yaglik,Ayçiçeği (Yağlık),27960.0,27960.0,186.0,5207.0
1652,Şarköy,Tekirdağ,2005,bugday,Buğday,44190.0,44190.0,257.0,11345.0
1652,Şarköy,Tekirdağ,2006,aycicegi_yaglik,Ayçiçeği (Yağlık),28558.0,28558.0,212.0,6052.0
1652,Şarköy,Tekirdağ,2006,bugday,Buğday,40843.0,40843.0,317.0,12931.0
1652,Şarköy,Tekirdağ,2007,aycicegi_yaglik,Ayçiçeği (Yağlık),26355.0,26355.0,119.0,3130.0
1652,Şarköy,Tekirdağ,2007,bugday,Buğday,39414.0,39414.0,444.0,17495.0
1652,Şarköy,Tekirdağ,2008,aycicegi_yaglik,Ayçiçeği (Yağlık),24727.0,24727.0,149.0,3687.0
1652,Şarköy,Tekirdağ,2008,bugday,Buğday,40430.0,40430.0,437.0,17680.0
1652,Şarköy,Tekirdağ,2009,aycicegi_yaglik,Ayçiçeği (Yağlık),24374.0,24374.0,165.0,4015.0
1652,Şarköy,Tekirdağ,2009,bugday,Buğday,35416.0,35416.0,385.0,13619.0
1652,Şarköy,Tekirdağ,2010,aycicegi_yaglik,Ayçiçeği (Yağlık),25945.0,25945.0,193.0,5002.0
1652,Şarköy,Tekirdağ,2010,bugday,Buğday,35867.0,35867.0,315.0,11293.0
1652,Şarköy,Tekirdağ,2011,aycicegi_yaglik,Ayçiçeği (Yağlık),26430.0,26430.0,207.0,5461.0
1652,Şarköy,Tekirdağ,2011,bugday,Buğday,39046.0,39046.0,318.0,12417.0
1652,Şarköy,Tekirdağ,2012,aycicegi_yaglik,Ayçiçeği (Yağlık),18926.0,18926.0,169.0,3195.0
1652,Şarköy,Tekirdağ,2012,bugday,Buğday,29734.0,29734.0,480.0,14272.0
1652,Şarköy,Tekirdağ,2013,aycicegi_yaglik,Ayçiçeği (Yağlık),14771.0,14771.0,224.0,3304.0
1652,Şarköy,Tekirdağ,2013,bugday,Buğday,30376.0,30376.0,388.0,11786.0
1652,Şarköy,Tekirdağ,2014,aycicegi_yaglik,Ayçiçeği (Yağlık),17426.0,17426.0,232.0,4048.0
1652,Şarköy,Tekirdağ,2014,bugday,Buğday,30542.0,30542.0,389.0,11892.0
1652,Şarköy,Tekirdağ,2015,aycicegi_yaglik,Ayçiçeği (Yağlık),17387.0,17387.0,198.0,3434.0
1652,Şarköy,Tekirdağ,2015,bugday,Buğday,31595.0,31595.0,417.0,13170.0
1652,Şarköy,Tekirdağ,2016,aycicegi_yaglik,Ayçiçeği (Yağlık),25774.0,25774.0,218.0,5627.0
1652,Şarköy,Tekirdağ,2016,bugday,Buğday,41000.0,41000.0,412.0,16887.0
1652,Şarköy,Tekirdağ,2017,aycicegi_yaglik,Ayçiçeği (Yağlık),26140.0,26140.0,205.0,5359.0
1652,Şarköy,Tekirdağ,2017,bugday,Buğday,41800.0,41800.0,420.0,17554.0
1652,Şarköy,Tekirdağ,2018,aycicegi_yaglik,Ayçiçeği (Yağlık),22772.0,22772.0,260.0,5912.0
1652,Şarköy,Tekirdağ,2018,bugday,Buğday,38475.0,38466.0,351.0,13494.0
1652,Şarköy,Tekirdağ,2018,bugday_hasil,Buğday (Hasıl/Yeşilot),1000.0,1000.0,2500.0,2500.0
1652,Şarköy,Tekirdağ,2019,aycicegi_yaglik,Ayçiçeği (Yağlık),21122.0,21122.0,230.0,4855.0
1652,Şarköy,Tekirdağ,2019,bugday,Buğday,37500.0,37500.0,380.0,14254.0
1652,Şarköy,Tekirdağ,2019,bugday_hasil,Buğday (Hasıl/Yeşilot),1000.0,1000.0,2500.0,2500.0
1652,Şarköy,Tekirdağ,2020,aycicegi_yaglik,Ayçiçeği (Yağlık),22317.0,22317.0,245.0,5470.0
1652,Şarköy,Tekirdağ,2020,bugday,Buğday,39693.0,39693.0,352.0,13980.0
1652,Şarköy,Tekirdağ,2020,bugday_hasil,Buğday (Hasıl/Yeşilot),1000.0,1000.0,2000.0,2000.0
1652,Şarköy,Tekirdağ,2021,aycicegi_yaglik,Ayçiçeği (Yağlık),26387.0,26387.0,250.0,6597.0
1652,Şarköy,Tekirdağ,2021,bugday,Buğday,38177.0,38177.0,527.0,20127.0
1652,Şarköy,Tekirdağ,2021,bugday_hasil,Buğday (Hasıl/Yeşilot),750.0,750.0,2500.0,1875.0
1652,Şarköy,Tekirdağ,2022,aycicegi_yaglik,Ayçiçeği (Yağlık),26880.0,26880.0,193.0,5177.0
1652,Şarköy,Tekirdağ,2022,bugday,Buğday,37952.0,37952.0,398.0,15104.0
1652,Şarköy,Tekirdağ,2022,bugday_hasil,Buğday (Hasıl/Yeşilot),450.0,450.0,2500.0,1125.0
1652,Şarköy,Tekirdağ,2023,aycicegi_yaglik,Ayçiçeği (Yağlık),27181.0,27181.0,107.0,2896.0
1652,Şarköy,Tekirdağ,2023,bugday,Buğday,37278.0,37278.0,355.0,13224.0
1652,Şarköy,Tekirdağ,2023,bugday_hasil,Buğday (Hasıl/Yeşilot),150.0,150.0,2253.0,338.0
1652,Şarköy,Tekirdağ,2024,aycicegi_yaglik,Ayçiçeği (Yağlık),28393.0,28393.0,150.0,4256.0
1652,Şarköy,Tekirdağ,2024,bugday,Buğday,36131.0,36131.0,446.0,16101.0
1652,Şarköy,Tekirdağ,2024,bugday_hasil,Buğday (Hasıl/Yeşilot),275.0,275.0,2251.0,619.0
1652,Şarköy,Tekirdağ,2025,aycicegi_yaglik,Ayçiçeği (Yağlık),28435.0,28435.0,151.0,4282.0
1652,Şarköy,Tekirdağ,2025,bugday,Buğday,34776.0,34776.0,414.0,14400.0
1652,Şarköy,Tekirdağ,2025,bugday_hasil,Buğday (Hasıl/Yeşilot),300.0,300.0,2000.0,600.0
2048,Arnavutköy,İstanbul,2009,aycicegi_yaglik,Ayçiçeği (Yağlık),32812.0,32812.0,195.0,6387.0
2048,Arnavutköy,İstanbul,2009,bugday,Buğday,35416.0,35416.0,433.0,15352.0
2048,Arnavutköy,İstanbul,2010,aycicegi_yaglik,Ayçiçeği (Yağlık),32000.0,32000.0,210.0,6730.0
2048,Arnavutköy,İstanbul,2010,bugday,Buğday,30843.0,30843.0,350.0,10791.0
2048,Arnavutköy,İstanbul,2011,aycicegi_yaglik,Ayçiçeği (Yağlık),28896.0,28896.0,219.0,6329.0
2048,Arnavutköy,İstanbul,2011,bugday,Buğday,44375.0,44375.0,353.0,15680.0
2048,Arnavutköy,İstanbul,2012,aycicegi_yaglik,Ayçiçeği (Yağlık),23565.0,23565.0,191.0,4501.0
2048,Arnavutköy,İstanbul,2012,bugday,Buğday,40626.0,40626.0,432.0,17550.0
2048,Arnavutköy,İstanbul,2013,aycicegi_yaglik,Ayçiçeği (Yağlık),19470.0,19470.0,220.0,4283.0
2048,Arnavutköy,İstanbul,2013,bugday,Buğday,41767.0,41767.0,412.0,17208.0
2048,Arnavutköy,İstanbul,2014,aycicegi_yaglik,Ayçiçeği (Yağlık),12760.0,12760.0,254.0,3239.0
2048,Arnavutköy,İstanbul,2014,bugday,Buğday,25747.0,25747.0,467.0,12030.0
2048,Arnavutköy,İstanbul,2015,aycicegi_yaglik,Ayçiçeği (Yağlık),13859.0,13859.0,243.0,3371.0
2048,Arnavutköy,İstanbul,2015,bugday,Buğday,24683.0,24683.0,455.0,11225.0
2048,Arnavutköy,İstanbul,2016,aycicegi_yaglik,Ayçiçeği (Yağlık),15479.0,15479.0,249.0,3852.0
2048,Arnavutköy,İstanbul,2016,bugday,Buğday,25620.0,25620.0,468.0,11991.0
2048,Arnavutköy,İstanbul,2017,aycicegi_yaglik,Ayçiçeği (Yağlık),14850.0,14850.0,322.0,4784.0
2048,Arnavutköy,İstanbul,2017,bugday,Buğday,26215.0,26215.0,496.0,13010.0
2048,Arnavutköy,İstanbul,2018,aycicegi_yaglik,Ayçiçeği (Yağlık),15924.0,15924.0,270.0,4300.0
2048,Arnavutköy,İstanbul,2018,bugday,Buğday,27887.0,27887.0,458.0,12760.0
2048,Arnavutköy,İstanbul,2019,aycicegi_yaglik,Ayçiçeği (Yağlık),14506.0,14506.0,320.0,4642.0
2048,Arnavutköy,İstanbul,2019,bugday,Buğday,28500.0,28500.0,494.0,14083.0
2048,Arnavutköy,İstanbul,2020,aycicegi_yaglik,Ayçiçeği (Yağlık),15343.0,15343.0,341.0,5237.0
2048,Arnavutköy,İstanbul,2020,bugday,Buğday,32519.0,32519.0,508.0,16532.0
2048,Arnavutköy,İstanbul,2020,bugday_hasil,Buğday (Hasıl/Yeşilot),20.0,20.0,1250.0,25.0
2048,Arnavutköy,İstanbul,2021,aycicegi_yaglik,Ayçiçeği (Yağlık),19000.0,19000.0,320.0,6080.0
2048,Arnavutköy,İstanbul,2021,bugday,Buğday,30000.0,30000.0,571.0,17142.0
2048,Arnavutköy,İstanbul,2021,bugday_hasil,Buğday (Hasıl/Yeşilot),15.0,15.0,1267.0,19.0
2048,Arnavutköy,İstanbul,2022,aycicegi_yaglik,Ayçiçeği (Yağlık),18500.0,18500.0,280.0,5186.0
2048,Arnavutköy,İstanbul,2022,bugday,Buğday,30500.0,30500.0,501.0,15286.0
2048,Arnavutköy,İstanbul,2023,aycicegi_yaglik,Ayçiçeği (Yağlık),20000.0,20000.0,229.0,4580.0
2048,Arnavutköy,İstanbul,2023,bugday,Buğday,28300.0,28300.0,453.0,12809.0
2048,Arnavutköy,İstanbul,2024,aycicegi_yaglik,Ayçiçeği (Yağlık),23600.0,23600.0,210.0,4956.0
2048,Arnavutköy,İstanbul,2024,bugday,Buğday,29050.0,29050.0,442.0,12838.0
2048,Arnavutköy,İstanbul,2025,aycicegi_yaglik,Ayçiçeği (Yağlık),22500.0,22500.0,211.0,4748.0
2048,Arnavutköy,İstanbul,2025,bugday,Buğday,28500.0,28000.0,474.0,13274.0
1325,Eyüp,İstanbul,2005,bugday,Buğday,145690.0,145690.0,389.0,56725.0
1336,Gaziosmanpaşa,İstanbul,2004,aycicegi_yaglik,Ayçiçeği (Yağlık),2310.0,2310.0,154.0,355.0
1336,Gaziosmanpaşa,İstanbul,2004,durum_bugdayi,Durum Buğdayı,6220.0,6220.0,402.0,2501.0
1336,Gaziosmanpaşa,İstanbul,2005,aycicegi_yaglik,Ayçiçeği (Yağlık),1960.0,1960.0,186.0,365.0
1336,Gaziosmanpaşa,İstanbul,2005,durum_bugdayi,Durum Buğdayı,6120.0,6120.0,358.0,2194.0
1336,Gaziosmanpaşa,İstanbul,2006,durum_bugdayi,Durum Buğdayı,3143.0,3143.0,338.0,1063.0
1336,Gaziosmanpaşa,İstanbul,2007,aycicegi_yaglik,Ayçiçeği (Yağlık),2288.0,2288.0,170.0,388.0
1336,Gaziosmanpaşa,İstanbul,2007,durum_bugdayi,Durum Buğdayı,3224.0,3224.0,358.0,1155.0
1336,Gaziosmanpaşa,İstanbul,2008,aycicegi_yaglik,Ayçiçeği (Yağlık),1249.0,1249.0,201.0,251.0
1336,Gaziosmanpaşa,İstanbul,2008,bugday,Buğday,2460.0,2460.0,493.0,1213.0
1622,Silivri,İstanbul,2004,aycicegi_yaglik,Ayçiçeği (Yağlık),86010.0,73150.0,201.0,14669.0
1622,Silivri,İstanbul,2004,bugday,Buğday,247310.0,247310.0,476.0,117643.0
1622,Silivri,İstanbul,2005,aycicegi_yaglik,Ayçiçeği (Yağlık),112830.0,112830.0,197.0,22271.0
1622,Silivri,İstanbul,2005,bugday,Buğday,242810.0,242810.0,409.0,99344.0
1622,Silivri,İstanbul,2006,aycicegi_yaglik,Ayçiçeği (Yağlık),113246.0,113246.0,233.0,26399.0
1622,Silivri,İstanbul,2006,bugday,Buğday,232064.0,232064.0,396.0,91838.0
1622,Silivri,İstanbul,2007,aycicegi_yaglik,Ayçiçeği (Yağlık),103314.0,103314.0,165.0,17092.0
1622,Silivri,İstanbul,2007,bugday,Buğday,217001.0,217001.0,383.0,83185.0
1622,Silivri,İstanbul,2008,aycicegi_yaglik,Ayçiçeği (Yağlık),75216.0,75216.0,224.0,16823.0
1622,Silivri,İstanbul,2008,bugday,Buğday,220526.0,220526.0,457.0,100819.0
1622,Silivri,İstanbul,2009,aycicegi_yaglik,Ayçiçeği (Yağlık),74998.0,74998.0,225.0,16845.0
1622,Silivri,İstanbul,2009,bugday,Buğday,212494.0,212494.0,371.0,78742.0
1622,Silivri,İstanbul,2010,aycicegi_yaglik,Ayçiçeği (Yağlık),113000.0,113000.0,224.0,25349.0
1622,Silivri,İstanbul,2010,bugday,Buğday,194754.0,194754.0,332.0,64730.0
1622,Silivri,İstanbul,2011,aycicegi_yaglik,Ayçiçeği (Yağlık),101137.0,101137.0,248.0,25077.0
1622,Silivri,İstanbul,2011,bugday,Buğday,202631.0,202631.0,389.0,78758.0
1622,Silivri,İstanbul,2012,aycicegi_yaglik,Ayçiçeği (Yağlık),77323.0,77323.0,213.0,16470.0
1622,Silivri,İstanbul,2012,bugday,Buğday,185076.0,185076.0,432.0,79953.0
1622,Silivri,İstanbul,2013,aycicegi_yaglik,Ayçiçeği (Yağlık),69300.0,69300.0,180.0,12474.0
1622,Silivri,İstanbul,2013,bugday,Buğday,204089.0,204089.0,388.0,79187.0
1622,Silivri,İstanbul,2014,aycicegi_yaglik,Ayçiçeği (Yağlık),82362.0,82362.0,231.0,19006.0
1622,Silivri,İstanbul,2014,bugday,Buğday,213983.0,213983.0,428.0,91641.0
1622,Silivri,İstanbul,2015,aycicegi_yaglik,Ayçiçeği (Yağlık),92392.0,92392.0,224.0,20676.0
1622,Silivri,İstanbul,2015,bugday,Buğday,202403.0,202403.0,455.0,92041.0
1622,Silivri,İstanbul,2016,aycicegi_yaglik,Ayçiçeği (Yağlık),98997.0,98997.0,226.0,22394.0
1622,Silivri,İstanbul,2016,bugday,Buğday,205326.0,205326.0,449.0,92256.0
1622,Silivri,İstanbul,2017,aycicegi_yaglik,Ayçiçeği (Yağlık),101700.0,101475.0,264.0,26750.0
1622,Silivri,İstanbul,2017,bugday,Buğday,212500.0,211500.0,473.0,100122.0
1622,Silivri,İstanbul,2018,aycicegi_yaglik,Ayçiçeği (Yağlık),101006.0,101006.0,250.0,25252.0
1622,Silivri,İstanbul,2018,bugday,Buğday,209030.0,209030.0,458.0,95647.0
1622,Silivri,İstanbul,2019,aycicegi_yaglik,Ayçiçeği (Yağlık),94719.0,94719.0,210.0,19891.0
1622,Silivri,İstanbul,2019,bugday,Buğday,212000.0,212000.0,494.0,104759.0
1622,Silivri,İstanbul,2020,aycicegi_yaglik,Ayçiçeği (Yağlık),97750.0,97750.0,245.0,23982.0
1622,Silivri,İstanbul,2020,bugday,Buğday,232124.0,232124.0,430.0,99851.0
1622,Silivri,İstanbul,2021,aycicegi_yaglik,Ayçiçeği (Yağlık),106985.0,106985.0,250.0,26746.0
1622,Silivri,İstanbul,2021,bugday,Buğday,218200.0,218200.0,527.0,115088.0
1622,Silivri,İstanbul,2022,aycicegi_yaglik,Ayçiçeği (Yağlık),110585.0,110585.0,242.0,26724.0
1622,Silivri,İstanbul,2022,bugday,Buğday,207640.0,207640.0,438.0,90852.0
1622,Silivri,İstanbul,2023,aycicegi_yaglik,Ayçiçeği (Yağlık),115701.0,115701.0,187.0,21679.0
1622,Silivri,İstanbul,2023,bugday,Buğday,208513.0,208513.0,418.0,87116.0
1622,Silivri,İstanbul,2024,aycicegi_yaglik,Ayçiçeği (Yağlık),123000.0,123000.0,170.0,20910.0
1622,Silivri,İstanbul,2024,bugday,Buğday,179660.0,179450.0,446.0,79966.0
1622,Silivri,İstanbul,2025,aycicegi_yaglik,Ayçiçeği (Yağlık),113000.0,112997.0,181.0,20439.0
1622,Silivri,İstanbul,2025,bugday,Buğday,176000.0,175900.0,451.0,79416.0
1237,Çatalca,İstanbul,2004,aycicegi_yaglik,Ayçiçeği (Yağlık),53030.0,53030.0,222.0,11773.0
1237,Çatalca,İstanbul,2004,bugday,Buğday,146450.0,146450.0,428.0,62610.0
1237,Çatalca,İstanbul,2005,aycicegi_yaglik,Ayçiçeği (Yağlık),53960.0,53960.0,223.0,12058.0
1237,Çatalca,İstanbul,2005,bugday,Buğday,5050.0,5050.0,350.0,1770.0
1237,Çatalca,İstanbul,2006,aycicegi_yaglik,Ayçiçeği (Yağlık),53177.0,53177.0,220.0,11720.0
1237,Çatalca,İstanbul,2006,bugday,Buğday,131812.0,131812.0,360.0,47469.0
1237,Çatalca,İstanbul,2007,aycicegi_yaglik,Ayçiçeği (Yağlık),50330.0,50330.0,187.0,9394.0
1237,Çatalca,İstanbul,2007,bugday,Buğday,125772.0,125772.0,412.0,51766.0
1237,Çatalca,İstanbul,2008,aycicegi_yaglik,Ayçiçeği (Yağlık),54532.0,54532.0,201.0,10977.0
1237,Çatalca,İstanbul,2008,bugday,Buğday,128640.0,128640.0,493.0,63414.0
1237,Çatalca,İstanbul,2009,aycicegi_yaglik,Ayçiçeği (Yağlık),28124.0,28124.0,195.0,5474.0
1237,Çatalca,İstanbul,2009,bugday,Buğday,61978.0,61978.0,433.0,26866.0
1237,Çatalca,İstanbul,2010,aycicegi_yaglik,Ayçiçeği (Yağlık),40000.0,40000.0,245.0,9814.0
1237,Çatalca,İstanbul,2010,bugday,Buğday,52875.0,52875.0,385.0,20349.0
1237,Çatalca,İstanbul,2011,aycicegi_yaglik,Ayçiçeği (Yağlık),38528.0,38528.0,215.0,8279.0
1237,Çatalca,İstanbul,2011,bugday,Buğday,74020.0,74020.0,389.0,28770.0
1237,Çatalca,İstanbul,2012,aycicegi_yaglik,Ayçiçeği (Yağlık),33139.0,33139.0,180.0,5965.0
1237,Çatalca,İstanbul,2012,bugday,Buğday,66808.0,66808.0,432.0,28861.0
1237,Çatalca,İstanbul,2013,aycicegi_yaglik,Ayçiçeği (Yağlık),21872.0,21872.0,200.0,4374.0
1237,Çatalca,İstanbul,2013,bugday,Buğday,63418.0,63418.0,357.0,22640.0
1237,Çatalca,İstanbul,2014,aycicegi_yaglik,Ayçiçeği (Yağlık),47319.0,47319.0,203.0,9609.0
1237,Çatalca,İstanbul,2014,bugday,Buğday,65187.0,65187.0,333.0,21725.0
1237,Çatalca,İstanbul,2015,aycicegi_yaglik,Ayçiçeği (Yağlık),43944.0,43944.0,198.0,8683.0
1237,Çatalca,İstanbul,2015,bugday,Buğday,71272.0,71272.0,379.0,27009.0
1237,Çatalca,İstanbul,2016,aycicegi_yaglik,Ayçiçeği (Yağlık),47108.0,47108.0,183.0,8611.0
1237,Çatalca,İstanbul,2016,bugday,Buğday,72187.0,72187.0,374.0,27029.0
1237,Çatalca,İstanbul,2017,aycicegi_yaglik,Ayçiçeği (Yağlık),47227.0,47227.0,197.0,9314.0
1237,Çatalca,İstanbul,2017,bugday,Buğday,72187.0,72187.0,458.0,33070.0
1237,Çatalca,İstanbul,2018,aycicegi_yaglik,Ayçiçeği (Yağlık),47750.0,47750.0,202.0,9645.0
1237,Çatalca,İstanbul,2018,bugday,Buğday,71008.0,71008.0,458.0,32492.0
1237,Çatalca,İstanbul,2019,aycicegi_yaglik,Ayçiçeği (Yağlık),44777.0,44777.0,202.0,9045.0
1237,Çatalca,İstanbul,2019,bugday,Buğday,72187.0,72187.0,437.0,31555.0
1237,Çatalca,İstanbul,2020,aycicegi_yaglik,Ayçiçeği (Yağlık),38060.0,38060.0,267.0,10150.0
1237,Çatalca,İstanbul,2020,bugday,Buğday,77962.0,77962.0,430.0,33536.0
1237,Çatalca,İstanbul,2021,aycicegi_yaglik,Ayçiçeği (Yağlık),38060.0,38060.0,267.0,10162.0
1237,Çatalca,İstanbul,2021,bugday,Buğday,77962.0,77962.0,378.0,29470.0
1237,Çatalca,İstanbul,2022,aycicegi_yaglik,Ayçiçeği (Yağlık),55000.0,55000.0,242.0,13292.0
1237,Çatalca,İstanbul,2022,bugday,Buğday,70000.0,70000.0,477.0,33412.0
1237,Çatalca,İstanbul,2023,aycicegi_yaglik,Ayçiçeği (Yağlık),55000.0,55000.0,252.0,13855.0
1237,Çatalca,İstanbul,2023,bugday,Buğday,70000.0,70000.0,418.0,29246.0
1237,Çatalca,İstanbul,2024,aycicegi_yaglik,Ayçiçeği (Yağlık),55000.0,55000.0,250.0,13750.0
1237,Çatalca,İstanbul,2024,bugday,Buğday,70000.0,70000.0,446.0,31193.0
1237,Çatalca,İstanbul,2025,aycicegi_yaglik,Ayçiçeği (Yağlık),55000.0,55000.0,251.0,13817.0
1237,Çatalca,İstanbul,2025,bugday,Buğday,66500.0,66500.0,451.0,30024.0
