ilce_id,ilce,il,year,verim_kg_da,gdd_cum_season,gdd_flowering,vernalization_days,tp_season_sum,tp_winter_sum,tp_flowering,tp_grain_fill,aridity_index,heat_stress_days,t2m_flowering_mean,t2m_flowering_max,tdiff_mean,ssr_flowering_sum,ssr_season_sum,NDVI_greenup_mean,NDVI_peak_mean,NDVI_harvest_mean,NDRE_greenup_mean,NDRE_peak_mean,NDRE_harvest_mean,EVI_greenup_mean,EVI_peak_mean,EVI_harvest_mean,clay_0_30_mean,sand_0_30_mean,silt_0_30_mean,phh2o_0_30_mean,soc_0_30_mean,cec_0_30_mean,bdod_0_30_mean,nitrogen_0_30_mean,cfvo_0_30_mean,awc_0_30
1163,Babaeski,Kırklareli,2017,223.0,2428.81,553.2599999999999,0,273.97,,59.83,12.01,0.1916481994462084,39,25.58129032258065,33.62580645161291,14.356775956284151,802.7799999999997,4059.79,0.6732047323584615,0.6373720586813288,0.3233633082425745,0.4454494423424234,0.4156783037848893,0.2057366060342788,0.5508860404181798,0.4824275775768294,0.2246084798446977,32.044601386930566,34.54277260024433,33.41265304165573,7.041402080645782,16.475018901659183,22.85811115074474,1.3668838661271046,16.527334237568482,13.89952973044019,0.1383200458484389
1163,Babaeski,Kırklareli,2018,279.0,2519.59,541.5949999999999,0,258.65,,79.18,1.89,0.1945084466611531,42,25.350000000000005,31.60258064516129,13.068852459016396,740.6800000000001,4002.06,0.4379941052256705,0.644527651218647,0.3366532448733176,0.2899210294757375,0.4315488518049384,0.2154159069253937,0.3259387815377571,0.4776046343433152,0.2238950296234598,32.044601386930566,34.54277260024433,33.41265304165573,7.041402080645782,16.475018901659183,22.85811115074474,1.3668838661271046,16.527334237568482,13.89952973044019,0.1383200458484389
1163,Babaeski,Kırklareli,2019,278.0,2482.7200000000003,544.5500000000001,0,230.70000000000005,,45.38,31.68,0.1655446088164147,44,25.515483870967746,33.28645161290322,14.009344262295082,764.9699999999999,3977.57,0.538158315740908,0.6610557650917023,0.3286114926258036,0.3686480078454025,0.465270189829892,0.2082031285636705,0.4101393415680611,0.5024146323688773,0.2276277101153182,32.044601386930566,34.54277260024433,33.41265304165573,7.041402080645782,16.475018901659183,22.85811115074474,1.3668838661271046,16.527334237568482,13.89952973044019,0.1383200458484389
1163,Babaeski,Kırklareli,2020,300.0,2469.95,572.3299999999999,0,229.11,,1.84,7.41,0.1596645713575631,54,26.26612903225806,34.483548387096775,14.179945355191258,860.68,4106.630000000001,0.5209614042072684,0.666596527371653,0.3694091902668567,0.3429962301793319,0.4588844141642708,0.2379126158196569,0.3863282472150347,0.5038515972222423,0.2641144143631422,32.044601386930566,34.54277260024433,33.41265304165573,7.041402080645782,16.475018901659183,22.85811115074474,1.3668838661271046,16.527334237568482,13.89952973044019,0.1383200458484389
1163,Babaeski,Kırklareli,2021,282.0,2390.16,599.15,0,220.56,,14.4,13.81,0.166668432710007,55,27.134516129032253,35.18,13.302240437158469,819.3400000000001,3896.35,0.4244058271817346,0.6340490979471163,0.3665289547935051,0.2622372856481336,0.4448714656287416,0.2355116061051866,0.2972617590917712,0.4699995082921209,0.2420029085412904,32.044601386930566,34.54277260024433,33.41265304165573,7.041402080645782,16.475018901659183,22.85811115074474,1.3668838661271046,16.527334237568482,13.89952973044019,0.1383200458484389
1163,Babaeski,Kırklareli,2022,313.0,2495.07,581.8800000000001,0,221.16,,20.27,46.8,0.1556284782323186,50,26.649677419354838,34.76258064516129,14.103169398907104,833.4399999999999,4065.29,0.5589474225001438,0.6379755622848667,0.3785532046794544,0.37570099440988,0.4434940447525336,0.2488191325986342,0.4087904126811702,0.4742679733364639,0.2474479351188219,32.044601386930566,34.54277260024433,33.41265304165573,7.041402080645782,16.475018901659183,22.85811115074474,1.3668838661271046,16.527334237568482,13.89952973044019,0.1383200458484389
1163,Babaeski,Kırklareli,2023,192.0,2558.1450000000004,630.4299999999998,0,218.67,,19.77,10.48,0.1602755519781737,57,28.345161290322583,36.51870967741936,13.636120218579237,833.3900000000002,3850.99,0.302755111125698,0.6420489160104458,0.357609857820336,0.1847644097578662,0.4646085118396345,0.2354765344073982,0.2004243613668654,0.459660963214182,0.2531524168354543,32.044601386930566,34.54277260024433,33.41265304165573,7.041402080645782,16.475018901659183,22.85811115074474,1.3668838661271046,16.527334237568482,13.89952973044019,0.1383200458484389
1163,Babaeski,Kırklareli,2024,225.0,2786.885,648.5999999999999,0,172.17,,20.090000000000003,10.34,0.1138738987891553,58,28.8141935483871,36.67161290322581,14.260928961748634,805.9199999999998,4080.68,0.531444916821253,0.7174924537184193,0.5100999995654781,0.3412885052279905,0.5134643251494178,0.3237823401889758,0.3718676900715989,0.5620554330263748,0.3733377779944711,32.044601386930566,34.54277260024433,33.41265304165573,7.041402080645782,16.475018901659183,22.85811115074474,1.3668838661271046,16.527334237568482,13.89952973044019,0.1383200458484389
1250,Çerkezköy,Tekirdağ,2017,244.0,2154.745,493.51499999999993,0,305.87000000000006,,69.3,26.84,0.3013912998239427,7,23.69322580645161,28.41838709677419,8.890382513661203,765.2900000000002,3863.42,0.6418955678906941,0.6710247126793444,0.2512338444642504,0.4149638425282766,0.4391861288385487,0.1571895395119023,0.5430342952676492,0.5430789361838781,0.1698168736159283,31.9667908052483,26.242462258012768,41.79087608069002,7.100608838302079,23.69421701576953,24.282936125449567,1.3650246400568329,20.502382465203077,12.247519678354616,0.1536602060877509
1250,Çerkezköy,Tekirdağ,2018,210.0,2344.51,520.8,0,321.81000000000006,,83.59,3.86,0.3370030294850312,1,24.61483870967742,28.843225806451613,7.870710382513661,760.83,3806.11,0.3501491980626732,0.6069000096838385,0.2728635606359512,0.2191979826458918,0.3959474011611862,0.1668897337112564,0.2799202115813543,0.4692378554655581,0.1567303208897816,31.9667908052483,26.242462258012768,41.79087608069002,7.100608838302079,23.69421701576953,24.282936125449567,1.3650246400568329,20.502382465203077,12.247519678354616,0.1536602060877509
1250,Çerkezköy,Tekirdağ,2019,250.0,2236.675,486.3850000000001,0,234.3,,58.97,33.04,0.2355686366684858,3,23.52645161290323,28.098064516129035,8.29224043715847,743.0199999999999,3865.42,0.5866310780060936,0.6106043398865048,0.2031873190041032,0.4079053939150965,0.3885152883648926,0.1186818834998369,0.5058106239230824,0.4772084257346565,0.1328736778636362,31.9667908052483,26.242462258012768,41.79087608069002,7.100608838302079,23.69421701576953,24.282936125449567,1.3650246400568329,20.502382465203077,12.247519678354616,0.1536602060877509
1250,Çerkezköy,Tekirdağ,2020,245.0,2211.53,497.5299999999999,0,202.31,,4.930000000000001,9.72,0.1978728792012617,2,23.88677419354839,28.284838709677423,8.529617486338799,803.9700000000001,3954.750000000001,0.6491465694121386,0.5790468207667498,0.2530051568650421,0.4515248890535587,0.374919013483782,0.1540992956889619,0.5646238081661972,0.4278202049587587,0.1664271240717295,31.9667908052483,26.242462258012768,41.79087608069002,7.100608838302079,23.69421701576953,24.282936125449567,1.3650246400568329,20.502382465203077,12.247519678354616,0.1536602060877509
1250,Çerkezköy,Tekirdağ,2021,220.0,2187.8100000000004,536.8900000000001,0,222.63,,17.92,13.039999999999996,0.2250211585791207,16,25.12967741935484,29.785806451612903,8.39415300546448,772.84,3821.6,0.3734445215486324,0.590652430938461,0.2859472429465663,0.2424316936664323,0.3956212570283275,0.1783407575393268,0.2833064390582914,0.4279928354378586,0.1758989959845824,31.9667908052483,26.242462258012768,41.79087608069002,7.100608838302079,23.69421701576953,24.282936125449567,1.3650246400568329,20.502382465203077,12.247519678354616,0.1536602060877509
1250,Çerkezköy,Tekirdağ,2022,163.0,2219.985,493.715,0,250.24,,46.67,45.26,0.2428148439383689,3,23.731612903225805,28.196451612903232,8.666721311475408,826.1899999999999,3973.69,0.4451623971107559,0.5775563415602397,0.31906014837142,0.286953719468363,0.4044133983241519,0.207670360520439,0.3515181117506347,0.4484307831662701,0.2174184740163182,31.9667908052483,26.242462258012768,41.79087608069002,7.100608838302079,23.69421701576953,24.282936125449567,1.3650246400568329,20.502382465203077,12.247519678354616,0.1536602060877509
1250,Çerkezköy,Tekirdağ,2023,105.0,2286.835,554.205,0,206.85,,12.63,7.15,0.2119627564773014,17,25.791612903225808,31.065483870967743,8.205956284153006,809.2,3725.74,0.3602612963704221,0.5767355841958004,0.2731062212710411,0.2477842619541476,0.396905727055931,0.171921409721839,0.2590977113625343,0.4044775190243775,0.1777887771815086,31.9667908052483,26.242462258012768,41.79087608069002,7.100608838302079,23.69421701576953,24.282936125449567,1.3650246400568329,20.502382465203077,12.247519678354616,0.1536602060877509
1250,Çerkezköy,Tekirdağ,2024,140.0,2496.9,574.9400000000002,0,172.32,,17.54,7.75,0.1610404928307287,14,26.32258064516129,30.92419354838709,8.491147540983608,774.4100000000002,3954.74,0.511907864822414,0.5794906689390078,0.4157066373756468,0.3585268313701277,0.394607233810589,0.2681589762286722,0.3893658025673805,0.4369053598549097,0.2581589238967593,31.9667908052483,26.242462258012768,41.79087608069002,7.100608838302079,23.69421701576953,24.282936125449567,1.3650246400568329,20.502382465203077,12.247519678354616,0.1536602060877509
1258,Çorlu,Tekirdağ,2017,234.0,2367.565,537.8,0,234.37,,44.31,17.209999999999997,0.1910669321269303,25,25.10129032258065,31.197741935483872,10.87431693989071,802.7799999999997,4059.79,0.701743914535322,0.6484437900674176,0.2207811692010203,0.4594169250339365,0.4003548357587054,0.1379042686243868,0.5808958389285753,0.4960169221589258,0.1450118845836185,32.76979350280189,27.549256173640423,39.680625164765246,7.18790568066837,23.75806297946314,25.39492065186737,1.37668312849405,20.533934991863703,13.238977900724644,0.1501980622260275
1258,Çorlu,Tekirdağ,2018,220.0,2524.53,557.21,0,272.72,,79.53,1.01,0.2364984417699735,15,25.91161290322581,30.81548387096775,9.810601092896176,740.6800000000001,4002.06,0.4143983933347404,0.6200120603497722,0.2475584277032019,0.2752412321435307,0.3954042897175727,0.1503999267552341,0.3159109483754982,0.4596953729006912,0.1347963003649253,32.76979350280189,27.549256173640423,39.680625164765246,7.18790568066837,23.75806297946314,25.39492065186737,1.37668312849405,20.533934991863703,13.238977900724644,0.1501980622260275
1258,Çorlu,Tekirdağ,2019,235.0,2419.735,520.565,0,172.78,,31.85,19.75,0.1463891883627011,22,24.761612903225803,30.46806451612904,10.292950819672132,764.9699999999999,3977.57,0.6427909551630853,0.5912800570977197,0.1924945175894263,0.458488870670069,0.3709995310119648,0.1160663894704384,0.5062139249115359,0.412776120946237,0.1223621917831437,32.76979350280189,27.549256173640423,39.680625164765246,7.18790568066837,23.75806297946314,25.39492065186737,1.37668312849405,20.533934991863703,13.238977900724644,0.1501980622260275
1258,Çorlu,Tekirdağ,2020,267.0,2400.71,535.4399999999999,0,219.83,,7.03,10.909999999999998,0.1790530606936657,24,25.127096774193557,31.142258064516124,10.639562841530056,860.68,4106.630000000001,0.6689539375017057,0.5890389861622983,0.1936700796645541,0.4526195523968963,0.3769985836166375,0.1155312613726139,0.5231688279490061,0.4003624712332979,0.1219309697441893,32.76979350280189,27.549256173640423,39.680625164765246,7.18790568066837,23.75806297946314,25.39492065186737,1.37668312849405,20.533934991863703,13.238977900724644,0.1501980622260275
1258,Çorlu,Tekirdağ,2021,250.0,2382.5199999999995,577.4,0,211.36,,13.469999999999995,12.929999999999998,0.1844493398684364,34,26.508064516129032,32.46129032258064,10.046939890710384,819.3400000000001,3896.35,0.3299825422026676,0.5959774971988587,0.231344706957785,0.2081349335283308,0.3946623229587477,0.1432813052544211,0.2224207908928472,0.4276535086006421,0.1343869842281295,32.76979350280189,27.549256173640423,39.680625164765246,7.18790568066837,23.75806297946314,25.39492065186737,1.37668312849405,20.533934991863703,13.238977900724644,0.1501980622260275
1258,Çorlu,Tekirdağ,2022,174.0,2436.91,533.1850000000001,0,193.1,,21.9,42.79,0.1586001923201454,22,25.059677419354845,30.976129032258065,10.63912568306011,833.4399999999999,4065.29,0.5841511006877037,0.6076742038712557,0.2205962209293661,0.4050923217387756,0.426939344066458,0.1423204188856155,0.4375930719628709,0.4371292740380296,0.126554835112081,32.76979350280189,27.549256173640423,39.680625164765246,7.18790568066837,23.75806297946314,25.39492065186737,1.37668312849405,20.533934991863703,13.238977900724644,0.1501980622260275
1258,Çorlu,Tekirdağ,2023,88.0,2486.13,603.845,0,186.24,,11.19,3.1899999999999995,0.1596350414261402,44,27.444193548387094,33.73064516129032,10.268415300546447,833.3900000000002,3850.99,0.3146909224649419,0.5995358790615596,0.2767848124197604,0.2061347842367633,0.4171007420452398,0.1768745324894191,0.2271909183738488,0.445857155481861,0.184997681693592,32.76979350280189,27.549256173640423,39.680625164765246,7.18790568066837,23.75806297946314,25.39492065186737,1.37668312849405,20.533934991863703,13.238977900724644,0.1501980622260275
1258,Çorlu,Tekirdağ,2024,160.0,2694.8700000000003,615.275,0,135.59,,7.81,5.0200000000000005,0.1057432703610228,47,27.701935483870965,33.66193548387097,10.677814207650274,805.9199999999998,4080.68,0.4653029005524581,0.5875873159226604,0.3302891454841808,0.3267684858632139,0.4025651524477002,0.20656824366532,0.335322846380737,0.4278104482581009,0.2066423099580158,32.76979350280189,27.549256173640423,39.680625164765246,7.18790568066837,23.75806297946314,25.39492065186737,1.37668312849405,20.533934991863703,13.238977900724644,0.1501980622260275
1295,Merkez,Edirne,2017,252.0,2400.0550000000003,550.7,0,278.05999999999995,,58.8,11.7,0.1970094465124196,42,25.526129032258066,33.60096774193548,14.345792349726777,775.2200000000001,4016.24,0.5075066475093337,0.7746709732611236,0.6065280177685809,0.2687603004276497,0.5664311355718782,0.3897757178058498,0.3298813809156445,0.6274806913100462,0.4767207411866982,35.35330777128564,26.776215061773332,37.87055623511415,7.127822326580659,16.259891495052056,25.235007996989395,1.4078286236065178,15.338191217992945,9.871617606339337,0.144080682175144
1295,Merkez,Edirne,2018,262.0,2478.4700000000003,527.24,0,255.97000000000003,,79.02000000000001,1.62,0.1917127138163484,38,24.903548387096777,30.955483870967743,13.20918032786885,733.86,4012.95,0.4700016099299395,0.7009350868058436,0.4383033250027463,0.2910203118140085,0.4836371622195926,0.2801619146373445,0.3256411805760378,0.5521909270557978,0.324806058069882,35.35330777128564,26.776215061773332,37.87055623511415,7.127822326580659,16.259891495052056,25.235007996989395,1.4078286236065178,15.338191217992945,9.871617606339337,0.144080682175144
1295,Merkez,Edirne,2019,262.0,2444.41,540.6949999999999,0,249.86,,49.06,38.69,0.1798377745444139,44,25.4158064516129,33.05064516129032,14.052240437158472,756.7299999999999,3987.36,0.4905763113491293,0.7409227827606849,0.4776398937612721,0.29774926662919,0.5358325076606761,0.2970582850386432,0.3449255853912162,0.5969755800878701,0.3547910777797296,35.35330777128564,26.776215061773332,37.87055623511415,7.127822326580659,16.259891495052056,25.235007996989395,1.4078286236065178,15.338191217992945,9.871617606339337,0.144080682175144
1295,Merkez,Edirne,2020,254.0,2437.1900000000005,570.1449999999999,0,232.21,,0.6900000000000001,5.71,0.1643408622039882,56,26.316129032258072,34.38032258064517,14.233551912568307,836.0299999999999,4054.02,0.4112947125666951,0.7834505769588108,0.6116353924526591,0.2280838862624721,0.5779864249322582,0.3889871368395914,0.2673083940193932,0.6312058447286079,0.4742036888803715,35.35330777128564,26.776215061773332,37.87055623511415,7.127822326580659,16.259891495052056,25.235007996989395,1.4078286236065178,15.338191217992945,9.871617606339337,0.144080682175144
1295,Merkez,Edirne,2021,258.0,2375.25,598.9699999999999,0,223.95,,14.43,13.18,0.1669580034955597,54,27.21903225806452,35.25774193548387,13.4903825136612,823.1500000000002,3943.41,0.4464067087335561,0.7249639588830608,0.5006840009561063,0.2558422854517669,0.5284963457362765,0.3180332995108451,0.2854574461711794,0.5819122375261823,0.3936869259079538,35.35330777128564,26.776215061773332,37.87055623511415,7.127822326580659,16.259891495052056,25.235007996989395,1.4078286236065178,15.338191217992945,9.871617606339337,0.144080682175144
1295,Merkez,Edirne,2022,250.0,2475.5550000000003,585.2600000000001,0,230.32,,22.35,52.86000000000001,0.1622056771806218,49,26.874838709677416,34.89290322580646,14.071912568306008,831.5500000000002,4073.07,0.5755703085453441,0.7499753808795548,0.5472948293637652,0.3470309437594321,0.5347428963019147,0.3418564142125117,0.393958574532084,0.5876924947797376,0.416752166512694,35.35330777128564,26.776215061773332,37.87055623511415,7.127822326580659,16.259891495052056,25.235007996989395,1.4078286236065178,15.338191217992945,9.871617606339337,0.144080682175144
1295,Merkez,Edirne,2023,202.0,2509.65,629.6449999999999,0,222.94,,21.450000000000003,12.349999999999998,0.166507560570836,55,28.30967741935484,36.32774193548387,13.614590163934428,808.1800000000001,3806.9699999999993,0.35173627361389,0.7425996221092452,0.5618162397898144,0.1814145074965335,0.5434318185872666,0.3664130934229794,0.2143775827969165,0.5809975440249034,0.4495230466613639,35.35330777128564,26.776215061773332,37.87055623511415,7.127822326580659,16.259891495052056,25.235007996989395,1.4078286236065178,15.338191217992945,9.871617606339337,0.144080682175144
1295,Merkez,Edirne,2024,123.0,2781.3,639.84,0,184.0,,23.96,12.02,0.1225132004475646,56,28.700645161290325,36.40741935483871,14.36863387978142,779.2800000000002,4035.940000000001,0.462264046278438,0.7971186347010956,0.6257372314692062,0.2531081073851102,0.5939828206735932,0.3814648938285271,0.2810058563208098,0.6463594372398302,0.4925786264487672,35.35330777128564,26.776215061773332,37.87055623511415,7.127822326580659,16.259891495052056,25.235007996989395,1.4078286236065178,15.338191217992945,9.871617606339337,0.144080682175144
1307,Enez,Edirne,2017,256.0,2512.3,555.5749999999999,0,160.38,,31.68,6.6,0.1502766983184117,13,25.80258064516129,29.98451612903226,7.314426229508195,819.4899999999999,4238.02,0.4398444411718754,0.7631798444791814,0.5606830214473378,0.2075299388470727,0.5351390847153705,0.3449636884088702,0.268485561279677,0.6209888754482156,0.4376086725088408,33.34704617384148,31.319618831223384,35.33356255220343,7.05404419860516,24.59054110973175,22.46671644384755,1.4442541526154065,18.876399105180163,13.301773156465895,0.1442056554679942
1307,Enez,Edirne,2018,276.0,2664.84,573.1500000000001,0,198.28,,56.56,0.17,0.1943268895427443,0,26.562903225806448,29.557741935483868,6.832240437158468,798.4799999999999,4150.03,0.3725134560710235,0.7629654653482083,0.5712413298054065,0.1840967242736887,0.5485179233007356,0.3602405522656092,0.2253004559775141,0.634763457072677,0.4637519378888288,33.34704617384148,31.319618831223384,35.33356255220343,7.05404419860516,24.59054110973175,22.46671644384755,1.4442541526154065,18.876399105180163,13.301773156465895,0.1442056554679942
1307,Enez,Edirne,2019,282.0,2557.26,542.53,0,175.67000000000002,,35.38,11.73,0.1680550582871994,10,25.52612903225806,29.41354838709677,6.953442622950819,824.9899999999999,4212.64,0.4334920618492316,0.7507246716178279,0.5020153609479706,0.233944798694826,0.5310413461212888,0.3066479281224788,0.2764513623898683,0.6304616894514754,0.3868028531806834,33.34704617384148,31.319618831223384,35.33356255220343,7.05404419860516,24.59054110973175,22.46671644384755,1.4442541526154065,18.876399105180163,13.301773156465895,0.1442056554679942
1307,Enez,Edirne,2020,292.0,2505.085,556.035,0,177.70999999999998,,2.72,5.619999999999998,0.1659613397629723,15,25.85967741935484,30.2858064516129,7.215573770491804,878.3400000000001,4285.5,0.4039096980696186,0.7842702960390407,0.639216191079799,0.1913072675481046,0.564388105286668,0.4007285349518819,0.2335055252448722,0.6309494772313363,0.5233363911747767,33.34704617384148,31.319618831223384,35.33356255220343,7.05404419860516,24.59054110973175,22.46671644384755,1.4442541526154065,18.876399105180163,13.301773156465895,0.1442056554679942
1307,Enez,Edirne,2021,202.0,2523.885,591.835,0,202.38,,6.430000000000001,6.0,0.1999666781704514,19,27.08096774193549,31.023870967741928,6.549125683060111,852.5899999999999,4231.27,0.3662913549881689,0.7643164782370511,0.5386530796828559,0.1737042978398816,0.5508924140041722,0.3242814988161967,0.2163112996405565,0.6221023844433349,0.4117482512933244,33.34704617384148,31.319618831223384,35.33356255220343,7.05404419860516,24.59054110973175,22.46671644384755,1.4442541526154065,18.876399105180163,13.301773156465895,0.1442056554679942
1307,Enez,Edirne,2022,195.0,2538.4350000000004,552.26,0,192.88,,20.98,78.08,0.1820536449611694,8,25.737419354838707,30.04290322580645,7.119071038251366,846.59,4259.530000000001,0.4606404564087851,0.7311976842756729,0.5315617076050075,0.2473227199845341,0.5149930334165267,0.3274984660249359,0.2756726300740809,0.5718925278450253,0.4057226771167996,33.34704617384148,31.319618831223384,35.33356255220343,7.05404419860516,24.59054110973175,22.46671644384755,1.4442541526154065,18.876399105180163,13.301773156465895,0.1442056554679942
1307,Enez,Edirne,2023,157.0,2548.4450000000006,604.4449999999999,0,149.02,,10.38,1.16,0.1502411724007007,19,27.56032258064516,31.494516129032256,6.963333333333333,852.4700000000001,3944.62,0.2663292214713115,0.7588314859932002,0.6315899690022335,0.0933289022158025,0.5389685111858795,0.3868159141938496,0.1463911385518573,0.5842839309563974,0.5057424979425618,33.34704617384148,31.319618831223384,35.33356255220343,7.05404419860516,24.59054110973175,22.46671644384755,1.4442541526154065,18.876399105180163,13.301773156465895,0.1442056554679942
1307,Enez,Edirne,2024,130.0,2806.3099999999995,626.4150000000001,0,127.25,,4.85,3.9,0.1143037994467491,28,28.236451612903227,32.32741935483871,7.255628415300545,821.7900000000001,4235.79,0.4215158549002447,0.8199931296812926,0.6233603473226256,0.1907991787255074,0.5853105839536964,0.3505410152395346,0.2314771819496206,0.6634144826867154,0.4592397911506539,33.34704617384148,31.319618831223384,35.33356255220343,7.05404419860516,24.59054110973175,22.46671644384755,1.4442541526154065,18.876399105180163,13.301773156465895,0.1442056554679942
1385,Havsa,Edirne,2017,259.0,2428.81,553.2599999999999,0,273.97,,59.83,12.01,0.1938683738695647,39,25.58129032258065,33.62580645161291,14.356775956284151,775.2200000000001,4016.24,0.5465807211877894,0.6640961488329745,0.4185395851216343,0.3471130955179903,0.4599708876038535,0.2713847498050049,0.4159900862836221,0.5100888116955773,0.2977390834135791,34.77493331043288,27.729424510283444,37.495479157883096,7.072161291254849,16.54083219798772,23.60046633999993,1.384796447040716,16.40839381533852,10.922846045381643,0.1438636327581214
1385,Havsa,Edirne,2018,233.0,2519.59,541.5949999999999,0,258.65,,79.18,1.89,0.1942220122962503,42,25.350000000000005,31.60258064516129,13.068852459016396,733.86,4012.95,0.4033217072114076,0.6471218592003513,0.3758909168134289,0.2599018165383647,0.4369963632346562,0.2392349535247643,0.2915246057868831,0.4928507544257344,0.2566440950954531,34.77493331043288,27.729424510283444,37.495479157883096,7.072161291254849,16.54083219798772,23.60046633999993,1.384796447040716,16.40839381533852,10.922846045381643,0.1438636327581214
1385,Havsa,Edirne,2019,212.0,2482.7200000000003,544.5500000000001,0,230.70000000000005,,45.38,31.68,0.1655486325851696,44,25.515483870967746,33.28645161290322,14.009344262295082,756.7299999999999,3987.36,0.5116339212364818,0.6819295762371426,0.3979372216499701,0.3343560186118413,0.4827583268549193,0.2521655636912224,0.3801125940941057,0.5304172189245493,0.2848578043970562,34.77493331043288,27.729424510283444,37.495479157883096,7.072161291254849,16.54083219798772,23.60046633999993,1.384796447040716,16.40839381533852,10.922846045381643,0.1438636327581214
1385,Havsa,Edirne,2020,224.0,2469.95,572.3299999999999,0,229.11,,1.84,7.41,0.1622940337738141,54,26.26612903225806,34.483548387096775,14.179945355191258,836.0299999999999,4054.02,0.4366401586440311,0.736531916906838,0.5172724052002807,0.2711982546465668,0.5398969029687798,0.3332415879814812,0.2812445869329225,0.5653521211210014,0.3727221444153486,34.77493331043288,27.729424510283444,37.495479157883096,7.072161291254849,16.54083219798772,23.60046633999993,1.384796447040716,16.40839381533852,10.922846045381643,0.1438636327581214
1385,Havsa,Edirne,2021,250.0,2390.16,599.15,0,220.56,,14.4,13.81,0.1653928520362352,55,27.134516129032253,35.18,13.302240437158469,823.1500000000002,3943.41,0.4469950022795808,0.6967940429096987,0.47859771849016,0.2768923421014814,0.5036330980096795,0.309504263732227,0.2925218569669698,0.5419255232868765,0.3443706513156345,34.77493331043288,27.729424510283444,37.495479157883096,7.072161291254849,16.54083219798772,23.60046633999993,1.384796447040716,16.40839381533852,10.922846045381643,0.1438636327581214
1385,Havsa,Edirne,2022,241.0,2495.07,581.8800000000001,0,221.16,,20.27,46.8,0.1558961648516955,50,26.649677419354838,34.76258064516129,14.103169398907104,831.5500000000002,4073.07,0.5907400725332543,0.6838807552526114,0.4831768706596616,0.3977036548018969,0.4784635355454261,0.3164208371474241,0.4305575317812949,0.5224021853753589,0.338513869351643,34.77493331043288,27.729424510283444,37.495479157883096,7.072161291254849,16.54083219798772,23.60046633999993,1.384796447040716,16.40839381533852,10.922846045381643,0.1438636327581214
1385,Havsa,Edirne,2023,231.0,2558.1450000000004,630.4299999999998,0,218.67,,19.77,10.48,0.1624380392253557,57,28.345161290322583,36.51870967741936,13.636120218579237,808.1800000000001,3806.9699999999993,0.3164137799958609,0.7004503940150261,0.4745086303310674,0.1893853054793403,0.5151406519724668,0.3161272554724832,0.2030923499882043,0.5216054157584504,0.3506829157033163,34.77493331043288,27.729424510283444,37.495479157883096,7.072161291254849,16.54083219798772,23.60046633999993,1.384796447040716,16.40839381533852,10.922846045381643,0.1438636327581214
1385,Havsa,Edirne,2024,132.0,2786.885,648.5999999999999,0,172.17,,20.090000000000003,10.34,0.1155264255809047,58,28.8141935483871,36.67161290322581,14.260928961748634,779.2800000000002,4035.940000000001,0.5215110200204158,0.7597571758490425,0.5547769179416557,0.3327599490280304,0.5610793575903615,0.3541612502780309,0.3368593527506042,0.5875269841976886,0.41027155459639,34.77493331043288,27.729424510283444,37.495479157883096,7.072161291254849,16.54083219798772,23.60046633999993,1.384796447040716,16.40839381533852,10.922846045381643,0.1438636327581214
1388,Hayrabolu,Tekirdağ,2017,239.0,2441.805,560.5649999999999,0,221.77,,43.46,10.46,0.1550423628175176,39,25.76838709677419,33.88483870967742,14.358688524590166,802.7799999999997,4059.79,0.6445933566363353,0.6481942947243203,0.285903233330644,0.4253678303940737,0.4206269994878473,0.1837393104685454,0.5107870187327336,0.485987677891978,0.1892529820398132,34.55339040461345,28.153589910529043,37.29251163659894,6.961950432854846,22.050150263441097,25.44050984105611,1.3760560632397492,19.19073674240812,14.194093191240473,0.1453713234397518
1388,Hayrabolu,Tekirdağ,2018,250.0,2545.095,557.055,0,226.77,,69.7,0.3299999999999999,0.1698464814518727,46,25.848064516129032,32.31935483870968,13.023989071038253,740.6800000000001,4002.06,0.4615448991342064,0.6664139168067816,0.3160769782777097,0.3007601895717292,0.440329416439304,0.2010768055369967,0.3324039464168853,0.5024178808219433,0.2088926112737968,34.55339040461345,28.153589910529043,37.29251163659894,6.961950432854846,22.050150263441097,25.44050984105611,1.3760560632397492,19.19073674240812,14.194093191240473,0.1453713234397518
1388,Hayrabolu,Tekirdağ,2019,270.0,2469.15,538.27,0,200.81000000000003,,38.11000000000001,19.32,0.1454960574872206,46,25.375161290322584,33.07322580645161,13.799508196721307,764.9699999999999,3977.57,0.4775466400353395,0.6768080267934243,0.3149375628072129,0.3013535318917883,0.4631682713101374,0.1949902559245236,0.3462764387706672,0.5172374440390011,0.2213558077749185,34.55339040461345,28.153589910529043,37.29251163659894,6.961950432854846,22.050150263441097,25.44050984105611,1.3760560632397492,19.19073674240812,14.194093191240473,0.1453713234397518
1388,Hayrabolu,Tekirdağ,2020,233.0,2460.79,568.9150000000001,0,200.93,,2.39,7.19,0.1407585106655526,54,26.134516129032257,34.33,14.056284153005466,860.68,4106.630000000001,0.4311894025900646,0.6570492023715192,0.3443795628886183,0.2737952284517001,0.4510193249429678,0.2129259372559382,0.3185316784717222,0.4792834496452622,0.2408161535764928,34.55339040461345,28.153589910529043,37.29251163659894,6.961950432854846,22.050150263441097,25.44050984105611,1.3760560632397492,19.19073674240812,14.194093191240473,0.1453713234397518
1388,Hayrabolu,Tekirdağ,2021,230.0,2390.5150000000003,592.72,0,225.5,,9.85,9.75,0.1717859366235584,56,26.89838709677419,34.90161290322581,13.141475409836064,819.3400000000001,3896.35,0.2887419670967667,0.6351766590147679,0.3155512139653285,0.167769952577631,0.4386152496995081,0.196291944839537,0.1753423481583636,0.4678775235666604,0.1981361909662327,34.55339040461345,28.153589910529043,37.29251163659894,6.961950432854846,22.050150263441097,25.44050984105611,1.3760560632397492,19.19073674240812,14.194093191240473,0.1453713234397518
1388,Hayrabolu,Tekirdağ,2022,193.0,2479.795,567.7499999999999,0,212.62,,16.509999999999998,65.92999999999999,0.1517249867373177,48,26.16741935483871,34.218709677419355,13.788688524590164,833.4399999999999,4065.29,0.4552437063766665,0.650548853568865,0.2988130715899723,0.2894218219420079,0.4648080699165819,0.1912626303764656,0.3059620271005799,0.4816222092376797,0.182618191385769,34.55339040461345,28.153589910529043,37.29251163659894,6.961950432854846,22.050150263441097,25.44050984105611,1.3760560632397492,19.19073674240812,14.194093191240473,0.1453713234397518
1388,Hayrabolu,Tekirdağ,2023,113.0,2544.955,626.855,0,178.61,,15.98,4.839999999999999,0.1321483854050988,57,28.177419354838708,36.34838709677419,13.451639344262295,833.3900000000002,3850.99,0.2888697583829314,0.6196209439946966,0.3416648859253323,0.1768086076341014,0.4409623261205713,0.2195651210788421,0.1870347834840692,0.4368355850829145,0.2269375939665474,34.55339040461345,28.153589910529043,37.29251163659894,6.961950432854846,22.050150263441097,25.44050984105611,1.3760560632397492,19.19073674240812,14.194093191240473,0.1453713234397518
1388,Hayrabolu,Tekirdağ,2024,181.0,2784.83,652.2099999999999,0,149.42,,9.589999999999998,6.890000000000001,0.0996070644436794,58,28.842903225806456,36.8158064516129,14.086120218579236,805.9199999999998,4080.68,0.5186166206074009,0.7078090582744153,0.4618539876853258,0.3184062573247794,0.493223499564642,0.2840402822561922,0.3374472220579947,0.5389269230555962,0.329078957781505,34.55339040461345,28.153589910529043,37.29251163659894,6.961950432854846,22.050150263441097,25.44050984105611,1.3760560632397492,19.19073674240812,14.194093191240473,0.1453713234397518
1412,İpsala,Edirne,2017,217.0,2570.71,580.4749999999999,0,220.15,,43.63,9.56,0.1526146419219781,44,26.49838709677419,33.80838709677419,13.0568306010929,819.4899999999999,4238.02,0.4407923738327549,0.7947460245292016,0.5938252947266579,0.2041455943130518,0.5698603334174491,0.3674766981808824,0.2446188455200787,0.6586288388072601,0.4704581112041439,38.14176032014522,27.78282607438599,34.07534077984919,7.095934027412227,26.808153730845717,23.223344496025472,1.4294074112601491,19.49999567204479,14.1408003072667,0.1399830853306808
1412,İpsala,Edirne,2018,266.0,2671.28,570.1750000000001,0,226.13,,69.61,0.38,0.1664935217026716,45,26.39967741935483,32.06677419354839,12.07289617486339,798.4799999999999,4150.03,0.4438309066944302,0.8134902258458766,0.6525959633067822,0.223681688207744,0.6009250222604215,0.4059226241279973,0.2598453975787438,0.6925767361397963,0.5411103289135657,38.14176032014522,27.78282607438599,34.07534077984919,7.095934027412227,26.808153730845717,23.223344496025472,1.4294074112601491,19.49999567204479,14.1408003072667,0.1399830853306808
1412,İpsala,Edirne,2019,267.0,2599.42,561.9200000000001,0,208.86,,40.73,21.92,0.146935876249813,45,26.165806451612895,33.171290322580646,12.637158469945357,824.9899999999999,4212.64,0.4712206210352178,0.7943121261118632,0.5328907543545832,0.2484375471355638,0.5733333409542604,0.3147627754146594,0.2867447394471913,0.6665392317066633,0.4252987253437758,38.14176032014522,27.78282607438599,34.07534077984919,7.095934027412227,26.808153730845717,23.223344496025472,1.4294074112601491,19.49999567204479,14.1408003072667,0.1399830853306808
1412,İpsala,Edirne,2020,247.0,2581.635,593.505,0,201.61,,1.6700000000000002,6.57,0.1392244596138856,57,27.027741935483867,34.5116129032258,12.859508196721311,878.3400000000001,4285.5,0.3935013488370065,0.8159227821759859,0.6448093965535175,0.1773709174128723,0.5958924788800521,0.3979416698786508,0.2103822085113584,0.6760638148892576,0.5217714523538265,38.14176032014522,27.78282607438599,34.07534077984919,7.095934027412227,26.808153730845717,23.223344496025472,1.4294074112601491,19.49999567204479,14.1408003072667,0.1399830853306808
1412,İpsala,Edirne,2021,214.0,2517.925,616.2550000000001,0,225.22,,9.25,9.93,0.1636811360217807,58,27.756129032258062,34.968709677419355,12.018087431693989,852.5899999999999,4231.27,0.3654724986543433,0.806345651741254,0.5976990648928319,0.1568400204136396,0.5948742731126365,0.3579256792655536,0.1841594707847665,0.6767364372912836,0.4602935926649777,38.14176032014522,27.78282607438599,34.07534077984919,7.095934027412227,26.808153730845717,23.223344496025472,1.4294074112601491,19.49999567204479,14.1408003072667,0.1399830853306808
1412,İpsala,Edirne,2022,252.0,2616.8150000000005,598.47,0,215.72000000000003,,16.08,69.1,0.1504300977775176,49,27.241612903225807,34.55483870967742,12.657158469945356,846.59,4259.530000000001,0.4556077832462184,0.7771493387920413,0.5850001179336417,0.2321535548918473,0.5539510209582661,0.3544041366356117,0.2605958233672996,0.6187889106276061,0.4504511978845386,38.14176032014522,27.78282607438599,34.07534077984919,7.095934027412227,26.808153730845717,23.223344496025472,1.4294074112601491,19.49999567204479,14.1408003072667,0.1399830853306808
1412,İpsala,Edirne,2023,147.0,2654.1600000000003,642.575,0,179.13,,17.44,5.099999999999999,0.1331881026153303,56,28.74935483870968,35.95645161290323,12.400218579234972,852.4700000000001,3944.62,0.2772161957975282,0.7947220018938667,0.649957413026741,0.0912363480916467,0.5754233858405102,0.3932517438587293,0.1410947749155094,0.6353214456878601,0.5265728895051401,38.14176032014522,27.78282607438599,34.07534077984919,7.095934027412227,26.808153730845717,23.223344496025472,1.4294074112601491,19.49999567204479,14.1408003072667,0.1399830853306808
1412,İpsala,Edirne,2024,142.0,2925.3949999999995,671.4700000000001,0,153.26,,10.72,7.6,0.1011665949866576,59,29.594838709677425,36.66774193548388,12.926502732240436,821.7900000000001,4235.79,0.5000542027452605,0.8399428810759335,0.6657571571014167,0.2408834740760854,0.6066053869750493,0.3835500117793697,0.2777622919881614,0.6980904456052444,0.5093626134771226,38.14176032014522,27.78282607438599,34.07534077984919,7.095934027412227,26.808153730845717,23.223344496025472,1.4294074112601491,19.49999567204479,14.1408003072667,0.1399830853306808
1464,Keşan,Edirne,2017,255.0,2441.805,560.5649999999999,0,221.77,,43.46,10.46,0.1494003660449384,39,25.76838709677419,33.88483870967742,14.358688524590166,819.4899999999999,4238.02,0.5289075055767101,0.6757880395648386,0.3559128703334064,0.3278553071573966,0.4477828949427426,0.2220368764073757,0.3978570398968573,0.5311263835922438,0.2482526545476125,35.15196002146129,29.660550571619662,35.18757896151892,6.901963865312725,24.34800458303569,23.37749455757817,1.4212209671206149,19.901640802099333,14.3041691654208,0.1430246356213609
1464,Keşan,Edirne,2018,260.0,2545.095,557.055,0,226.77,,69.7,0.3299999999999999,0.1638104366468034,46,25.848064516129032,32.31935483870968,13.023989071038253,798.4799999999999,4150.03,0.4026294909058436,0.6717168064815962,0.4036336097244755,0.2453499327002367,0.4485406484496587,0.2505798204295179,0.28070856815077,0.5261304452401417,0.2873384587744704,35.15196002146129,29.660550571619662,35.18757896151892,6.901963865312725,24.34800458303569,23.37749455757817,1.4212209671206149,19.901640802099333,14.3041691654208,0.1430246356213609
1464,Keşan,Edirne,2019,257.0,2469.15,538.27,0,200.81000000000003,,38.11000000000001,19.32,0.1379018725717103,46,25.375161290322584,33.07322580645161,13.799508196721307,824.9899999999999,4212.64,0.4292227196328215,0.690289300874632,0.3576517391021665,0.2615697129477527,0.4685777111003683,0.2209585895869786,0.295324311169587,0.5505385486505846,0.2487613715925836,35.15196002146129,29.660550571619662,35.18757896151892,6.901963865312725,24.34800458303569,23.37749455757817,1.4212209671206149,19.901640802099333,14.3041691654208,0.1430246356213609
1464,Keşan,Edirne,2020,249.0,2460.79,568.9150000000001,0,200.93,,2.39,7.19,0.1352908010262218,54,26.134516129032257,34.33,14.056284153005466,878.3400000000001,4285.5,0.3844976432982934,0.7199277735747782,0.4936453702252,0.211924783013545,0.5012330306033654,0.3030146551962844,0.257777093361536,0.5538988070139742,0.3733159712854297,35.15196002146129,29.660550571619662,35.18757896151892,6.901963865312725,24.34800458303569,23.37749455757817,1.4212209671206149,19.901640802099333,14.3041691654208,0.1430246356213609
1464,Keşan,Edirne,2021,279.0,2390.5150000000003,592.72,0,225.5,,9.85,9.75,0.1598148500073566,56,26.89838709677419,34.90161290322581,13.141475409836064,852.5899999999999,4231.27,0.3190225145847321,0.6912610589895114,0.434702326369617,0.1702001761869621,0.4792640102890275,0.2643972260304659,0.2038479861197293,0.5382565131013153,0.3083398698674161,35.15196002146129,29.660550571619662,35.18757896151892,6.901963865312725,24.34800458303569,23.37749455757817,1.4212209671206149,19.901640802099333,14.3041691654208,0.1430246356213609
1464,Keşan,Edirne,2022,268.0,2479.795,567.7499999999999,0,212.62,,16.509999999999998,65.92999999999999,0.145531644159199,48,26.16741935483871,34.218709677419355,13.788688524590164,846.59,4259.530000000001,0.4204960436025424,0.6677321456319602,0.3944309842540502,0.2523188014516678,0.4580532846776011,0.2468165871022974,0.2813943427109697,0.505228393930049,0.2740282045373792,35.15196002146129,29.660550571619662,35.18757896151892,6.901963865312725,24.34800458303569,23.37749455757817,1.4212209671206149,19.901640802099333,14.3041691654208,0.1430246356213609
1464,Keşan,Edirne,2023,189.0,2544.955,626.855,0,178.61,,15.98,4.839999999999999,0.1292855477769463,57,28.177419354838708,36.34838709677419,13.451639344262295,852.4700000000001,3944.62,0.2768849549912525,0.6884796260240119,0.4811303842109378,0.1410091737089867,0.4812958250895026,0.2983305118878124,0.1789765022510138,0.5125719134404632,0.356305098650418,35.15196002146129,29.660550571619662,35.18757896151892,6.901963865312725,24.34800458303569,23.37749455757817,1.4212209671206149,19.901640802099333,14.3041691654208,0.1430246356213609
1464,Keşan,Edirne,2024,156.0,2784.83,652.2099999999999,0,149.42,,9.589999999999998,6.890000000000001,0.0964033778690184,58,28.842903225806456,36.8158064516129,14.086120218579236,821.7900000000001,4235.79,0.4160906799436163,0.7662000043843147,0.609243777158074,0.2177004028799799,0.5367552674429666,0.3658232729935063,0.2614540423966138,0.6058614514488875,0.4573580206414339,35.15196002146129,29.660550571619662,35.18757896151892,6.901963865312725,24.34800458303569,23.37749455757817,1.4212209671206149,19.901640802099333,14.3041691654208,0.1430246356213609
1471,Merkez,Kırklareli,2017,275.0,2261.46,519.43,0,261.66,,58.78000000000001,14.99,0.1941431272962968,36,24.49,31.97967741935484,13.509562841530055,802.7799999999997,4059.79,0.5606693512147376,0.6883556099598903,0.3230640917335508,0.3929894805985707,0.5019815058596687,0.2075705715392262,0.4323345660721103,0.536806724051742,0.2190250153492072,30.649886029254805,32.624062745483975,36.72557168134054,6.92517898862485,17.068975255541996,22.79913489718833,1.3747471533909386,16.200334402440713,12.028108601084028,0.1434048406696472
1471,Merkez,Kırklareli,2018,243.0,2356.22,521.035,0,285.37,,78.63999999999999,2.19,0.2298265788395893,24,24.631290322580647,30.737741935483868,11.982295081967214,740.6800000000001,4002.06,0.3819593020703816,0.6779363489105551,0.3386086464261497,0.2599851050103944,0.4956881232102773,0.2185125575202673,0.2809217932214743,0.5034246098573949,0.2146727103255837,30.649886029254805,32.624062745483975,36.72557168134054,6.92517898862485,17.068975255541996,22.79913489718833,1.3747471533909386,16.200334402440713,12.028108601084028,0.1434048406696472
1471,Merkez,Kırklareli,2019,265.0,2298.165,504.11,0,198.92,,44.63,21.82,0.1531839335010249,30,24.10483870967742,31.39032258064516,12.927650273224042,764.9699999999999,3977.57,0.5305747952040463,0.7198195723245842,0.3542087571636791,0.3827112671975113,0.5461914490305024,0.2275889557258296,0.4022238295379552,0.5555721264397686,0.238668703589153,30.649886029254805,32.624062745483975,36.72557168134054,6.92517898862485,17.068975255541996,22.79913489718833,1.3747471533909386,16.200334402440713,12.028108601084028,0.1434048406696472
1471,Merkez,Kırklareli,2020,289.0,2278.515,522.97,0,215.93,,4.739999999999999,12.22,0.1614530353613311,38,24.649999999999995,32.0116129032258,13.101857923497269,860.68,4106.630000000001,0.558143989307425,0.6453630949370359,0.2718130996850494,0.3970623998133628,0.4489330542403869,0.1728584191002421,0.4356493349310558,0.4985412034986627,0.1837901056423028,30.649886029254805,32.624062745483975,36.72557168134054,6.92517898862485,17.068975255541996,22.79913489718833,1.3747471533909386,16.200334402440713,12.028108601084028,0.1434048406696472
1471,Merkez,Kırklareli,2021,253.0,2237.3950000000004,563.8950000000001,0,206.01,,11.829999999999998,13.59,0.1642966434791755,41,25.92129032258065,33.38903225806452,12.52360655737705,819.3400000000001,3896.35,0.5127463935025582,0.6921215725786551,0.4425096322659256,0.3586442757036735,0.5217665234043078,0.2986440606749859,0.3660840104214152,0.530250823891515,0.2950586764178727,30.649886029254805,32.624062745483975,36.72557168134054,6.92517898862485,17.068975255541996,22.79913489718833,1.3747471533909386,16.200334402440713,12.028108601084028,0.1434048406696472
1471,Merkez,Kırklareli,2022,248.0,2320.665,526.665,0,210.33,,23.31,41.260000000000005,0.1578621166562173,37,24.70064516129032,32.17935483870968,13.253989071038252,833.4399999999999,4065.29,0.5676711192545315,0.699333818635074,0.4464821007010651,0.4163856022897328,0.5207939884551582,0.2997958526373651,0.4215251257667078,0.5300362626477363,0.280153485686157,30.649886029254805,32.624062745483975,36.72557168134054,6.92517898862485,17.068975255541996,22.79913489718833,1.3747471533909386,16.200334402440713,12.028108601084028,0.1434048406696472
1471,Merkez,Kırklareli,2023,222.0,2391.5499999999997,591.8900000000001,0,199.97,,16.310000000000002,6.819999999999999,0.1560361337461483,49,27.013870967741934,34.958709677419364,12.695081967213111,833.3900000000002,3850.99,0.2547956858182866,0.6783240825122647,0.435774583276751,0.1616027675452302,0.5136550893848082,0.2983679015064455,0.1818535504914189,0.5040145146043474,0.300680270941152,30.649886029254805,32.624062745483975,36.72557168134054,6.92517898862485,17.068975255541996,22.79913489718833,1.3747471533909386,16.200334402440713,12.028108601084028,0.1434048406696472
1471,Merkez,Kırklareli,2024,206.0,2586.33,609.485,0,155.78,,12.93,7.8,0.1108549471620676,53,27.39903225806451,34.8316129032258,13.20989071038251,805.9199999999998,4080.68,0.447386845994468,0.6440389604328826,0.3637760557357022,0.3182783072234311,0.4589991241438176,0.2300349829842335,0.335866057317418,0.4927921614085454,0.2392172364121901,30.649886029254805,32.624062745483975,36.72557168134054,6.92517898862485,17.068975255541996,22.79913489718833,1.3747471533909386,16.200334402440713,12.028108601084028,0.1434048406696472
1480,Kofçaz,Kırklareli,2017,159.0,2174.99,504.68,0,275.76,,60.25000000000001,12.43,0.2023811268263068,33,23.98806451612904,31.798064516129028,13.95896174863388,802.7799999999997,4059.79,0.5840009479682841,0.6167026207814765,0.3384104643187292,0.3914983785092996,0.4167026048416931,0.2220412032287261,0.472664516429079,0.4619979381149696,0.2268074164394908,32.000538591175705,30.11587194411341,37.883008108161526,6.627702458068415,20.903460690734335,21.813831895037737,1.3596274409455849,17.889397963069523,9.168347083722756,0.1467758408394421
1480,Kofçaz,Kırklareli,2018,163.0,2241.25,490.39,0,272.22,,82.70000000000002,6.66,0.2163938580433227,15,23.65032258064516,29.617741935483878,12.674098360655735,740.6800000000001,4002.06,0.3612321277667098,0.6097191655047957,0.315593661938633,0.238127232929675,0.401493006954255,0.1991420267066156,0.2714685599086491,0.4601661758415803,0.2055542415813552,32.000538591175705,30.11587194411341,37.883008108161526,6.627702458068415,20.903460690734335,21.813831895037737,1.3596274409455849,17.889397963069523,9.168347083722756,0.1467758408394421
1480,Kofçaz,Kırklareli,2019,164.0,2220.045,495.275,0,264.59000000000003,,57.69,30.840000000000003,0.2005819096136309,35,23.814516129032253,31.416774193548385,13.568415300546448,764.9699999999999,3977.57,0.5580521280997831,0.6064428387531919,0.367119324027253,0.3835216212447421,0.4081056374483831,0.2348786934480271,0.4440787613805935,0.4536864554090055,0.2409439199395179,32.000538591175705,30.11587194411341,37.883008108161526,6.627702458068415,20.903460690734335,21.813831895037737,1.3596274409455849,17.889397963069523,9.168347083722756,0.1467758408394421
1480,Kofçaz,Kırklareli,2020,187.0,2199.2200000000003,516.35,0,222.24000000000004,,1.2600000000000002,9.409999999999998,0.1629114883429127,42,24.465483870967734,32.34322580645161,13.865245901639344,860.68,4106.630000000001,0.6217684740704186,0.5993431810202127,0.3644346296706664,0.4395796651362998,0.4129103066861473,0.2299115609666167,0.4833245085382585,0.433389782795703,0.2258389627580787,32.000538591175705,30.11587194411341,37.883008108161526,6.627702458068415,20.903460690734335,21.813831895037737,1.3596274409455849,17.889397963069523,9.168347083722756,0.1467758408394421
1480,Kofçaz,Kırklareli,2021,167.0,2136.745000000001,550.5699999999999,0,221.14,,15.11,15.349999999999998,0.1754109614897442,39,25.555806451612906,33.32354838709677,13.00639344262295,819.3400000000001,3896.35,0.5062014457789002,0.6031285523548747,0.3714288798591879,0.3328112451067923,0.4089724534739121,0.2369457782578656,0.3572673261514498,0.4569069032988352,0.2343201465309589,32.000538591175705,30.11587194411341,37.883008108161526,6.627702458068415,20.903460690734335,21.813831895037737,1.3596274409455849,17.889397963069523,9.168347083722756,0.1467758408394421
1480,Kofçaz,Kırklareli,2022,128.0,2238.645,524.945,0,228.47,,22.26,36.11,0.1684730830212962,38,24.831612903225803,32.7983870967742,13.810109289617486,833.4399999999999,4065.29,0.5607529582645266,0.5929467692190776,0.3677030208573394,0.3818425788396216,0.3976634876892572,0.2386832276947797,0.433805631207566,0.4460038807433373,0.2342904374912193,32.000538591175705,30.11587194411341,37.883008108161526,6.627702458068415,20.903460690734335,21.813831895037737,1.3596274409455849,17.889397963069523,9.168347083722756,0.1467758408394421
1480,Kofçaz,Kırklareli,2023,122.0,2288.75,577.5200000000001,0,236.33,,27.96,16.21,0.182734021609545,47,26.589032258064517,34.62129032258064,13.219016393442626,833.3900000000002,3850.99,0.3570341915416316,0.5950750042608014,0.3581625838681818,0.2418905777307848,0.4170052988769747,0.2249392943398188,0.2704570883049456,0.4534972834299334,0.2323384717449217,32.000538591175705,30.11587194411341,37.883008108161526,6.627702458068415,20.903460690734335,21.813831895037737,1.3596274409455849,17.889397963069523,9.168347083722756,0.1467758408394421
1480,Kofçaz,Kırklareli,2024,128.0,2511.435,590.1999999999999,0,205.8,,29.33,10.95,0.1428083307297693,48,26.976774193548387,34.6283870967742,13.9524043715847,805.9199999999998,4080.68,0.4960962919149868,0.5823868846122372,0.4139259838786987,0.3471344832222739,0.404972321121337,0.2672030326144645,0.3841067233892488,0.4299279763686343,0.2627846509473477,32.000538591175705,30.11587194411341,37.883008108161526,6.627702458068415,20.903460690734335,21.813831895037737,1.3596274409455849,17.889397963069523,9.168347083722756,0.1467758408394421
1502,Lalapaşa,Edirne,2017,197.0,2174.99,504.68,0,275.76,,60.25000000000001,12.43,0.2046178409219718,33,23.98806451612904,31.798064516129028,13.95896174863388,775.2200000000001,4016.24,0.6066156761152778,0.609220841924361,0.3261570001647969,0.4064968342730092,0.4005526933697902,0.2102743335009085,0.460686368281527,0.4366666097365363,0.212849443873365,31.741371808545058,30.11895675821172,38.13960127662343,6.807926190558164,17.162373578357577,22.998216848738984,1.3991461382490749,15.562902527027656,8.843371622291464,0.1455910132357282
1502,Lalapaşa,Edirne,2018,201.0,2241.25,490.39,0,272.22,,82.70000000000002,6.66,0.2161947974243695,15,23.65032258064516,29.617741935483878,12.674098360655735,733.86,4012.95,0.3960888437568514,0.6075437504264549,0.2962491145716771,0.261413343998198,0.3889240855170649,0.187551445775672,0.2800986967627998,0.452047544821794,0.1912564482868238,31.741371808545058,30.11895675821172,38.13960127662343,6.807926190558164,17.162373578357577,22.998216848738984,1.3991461382490749,15.562902527027656,8.843371622291464,0.1455910132357282
1502,Lalapaşa,Edirne,2019,201.0,2220.045,495.275,0,264.59000000000003,,57.69,30.840000000000003,0.2005514149786972,35,23.814516129032253,31.416774193548385,13.568415300546448,756.7299999999999,3987.36,0.5593877324081058,0.5965363253605509,0.3055043879022848,0.3877474114041445,0.4007470984472668,0.195204761992127,0.4500668795346085,0.4465677797565844,0.194714179656902,31.741371808545058,30.11895675821172,38.13960127662343,6.807926190558164,17.162373578357577,22.998216848738984,1.3991461382490749,15.562902527027656,8.843371622291464,0.1455910132357282
1502,Lalapaşa,Edirne,2020,204.0,2199.2200000000003,516.35,0,222.24000000000004,,1.2600000000000002,9.409999999999998,0.1655822298631135,42,24.465483870967734,32.34322580645161,13.865245901639344,836.0299999999999,4054.02,0.5818892044030147,0.6475902659244656,0.3254615419245331,0.4137890178231251,0.4665742904903657,0.2068318158996277,0.4363851436187497,0.4929897265589269,0.2121420138989597,31.741371808545058,30.11895675821172,38.13960127662343,6.807926190558164,17.162373578357577,22.998216848738984,1.3991461382490749,15.562902527027656,8.843371622291464,0.1455910132357282
1502,Lalapaşa,Edirne,2021,202.0,2136.745000000001,550.5699999999999,0,221.14,,15.11,15.349999999999998,0.1740803037262573,39,25.555806451612906,33.32354838709677,13.00639344262295,823.1500000000002,3943.41,0.5550047142466283,0.605245489248931,0.3339011865415344,0.3699452221379827,0.4194736405859485,0.2173659311213828,0.3782307131315206,0.4536973412775087,0.2165305166806876,31.741371808545058,30.11895675821172,38.13960127662343,6.807926190558164,17.162373578357577,22.998216848738984,1.3991461382490749,15.562902527027656,8.843371622291464,0.1455910132357282
1502,Lalapaşa,Edirne,2022,214.0,2238.645,524.945,0,228.47,,22.26,36.11,0.1687685994220398,38,24.831612903225803,32.7983870967742,13.810109289617486,831.5500000000002,4073.07,0.6490217406291089,0.6096474835838541,0.3741581242416884,0.4659539991180219,0.4098434179295153,0.2450899276293432,0.501636451475436,0.4484657623022616,0.2392318675826969,31.741371808545058,30.11895675821172,38.13960127662343,6.807926190558164,17.162373578357577,22.998216848738984,1.3991461382490749,15.562902527027656,8.843371622291464,0.1455910132357282
1502,Lalapaşa,Edirne,2023,261.0,2288.75,577.5200000000001,0,236.33,,27.96,16.21,0.1852171038486422,47,26.589032258064517,34.62129032258064,13.219016393442626,808.1800000000001,3806.9699999999993,0.3749715087236869,0.5951874008095303,0.347582241436826,0.2512163654078171,0.4145389793952782,0.2208810144185454,0.2520320679466413,0.439287179403346,0.2245164669936904,31.741371808545058,30.11895675821172,38.13960127662343,6.807926190558164,17.162373578357577,22.998216848738984,1.3991461382490749,15.562902527027656,8.843371622291464,0.1455910132357282
1502,Lalapaşa,Edirne,2024,78.0,2511.435,590.1999999999999,0,205.8,,29.33,10.95,0.1448339241851887,48,26.976774193548387,34.6283870967742,13.9524043715847,779.2800000000002,4035.940000000001,0.5284147209150631,0.6624692450802345,0.3921365314055545,0.3756966042767746,0.4784381598137079,0.2512488266174071,0.3720319526740616,0.50785788416531,0.2638392372150147,31.741371808545058,30.11895675821172,38.13960127662343,6.807926190558164,17.162373578357577,22.998216848738984,1.3991461382490749,15.562902527027656,8.843371622291464,0.1455910132357282
1505,Lüleburgaz,Kırklareli,2023,188.0,2391.5499999999997,591.8900000000001,0,199.97,,16.310000000000002,6.819999999999999,0.1560361337461483,49,27.013870967741934,34.958709677419364,12.695081967213111,833.3900000000002,3850.99,0.2984261606520694,0.6199524370148215,0.2751686981941127,0.1973386980381908,0.4435096438959918,0.1773343653092413,0.1995506893260964,0.4588475785241019,0.1824859777325812,34.11492213219116,32.22897349477228,33.65619647663782,7.173338516529524,17.3210470061688,26.175529842594493,1.3706492157267551,17.57859396845699,13.749560466588646,0.1390904566365891
1511,Malkara,Tekirdağ,2017,225.0,2441.805,560.5649999999999,0,221.77,,43.46,10.46,0.1494003660449384,39,25.76838709677419,33.88483870967742,14.358688524590166,819.4899999999999,4238.02,0.5801554513376889,0.6520378392882679,0.26850562039225,0.3809721549950993,0.4292121613268512,0.1689943431437989,0.4508809014904047,0.4993625630425664,0.1706846842343455,33.91747808728819,28.003146493288614,38.07901968761215,6.793570501276907,24.657952235435477,24.031508558352677,1.3921340844556782,20.88797320227827,14.140645320190757,0.1476392450778232
1511,Malkara,Tekirdağ,2018,241.0,2545.095,557.055,0,226.77,,69.7,0.3299999999999999,0.1638104366468034,46,25.848064516129032,32.31935483870968,13.023989071038253,798.4799999999999,4150.03,0.4703918382235563,0.6239886475114164,0.2629973725450767,0.3143880927364745,0.408913932189217,0.165575381326501,0.3458935740029532,0.4668279130629834,0.1638701794015652,33.91747808728819,28.003146493288614,38.07901968761215,6.793570501276907,24.657952235435477,24.031508558352677,1.3921340844556782,20.88797320227827,14.140645320190757,0.1476392450778232
1511,Malkara,Tekirdağ,2019,250.0,2469.15,538.27,0,200.81000000000003,,38.11000000000001,19.32,0.1379018725717103,46,25.375161290322584,33.07322580645161,13.799508196721307,824.9899999999999,4212.64,0.425162393534215,0.6428776645388239,0.2540898405572578,0.281925662546711,0.4349214073303396,0.1590640303026637,0.3116995636531975,0.4821361094545641,0.1610333731041105,33.91747808728819,28.003146493288614,38.07901968761215,6.793570501276907,24.657952235435477,24.031508558352677,1.3921340844556782,20.88797320227827,14.140645320190757,0.1476392450778232
1511,Malkara,Tekirdağ,2020,246.0,2460.79,568.9150000000001,0,200.93,,2.39,7.19,0.1352908010262218,54,26.134516129032257,34.33,14.056284153005466,878.3400000000001,4285.5,0.5170793262569663,0.615820493253165,0.2663743093954437,0.3492664768308803,0.4089758378289916,0.1633518191610846,0.3944545669047808,0.4405575951822347,0.1741406915797955,33.91747808728819,28.003146493288614,38.07901968761215,6.793570501276907,24.657952235435477,24.031508558352677,1.3921340844556782,20.88797320227827,14.140645320190757,0.1476392450778232
1511,Malkara,Tekirdağ,2021,240.0,2390.5150000000003,592.72,0,225.5,,9.85,9.75,0.1598148500073566,56,26.89838709677419,34.90161290322581,13.141475409836064,852.5899999999999,4231.27,0.3183340058488676,0.6058229323741953,0.2816500583733071,0.1983190665859527,0.4112787559483601,0.1740091765716609,0.2054383446031769,0.4388533183434069,0.1702703134640566,33.91747808728819,28.003146493288614,38.07901968761215,6.793570501276907,24.657952235435477,24.031508558352677,1.3921340844556782,20.88797320227827,14.140645320190757,0.1476392450778232
1511,Malkara,Tekirdağ,2022,193.0,2479.795,567.7499999999999,0,212.62,,16.509999999999998,65.92999999999999,0.145531644159199,48,26.16741935483871,34.218709677419355,13.788688524590164,846.59,4259.530000000001,0.4597091740824919,0.6300831289374335,0.2561274850235808,0.3039531627450114,0.442840402599699,0.1621144008173467,0.3270632534899357,0.4656251047361631,0.1489366888556249,33.91747808728819,28.003146493288614,38.07901968761215,6.793570501276907,24.657952235435477,24.031508558352677,1.3921340844556782,20.88797320227827,14.140645320190757,0.1476392450778232
1511,Malkara,Tekirdağ,2023,149.0,2544.955,626.855,0,178.61,,15.98,4.839999999999999,0.1292855477769463,57,28.177419354838708,36.34838709677419,13.451639344262295,852.4700000000001,3944.62,0.2904533642224818,0.6029112468979847,0.2650807738520445,0.1859436481031587,0.430667408445188,0.1648594959261607,0.1914524899451792,0.4253495243551994,0.1586245832808833,33.91747808728819,28.003146493288614,38.07901968761215,6.793570501276907,24.657952235435477,24.031508558352677,1.3921340844556782,20.88797320227827,14.140645320190757,0.1476392450778232
1511,Malkara,Tekirdağ,2024,180.0,2784.83,652.2099999999999,0,149.42,,9.589999999999998,6.890000000000001,0.0964033778690184,58,28.842903225806456,36.8158064516129,14.086120218579236,821.7900000000001,4235.79,0.4834019233491604,0.6174177564701584,0.3284652285504179,0.3319546462347365,0.4062646119142188,0.2024063942075354,0.3473533219534759,0.4472761333522874,0.2009790392307701,33.91747808728819,28.003146493288614,38.07901968761215,6.793570501276907,24.657952235435477,24.031508558352677,1.3921340844556782,20.88797320227827,14.140645320190757,0.1476392450778232
1523,Meriç,Edirne,2017,219.0,2570.71,580.4749999999999,0,220.15,,43.63,9.56,0.1602404355343485,44,26.49838709677419,33.80838709677419,13.0568306010929,775.2200000000001,4016.24,0.4216178133099796,0.7870179892926167,0.6557852712055733,0.2033283891943321,0.5682814946869946,0.4245007090559882,0.2627292431159539,0.653817289471539,0.5305600428833008,34.144789745443035,31.43514970645566,34.42032445790459,7.084753858454005,23.68638970582346,24.76322785862835,1.3971697113292485,18.316879552947206,13.95007375309777,0.1423167742925607
1523,Meriç,Edirne,2018,209.0,2671.28,570.1750000000001,0,226.13,,69.61,0.38,0.1721923885337207,45,26.39967741935483,32.06677419354839,12.07289617486339,733.86,4012.95,0.435522310372042,0.7994690663554544,0.6927614016711314,0.222985285428904,0.5922741878971601,0.4564310937204857,0.2571342520165806,0.6731670347158443,0.5691822532405498,34.144789745443035,31.43514970645566,34.42032445790459,7.084753858454005,23.68638970582346,24.76322785862835,1.3971697113292485,18.316879552947206,13.95007375309777,0.1423167742925607
1523,Meriç,Edirne,2019,314.0,2599.42,561.9200000000001,0,208.86,,40.73,21.92,0.1549735490103613,45,26.165806451612895,33.171290322580646,12.637158469945357,756.7299999999999,3987.36,0.4913837941588069,0.8028341903441435,0.6100917575596319,0.2690969445646703,0.5863385813192296,0.3733719097028163,0.3229468472700884,0.6792738840884716,0.4910603978977694,34.144789745443035,31.43514970645566,34.42032445790459,7.084753858454005,23.68638970582346,24.76322785862835,1.3971697113292485,18.316879552947206,13.95007375309777,0.1423167742925607
1523,Meriç,Edirne,2020,286.0,2581.635,593.505,0,201.61,,1.6700000000000002,6.57,0.1471202830453729,57,27.027741935483867,34.5116129032258,12.859508196721311,836.0299999999999,4054.02,0.3803570179627857,0.8150429706760353,0.723943652970179,0.1685809065590345,0.603522485380874,0.4726481198155461,0.2178617387824142,0.6743292645155594,0.5969699173855602,34.144789745443035,31.43514970645566,34.42032445790459,7.084753858454005,23.68638970582346,24.76322785862835,1.3971697113292485,18.316879552947206,13.95007375309777,0.1423167742925607
1523,Meriç,Edirne,2021,313.0,2517.925,616.2550000000001,0,225.22,,9.25,9.93,0.1744703946278805,58,27.756129032258062,34.968709677419355,12.018087431693989,823.1500000000002,3943.41,0.3679555366941061,0.7987768189224568,0.6612774302675226,0.1657111201818241,0.5890805650519912,0.4201129130451281,0.2036752239036638,0.6655674780293263,0.5331286704836941,34.144789745443035,31.43514970645566,34.42032445790459,7.084753858454005,23.68638970582346,24.76322785862835,1.3971697113292485,18.316879552947206,13.95007375309777,0.1423167742925607
1523,Meriç,Edirne,2022,352.0,2616.8150000000005,598.47,0,215.72000000000003,,16.08,69.1,0.157064513113862,49,27.241612903225807,34.55483870967742,12.657158469945356,831.5500000000002,4073.07,0.4924885654132824,0.7479511673970702,0.571235934373805,0.2762749099772799,0.5203926667159873,0.3624915903167429,0.3271285905117898,0.5922315356994868,0.4377352829415426,34.144789745443035,31.43514970645566,34.42032445790459,7.084753858454005,23.68638970582346,24.76322785862835,1.3971697113292485,18.316879552947206,13.95007375309777,0.1423167742925607
1523,Meriç,Edirne,2023,239.0,2654.1600000000003,642.575,0,179.13,,17.44,5.099999999999999,0.1378549009706583,56,28.74935483870968,35.95645161290323,12.400218579234972,808.1800000000001,3806.9699999999993,0.3326522840884733,0.7612734307420119,0.5898403288352386,0.1605215950813315,0.5556923274411684,0.3728477410824979,0.2000285054191289,0.6019187139310568,0.4521923134608972,34.144789745443035,31.43514970645566,34.42032445790459,7.084753858454005,23.68638970582346,24.76322785862835,1.3971697113292485,18.316879552947206,13.95007375309777,0.1423167742925607
1523,Meriç,Edirne,2024,199.0,2925.3949999999995,671.4700000000001,0,153.26,,10.72,7.6,0.1059566744531507,59,29.594838709677425,36.66774193548388,12.926502732240436,779.2800000000002,4035.940000000001,0.4695714937701902,0.8196443368635908,0.6881808717131975,0.2366629440429048,0.6009608147365042,0.4199761216766068,0.2779722746381112,0.6569888875952339,0.5374748305401111,34.144789745443035,31.43514970645566,34.42032445790459,7.084753858454005,23.68638970582346,24.76322785862835,1.3971697113292485,18.316879552947206,13.95007375309777,0.1423167742925607
1538,Muratlı,Tekirdağ,2017,263.0,2367.565,537.8,0,234.37,,44.31,17.209999999999997,0.1910669321269303,25,25.10129032258065,31.197741935483872,10.87431693989071,802.7799999999997,4059.79,0.7333844903837987,0.6345971095331104,0.2122284233924835,0.4935814613176092,0.3867029738748561,0.1325828634983116,0.607470351022064,0.465430828036567,0.1327523988310973,34.68330571744988,27.40652491055333,37.909628149444906,7.108075298241535,24.37149782912748,25.69511985173187,1.3649722748051392,20.601521898903037,13.589605230972431,0.146815630252228
1538,Muratlı,Tekirdağ,2018,241.0,2524.53,557.21,0,272.72,,79.53,1.01,0.2364984417699735,15,25.91161290322581,30.81548387096775,9.810601092896176,740.6800000000001,4002.06,0.4407235963089669,0.6290627351387409,0.2490011184156848,0.2990199329682256,0.4030983499631278,0.1581255068558776,0.3189101507753636,0.4657883569116297,0.1397325755225293,34.68330571744988,27.40652491055333,37.909628149444906,7.108075298241535,24.37149782912748,25.69511985173187,1.3649722748051392,20.601521898903037,13.589605230972431,0.146815630252228
1538,Muratlı,Tekirdağ,2019,251.0,2419.735,520.565,0,172.78,,31.85,19.75,0.1463891883627011,22,24.761612903225803,30.46806451612904,10.292950819672132,764.9699999999999,3977.57,0.5710121536432796,0.6307144943424732,0.2034567944764266,0.4030194984900865,0.4223728615631554,0.1248408407904246,0.4549955025369324,0.4585277012370922,0.1334920383317745,34.68330571744988,27.40652491055333,37.909628149444906,7.108075298241535,24.37149782912748,25.69511985173187,1.3649722748051392,20.601521898903037,13.589605230972431,0.146815630252228
1538,Muratlı,Tekirdağ,2020,288.0,2400.71,535.4399999999999,0,219.83,,7.03,10.909999999999998,0.1790530606936657,24,25.127096774193557,31.142258064516124,10.639562841530056,860.68,4106.630000000001,0.6120369197902144,0.6102732543460981,0.1964981960084753,0.4200344351107294,0.4054466179656696,0.118566407227452,0.4672307460007054,0.4138480389486973,0.1252437855224082,34.68330571744988,27.40652491055333,37.909628149444906,7.108075298241535,24.37149782912748,25.69511985173187,1.3649722748051392,20.601521898903037,13.589605230972431,0.146815630252228
1538,Muratlı,Tekirdağ,2021,250.0,2382.5199999999995,577.4,0,211.36,,13.469999999999995,12.929999999999998,0.1844493398684364,34,26.508064516129032,32.46129032258064,10.046939890710384,819.3400000000001,3896.35,0.3202972240759202,0.5950056325833009,0.2259043517119398,0.2051750366330756,0.401828657047015,0.1406636909807796,0.2003014447120893,0.4203625453447787,0.1337914367648891,34.68330571744988,27.40652491055333,37.909628149444906,7.108075298241535,24.37149782912748,25.69511985173187,1.3649722748051392,20.601521898903037,13.589605230972431,0.146815630252228
1538,Muratlı,Tekirdağ,2022,242.0,2436.91,533.1850000000001,0,193.1,,21.9,42.79,0.1586001923201454,22,25.059677419354845,30.976129032258065,10.63912568306011,833.4399999999999,4065.29,0.6691535627942434,0.6209254219672253,0.2262927302546136,0.4699690308331329,0.4271552153550216,0.1462781962332975,0.5361400169454135,0.4567037618963586,0.1302761147291225,34.68330571744988,27.40652491055333,37.909628149444906,7.108075298241535,24.37149782912748,25.69511985173187,1.3649722748051392,20.601521898903037,13.589605230972431,0.146815630252228
1538,Muratlı,Tekirdağ,2023,85.0,2486.13,603.845,0,186.24,,11.19,3.1899999999999995,0.1596350414261402,44,27.444193548387094,33.73064516129032,10.268415300546447,833.3900000000002,3850.99,0.3426319333690237,0.6289263297978555,0.2749066979477532,0.2306740699647354,0.4522855554033687,0.1745069981996863,0.231842590071364,0.4654047686866862,0.1748630334650983,34.68330571744988,27.40652491055333,37.909628149444906,7.108075298241535,24.37149782912748,25.69511985173187,1.3649722748051392,20.601521898903037,13.589605230972431,0.146815630252228
1538,Muratlı,Tekirdağ,2024,170.0,2694.8700000000003,615.275,0,135.59,,7.81,5.0200000000000005,0.1057432703610228,47,27.701935483870965,33.66193548387097,10.677814207650274,805.9199999999998,4080.68,0.5166339495721733,0.6393507253495279,0.3743310500798086,0.3604931774097661,0.4464015794867463,0.2414251457975387,0.37490059286705,0.4852088392076603,0.2484365870173975,34.68330571744988,27.40652491055333,37.909628149444906,7.108075298241535,24.37149782912748,25.69511985173187,1.3649722748051392,20.601521898903037,13.589605230972431,0.146815630252228
1572,Pehlivanköy,Kırklareli,2017,239.0,2428.81,553.2599999999999,0,273.97,,59.83,12.01,0.1916481994462084,39,25.58129032258065,33.62580645161291,14.356775956284151,802.7799999999997,4059.79,0.5896160802183715,0.7031614282312294,0.529033526577051,0.3518631302472865,0.4774947564575994,0.3431635828752592,0.4465149423110189,0.5426653433019846,0.4000772690606064,31.5809515897331,32.7773920040747,35.64192235051983,7.082665070074492,16.819775571641976,24.04692452733954,1.3863534803352038,17.867835708535637,13.143221079426146,0.1417166740317719
1572,Pehlivanköy,Kırklareli,2018,307.0,2519.59,541.5949999999999,0,258.65,,79.18,1.89,0.1945084466611531,42,25.350000000000005,31.60258064516129,13.068852459016396,740.6800000000001,4002.06,0.4760409313161878,0.7177391435129538,0.5033016161279338,0.2962256345148692,0.4981279265980841,0.3282283148280596,0.3343595661763597,0.562728542626063,0.3656541203346201,31.5809515897331,32.7773920040747,35.64192235051983,7.082665070074492,16.819775571641976,24.04692452733954,1.3863534803352038,17.867835708535637,13.143221079426146,0.1417166740317719
1572,Pehlivanköy,Kırklareli,2019,258.0,2482.7200000000003,544.5500000000001,0,230.70000000000005,,45.38,31.68,0.1655446088164147,44,25.515483870967746,33.28645161290322,14.009344262295082,764.9699999999999,3977.57,0.5210614642233424,0.7703035036536326,0.574674401289595,0.3126906740077826,0.559177404697196,0.3641386536543424,0.359296839860525,0.6214643145511072,0.4357988678739989,31.5809515897331,32.7773920040747,35.64192235051983,7.082665070074492,16.819775571641976,24.04692452733954,1.3863534803352038,17.867835708535637,13.143221079426146,0.1417166740317719
1572,Pehlivanköy,Kırklareli,2020,325.0,2469.95,572.3299999999999,0,229.11,,1.84,7.41,0.1596645713575631,54,26.26612903225806,34.483548387096775,14.179945355191258,860.68,4106.630000000001,0.433656360825674,0.761116130860865,0.6028739081633565,0.2402907876771965,0.5403220964256373,0.3923645318170439,0.2842882694349846,0.5849078689365207,0.4363932257885899,31.5809515897331,32.7773920040747,35.64192235051983,7.082665070074492,16.819775571641976,24.04692452733954,1.3863534803352038,17.867835708535637,13.143221079426146,0.1417166740317719
1572,Pehlivanköy,Kırklareli,2021,306.0,2390.16,599.15,0,220.56,,14.4,13.81,0.166668432710007,55,27.134516129032253,35.18,13.302240437158469,819.3400000000001,3896.35,0.4172163448655878,0.7410490716053365,0.5669047712878532,0.2321334476406255,0.5330955940122484,0.362399390313036,0.2626959506350793,0.5867689802631112,0.4284231681065212,31.5809515897331,32.7773920040747,35.64192235051983,7.082665070074492,16.819775571641976,24.04692452733954,1.3863534803352038,17.867835708535637,13.143221079426146,0.1417166740317719
1572,Pehlivanköy,Kırklareli,2022,296.0,2495.07,581.8800000000001,0,221.16,,20.27,46.8,0.1556284782323186,50,26.649677419354838,34.76258064516129,14.103169398907104,833.4399999999999,4065.29,0.5274852550183676,0.7503562373650328,0.6000293329542177,0.3058783427776517,0.5310317939960516,0.3918026693069478,0.3467726454193291,0.5844177224975321,0.4499343660823707,31.5809515897331,32.7773920040747,35.64192235051983,7.082665070074492,16.819775571641976,24.04692452733954,1.3863534803352038,17.867835708535637,13.143221079426146,0.1417166740317719
1572,Pehlivanköy,Kırklareli,2023,158.0,2558.1450000000004,630.4299999999998,0,218.67,,19.77,10.48,0.1602755519781737,57,28.345161290322583,36.51870967741936,13.636120218579237,833.3900000000002,3850.99,0.3855498132190367,0.7289015403806678,0.5634873757451683,0.2124129979895885,0.5130790996979535,0.3652272462511141,0.2615010600360835,0.5496963374602873,0.4444593436319432,31.5809515897331,32.7773920040747,35.64192235051983,7.082665070074492,16.819775571641976,24.04692452733954,1.3863534803352038,17.867835708535637,13.143221079426146,0.1417166740317719
1572,Pehlivanköy,Kırklareli,2024,177.0,2786.885,648.5999999999999,0,172.17,,20.090000000000003,10.34,0.1138738987891553,58,28.8141935483871,36.67161290322581,14.260928961748634,805.9199999999998,4080.68,0.5351878476750545,0.7862384475142803,0.6364219339365171,0.305769262353425,0.5654896542602188,0.395787926837844,0.3419081084139692,0.6188338819166728,0.4653538153119202,31.5809515897331,32.7773920040747,35.64192235051983,7.082665070074492,16.819775571641976,24.04692452733954,1.3863534803352038,17.867835708535637,13.143221079426146,0.1417166740317719
1577,Pınarhisar,Kırklareli,2017,292.0,2261.46,519.43,0,261.66,,58.78000000000001,14.99,0.1941431272962968,36,24.49,31.97967741935484,13.509562841530055,802.7799999999997,4059.79,0.6946633660674056,0.6311211572364808,0.2428076634110547,0.4676502310218622,0.3867788370700247,0.1516860549307263,0.6072724273805051,0.4841139067098145,0.1626593203608169,30.522164815161045,34.1434628282063,35.33394289969183,6.887135663836641,20.0319111098419,22.470053751916588,1.3638813720957486,17.200788699205155,14.145878514006856,0.142712705626458
1577,Pınarhisar,Kırklareli,2018,299.0,2356.22,521.035,0,285.37,,78.63999999999999,2.19,0.2298265788395893,24,24.631290322580647,30.737741935483868,11.982295081967214,740.6800000000001,4002.06,0.4932680878454832,0.627738279468616,0.2722050294553031,0.3298937064651083,0.3841504365262067,0.1693234240504954,0.3766122024532128,0.478386738869126,0.164565677975434,30.522164815161045,34.1434628282063,35.33394289969183,6.887135663836641,20.0319111098419,22.470053751916588,1.3638813720957486,17.200788699205155,14.145878514006856,0.142712705626458
1577,Pınarhisar,Kırklareli,2019,300.0,2298.165,504.11,0,198.92,,44.63,21.82,0.1531839335010249,30,24.10483870967742,31.39032258064516,12.927650273224042,764.9699999999999,3977.57,0.6321716246425886,0.6047601512058184,0.2512402454682609,0.4543202642405536,0.387272476221532,0.1522740903570265,0.5262347789760007,0.4576583439489973,0.1742156855554238,30.522164815161045,34.1434628282063,35.33394289969183,6.887135663836641,20.0319111098419,22.470053751916588,1.3638813720957486,17.200788699205155,14.145878514006856,0.142712705626458
1577,Pınarhisar,Kırklareli,2020,372.0,2278.515,522.97,0,215.93,,4.739999999999999,12.22,0.1614530353613311,38,24.649999999999995,32.0116129032258,13.101857923497269,860.68,4106.630000000001,0.6383160487555195,0.5956689966306441,0.238829453172285,0.4509597490190364,0.3727431433272113,0.1447477611175588,0.5368335385213883,0.4351221336353769,0.1644297840529801,30.522164815161045,34.1434628282063,35.33394289969183,6.887135663836641,20.0319111098419,22.470053751916588,1.3638813720957486,17.200788699205155,14.145878514006856,0.142712705626458
1577,Pınarhisar,Kırklareli,2021,201.0,2237.3950000000004,563.8950000000001,0,206.01,,11.829999999999998,13.59,0.1642966434791755,41,25.92129032258065,33.38903225806452,12.52360655737705,819.3400000000001,3896.35,0.4451764823261957,0.602468087435578,0.303501825376564,0.2898942790473457,0.401031823887713,0.1872897081598411,0.3195591953017362,0.4633449745348612,0.1836400875601467,30.522164815161045,34.1434628282063,35.33394289969183,6.887135663836641,20.0319111098419,22.470053751916588,1.3638813720957486,17.200788699205155,14.145878514006856,0.142712705626458
1577,Pınarhisar,Kırklareli,2022,194.0,2320.665,526.665,0,210.33,,23.31,41.260000000000005,0.1578621166562173,37,24.70064516129032,32.17935483870968,13.253989071038252,833.4399999999999,4065.29,0.6683673789026533,0.6135828975961501,0.3023430674444267,0.469318024657418,0.404046402908214,0.1941631842882528,0.5695539170018594,0.4727444502284903,0.1873832888172638,30.522164815161045,34.1434628282063,35.33394289969183,6.887135663836641,20.0319111098419,22.470053751916588,1.3638813720957486,17.200788699205155,14.145878514006856,0.142712705626458
1577,Pınarhisar,Kırklareli,2023,188.0,2391.5499999999997,591.8900000000001,0,199.97,,16.310000000000002,6.819999999999999,0.1560361337461483,49,27.013870967741934,34.958709677419364,12.695081967213111,833.3900000000002,3850.99,0.3443202866385878,0.6163554602137831,0.3012785343803325,0.2271014644070869,0.4330892684781535,0.1918611119908135,0.2454123862107717,0.4633552392342646,0.2050265383403005,30.522164815161045,34.1434628282063,35.33394289969183,6.887135663836641,20.0319111098419,22.470053751916588,1.3638813720957486,17.200788699205155,14.145878514006856,0.142712705626458
1577,Pınarhisar,Kırklareli,2024,182.0,2586.33,609.485,0,155.78,,12.93,7.8,0.1108549471620676,53,27.39903225806451,34.8316129032258,13.20989071038251,805.9199999999998,4080.68,0.5121855642224091,0.6363329212581562,0.4405586417067358,0.3533470714655796,0.4457422290998616,0.2886498010883365,0.3962236846152754,0.4943748816607787,0.286388330534855,30.522164815161045,34.1434628282063,35.33394289969183,6.887135663836641,20.0319111098419,22.470053751916588,1.3638813720957486,17.200788699205155,14.145878514006856,0.142712705626458
1596,Saray,Tekirdağ,2017,226.0,2154.745,493.51499999999993,0,305.87000000000006,,69.3,26.84,0.287551329281771,7,23.69322580645161,28.41838709677419,8.890382513661203,802.7799999999997,4059.79,0.6434072892151318,0.6280189524174375,0.2182778077536632,0.4096362869171856,0.3866079238364701,0.1360295800024039,0.510570746000726,0.4707693756909527,0.1420701782132975,34.10533848541223,29.717895940132085,36.17661331570664,7.260648572118842,19.96673457336263,26.764337735757834,1.3652220913874626,18.755537510004288,11.683603479677066,0.1434012112881231
1596,Saray,Tekirdağ,2018,202.0,2344.51,520.8,0,321.81000000000006,,83.59,3.86,0.3221028646011596,1,24.61483870967742,28.843225806451613,7.870710382513661,740.6800000000001,4002.06,0.4447216491865163,0.6219689670438489,0.2588913093409154,0.2978825850425713,0.3719535464674689,0.1634366349416333,0.3275710883860629,0.4519886674641981,0.1489612219541411,34.10533848541223,29.717895940132085,36.17661331570664,7.260648572118842,19.96673457336263,26.764337735757834,1.3652220913874626,18.755537510004288,11.683603479677066,0.1434012112881231
1596,Saray,Tekirdağ,2019,260.0,2236.675,486.3850000000001,0,234.3,,58.97,33.04,0.2291708094446501,3,23.52645161290323,28.098064516129035,8.29224043715847,764.9699999999999,3977.57,0.6569625104753631,0.6296198254592668,0.2022450609242846,0.46653387892994,0.4096461787284276,0.1216088286415119,0.5532908958568374,0.484350181115755,0.1302404735359227,34.10533848541223,29.717895940132085,36.17661331570664,7.260648572118842,19.96673457336263,26.764337735757834,1.3652220913874626,18.755537510004288,11.683603479677066,0.1434012112881231
1596,Saray,Tekirdağ,2020,246.0,2211.53,497.5299999999999,0,202.31,,4.930000000000001,9.72,0.1907025505590629,2,23.88677419354839,28.284838709677423,8.529617486338799,860.68,4106.630000000001,0.645114424554492,0.5892305739690671,0.2165066166089115,0.4444943861760297,0.3729470144394133,0.1323188352788381,0.5455348729581289,0.4081780476259957,0.1354679041642847,34.10533848541223,29.717895940132085,36.17661331570664,7.260648572118842,19.96673457336263,26.764337735757834,1.3652220913874626,18.755537510004288,11.683603479677066,0.1434012112881231
1596,Saray,Tekirdağ,2021,229.0,2187.8100000000004,536.8900000000001,0,222.63,,17.92,13.039999999999996,0.2203120882107313,16,25.12967741935484,29.785806451612903,8.39415300546448,819.3400000000001,3896.35,0.3578261242731032,0.6014759857404726,0.2563585857032849,0.2269334374921915,0.3984731288612699,0.1587910158941476,0.2490107080062144,0.4430210749796275,0.1508720102935946,34.10533848541223,29.717895940132085,36.17661331570664,7.260648572118842,19.96673457336263,26.764337735757834,1.3652220913874626,18.755537510004288,11.683603479677066,0.1434012112881231
1596,Saray,Tekirdağ,2022,202.0,2219.985,493.715,0,250.24,,46.67,45.26,0.2380051049554448,3,23.731612903225805,28.196451612903232,8.666721311475408,833.4399999999999,4065.29,0.5273398106462202,0.5979562210323808,0.2519957795149017,0.3478360627153982,0.415316032305097,0.1652496844100119,0.3935178618845668,0.4408169110045061,0.1510815470446647,34.10533848541223,29.717895940132085,36.17661331570664,7.260648572118842,19.96673457336263,26.764337735757834,1.3652220913874626,18.755537510004288,11.683603479677066,0.1434012112881231
1596,Saray,Tekirdağ,2023,108.0,2286.835,554.205,0,206.85,,12.63,7.15,0.2051258558918411,17,25.791612903225808,31.065483870967743,8.205956284153006,833.3900000000002,3850.99,0.328148198329796,0.6175179586552757,0.2571464733669621,0.2217802033166877,0.4322161398700999,0.1646263007890892,0.2126383319618945,0.4391208947944957,0.1597858344462084,34.10533848541223,29.717895940132085,36.17661331570664,7.260648572118842,19.96673457336263,26.764337735757834,1.3652220913874626,18.755537510004288,11.683603479677066,0.1434012112881231
1596,Saray,Tekirdağ,2024,160.0,2496.9,574.9400000000002,0,172.32,,17.54,7.75,0.1563823457621294,14,26.32258064516129,30.92419354838709,8.491147540983608,805.9199999999998,4080.68,0.4877058749964532,0.5860244559016996,0.3016486170276981,0.3449082703084616,0.3964147992877461,0.1878999011836194,0.3474272017461701,0.4257345845899429,0.167326282353512,34.10533848541223,29.717895940132085,36.17661331570664,7.260648572118842,19.96673457336263,26.764337735757834,1.3652220913874626,18.755537510004288,11.683603479677066,0.1434012112881231
1652,Şarköy,Tekirdağ,2017,205.0,2523.75,562.055,0,182.23,,32.160000000000004,22.41,0.1573149124813196,21,25.90935483870967,30.955806451612904,9.075737704918032,807.4400000000002,4114.55,0.4923765800667479,0.6061904806807648,0.3547132508003692,0.3149814788431715,0.4068988888324654,0.2269684999508422,0.3627751039478407,0.4534489684856252,0.2449104729218826,30.63478447384581,34.98105093110173,34.38479438901688,6.581722512754715,26.050313311348884,23.50475983162781,1.4040197257741671,21.45234829641344,15.658559729101958,0.144296764835024
1652,Şarköy,Tekirdağ,2018,260.0,2676.92,587.475,0,248.95,,53.28,0.1299999999999999,0.2287652250725306,10,26.95096774193549,31.02935483870968,8.236612021857924,801.0199999999999,3997.41,0.5038267328982465,0.6206088291078324,0.3660686951920985,0.3414896007721409,0.4044013009566126,0.2297198480171703,0.3920880471257192,0.4846824127667442,0.2388974025957039,30.63478447384581,34.98105093110173,34.38479438901688,6.581722512754715,26.050313311348884,23.50475983162781,1.4040197257741671,21.45234829641344,15.658559729101958,0.144296764835024
1652,Şarköy,Tekirdağ,2019,230.0,2558.365,546.355,0,132.20999999999998,,20.940000000000005,7.62,0.1167372390975571,19,25.655806451612904,30.170967741935485,8.58136612021858,807.42,4110.160000000001,0.4710089248927033,0.6168304052103505,0.2983869010120234,0.3192046373241157,0.4123918664657381,0.1840665130492092,0.3608242741233266,0.4738788630858542,0.2079929878578521,30.63478447384581,34.98105093110173,34.38479438901688,6.581722512754715,26.050313311348884,23.50475983162781,1.4040197257741671,21.45234829641344,15.658559729101958,0.144296764835024
1652,Şarköy,Tekirdağ,2020,245.0,2515.03,551.8200000000002,0,196.0,,6.32,9.65,0.170260737384969,12,25.770645161290325,30.451612903225808,8.752786885245904,860.5100000000001,4171.46,0.5019381990671894,0.5938413357147785,0.3683837824076487,0.3353681422784632,0.394360992745595,0.2268101219985904,0.3953767287624009,0.4484464482503298,0.2538139966585928,30.63478447384581,34.98105093110173,34.38479438901688,6.581722512754715,26.050313311348884,23.50475983162781,1.4040197257741671,21.45234829641344,15.658559729101958,0.144296764835024
1652,Şarköy,Tekirdağ,2021,250.0,2525.77,591.6750000000001,0,196.44,,7.73,9.23,0.1771471142651135,34,27.08387096774194,31.815483870967743,8.272459016393443,821.25,4113.86,0.3774091015468885,0.600757018094117,0.3723604182456647,0.2417810595221193,0.402190643446365,0.2331594822960118,0.2746993243122269,0.455299622394377,0.2573444477418691,30.63478447384581,34.98105093110173,34.38479438901688,6.581722512754715,26.050313311348884,23.50475983162781,1.4040197257741671,21.45234829641344,15.658559729101958,0.144296764835024
1652,Şarköy,Tekirdağ,2022,193.0,2559.56,547.1949999999999,0,153.44,,24.98,36.06,0.1321634511665523,14,25.582580645161293,30.31838709677419,8.838415300546448,852.8000000000001,4190.539999999999,0.5275497962294976,0.6108948252563462,0.2794986191594135,0.3579533439043221,0.4254520645199641,0.1787587732207985,0.4022040753025622,0.466023215177115,0.1821480149695022,30.63478447384581,34.98105093110173,34.38479438901688,6.581722512754715,26.050313311348884,23.50475983162781,1.4040197257741671,21.45234829641344,15.658559729101958,0.144296764835024
1652,Şarköy,Tekirdağ,2023,107.0,2567.125,621.0299999999999,0,170.53,,6.13,0.6799999999999999,0.1586764555112723,36,28.04838709677419,33.25354838709677,8.419945355191256,854.8299999999998,3855.33,0.2844344485474646,0.5833967470511058,0.3162161403173701,0.1822190002553084,0.4057662740472207,0.1967379591302425,0.1963851978811188,0.4478742706678018,0.2120150706744886,30.63478447384581,34.98105093110173,34.38479438901688,6.581722512754715,26.050313311348884,23.50475983162781,1.4040197257741671,21.45234829641344,15.658559729101958,0.144296764835024
1652,Şarköy,Tekirdağ,2024,150.0,2800.66,626.59,0,118.41000000000004,,3.06,1.93,0.0973835651438618,39,28.238709677419354,33.07870967741935,8.909508196721312,814.4600000000003,4174.3,0.4935645913201739,0.5865200689298044,0.4878387804841895,0.3309912758537505,0.3922505714619026,0.3086559123496944,0.3756897058297945,0.4405318108073852,0.3369875699191392,30.63478447384581,34.98105093110173,34.38479438901688,6.581722512754715,26.050313311348884,23.50475983162781,1.4040197257741671,21.45234829641344,15.658559729101958,0.144296764835024
1705,Uzunköprü,Edirne,2017,245.0,2428.81,553.2599999999999,0,273.97,,59.83,12.01,0.1938683738695647,39,25.58129032258065,33.62580645161291,14.356775956284151,775.2200000000001,4016.24,0.4869750652082585,0.6825876678348823,0.4107394699089998,0.2974750558380228,0.4628323208322626,0.2636670753924336,0.3675204619861963,0.5312285301038792,0.2859292205513004,34.82199480554187,29.414944840392188,35.76298097390493,7.066801516200794,22.212727852789264,25.21688615866199,1.3853179983399653,19.253102028562445,13.620289846143994,0.1432904839420159
1705,Uzunköprü,Edirne,2018,253.0,2519.59,541.5949999999999,0,258.65,,79.18,1.89,0.1942220122962503,42,25.350000000000005,31.60258064516129,13.068852459016396,733.86,4012.95,0.4296976974819443,0.6809942921830777,0.4481283250411185,0.262302943082167,0.4650882406198896,0.2871630197535072,0.2911875880872657,0.5265339387716159,0.3134392501579573,34.82199480554187,29.414944840392188,35.76298097390493,7.066801516200794,22.212727852789264,25.21688615866199,1.3853179983399653,19.253102028562445,13.620289846143994,0.1432904839420159
1705,Uzunköprü,Edirne,2019,303.0,2482.7200000000003,544.5500000000001,0,230.70000000000005,,45.38,31.68,0.1655486325851696,44,25.515483870967746,33.28645161290322,14.009344262295082,756.7299999999999,3987.36,0.4670593379208858,0.7003781207451635,0.4215049075256885,0.287091581303624,0.4847846600676314,0.2628059033116417,0.3252267612289467,0.542469580172207,0.3045412826152632,34.82199480554187,29.414944840392188,35.76298097390493,7.066801516200794,22.212727852789264,25.21688615866199,1.3853179983399653,19.253102028562445,13.620289846143994,0.1432904839420159
1705,Uzunköprü,Edirne,2020,321.0,2469.95,572.3299999999999,0,229.11,,1.84,7.41,0.1622940337738141,54,26.26612903225806,34.483548387096775,14.179945355191258,836.0299999999999,4054.02,0.3611604445946517,0.7116742538364763,0.5361659299461138,0.1926040509014276,0.5053016090198985,0.3499307096727841,0.2310155683107227,0.5309595642896111,0.3927308052736526,34.82199480554187,29.414944840392188,35.76298097390493,7.066801516200794,22.212727852789264,25.21688615866199,1.3853179983399653,19.253102028562445,13.620289846143994,0.1432904839420159
1705,Uzunköprü,Edirne,2021,303.0,2390.16,599.15,0,220.56,,14.4,13.81,0.1653928520362352,55,27.134516129032253,35.18,13.302240437158469,823.1500000000002,3943.41,0.3492498213560761,0.6920509706941286,0.4789344978489254,0.1901859626005932,0.4865894191298111,0.3069848383347757,0.2140391623500469,0.5265285993661799,0.3450024174139844,34.82199480554187,29.414944840392188,35.76298097390493,7.066801516200794,22.212727852789264,25.21688615866199,1.3853179983399653,19.253102028562445,13.620289846143994,0.1432904839420159
1705,Uzunköprü,Edirne,2022,261.0,2495.07,581.8800000000001,0,221.16,,20.27,46.8,0.1558961648516955,50,26.649677419354838,34.76258064516129,14.103169398907104,831.5500000000002,4073.07,0.4123916297161764,0.6631115886764538,0.4157269923995402,0.247025114504783,0.4571194081973181,0.2676467775497949,0.2732441317060785,0.4867825521836907,0.285118477798286,34.82199480554187,29.414944840392188,35.76298097390493,7.066801516200794,22.212727852789264,25.21688615866199,1.3853179983399653,19.253102028562445,13.620289846143994,0.1432904839420159
1705,Uzunköprü,Edirne,2023,163.0,2558.1450000000004,630.4299999999998,0,218.67,,19.77,10.48,0.1624380392253557,57,28.345161290322583,36.51870967741936,13.636120218579237,808.1800000000001,3806.9699999999993,0.2973694699718386,0.6771665069183825,0.4614454018620961,0.1594480366566447,0.4809813892303757,0.2950109869487451,0.1850020070357442,0.4913597386937288,0.3330198869403786,34.82199480554187,29.414944840392188,35.76298097390493,7.066801516200794,22.212727852789264,25.21688615866199,1.3853179983399653,19.253102028562445,13.620289846143994,0.1432904839420159
1705,Uzunköprü,Edirne,2024,128.0,2786.885,648.5999999999999,0,172.17,,20.090000000000003,10.34,0.1155264255809047,58,28.8141935483871,36.67161290322581,14.260928961748634,779.2800000000002,4035.940000000001,0.4468186112917705,0.7647682026462281,0.611738679109658,0.2378452347447359,0.5434415462433987,0.3775870335914271,0.2733362404729803,0.5806479262062225,0.4463421838078279,34.82199480554187,29.414944840392188,35.76298097390493,7.066801516200794,22.212727852789264,25.21688615866199,1.3853179983399653,19.253102028562445,13.620289846143994,0.1432904839420159
1714,Vize,Kırklareli,2017,245.0,2261.46,519.43,0,261.66,,58.78000000000001,14.99,0.1941431272962968,36,24.49,31.97967741935484,13.509562841530055,802.7799999999997,4059.79,0.6278347201457454,0.6472071061123938,0.2455623192246345,0.4015412955761249,0.3967508041836645,0.1547655978100308,0.4858404313371047,0.4791754769184722,0.1555472258549831,31.274568905546985,31.43524684579882,37.28961652867388,7.051814638983122,22.662261149767144,23.98204031403322,1.3685266897266826,18.360585486857563,13.041156919330582,0.1468666805839291
1714,Vize,Kırklareli,2018,251.0,2356.22,521.035,0,285.37,,78.63999999999999,2.19,0.2298265788395893,24,24.631290322580647,30.737741935483868,11.982295081967214,740.6800000000001,4002.06,0.4919349730993768,0.6203242772030123,0.2772181758378022,0.3325525255787755,0.3748238808504421,0.1764406362556362,0.3513889352514882,0.4401152270691027,0.156826091196703,31.274568905546985,31.43524684579882,37.28961652867388,7.051814638983122,22.662261149767144,23.98204031403322,1.3685266897266826,18.360585486857563,13.041156919330582,0.1468666805839291
1714,Vize,Kırklareli,2019,253.0,2298.165,504.11,0,198.92,,44.63,21.82,0.1531839335010249,30,24.10483870967742,31.39032258064516,12.927650273224042,764.9699999999999,3977.57,0.6666717904395923,0.6456351995585887,0.2206462891560039,0.4827442310676267,0.4246688468391995,0.1346513059852397,0.5413978758457901,0.4888186057989452,0.1368075258630017,31.274568905546985,31.43524684579882,37.28961652867388,7.051814638983122,22.662261149767144,23.98204031403322,1.3685266897266826,18.360585486857563,13.041156919330582,0.1468666805839291
1714,Vize,Kırklareli,2020,269.0,2278.515,522.97,0,215.93,,4.739999999999999,12.22,0.1614530353613311,38,24.649999999999995,32.0116129032258,13.101857923497269,860.68,4106.630000000001,0.667883598178136,0.6121523756143631,0.226860963463542,0.473327206375401,0.3921534618710144,0.1390106650936502,0.5900954172459618,0.4312628209600173,0.14564374827746,31.274568905546985,31.43524684579882,37.28961652867388,7.051814638983122,22.662261149767144,23.98204031403322,1.3685266897266826,18.360585486857563,13.041156919330582,0.1468666805839291
1714,Vize,Kırklareli,2021,277.0,2237.3950000000004,563.8950000000001,0,206.01,,11.829999999999998,13.59,0.1642966434791755,41,25.92129032258065,33.38903225806452,12.52360655737705,819.3400000000001,3896.35,0.3701298493733857,0.6382268823168384,0.2812112626945188,0.2375736142089483,0.4369778213173428,0.1756916703973554,0.2567347444281342,0.493080780658662,0.1635240885126517,31.274568905546985,31.43524684579882,37.28961652867388,7.051814638983122,22.662261149767144,23.98204031403322,1.3685266897266826,18.360585486857563,13.041156919330582,0.1468666805839291
1714,Vize,Kırklareli,2022,235.0,2320.665,526.665,0,210.33,,23.31,41.260000000000005,0.1578621166562173,37,24.70064516129032,32.17935483870968,13.253989071038252,833.4399999999999,4065.29,0.5838292253692416,0.625155934280968,0.3281718886443925,0.3977714354026636,0.4291067996920711,0.2154480713668779,0.4596587155258329,0.4729781872762647,0.195641730801011,31.274568905546985,31.43524684579882,37.28961652867388,7.051814638983122,22.662261149767144,23.98204031403322,1.3685266897266826,18.360585486857563,13.041156919330582,0.1468666805839291
1714,Vize,Kırklareli,2023,190.0,2391.5499999999997,591.8900000000001,0,199.97,,16.310000000000002,6.819999999999999,0.1560361337461483,49,27.013870967741934,34.958709677419364,12.695081967213111,833.3900000000002,3850.99,0.312331270935055,0.6193052528570743,0.2565459637053415,0.2066634640721558,0.4337756341202991,0.1661701717473494,0.1970187970344494,0.436674431313468,0.1552998756346949,31.274568905546985,31.43524684579882,37.28961652867388,7.051814638983122,22.662261149767144,23.98204031403322,1.3685266897266826,18.360585486857563,13.041156919330582,0.1468666805839291
1714,Vize,Kırklareli,2024,186.0,2586.33,609.485,0,155.78,,12.93,7.8,0.1108549471620676,53,27.39903225806451,34.8316129032258,13.20989071038251,805.9199999999998,4080.68,0.5005087973232446,0.5937857302655151,0.356774827976423,0.3472439723902795,0.3996738564392913,0.2244952844031171,0.3688592290236311,0.4381916403141761,0.2051246416418986,31.274568905546985,31.43524684579882,37.28961652867388,7.051814638983122,22.662261149767144,23.98204031403322,1.3685266897266826,18.360585486857563,13.041156919330582,0.1468666805839291
1825,Marmaraereğlisi,Tekirdağ,2017,264.0,2273.715,511.425,0,269.35,,45.99,22.660000000000004,0.279319819253838,2,24.37451612903225,28.00451612903225,6.817540983606558,807.4400000000002,4114.55,0.7912942548855721,0.6341305295669174,0.2135298663749661,0.5311088470808975,0.3735068677226177,0.129885539233897,0.7008378025484119,0.4573878772988446,0.1327915222131626,33.46043193408146,28.09875423467147,38.44019464097307,7.210246659121606,23.313993716963257,26.124626580261456,1.409439457618899,20.12123763461253,14.441578569521734,0.1479261720046412
1825,Marmaraereğlisi,Tekirdağ,2018,250.0,2488.4000000000005,549.12,0,327.31,,80.14000000000001,2.6600000000000006,0.3577712878602188,0,25.69838709677419,28.76322580645161,6.231693989071037,801.0199999999999,3997.41,0.4710184629249331,0.6375560212144247,0.217623534485682,0.3158471186209368,0.4047415941276121,0.1304045042709787,0.3564711744996384,0.4747821876854409,0.1088598143230911,33.46043193408146,28.09875423467147,38.44019464097307,7.210246659121606,23.313993716963257,26.124626580261456,1.409439457618899,20.12123763461253,14.441578569521734,0.1479261720046412
1825,Marmaraereğlisi,Tekirdağ,2019,225.0,2359.945,502.77,0,209.92,,45.18000000000001,32.65,0.2223717680558498,0,24.19354838709678,27.61129032258064,6.325737704918033,807.42,4110.160000000001,0.5544986743159463,0.6080733411733993,0.1890614015495734,0.3877159252233474,0.3874462060070206,0.1111109165778932,0.413053658801269,0.4197144811205686,0.1164038847489097,33.46043193408146,28.09875423467147,38.44019464097307,7.210246659121606,23.313993716963257,26.124626580261456,1.409439457618899,20.12123763461253,14.441578569521734,0.1479261720046412
1825,Marmaraereğlisi,Tekirdağ,2020,235.0,2342.0950000000003,517.27,0,200.67,,5.41,7.920000000000001,0.2051242609280873,0,24.58193548387097,28.22709677419355,6.671420765027323,860.5100000000001,4171.46,0.5581891259319545,0.6004388010350801,0.2184859693230628,0.3803784403372952,0.3848307682997622,0.1308188810839446,0.4386782795190529,0.421986687518825,0.1381553826871605,33.46043193408146,28.09875423467147,38.44019464097307,7.210246659121606,23.313993716963257,26.124626580261456,1.409439457618899,20.12123763461253,14.441578569521734,0.1479261720046412
1825,Marmaraereğlisi,Tekirdağ,2021,265.0,2319.7,552.0999999999999,0,194.93,,16.090000000000003,8.219999999999999,0.2058035964453864,9,25.78419354838709,29.32225806451613,6.372950819672131,821.25,4113.86,0.3924225789657418,0.6102078546857158,0.2018071904082497,0.2484919810969655,0.3991973845867636,0.1201323594280419,0.2841378633132316,0.4378510161163221,0.1228291151322617,33.46043193408146,28.09875423467147,38.44019464097307,7.210246659121606,23.313993716963257,26.124626580261456,1.409439457618899,20.12123763461253,14.441578569521734,0.1479261720046412
1825,Marmaraereğlisi,Tekirdağ,2022,212.0,2347.575,509.44,0,229.87,,43.59000000000001,50.90999999999999,0.2346724484563518,0,24.33096774193548,27.90870967741936,6.719508196721312,852.8000000000001,4190.539999999999,0.5829816364496876,0.6326200756106884,0.195587292625438,0.400382323350599,0.4471761922951321,0.1218695208606206,0.4149008563604071,0.4499859014140762,0.1078107563658982,33.46043193408146,28.09875423467147,38.44019464097307,7.210246659121606,23.313993716963257,26.124626580261456,1.409439457618899,20.12123763461253,14.441578569521734,0.1479261720046412
1825,Marmaraereğlisi,Tekirdağ,2023,135.0,2387.4700000000003,567.3900000000001,0,201.43,,8.45,6.57,0.2206031168328071,11,26.373870967741933,30.146129032258067,6.441639344262296,854.8299999999998,3855.33,0.305928166757692,0.587967701963045,0.2279794147220975,0.1981633490205476,0.4060415023265417,0.1412176513759357,0.2037008694516593,0.4183606470855787,0.1412314998527223,33.46043193408146,28.09875423467147,38.44019464097307,7.210246659121606,23.313993716963257,26.124626580261456,1.409439457618899,20.12123763461253,14.441578569521734,0.1479261720046412
1825,Marmaraereğlisi,Tekirdağ,2024,165.0,2610.07,586.6350000000001,0,157.89999999999998,,19.66,4.16,0.1545721119320418,8,26.796774193548387,30.511612903225803,6.662185792349727,814.4600000000003,4174.3,0.419611413736904,0.5835121435584804,0.3508096720154772,0.2841008109728836,0.3940682301299167,0.2161933391172781,0.2879055008682172,0.4194570601368286,0.2270258053323448,33.46043193408146,28.09875423467147,38.44019464097307,7.210246659121606,23.313993716963257,26.124626580261456,1.409439457618899,20.12123763461253,14.441578569521734,0.1479261720046412
1988,Süloğlu,Edirne,2017,216.0,2428.81,553.2599999999999,0,273.97,,59.83,12.01,0.1916481994462084,39,25.58129032258065,33.62580645161291,14.356775956284151,802.7799999999997,4059.79,0.6770276942155248,0.6176430441165826,0.2998476584178072,0.4664674008106572,0.4052439327056351,0.1924863301203248,0.5150278508575125,0.4405746609289317,0.1951476428262449,32.10352124946346,28.60388265353689,39.29267270351597,6.955762064873599,15.93988747482584,23.096622666088617,1.3922323268039871,15.40269095424191,9.809573852593177,0.1467473560564356
1988,Süloğlu,Edirne,2018,228.0,2519.59,541.5949999999999,0,258.65,,79.18,1.89,0.1945084466611531,42,25.350000000000005,31.60258064516129,13.068852459016396,740.6800000000001,4002.06,0.4272634191161286,0.6202739236605783,0.3067754665942211,0.2862582699111949,0.4074153632825509,0.1956124806428524,0.3012525947988411,0.451541146309913,0.1912377420980982,32.10352124946346,28.60388265353689,39.29267270351597,6.955762064873599,15.93988747482584,23.096622666088617,1.3922323268039871,15.40269095424191,9.809573852593177,0.1467473560564356
1988,Süloğlu,Edirne,2019,227.0,2482.7200000000003,544.5500000000001,0,230.70000000000005,,45.38,31.68,0.1655446088164147,44,25.515483870967746,33.28645161290322,14.009344262295082,764.9699999999999,3977.57,0.5706524612491493,0.640856308159687,0.2947625283023781,0.3954220065937902,0.4374422459699583,0.1882623840076508,0.4299805730452944,0.4796327455423785,0.1889964020588479,32.10352124946346,28.60388265353689,39.29267270351597,6.955762064873599,15.93988747482584,23.096622666088617,1.3922323268039871,15.40269095424191,9.809573852593177,0.1467473560564356
1988,Süloğlu,Edirne,2020,264.0,2469.95,572.3299999999999,0,229.11,,1.84,7.41,0.1596645713575631,54,26.26612903225806,34.483548387096775,14.179945355191258,860.68,4106.630000000001,0.649792714693298,0.6396951351183904,0.2947875679674807,0.4672801667540692,0.4413788152164057,0.1896490607316718,0.4829017331270349,0.47960620196695,0.1925755919142055,32.10352124946346,28.60388265353689,39.29267270351597,6.955762064873599,15.93988747482584,23.096622666088617,1.3922323268039871,15.40269095424191,9.809573852593177,0.1467473560564356
1988,Süloğlu,Edirne,2021,302.0,2390.16,599.15,0,220.56,,14.4,13.81,0.166668432710007,55,27.134516129032253,35.18,13.302240437158469,819.3400000000001,3896.35,0.5768867933917043,0.6251598463687724,0.3020671678029666,0.3860001415217553,0.4392911096620162,0.1985802259434745,0.393345459740131,0.4587836180768499,0.1922268775120329,32.10352124946346,28.60388265353689,39.29267270351597,6.955762064873599,15.93988747482584,23.096622666088617,1.3922323268039871,15.40269095424191,9.809573852593177,0.1467473560564356
1988,Süloğlu,Edirne,2022,270.0,2495.07,581.8800000000001,0,221.16,,20.27,46.8,0.1556284782323186,50,26.649677419354838,34.76258064516129,14.103169398907104,833.4399999999999,4065.29,0.6713964465459059,0.6427362994743135,0.3891569595217582,0.4840570065963324,0.4382716113820854,0.2537710391619393,0.5030056404417717,0.4766923472105695,0.2465744523048669,32.10352124946346,28.60388265353689,39.29267270351597,6.955762064873599,15.93988747482584,23.096622666088617,1.3922323268039871,15.40269095424191,9.809573852593177,0.1467473560564356
1988,Süloğlu,Edirne,2023,302.0,2558.1450000000004,630.4299999999998,0,218.67,,19.77,10.48,0.1602755519781737,57,28.345161290322583,36.51870967741936,13.636120218579237,833.3900000000002,3850.99,0.3221211986631572,0.632623725216677,0.3420154710384178,0.2103726227940325,0.4547736535629672,0.2220008963704113,0.1985098262632424,0.4614364271146286,0.2236461976725419,32.10352124946346,28.60388265353689,39.29267270351597,6.955762064873599,15.93988747482584,23.096622666088617,1.3922323268039871,15.40269095424191,9.809573852593177,0.1467473560564356
1988,Süloğlu,Edirne,2024,194.0,2786.885,648.5999999999999,0,172.17,,20.090000000000003,10.34,0.1138738987891553,58,28.8141935483871,36.67161290322581,14.260928961748634,805.9199999999998,4080.68,0.5973062842288708,0.6506522010877883,0.3858802958694812,0.4341603046164587,0.4575996096523871,0.24953244594285,0.4235603897656799,0.499219248189104,0.2533998428728595,32.10352124946346,28.60388265353689,39.29267270351597,6.955762064873599,15.93988747482584,23.096622666088617,1.3922323268039871,15.40269095424191,9.809573852593177,0.1467473560564356
2094,Ergene,Tekirdağ,2017,244.0,2261.46,519.43,0,261.66,,58.78000000000001,14.99,0.1941431272962968,36,24.49,31.97967741935484,13.509562841530055,802.7799999999997,4059.79,0.6965969705617759,0.6461418074657806,0.2071014057879554,0.4552556372965259,0.3981854647111064,0.1285293085354823,0.5711965582933343,0.4940794258492109,0.1329812282872705,33.71112980140532,27.53444831039412,38.75406290121565,7.311162807071716,20.9041586187774,27.405742006092467,1.3659230621258516,18.996509742001557,12.31508020014604,0.1473773750388305
2094,Ergene,Tekirdağ,2018,230.0,2356.22,521.035,0,285.37,,78.63999999999999,2.19,0.2298265788395893,24,24.631290322580647,30.737741935483868,11.982295081967214,740.6800000000001,4002.06,0.400611074937668,0.5988464650932915,0.2615402471378662,0.2674537759640967,0.3564140179269234,0.162803275501101,0.289723551831806,0.4354901744303263,0.1476098284877923,33.71112980140532,27.53444831039412,38.75406290121565,7.311162807071716,20.9041586187774,27.405742006092467,1.3659230621258516,18.996509742001557,12.31508020014604,0.1473773750388305
2094,Ergene,Tekirdağ,2019,260.0,2298.165,504.11,0,198.92,,44.63,21.82,0.1531839335010249,30,24.10483870967742,31.39032258064516,12.927650273224042,764.9699999999999,3977.57,0.6467494367278329,0.5985339744415228,0.1852873709095664,0.4592172070023595,0.3679108092965029,0.1119857511640356,0.539049894766351,0.4334401139352378,0.1131807268643158,33.71112980140532,27.53444831039412,38.75406290121565,7.311162807071716,20.9041586187774,27.405742006092467,1.3659230621258516,18.996509742001557,12.31508020014604,0.1473773750388305
2094,Ergene,Tekirdağ,2020,256.0,2278.515,522.97,0,215.93,,4.739999999999999,12.22,0.1614530353613311,38,24.649999999999995,32.0116129032258,13.101857923497269,860.68,4106.630000000001,0.5779166249047765,0.5833084446239943,0.1977084311804182,0.3861328022966759,0.3731685885363671,0.1204863079141212,0.4477117920395851,0.3896981030008249,0.1227251761681234,33.71112980140532,27.53444831039412,38.75406290121565,7.311162807071716,20.9041586187774,27.405742006092467,1.3659230621258516,18.996509742001557,12.31508020014604,0.1473773750388305
2094,Ergene,Tekirdağ,2021,240.0,2237.3950000000004,563.8950000000001,0,206.01,,11.829999999999998,13.59,0.1642966434791755,41,25.92129032258065,33.38903225806452,12.52360655737705,819.3400000000001,3896.35,0.3611301741449986,0.5835304469841884,0.239755346663803,0.2284136913578944,0.3872927791355956,0.1490509818838763,0.238809749204004,0.412111690520683,0.1362670141741576,33.71112980140532,27.53444831039412,38.75406290121565,7.311162807071716,20.9041586187774,27.405742006092467,1.3659230621258516,18.996509742001557,12.31508020014604,0.1473773750388305
2094,Ergene,Tekirdağ,2022,193.0,2320.665,526.665,0,210.33,,23.31,41.260000000000005,0.1578621166562173,37,24.70064516129032,32.17935483870968,13.253989071038252,833.4399999999999,4065.29,0.572810648775628,0.6003711436149534,0.2193830154132214,0.3848496853578998,0.4228108039243484,0.1436199114724789,0.416772193680569,0.4356058507216446,0.123504297975323,33.71112980140532,27.53444831039412,38.75406290121565,7.311162807071716,20.9041586187774,27.405742006092467,1.3659230621258516,18.996509742001557,12.31508020014604,0.1473773750388305
2094,Ergene,Tekirdağ,2023,108.0,2391.5499999999997,591.8900000000001,0,199.97,,16.310000000000002,6.819999999999999,0.1560361337461483,49,27.013870967741934,34.958709677419364,12.695081967213111,833.3900000000002,3850.99,0.3414893852343069,0.6262868259387754,0.2989654093948864,0.2308600993067864,0.4398511305226026,0.1937541459836365,0.2327701691168615,0.4721196683179349,0.2024890326559281,33.71112980140532,27.53444831039412,38.75406290121565,7.311162807071716,20.9041586187774,27.405742006092467,1.3659230621258516,18.996509742001557,12.31508020014604,0.1473773750388305
2094,Ergene,Tekirdağ,2024,149.0,2586.33,609.485,0,155.78,,12.93,7.8,0.1108549471620676,53,27.39903225806451,34.8316129032258,13.20989071038251,805.9199999999998,4080.68,0.5112330659997197,0.589517314164368,0.3346284318308205,0.3560945204198405,0.4041284565512941,0.2151697905241499,0.3738826970817216,0.4379306072181419,0.2029161461679958,33.71112980140532,27.53444831039412,38.75406290121565,7.311162807071716,20.9041586187774,27.405742006092467,1.3659230621258516,18.996509742001557,12.31508020014604,0.1473773750388305
2095,Kapaklı,Tekirdağ,2017,244.0,2154.745,493.51499999999993,0,305.87000000000006,,69.3,26.84,0.3013912998239427,7,23.69322580645161,28.41838709677419,8.890382513661203,765.2900000000002,3863.42,0.6760855645546909,0.647937719097083,0.2245100793385518,0.4406996854069801,0.4047644604514639,0.1407918106352399,0.5711672894713378,0.5148257806123108,0.1573429390471021,33.243344825791404,27.39596415521618,39.36117499708281,7.162757936610641,22.46480874176013,24.79159493898971,1.3571163530825696,19.19873437308103,11.733557927132836,0.1490031021548674
2095,Kapaklı,Tekirdağ,2018,240.0,2344.51,520.8,0,321.81000000000006,,83.59,3.86,0.3370030294850312,1,24.61483870967742,28.843225806451613,7.870710382513661,760.83,3806.11,0.3862131884315898,0.6065776973380855,0.2773520973121521,0.2533069416883659,0.3727502271392581,0.1721954955582841,0.3115295103539571,0.4413039782370961,0.1623760898834971,33.243344825791404,27.39596415521618,39.36117499708281,7.162757936610641,22.46480874176013,24.79159493898971,1.3571163530825696,19.19873437308103,11.733557927132836,0.1490031021548674
2095,Kapaklı,Tekirdağ,2019,250.0,2236.675,486.3850000000001,0,234.3,,58.97,33.04,0.2355686366684858,3,23.52645161290323,28.098064516129035,8.29224043715847,743.0199999999999,3865.42,0.6548434819776406,0.6108674825972557,0.1895434934574091,0.4610486618231124,0.3916632317120834,0.1110200484586812,0.5777245585762009,0.487125390167554,0.1213338524161349,33.243344825791404,27.39596415521618,39.36117499708281,7.162757936610641,22.46480874176013,24.79159493898971,1.3571163530825696,19.19873437308103,11.733557927132836,0.1490031021548674
2095,Kapaklı,Tekirdağ,2020,245.0,2211.53,497.5299999999999,0,202.31,,4.930000000000001,9.72,0.1978728792012617,2,23.88677419354839,28.284838709677423,8.529617486338799,803.9700000000001,3954.750000000001,0.6325558035027739,0.5747907123171786,0.2382322679411366,0.434072988072165,0.3749743805897252,0.1473457729911459,0.5280690553040305,0.4129477948222155,0.1516113154106614,33.243344825791404,27.39596415521618,39.36117499708281,7.162757936610641,22.46480874176013,24.79159493898971,1.3571163530825696,19.19873437308103,11.733557927132836,0.1490031021548674
2095,Kapaklı,Tekirdağ,2021,220.0,2187.8100000000004,536.8900000000001,0,222.63,,17.92,13.039999999999996,0.2250211585791207,16,25.12967741935484,29.785806451612903,8.39415300546448,772.84,3821.6,0.2930753062872926,0.5827276456154534,0.2413028453385143,0.1809802494617473,0.3911192024765673,0.1477902717137714,0.2129245750400264,0.4266272835423181,0.1465415832084241,33.243344825791404,27.39596415521618,39.36117499708281,7.162757936610641,22.46480874176013,24.79159493898971,1.3571163530825696,19.19873437308103,11.733557927132836,0.1490031021548674
2095,Kapaklı,Tekirdağ,2022,174.0,2219.985,493.715,0,250.24,,46.67,45.26,0.2428148439383689,3,23.731612903225805,28.196451612903232,8.666721311475408,826.1899999999999,3973.69,0.4894496339402494,0.5785852899783163,0.2493637952251015,0.3226547212000789,0.4089402659886504,0.1620083508359245,0.366208423357649,0.4334719122723476,0.1599216093703406,33.243344825791404,27.39596415521618,39.36117499708281,7.162757936610641,22.46480874176013,24.79159493898971,1.3571163530825696,19.19873437308103,11.733557927132836,0.1490031021548674
2095,Kapaklı,Tekirdağ,2023,107.0,2286.835,554.205,0,206.85,,12.63,7.15,0.2119627564773014,17,25.791612903225808,31.065483870967743,8.205956284153006,809.2,3725.74,0.2697982562397228,0.5600372644596885,0.2332788858762597,0.177928517200762,0.3920455161779801,0.1451312369909626,0.1917119248383826,0.4049069088378098,0.1519720251065677,33.243344825791404,27.39596415521618,39.36117499708281,7.162757936610641,22.46480874176013,24.79159493898971,1.3571163530825696,19.19873437308103,11.733557927132836,0.1490031021548674
2095,Kapaklı,Tekirdağ,2024,150.0,2496.9,574.9400000000002,0,172.32,,17.54,7.75,0.1610404928307287,14,26.32258064516129,30.92419354838709,8.491147540983608,774.4100000000002,3954.74,0.5224677777584824,0.5757092226839204,0.3416695477789518,0.3753536737427848,0.3926283386546371,0.2183008244818292,0.4102921040130082,0.4375745236161683,0.2194512502042651,33.243344825791404,27.39596415521618,39.36117499708281,7.162757936610641,22.46480874176013,24.79159493898971,1.3571163530825696,19.19873437308103,11.733557927132836,0.1490031021548674
2096,Süleymanpaşa,Tekirdağ,2017,225.0,2367.565,537.8,0,234.37,,44.31,17.209999999999997,0.1886638548761684,25,25.10129032258065,31.197741935483872,10.87431693989071,807.4400000000002,4114.55,0.5469871063903108,0.6457077370001896,0.2516202543427039,0.3516420623459819,0.4256297845839999,0.1572507350235549,0.4176662437232957,0.4933443460164614,0.1581437257058759,34.88306527066829,29.764055024426945,35.35295608380236,6.814120153300926,26.518525803690327,25.284041115486456,1.3759346319829384,21.055131465686586,14.837065535808176,0.1440633790420225
2096,Süleymanpaşa,Tekirdağ,2018,230.0,2524.53,557.21,0,272.72,,79.53,1.01,0.2356901489403988,15,25.91161290322581,30.81548387096775,9.810601092896176,801.0199999999999,3997.41,0.4912494520179265,0.6594034964723009,0.2236382515614629,0.3344586679377736,0.4318263695650001,0.1396685538959913,0.3793327442808396,0.5104232045694133,0.1374115390742915,34.88306527066829,29.764055024426945,35.35295608380236,6.814120153300926,26.518525803690327,25.284041115486456,1.3759346319829384,21.055131465686586,14.837065535808176,0.1440633790420225
2096,Süleymanpaşa,Tekirdağ,2019,230.0,2419.735,520.565,0,172.78,,31.85,19.75,0.1418535054024504,22,24.761612903225803,30.46806451612904,10.292950819672132,807.42,4110.160000000001,0.4536645969112448,0.6315174629924472,0.21774216562331,0.3076953823605394,0.4226394409530477,0.1331990528349722,0.3552392535123071,0.478834218714527,0.137825724625261,34.88306527066829,29.764055024426945,35.35295608380236,6.814120153300926,26.518525803690327,25.284041115486456,1.3759346319829384,21.055131465686586,14.837065535808176,0.1440633790420225
2096,Süleymanpaşa,Tekirdağ,2020,245.0,2400.71,535.4399999999999,0,219.83,,7.03,10.909999999999998,0.175919927167881,24,25.127096774193557,31.142258064516124,10.639562841530056,860.5100000000001,4171.46,0.6231945836034752,0.6060490087403462,0.2179618769599872,0.4263503797250683,0.3964266928889649,0.1307500807549043,0.5106546911774884,0.4351683678642392,0.1442475156652284,34.88306527066829,29.764055024426945,35.35295608380236,6.814120153300926,26.518525803690327,25.284041115486456,1.3759346319829384,21.055131465686586,14.837065535808176,0.1440633790420225
2096,Süleymanpaşa,Tekirdağ,2021,250.0,2382.5199999999995,577.4,0,211.36,,13.469999999999995,12.929999999999998,0.1756716191335366,34,26.508064516129032,32.46129032258064,10.046939890710384,821.25,4113.86,0.2956383954881262,0.607414626648968,0.2506889735396067,0.1834407091263342,0.4106030552424854,0.1528971185912336,0.1976825761177095,0.4486965067436938,0.1466228991128821,34.88306527066829,29.764055024426945,35.35295608380236,6.814120153300926,26.518525803690327,25.284041115486456,1.3759346319829384,21.055131465686586,14.837065535808176,0.1440633790420225
2096,Süleymanpaşa,Tekirdağ,2022,193.0,2436.91,533.1850000000001,0,193.1,,21.9,42.79,0.1540474221869488,22,25.059677419354845,30.976129032258065,10.63912568306011,852.8000000000001,4190.539999999999,0.5258607382403755,0.6466040916103264,0.2235840830558556,0.3557180499249992,0.4622249502298148,0.1417392551231751,0.389191245996843,0.495711787491745,0.1289742466224821,34.88306527066829,29.764055024426945,35.35295608380236,6.814120153300926,26.518525803690327,25.284041115486456,1.3759346319829384,21.055131465686586,14.837065535808176,0.1440633790420225
2096,Süleymanpaşa,Tekirdağ,2023,112.0,2486.13,603.845,0,186.24,,11.19,3.1899999999999995,0.1587747698209763,44,27.444193548387094,33.73064516129032,10.268415300546447,854.8299999999998,3855.33,0.2694497264146331,0.6055120703462036,0.25630882977739,0.1722711362976651,0.4288525823993022,0.158909777265609,0.1865267581018504,0.4511629743377273,0.1591679479315433,34.88306527066829,29.764055024426945,35.35295608380236,6.814120153300926,26.518525803690327,25.284041115486456,1.3759346319829384,21.055131465686586,14.837065535808176,0.1440633790420225
2096,Süleymanpaşa,Tekirdağ,2024,180.0,2694.8700000000003,615.275,0,135.59,,7.81,5.0200000000000005,0.103272767855893,47,27.701935483870965,33.66193548387097,10.677814207650274,814.4600000000003,4174.3,0.4161171316284789,0.5856394736570336,0.2735407122826897,0.2856298543756655,0.3961733799301715,0.1669075117719597,0.3053581406746848,0.4344584224567064,0.1646440013267197,34.88306527066829,29.764055024426945,35.35295608380236,6.814120153300926,26.518525803690327,25.284041115486456,1.3759346319829384,21.055131465686586,14.837065535808176,0.1440633790420225
