ilce_id,ilce,il,year,verim_kg_da,gdd_cum_season,gdd_flowering,vernalization_days,tp_season_sum,tp_winter_sum,tp_flowering,tp_grain_fill,aridity_index,heat_stress_days,t2m_flowering_mean,t2m_flowering_max,tdiff_mean,ssr_flowering_sum,ssr_season_sum,NDVI_greenup_mean,NDVI_peak_mean,NDVI_grainfill_mean,NDRE_greenup_mean,NDRE_peak_mean,NDRE_grainfill_mean,EVI_greenup_mean,EVI_peak_mean,EVI_grainfill_mean,clay_0_30_mean,sand_0_30_mean,silt_0_30_mean,phh2o_0_30_mean,soc_0_30_mean,cec_0_30_mean,bdod_0_30_mean,nitrogen_0_30_mean,cfvo_0_30_mean,awc_0_30,NDVI_greenup_median,NDVI_greenup_stdDev,NDVI_greenup_p10,NDVI_greenup_p90,NDVI_greenup_cv,NDVI_greenup_range,NDVI_peak_median,NDVI_peak_stdDev,NDVI_peak_p10,NDVI_peak_p90,NDVI_peak_cv,NDVI_peak_range,NDVI_grainfill_median,NDVI_grainfill_stdDev,NDVI_grainfill_p10,NDVI_grainfill_p90,NDVI_grainfill_cv,NDVI_grainfill_range,NDRE_greenup_median,NDRE_greenup_stdDev,NDRE_greenup_p10,NDRE_greenup_p90,NDRE_greenup_cv,NDRE_greenup_range,NDRE_peak_median,NDRE_peak_stdDev,NDRE_peak_p10,NDRE_peak_p90,NDRE_peak_cv,NDRE_peak_range,NDRE_grainfill_median,NDRE_grainfill_stdDev,NDRE_grainfill_p10,NDRE_grainfill_p90,NDRE_grainfill_cv,NDRE_grainfill_range,EVI_greenup_median,EVI_greenup_stdDev,EVI_greenup_p10,EVI_greenup_p90,EVI_greenup_cv,EVI_greenup_range,EVI_peak_median,EVI_peak_stdDev,EVI_peak_p10,EVI_peak_p90,EVI_peak_cv,EVI_peak_range,EVI_grainfill_median,EVI_grainfill_stdDev,EVI_grainfill_p10,EVI_grainfill_p90,EVI_grainfill_cv,EVI_grainfill_range
1163,Babaeski,Kırklareli,2017,458.0,3272.91,530.49,46,483.79,257.82,47.9,57.77,0.4332781016967745,16,16.99,23.63225806451613,11.577569444444444,696.88,4022.21,0.4730768095648626,0.8119267458291021,0.3669550750129559,0.3103246262652967,0.6179874129090208,0.2259004583493254,0.2801623843169598,0.6670067915068163,0.2223307869401119,32.044601386930566,34.54277260024433,33.41265304165573,7.041402080645782,16.475018901659183,22.85811115074474,1.3668838661271046,16.527334237568482,13.89952973044019,0.1383200458484389,0.4706898507201896,0.1119322371508572,0.326219123494923,0.619108824970089,0.2366047857087157,0.2928897014751659,0.8378835838172974,0.0969533607320186,0.6660105724530043,0.9120801849035264,0.119411463201664,0.2460696124505219,0.3476329347791014,0.1222911813683963,0.2305591375012566,0.5429099308480734,0.3332592725801072,0.3123507933468167,0.3066044483875199,0.0823711479565027,0.2050911192454158,0.4159667565478073,0.265435421441815,0.2108756373023915,0.6386628617478057,0.1028450562898284,0.4667834839848609,0.7363015323342523,0.1664193382284456,0.2695180483493914,0.2070272570158306,0.0866201664302217,0.1290001819804535,0.347617158965039,0.3834439605088141,0.2186169769845855,0.2675817315358093,0.0894561596480264,0.1777270938111605,0.4003701384069536,0.3193011076991008,0.2226430445957931,0.6777233132980681,0.1148296190605986,0.5058861723780398,0.8066343687903617,0.1721565964886059,0.3007481964123218,0.1972483725996061,0.0997785075925277,0.1191640058666081,0.3613191051692881,0.4487840346618508,0.2421550993026801
1163,Babaeski,Kırklareli,2018,442.0,3645.125,575.925,60,758.1700000000001,454.41,35.48000000000001,107.69,0.7224146068705211,12,18.41064516129032,24.698387096774194,10.704583333333334,674.3399999999999,3904.03,0.6809591572967172,0.7047988865792831,0.2703002660256213,0.4363509911009306,0.505410828585525,0.1692834287822256,0.4405075389746026,0.510662635217687,0.1722278481302764,32.044601386930566,34.54277260024433,33.41265304165573,7.041402080645782,16.475018901659183,22.85811115074474,1.3668838661271046,16.527334237568482,13.89952973044019,0.1383200458484389,0.6913953168522663,0.1216193636774549,0.5273819464421119,0.8319387273826856,0.1786000854445683,0.3045567809405737,0.7119341227871996,0.0867329447528681,0.5849552619359026,0.81543028959449,0.1230605586989835,0.2304750276585874,0.253863219040045,0.0766348926408906,0.1993455756034587,0.3710127670650076,0.2835176367663157,0.1716671914615488,0.4335936309943733,0.1088359302705377,0.3008887073742879,0.5819735780484026,0.2494229014948273,0.2810848706741146,0.5058452656718609,0.0830533015663718,0.3965226394331008,0.615230949622937,0.1643282986215593,0.2187083101898361,0.1581807799050974,0.053641676565982,0.1152894668582851,0.2363042726525443,0.316874941344609,0.1210148057942591,0.4335428592112895,0.1157562731148534,0.3008733262277545,0.5897434503522373,0.2627793235600613,0.2888701241244828,0.5058773467145604,0.0947968386420481,0.3887107338044356,0.6347281908030736,0.1856349615272671,0.2460174569986379,0.1581736235100896,0.0559802630499213,0.1231110905265423,0.2402089505707514,0.3250360708657105,0.1170978600442091
1163,Babaeski,Kırklareli,2019,445.0,3559.9700000000003,574.69,61,496.35,317.1700000000001,51.56,35.63999999999999,0.4631700753380257,26,18.274516129032257,25.027419354838703,11.310555555555554,660.11,3843.55,0.5954678801279524,0.7714187095628521,0.3539105207129432,0.4011830306156291,0.5871672420568789,0.225670549387433,0.4058255651960133,0.5995598491483969,0.2317351145848156,32.044601386930566,34.54277260024433,33.41265304165573,7.041402080645782,16.475018901659183,22.85811115074474,1.3668838661271046,16.527334237568482,13.89952973044019,0.1383200458484389,0.5976265038280104,0.1376561867584038,0.4101966750084844,0.7773060220716334,0.2311731519907079,0.3671093470631489,0.797851546531976,0.0960626414433764,0.6240351512083456,0.8720699074554132,0.12452723825925,0.2480347562470676,0.3300704759321042,0.1048679350586202,0.2441619427133611,0.5058436085149144,0.2963120023879668,0.2616816658015533,0.39254868386477,0.1104410898083129,0.2597585649159857,0.5526989102920664,0.2752885376004994,0.2929403453760806,0.6035150435820741,0.1056931088165146,0.431655545189801,0.7128656747210762,0.1800051182117481,0.2812101295312752,0.2089615800410098,0.074786413664622,0.1504078851508081,0.3300958922990283,0.3313964266388527,0.1796880071482202,0.3886749936911942,0.1350907796462784,0.244117132515916,0.5956425709941494,0.3328789293523924,0.3515254384782334,0.6113455753133286,0.1064684838869678,0.4472800625220726,0.7284973948651782,0.1775777414685016,0.2812173323431056,0.2089896311572708,0.0849382963719137,0.1504325336298833,0.3495274297212925,0.3665318332273125,0.1990948960914092
1163,Babaeski,Kırklareli,2020,352.0,3752.715,543.2449999999999,51,439.13,192.16,71.26,68.47000000000001,0.3913352699399225,15,17.3441935483871,24.115161290322582,11.6778892733564,655.2299999999999,4067.94,0.7602864845801303,0.7924387105332161,0.3264497939521534,0.5681978955522525,0.6129013956897555,0.2069813760430002,0.5770844065588197,0.6346207084842675,0.1975034716148846,32.044601386930566,34.54277260024433,33.41265304165573,7.041402080645782,16.475018901659183,22.85811115074474,1.3668838661271046,16.527334237568482,13.89952973044019,0.1383200458484389,0.7949287390558106,0.1199260232073759,0.583982823249788,0.8808568563299113,0.1577379391054219,0.2968740330801233,0.8212814891510208,0.0976675914952632,0.6416323812293769,0.8876839160037099,0.1232493948075109,0.2460515347743329,0.2988052444463439,0.106132823083228,0.2168152131525928,0.4823729134260338,0.3251122379289465,0.265557700273441,0.5878933333111177,0.1146973329508033,0.4043063753480349,0.7011393338998262,0.2018615940830347,0.2968329585517913,0.6386848366111415,0.1019155554022916,0.4550778946979444,0.7245761339704501,0.1662837711237327,0.2694982392725056,0.189431801104347,0.071983814298672,0.1348007485347152,0.3105284998257422,0.3477791851365285,0.175727751291027,0.5957221502550084,0.1388720310854256,0.3769644014218904,0.7441357046075184,0.2406442272691543,0.3671713031856279,0.6503947318178529,0.1155393361974961,0.4707582900948663,0.7714599905632017,0.1820604569829609,0.3007017004683354,0.173798530165112,0.085174768170523,0.1152639928793618,0.3183102016944616,0.4312570684155201,0.2030462088150997
1163,Babaeski,Kırklareli,2021,483.0,3555.51,533.905,58,716.1500000000001,478.68,58.6,63.760000000000005,0.7228070521708525,9,17.102258064516132,23.206129032258065,10.520138888888887,680.8100000000001,3826.01,0.6847939922503723,0.7945705402523779,0.4350243431333599,0.4595385216912531,0.5957704108257037,0.2738924449424051,0.5314914437609296,0.6229087530672267,0.2643722232889236,32.044601386930566,34.54277260024433,33.41265304165573,7.041402080645782,16.475018901659183,22.85811115074474,1.3668838661271046,16.527334237568482,13.89952973044019,0.1383200458484389,0.7070652437370788,0.1143361562762528,0.5195554328091032,0.8163189739021955,0.1669643098072765,0.2967635410930923,0.8173827418805205,0.0849822547243531,0.6689183168386703,0.8798844730363491,0.1069536943785511,0.2109661561976787,0.419885956691133,0.1415810251287902,0.2597576093388887,0.6347839868864205,0.3254554081020415,0.3750263775475317,0.4668017321091749,0.094106428641406,0.3300565369276529,0.5761437110193333,0.2047846354535488,0.2460871740916803,0.6113198047932836,0.0889704815609058,0.4668349417328478,0.697237385752043,0.1493368585351492,0.2304024440191951,0.2597677566282723,0.0976037498718819,0.1582192190372673,0.4081553107157269,0.3563579488014221,0.2499360916784596,0.5351958754872784,0.1309020213724065,0.3555248915977982,0.6991641022319173,0.2462918696228112,0.343639210634119,0.630859231138063,0.104641493905023,0.4785073101265031,0.7558407533122592,0.167988478873935,0.277333443185756,0.2402206970646021,0.1171316157978491,0.1387065015668189,0.4238455767772568,0.4430556824036687,0.2851390752104379
1163,Babaeski,Kırklareli,2022,438.0,3445.385,551.33,50,520.54,379.2600000000001,25.99000000000001,44.26999999999998,0.4785209278445113,27,17.686774193548384,25.150645161290324,11.32576388888889,762.4200000000001,3943.88,0.5390575773675002,0.7630373633176295,0.3584069963696602,0.3392185141071581,0.5743376370884321,0.2247533303772153,0.3650656878257609,0.6010992502443392,0.2244770239408596,32.044601386930566,34.54277260024433,33.41265304165573,7.041402080645782,16.475018901659183,22.85811115074474,1.3668838661271046,16.527334237568482,13.89952973044019,0.1383200458484389,0.535155300705707,0.118873193219563,0.3789458899797264,0.6991940914478996,0.2205204011788182,0.3202482014681731,0.7871197395558168,0.1004681428751985,0.6113360064858707,0.8730251474646038,0.1316687068092846,0.2616891409787331,0.3300598352420794,0.1170751711749135,0.2324435395436736,0.5292679783600529,0.3266542572013926,0.2968244388163792,0.3320146623529421,0.0850846700590202,0.2304976568449354,0.4491182326184948,0.2508255490799722,0.2186205757735593,0.5839528098597198,0.1083722188254026,0.4199341739009764,0.7089860089421166,0.1886907836560888,0.2890518350411402,0.2050636581108765,0.0813428555792647,0.1426236409953944,0.341762022363205,0.3619205795204137,0.1991383813678106,0.353520893995386,0.1054225409051358,0.2402467066472566,0.5097328688404483,0.2887769089804246,0.2694861621931917,0.6113426203434841,0.1034640524479467,0.4551197405235146,0.7284942532666224,0.1721247404748715,0.2733745127431077,0.1972495915844791,0.0929123138005193,0.1347987758285829,0.3574206826000596,0.4139056735935606,0.2226219067714767
1163,Babaeski,Kırklareli,2023,411.0,3837.175,506.35,55,403.3,173.08000000000004,46.510000000000005,34.35,0.3859542911772928,14,16.13741935483871,22.204838709677414,11.180208333333333,575.88,3779.36,0.6194636921311093,0.8199627576725688,0.4163134561084709,0.4153381127930631,0.6425895712651115,0.2651602506146971,0.4287231421563439,0.6889717237317998,0.2704833310999761,32.044601386930566,34.54277260024433,33.41265304165573,7.041402080645782,16.475018901659183,22.85811115074474,1.3668838661271046,16.527334237568482,13.89952973044019,0.1383200458484389,0.6386591628568464,0.1429498890685936,0.4121320416928772,0.7910076557755622,0.2307639509537845,0.3788756140826849,0.8623196959465486,0.1032050679790429,0.6591836883677384,0.9091620832822356,0.1258655554942354,0.2499783949144971,0.3945152536918467,0.1369705637064266,0.2617713157241403,0.6132541621341127,0.3290082549499404,0.3514828464099723,0.423817423773392,0.1056572783815671,0.2676304214082377,0.5449427094402503,0.2543885935991852,0.2773122880320125,0.6777466905988808,0.1122669751740983,0.4667912619921798,0.7558454759896378,0.1747102352642767,0.289054213997458,0.2480514215419218,0.095378682272337,0.1581989424917527,0.3964529949087814,0.3597020369803893,0.2382540524170286,0.4335957343258066,0.1332456862640185,0.2539342608743154,0.605397874925308,0.310796579801674,0.3514636140509926,0.7089826950764267,0.1264255467520869,0.5019957581436907,0.8339852559451782,0.1834988902988729,0.3319894978014875,0.2441594409108862,0.1127290645823989,0.1582421339941842,0.4199260245746015,0.4167689895120819,0.2616838905804173
1163,Babaeski,Kırklareli,2024,408.0,4160.43,523.115,50,445.5,290.63,42.85,8.760000000000002,0.3591494330327114,31,16.666774193548388,23.37258064516129,11.814636678200692,673.8800000000001,4062.81,0.654167125284275,0.7838667270231344,0.2830886676568772,0.4584770632227957,0.6158770266973159,0.1822363808086174,0.4652572608486969,0.6426442525882727,0.1889932843767689,32.044601386930566,34.54277260024433,33.41265304165573,7.041402080645782,16.475018901659183,22.85811115074474,1.3668838661271046,16.527334237568482,13.89952973044019,0.1383200458484389,0.6836376213315115,0.1675719749081744,0.4101261526332647,0.8554699451066747,0.2561608011643115,0.44534379247341,0.82224063945062,0.116057235106439,0.5957076038473129,0.9003713857416848,0.1480573560599846,0.3046637818943719,0.2480429042586373,0.0985921843638556,0.1934116466249952,0.4277915634582265,0.3482731583001978,0.2343799168332313,0.4628897128731619,0.1465597126539219,0.2558655826120606,0.6504085076093818,0.3196664008090227,0.3945429249973212,0.6425702295826611,0.1236681721299491,0.4238252197112833,0.759715845613614,0.2008001058151632,0.3358906259023307,0.1581831610940072,0.0708724208120078,0.1191849096859781,0.2831664736468132,0.3889037989973981,0.163981563960835,0.4726413374466925,0.1626291973240167,0.2382878772311214,0.6757362531559502,0.3495468228209,0.4374483759248287,0.6621128472771781,0.1396140011331208,0.4355677084330422,0.8105069668915849,0.2172492799411501,0.3749392584585426,0.1620654173595982,0.0726001409950632,0.1270142695594996,0.2910050417313775,0.3841413795970162,0.1639907721718778
1250,Çerkezköy,Tekirdağ,2017,420.0,3235.2250000000004,483.16,68,602.17,407.97,34.87,43.46,0.733195593705806,4,15.481612903225804,19.640645161290323,7.397812499999999,673.3499999999999,3787.32,0.52537452204942,0.787603593679977,0.4275442089442117,0.3250597406411879,0.570400314673959,0.2498225425719703,0.3436094116785243,0.6078116444792857,0.2638759897415525,31.9667908052483,26.242462258012768,41.79087608069002,7.100608838302079,23.69421701576953,24.282936125449567,1.3650246400568329,20.502382465203077,12.247519678354616,0.1536602060877509,0.5273679672394963,0.1226062668150147,0.3554219019579721,0.6835292704688314,0.2333692664363379,0.3281073685108592,0.8027551150356896,0.1014424911103011,0.6464196608539309,0.904295412472076,0.1287989185477481,0.257875751618145,0.4180341219965632,0.1448492658105058,0.2460846453355658,0.6209778704658666,0.3387936563757937,0.3748932251303007,0.3242223311340217,0.0906829006603859,0.1993182864745107,0.4413405139266055,0.2789730296391421,0.2420222274520948,0.5762091620972691,0.1108460992382982,0.4160793090664864,0.7129134797183672,0.1943303613036361,0.2968341706518807,0.2383492746384139,0.1017176914685671,0.128941073917275,0.3867548139864091,0.4071597799836808,0.2578137400691341,0.3418101611339715,0.0967865402935027,0.2167395915351554,0.4668416510589366,0.2816760455445694,0.2501020595237811,0.6113156766448018,0.0966426629739308,0.4824470960270603,0.7283399752147026,0.1590010060710912,0.2458928791876423,0.2481669683864548,0.109421303914527,0.1347257305382815,0.4198637787713248,0.414669421123526,0.2851380482330433
1250,Çerkezköy,Tekirdağ,2018,343.0,3691.445,553.215,57,754.47,484.52,43.900000000000006,91.09,0.944219242451788,0,17.60161290322581,21.6383870967742,7.191770833333332,587.6999999999999,3710.55,0.6422367779660902,0.7178707157290097,0.404581215629221,0.3878688902908169,0.4925187400047765,0.249768950135028,0.4045314735136737,0.5379875931245054,0.2624542125988048,31.9667908052483,26.242462258012768,41.79087608069002,7.100608838302079,23.69421701576953,24.282936125449567,1.3650246400568329,20.502382465203077,12.247519678354616,0.1536602060877509,0.6465525997004098,0.1278417076165746,0.4745681135944845,0.8065324974516004,0.1990569708907648,0.3319643838571159,0.7255490053830073,0.0893873572065671,0.5928821413529756,0.8290975401636029,0.1245173472716362,0.2362153988106273,0.3964192191135418,0.1151173259999397,0.263665364475072,0.5605198802202291,0.2845345299111443,0.2968545157451571,0.3808314828655608,0.103071890437167,0.2597724518713159,0.5252450938768091,0.2657389984535383,0.2654726420054931,0.4932440814567103,0.0802607111433261,0.3856981732343372,0.596630708745796,0.162959710208281,0.2109325355114588,0.2401789208229247,0.0780076932517122,0.1581678689622216,0.3536369389918101,0.3123194184446882,0.1954690700295885,0.3965537142791406,0.1371735067698807,0.2364167865436905,0.5841310632702754,0.3390922975125299,0.3477142767265848,0.5292954061980203,0.0973014262831955,0.4199717340649849,0.6660696391206152,0.1808618405456002,0.2460979050556302,0.2441628323290944,0.0922070328930767,0.1583384451141839,0.3927292671579324,0.3513261684011415,0.2343908220437485
1250,Çerkezköy,Tekirdağ,2019,380.0,3533.1400000000003,537.73,70,602.3399999999999,420.3,45.89,31.91,0.7594270768468212,3,17.195483870967745,21.890645161290323,7.0010763888888885,653.04,3666.96,0.5872575844303243,0.728955443940092,0.3648648870900264,0.3839267927307691,0.5115894273464336,0.226545475853647,0.428244286648479,0.539855020689684,0.2469782634879624,31.9667908052483,26.242462258012768,41.79087608069002,7.100608838302079,23.69421701576953,24.282936125449567,1.3650246400568329,20.502382465203077,12.247519678354616,0.1536602060877509,0.5878421231835252,0.1206334895745905,0.4278242796669988,0.7364148135613565,0.2054183594608017,0.3085905338943577,0.7411998383239735,0.0862298627366774,0.6083559788726816,0.8330331966719052,0.1182923640306389,0.2246772177992236,0.3495602521552716,0.0998713759834646,0.2481740312831058,0.5018302043379493,0.2737215323184072,0.2536561730548434,0.3808785295720067,0.0930050101277811,0.2676074841461043,0.5018935210797975,0.2422467300764848,0.2342860369336931,0.5135320084929881,0.0908486216316804,0.3886660304882279,0.6308428134959395,0.1775811163708049,0.2421767830077115,0.2167287426944441,0.0704889030554687,0.1465147096303743,0.3222789423603372,0.3111468140772143,0.1757642327299628,0.4238474468356886,0.1080067324829166,0.2949195290191949,0.5643561476441893,0.252208227524056,0.2694366186249943,0.5410703249479131,0.0838394975209923,0.4355142063841518,0.646546638937375,0.155300023724674,0.2110324325532231,0.2324195167956668,0.0762844353264453,0.1621576537378257,0.3535687989691542,0.3088710490110129,0.1914111452313285
1250,Çerkezköy,Tekirdağ,2020,430.0,3752.65,503.47,52,512.21,291.21,75.82999999999998,57.650000000000006,0.6027197344743304,1,16.2,20.675806451612896,7.446262975778548,654.86,3874.39,0.5935584755079989,0.7611763726409367,0.47006131520543,0.3915668561966221,0.5512982608509907,0.2936753799095795,0.4090268580956049,0.6212326326997167,0.3250777608235948,31.9667908052483,26.242462258012768,41.79087608069002,7.100608838302079,23.69421701576953,24.282936125449567,1.3650246400568329,20.502382465203077,12.247519678354616,0.1536602060877509,0.5839543219646338,0.1297465101301689,0.4315460115713969,0.7754104828506706,0.2185909484640498,0.3438644712792736,0.7841485131173098,0.1053771888034804,0.604519130311504,0.8798733543758086,0.1384399103690901,0.2753542240643046,0.4551811568218932,0.1565568004994363,0.2754974357950252,0.6854225141182981,0.3330561257333345,0.4099250783232729,0.3729931441384493,0.1056250667479584,0.2675817610032237,0.5449173266918115,0.2697497632305214,0.2773355656885878,0.5682610463055559,0.1125905708698577,0.3887147704210853,0.6894618990407072,0.2042280537871851,0.3007471286196219,0.2832268001605748,0.1111233847227161,0.1583425764133426,0.4432585757029684,0.3783884939790671,0.2849159992896258,0.388727359621442,0.1266515377213261,0.2637205886535008,0.588059546900191,0.3096411279958611,0.3243389582466902,0.6268966610269774,0.1152754572890693,0.46278054811638,0.7674840352960601,0.1855592433837739,0.3047034871796801,0.2988013797712465,0.1429755758367242,0.1582794599441074,0.5213936624732762,0.4398196156959217,0.3631142025291688
1250,Çerkezköy,Tekirdağ,2021,527.0,3643.27,516.915,42,650.78,403.28,48.96,65.54,0.8156656637291524,2,16.624838709677416,20.809354838709677,7.114513888888889,681.22,3707.88,0.6740119025582425,0.7379865334700094,0.5233686991339489,0.4401752905950679,0.525722877172449,0.3224965692218207,0.5086073685552402,0.5567998786501145,0.337598675155542,31.9667908052483,26.242462258012768,41.79087608069002,7.100608838302079,23.69421701576953,24.282936125449567,1.3650246400568329,20.502382465203077,12.247519678354616,0.1536602060877509,0.6854870982216398,0.1108041551885428,0.5214441156318597,0.8104630098763939,0.1643949532166726,0.2890188942445342,0.7549123572396451,0.0938109405583908,0.6005616081928655,0.844794458017255,0.1271174151610764,0.2442328498243894,0.5272016603950784,0.1560389973999068,0.3166513171152607,0.7147432346562564,0.29814354136599,0.3980919175409957,0.4395035168028221,0.0955638079242108,0.3145067322694312,0.5684195879025863,0.2171039809958873,0.253912855633155,0.5331518996779421,0.0987428902920448,0.38862011629208,0.650372565512772,0.1878230805231916,0.2617524492206919,0.3163887901984463,0.1166244693143625,0.1757905886099003,0.4570848149622982,0.3616301084869697,0.281294226352398,0.5097696952148956,0.1129964177993031,0.3573663992714871,0.6582124676436002,0.2221682672830377,0.300846068372113,0.5566456646953009,0.0933725215131228,0.431584573943315,0.677698201855979,0.1676949386905253,0.2461136279126639,0.3378856246143027,0.1291431701552969,0.1778646534840222,0.5020121240542037,0.3825345881342595,0.3241474705701814
1250,Çerkezköy,Tekirdağ,2022,382.0,3393.71,501.945,55,584.62,381.41,17.490000000000002,47.02,0.7204421570493217,1,15.900645161290322,20.910000000000004,7.197361111111111,761.58,3809.49,0.5217328438132812,0.7260166824650544,0.4167913407245731,0.3143629997631829,0.5096161963531862,0.2576303153208358,0.3504092612767241,0.5740888796781105,0.2587981049574612,31.9667908052483,26.242462258012768,41.79087608069002,7.100608838302079,23.69421701576953,24.282936125449567,1.3650246400568329,20.502382465203077,12.247519678354616,0.1536602060877509,0.5137507694661057,0.1166820312872216,0.3730549181047914,0.6776906363525533,0.2236432547247879,0.3046357182477619,0.7392683073092134,0.1061065899093094,0.5711548958505903,0.8564150521207229,0.1461489693997723,0.2852601562701325,0.4042250173341168,0.1290867442407925,0.2596942746635253,0.5916183560963625,0.3097155138021366,0.3319240814328371,0.3065936263403782,0.0794520767294035,0.21674194686399,0.4199525080922943,0.2527399114694054,0.2032105612283042,0.5058904939246813,0.1076574322553947,0.3651513379145694,0.6542738867994319,0.2112519834059266,0.2891225488848624,0.2480355219527677,0.0872363921750333,0.1542596562155097,0.3730065217982467,0.3386107417770105,0.218746865582737,0.3397882288982958,0.0992465649065819,0.2305281483121279,0.4880112700228285,0.2832304276005001,0.2574831217107006,0.5800518219318388,0.1024032657144975,0.4355363674747929,0.7051084006249473,0.1783752818412275,0.2695720331501543,0.2440863129395915,0.0910252327671809,0.1542779583182988,0.3847550427322579,0.3517229493706794,0.2304770844139591
1250,Çerkezköy,Tekirdağ,2023,351.0,3764.72,462.485,49,381.76,164.4,33.57,21.58,0.485962425171175,1,14.684838709677422,18.50032258064516,7.158333333333335,576.3999999999999,3629.44,0.5360970491821208,0.7867830149277341,0.5810097154273662,0.3455385033650739,0.5774846696075772,0.3876771858530319,0.34563693618964,0.6429700974937544,0.3910413377668482,31.9667908052483,26.242462258012768,41.79087608069002,7.100608838302079,23.69421701576953,24.282936125449567,1.3650246400568329,20.502382465203077,12.247519678354616,0.1536602060877509,0.5331711467092691,0.1245846604477574,0.3768463755846723,0.7051626359812216,0.23239199066256,0.3283162603965493,0.821296892224228,0.1148495636252649,0.6065184955727564,0.9052786573608904,0.1459736184516056,0.2987601617881341,0.5878342195031571,0.155739974090969,0.3690560695723562,0.7832399466298648,0.2680505505427104,0.4141838770575086,0.3378562254788856,0.093812580101706,0.2324043346202375,0.4745296125391615,0.2714967483742025,0.242125277918924,0.5996255758724137,0.1289455428694368,0.3888643516678001,0.7325004006188793,0.2232882527549351,0.3436360489510792,0.3848246982029069,0.1219097814559364,0.2286272205574229,0.5486260746517339,0.3144620986341775,0.3199988540943109,0.3339984842632767,0.1065712034630713,0.216948217085682,0.4902375875468753,0.308332797524276,0.2732893704611933,0.6582568265290154,0.1256160334390783,0.4629257739362253,0.7949138107981649,0.1953683910476078,0.3319880368619396,0.3847450876055454,0.1174177101682797,0.2441493354859744,0.5448026591546336,0.3002693035954373,0.3006533236686591
1250,Çerkezköy,Tekirdağ,2024,334.0,4064.28,482.81,55,565.8199999999999,405.67,35.77,8.19,0.6264416083397577,8,15.438709677419356,19.517741935483876,7.605813148788927,676.01,3874.4,0.607002385822582,0.7255130459153818,0.3348416518651245,0.3795642410972077,0.5089022411233891,0.2129252919386687,0.4230313350941027,0.561429813734359,0.2235248287968424,31.9667908052483,26.242462258012768,41.79087608069002,7.100608838302079,23.69421701576953,24.282936125449567,1.3650246400568329,20.502382465203077,12.247519678354616,0.1536602060877509,0.6113307756505841,0.1218513098425901,0.4473844846134164,0.7636086429408357,0.2007427197793675,0.3162241583274193,0.7431149902665426,0.1085755494443001,0.5596441888809204,0.8545055548156072,0.1496534763304084,0.2948613659346868,0.322244303689486,0.0862027192928418,0.2363680360240519,0.4511188110624402,0.2574432386552812,0.2147507750383882,0.376942659649541,0.0914582414736981,0.2637462104238874,0.4980061610309264,0.2409558951320585,0.234259950607039,0.5097993716264613,0.1060970504071773,0.3613303497948775,0.6503436152124187,0.2084821834798186,0.2890132654175411,0.2051359095612838,0.0593601999941181,0.1464605794993661,0.2909995263636928,0.278784166285029,0.1445389468643267,0.4160082014901403,0.1163850979862368,0.2793679778776541,0.5760502037205487,0.2751216950875451,0.2966822258428945,0.5645145478704467,0.1063327814770047,0.4200298992829314,0.6972957964465476,0.1893963927026437,0.2772658971636161,0.2128412043717042,0.059343053405469,0.1582428984227568,0.3026764416078112,0.2654875242490618,0.1444335431850544
1258,Çorlu,Tekirdağ,2017,443.0,3444.4750000000004,519.705,65,535.49,357.32000000000005,28.89,45.42999999999999,0.5494985196144898,10,16.690967741935488,21.734193548387097,8.684548611111111,696.88,4022.21,0.5406595114807785,0.8138130133728989,0.425155598834296,0.353612794215264,0.6162249596352379,0.2562850331032394,0.3420406796707974,0.6644614994825442,0.2567142384520323,32.76979350280189,27.549256173640423,39.680625164765246,7.18790568066837,23.75806297946314,25.39492065186737,1.37668312849405,20.533934991863703,13.238977900724644,0.1501980622260275,0.5429909059575411,0.1398131307444597,0.355506774601496,0.7225873050042083,0.258597375567359,0.3670805304027122,0.8456889301895038,0.098486808938185,0.6660614135571649,0.9120791161486852,0.1210189654377734,0.2460177025915203,0.4179652208014782,0.1493803577536694,0.2461011260459587,0.6288093591316781,0.3513545585739547,0.3827082330857193,0.3476496676206884,0.1067511206127052,0.2149021388910381,0.4959558703881774,0.3018870424346689,0.2810537314971392,0.6347813686049157,0.1055362244344752,0.4628614870528335,0.7363618896866876,0.1712624955940526,0.273500402633854,0.2460191543737043,0.1085363036518869,0.1290117995400733,0.4021564278437384,0.423498408540171,0.2731446283036651,0.3300491169684624,0.1174491407016939,0.1933839270840873,0.5019280933083239,0.3433776965205856,0.3085441662242366,0.6698967832668921,0.1256986181015917,0.4941721177400162,0.8261929593482537,0.1891736664945684,0.3320208416082374,0.230423575290934,0.1254421071555652,0.1212165602617191,0.4178492527654168,0.4886449147190733,0.2966326925036977
1258,Çorlu,Tekirdağ,2018,324.0,3889.63,576.5649999999999,54,693.3799999999999,450.12,38.52,83.98,0.7380063893221427,2,18.40322580645161,23.19,8.399687499999999,674.3399999999999,3904.03,0.7396067983412924,0.7639453982498907,0.2689793886851288,0.4934298972705881,0.5539142972869838,0.1653888347109524,0.4922337757670493,0.5799547654461761,0.1638006935169604,32.76979350280189,27.549256173640423,39.680625164765246,7.18790568066837,23.75806297946314,25.39492065186737,1.37668312849405,20.533934991863703,13.238977900724644,0.1501980622260275,0.753937643455136,0.1231472535908748,0.5664029584207493,0.8866445429895337,0.1665036798837649,0.3202415845687844,0.7743992409094628,0.086040668166157,0.6474478288650714,0.8681357259938937,0.1126267248461291,0.2206878971288223,0.2480200717362656,0.0860590442615001,0.1855958375128193,0.3847546747103955,0.3199466125720217,0.1991588371975761,0.5019751548518135,0.1169950791514541,0.3339898994968386,0.6425594056600786,0.2371057769272057,0.3085695061632399,0.5527234481380368,0.0869886321657553,0.4394390468475094,0.6698717767966322,0.157043485954085,0.2304327299491228,0.1503657654665851,0.0580022481221482,0.1113778138609948,0.2401859045369127,0.3507023205255538,0.1288080906759179,0.4882428011399422,0.1424338224094437,0.3085994049226731,0.6835599994608726,0.2893621474623286,0.3749605945381995,0.5800520966419869,0.1024312581633165,0.4472916041718762,0.7129333324102104,0.1766193921771005,0.2656417282383342,0.1464830696087071,0.0637129148428009,0.1035675830606029,0.2402223621302185,0.3889660872296849,0.1366547790696156
1258,Çorlu,Tekirdağ,2019,418.0,3695.905,566.9650000000001,66,537.84,379.59,40.370000000000005,21.8,0.5843458230059949,14,18.18129032258064,23.116774193548384,8.343715277777777,660.11,3843.55,0.6594959689664952,0.7613838833093015,0.2793447188183929,0.4680655651692356,0.5613651893563397,0.1738755771924125,0.4784889169049198,0.5991980929177471,0.183774643821378,32.76979350280189,27.549256173640423,39.680625164765246,7.18790568066837,23.75806297946314,25.39492065186737,1.37668312849405,20.533934991863703,13.238977900724644,0.1501980622260275,0.6699233811347087,0.1365377242267411,0.4707121165311511,0.8339671770655259,0.2070334477414793,0.3632550605343748,0.7802829598556703,0.0945374176259998,0.6220727284581061,0.8681644507783033,0.1241652465968935,0.2460917223201971,0.2519160547043726,0.0918270855722402,0.1973017849069387,0.4042980482669642,0.3287231846038181,0.2069962633600255,0.4667855242561873,0.1227106500126675,0.3066692065160185,0.6347883439435443,0.2621655151416656,0.3281191374275258,0.560523361197047,0.1028768292522837,0.4199225686753262,0.6933330988204495,0.1832618609113295,0.2734105301451232,0.1542678112101256,0.0652801675072009,0.1152771049094255,0.2597564905573293,0.3754418450324465,0.1444793856479038,0.4668075701740868,0.1507551874469239,0.2910000278272352,0.6815804114545316,0.3150651605936369,0.3905803836272964,0.6035180907432268,0.1123559581557703,0.4472635576321771,0.7441519835027431,0.18751054031007,0.296888425870566,0.1620889503258376,0.0689625442948595,0.127039933087206,0.2714739676177953,0.3752560356579359,0.1444340345305893
1258,Çorlu,Tekirdağ,2020,391.0,3929.29,540.555,50,461.77,224.69,84.86999999999999,60.78,0.4697044771942579,6,17.358387096774194,22.42354838709677,8.739307958477507,655.2299999999999,4067.94,0.6223840385629309,0.7994969807441282,0.3628166209888151,0.434148581678984,0.6073281873543878,0.2121122659426998,0.4317680546062747,0.6685683062684817,0.2079844279429936,32.76979350280189,27.549256173640423,39.680625164765246,7.18790568066837,23.75806297946314,25.39492065186737,1.37668312849405,20.533934991863703,13.238977900724644,0.1501980622260275,0.6269406105981821,0.1379214552831996,0.4355661193590614,0.8027176315983742,0.2216018514897278,0.3671515122393127,0.8291178643602042,0.0964112498866107,0.6533294378709501,0.8935463035054796,0.1205898861517606,0.2402168656345295,0.3319857408150559,0.1404356884396777,0.2070898526610239,0.57424510247209,0.3870707137311857,0.3671552498110661,0.4316555031410772,0.1132013222090714,0.2870723013982204,0.5839762214847453,0.2607432731238868,0.2969039200865249,0.6308676012765917,0.0970306974529509,0.4629430857622826,0.7089502656219446,0.1597664977079874,0.2460071798596619,0.1933599247558341,0.0886229858228295,0.1191856604046664,0.3378588885187235,0.4178116971640395,0.2186732281140571,0.4198862225252765,0.1448570360458593,0.2519868644275739,0.6308643130117119,0.3354973451612883,0.3788774485841379,0.6854984261061551,0.1213647363351745,0.4902052759438178,0.8105504414933006,0.1815292995454038,0.3203451655494828,0.1699070839418043,0.1164864386499008,0.0957348631191502,0.3769688920708078,0.5600728852730676,0.2812340289516575
1258,Çorlu,Tekirdağ,2021,527.0,3818.0,544.74,39,644.16,399.12,69.66,56.11,0.725921769251223,8,17.46903225806452,22.21129032258065,8.008993055555555,680.8100000000001,3826.01,0.7181311349235944,0.8109504299559929,0.5423842013023346,0.4904945066107122,0.6122645582005731,0.3466611392528545,0.5610155931124324,0.63831455698401,0.3671999471948786,32.76979350280189,27.549256173640423,39.680625164765246,7.18790568066837,23.75806297946314,25.39492065186737,1.37668312849405,20.533934991863703,13.238977900724644,0.1501980622260275,0.7383298672764745,0.1146891693763869,0.5586401488250847,0.8475381884129655,0.1597050507893511,0.2888980395878807,0.8339849372302617,0.0914733145025629,0.677717843597341,0.9042716243058984,0.1127976644731871,0.2265537807085574,0.5371360008027044,0.1710148620937767,0.3183754952844851,0.7792650363052834,0.3153020712682043,0.4608895410207982,0.4980244926753759,0.0999846564002183,0.3535344155498274,0.6152520973972556,0.2038445997919656,0.2617176818474282,0.6269461594044534,0.1002271453363618,0.470720382305603,0.7284827063766328,0.1636990807224353,0.2577623240710298,0.3320470279662728,0.133453998592733,0.1835892097792172,0.5351368168199274,0.38496959561248,0.3515476070407102,0.5664098435999497,0.1307154986381148,0.3867926574075324,0.7304438973327295,0.2329979776728208,0.3436512399251971,0.6425841192733728,0.1158685218083155,0.4824576174387268,0.7871133518947258,0.1815226059637209,0.3046557344559989,0.3398638531449904,0.1570167463535028,0.1836541623163639,0.5976954642436002,0.4276055798836258,0.4140413019272363
1258,Çorlu,Tekirdağ,2022,382.0,3608.46,550.65,50,487.48,339.54,19.1,32.1,0.5113887740971701,10,17.546774193548384,23.60354838709678,8.661701388888888,762.4200000000001,3943.88,0.543937994780197,0.8066240294833893,0.3298122680309063,0.3519099983489585,0.6265979730995525,0.2061078232617874,0.3564681418813989,0.6652368087644496,0.196685230598947,32.76979350280189,27.549256173640423,39.680625164765246,7.18790568066837,23.75806297946314,25.39492065186737,1.37668312849405,20.533934991863703,13.238977900724644,0.1501980622260275,0.5429894621118012,0.1217293073683454,0.3867748213431023,0.7069638035149244,0.2237926170565374,0.320188982171822,0.8457202143587073,0.1129448382355292,0.6308234043939941,0.9159894606681348,0.1400216632622089,0.2851660562741407,0.298808026299262,0.1091106652583361,0.2285594217110668,0.4902143892255297,0.3308265817695766,0.2616549675144628,0.3456673492698522,0.0912687561229608,0.2363422157483329,0.4746049497998137,0.2593525519341952,0.2382627340514807,0.6582266882361458,0.1248511696599802,0.4355170171017633,0.7636150488944695,0.199252431415293,0.3280980317927062,0.1855300337577821,0.075257489826716,0.134792443585353,0.310525787584776,0.3651365029998297,0.175733343999423,0.3456793163342606,0.1060365365031667,0.2285302172684941,0.4980894242929262,0.2974642725252184,0.2695592070244321,0.6855095337943105,0.1280927066155567,0.474647820842219,0.8182963126080799,0.192552043013772,0.3436484917658609,0.1659769560375076,0.0817067848653879,0.1270287589416351,0.3144811548650489,0.415419015533469,0.1874523959234137
1258,Çorlu,Tekirdağ,2023,351.0,3967.485,497.89,47,361.31,143.14,35.46,27.91,0.3936481887557017,6,15.881612903225806,20.64645161290322,8.55875,575.88,3779.36,0.5863345755242665,0.7997742592560289,0.4979856447232922,0.3961399741935638,0.6253413925058218,0.3267622861837501,0.3948038815855407,0.6203129131660429,0.3217075775396978,32.76979350280189,27.549256173640423,39.680625164765246,7.18790568066837,23.75806297946314,25.39492065186737,1.37668312849405,20.533934991863703,13.238977900724644,0.1501980622260275,0.5996098786308787,0.1397713553191964,0.3925719223268024,0.7597208321523494,0.2383815677153627,0.367148909825547,0.8301081486086189,0.1002822879291301,0.6464619413899906,0.8964384633677434,0.1253882414550518,0.2499765219777527,0.4882245663612658,0.1438612343751411,0.3165053809260024,0.6992474963515034,0.2888863080683343,0.3827421154255009,0.4003976555370109,0.1073732580230821,0.2519515612412737,0.533183961770968,0.2710487833035928,0.2812324005296943,0.65428075148616,0.1096752597123139,0.4512373379488862,0.7402190754920301,0.1753846155502858,0.2889817375431439,0.3183661427071405,0.1091421466542024,0.1855552617343442,0.478449365030741,0.3340108429551993,0.2928941032963967,0.3886644137065943,0.120484567286213,0.2402422122347416,0.5527202939131628,0.3051757414398877,0.3124780816784211,0.6308437478876047,0.1174479332159525,0.4589849862558861,0.7636567064660278,0.1893365924247888,0.3046717202101416,0.3066456043164405,0.1242497566366227,0.1777551383700227,0.4824390289618672,0.3862195525105113,0.3046838905918445
1258,Çorlu,Tekirdağ,2024,431.0,4276.360000000001,512.235,48,542.39,395.52,31.230000000000008,4.199999999999999,0.5123006590920146,24,16.412903225806453,21.41258064516129,8.750588235294117,673.8800000000001,4062.81,0.6248802414552924,0.7877362663390406,0.2817352694665987,0.4194278140369656,0.600780946716132,0.1785949509922372,0.4385358329372048,0.6335168201762899,0.1936419835988268,32.76979350280189,27.549256173640423,39.680625164765246,7.18790568066837,23.75806297946314,25.39492065186737,1.37668312849405,20.533934991863703,13.238977900724644,0.1501980622260275,0.6347400426060041,0.151183750206919,0.4160501451745717,0.8183819945062072,0.2419403594116291,0.4023318493316354,0.8212856859196043,0.1131233199555568,0.6103525960160153,0.9013748718113842,0.1436055756088151,0.2910222757953689,0.259751867162476,0.0789593839627647,0.2129626118617521,0.3887221793268869,0.2802609134179623,0.1757595674651348,0.4121417466826501,0.1269459430196788,0.2558597839525838,0.5917588117283646,0.302664579627737,0.3358990277757808,0.6191406074515841,0.122370185710869,0.4199234499011381,0.7441221849111567,0.2036851973747575,0.3241987350100185,0.1659986545252731,0.0537319463285645,0.1309231083406258,0.248029168709023,0.3008592685853706,0.1171060603683972,0.4355142112514652,0.1416565027611202,0.251950450470937,0.6230362407987169,0.3230215004606121,0.3710857903277799,0.6464746905464875,0.134404782112788,0.4395315610396842,0.7987787772329684,0.2121566118408459,0.3592472161932841,0.1737884941481953,0.0584759897428446,0.1465544041967462,0.2676243192581042,0.3019799149754159,0.121069915061358
1270,Demirköy,Kırklareli,2021,362.0,3062.9700000000003,482.105,69,776.73,494.75000000000006,54.71,74.81999999999998,0.8801944646097158,3,15.39516129032258,21.19451612903225,9.326423611111112,680.8100000000001,3826.01,0.6395925228324664,0.7442031330497593,0.5492787690480818,0.4025742773950063,0.5078209242632622,0.356756440784178,0.4563241875200887,0.6040608221336842,0.4066003132994968,31.477224914067925,30.50258934857314,38.0197912784196,6.699285625543602,26.143077768788626,25.42794653580165,1.3572482212126828,21.484311405143558,9.03767962893943,0.1494785413543955,0.6465927170168969,0.1378294730805991,0.4551020698887961,0.8303762144512601,0.2154957541877047,0.3752741445624639,0.7549227178096771,0.0946993110458962,0.6101948653950411,0.8583634197711945,0.1272492775699782,0.2481685543761533,0.5799915824945157,0.1707916535745401,0.2827246278524399,0.7482634013698947,0.3109380212720177,0.4655387735174547,0.3926109007000923,0.1010603027296788,0.2793081099948575,0.5447437895668877,0.2510351714064391,0.2654356795720302,0.5085789283116658,0.0903873983036346,0.3874904608726501,0.6259983245815549,0.1779906931459493,0.2385078637089047,0.3651998749999113,0.1262922674294741,0.1736055483420689,0.5095901355147362,0.3540013661754053,0.3359845871726672,0.4396227095895991,0.1522439220629255,0.2717443772843436,0.673780255721992,0.3336310592920813,0.4020358784376484,0.595918679507805,0.1318297907919081,0.4356036078882832,0.7871541920397896,0.2182392665795713,0.3515505841515065,0.4082110765535457,0.1649777022965765,0.18546231163935,0.6172341828959187,0.4057490781495191,0.4317718712565686
1270,Demirköy,Kırklareli,2022,317.0,2896.835,476.085,53,626.64,457.45,15.510000000000002,60.790000000000006,0.6695271957803659,2,15.161612903225809,21.873548387096776,9.54861111111111,762.4200000000001,3943.88,0.556395175558632,0.6980851569031931,0.3825257278069144,0.3415176438113412,0.479263313232819,0.2388417709683906,0.3923005510258224,0.5529988553110248,0.2462104072652832,31.477224914067925,30.50258934857314,38.0197912784196,6.699285625543602,26.143077768788626,25.42794653580165,1.3572482212126828,21.484311405143558,9.03767962893943,0.1494785413543955,0.5603078059081373,0.1502034921690758,0.3496072229950927,0.7518209062124553,0.2699582936143695,0.4022136832173626,0.704118591088515,0.0999944695084668,0.5576706856489182,0.8252448240915934,0.1432410767076853,0.2675741384426752,0.3849823588674718,0.13917563730025,0.1852176399393515,0.5645424500107765,0.3638334030449869,0.379324810071425,0.3338880564576836,0.1038849571331978,0.2130261845886707,0.4746739583856919,0.3041862082844108,0.2616477737970212,0.4737086763253083,0.0916284500952123,0.3604510918907497,0.6043582473482404,0.1911860298196883,0.2439071554574907,0.2403937320535381,0.0942204406005391,0.1072000186358179,0.3575367404193413,0.3944889548361652,0.2503367217835234,0.3771468429608772,0.1497570690970024,0.2088520450536769,0.5992939080324818,0.3817406544686319,0.3904418629788049,0.5410166794811359,0.1203919840046976,0.4041396464281826,0.7243485823053436,0.2177074741628267,0.320208935877161,0.2402340517955845,0.1025348347410497,0.1151367015024513,0.376905298788772,0.4164520739798459,0.2617685972863207
1270,Demirköy,Kırklareli,2023,292.0,3298.16,439.58,64,369.83,172.64,33.09,26.25,0.4003399924173053,5,13.853870967741935,19.211935483870967,9.918368055555556,575.88,3779.36,0.576688631129261,0.767314072087983,0.5344182744822118,0.3653438830452533,0.5254195326530526,0.3358599759254001,0.3666803287203493,0.6241670342878042,0.3823138697091484,31.477224914067925,30.50258934857314,38.0197912784196,6.699285625543602,26.143077768788626,25.42794653580165,1.3572482212126828,21.484311405143558,9.03767962893943,0.1494785413543955,0.5739851369817033,0.1609103959077155,0.3630000658937403,0.8090618892413813,0.2790247409466417,0.446061823347641,0.776498242336161,0.0977352269145661,0.6278592983881632,0.8875907356088811,0.1273731715210345,0.2597314372207179,0.5568161412425663,0.1697158452954606,0.2832507953047752,0.7441707199270075,0.3175711860899503,0.4609199246222322,0.3474853546097037,0.1250517831860349,0.2225207310655842,0.5511819285315436,0.3422851428185685,0.3286611974659593,0.5214477976163229,0.1057699805840202,0.384864334155012,0.6736949189849522,0.2013057642717343,0.2888305848299401,0.341852205991745,0.12101584831242,0.1696691342762538,0.4941200000398299,0.3603163728544409,0.324450865763576,0.3494504107832513,0.1537071685019314,0.1854277015598989,0.5687181492006786,0.4191857497192249,0.3832904476407797,0.6194687779695728,0.1353455400656281,0.4473146771960478,0.8105722139110466,0.2168418590386819,0.3632575367149988,0.3768449884002781,0.1406654928854533,0.1972570867743704,0.5724589832226409,0.3679319638402523,0.3752018964482705
1270,Demirköy,Kırklareli,2024,256.0,3584.52,446.68,54,537.18,380.67,33.62,7.72,0.4961897011291543,15,14.19064516129032,19.92258064516129,10.481764705882354,673.8800000000001,4062.81,0.559409274423167,0.7021070388960285,0.410771953948258,0.3433650492151062,0.4649744349497968,0.2617781338384047,0.373650453546423,0.5440373994410029,0.2873523821207005,31.477224914067925,30.50258934857314,38.0197912784196,6.699285625543602,26.143077768788626,25.42794653580165,1.3572482212126828,21.484311405143558,9.03767962893943,0.1494785413543955,0.5682110521528456,0.138142843457731,0.3850122579821833,0.7326141914655996,0.2469441422832621,0.3476019334834162,0.7099506365947235,0.0933873084592139,0.5711310599979601,0.8191825036819165,0.1330100729456483,0.2480514436839563,0.4003405237899107,0.1143227487904286,0.2673593564466996,0.5646938335063846,0.2783119628581776,0.2973344770596849,0.3379230307836602,0.0967056844652,0.2326365687630393,0.4666152544319629,0.2816410251604184,0.2339786856689236,0.4639882467009804,0.0819939059994357,0.3563679179974964,0.5774769959626375,0.1763406756078721,0.221109077965141,0.252880153289208,0.0779777556969403,0.1690019084059673,0.3682277412326247,0.2978772694020193,0.1992258328266573,0.3708599384089333,0.1309936536502295,0.2076912020308079,0.5432492918352789,0.3505780667651582,0.335558089804471,0.5331191845482611,0.1090353822153872,0.4120357045840123,0.6973528292781449,0.200418909301862,0.2853171246941325,0.2715159335599141,0.0910438804063725,0.1816507384299726,0.4122499291394129,0.3168370477197929,0.2305991907094403
1295,Merkez,Edirne,2017,393.0,3188.985,531.135,41,472.69,241.06,51.78,62.53,0.4285052580550198,16,16.962903225806453,23.64806451612903,11.602256944444443,684.0300000000001,4037.23,0.4200422197984084,0.7765044981363957,0.3692965533307812,0.2813223782537803,0.5957871242064582,0.2272632328822006,0.2390641354217115,0.6241510391144514,0.2179503945991348,35.35330777128564,26.776215061773332,37.87055623511415,7.127822326580659,16.259891495052056,25.235007996989395,1.4078286236065178,15.338191217992945,9.871617606339337,0.144080682175144,0.4042860545080455,0.1315654941549361,0.2597746353978056,0.6074419904857756,0.3132196906731867,0.34766735508797,0.8066640004361498,0.0982247397596152,0.6230174117223957,0.8769319691847228,0.1264960344664503,0.2539145574623271,0.3319895797478515,0.1408990661704335,0.2149404226072991,0.5820155802663034,0.3815336614967792,0.3670751576590042,0.2675556867124956,0.0947304505045585,0.1699581368992406,0.4159531326661534,0.3367327231220207,0.2459949957669128,0.6191517047910333,0.0977811971955801,0.4472949155846627,0.7050626674784449,0.1641210311918322,0.2577677518937822,0.1991758945649641,0.1015332396956322,0.121207306892182,0.3788330510355708,0.4467649184074612,0.2576257441433888,0.2206932520057297,0.0939093974119567,0.1348031084950872,0.3690739016566052,0.3928209358810749,0.2342707931615179,0.6386713602979118,0.120476644121954,0.4511696368285319,0.7675852597876064,0.1930248234351847,0.3164156229590745,0.1816155480459927,0.1154584371465834,0.1074441696796656,0.3887144793897943,0.5297464010512131,0.2812703097101286
1295,Merkez,Edirne,2018,353.0,3539.675,574.44,63,748.51,444.69000000000005,34.14,109.17,0.7098542466262228,12,18.432258064516127,24.756129032258062,10.727638888888889,701.0600000000002,3943.71,0.7527461618071389,0.7460289315360222,0.251311210783216,0.503250694671865,0.5579228685695228,0.1563625519190093,0.488642078699423,0.5616619149252383,0.1576973011601468,35.35330777128564,26.776215061773332,37.87055623511415,7.127822326580659,16.259891495052056,25.235007996989395,1.4078286236065178,15.338191217992945,9.871617606339337,0.144080682175144,0.769515544572404,0.102355116799016,0.6133678209058069,0.8710327597731199,0.1359756077045802,0.257664938867313,0.7587939824623492,0.0942861956706216,0.6123167499932118,0.8583899051662591,0.1263841007834547,0.2460731551730473,0.2285064701937649,0.0761433551461183,0.1895033159569502,0.3496142003600827,0.3029843153785945,0.1601108844031324,0.5116942678811317,0.0971239826472237,0.3711994178299098,0.6287973913144561,0.1929932410933909,0.2575979734845462,0.5605443426201149,0.0956658960357824,0.4277132358871134,0.6816266747862639,0.171467959865247,0.2539134388991505,0.1386452118567475,0.0548487542523669,0.1113882252856265,0.2245597825256326,0.3507793495259451,0.1131715572400061,0.4882867918522577,0.1058720971366908,0.3555228277222173,0.6210826830878972,0.2166659437486055,0.2655598553656798,0.5566618231846497,0.1098752706756643,0.4199232751461336,0.708972916670968,0.1956252823200405,0.2890496415248343,0.1386450607559953,0.0558301740625072,0.1153153424026272,0.2246290835690666,0.3540337954535435,0.1093137411664394
1295,Merkez,Edirne,2019,394.0,3449.5,564.4200000000001,61,508.44999999999993,317.59,52.16,39.81,0.4725824622884783,24,17.897096774193546,24.77193548387097,11.233263888888889,673.7900000000001,3915.13,0.526153810282819,0.7621434517035107,0.347119169777654,0.3595355165945094,0.5869112049599502,0.2233147817897151,0.3427619563098035,0.5739730034671429,0.2351929658918124,35.35330777128564,26.776215061773332,37.87055623511415,7.127822326580659,16.259891495052056,25.235007996989395,1.4078286236065178,15.338191217992945,9.871617606339337,0.144080682175144,0.5175752634887538,0.1332394638957671,0.3574231187650246,0.7089811942085033,0.2532329164814905,0.3515580754434786,0.7861548611828444,0.0886635235789898,0.627925488924668,0.854496273340741,0.1163344294053999,0.2265707844160729,0.3144515104119104,0.1204312336383003,0.2207295948989862,0.5253939248992173,0.3469449230229553,0.3046643300002311,0.3456913462421385,0.1032124022515446,0.2363645093857155,0.5019396785920454,0.2870715061175706,0.2655751692063298,0.6035252914815449,0.0958822954752932,0.4433764092292749,0.6972694658193235,0.1633676349420455,0.2538930565900485,0.2011386654574224,0.0859426936490539,0.1348098425188511,0.3495839778005856,0.3848499994504711,0.2147741352817345,0.3262111978370434,0.1215159164793883,0.20510811620067,0.5019490419859195,0.3545198474989356,0.2968409257852494,0.5761829294967954,0.0998060947542373,0.4433836726821046,0.7011600732971903,0.1738863921322926,0.2577764006150856,0.2050520792255236,0.0984542984255793,0.146524337697854,0.376913967530025,0.4186107269503454,0.2303896298321709
1295,Merkez,Edirne,2020,361.0,3631.35,536.795,53,459.74,201.71,68.32,67.11,0.4173304635985683,14,17.11064516129032,23.886774193548398,11.59311418685121,647.6200000000001,4062.52,0.6662470186754426,0.7977432191771837,0.3166393384008625,0.4872966456595487,0.6276340789001854,0.2014829192908144,0.4660699616686991,0.65194699808445,0.1901777273874601,35.35330777128564,26.776215061773332,37.87055623511415,7.127822326580659,16.259891495052056,25.235007996989395,1.4078286236065178,15.338191217992945,9.871617606339337,0.144080682175144,0.6933611562113832,0.1402963685773197,0.4589696756190394,0.8300679075863643,0.2105771052548066,0.3710982319673249,0.8369245269114615,0.107903842040216,0.6181656237448669,0.8935476675451306,0.1352613716372435,0.2753820438002636,0.2831918979253175,0.1124049097272204,0.2050984678582184,0.486345473081322,0.3549935086868987,0.2812470052231036,0.5019462172455995,0.1236711537061994,0.3105323145695707,0.6386330419132149,0.2537902832038015,0.3281007273436441,0.662134072353821,0.1112338372723327,0.443384011672951,0.740208296336256,0.1772272109048792,0.2968242846633049,0.1777142813620675,0.0793818751760837,0.1269990241349143,0.3183061851716228,0.393988113014713,0.1913071610367085,0.4745881316535479,0.1523857137712173,0.255876533464682,0.6621326804721344,0.3269588823652598,0.4062561470074524,0.6738405775277522,0.1314925205247832,0.4511741419615226,0.7988118981167422,0.2016920407811284,0.3476377561552196,0.1581862335948233,0.0898402551083854,0.1113453514380135,0.3222273923443873,0.4724015600699059,0.2108820409063737
1295,Merkez,Edirne,2021,491.0,3457.36,534.4899999999999,65,766.32,524.36,62.82,63.43,0.762296726303387,9,17.01967741935484,23.34354838709677,10.538819444444446,695.1699999999998,3892.06,0.6965583869635948,0.8055245946122092,0.430929341370168,0.4786856026020481,0.6207900839468083,0.281598077572071,0.5153857179553811,0.6532483273683982,0.2775869718489672,35.35330777128564,26.776215061773332,37.87055623511415,7.127822326580659,16.259891495052056,25.235007996989395,1.4078286236065178,15.338191217992945,9.871617606339337,0.144080682175144,0.7226601821240272,0.132018828339963,0.5039748777395794,0.8476689881281175,0.1895301683401636,0.3436941103885381,0.8369183449436747,0.0952830587964518,0.6552964585325346,0.8954996455401987,0.1182869640899325,0.240203187007664,0.4121123662423801,0.167529322449636,0.2207131817808528,0.6777536003853039,0.3887628582378856,0.457040418604451,0.4863293075116414,0.1106877879400357,0.3262121159676601,0.619138480759158,0.2312327493000771,0.2929263647914979,0.6464764927870976,0.1019073992053053,0.4629201554111904,0.7284883874559995,0.1641575821530634,0.2655682320448091,0.2597479330221919,0.1245966281058541,0.1347441749215782,0.4589926456779249,0.4424626374587569,0.3242484707563466,0.5253815745085467,0.1414132807125833,0.3223182453742355,0.6933299181272777,0.2743833905091372,0.3710116727530422,0.6660028835714578,0.120448351798835,0.482389307844638,0.7988301660802029,0.1843837125217902,0.3164408582355648,0.2480432023194296,0.1429996179620497,0.1191317724075734,0.4863494995525294,0.5151524835965813,0.367217727144956
1295,Merkez,Edirne,2022,408.0,3348.3099999999995,558.62,52,539.45,394.35,27.95,48.02,0.4944896884234087,26,18.017741935483876,25.44516129032258,11.27670138888889,745.6100000000001,3999.72,0.5949310274159518,0.7533691053278768,0.2974311200013587,0.3988324280986886,0.584246236683521,0.1916544845581828,0.4003117068350423,0.583907268566768,0.186398445758899,35.35330777128564,26.776215061773332,37.87055623511415,7.127822326580659,16.259891495052056,25.235007996989395,1.4078286236065178,15.338191217992945,9.871617606339337,0.144080682175144,0.5976436904201042,0.124942622365598,0.4258256894920419,0.7616746729893069,0.2100119452641073,0.335848983497265,0.7802712180536004,0.1022304480867954,0.5966942029865007,0.8642561728234139,0.1356976910306181,0.2675619698369132,0.2441107806829623,0.126409773320115,0.1895044374770803,0.4941164622365852,0.4250052022785565,0.3046120247595048,0.3964622603360547,0.0992485876008088,0.2714979387030582,0.5332111281348386,0.2488478383614543,0.2617131894317804,0.6035224524807192,0.1105837548164636,0.4199371394432705,0.7128639805931843,0.1892759385908812,0.2929268411499138,0.1581882551142941,0.0923723552475791,0.1113912285083492,0.3300243887487201,0.4819733566919827,0.2186331602403708,0.3964742692554239,0.1177973058641477,0.2480759516636165,0.5605246944720613,0.2942639544456013,0.3124487428084448,0.58787480399737,0.1069260664304026,0.4355870782121758,0.7206978695309102,0.1831216567878295,0.2851107913187344,0.1464239922947041,0.0962497699164017,0.1113968772882441,0.3261941909428226,0.5163657321526061,0.2147973136545784
1295,Merkez,Edirne,2023,559.0,3719.805,497.77,58,427.99,196.42,50.190000000000005,36.72,0.4112992986392858,13,15.911612903225809,21.90903225806451,11.1140625,566.0899999999999,3829.06,0.6428273989162326,0.8281962902967739,0.4043373841410815,0.4450972911221776,0.6542534145246628,0.2557076075794481,0.4412666002998047,0.7375745405824978,0.2671177572503624,35.35330777128564,26.776215061773332,37.87055623511415,7.127822326580659,16.259891495052056,25.235007996989395,1.4078286236065178,15.338191217992945,9.871617606339337,0.144080682175144,0.6660129319257562,0.1379252231195535,0.4433878879347442,0.8066404459226824,0.2145602744252764,0.3632525579879381,0.8730901732345733,0.1014254627716317,0.6620831321142209,0.9080982117819684,0.1224654879041865,0.2460150796677476,0.3788991701502638,0.1356549629341861,0.2539640911257845,0.6054221839686232,0.3354994325403593,0.3514580928428387,0.4550797871470781,0.1065169714262787,0.2949211351719723,0.5761475841863023,0.2393116596098092,0.2812264490143299,0.6972844621430878,0.1097696692219249,0.4667883426854379,0.7518851131623361,0.1677785194314596,0.2850967704768982,0.2304393799167011,0.0931587949867128,0.1602591832492051,0.3944418256698455,0.3643176511976418,0.2341826424206403,0.4472457824537162,0.1308605312965077,0.2636796483653555,0.6074258529933065,0.2965566195302311,0.343746204627951,0.7714938985823796,0.1394005685073019,0.5175997911481357,0.8847533716743864,0.1889986175461135,0.3671535805262507,0.2382270824305108,0.1100152507865532,0.1602196520355408,0.4179315932336067,0.4118604914889237,0.2577119411980659
1295,Merkez,Edirne,2024,370.0,4118.15,526.735,48,424.34,269.43,44.82,9.53,0.33920741740881,29,16.817419354838712,23.703548387096777,11.899031141868512,655.75,4102.01,0.6395153495322943,0.7630613492053023,0.2538700333767727,0.4587145733029507,0.5912653263392244,0.1628019906514161,0.430426641645996,0.6233578153476642,0.1789071242011518,35.35330777128564,26.776215061773332,37.87055623511415,7.127822326580659,16.259891495052056,25.235007996989395,1.4078286236065178,15.338191217992945,9.871617606339337,0.144080682175144,0.6698956086456953,0.1643728532016002,0.4043232408352017,0.830049693569212,0.2570272211946333,0.4257264527340102,0.8056754193010613,0.110690662974207,0.5771492739339878,0.8662031191344357,0.1450612890948898,0.2890538452004478,0.2147388678724247,0.0966941129192058,0.176012267396358,0.3944609008263989,0.3808803726578493,0.2184486334300408,0.4707071057160907,0.1376336321164961,0.2636698657822386,0.630867054398407,0.3000419871674716,0.3671971886161683,0.6269540699999678,0.1163717830681982,0.4042882882940811,0.7128874415470327,0.1968182098360233,0.3085991532529515,0.1347229445846452,0.0708242760724736,0.103586211157693,0.2636369191694175,0.4350332314063601,0.1600507080117245,0.4394510084172047,0.1499819065235455,0.224606397040761,0.6191594777255021,0.3484494034802288,0.394553080684741,0.6542967172456852,0.1386794470024158,0.4121349119362362,0.7792474343659003,0.2224716584728635,0.3671125224296641,0.1503301599889389,0.0686223561222864,0.1270983453751366,0.2753826416295925,0.3835641337855936,0.1482842962544558
1307,Enez,Edirne,2017,335.0,3900.325,556.225,59,443.15,302.7900000000001,32.68,35.68,0.5085841818835534,8,17.9441935483871,21.24709677419355,5.832604166666666,710.1300000000002,4264.71,0.4091168441801276,0.7592734202688486,0.3549708855791794,0.2594906223765,0.5585586541527788,0.2167017963902275,0.2543067939838164,0.6253449023552619,0.2228273459025817,33.34704617384148,31.319618831223384,35.33356255220343,7.05404419860516,24.59054110973175,22.46671644384755,1.4442541526154065,18.876399105180163,13.301773156465895,0.1442056554679942,0.3886421540619496,0.1282073068157207,0.2558425028054247,0.5917856895584401,0.3133757718351803,0.3359431867530154,0.7948951933095639,0.1280071118215962,0.5565687636238935,0.9003035994321669,0.1685915882269006,0.3437348358082733,0.3379317458127534,0.1261960944016663,0.2089141293433663,0.5332363611488251,0.355511112399434,0.3243222318054587,0.2440948240184133,0.09219727746703,0.1543370262687168,0.3886385042960711,0.3553009994066731,0.2343014780273543,0.5801100256992575,0.127610128615609,0.3651868679724753,0.7128493298543961,0.2284632556793305,0.3476624618819208,0.2011843177303687,0.0888417155311734,0.115259537848665,0.3417755673077848,0.4099722153257606,0.2265160294591197,0.2363556005330711,0.0920533312068503,0.1503796526305797,0.380902741062356,0.3619774751779084,0.2305230884317762,0.638628454205011,0.1357441744067891,0.4316701125894893,0.7949209171942435,0.2170708898330031,0.3632508046047542,0.2011927416801189,0.0961414321599847,0.119122016717538,0.3535183406340318,0.4314615505137193,0.2343963239164938
1307,Enez,Edirne,2018,334.0,4356.275,611.96,34,621.89,436.86,29.010000000000005,60.55,0.7417498931043742,0,19.66193548387097,22.973225806451616,5.4521875,686.61,4162.33,0.6871059287666036,0.6953226699384663,0.2534810008362039,0.4482167311794003,0.4909455657677976,0.1562407557303264,0.4884939090442162,0.5399868446071489,0.1752465185646955,33.34704617384148,31.319618831223384,35.33356255220343,7.05404419860516,24.59054110973175,22.46671644384755,1.4442541526154065,18.876399105180163,13.301773156465895,0.1442056554679942,0.6992662653547594,0.1123828685388122,0.5351188769439856,0.8241855448240498,0.1635597421500149,0.2890666678800642,0.7119078473869034,0.1014645963848755,0.5439343897795136,0.8173674530417012,0.1459244761771607,0.2734330632621876,0.232390493802068,0.0847737229474538,0.177780267853982,0.3613192874533132,0.3344381735427715,0.1835390195993311,0.449255698754722,0.0971731127062674,0.3242230166081469,0.574088908785797,0.2167993873200007,0.24986589217765,0.4980146652270181,0.0953557690727737,0.3535254392327304,0.6113113119871417,0.1942288019724658,0.2577858727544113,0.1425554233877178,0.0621865698702121,0.0996674823230194,0.2324236606638314,0.3980175952140618,0.132756178340812,0.48832004314428,0.1107568905395341,0.347761258613657,0.6288768877822881,0.2267313644836233,0.2811156291686311,0.5410572083429718,0.0976398296014695,0.4082588984612137,0.6699400519987962,0.1808189043429464,0.2616811535375825,0.1581844556403102,0.0617229490120547,0.1231361459299001,0.2480239576541152,0.3522064205188105,0.1248878117242151
1307,Enez,Edirne,2019,321.0,4108.8150000000005,584.575,49,576.85,399.13000000000005,22.84,35.85,0.711402023912258,11,18.70387096774194,21.58129032258064,5.510243055555555,709.0600000000001,4098.429999999999,0.5630640035722785,0.7402503533256931,0.2747114142676298,0.3683711728127682,0.5339452486182985,0.1683843389278528,0.3944201106259578,0.5539179057980403,0.1791632844489099,33.34704617384148,31.319618831223384,35.33356255220343,7.05404419860516,24.59054110973175,22.46671644384755,1.4442541526154065,18.876399105180163,13.301773156465895,0.1442056554679942,0.5644364568103444,0.1400447146855921,0.3769849105817931,0.7480130379203217,0.2487189978352346,0.3710281273385286,0.7626915804956151,0.102003033186597,0.586934013581424,0.8545015383811779,0.137795318473449,0.2675675247997539,0.2480037793496801,0.0938640135242262,0.1856136297759534,0.400392549440819,0.3416822478034418,0.2147789196648656,0.361325751962436,0.1067572628841802,0.2323792716996202,0.5136160728776898,0.2898089502200045,0.2812368011780696,0.544934907772581,0.1031408662262821,0.3847579917797534,0.6620814661199523,0.1931674951564453,0.2773234743401989,0.1503976798450381,0.0667528931044619,0.1074874455815604,0.2558511102840299,0.3964317200132453,0.1483636647024694,0.3847150053059368,0.1236259111922826,0.2402163875363765,0.5604822822765492,0.3134371393894803,0.3202658947401726,0.5527943205948722,0.1030648810604564,0.4199910192355691,0.6894104296515959,0.1860652634291878,0.2694194104160268,0.1581897827585484,0.0703628700817138,0.1191606065849284,0.2675586190650546,0.3927304095710441,0.1483980124801262
1307,Enez,Edirne,2020,309.0,4322.995,557.43,36,463.41,263.12,59.8,37.66,0.5436903279438609,1,18.04548387096774,21.127419354838707,5.596851211072664,708.0,4263.72,0.7200968520008719,0.7623812592115932,0.2693226685069634,0.5175021903361492,0.5517419353668875,0.1664555617781032,0.5415040933822466,0.6069330256715356,0.1642225044587985,33.34704617384148,31.319618831223384,35.33356255220343,7.05404419860516,24.59054110973175,22.46671644384755,1.4442541526154065,18.876399105180163,13.301773156465895,0.1442056554679942,0.7402525089876167,0.1189725463682403,0.5526607601673572,0.8574372499572988,0.165217423236418,0.3047764897899415,0.7881014471692714,0.1054298972652962,0.6025327310066095,0.8759461299076586,0.138290253060949,0.2734133989010491,0.2440959886999319,0.0970275478441011,0.1778154514179441,0.3965446058213514,0.3602650619125008,0.2187291544034073,0.5273359825342124,0.109933279725754,0.3633059564427027,0.6523477908776287,0.2124305592877698,0.289041834434926,0.5683646398194042,0.1048960991550719,0.3964362440969023,0.6777481322892545,0.1901180469186559,0.2813118881923521,0.1503644033725395,0.0697557752332743,0.1035924912513614,0.2558117116646798,0.4190654519929082,0.1522192204133184,0.5488328911055534,0.12410844498192,0.3730744957542291,0.6972248618408786,0.2291920716734308,0.3241503660866495,0.6152520453051659,0.1219097947684943,0.4394558123306961,0.7636305992901439,0.2008620220222954,0.3241747869594477,0.1425689266058744,0.0723275065324,0.1035987695686283,0.2558429556340987,0.4404238430704614,0.1522441860654704
1307,Enez,Edirne,2021,448.0,4275.63,570.73,22,839.55,588.8799999999999,89.39000000000001,55.63,1.065137160148327,6,18.33419354838709,21.334838709677417,4.995902777777777,752.45,4190.56,0.5352211930823036,0.7517861569766549,0.3948744665097674,0.3367432719111822,0.5546299925614505,0.2446526363987836,0.4016368137629771,0.5992437781964594,0.2596741353739973,33.34704617384148,31.319618831223384,35.33356255220343,7.05404419860516,24.59054110973175,22.46671644384755,1.4442541526154065,18.876399105180163,13.301773156465895,0.1442056554679942,0.5429729212590297,0.1247564800669693,0.3709900737098691,0.6913937389313776,0.2330933111009767,0.3204036652215085,0.7822379679777538,0.1186134179771213,0.5673621124247226,0.8818120644983272,0.1577754749490614,0.3144499520736046,0.3769371961450718,0.145750179342988,0.2168372964974746,0.6035388744681891,0.3691050997327091,0.3867015779707144,0.3320418129645076,0.0894694303373783,0.2227809477055869,0.449101700666673,0.2656903279153753,0.2263207529610861,0.5722451564673777,0.1236261385795993,0.3730050554176736,0.7050432028779864,0.2228984011640917,0.3320381474603127,0.2285163950138461,0.1033858716069311,0.1269335467907579,0.3925299326990061,0.4225822910749766,0.2655963859082482,0.3964517825661552,0.1148919779405916,0.255873881720087,0.552779235990143,0.2860593800258415,0.296905354270056,0.6113952107309114,0.1246182727972739,0.4199541654319387,0.7558380098093321,0.2079592268314189,0.3358838443773934,0.2402580520546916,0.1077631452212874,0.138726018136852,0.4121256418527594,0.4149937577190001,0.2733996237159074
1307,Enez,Edirne,2022,398.0,4049.51,578.1250000000001,36,542.1199999999999,411.94999999999993,14.73,31.43,0.633042009799041,1,18.57,22.45290322580645,5.769236111111111,778.39,4231.91,0.4731448781064686,0.6774795168618152,0.2732447470941403,0.2896481674248394,0.4885670972207558,0.1672718124386646,0.3303734095010449,0.5182444855439411,0.1834310857679293,33.34704617384148,31.319618831223384,35.33356255220343,7.05404419860516,24.59054110973175,22.46671644384755,1.4442541526154065,18.876399105180163,13.301773156465895,0.1442056554679942,0.470716618127742,0.1181239326990076,0.3184436206406775,0.6309281084208916,0.249657003942938,0.3124844877802141,0.6884848879132156,0.1085493817463886,0.5185735989602653,0.8154289192623563,0.1602253338214641,0.2968553203020909,0.2519444993052075,0.0873362981117171,0.1933955196499219,0.3847955245454356,0.3196266315839821,0.1914000048955137,0.2831715792715252,0.0785865528613393,0.1933574451705602,0.3964115749857668,0.2713172797191327,0.2030541298152065,0.4902212723904515,0.1074297479437806,0.3417922238569498,0.6347234059399494,0.2198873983837663,0.2929311820829995,0.1543036433019321,0.0617789941742431,0.1113872829675903,0.2441308490065254,0.3693329633580452,0.132743566038935,0.3222665831594328,0.0943344083254539,0.2168196741293899,0.4589776144611953,0.2855387437745821,0.2421579403318054,0.5176296056982882,0.0916917197751745,0.3965099119618028,0.6387390367299252,0.1769275358114738,0.2422291247681223,0.1660216951585849,0.0616365214300128,0.1309212878877891,0.2598262230376443,0.3360200435600827,0.1289049351498551
1307,Enez,Edirne,2023,506.0,4333.57,530.41,23,428.89,225.14,30.13,35.4,0.5365961556494224,2,17.095483870967744,20.256451612903227,5.502083333333333,588.3899999999999,3994.44,0.5988349562730447,0.777640189022996,0.2976033001285548,0.4014709374797891,0.5858374142975511,0.1828716586214616,0.4517812109901356,0.6227914143640952,0.1850044536788035,33.34704617384148,31.319618831223384,35.33356255220343,7.05404419860516,24.59054110973175,22.46671644384755,1.4442541526154065,18.876399105180163,13.301773156465895,0.1442056554679942,0.6191420825676026,0.1637457853414182,0.3613658045561129,0.7988258173226048,0.2734405926476287,0.4374600127664919,0.8037196791763216,0.1023622083113784,0.6221318843327169,0.8857458792552777,0.1316318391928576,0.2636139949225607,0.2714269701924267,0.1135957009296663,0.1816428969880816,0.4510876702355579,0.3817017515618837,0.2694447732474763,0.4043064830615488,0.1238982957290798,0.2324438807548012,0.5605651838119659,0.3086108710803436,0.3281213030571646,0.6034730824151305,0.1146670211015052,0.4159521427727485,0.7246168861288509,0.195731816205349,0.3086647433561024,0.1620661263254498,0.0780698827440829,0.1074295747103251,0.2871400663607647,0.4269107817613498,0.1797104916504396,0.4472445729877846,0.1451881889266219,0.2636928749260047,0.6464677172557493,0.3213683645860873,0.3827748423297445,0.6269557122345987,0.1169808654441836,0.4629350294358507,0.7715126998365484,0.1878331376222127,0.3085776704006976,0.162125017706666,0.0861170204382544,0.1035376614585602,0.2949184742741678,0.4654862016877008,0.1913808128156075
1307,Enez,Edirne,2024,386.0,4716.01,550.12,28,529.75,416.85,22.51,1.01,0.570023764359652,16,17.7558064516129,21.06774193548388,5.6932179930795845,701.1700000000001,4311.64,0.6810385910903606,0.752594582590613,0.2506722572449752,0.4772740765623486,0.5620079345780127,0.15684771148824,0.524354651586294,0.6060021450086057,0.1837547616126216,33.34704617384148,31.319618831223384,35.33356255220343,7.05404419860516,24.59054110973175,22.46671644384755,1.4442541526154065,18.876399105180163,13.301773156465895,0.1442056554679942,0.7148373289950425,0.1644047631832882,0.4412897203070103,0.8632882968003666,0.2414030061351911,0.4219985764933562,0.7861066451182911,0.1129127010267233,0.5732474107491342,0.8720517017728165,0.1500312434326201,0.2988042910236823,0.2245923818822958,0.0837969871944771,0.1816956431212814,0.3612439230057667,0.3342890358727833,0.1795482798844852,0.4882363721320303,0.1453768408712743,0.2774106807404376,0.6679587877427157,0.3045982340343663,0.390548107002278,0.5800807425734315,0.1213573576699587,0.3808252420303595,0.7089758505952825,0.2159353101679617,0.3281506085649229,0.138612314925635,0.0602004273911232,0.10362838723494,0.232394135552435,0.3838145091178895,0.128765748317495,0.5352287541240497,0.1572756739960976,0.3008186523996528,0.7226231343459137,0.2999414108758306,0.4218044819462609,0.6152303735707009,0.1246094032637821,0.4316717570112586,0.7636270465924048,0.205625350157816,0.3319552895811461,0.1620589778108017,0.062477366413081,0.1309373113516835,0.2636002641020783,0.3400040677301808,0.1326629527503948
1385,Havsa,Edirne,2017,390.0,3272.91,530.49,46,483.79,257.82,47.9,57.77,0.4355231501023008,16,16.99,23.63225806451613,11.577569444444444,684.0300000000001,4037.23,0.5140731148877217,0.7952492289669254,0.3934407156610652,0.3431339855313206,0.598558549745829,0.2417410042237487,0.3107034893195288,0.6546442432774484,0.2368135088203198,34.77493331043288,27.729424510283444,37.495479157883096,7.072161291254849,16.54083219798772,23.60046633999993,1.384796447040716,16.40839381533852,10.922846045381643,0.1438636327581214,0.5175798653352768,0.1173505017686449,0.3574267733055818,0.6659979903857243,0.2282758976692943,0.3085712170801424,0.8222584896560822,0.0925590202461325,0.6543227546972513,0.8886207248572459,0.1163899528282121,0.2342979701599945,0.369126261007571,0.120923000431557,0.2558548079608053,0.5722486155462156,0.3073474493568374,0.3163938075854103,0.3418033379426474,0.090562532923429,0.2246493560397083,0.4628852007517726,0.2639276106189214,0.2382358447120643,0.6191523606682771,0.0942520906701355,0.4551080918823807,0.7050573010630957,0.1574651146661568,0.2499492091807149,0.2246052382426294,0.0861773182915813,0.1465214910364757,0.3652218742455497,0.3564861433760654,0.2187003832090739,0.3066358450843081,0.0889632202661875,0.2011850552498428,0.4277238347307469,0.2863283591086335,0.226538779480904,0.6660169981274431,0.1089190505270108,0.5019974178910169,0.7831810533594892,0.166378993851244,0.2811836354684722,0.212870788180822,0.0997684493635428,0.1309002030736954,0.3808957203267766,0.4212954314157864,0.2499955172530812
1385,Havsa,Edirne,2018,368.0,3645.125,575.925,60,758.1700000000001,454.41,35.48000000000001,107.69,0.7175191773224854,12,18.41064516129032,24.698387096774194,10.704583333333334,701.0600000000002,3943.71,0.7083957825788753,0.6985438890126886,0.2545432314916566,0.4544015279887428,0.4992131306678271,0.15655176644881,0.4519807152498986,0.506503603494386,0.1623011742511518,34.77493331043288,27.729424510283444,37.495479157883096,7.072161291254849,16.54083219798772,23.60046633999993,1.384796447040716,16.40839381533852,10.922846045381643,0.1438636327581214,0.7226974501109109,0.1054567463553116,0.5664668207418586,0.8397839259187643,0.1488669878459781,0.2733171051769056,0.7041137335371628,0.0774477112996847,0.5947653643001803,0.7958789571032113,0.1108702151974275,0.2011135928030309,0.2363350924187239,0.0689264989511432,0.1855946940836808,0.3417248853259732,0.2707850393319237,0.1561301912422923,0.4550941328776055,0.0962021623216404,0.3261564140762187,0.5800561689922026,0.2117117931963111,0.2538997549159839,0.4980555536628621,0.071915604233928,0.4043571339350873,0.5917788713600489,0.1440579179832915,0.1874217374249616,0.1464507981713448,0.0483323328144326,0.1074643447328057,0.2167283394523136,0.3087306768284635,0.1092639947195079,0.451170045951893,0.1000727677534729,0.3261695978182302,0.5800648813157686,0.2214093751724407,0.2538952834975384,0.5058587412732045,0.0794869904366741,0.4042699765507982,0.6112986413670277,0.1569327244432036,0.2070286648162294,0.1503777377466577,0.0465015327528981,0.1192406338749388,0.2167230244871285,0.2865138405033329,0.0974823906121896
1385,Havsa,Edirne,2019,411.0,3559.9700000000003,574.69,61,496.35,317.1700000000001,51.56,35.63999999999999,0.4565729856844301,26,18.274516129032257,25.027419354838703,11.310555555555554,673.7900000000001,3915.13,0.540098786978791,0.7598237424709609,0.3812148320520565,0.3622596154504445,0.5750733460138272,0.2427841143120055,0.3653142264379651,0.5805191735306509,0.2526026090661873,34.77493331043288,27.729424510283444,37.495479157883096,7.072161291254849,16.54083219798772,23.60046633999993,1.384796447040716,16.40839381533852,10.922846045381643,0.1438636327581214,0.5351390051082235,0.1246319657439112,0.3790034409662112,0.7069930431966686,0.2307577220105947,0.3279896022304573,0.7822373900355933,0.0865867869769769,0.6298868869231175,0.8505735825370715,0.1139564113848234,0.220686695613954,0.3574089869738043,0.1141781758851702,0.2558788217697546,0.552737914708922,0.2995113680927785,0.2968590929391673,0.3554827678018749,0.0943410363397453,0.2461911117908706,0.4882577322131162,0.2604238295302082,0.2420666204222455,0.5918093189873823,0.0959291173533542,0.4316701215573794,0.6855269860626761,0.1668119693223405,0.2538568645052967,0.2246309345361349,0.0794177626385632,0.1582456020066913,0.3613033299773856,0.3271126814191074,0.2030577279706942,0.3555028234326728,0.1089538120336146,0.2304884466251526,0.5038699660565048,0.2982468355967965,0.2733815194313521,0.5878867472877856,0.0937518872577667,0.4512172827323275,0.6933506134193498,0.1614966249737774,0.2421333306870222,0.2245911602880068,0.0934893636679516,0.1621133744615362,0.3886479308261355,0.3701045053080009,0.2265345563645993
1385,Havsa,Edirne,2020,343.0,3752.715,543.2449999999999,51,439.13,192.16,71.26,68.47000000000001,0.3947775486507726,15,17.3441935483871,24.115161290322582,11.6778892733564,647.6200000000001,4062.52,0.7271890659371366,0.8066567766018294,0.3232507366080163,0.5403764105959166,0.6336234008624334,0.2012276553137454,0.5363953832197894,0.6557163944818222,0.1863437216671667,34.77493331043288,27.729424510283444,37.495479157883096,7.072161291254849,16.54083219798772,23.60046633999993,1.384796447040716,16.40839381533852,10.922846045381643,0.1438636327581214,0.7675787459152233,0.1322482250542174,0.5254064389128346,0.8613195453946105,0.1818622298504828,0.3359131064817759,0.846675425448015,0.1061006931678505,0.6317697158897592,0.8974600971434792,0.1315313975478104,0.26569038125372,0.29490367645008,0.1019980350601478,0.2207082915616265,0.470697614266236,0.3155384458839882,0.2499893227046094,0.5644577997408835,0.1213903351253131,0.3574320471561473,0.6777109622114321,0.224640329860895,0.3202789150552848,0.6699507346050464,0.1118125998276007,0.4472448124542693,0.7402054332074662,0.1764653888657064,0.2929606207531969,0.1816061283787542,0.0678227783782908,0.1348099869309461,0.2949390827545994,0.3370450163648953,0.1601290958236533,0.5566409965092621,0.1374407379867348,0.3339890745522518,0.6972613639417662,0.2562302776763799,0.3632722893895143,0.6816433271605308,0.1219268471949184,0.4668037640192619,0.7871212405928173,0.1859444848733282,0.3203174765735554,0.1620816068147264,0.0776156397223659,0.115275754643099,0.2988231790246671,0.4165186732773172,0.1835474243815681
1385,Havsa,Edirne,2021,431.0,3555.51,533.905,58,716.1500000000001,478.68,58.6,63.760000000000005,0.7116731875883521,9,17.102258064516132,23.206129032258065,10.520138888888887,695.1699999999998,3892.06,0.6950445706759065,0.7794812959828405,0.3962596456039277,0.4738335315697452,0.5833989155434287,0.2481015473140647,0.5260035030733875,0.6058230323954208,0.238005046173978,34.77493331043288,27.729424510283444,37.495479157883096,7.072161291254849,16.54083219798772,23.60046633999993,1.384796447040716,16.40839381533852,10.922846045381643,0.1438636327581214,0.714873945830789,0.1315286900655587,0.5039671028727768,0.8475923401578453,0.1892377778559607,0.3436252372850685,0.803712697381273,0.0925751479196958,0.6396601499992839,0.8759706446383939,0.1187650664573916,0.23631049463911,0.3808505231075312,0.1276516893593955,0.236338454401984,0.5800789908032197,0.3221415321382154,0.3437405364012356,0.4824345794912263,0.109272829796314,0.3223049373362551,0.6112926014149954,0.2306143877878548,0.2889876640787403,0.599633855061131,0.0961622976436583,0.4433796439318762,0.6972331667771587,0.164831121693266,0.2538535228452825,0.2363269805111362,0.0859914573501477,0.14650789034494,0.3691617588804189,0.3465978277084003,0.2226538685354789,0.5351390662843061,0.1322154245707954,0.3399095728569441,0.6913799336851629,0.2513584487522869,0.3514703608282188,0.611320884547783,0.1024135131484531,0.4668239499621058,0.7324051924564278,0.1690485631480709,0.2655812424943219,0.2167690866280668,0.1023694546446501,0.1269587545618537,0.3808615395662066,0.4301146395434813,0.2539027850043529
1385,Havsa,Edirne,2022,388.0,3445.385,551.33,50,520.54,379.2600000000001,25.99000000000001,44.26999999999998,0.4766016451223357,27,17.686774193548384,25.150645161290324,11.32576388888889,745.6100000000001,3999.72,0.5657558633962423,0.7442847488030585,0.3106551366991738,0.3628273776283927,0.5592180303676618,0.1967894751148101,0.3822225400598203,0.5756240872605051,0.192833295185601,34.77493331043288,27.729424510283444,37.495479157883096,7.072161291254849,16.54083219798772,23.60046633999993,1.384796447040716,16.40839381533852,10.922846045381643,0.1438636327581214,0.566351472217235,0.1164601928156682,0.4101473142887566,0.7147965200536517,0.2058488481525505,0.304649205764895,0.7627001562837016,0.0934203148766845,0.6064347505442184,0.8505879318426834,0.1255169006578745,0.244153181298465,0.2714998771012522,0.1160929066186738,0.1972726704557088,0.4902093974117771,0.3737034830719494,0.2929367269560683,0.3613066736880564,0.0845651222091321,0.251956535069153,0.4745783500199669,0.233072605385759,0.2226218149508138,0.5722721415336427,0.0992870028105528,0.4160373395650627,0.6816193128649997,0.1775461401794858,0.2655819732999369,0.1699009751437743,0.0820738701694911,0.1152756499382002,0.3183341487207825,0.4170643278641193,0.2030584987825822,0.3808839497596642,0.1011324536460755,0.2519731259567884,0.5175807205580548,0.2645905017277308,0.2656075946012664,0.5839662663836038,0.0908616311108515,0.4511815676226278,0.6855189900728565,0.1578489036886517,0.2343374224502287,0.1620880212349283,0.0878734185783006,0.1152862385839939,0.3261964738111604,0.4556962971240153,0.2109102352271665
1385,Havsa,Edirne,2023,533.0,3837.175,506.35,55,403.3,173.08000000000004,46.510000000000005,34.35,0.3829600661653471,14,16.13741935483871,22.204838709677414,11.180208333333333,566.0899999999999,3829.06,0.649287783658657,0.8209366633470663,0.3919942148018057,0.4492136705577035,0.6360012665178844,0.246336168310041,0.4654346373525534,0.7120701960396936,0.2527710721294918,34.77493331043288,27.729424510283444,37.495479157883096,7.072161291254849,16.54083219798772,23.60046633999993,1.384796447040716,16.40839381533852,10.922846045381643,0.1438636327581214,0.677732864717588,0.1457833006580923,0.4355465418287392,0.818371837783034,0.2245280202818868,0.3828252959542947,0.8701228290553341,0.1059361780307763,0.6454945703177772,0.9052578003048568,0.1290430586920807,0.2597632299870797,0.3691215510190868,0.1280466971297569,0.2441507645092222,0.5761184989472223,0.3266545583957099,0.3319677344380001,0.4629007119220689,0.1141260362315703,0.2832267744217743,0.5878697103584867,0.2540573533523182,0.3046429359367123,0.6816695084444515,0.114208392091698,0.4433306096914313,0.744099805155475,0.1795725859430918,0.3007691954640437,0.2285137251738778,0.0842105505884519,0.154340150252946,0.3651962609886368,0.3418521574244176,0.2108561107356907,0.4785170033282489,0.1374848084178853,0.2675757286746388,0.6347384643334933,0.2953901523099247,0.3671627356588545,0.7441227978796318,0.1386884137731434,0.4941170599979211,0.8613368100616394,0.194767895840163,0.3672197500637182,0.2285178878473849,0.1003658304649981,0.1504049655532937,0.3886649706441821,0.3970621702058607,0.2382600050908884
1385,Havsa,Edirne,2024,396.0,4160.43,523.115,50,445.5,290.63,42.85,8.760000000000002,0.3592233282674177,31,16.666774193548388,23.37258064516129,11.814636678200692,655.75,4102.01,0.6591992582134033,0.7611349480155446,0.2580112973934991,0.4753370794970272,0.5850527952157132,0.1631154579997502,0.4655155709383879,0.6180179842807862,0.1785310248403505,34.77493331043288,27.729424510283444,37.495479157883096,7.072161291254849,16.54083219798772,23.60046633999993,1.384796447040716,16.40839381533852,10.922846045381643,0.1438636327581214,0.6835747675091447,0.152220005233178,0.433639419175777,0.8397746810219524,0.2309165299210631,0.4061352618461754,0.7998135055406516,0.1106504133169265,0.5810844949516032,0.8681595803335272,0.1453755521348978,0.287075085381924,0.2285022215204062,0.0880249241816534,0.1777853546573841,0.3808777982753495,0.341166937536865,0.2030924436179653,0.4862950797817293,0.1374258861119335,0.2831952609713858,0.6542873993432,0.2891124888833609,0.3710921383718142,0.6152611787441126,0.1144960377013877,0.4043431464583667,0.7089707170119555,0.1957020608014909,0.3046275705535887,0.1425463817926107,0.0630296370488483,0.1035732656021964,0.2480593555086941,0.3864111827399269,0.1444860899064977,0.4726515623663034,0.1458622867707275,0.2617086919579985,0.6522245425368076,0.3133349255680059,0.390515850578809,0.6386869983434226,0.1297278387500142,0.4277674453579344,0.7714448280690089,0.2099094881534621,0.3436773827110745,0.1542427129661677,0.0597806847867521,0.1310090663869357,0.2597491533693747,0.334847597722639,0.128740086982439
1388,Hayrabolu,Tekirdağ,2017,458.0,3336.135,530.66,50,462.66,274.64,42.21000000000001,49.260000000000005,0.4140177154298683,18,16.972580645161294,23.67806451612904,11.40204861111111,696.88,4022.21,0.4704217991187448,0.8415142088146876,0.4167279108935713,0.3081274533753217,0.6509284033861195,0.2626844627933463,0.2502753940024092,0.7058253216386375,0.2505431141085671,34.55339040461345,28.153589910529043,37.29251163659894,6.961950432854846,22.050150263441097,25.44050984105611,1.3760560632397492,19.19073674240812,14.194093191240473,0.1453713234397518,0.4648496778625681,0.1062764112879554,0.3399115200046479,0.6131987252800508,0.2259172757024573,0.2732872052754029,0.8730723156060131,0.0868062825867007,0.7089812665012205,0.9198546337101352,0.1031548626005631,0.2108733672089147,0.4003841724751172,0.1348870727849669,0.2519542357012975,0.6034764699859166,0.3236813980031587,0.3515222342846191,0.3027258075244654,0.0759824776398509,0.2129161761681896,0.4120646128593281,0.2465943128647441,0.1991484366911385,0.6777601483602761,0.0928772532966653,0.5097912434602624,0.7441023977337258,0.1426842841908869,0.2343111542734633,0.2480214199169259,0.0981800923964293,0.1465111749715698,0.3964411963529989,0.3737567549766639,0.249930021381429,0.2402345652750829,0.0776497638161508,0.1621311794908495,0.3535138547288107,0.3102572832845221,0.1913826752379611,0.724619536342935,0.1183605918834753,0.5371004463306204,0.8457138017761889,0.1676910536571435,0.3086133554455685,0.2324274290815312,0.1132199601774954,0.1191616650782162,0.4042747029334911,0.4518981117494777,0.2851130378552748
1388,Hayrabolu,Tekirdağ,2018,343.0,3736.39,577.965,51,693.7800000000001,441.84,31.62,86.67,0.6544918498176208,11,18.409032258064517,24.60290322580645,10.678993055555557,674.3399999999999,3904.03,0.7007949180374976,0.770597775730272,0.2790405935834242,0.4522763972280765,0.5708200530033285,0.1779563335884702,0.4488059769579292,0.5803725738423773,0.1713433937963003,34.55339040461345,28.153589910529043,37.29251163659894,6.961950432854846,22.050150263441097,25.44050984105611,1.3760560632397492,19.19073674240812,14.194093191240473,0.1453713234397518,0.7070462166076275,0.1212103696777999,0.535269822922975,0.8554239020767728,0.1729612566501435,0.3201540791537978,0.7822328514726731,0.0766074802730544,0.6650271176870153,0.858407726055362,0.0994130565721603,0.1933806083683467,0.2538208519064401,0.0888722646235707,0.1993607296520592,0.4022777005664197,0.3184922433050973,0.2029169709143604,0.4492256130614842,0.111861054375956,0.3086457332099311,0.6054210299944552,0.2473289675550902,0.2967752967845241,0.5761781428648433,0.0790623758639409,0.4629284561075811,0.669882997503698,0.1385066545016418,0.2069545413961168,0.1620852322544752,0.0622462024350014,0.119205881828639,0.2597496367054174,0.349783574317438,0.1405437548767783,0.4414039947863713,0.1184430615311465,0.3008571276089029,0.6054095302674812,0.2639070502892373,0.3045524026585783,0.5801002787541019,0.0975636414314186,0.4550632882172258,0.7089395612374055,0.1681051893708469,0.2538762730201797,0.1503770838625826,0.066313943077301,0.115299466248675,0.2558644658816873,0.3870236348658861,0.1405649996330123
1388,Hayrabolu,Tekirdağ,2019,456.0,3566.6900000000005,565.145,61,528.49,348.80999999999995,39.290000000000006,35.23,0.503401046681078,23,18.003225806451614,24.453225806451613,10.869930555555555,660.11,3843.55,0.5944000903455663,0.8098535302625249,0.362009567256797,0.4047892959172408,0.6301651234438359,0.2280339216583765,0.3913069673222331,0.6425378365358678,0.2398855689700803,34.55339040461345,28.153589910529043,37.29251163659894,6.961950432854846,22.050150263441097,25.44050984105611,1.3760560632397492,19.19073674240812,14.194093191240473,0.1453713234397518,0.5917747618569764,0.1340620013096823,0.419897100293371,0.7753648474098613,0.2255416906678845,0.3554677471164903,0.8369231242163865,0.0830717157163779,0.688458043653968,0.8837836918991764,0.102576222257683,0.1953256482452083,0.3339664889553894,0.1136237378284534,0.2441482662659108,0.5253373998643861,0.3138694335883468,0.2811891335984753,0.3925898648126773,0.1116314689864346,0.2676055511760423,0.5605350323294425,0.2757767315301186,0.2929294811534002,0.6581978853336834,0.096169655382409,0.48636441183423,0.7285012672500196,0.1526102473853907,0.2421368554157895,0.2050644375699806,0.0815615426479343,0.1465060365846056,0.345645202668182,0.3576728499636283,0.1991391660835764,0.3769752192466629,0.1292865883256356,0.2402409194568542,0.5683465399907263,0.3303968472893836,0.328105620533872,0.6582081227108045,0.1013346653392552,0.50194356218491,0.7597467524102736,0.1577100360121726,0.2578031902253636,0.2128742243643382,0.0961665519658154,0.1465123629358358,0.3769506795438754,0.4008851069228338,0.2304383166080395
1388,Hayrabolu,Tekirdağ,2020,394.0,3771.025,539.81,46,447.02,224.56,65.90999999999998,49.06,0.4031937646342962,16,17.22967741935484,23.79387096774193,11.29453287197232,655.2299999999999,4067.94,0.7460791945428854,0.8421572853341998,0.3270540921622506,0.5479199435854911,0.6568662364146376,0.2081449642287923,0.5362463063586419,0.7345196902604885,0.2094122531821256,34.55339040461345,28.153589910529043,37.29251163659894,6.961950432854846,22.050150263441097,25.44050984105611,1.3760560632397492,19.19073674240812,14.194093191240473,0.1453713234397518,0.7753803685395614,0.1143795700436202,0.5761801658287755,0.8652100154300714,0.1533075454727019,0.2890298496012958,0.8818473604589306,0.0932732964426429,0.6982118262095857,0.9111158059262948,0.1107551974755268,0.2129039797167092,0.2929267712045907,0.1142260981900055,0.2071830079968658,0.4960362145522513,0.3492575109971053,0.2888532065553855,0.5683669587965249,0.1047813290356255,0.3965033750849049,0.6660110237285343,0.1912347419770032,0.2695076486436293,0.6933788713877906,0.0952974271627273,0.505847088466984,0.7362784947464351,0.1450788941183639,0.2304314062794511,0.1855408420017906,0.0796747951416874,0.1269862303336026,0.3222531087625412,0.3827851201536116,0.1952668784289386,0.5488125872839428,0.133049598002704,0.3457062052599837,0.6972579124796592,0.2481128474453683,0.3515517072196755,0.763665855870636,0.1322894575708873,0.5332314442395851,0.8730433365799765,0.1801033509720787,0.3398118923403913,0.1816334648974534,0.0956784677341018,0.1152556731889055,0.3495760430817248,0.4568904936565022,0.2343203698928193
1388,Hayrabolu,Tekirdağ,2021,483.0,3615.84,537.045,52,844.54,586.98,87.1,66.47,0.8603168223957617,9,17.15806451612903,23.12225806451613,10.218368055555556,680.8100000000001,3826.01,0.6799152661348373,0.8316428993620537,0.5763234324150602,0.4527622581529383,0.6360669045376626,0.374649130559216,0.5041343784946222,0.6767819663699165,0.3763139672894072,34.55339040461345,28.153589910529043,37.29251163659894,6.961950432854846,22.050150263441097,25.44050984105611,1.3760560632397492,19.19073674240812,14.194093191240473,0.1453713234397518,0.6933692907364105,0.1034627111906822,0.537102622517572,0.8027217904990902,0.1521700075640956,0.2656191679815182,0.856451188955966,0.0769111784153195,0.7197198977990493,0.901347023096424,0.0924810137552036,0.1816271252973748,0.5761643940830444,0.1458944205416374,0.3847714825972292,0.771506679586364,0.2531467789367382,0.3867351969891347,0.4589734003810399,0.0849432484830579,0.3379015893532311,0.5605160905267403,0.1876111512244579,0.2226145011735092,0.6582083713368214,0.083920752270136,0.513711931636003,0.7206795502095048,0.1319369891303108,0.2069676185735017,0.3652409015331274,0.1162491019571525,0.2285461051903058,0.5331784101143994,0.3102879266892588,0.3046323049240935,0.5019358978673166,0.1230557638582258,0.3456836984894043,0.6660097326856698,0.2440931805239673,0.3203260341962655,0.68946961810326,0.1078934029314961,0.5253949377921054,0.8066253227352265,0.1594212143538759,0.281230384943121,0.357435782485306,0.137619532985526,0.2090150916831239,0.5723118937868605,0.3657040262863499,0.3632968021037366
1388,Hayrabolu,Tekirdağ,2022,406.0,3492.255,552.96,48,536.6600000000001,397.42,22.9,41.01,0.4985783109599084,27,17.649032258064512,25.07967741935484,11.074027777777776,762.4200000000001,3943.88,0.5664762130233626,0.8083532548030236,0.3441348282897391,0.3600411712704312,0.6235946256701322,0.2152827798721815,0.3611112622482969,0.6386299435229289,0.2090355467013005,34.55339040461345,28.153589910529043,37.29251163659894,6.961950432854846,22.050150263441097,25.44050984105611,1.3760560632397492,19.19073674240812,14.194093191240473,0.1453713234397518,0.5663900712937439,0.107457127428773,0.425828000738655,0.7069855276462099,0.1896939800089034,0.2811575269075548,0.8379137346064666,0.0862482064653105,0.6777497618875834,0.888640289110192,0.1066961825821152,0.2108905272226086,0.310521144621586,0.1120661548592144,0.2402863736966232,0.5097704970247801,0.3256460713847366,0.2694841233281568,0.3535131461890871,0.0822454898957335,0.2597841774138761,0.4706896347854365,0.2284335694318637,0.2109054573715604,0.6504058923716337,0.0979599590577433,0.474649284361815,0.7284938190889428,0.1570891650204214,0.2538445347271278,0.1894337884369852,0.0773602230935843,0.1465494110054577,0.3261425762242622,0.3593423642128504,0.1795931652188045,0.3476372553389418,0.0990447240199116,0.2461926334301341,0.4960719819201469,0.2742775824914853,0.2498793484900127,0.6503999699358586,0.1025461820860249,0.4941543198387868,0.7597678639362615,0.1605721484344135,0.2656135440974747,0.177705936610788,0.0874100911880213,0.1348305712426186,0.3339811380037726,0.4181589809360282,0.199150566761154
1388,Hayrabolu,Tekirdağ,2023,344.0,3853.62,501.69000000000005,51,402.8,191.01,39.33,35.690000000000005,0.3897403593784167,13,15.982903225806451,21.903548387096773,10.939965277777778,575.88,3779.36,0.5996040281715351,0.8288801650760628,0.4292254474506789,0.3955223407082555,0.6578380631182135,0.2818092233538642,0.3694812259693476,0.6779131086885578,0.2723213226818901,34.55339040461345,28.153589910529043,37.29251163659894,6.961950432854846,22.050150263441097,25.44050984105611,1.3760560632397492,19.19073674240812,14.194093191240473,0.1453713234397518,0.6113237587658068,0.1176195830141274,0.4355513718906773,0.7441310605556118,0.1961620961300125,0.3085796886649345,0.8691731901571129,0.1000895376190107,0.6738516381411074,0.9120570878762018,0.1207527237786248,0.2382054497350944,0.4160333041111099,0.1309372488261704,0.2675897011502393,0.6113140838381858,0.3050547203197127,0.3437243826879464,0.4003917135486892,0.0855612868358936,0.2793195833368706,0.5019026438436957,0.2163247888417135,0.222583060506825,0.6933803861735398,0.1088721250846473,0.4824384454766716,0.7636406030320791,0.1654998869609085,0.2812021575554075,0.2714693653681275,0.0972652597423696,0.166049809144182,0.4120904512357617,0.3451457641620014,0.2460406420915797,0.3613317928296759,0.1075470165378356,0.2363465328320081,0.5097431260742973,0.2910757272055762,0.2733965932422891,0.6972561215992434,0.1297030355166086,0.4902063730460087,0.8261750630846001,0.1913269323962813,0.3359686900385913,0.2519491633126905,0.1088128283402483,0.1543147989073953,0.4159873180488457,0.3995751315711592,0.2616725191414504
1388,Hayrabolu,Tekirdağ,2024,386.0,4213.055,521.84,44,477.18,352.87,29.52,3.79,0.390401081283397,29,16.66032258064516,23.3483870967742,11.34871972318339,673.8800000000001,4062.81,0.6275513223929147,0.8061255310872391,0.2886931617328513,0.4160373408680652,0.633912489557368,0.1872582705074832,0.4088601548446837,0.645354817837191,0.1914978402587457,34.55339040461345,28.153589910529043,37.29251163659894,6.961950432854846,22.050150263441097,25.44050984105611,1.3760560632397492,19.19073674240812,14.194093191240473,0.1453713234397518,0.6445486134572929,0.1448483352691219,0.4180037835194709,0.8007349835059683,0.2308151223660896,0.3827311999864973,0.8379031310003546,0.0948645376265933,0.6660266089216926,0.8925489034431705,0.117679609401091,0.2265222945214778,0.2558384168609207,0.0992187669223204,0.2012256094916567,0.4355008797672544,0.3436824285229684,0.2342752702755976,0.4179806761947693,0.1151950616240667,0.2617683178617607,0.5663430680167438,0.276886352036842,0.3045747501549831,0.6621107567800701,0.1019009390375242,0.4785427576618162,0.74021015793506,0.1607492212508338,0.2616674002732437,0.1659839772420905,0.0701530760663153,0.1231047933266082,0.2871173987996493,0.3746327245050137,0.164012605473041,0.41014299919503,0.1380106577688827,0.2226785000199567,0.5897758203310121,0.3375497859929874,0.3670973203110553,0.6621131833372021,0.1193545975627804,0.4746001386412425,0.7831707806341354,0.1849441489609999,0.3085706419928928,0.1620543934176824,0.0754050178253128,0.1309314087141576,0.3027761758742566,0.3937643250880952,0.171844767160099
1412,İpsala,Edirne,2017,345.0,3523.275,559.8449999999999,58,448.77,262.08,43.07000000000001,48.38,0.3895179443527228,18,17.89064516129032,24.09129032258065,10.441388888888888,710.1300000000002,4264.71,0.4814189267393126,0.7968129905078066,0.3141573876066462,0.3165742926647768,0.6001914176962679,0.188682150571646,0.3002847422949708,0.6572495629393659,0.1907207221204504,38.14176032014522,27.78282607438599,34.07534077984919,7.095934027412227,26.808153730845717,23.223344496025472,1.4294074112601491,19.49999567204479,14.1408003072667,0.1399830853306808,0.4746552676207665,0.142364779363814,0.2987924200121341,0.6777300679026482,0.2957191158396319,0.3789376478905141,0.8339882914823792,0.1141811475828958,0.6152910329614059,0.908173421665537,0.1432972967849438,0.2928823887041312,0.2831857385983378,0.1102762072041469,0.2090248848697333,0.470662543022287,0.3510221677238506,0.2616376581525537,0.3066076601340074,0.1080523447630818,0.1816110653661669,0.4667768545316146,0.3413174956612771,0.2851657891654477,0.6308320954582511,0.118191926697097,0.416078395172812,0.7284661442922378,0.1969237200204504,0.3123877491194258,0.165992683770046,0.077483652438244,0.1153048400420373,0.2949332835331719,0.410657034613468,0.1796284434911346,0.2792917893875887,0.115715474116905,0.1699383351732883,0.4628947415637058,0.3853524932120502,0.2929564063904175,0.6738329859602212,0.1247637196396848,0.4745928192568986,0.806586822372993,0.1898270104307317,0.3319940031160943,0.1620821867778727,0.0861469276160859,0.1113713016922737,0.3104804012295454,0.4516914924518772,0.1991090995372716
1412,İpsala,Edirne,2018,345.0,3931.005,609.7049999999999,53,689.11,434.96,30.710000000000004,89.78999999999999,0.6292017694806169,16,19.50258064516129,25.34548387096774,9.6634375,686.61,4162.33,0.6957120210428136,0.714496942375263,0.2278808172501548,0.4576557433724137,0.5137764204268608,0.1377242531810176,0.4732869803943571,0.5410335183644427,0.1680181541314431,38.14176032014522,27.78282607438599,34.07534077984919,7.095934027412227,26.808153730845717,23.223344496025472,1.4294074112601491,19.49999567204479,14.1408003072667,0.1399830853306808,0.7070242591713946,0.1178780178508643,0.5429845631195223,0.8398185736708982,0.169435074118994,0.2968340105513759,0.7294943648749149,0.094818273538434,0.5771325225141544,0.8271317218630523,0.1327063391247296,0.2499991993488979,0.2090045784336823,0.0732709258878117,0.1660530771077445,0.3144933466819647,0.3215317847810727,0.1484402695742201,0.4570048774778909,0.1040947624728611,0.3242807913272356,0.5976704041245257,0.2274521056062762,0.27338961279729,0.5214775550956161,0.0917158433811543,0.3848048589034895,0.6308778279980302,0.1785131425551879,0.2460729690945406,0.1230237410734326,0.0526426809248569,0.0918705771843411,0.1972462733809996,0.3822324660251824,0.1053756961966584,0.4648489778505388,0.108669054534584,0.3399368286238318,0.6133243538678167,0.229604994508908,0.2733875252439849,0.5410176135228969,0.0888545818763891,0.4238383538315209,0.6542393132198546,0.1642311961465876,0.2304009593883336,0.1542680375377265,0.0535461829095543,0.1231287859026964,0.2285481628691595,0.3186928411775336,0.105419376966463
1412,İpsala,Edirne,2019,383.0,3761.485,588.9049999999999,61,531.57,348.48,38.67,37.610000000000014,0.4865528510392606,24,18.717741935483875,24.72,9.910381944444444,709.0600000000001,4098.429999999999,0.5484773409199295,0.7637567332663787,0.2907630653878998,0.3644101773261154,0.5662231386468454,0.1805296975647626,0.3792472600731013,0.5861430838609416,0.1895778592834446,38.14176032014522,27.78282607438599,34.07534077984919,7.095934027412227,26.808153730845717,23.223344496025472,1.4294074112601491,19.49999567204479,14.1408003072667,0.1399830853306808,0.5410032839178618,0.1331232995424509,0.3808932662096974,0.7285618035200188,0.2427143103472075,0.3476685373103213,0.7880610651460201,0.094557076264591,0.6201712386897594,0.8642624233551697,0.1238052276936352,0.2440911846654102,0.2558234048023118,0.1059544454274902,0.1973378773777263,0.4355166007785141,0.364401322039094,0.2381787234007877,0.3535270998424022,0.1034835236108964,0.240218049898744,0.5058170583376773,0.2839753937999587,0.2655990084389332,0.5839709254823386,0.1026652502054246,0.4160236529733223,0.6894317774104871,0.1813158862613299,0.2734081244371648,0.1581725507440767,0.0731282744225366,0.115305171639842,0.2753297505363838,0.4050761476310724,0.1600245788965417,0.3613193806068669,0.1237991223770942,0.2363229292933473,0.5488029129183573,0.3264337950740409,0.3124799836250099,0.591828881850135,0.1018880110114614,0.447281145389507,0.7129537068134671,0.1738278823326244,0.2656725614239602,0.1620740879195335,0.0824580169562078,0.1191918785031623,0.2988660825652677,0.434955945108136,0.1796742040621053
1412,İpsala,Edirne,2020,432.0,3953.715,563.4350000000001,50,461.35,236.51,63.40999999999999,49.96,0.4082610951007659,15,17.976129032258065,23.973548387096773,10.223771626297578,708.0,4263.72,0.7148416453593907,0.8009499812251055,0.2778424425566773,0.5187174229979649,0.601664071807085,0.1721398370959878,0.5196289999400026,0.6555905764404101,0.1681365134378581,38.14176032014522,27.78282607438599,34.07534077984919,7.095934027412227,26.808153730845717,23.223344496025472,1.4294074112601491,19.49999567204479,14.1408003072667,0.1399830853306808,0.7402289548448551,0.1261220115835638,0.529287980105911,0.8535034200644664,0.1764334974078844,0.3242154399585554,0.8388710515373794,0.1038384093917647,0.6357509578213606,0.8954966892236086,0.1296440624581038,0.259745731402248,0.2480122056353244,0.0963355835003559,0.1934078251309647,0.4043194580136578,0.3467273848224408,0.210911632882693,0.5332104902452278,0.11648348094368,0.3496645472881298,0.6581952434403545,0.2245605714773475,0.3085306961522247,0.6347960567687208,0.1077026103823613,0.4277189870964727,0.7089498369540321,0.1790078806914278,0.2812308498575593,0.1542680898814614,0.065965578817053,0.1153041605584191,0.2558016960548847,0.3832092555093427,0.1404975354964655,0.5292819539401444,0.1275550137226377,0.3456632458078124,0.6738216037264217,0.2454732390558754,0.3281583579186093,0.6738497850879718,0.1231002827350454,0.4785529856075065,0.7988532034506688,0.1877700613139223,0.3203002178431623,0.1425286345899628,0.0742033256648725,0.111396871388989,0.2635977805017857,0.4413278481137146,0.1522009091127966
1412,İpsala,Edirne,2021,529.0,3814.98,561.755,44,858.53,602.4,86.47999999999999,66.69999999999999,0.8191838226323328,9,17.941290322580645,23.50064516129032,9.2275,752.45,4190.56,0.5912670604770293,0.7714811148817959,0.3794070163100745,0.3799387429207804,0.5712499578171994,0.2306324343216127,0.4313269427809648,0.6088202575795176,0.2338073609119553,38.14176032014522,27.78282607438599,34.07534077984919,7.095934027412227,26.808153730845717,23.223344496025472,1.4294074112601491,19.49999567204479,14.1408003072667,0.1399830853306808,0.5976703587119166,0.1247027733456796,0.4259227804048189,0.7461132306874592,0.2109076958304941,0.3201904502826402,0.7978529794500012,0.1022932512943365,0.6161870631465425,0.8818483112949768,0.1325933316073583,0.2656612481484343,0.3613043957301993,0.1263547458366513,0.2363191287508488,0.5566524628892587,0.3330321802309174,0.3203333341384098,0.3789309877144807,0.0939984989534033,0.2617873703057293,0.5038557281262961,0.2474043532143881,0.2420683578205667,0.5878764111661358,0.1070611167898203,0.412079105510684,0.7011875825300259,0.1874155355720481,0.2891084770193418,0.212877703676581,0.0879166163501237,0.1387383304241389,0.3496231288326057,0.3811979724739219,0.2108847984084667,0.4315949939797155,0.1135954294672559,0.2870955913616911,0.5760979554387222,0.2633627028602792,0.2890023640770311,0.6152585247226139,0.1124999075181444,0.4511762942531036,0.7519057996431509,0.1847834498237781,0.3007295053900472,0.2089387490931614,0.0972795254690077,0.1347963653617873,0.3652402754899054,0.4160669924572656,0.230443910128118
1412,İpsala,Edirne,2022,438.0,3695.17,588.595,52,550.11,409.68,22.85,43.48,0.4880126108459647,28,18.876451612903224,25.89612903225807,10.1096875,778.39,4231.91,0.5076109669328657,0.7461623057510759,0.2728949520958408,0.3125945831930886,0.5594602465741508,0.1694574319666042,0.3384941180403445,0.578609604700384,0.1751133180886408,38.14176032014522,27.78282607438599,34.07534077984919,7.095934027412227,26.808153730845717,23.223344496025472,1.4294074112601491,19.49999567204479,14.1408003072667,0.1399830853306808,0.5116859360549458,0.1057192887625264,0.3711085484818829,0.6445331765840917,0.2082683307677795,0.2734246281022088,0.7685758464209516,0.1074827786629054,0.5850172707438469,0.8701133362380593,0.1440474516529146,0.2850960654942124,0.2480355944433364,0.0842676737012672,0.2012094403259422,0.3808500862636058,0.3087916176319464,0.1796406459376635,0.3105358182794401,0.0703004414633346,0.2246145848956331,0.4042987779707922,0.2248933450644931,0.179684193075159,0.5761837231500427,0.1148583033381334,0.3925866169054017,0.7011437966786941,0.2053019924855557,0.3085571797732924,0.1542847606135839,0.0590562340936189,0.119226147710409,0.2402315321974143,0.3485018827929448,0.1210053844870052,0.3300258526208439,0.0889009442859931,0.2324389868256363,0.4589599925786035,0.2626366000114579,0.2265210057529671,0.5879019297409519,0.099685960375855,0.439476524638795,0.7050546718136597,0.1722853536582311,0.2655781471748646,0.1542778663925787,0.0637278422759018,0.1231442664406247,0.2519444161051297,0.3639234466657948,0.1288001496645049
1412,İpsala,Edirne,2023,576.0,4035.27,532.8149999999999,50,417.05,208.13,39.03999999999999,36.14,0.3926753951407357,13,17.042580645161287,22.671612903225807,9.9821875,588.3899999999999,3994.44,0.583870127824278,0.8024542251394902,0.307079944732884,0.3867987117111334,0.6191979872003198,0.1893797235821186,0.4135991212419042,0.6606937242087578,0.1900657855537919,38.14176032014522,27.78282607438599,34.07534077984919,7.095934027412227,26.808153730845717,23.223344496025472,1.4294074112601491,19.49999567204479,14.1408003072667,0.1399830853306808,0.5996703198821336,0.1417359178207458,0.3847552552141354,0.7558320500531718,0.2427524736518165,0.3710767948390364,0.8388744921342427,0.0994690470378343,0.645507130345235,0.8935435480769495,0.1239560387641347,0.2480364177317144,0.2871299551640238,0.1057955272704572,0.197287031673296,0.447243069883568,0.3445211225450893,0.2499560382102719,0.3925744331897487,0.103578025983432,0.2480856716629084,0.513652450886787,0.267782758440999,0.2655667792238785,0.6542955107945017,0.1114873371915756,0.4394458377085712,0.7324042830079471,0.1800511944421224,0.2929584452993758,0.1738009783539681,0.0706424329775559,0.1191808088798288,0.2793636576585681,0.373020044814481,0.1601828487787392,0.4121060797113569,0.1231942473183492,0.2558855817806389,0.5722454466368675,0.297859064469085,0.3163598648562286,0.6777041629907681,0.1212048244560002,0.4863939854836202,0.8027039066727865,0.1834508487289694,0.3163099211891662,0.1699018176710522,0.0819386582281496,0.1113420991180119,0.2948713963412575,0.4311068296137894,0.1835292972232455
1412,İpsala,Edirne,2024,409.0,4426.675,556.0949999999998,43,466.15,341.96000000000004,30.51,4.119999999999999,0.3713535559003516,30,17.804516129032255,24.09709677419355,10.388546712802768,701.1700000000001,4311.64,0.6871359923615777,0.7795067198408432,0.2580362028230162,0.4862051536730957,0.6017290640966466,0.1637474673175722,0.5163133299478702,0.6485178098283767,0.1894398765261832,38.14176032014522,27.78282607438599,34.07534077984919,7.095934027412227,26.808153730845717,23.223344496025472,1.4294074112601491,19.49999567204479,14.1408003072667,0.1399830853306808,0.7246253434501059,0.1627046094423853,0.447252898174347,0.8691009489330209,0.2367866204813333,0.4218480507586739,0.8134691284336893,0.1058932440734146,0.6142596045295565,0.8818420636341741,0.1358464800598968,0.2675824591046175,0.2324010113535867,0.0872056000868984,0.1856004571199104,0.3690817605102691,0.3379587791667809,0.1834813033903586,0.5019316518012595,0.1434017289120512,0.2871148482326152,0.666061865234594,0.2949407833888749,0.3789470170019787,0.626941331909851,0.1176381113823916,0.4238752429770798,0.7363146204910312,0.1955001318724688,0.3124393775139514,0.1464600324974583,0.0622778594295552,0.111399030863088,0.2402418315433621,0.3803286881303234,0.1288428006802741,0.5293014606846538,0.1552737475453567,0.2988331980500842,0.7128951243772553,0.3007355002068879,0.4140619263271711,0.6621035616917638,0.1301731695642753,0.4629234529474517,0.8104921587997957,0.2007241244442065,0.347568705852344,0.1659507218610401,0.0650625946455015,0.1426651282773784,0.271465578975142,0.3434471972774378,0.1288004506977636
1464,Keşan,Edirne,2017,424.0,3336.135,530.66,50,462.66,274.64,42.21000000000001,49.260000000000005,0.3936829412334743,18,16.972580645161294,23.67806451612904,11.40204861111111,710.1300000000002,4264.71,0.4165393102974256,0.8002557207321115,0.3444640892815123,0.2656296796771655,0.6005369164514758,0.2099012239285478,0.2333612917247424,0.6456806216523799,0.2030170635372939,35.15196002146129,29.660550571619662,35.18757896151892,6.901963865312725,24.34800458303569,23.37749455757817,1.4212209671206149,19.901640802099333,14.3041691654208,0.1430246356213609,0.4023161266577448,0.1206739598143546,0.2773716632731688,0.589787203315702,0.2897060537412151,0.3124155400425332,0.8339978099649096,0.1065613357285967,0.6347465039294502,0.9042834398895154,0.1331591052308997,0.2695369359600652,0.3144373377835039,0.1183309923481237,0.2207231948885503,0.5175889993494316,0.3435219984612622,0.2968658044608813,0.2538921797160584,0.0885886146773652,0.1680987011963559,0.3866652716773699,0.3335042032390052,0.218566570481014,0.6230351330420858,0.1084177965517434,0.4394390139338836,0.7206935528474305,0.1805347741024405,0.2812545389135469,0.1894345178461394,0.0834022786150122,0.1230754442072392,0.3261243073244301,0.3973406017079878,0.2030488631171909,0.2128628613438515,0.0835292662407429,0.1465207351898799,0.3495887847794977,0.357939680670214,0.2030680495896178,0.6582208125142573,0.1248424551954177,0.4668264914111461,0.7987959226521801,0.1933501657149471,0.331969431241034,0.1738212293927009,0.0941371485370734,0.1152408762136595,0.3339670280041558,0.4636908193669177,0.2187261517904962
1464,Keşan,Edirne,2018,387.0,3736.39,577.965,51,693.7800000000001,441.84,31.62,86.67,0.6198303467901833,11,18.409032258064517,24.60290322580645,10.678993055555557,686.61,4162.33,0.6957550523295413,0.7471588230926759,0.250895884884048,0.4609270437557303,0.5468978384983867,0.1558649249956395,0.4720091172611385,0.5716851564128166,0.1702080826486645,35.15196002146129,29.660550571619662,35.18757896151892,6.901963865312725,24.34800458303569,23.37749455757817,1.4212209671206149,19.901640802099333,14.3041691654208,0.1430246356213609,0.7070303765558873,0.1163267146837967,0.542994407820995,0.8397750119514055,0.1671949262808933,0.2967806041304105,0.7626841400358862,0.0837676075843956,0.6298726535317377,0.8408100629058436,0.1121148609845236,0.2109374093741058,0.2245887810160015,0.0871364564643129,0.1738651702200344,0.3690260164953984,0.3473012580679958,0.1951608462753639,0.4569947709836994,0.1044732858867849,0.3321463047703953,0.5975967602910451,0.2266590500646581,0.2654504555206498,0.5566275777067495,0.0844104405265177,0.4277468111255076,0.6503367979955481,0.1543440741296086,0.2225899868700404,0.1386502475110427,0.0622812193631195,0.0996648764863222,0.2363190829151688,0.3995845721214182,0.1366542064288465,0.4648417512680935,0.1149944471306541,0.3321418459924942,0.6210462786401711,0.2436275972759094,0.2889044326476769,0.5722827077220816,0.0923773606747318,0.4511918765814885,0.6894361860056492,0.1615878244143629,0.2382443094241605,0.1503678666683133,0.0618856864377888,0.1192061040414493,0.2480085093513631,0.3635884117532205,0.1288024053099137
1464,Keşan,Edirne,2019,422.0,3566.6900000000005,565.145,61,528.49,348.80999999999995,39.290000000000006,35.23,0.4729455045468005,23,18.003225806451614,24.453225806451613,10.869930555555555,709.0600000000001,4098.429999999999,0.555627971109443,0.7771072729219194,0.2928601058877181,0.365332206184905,0.5802489785480068,0.1831607678374409,0.3631797170321065,0.59651259903923,0.1839903961494341,35.15196002146129,29.660550571619662,35.18757896151892,6.901963865312725,24.34800458303569,23.37749455757817,1.4212209671206149,19.901640802099333,14.3041691654208,0.1430246356213609,0.5488223970745553,0.1261399846573906,0.3964788720559998,0.728475291662156,0.2270223804707352,0.3319964196061561,0.7978629622572581,0.086840724749826,0.6513998246978987,0.8681771004677824,0.1117486964486966,0.2167772757698837,0.2597564954501476,0.1028707780748188,0.1973137417734954,0.4433491693272786,0.3512625175183787,0.2460354275537831,0.3574255939291249,0.0971358905804931,0.2480870160080208,0.4979980132931657,0.2658837324934059,0.2499109972851449,0.5957014935902009,0.0949095479571513,0.4433703108870562,0.6933347824977552,0.163566936721973,0.2499644716106989,0.1620693988106565,0.0720983869041597,0.1152979653984152,0.2870615628326311,0.3936344434204852,0.1717635974342158,0.345678672098386,0.1140515715858488,0.2324454120760541,0.5214965905879513,0.3140361816399735,0.2890511785118971,0.5996092375570582,0.1003653635572705,0.4629214555436634,0.7246124602486759,0.16825355192652,0.2616910047050125,0.1581871949779171,0.0794050695283131,0.1153017469960707,0.2948950615706599,0.4315718167366824,0.1795933145745891
1464,Keşan,Edirne,2020,434.0,3771.025,539.81,46,447.02,224.56,65.90999999999998,49.06,0.3854831159663072,16,17.22967741935484,23.79387096774193,11.29453287197232,708.0,4263.72,0.677860270609779,0.8058775173354437,0.3107169002026231,0.4801586844906981,0.6113796344058579,0.1959623375025143,0.4658332478968385,0.655386092103994,0.1868623925129845,35.15196002146129,29.660550571619662,35.18757896151892,6.901963865312725,24.34800458303569,23.37749455757817,1.4212209671206149,19.901640802099333,14.3041691654208,0.1430246356213609,0.7011844404470776,0.131840674017488,0.4863559567093672,0.8339761675555076,0.1944953550661537,0.3476202108461403,0.8408202141310067,0.0985477760677273,0.6532980773897491,0.8935269414813902,0.1222862953089522,0.2402288640916411,0.2792781460537701,0.1066742360052018,0.2090326189910174,0.4667930873104802,0.3433164914288152,0.2577604683194628,0.490260893154429,0.1135191540587796,0.3183841799561613,0.6230213282008861,0.2364200788728601,0.3046371482447247,0.6425747194327656,0.1009037986940237,0.4511858565841638,0.712883281074595,0.1650427868636523,0.2616974244904311,0.1737995912071815,0.0729606933726577,0.1270053769813209,0.2987789724019266,0.3723199789435132,0.1717735954206057,0.4706992294175501,0.1258512233104942,0.294939944506356,0.6269492696247604,0.2701636774075101,0.3320093251184043,0.673856487642582,0.116203844295177,0.4863487715083885,0.7909647516237217,0.1773059356846076,0.3046159801153332,0.1581672010173829,0.0824130368300023,0.1152628937239712,0.3066297008782387,0.4410359715600649,0.1913668071542675
1464,Keşan,Edirne,2021,531.0,3615.84,537.045,52,844.54,586.98,87.1,66.47,0.7861021377187215,9,17.15806451612903,23.12225806451613,10.218368055555556,752.45,4190.56,0.5762195658081841,0.8027161007043903,0.4752861877563705,0.3662550877353591,0.6064121302872881,0.2996440170814179,0.4048034670971023,0.6433761219989496,0.3058831528411416,35.15196002146129,29.660550571619662,35.18757896151892,6.901963865312725,24.34800458303569,23.37749455757817,1.4212209671206149,19.901640802099333,14.3041691654208,0.1430246356213609,0.5840064691917436,0.1157512320012456,0.4199221551339478,0.7206596427469449,0.2008804262640704,0.300737487612997,0.8310659934039661,0.0924055311088037,0.6650184928658732,0.8935430498938505,0.1151160803025092,0.2285245570279772,0.4667995226110719,0.1437445930826658,0.291062714634766,0.6738627129167608,0.3024379769191792,0.3827999982819948,0.3652487306907475,0.0836232337367663,0.2597857430072124,0.4746015857197507,0.2283196508035652,0.2148158427125383,0.6269731378631248,0.1031625519857167,0.4511703552332021,0.7207124175785937,0.1701195388964983,0.2695420623453916,0.2870965745382798,0.1059870478140027,0.1699529770157781,0.447265780091426,0.3537098749587394,0.2773128030756479,0.4003692221163051,0.1117865789213095,0.2637337518601816,0.5527378950478987,0.2761502506955918,0.2890041431877171,0.6542776965123467,0.1116857956780332,0.4863025639340232,0.7792810587394172,0.1735933179040417,0.2929784948053939,0.2871115087661599,0.1184595095873673,0.1660339765413669,0.4706650530572053,0.3872704609164549,0.3046310765158384
1464,Keşan,Edirne,2022,440.0,3492.255,552.96,48,536.6600000000001,397.42,22.9,41.01,0.4701828575442435,27,17.649032258064512,25.07967741935484,11.074027777777776,778.39,4231.91,0.5111823106750223,0.7573376481547456,0.2964049413325547,0.3175652687776128,0.570077028012349,0.1844002252338291,0.3281979109952396,0.5747923394796085,0.1847588778104585,35.15196002146129,29.660550571619662,35.18757896151892,6.901963865312725,24.34800458303569,23.37749455757817,1.4212209671206149,19.901640802099333,14.3041691654208,0.1430246356213609,0.5136757389740815,0.1039777867520333,0.3730987616324401,0.6464381063502037,0.2034064649356301,0.2733393447177635,0.7783515130315749,0.0957301275638891,0.6162194528702971,0.8622818236770785,0.1264034975643106,0.2460623708067814,0.2675500761621626,0.1003417197317959,0.2012018797782419,0.4395073617628044,0.3385291732340471,0.2383054819845625,0.3144639057984714,0.0726974185574096,0.2245921497913585,0.4120982903080447,0.2289211878781328,0.1875061405166861,0.5839935352598187,0.1034411862997211,0.4199272313272504,0.6933425571958004,0.1814512446859732,0.2734153258685499,0.1620805387214741,0.0697263312480049,0.119209939070174,0.2792647381589658,0.3781249787498271,0.1600547990887917,0.3222512076642335,0.0890750244389669,0.2207321602872208,0.4472449141603138,0.2714064332976787,0.2265127538730929,0.5801067769331867,0.0994516843562433,0.4394190611820866,0.7011358440812253,0.1730219377075945,0.2617167828991387,0.1581777289468104,0.0746013283445286,0.1230962593031797,0.2870777193244743,0.403776691158847,0.1639814600212946
1464,Keşan,Edirne,2023,559.0,3853.62,501.69000000000005,51,402.8,191.01,39.33,35.690000000000005,0.371154563104291,13,15.982903225806451,21.903548387096773,10.939965277777778,588.3899999999999,3994.44,0.5838809090100564,0.8164232076074568,0.3059075014698946,0.387221791514258,0.6346141390907188,0.1923504722360319,0.3974603265612938,0.6756878316294922,0.1862776680924889,35.15196002146129,29.660550571619662,35.18757896151892,6.901963865312725,24.34800458303569,23.37749455757817,1.4212209671206149,19.901640802099333,14.3041691654208,0.1430246356213609,0.5996193850827549,0.1417496966789114,0.3808921284637347,0.7558590818721809,0.2427715900477746,0.3749669534084461,0.8496316488872975,0.0919445279930755,0.6777334025771377,0.8964565382067072,0.1126187094344373,0.2187231356295695,0.2753910188751042,0.1171948985333303,0.1894616481841387,0.4785217697416285,0.3831056707344716,0.2890601215574898,0.3964992123173969,0.1035920365689575,0.2441741706576169,0.5175404928652158,0.2675263604454017,0.2733663222075987,0.6699190590396384,0.1050970394626968,0.4668017710840574,0.7362963565269762,0.1656077811523091,0.2694945854429187,0.1698985706005435,0.0800998369345555,0.1152565347141321,0.3065982516563983,0.4164265156379007,0.1913417169422662,0.3964987113769372,0.1289494240956016,0.2246291729427902,0.5683358455315555,0.3244334477637879,0.3437066725887652,0.6894448801015407,0.1211829565993574,0.5058566239730262,0.822214571212272,0.1793475491590724,0.3163579472392458,0.1620818093310135,0.091447936400903,0.0996244071814657,0.3144964475131966,0.4909227033886753,0.2148720403317309
1464,Keşan,Edirne,2024,410.0,4213.055,521.84,44,477.18,352.87,29.52,3.79,0.3731977185166991,29,16.66032258064516,23.3483870967742,11.34871972318339,701.1700000000001,4311.64,0.6457932462572992,0.7942707430127712,0.2689520985886093,0.441544739689179,0.6116192699680487,0.1717098167668107,0.4565186820369165,0.640390035973372,0.1926496127359261,35.15196002146129,29.660550571619662,35.18757896151892,6.901963865312725,24.34800458303569,23.37749455757817,1.4212209671206149,19.901640802099333,14.3041691654208,0.1430246356213609,0.6680048550299602,0.1556227542858068,0.4258799863299611,0.8320254932141287,0.2409792223559474,0.4061455068841675,0.8271510706123057,0.0990616415777787,0.6435687083239132,0.8857384508133889,0.1247202448903319,0.2421697424894756,0.2363119904283628,0.091487070123894,0.1934260505734475,0.396499326971613,0.3401612056719184,0.2030732763981654,0.4414280045135048,0.1321270293198921,0.2617884654945657,0.6209889712845074,0.2992381460888914,0.3592005057899416,0.6386857310491727,0.1108608048234357,0.4433577222012898,0.7323819017227591,0.1812578678713429,0.2890241795214692,0.1503453400729823,0.0649311019310003,0.1153122321476802,0.2597068915630654,0.3781443784264212,0.1443946594153852,0.4589779538635758,0.1511615840494051,0.2519564926708012,0.6581640492723044,0.331118068103906,0.4062075566015032,0.6503894645634003,0.12804943603499,0.4628874702897881,0.7988129433224163,0.1999553847529171,0.3359254730326281,0.1659555126583412,0.0681437198998482,0.1387679960413356,0.2871172684256284,0.353718436970107,0.1483492723842928
1471,Merkez,Kırklareli,2017,458.0,3148.73,495.2750000000001,53,501.9500000000001,309.87,36.3,40.42,0.4737397276031357,13,15.884838709677416,22.041612903225804,10.853333333333332,696.88,4022.21,0.4153611376580391,0.7312851281054763,0.36053900475554,0.2708260873051578,0.5328842196740522,0.2188846613632628,0.2483563708129016,0.5790279979693167,0.2250723110882903,30.649886029254805,32.624062745483975,36.72557168134054,6.92517898862485,17.068975255541996,22.79913489718833,1.3747471533909386,16.200334402440713,12.028108601084028,0.1434048406696472,0.3944906254848387,0.1359924497835375,0.2539830749684405,0.605418305626507,0.3274077361938906,0.3514352306580665,0.7451233742282541,0.1080216494119898,0.5732103248776321,0.8642539703783977,0.1477148177371514,0.2910436455007655,0.3398093603130367,0.120574266816218,0.2383329685020178,0.51948511434018,0.3344278017796501,0.2811521458381621,0.2539075939335199,0.0996242414830921,0.1602045379822324,0.4101403067668709,0.3678531949207643,0.2499357687846385,0.5409998435737754,0.1128612944442789,0.3730440447683258,0.6777344277993727,0.2117932756824971,0.3046903830310468,0.2069802740979268,0.0872895340286029,0.1291237753825002,0.3319439085935602,0.3987923753311179,0.2028201332110599,0.228500804492559,0.0965424268809951,0.1425687664877296,0.3847709178748773,0.3887253891051784,0.2422021513871476,0.5800975062275935,0.1191034549742427,0.4199215212139232,0.7362886386049381,0.205695502448837,0.3163671173910148,0.2069884329711726,0.0919644109953843,0.1290196553521718,0.3475902523347418,0.4085993987919242,0.2185705969825699
1471,Merkez,Kırklareli,2018,320.0,3533.31,552.38,64,733.69,443.01,43.23,101.41,0.7323884217172224,2,17.62483870967742,23.457419354838706,10.250416666666668,674.3399999999999,3904.03,0.6588745062499015,0.6798908505621698,0.2833398669375201,0.4138473623879465,0.4813386027200422,0.1752614435518996,0.4107161868498211,0.4959001654061226,0.1764495598210654,30.649886029254805,32.624062745483975,36.72557168134054,6.92517898862485,17.068975255541996,22.79913489718833,1.3747471533909386,16.200334402440713,12.028108601084028,0.1434048406696472,0.6680036371064839,0.1167672935580898,0.5038993799284286,0.8085052623125435,0.1772223579004311,0.3046058823841149,0.682602913799887,0.0805796113698157,0.571317695799632,0.7841745228960539,0.1185184523415608,0.2128568270964219,0.2636709407251654,0.0798862054880094,0.2012356772169692,0.392520602178458,0.2819448119019034,0.1912849249614887,0.4081986235086183,0.096081115798876,0.2909773784552471,0.5410579276648217,0.2321655869557245,0.2500805492095746,0.482426550150787,0.0755168666855652,0.3847887093384382,0.5800603781958072,0.1568892797270357,0.195271668857369,0.1620904997933339,0.0552532839521152,0.1192068385962919,0.2479958583067207,0.315262061251671,0.1287890197104289,0.4101215237181337,0.0992325496024518,0.2852040468975171,0.5351267917286613,0.2416085676183401,0.2499227448311441,0.4902173868259362,0.0791490672998781,0.4003970335897646,0.5995824976439734,0.1596068580357463,0.1991854640542088,0.1620672058721762,0.0549395332507255,0.1270024188014464,0.2480270782415631,0.3113611238613392,0.1210246594401166
1471,Merkez,Kırklareli,2019,342.0,3411.715,544.2700000000001,62,493.1,333.53,47.31,28.48,0.4871634342421104,17,17.419032258064515,23.805483870967738,10.54625,660.11,3843.55,0.4880987686383771,0.6645390222077115,0.3604353451797243,0.3173951248784083,0.4761778159827822,0.2267016251941367,0.322240534389772,0.4935745277646782,0.2381207835102857,30.649886029254805,32.624062745483975,36.72557168134054,6.92517898862485,17.068975255541996,22.79913489718833,1.3747471533909386,16.200334402440713,12.028108601084028,0.1434048406696472,0.4746173094577376,0.1253988021155367,0.3339834295360402,0.6620998064217202,0.2569127606393169,0.3281163768856799,0.6669926689414796,0.0948318725335656,0.5341891593816157,0.7900414781661619,0.1427032414417411,0.2558523187845462,0.3417837696846688,0.1014093023506294,0.2480472449087044,0.5019383604537784,0.2813522694342409,0.253891115545074,0.3066137244528961,0.0931242255582947,0.2090133963484302,0.4433262032653709,0.2934015624656173,0.2343128069169407,0.4707141076880757,0.0975036869008122,0.3496129350833974,0.6113461952840257,0.2047631864150886,0.2617332602006282,0.2128899955295425,0.0715767492363276,0.1504215984592266,0.3261559293115504,0.315731081217581,0.1757343308523237,0.3066273961727982,0.1038625855195991,0.2051352946389375,0.4628646670814932,0.3223138445828487,0.2577293724425558,0.4863130268048491,0.0914517288381738,0.3808592672898944,0.6152402970511358,0.1852845389982833,0.2343810297612413,0.2206958818766992,0.0783543914476161,0.1582321422169902,0.3457234645456206,0.3290531397240744,0.1874913223286303
1471,Merkez,Kırklareli,2020,352.0,3619.28,517.6100000000001,55,438.88,219.33,72.16000000000001,69.29,0.4099515856436161,11,16.596129032258066,22.99838709677419,11.056089965397923,655.2299999999999,4067.94,0.6991699608971843,0.7299337364241256,0.3134213797050447,0.5019975756169016,0.5406256627783771,0.1971403193086196,0.5116441033251893,0.5610161614736834,0.1889549342591753,30.649886029254805,32.624062745483975,36.72557168134054,6.92517898862485,17.068975255541996,22.79913489718833,1.3747471533909386,16.200334402440713,12.028108601084028,0.1434048406696472,0.7167980873212669,0.1281766660579663,0.5136584395353898,0.8535170687458333,0.1833269065128146,0.3398586292104435,0.7470706093597638,0.1038300460359181,0.5752103915315809,0.852523786564671,0.1422458517187758,0.27731339503309,0.2831932462423177,0.1047289821231096,0.2090334745988171,0.4667748892099529,0.334147537164402,0.2577414146111358,0.5097577408583644,0.1206468966221413,0.3339986074535245,0.6581567384465652,0.2403336240695568,0.3241581309930406,0.5488275071721417,0.1055515251147874,0.3886622340770087,0.6738142076255325,0.1952395758875711,0.2851519735485238,0.1777102868662606,0.0738549804815796,0.1230875443159473,0.3027373273508356,0.3746315352465314,0.1796497830348883,0.5175905868351771,0.1323672221768701,0.3339830072709162,0.6816183284338888,0.2587095625975398,0.3476353211629726,0.5566553407664637,0.1137420105079681,0.4121110621105063,0.712895911262893,0.2027428411495123,0.3007848491523867,0.1620883593179919,0.0826595964330677,0.1113634171088431,0.3027011043488391,0.4374566705926277,0.1913376872399959
1471,Merkez,Kırklareli,2021,396.0,3464.57,515.01,59,610.76,385.26,49.08,63.22,0.6360625833387289,8,16.59741935483871,22.35935483870968,10.110833333333334,680.8100000000001,3826.01,0.6519392058928974,0.7379863021982622,0.385560616138372,0.4352683632700113,0.532523263481135,0.2413439624337824,0.4842231907962532,0.5496914343146092,0.2388782971973399,30.649886029254805,32.624062745483975,36.72557168134054,6.92517898862485,17.068975255541996,22.79913489718833,1.3747471533909386,16.200334402440713,12.028108601084028,0.1434048406696472,0.6601928784748199,0.1311958381548094,0.472648613688924,0.8163946220672804,0.2012393747283895,0.3437460083783564,0.752931565406596,0.10207754361836,0.5888690243644046,0.8603368875602888,0.1383190220662613,0.2714678631958842,0.3691393904833264,0.126891123729695,0.2324411275106868,0.5644481511197448,0.329108104973449,0.332007023609058,0.4316431985465075,0.1069007095453469,0.2949113390189408,0.5800511641080139,0.2455972419916787,0.2851398250890731,0.5371029692637693,0.1049804813611867,0.3886850770206969,0.669889732266846,0.1971378314534529,0.281204655246149,0.228497864385023,0.0879548901133415,0.1426035823356446,0.3652484738684863,0.3644379135337755,0.2226448915328416,0.4785157755850077,0.1300810870225175,0.3183795515775844,0.6581724675448221,0.2686386969789967,0.3397929159672376,0.5449325475332845,0.108872439782636,0.4082189345784654,0.6933570568274392,0.19806100838807,0.2851381222489738,0.2206951232611437,0.1018939694182089,0.1269486680857701,0.3768970730340194,0.4265518074002062,0.2499484049482492
1471,Merkez,Kırklareli,2022,358.0,3299.54,520.125,54,504.44,351.04999999999995,19.88,39.94,0.4929857421462745,16,16.562258064516133,23.70387096774193,10.63170138888889,762.4200000000001,3943.88,0.4959697485105796,0.6734201598372278,0.3151728882512071,0.3119508209372462,0.484340403479395,0.1991361277537988,0.3412518741105819,0.5123965142762533,0.20306719050945,30.649886029254805,32.624062745483975,36.72557168134054,6.92517898862485,17.068975255541996,22.79913489718833,1.3747471533909386,16.200334402440713,12.028108601084028,0.1434048406696472,0.4882986046241476,0.1065096383091167,0.3633328269469908,0.6366958238407235,0.2147502718239775,0.2733629968937327,0.678718065719473,0.1039804156413384,0.5263809246007143,0.8095726874094461,0.1544064491126483,0.2831917628087318,0.2870990051676068,0.1029684408608378,0.2129177672250934,0.4629051532929071,0.3267046268864577,0.2499873860678137,0.3066259252611026,0.074785095101501,0.2207127584457772,0.4120854905657741,0.2397336056908316,0.1913727321199969,0.4785293186793822,0.1038966995392596,0.3457321207667451,0.626931746364459,0.2145117334686278,0.2811996255977139,0.1816072147522746,0.07339313082217,0.1269823694175556,0.298781158302718,0.368557587465542,0.1717987888851623,0.331997078291688,0.0899539319499276,0.2305202227228222,0.4648175252506957,0.2635998181237189,0.2342973025278735,0.5097851397585677,0.1000457413837262,0.3808289652843746,0.6464895755670008,0.1952506283635402,0.2656606102826262,0.1816127093278469,0.0730669848583934,0.1348174726046978,0.3027119306872939,0.3598167910585886,0.167894458082596
1471,Merkez,Kırklareli,2023,373.0,3699.885,479.74,55,360.76,143.29000000000002,36.52,26.11,0.3616234197946414,10,15.21774193548387,21.01806451612903,10.627256944444444,575.88,3779.36,0.5313668320985624,0.7855975155652737,0.4438442113192717,0.3530771043294687,0.5896639598893679,0.2790868933478576,0.3681943591009696,0.648126497073064,0.3008882724617165,30.649886029254805,32.624062745483975,36.72557168134054,6.92517898862485,17.068975255541996,22.79913489718833,1.3747471533909386,16.200334402440713,12.028108601084028,0.1434048406696472,0.5254105210343191,0.1453644866322575,0.3457325606041462,0.7324218283645175,0.2735671062835441,0.3866892677603712,0.8261802677413738,0.116492998604164,0.5996137259296689,0.9003582003519929,0.148285854137843,0.300744474422324,0.4316529140496903,0.1372582022544588,0.2793194209388246,0.6308959275060563,0.3092486028971198,0.3515765065672316,0.3456737071808224,0.1078264058773611,0.220726226901378,0.5019503582021785,0.3053905352547146,0.2812241313008005,0.6191478548948037,0.1274279082856017,0.3925917464722103,0.7324318374677468,0.2161025888533354,0.3398400909955364,0.2636838612637803,0.0995440146598332,0.1660672101007849,0.4120706911093946,0.3566774973404439,0.2460034810086096,0.3535327912071384,0.1258199922088961,0.2129167102976125,0.5410123504819573,0.3417216725321764,0.3280956401843447,0.6660158935121573,0.1401611268863159,0.4433997958087819,0.8222474389195669,0.2162558196884139,0.3788476431107849,0.2871178086594361,0.1030780163381218,0.1855647694635231,0.4394746068507857,0.3425790426951153,0.2539098373872626
1471,Merkez,Kırklareli,2024,371.0,3976.645,487.195,53,492.25000000000006,337.78000000000003,39.5,7.590000000000001,0.4244331899557627,28,15.538387096774192,21.606129032258064,11.10878892733564,673.8800000000001,4062.81,0.602985620871313,0.7252599913207919,0.2784201562844285,0.4157581025095986,0.5415222252301252,0.1773933680447605,0.4203725320019238,0.5670764075681016,0.1943297635478553,30.649886029254805,32.624062745483975,36.72557168134054,6.92517898862485,17.068975255541996,22.79913489718833,1.3747471533909386,16.200334402440713,12.028108601084028,0.1434048406696472,0.5976520975877131,0.1583107213939705,0.3945829143365578,0.8242017878483681,0.2625447704129526,0.4296188735118103,0.7480478075830219,0.116356853909155,0.5449229023943589,0.8574282524760536,0.1604346790138723,0.3125053500816946,0.2597400690811588,0.0806866544147944,0.2012067883093484,0.3847669938444068,0.2898017711489487,0.1835602055350584,0.3945122613960996,0.1393859156182968,0.2461204909620554,0.6210136589781345,0.3352572440006238,0.3748931680160791,0.5527601664839316,0.122350368182347,0.3653073177301683,0.6972580382837027,0.2259378516373046,0.3319507205535344,0.1620838006244636,0.0586109129957874,0.1191877608269144,0.2519239954497712,0.3304008128477412,0.1327362346228567,0.4023443374756564,0.1473695706776594,0.2383089687872585,0.6288875546861967,0.350568982173614,0.3905785858989382,0.5722564776835809,0.1243832337911207,0.3964870420938388,0.728498621997745,0.2193412247999107,0.3320115799039061,0.1777087954671866,0.058358923951463,0.1426515464053522,0.271455185776364,0.300308727217134,0.1288036393710118
1480,Kofçaz,Kırklareli,2017,305.0,2928.825,491.82,36,451.16,224.66,55.31,50.760000000000005,0.4267565281487113,14,15.714838709677418,22.12870967741935,11.275625,696.88,4022.21,0.2481248741009728,0.7027060604232054,0.4926306317122216,0.1531768093373243,0.4943910049335134,0.305894858291903,0.1503460273204598,0.5430968918451875,0.3173426291518845,32.000538591175705,30.11587194411341,37.883008108161526,6.627702458068415,20.903460690734335,21.813831895037737,1.3596274409455849,17.889397963069523,9.168347083722756,0.1467758408394421,0.2636521177524632,0.1223220541196044,0.0331985490918751,0.3925581196429779,0.49298585868431,0.3593595705511027,0.71388981489653,0.1001002985626867,0.5576509273497858,0.8271498060516311,0.1424497442108315,0.2694988787018453,0.4902758707686299,0.1304912741640038,0.3339482716012506,0.6660934315051561,0.2648866427783006,0.3321451599039055,0.1659992488381383,0.0827010889795537,0.0097583992276448,0.2479433455270917,0.5399060689234639,0.2381849462994469,0.4980209609805502,0.0978123095699091,0.3574353385042937,0.623079848997716,0.1978440315334279,0.2656445104934222,0.2988039065862624,0.0944531169755989,0.1934502494886613,0.4315475933463911,0.3087764125981685,0.2380973438577297,0.1464780290564104,0.0604201590373638,0.0761824155552967,0.2245838967771558,0.401873997698518,0.1484014812218591,0.5448838562129743,0.1059233166332721,0.4042427398841465,0.6815542611684933,0.1950357629066788,0.2773115212843468,0.302667898476622,0.1108329939033824,0.1894705922464899,0.4667616274402691,0.3492534053795094,0.2772910351937792
1480,Kofçaz,Kırklareli,2018,305.0,3256.39,538.2700000000001,63,764.48,444.57,42.4,111.48000000000002,0.7710144876479064,3,17.204516129032257,23.396774193548385,10.281180555555556,674.3399999999999,3904.03,0.6259210503849263,0.7108215428909895,0.3315924467516353,0.3891968137192916,0.5055559555654933,0.2093959704754961,0.3926110305025381,0.5353981843994315,0.1968959774784343,32.000538591175705,30.11587194411341,37.883008108161526,6.627702458068415,20.903460690734335,21.813831895037737,1.3596274409455849,17.889397963069523,9.168347083722756,0.1467758408394421,0.6307975965235753,0.110994777641406,0.4786221476079353,0.7676511360031147,0.1773303159769861,0.2890289883951794,0.7216732566313278,0.0806497823790488,0.5986613686944516,0.8076262517912889,0.1134599579678427,0.2089648830968372,0.3105569654333515,0.0947625208117724,0.2285391592555256,0.4628878517008143,0.2857800946314983,0.2343486924452886,0.3887561906198853,0.0854920150676503,0.2792412456680787,0.5019084633416826,0.219662679790877,0.2226672176736039,0.5127269511259449,0.0772534858491142,0.3994576863056637,0.6005973629653454,0.152808971981552,0.2011396766596816,0.193319050146543,0.0674336909144737,0.1387150298365849,0.3026904177149039,0.3220391049615015,0.1639753878783189,0.3886569625837319,0.0971707102452852,0.2714419116995309,0.5175377170889759,0.247498676032886,0.2460958053894449,0.5371153428185312,0.0826534250328188,0.4277605364859833,0.6386295799765036,0.1543774847229508,0.2108690434905203,0.1816216628482038,0.0655919944181124,0.1309373101920756,0.2870608975472698,0.3331301901548327,0.1561235873551941
1480,Kofçaz,Kırklareli,2019,232.0,3199.67,536.86,58,477.17,278.04,62.08,46.16,0.4701444512979398,18,17.142258064516128,23.645806451612906,10.828993055555555,660.11,3843.55,0.4696851155879047,0.6742634569877507,0.4282004700307599,0.3003348214439666,0.4733573179445935,0.273078696700259,0.2811368539904599,0.4923603427052395,0.2777543972101791,32.000538591175705,30.11587194411341,37.883008108161526,6.627702458068415,20.903460690734335,21.813831895037737,1.3596274409455849,17.889397963069523,9.168347083722756,0.1467758408394421,0.4589216017094388,0.1187929888553571,0.3222644247642555,0.6307569559693824,0.2529204884567483,0.3084925312051269,0.6826015601968461,0.0854789037008639,0.5537337655784332,0.7803234543376485,0.1267737452104227,0.2265896887592152,0.4159981225330154,0.1070881923920182,0.3027940638459623,0.5761428758336219,0.250088918361826,0.2733488119876595,0.2911395321447382,0.0835472172457056,0.201251944500281,0.4159825241812876,0.2781802551033631,0.2147305796810066,0.478488120161543,0.0855779632550372,0.353498291428224,0.5838713803025865,0.1807893530127153,0.2303730888743624,0.2637098241644806,0.0763022225069333,0.1854747894886252,0.3768942463604025,0.2794147746745892,0.1914194568717772,0.2637066464528472,0.0979947979770472,0.1699121269315323,0.4121215870077976,0.3485661754626187,0.2422094600762653,0.4901768839988216,0.088399363091181,0.3808668300756228,0.6074873232321405,0.179542004958151,0.2266204931565176,0.2636737138165217,0.0832140881941123,0.185562503354446,0.3925961750983834,0.2995959345016004,0.2070336717439374
1480,Kofçaz,Kırklareli,2020,313.0,3397.3950000000004,509.02,52,400.1,171.0,65.25,75.00000000000001,0.374342208762196,10,16.353548387096776,22.95419354838709,11.362214532871974,655.2299999999999,4067.94,0.6244026425446942,0.7226216545094065,0.3988892045541494,0.4247974247212289,0.52560373999741,0.2569158790030306,0.4259520150138034,0.5509458549679275,0.2413374638162215,32.000538591175705,30.11587194411341,37.883008108161526,6.627702458068415,20.903460690734335,21.813831895037737,1.3596274409455849,17.889397963069523,9.168347083722756,0.1467758408394421,0.6386737887628534,0.1239692888009279,0.4472398963444729,0.7792527768601762,0.1985406216343076,0.3320128805157033,0.7451487125784759,0.1051455880981191,0.5596062264272145,0.8427586434429581,0.1455057254954576,0.2831524170157437,0.3770209376630237,0.1256792173602422,0.2519679997868964,0.5800347097089522,0.3150729975275158,0.3280667099220558,0.4315906805872586,0.1032221904265947,0.279316427798995,0.5567195504749909,0.2429915635536957,0.2774031226759958,0.5410187430856352,0.103880594108197,0.369129807252622,0.6503560776371275,0.1976405154740887,0.2812262703845055,0.2401939146871557,0.090071960388077,0.1582179427451248,0.3886990257690657,0.3505893086001686,0.2304810830239408,0.4238262661748019,0.1213564013062176,0.2676113380790079,0.5879085482594337,0.2849062735441807,0.3202972101804258,0.5566439472759932,0.1102444011424823,0.4004018249375906,0.6933163805172019,0.200100246055758,0.2929145555796113,0.2168400878537605,0.1029829517220509,0.1269848062671763,0.3886039974406797,0.4267176346912821,0.2616191911735034
1480,Kofçaz,Kırklareli,2021,360.0,3197.29,503.145,70,638.49,412.27,37.06,66.44,0.6784380789973097,8,16.07709677419355,22.12935483870968,10.205625,680.8100000000001,3826.01,0.5528855863719189,0.7276734437854048,0.5335313060107034,0.3463065404529902,0.5146369508033553,0.3396423470837554,0.3880332667424317,0.5546136753946782,0.341226089802468,32.000538591175705,30.11587194411341,37.883008108161526,6.627702458068415,20.903460690734335,21.813831895037737,1.3596274409455849,17.889397963069523,9.168347083722756,0.1467758408394421,0.5566495642510955,0.1066165472322115,0.412075580564546,0.6854753632499432,0.1928365467651963,0.2733997826853971,0.7451258257955753,0.0904612038844151,0.5946861618723949,0.8310098123136673,0.1243156592520815,0.2363236504412724,0.5371269296826865,0.1297758356158395,0.369087807042649,0.7011284041008303,0.2432394016129881,0.3320405970581813,0.3456794196028696,0.0741155835363977,0.2519690642542972,0.4394301961052569,0.2140172791407579,0.1874611318509597,0.5254461169421056,0.0863313968560602,0.3886648270444533,0.6191019551085262,0.1677520370841926,0.2304371280640728,0.3339520068269547,0.0989162801473297,0.2207088226022874,0.470648719287628,0.291236593424368,0.2499398966853405,0.3808957977153578,0.1011465608334638,0.263635328930547,0.521501489530838,0.2606646633228042,0.257866160600291,0.5566558279078263,0.0978934557964986,0.4277687109749221,0.6816625650290571,0.1765074684226548,0.2538938540541349,0.3261408294594533,0.1197486747155779,0.1972990681761731,0.5058699361608616,0.3509364561921368,0.3085708679846884
1480,Kofçaz,Kırklareli,2022,247.0,3074.8050000000003,515.795,54,517.42,366.69,24.999999999999996,58.78000000000001,0.5068582402697823,12,16.595806451612905,23.74677419354839,10.6865625,762.4200000000001,3943.88,0.4204097327907942,0.6626987132296687,0.386283669263537,0.263042527060971,0.4675230681829666,0.2445325736174793,0.2791155237738177,0.4979593126713773,0.237951996646126,32.000538591175705,30.11587194411341,37.883008108161526,6.627702458068415,20.903460690734335,21.813831895037737,1.3596274409455849,17.889397963069523,9.168347083722756,0.1467758408394421,0.427757949879336,0.1182758842265484,0.287216663395252,0.5604941156562852,0.281334790803726,0.2732774522610331,0.6689114443493082,0.0960475303805785,0.5263982457622515,0.7861226769895697,0.1449339322125585,0.2597244312273182,0.3652146655814815,0.1264232981768832,0.2402328204150641,0.5684054795152824,0.3272809808861801,0.3281726591002183,0.2676171744312665,0.0786845714263945,0.1738537269419174,0.3574250106456372,0.2991325102657492,0.1835712837037198,0.4667826800206972,0.089475591121295,0.3457029837097612,0.5878722866088906,0.1913821952551836,0.2421693028991293,0.2246237633322489,0.0913892525524432,0.1427037186965395,0.3730850491154538,0.3737303836477951,0.2303813304189142,0.2714487949508951,0.0810643529691295,0.1856206981674522,0.3847545456460928,0.2904329786931534,0.1991338474786405,0.494189357702157,0.0900951403892209,0.3808591088973569,0.6152936345366412,0.1809287186655713,0.2344345256392842,0.2167751717661541,0.0893248602200339,0.1425702856332681,0.3651679397670403,0.3753902529881892,0.2225976541337722
1480,Kofçaz,Kırklareli,2023,284.0,3464.195,471.25999999999993,60,375.62,154.22,44.18999999999999,35.03,0.3794417563637537,10,14.92225806451613,20.90225806451613,10.829340277777778,575.88,3779.36,0.4264478644236898,0.7721768947725359,0.5627756498431705,0.2759775131512219,0.5668437359004949,0.3681265994987913,0.2700677900264195,0.6223700817148045,0.3862593659514536,32.000538591175705,30.11587194411341,37.883008108161526,6.627702458068415,20.903460690734335,21.813831895037737,1.3596274409455849,17.889397963069523,9.168347083722756,0.1467758408394421,0.4199731522319824,0.109727612816363,0.2909740432718186,0.5722541836812122,0.2573060436465103,0.2812801404093935,0.8076561211967741,0.112646649844828,0.5946986646293253,0.8877534704859082,0.1458819224032997,0.2930548058565829,0.5683377754189921,0.1489454587168537,0.369247836301369,0.7558964172582976,0.2646622304258554,0.3866485809569285,0.2714649741093751,0.0751157820341673,0.1855969895575769,0.3769172570877663,0.2721808062420203,0.1913202675301894,0.5918057136951879,0.1209802783471106,0.3808840862412354,0.7050582796695942,0.2134279179338903,0.3241741934283588,0.3652309371556066,0.1141997662983068,0.2245724835826696,0.5174062367978974,0.3102187303329647,0.2928337532152277,0.2598159922575161,0.0826714983674194,0.1738631175986933,0.3769702637915827,0.3061138774058618,0.2031071461928893,0.6347584698898064,0.1356805962384449,0.4315936194097058,0.7948713853520022,0.2180062959720152,0.3632777659422963,0.3769328120194259,0.1157817551354439,0.2479921458518205,0.5409565011216764,0.2997513208521027,0.2929643552698558
1480,Kofçaz,Kırklareli,2024,260.0,3790.515,479.5,47,426.48,250.72000000000003,53.39000000000001,16.7,0.3608278345645057,28,15.285161290322582,21.61225806451613,11.57712802768166,673.8800000000001,4062.81,0.4941499358605846,0.7257533323172615,0.358247263213322,0.3202465303309995,0.529022533335793,0.2310313289793448,0.2988274119584922,0.5569275779477317,0.2387812502301988,32.000538591175705,30.11587194411341,37.883008108161526,6.627702458068415,20.903460690734335,21.813831895037737,1.3596274409455849,17.889397963069523,9.168347083722756,0.1467758408394421,0.490193703800906,0.1184798151406273,0.3457606742483201,0.6541848758710557,0.239764910490759,0.3084242016227355,0.7490410578797345,0.1137511339386972,0.5517650362180204,0.858408040899225,0.1567352554558731,0.3066430046812045,0.3339888280143089,0.1012768731787476,0.2559223277788651,0.5059008624404668,0.2827010380214441,0.2499785346616017,0.3144169007557152,0.0884170098025751,0.2128880715874083,0.4393897132185169,0.2760904535364966,0.2265016416311085,0.5410391237362608,0.1153474471368992,0.3614256358323501,0.6777180383004558,0.2180388166257624,0.3162924024681057,0.2128828224970993,0.0723087530671255,0.1582356722307329,0.3339809860934037,0.3129824573427885,0.1757453138626708,0.287064680543782,0.0983902020825563,0.1855407398406149,0.4356359865507688,0.3292542723497633,0.2500952467101539,0.5645228540662274,0.1144009751605866,0.396458472503334,0.7011825043600114,0.2054144554704083,0.3047240318566774,0.2167717713901973,0.0763967283155456,0.1621846240408716,0.3457341780771415,0.3199444187594075,0.1835495540362698
1502,Lalapaşa,Edirne,2017,233.0,2928.825,491.82,36,451.16,224.66,55.31,50.760000000000005,0.4290010944257463,14,15.714838709677418,22.12870967741935,11.275625,684.0300000000001,4037.23,0.398192735746628,0.7276333418830522,0.3952963228284815,0.2602846736101938,0.535000088468349,0.2401602999213122,0.2387345216495609,0.5646173337928772,0.2370687428943138,31.741371808545058,30.11895675821172,38.13960127662343,6.807926190558164,17.162373578357577,22.998216848738984,1.3991461382490749,15.562902527027656,8.843371622291464,0.1455910132357282,0.3886511809525165,0.10192326633062,0.2754236717660653,0.5371223382540454,0.2559646552554749,0.2616986664879801,0.7431591195329093,0.1051562786669767,0.5732480521680048,0.8544710604338498,0.1445182245151678,0.281223008265845,0.365243521547597,0.1367056542813384,0.2402487504616421,0.5956172387531772,0.3458308271201774,0.355368488291535,0.251925336271166,0.073379298484345,0.1738415507448971,0.357432053896122,0.281919397967469,0.1835905031512249,0.5449031016845888,0.1049688172041632,0.3847819083406233,0.6660318704527877,0.1962033641988328,0.2812499621121643,0.2168019153130358,0.0966739749158737,0.1347987078861094,0.3769118261589023,0.4025393661964473,0.2421131182727929,0.2285092581112446,0.0728099992402326,0.1582143442925358,0.3340089929560049,0.3049831198988079,0.175794648663469,0.5605594379865816,0.1199915520431787,0.4081982583761446,0.7245967563147979,0.2125183639636471,0.3163984979386533,0.2089884212530174,0.1074261810166884,0.1269844063456735,0.3926216674704828,0.4531435890921285,0.2656372611248092
1502,Lalapaşa,Edirne,2018,232.0,3256.39,538.2700000000001,63,764.48,444.57,42.4,111.48000000000002,0.7663850561884558,3,17.204516129032257,23.396774193548385,10.281180555555556,701.0600000000002,3943.71,0.6888137616801235,0.7111333644455059,0.2837850273499984,0.4462714319250361,0.5124461026037053,0.1776676277269828,0.4589091777077709,0.5354940570932765,0.1849429950752809,31.741371808545058,30.11895675821172,38.13960127662343,6.807926190558164,17.162373578357577,22.998216848738984,1.3991461382490749,15.562902527027656,8.843371622291464,0.1455910132357282,0.6933700640429823,0.1134458329521693,0.5371456592417956,0.8339511004809834,0.16469739610814,0.2968054412391878,0.7197192959614095,0.086699054599961,0.5888736006528045,0.8173922374594278,0.1219167302993343,0.2285186368066233,0.2597495577053507,0.0830765611372913,0.2012311991403771,0.4003822202318077,0.2927446945071953,0.1991510210914306,0.4413849918586992,0.0968421928506638,0.3242768902697031,0.5819997949058038,0.2170028953745154,0.2577229046361006,0.5136868452235284,0.0833473801580052,0.4004346129848865,0.6230359602114944,0.1626461392418103,0.2226013472266079,0.1620586957312993,0.0581180061421303,0.1230953656914245,0.2558251948211786,0.3271164639595386,0.132729829129754,0.447286919453084,0.1244377992447913,0.3105966390070854,0.6269220906408777,0.2711599708385702,0.3163254516337923,0.5293001476397111,0.0983804194679291,0.4121224804493143,0.6699008900678909,0.1837189753364386,0.2577784096185765,0.1659797301329687,0.0592266298944289,0.130910242746886,0.2636061755940708,0.3202426232489679,0.1326959328471847
1502,Lalapaşa,Edirne,2019,345.0,3199.67,536.86,58,477.17,278.04,62.08,46.16,0.4635504741819435,18,17.142258064516128,23.645806451612906,10.828993055555555,673.7900000000001,3915.13,0.5588671406313716,0.7402432071269712,0.3525254203723367,0.3791586201478469,0.5499689699626802,0.2219926880039081,0.3782064670624692,0.5720329361064,0.2426315300464323,31.741371808545058,30.11895675821172,38.13960127662343,6.807926190558164,17.162373578357577,22.998216848738984,1.3991461382490749,15.562902527027656,8.843371622291464,0.1455910132357282,0.5527786867750077,0.1480291110374574,0.3653317672403482,0.7676067382407898,0.2648735276692485,0.4022749710004416,0.7588070676800426,0.0935342204968755,0.6025538924366386,0.8466820854470629,0.1263560672983413,0.2441281930104243,0.3261688998953477,0.116370801947823,0.2246348684282103,0.5214064147854391,0.3301061291549199,0.2967715463572288,0.3651979385230168,0.116536167512008,0.2363359453223115,0.5449244355793048,0.3073546566515264,0.3085884902569932,0.55662259236514,0.1008196351428402,0.4082455821939481,0.6777070355333791,0.1833187700565754,0.2694614533394309,0.2011514568298992,0.080208060836297,0.1348184774315177,0.3379221777835847,0.3613094717555967,0.203103700352067,0.3534873851348736,0.1403744826508443,0.2167876019531661,0.5800239470749262,0.3711583351314252,0.36323634512176,0.5644649950694285,0.1113191085536199,0.4316429603546362,0.7246294857094777,0.194602620805936,0.2929865253548415,0.2167786132665123,0.0916251359542281,0.1504297768564221,0.3730182585280501,0.3776307882849928,0.222588481671628
1502,Lalapaşa,Edirne,2020,279.0,3397.3950000000004,509.02,52,400.1,171.0,65.25,75.00000000000001,0.3776579571649923,10,16.353548387096776,22.95419354838709,11.362214532871974,647.6200000000001,4062.52,0.6746461071891975,0.740877513141529,0.3121294568278003,0.4889674768318999,0.5539469039692627,0.1950717387973845,0.4996046611752367,0.5876787945082297,0.1865600971833687,31.741371808545058,30.11895675821172,38.13960127662343,6.807926190558164,17.162373578357577,22.998216848738984,1.3991461382490749,15.562902527027656,8.843371622291464,0.1455910132357282,0.6972922165744835,0.1322552002683316,0.4863256784133248,0.8300829556984572,0.1960364091024718,0.3437572772851324,0.7627050191104666,0.1001300015619855,0.5869156648817335,0.8525625799618458,0.1351505475411261,0.2656469150801123,0.2871428002836363,0.1141155947702745,0.1894584895684502,0.4745677874356582,0.3656034131800362,0.285109297867208,0.4980399045525486,0.1226305914666821,0.3144891428162742,0.6425397330971047,0.2507949859185435,0.3280505902808304,0.5683519560058601,0.1022503446182844,0.3965081097068084,0.6777542646532526,0.1845850999177316,0.2812461549464441,0.1777222760173812,0.0778898765202626,0.1152446370795458,0.3027233267166899,0.3992883695016664,0.1874786896371441,0.4980299908557857,0.1491273034055251,0.3027848060413414,0.6972559244328381,0.2984906166702448,0.3944711183914967,0.5918095915105352,0.11922665155048,0.4238528508674046,0.7402117209915365,0.2028772395135493,0.3163588701241319,0.1620862943283255,0.087254547734988,0.0996357974402732,0.3066036228570993,0.4677020919925125,0.206967825416826
1502,Lalapaşa,Edirne,2021,444.0,3197.29,503.145,70,638.49,412.27,37.06,66.44,0.6680175746382246,8,16.07709677419355,22.12935483870968,10.205625,695.1699999999998,3892.06,0.6417273961200811,0.7643293970048216,0.4059311885162438,0.4269222333814158,0.5568757484508893,0.2486089684795317,0.4759317088958493,0.5936887666232484,0.247462593668255,31.741371808545058,30.11895675821172,38.13960127662343,6.807926190558164,17.162373578357577,22.998216848738984,1.3991461382490749,15.562902527027656,8.843371622291464,0.1455910132357282,0.6504055720813198,0.126796617556522,0.4668173005930652,0.8066533606634192,0.1975864180384713,0.339836060070354,0.7841793091345548,0.0905832221851731,0.631827460357162,0.8622974210141278,0.118513330169089,0.2304699606569658,0.3886648333637327,0.1401972248318284,0.2285148309813976,0.6035216327792227,0.3453718974988743,0.3750068017978251,0.419923585327038,0.104438204793037,0.2909964207351879,0.572263549521299,0.2446305126014159,0.2812671287861111,0.5644449200418861,0.0935329994490253,0.4277452665619597,0.6738701567759408,0.1679602670958726,0.246124890213981,0.2363070599637381,0.0930189898221244,0.1386857702270008,0.3769522288117789,0.3741578205767053,0.238266458584778,0.4667868810944792,0.1370856846618595,0.3027801790582337,0.6621076927244105,0.2880364600625059,0.3593275136661768,0.5917900188774111,0.1138571193028159,0.4433734984688969,0.744140503942731,0.1917791369885713,0.300767005473834,0.2246330000379788,0.112831373692602,0.1230438401497279,0.4042961703369295,0.4559532494186264,0.2812523301872015
1502,Lalapaşa,Edirne,2022,363.0,3074.8050000000003,515.795,54,517.42,366.69,24.999999999999996,58.78000000000001,0.5048629190021023,12,16.595806451612905,23.74677419354839,10.6865625,745.6100000000001,3999.72,0.5243403800410291,0.6831875083694269,0.3005464236115049,0.3427387691455703,0.4994255078272597,0.1900677114927126,0.3564367979832507,0.5169729732589187,0.1934391480799226,31.741371808545058,30.11895675821172,38.13960127662343,6.807926190558164,17.162373578357577,22.998216848738984,1.3991461382490749,15.562902527027656,8.843371622291464,0.1455910132357282,0.5214826293391588,0.1210026702010968,0.3652120015754593,0.6855287388666906,0.2307712219143383,0.3203167372912313,0.6904482160572598,0.1013270395570833,0.5381090181673304,0.8134872578726601,0.1483151233237884,0.2753782397053297,0.2636215062738831,0.1112022924156065,0.1973249161397186,0.4628473197302838,0.3700003848967768,0.2655224035905652,0.3378939203710511,0.0893358817265626,0.2324379753226612,0.4628577066265398,0.2606529805462984,0.2304197313038785,0.4980063608719633,0.1028129880928246,0.3613301745135723,0.6386899749956675,0.2058625089857953,0.2773598004820951,0.1659803338096162,0.0788647993819137,0.115271331488329,0.3027580645526058,0.4149300202677373,0.1874867330642767,0.3457128926529351,0.1068698150615488,0.2246253033257657,0.5058585535881931,0.2998282322875394,0.2812332502624273,0.5136606327793564,0.1010194335130307,0.3847807501746347,0.6542795600362833,0.1954056376994326,0.2694988098616486,0.1659938064208437,0.0810614086725778,0.123122981274434,0.3105696550757322,0.4190537927673562,0.1874466738012982
1502,Lalapaşa,Edirne,2023,459.0,3464.195,471.25999999999993,60,375.62,154.22,44.18999999999999,35.03,0.376725928760332,10,14.92225806451613,20.90225806451613,10.829340277777778,566.0899999999999,3829.06,0.5726264809646172,0.8093814702626017,0.4235025425893383,0.3891616070744959,0.6218296089190659,0.2668365971447639,0.3835715719896786,0.7066351493564552,0.287368751375489,31.741371808545058,30.11895675821172,38.13960127662343,6.807926190558164,17.162373578357577,22.998216848738984,1.3991461382490749,15.562902527027656,8.843371622291464,0.1455910132357282,0.5761753996837757,0.1340985755829491,0.3925824404081646,0.7480167225386187,0.2341815826558588,0.3554342821304541,0.8466836291852156,0.0997568220613093,0.6572598447609236,0.901358533887669,0.1232506867607724,0.2440986891267453,0.3965094353036577,0.1412884048078389,0.2597911718075366,0.6308127689819981,0.3336187876086576,0.3710215971744615,0.3847586681493188,0.1023654713443461,0.2558619308636921,0.5292838155277415,0.2630410335538333,0.2734218846640494,0.6543310605073085,0.1117575539052391,0.4512116134028697,0.740190829330732,0.1797237576054133,0.2889792159278622,0.2480649056144995,0.0973235367670305,0.1621658429399101,0.4042565523090775,0.3647308420524892,0.2420907093691673,0.376971811702554,0.1179398898923026,0.2363639849841917,0.5449247626730065,0.3074781827039994,0.3085607776888147,0.7246282468237271,0.131898852395866,0.5136515367642029,0.8652184378351525,0.186657644352943,0.3515669010709495,0.2636931114179826,0.1133728043933436,0.1659864018203977,0.4433651567761775,0.3945202943976523,0.2773787549557798
1502,Lalapaşa,Edirne,2024,373.0,3790.515,479.5,47,426.48,250.72000000000003,53.39000000000001,16.7,0.3608323441468224,28,15.285161290322582,21.61225806451613,11.57712802768166,655.75,4102.01,0.5742084226861203,0.7399217373424939,0.271614736246968,0.4008638199594911,0.5578838355514294,0.1739052401257378,0.3829773410911771,0.5811150135160997,0.1940987232208255,31.741371808545058,30.11895675821172,38.13960127662343,6.807926190558164,17.162373578357577,22.998216848738984,1.3991461382490749,15.562902527027656,8.843371622291464,0.1455910132357282,0.5722922118568755,0.1556682271108984,0.3691797924555394,0.7949236558455798,0.2711005637686219,0.4257438633900404,0.7665884119106291,0.1094366199737566,0.5712948301649317,0.862309408582135,0.147902966558071,0.2910145784172033,0.2480508077911742,0.0839340049610841,0.1933797123227889,0.3847579291498559,0.3090185978892046,0.191378216827067,0.3847322352630861,0.1345774067226958,0.2363735732202903,0.599589447632552,0.3357185159196843,0.3632158744122616,0.5722750910707859,0.1133349303185507,0.3926128684538162,0.7011488326291749,0.2031514861987837,0.3085359641753586,0.1582007375339275,0.0608936735626822,0.1152746709893003,0.2519054158312529,0.3501543341572377,0.1366307448419526,0.3652176197592318,0.1448396978770141,0.2050763032169414,0.5879215375635938,0.3781939094995479,0.3828452343466524,0.5878596082770263,0.1226841298834936,0.4121092270770596,0.7401992555465237,0.2111184998322104,0.328090028469464,0.1737818254673254,0.0608561412495958,0.1426344342694793,0.2754126941973391,0.3135318988181079,0.1327782599278598
1505,Lüleburgaz,Kırklareli,2023,358.0,3699.885,479.74,55,360.76,143.29000000000002,36.52,26.11,0.3616234197946414,10,15.21774193548387,21.01806451612903,10.627256944444444,575.88,3779.36,0.6039251907206159,0.8127285692214924,0.5310231013460498,0.4013822071226405,0.6293815275424935,0.3553548352971377,0.38521811679905,0.648446537875442,0.3430829987062535,34.11492213219116,32.22897349477228,33.65619647663782,7.173338516529524,17.3210470061688,26.175529842594493,1.3706492157267551,17.57859396845699,13.749560466588646,0.1390904566365891,0.619148350618291,0.1248684062159477,0.4316605215649162,0.7558702553087161,0.2067613806056876,0.3242097337437999,0.8496316153274254,0.1007491974773511,0.6543060840362924,0.9003679992541012,0.1239641391883863,0.2460619152178087,0.5254051803927522,0.1427828570271173,0.3535226850669559,0.7245954111965816,0.2688825715212539,0.3710727261296256,0.4082036404948251,0.0915922439959607,0.2793070050286879,0.5136490660855041,0.2281920881659189,0.2343420610568162,0.6582205198746892,0.1040135008989606,0.462911908524575,0.7323936693883211,0.1652630341807068,0.269481760863746,0.3495890437597877,0.1103504987800931,0.2207323723887062,0.5058625793158815,0.3105360834272063,0.2851302069271753,0.3808570357837085,0.1218832061704107,0.2324426615269167,0.54490810788074,0.3164005036502252,0.3124654463538232,0.6660397860132307,0.1334822459542373,0.4589702106690432,0.8066438733035648,0.2058492692266906,0.3476736626345216,0.3222681419180952,0.1197633228147892,0.2129072948527715,0.5058532811230808,0.3490797365838877,0.2929459862703093
1511,Malkara,Tekirdağ,2017,450.0,3336.135,530.66,50,462.66,274.64,42.21000000000001,49.260000000000005,0.3936829412334743,18,16.972580645161294,23.67806451612904,11.40204861111111,710.1300000000002,4264.71,0.3921323405818572,0.815684977175592,0.4285596805746158,0.2485207823918489,0.6128208054259234,0.2713107765729071,0.201984157094005,0.6563221277682532,0.2656902415146385,33.91747808728819,28.003146493288614,38.07901968761215,6.793570501276907,24.657952235435477,24.031508558352677,1.3921340844556782,20.88797320227827,14.140645320190757,0.1476392450778232,0.3769448369730582,0.1038126900060104,0.2753921615688495,0.5331744927182788,0.2647389140410357,0.2577823311494293,0.845719643708599,0.0976085829768221,0.6699270133996572,0.912039930271624,0.1196645588776241,0.2421129168719669,0.4179911739528186,0.1398078677851536,0.2539152112455273,0.6210667806096623,0.3262273007056993,0.3671515693641349,0.2363280894682927,0.0723624498337765,0.1660218844796587,0.3456823365842291,0.2911726300606959,0.1796604521045703,0.634779281245599,0.0987308286049164,0.466817705905358,0.7245891299785064,0.1611088065724146,0.2577714240731484,0.2558487519703276,0.1043653842166733,0.1504104689423472,0.4159885574550799,0.3846709870318331,0.2655780885127327,0.1855374119123812,0.0687002493470374,0.134797201203095,0.2909807845774316,0.3401269205240877,0.1561835833743365,0.6699106127443991,0.1197547271968217,0.4863417574787639,0.8027157939842435,0.1824633394641648,0.3163740365054796,0.2441398390771473,0.1163097642104604,0.1308648827962124,0.4238118714436019,0.4377645319128221,0.2929469886473894
1511,Malkara,Tekirdağ,2018,320.0,3736.39,577.965,51,693.7800000000001,441.84,31.62,86.67,0.6198303467901833,11,18.409032258064517,24.60290322580645,10.678993055555557,686.61,4162.33,0.6748411204705675,0.7683411415483582,0.2834376580775621,0.4345728594585411,0.5670060181146549,0.1804506001952245,0.4097058306484343,0.5860543561305597,0.181759721415265,33.91747808728819,28.003146493288614,38.07901968761215,6.793570501276907,24.657952235435477,24.031508558352677,1.3921340844556782,20.88797320227827,14.140645320190757,0.1476392450778232,0.6758050173753964,0.1269204082050272,0.5118158887795184,0.8319816015029323,0.1880745028052313,0.3201657127234139,0.7841743302997244,0.0834804766656239,0.6513466381961147,0.8603610243083692,0.1086502754458708,0.2090143861122545,0.253825081030806,0.0966115300593175,0.1993656205928826,0.4179056244758022,0.3408563657863697,0.2185400038829195,0.425766943523125,0.1136683637226573,0.3008346967973022,0.5819919545123055,0.2615634208364581,0.2811572577150033,0.5761801680171306,0.0845271753304048,0.4511776356330799,0.6698875879415094,0.1490763283456235,0.2187099523084294,0.1620742718229959,0.0689667468449615,0.1192069179408393,0.2714440111347537,0.3821918395968109,0.1522370931939143,0.4101768829953957,0.1296818901397241,0.246175779552159,0.574198083448859,0.316524394916418,0.3280223038966999,0.5918235510974853,0.0983438084727678,0.4551348607502111,0.7089816837841579,0.1678066333677401,0.2538468230339468,0.1581751396669989,0.0730018428303073,0.1192028578884517,0.2753984044324438,0.4016392755330022,0.1561955465439921
1511,Malkara,Tekirdağ,2019,464.0,3566.6900000000005,565.145,61,528.49,348.80999999999995,39.290000000000006,35.23,0.4729455045468005,23,18.003225806451614,24.453225806451613,10.869930555555555,709.0600000000001,4098.429999999999,0.5699195561520541,0.7843876939755782,0.3511701493266714,0.3772542811467466,0.5922407836997584,0.2223570139397019,0.3751169393491708,0.6146066625078801,0.2304301750724403,33.91747808728819,28.003146493288614,38.07901968761215,6.793570501276907,24.657952235435477,24.031508558352677,1.3921340844556782,20.88797320227827,14.140645320190757,0.1476392450778232,0.5663935042150086,0.1327897641874664,0.4023767726930379,0.753845953458418,0.2329973813919068,0.35146918076538,0.8036997818509428,0.0823356229771407,0.6669736070567083,0.8701055600823426,0.1049680197809225,0.2031319530256343,0.3261718660106079,0.1196090283023989,0.2207278113060213,0.52149789630093,0.340601353878556,0.3007700849949087,0.3652117709410171,0.1067402522446351,0.2480621025923102,0.5253888951719894,0.2829398036787678,0.2773267925796792,0.6074281447422846,0.0905130044289075,0.4629208767800941,0.6972461486398737,0.152831427554631,0.2343252718597795,0.1992038990490598,0.0849629602278302,0.1368100557778752,0.3397915626142334,0.3821015524649481,0.2029815068363581,0.3554630169792874,0.1285203650202468,0.230534082162704,0.5507857367052112,0.3426141331906527,0.3202516545425072,0.6230516059512713,0.0968098185206112,0.4824922353409281,0.7323857714558417,0.1575150814759838,0.2498935361149135,0.2011576714330502,0.1004390445956677,0.1308879045082273,0.3729993284555605,0.4358762673512388,0.2421114239473331
1511,Malkara,Tekirdağ,2020,380.0,3771.025,539.81,46,447.02,224.56,65.90999999999998,49.06,0.3854831159663072,16,17.22967741935484,23.79387096774193,11.29453287197232,708.0,4263.72,0.6809862729592625,0.8247471797879609,0.3619417705327623,0.4824533315222733,0.6366696735174328,0.2321230876788783,0.4605864146946841,0.6994116744974562,0.2327349438638132,33.91747808728819,28.003146493288614,38.07901968761215,6.793570501276907,24.657952235435477,24.031508558352677,1.3921340844556782,20.88797320227827,14.140645320190757,0.1476392450778232,0.7011842266498906,0.1318302667485165,0.4902392592040661,0.8379001197922743,0.1935872601009137,0.3476608605882082,0.8613734836795743,0.0950876968588753,0.6777056809934361,0.904234989126706,0.1152931458138748,0.2265293081332698,0.3300601886924831,0.1270756641680825,0.2285346146836425,0.5488449806526401,0.3510942215402017,0.3203103659689975,0.4902279443874816,0.1135058996705282,0.326210585183159,0.6269378151723415,0.2352681435785422,0.3007272299891824,0.6660302297495275,0.0966290581764453,0.4863839511966082,0.7284791987542628,0.1517726730136134,0.2420952475576545,0.2089790127177765,0.0886562255986988,0.1426081248007052,0.361322470732132,0.381936267026341,0.2187143459314268,0.4590157777672117,0.13794198814365,0.2792653357326694,0.6425441932405525,0.2994920903932647,0.3632788575078831,0.7246208369373499,0.1233840377950668,0.5175653396956739,0.8339572492348853,0.1764111785576373,0.3163919095392115,0.2011604031048973,0.1051924635164199,0.130880468483912,0.3847956577628402,0.4519839684150488,0.2539151892789282
1511,Malkara,Tekirdağ,2021,527.0,3615.84,537.045,52,844.54,586.98,87.1,66.47,0.7861021377187215,9,17.15806451612903,23.12225806451613,10.218368055555556,752.45,4190.56,0.6603817687114503,0.8125564404677355,0.5767075735978905,0.4347748394650976,0.6125681567497285,0.3779844388708587,0.4824415163360447,0.6475733370369013,0.3919261495238636,33.91747808728819,28.003146493288614,38.07901968761215,6.793570501276907,24.657952235435477,24.031508558352677,1.3921340844556782,20.88797320227827,14.140645320190757,0.1476392450778232,0.6738288826072698,0.1121331224122644,0.5058712024242601,0.7949000734729508,0.1698004513829338,0.2890288710486907,0.8369195540087903,0.0846908755640339,0.6904544672323043,0.8935435278108502,0.1042276835751655,0.2030890605785459,0.589891874328979,0.1624822533024975,0.3476869762560592,0.7850868361129132,0.281741147057986,0.437399859856854,0.4355388944857556,0.0887503359198346,0.3183784993138264,0.5487936773418944,0.204129420251236,0.230415178028068,0.6308632432255319,0.0915205257664356,0.4785218359743363,0.7128856132991634,0.1494046413578552,0.2343637773248271,0.3710883443863244,0.1305538712179641,0.207065473553484,0.55858261395645,0.3453948305595957,0.351517140402966,0.4785327775694978,0.1234911696682441,0.322298045181709,0.6425865809469353,0.2559712742097974,0.3202885357652263,0.6582017169165997,0.1051329265965732,0.5019506988261881,0.7714561882356606,0.1623490662503641,0.2695054894094725,0.3788907529455956,0.1538692224228457,0.1992328349541807,0.6053768648436904,0.3925974896285325,0.4061440298895096
1511,Malkara,Tekirdağ,2022,398.0,3492.255,552.96,48,536.6600000000001,397.42,22.9,41.01,0.4701828575442435,27,17.649032258064512,25.07967741935484,11.074027777777776,778.39,4231.91,0.5203830047136995,0.7911501299676437,0.3625522592025367,0.3220926199792974,0.6077554250813763,0.2274728482808314,0.3198541564921138,0.6197672448503526,0.2264123163199176,33.91747808728819,28.003146493288614,38.07901968761215,6.793570501276907,24.657952235435477,24.031508558352677,1.3921340844556782,20.88797320227827,14.140645320190757,0.1476392450778232,0.5175640460764912,0.1081296770145036,0.3808984129199006,0.6620916946510741,0.2077886403572953,0.2811932817311735,0.8183763722044309,0.0965680749824802,0.6465006744262835,0.8886560345800509,0.1220603667049004,0.2421553601537674,0.3378735986175409,0.1151270251331874,0.2402451049561871,0.5214484465248206,0.3175460149839329,0.2812033415686334,0.3183587219161558,0.0750234660102534,0.2285360582436682,0.419901564471706,0.2329251319545153,0.1913655062280377,0.63086838464782,0.1064946345426618,0.4511780138714359,0.7284986671179737,0.1752261356258607,0.2773206532465378,0.2089613641074139,0.0819006740635776,0.1465400844213434,0.341784611713371,0.3600459337567418,0.1952445272920276,0.3066463606924035,0.0948881866452377,0.2090020714512009,0.447249752479855,0.2966607896733,0.2382476810286541,0.6308571923514412,0.1075487569026712,0.4668350450923287,0.7480050523428429,0.1735308824341623,0.2811700072505141,0.2011705841394344,0.0886660439139195,0.1426303058801423,0.3495500605010053,0.3916131655516282,0.2069197546208629
1511,Malkara,Tekirdağ,2023,373.0,3853.62,501.69000000000005,51,402.8,191.01,39.33,35.690000000000005,0.371154563104291,13,15.982903225806451,21.903548387096773,10.939965277777778,588.3899999999999,3994.44,0.5874659874500513,0.8480800397415982,0.4041227728086538,0.3894126466089065,0.6709607932629156,0.266073582472258,0.3783520263065385,0.7409482054011961,0.2670877576318217,33.91747808728819,28.003146493288614,38.07901968761215,6.793570501276907,24.657952235435477,24.031508558352677,1.3921340844556782,20.88797320227827,14.140645320190757,0.1476392450778232,0.5995833398294855,0.1392242367157446,0.3925913373668139,0.7597599939953097,0.2369911444917175,0.3671686566284957,0.8847960160975099,0.0918447255971929,0.7089865037632882,0.9198613213196348,0.1082972376347604,0.2108748175563467,0.3808228552426644,0.1542729254301821,0.2207139106404335,0.6230560880661039,0.3817476663291829,0.4023421774256703,0.3925957651736422,0.101872514807978,0.2519354998976432,0.5214764384100132,0.2616055633917052,0.26954093851237,0.7050927015065136,0.103634896143196,0.5058512041426807,0.7675360652895596,0.1544574544202715,0.2616848611468789,0.2441215220278584,0.1163210397004585,0.1347722433014085,0.4277121285972508,0.4371762074973628,0.2929398852958422,0.3730372627805106,0.1231431533331947,0.2207129313391394,0.5409997107477115,0.3254724298302683,0.320286779408572,0.7676054183384796,0.1260207689099699,0.556632010214668,0.8808207637563031,0.1700804023700068,0.3241887535416351,0.2402191480324428,0.1327627295004184,0.1230663571951367,0.4550946954659353,0.4970753084214019,0.3320283382707986
1511,Malkara,Tekirdağ,2024,438.0,4213.055,521.84,44,477.18,352.87,29.52,3.79,0.3731977185166991,29,16.66032258064516,23.3483870967742,11.34871972318339,701.1700000000001,4311.64,0.5705817253869063,0.7957407286745389,0.2881456795032557,0.3704303986383446,0.6151226864630323,0.1867382287956888,0.3715395237441587,0.6270775263062475,0.2015642454743975,33.91747808728819,28.003146493288614,38.07901968761215,6.793570501276907,24.657952235435477,24.031508558352677,1.3921340844556782,20.88797320227827,14.140645320190757,0.1476392450778232,0.5839808587388786,0.155080693829084,0.3496029403888835,0.7675422796384316,0.271794007640054,0.417939339249548,0.8271471246343819,0.0978695961864745,0.6474573982207964,0.889640438473645,0.1229918146196882,0.2421830402528486,0.2558325289783474,0.0957191053095332,0.2051034218755756,0.4238423095379195,0.3321899723589355,0.2187388876623439,0.3691295604188772,0.1173398166804828,0.2168105628961276,0.5292831995481273,0.3167661647419033,0.3124726366519996,0.6386588668067686,0.1066674379876467,0.4511598397726689,0.7324107919884948,0.173408395325145,0.2812509522158259,0.1659930200626576,0.0679838082316877,0.1231069227031557,0.2792623766031209,0.3640594037446351,0.1561554538999651,0.3652394257694062,0.1387245977683468,0.1933533580530352,0.5605573841829694,0.373377767109031,0.3672040261299341,0.642560244120617,0.1161742736786511,0.4629111797375698,0.7636617583736347,0.1852630158235249,0.3007505786360649,0.1777101923789931,0.0748147784088859,0.1387252773449564,0.3066427651759299,0.3711708801965515,0.1679174878309734
1523,Meriç,Edirne,2017,311.0,3523.275,559.8449999999999,58,448.77,262.08,43.07000000000001,48.38,0.4117334125277874,18,17.89064516129032,24.09129032258065,10.441388888888888,684.0300000000001,4037.23,0.3895271169981907,0.7866755681246432,0.41729937544039,0.2477064625538828,0.5780073973841938,0.2600801643676735,0.2213097534401635,0.6214825069630674,0.2614143920099038,34.144789745443035,31.43514970645566,34.42032445790459,7.084753858454005,23.68638970582346,24.76322785862835,1.3971697113292485,18.316879552947206,13.95007375309777,0.1423167742925607,0.3730415188015635,0.1016304549738591,0.2715321823591461,0.5331806426267279,0.2609072656020791,0.2616484602675817,0.814452617706136,0.1110026988145825,0.6151223396898089,0.90819029065774,0.1411035289670963,0.293067950967931,0.4043150854585902,0.1233669087622979,0.2636830150168384,0.5878854792262388,0.2956316640352138,0.3242024642094004,0.2362658848274502,0.0729362824989637,0.1621305839895444,0.3496455374974586,0.2944464256078833,0.1875149535079141,0.5995591240620267,0.114114122085392,0.4043015423357595,0.7128944684484732,0.1974267502489105,0.3085929261127136,0.2519375575576658,0.0866647609910555,0.1543356792090703,0.3769177655279175,0.3332232629188058,0.2225820863188472,0.2090033157748925,0.0679261122891427,0.1465313459077828,0.3144495291312588,0.3069277843983872,0.1679181832234759,0.6308819232315162,0.1206197087511824,0.4512100126439822,0.7714714163146936,0.1940838356667543,0.3202614036707114,0.2402116298801438,0.1038929418927227,0.1465167748707358,0.4042754278875347,0.3974262514543831,0.2577586530167989
1523,Meriç,Edirne,2018,324.0,3931.005,609.7049999999999,53,689.11,434.96,30.710000000000004,89.78999999999999,0.6589782268813241,16,19.50258064516129,25.34548387096774,9.6634375,701.0600000000002,3943.71,0.6399658115664318,0.6787631912942826,0.2879138023554987,0.3975149370596429,0.470003262923753,0.1781033787204996,0.4165517260087189,0.4995821209656337,0.1911564431973144,34.144789745443035,31.43514970645566,34.42032445790459,7.084753858454005,23.68638970582346,24.76322785862835,1.3971697113292485,18.316879552947206,13.95007375309777,0.1423167742925607,0.644504167088189,0.1245202105425685,0.4726906588098798,0.8007847389800198,0.1945732229629311,0.3280940801701399,0.6864994746990644,0.089066182094781,0.5537039878596542,0.7900366367924953,0.1312183442430745,0.236332648932841,0.2714634595562299,0.0760761626414787,0.2129571916529621,0.3887290236961782,0.2642324265772588,0.1757718320432161,0.3944074993342994,0.1029590054456134,0.2695816370034242,0.5350615017853548,0.259006633076949,0.2654798647819306,0.4706680906858041,0.0809649006392087,0.3613505170596972,0.5722014208254805,0.1722645501130136,0.2108509037657833,0.166000759311457,0.053143602683346,0.1230685186153527,0.2481081683643569,0.2983862690597526,0.1250396497490042,0.4100850754138022,0.1110343184223221,0.2774407526738238,0.5663529931893924,0.2665558956776427,0.2889122405155686,0.4980485562449084,0.0858152365169445,0.3887240117360225,0.6113252467046613,0.1717740345692791,0.2226012349686387,0.1777174425779712,0.0523180883416525,0.1387407276672327,0.2597827342564935,0.2736925183717141,0.1210420065892608
1523,Meriç,Edirne,2019,350.0,3761.485,588.9049999999999,61,531.57,348.48,38.67,37.610000000000014,0.5103075125632616,24,18.717741935483875,24.72,9.910381944444444,673.7900000000001,3915.13,0.4656336468678137,0.7472624129967632,0.4098240496528125,0.2966907940799791,0.5438967621688476,0.2609296821349368,0.3008188810001195,0.5582029304814665,0.2716607700495779,34.144789745443035,31.43514970645566,34.42032445790459,7.084753858454005,23.68638970582346,24.76322785862835,1.3971697113292485,18.316879552947206,13.95007375309777,0.1423167742925607,0.4570485063403342,0.1061989504076492,0.3320926530607492,0.6053673591243348,0.2280740473159955,0.2732747060635855,0.7744204043775706,0.1017524108904258,0.5928256248664178,0.858410189267531,0.1361669061907796,0.2655845644011132,0.3925103534869732,0.1186480593935296,0.2715162429545677,0.5800434262499489,0.2895097530124057,0.3085271832953811,0.2929384514537465,0.0765010520266503,0.2071703675543542,0.3944443073364137,0.2578477443625296,0.1872739397820594,0.564479324577179,0.1128960474951975,0.3769290628063249,0.677746206328986,0.2075688905464563,0.300817143522661,0.2480467740576704,0.0824336128120407,0.1660495585325519,0.3769519274202723,0.3159227119642567,0.2109023688877204,0.2871067721032829,0.0917653294792135,0.1973172078484489,0.4238610341836704,0.305051761292793,0.2265438263352215,0.5644434311747094,0.1043707683905632,0.4120597624877447,0.6894692659348886,0.1869763892148334,0.2774095034471438,0.2479878553804865,0.0981598299799868,0.1660183309561243,0.4120379025402199,0.3613323703752762,0.2460195715840955
1523,Meriç,Edirne,2020,361.0,3953.715,563.4350000000001,50,461.35,236.51,63.40999999999999,49.96,0.430333081826887,15,17.976129032258065,23.973548387096773,10.223771626297578,647.6200000000001,4062.52,0.6786616463012628,0.7860080514909629,0.332127537548312,0.4889223011931591,0.5905972209901932,0.2084290454375328,0.485542718915912,0.6388565353765602,0.2038920596835932,34.144789745443035,31.43514970645566,34.42032445790459,7.084753858454005,23.68638970582346,24.76322785862835,1.3971697113292485,18.316879552947206,13.95007375309777,0.1423167742925607,0.7011497404562217,0.1446343559236623,0.4668021361573706,0.8535071089128274,0.2131170321940634,0.3867049727554568,0.831054178433802,0.121342036019641,0.590890498578041,0.9052874283076792,0.1543775992999941,0.3143969297296383,0.2948934465514978,0.1168036325976122,0.2207937693465823,0.5058840713161092,0.3516830716893558,0.2850903019695269,0.4980341799981719,0.1331566712856668,0.3027403514563513,0.6582073015221767,0.2723473054117458,0.3554669500658253,0.6269727249048132,0.1293509668584199,0.3886681543259966,0.7324071216008008,0.2190172291050584,0.3437389672748041,0.1816125571372145,0.0801366949688566,0.1348409033866935,0.3223470319641961,0.3844794990095272,0.1875061285775026,0.4941793829006576,0.1419405252915512,0.2910036542115303,0.6659687355269871,0.2923337530598064,0.3749650813154567,0.666060931450901,0.1389759651307519,0.4276969240861573,0.7987617510265352,0.2175386138123101,0.3710648269403779,0.169892669457364,0.0905406371853744,0.1231050949827811,0.3379158495586468,0.4440616143947857,0.2148107545758656
1523,Meriç,Edirne,2021,460.0,3814.98,561.755,44,858.53,602.4,86.47999999999999,66.69999999999999,0.8820977360148436,9,17.941290322580645,23.50064516129032,9.2275,695.1699999999998,3892.06,0.6005248730610458,0.7555954825529266,0.3967724264396193,0.3898568175563286,0.5495377485752824,0.2406659321906256,0.4372819875608113,0.5821784875904018,0.2396386563124683,34.144789745443035,31.43514970645566,34.42032445790459,7.084753858454005,23.68638970582346,24.76322785862835,1.3971697113292485,18.316879552947206,13.95007375309777,0.1423167742925607,0.6133298957060112,0.1395335168425683,0.4102155184081302,0.7773403948453733,0.2323526020351602,0.367124876437243,0.7802746318044131,0.102232338892693,0.5986066246697296,0.8661894373827508,0.1353003574707476,0.2675828127130212,0.3769557184384721,0.1171670543599181,0.2636540239986156,0.5604770865352164,0.295300395270155,0.2968230625366008,0.3866928954781842,0.1073915354066042,0.2538952113112273,0.5273092041288859,0.2754640436449151,0.2734139928176586,0.5645018096428643,0.1040457852786055,0.3964949514126182,0.6777087451177324,0.1893332815595507,0.2812137937051141,0.2245960992479012,0.08153352805925,0.1504005619292382,0.3535607693567081,0.3387830064567234,0.2031602074274698,0.4355527950012952,0.1256724333893,0.2715800425316808,0.603482378990383,0.2873944890579862,0.3319023364587022,0.5917822401952939,0.1042411466139872,0.4355420273648652,0.7128726641925657,0.1790535872347919,0.2773306368277004,0.2167843882814757,0.0937179310806374,0.1425956861013217,0.369121405087971,0.3910801893265387,0.2265257189866493
1523,Meriç,Edirne,2022,407.0,3695.17,588.595,52,550.11,409.68,22.85,43.48,0.5155088361885737,28,18.876451612903224,25.89612903225807,10.1096875,745.6100000000001,3999.72,0.5059962183987563,0.7379306631710311,0.3282990729974469,0.3184792102017924,0.549054596005052,0.2081160278863706,0.3372929318934922,0.5717089358056238,0.2074958773133881,34.144789745443035,31.43514970645566,34.42032445790459,7.084753858454005,23.68638970582346,24.76322785862835,1.3971697113292485,18.316879552947206,13.95007375309777,0.1423167742925607,0.5058808776794762,0.1195805637413957,0.3496515130799332,0.6621652401892106,0.2363269909799185,0.3125137271092774,0.7587908049584591,0.1035371885783064,0.5810358666007632,0.8564399950359771,0.1403074756825893,0.2754041284352139,0.2948707333365857,0.1105751824427715,0.2246339720046045,0.4940718164561326,0.3368123504985694,0.2694378444515281,0.3144364459531292,0.0841646385060897,0.2168603781619105,0.4276694251888243,0.2642704321351525,0.2108090470269138,0.5605629051299641,0.1111436105572519,0.3886054192472563,0.6855516043518468,0.2024272474284675,0.2969461851045905,0.1855417722789747,0.0779017555378966,0.1348336562479161,0.3183375397851347,0.3743188659185357,0.1835038835372185,0.330070955509751,0.0967306149965226,0.2206808102994316,0.4706535499800754,0.2867851824036073,0.2499727396806438,0.5800750482546918,0.0974162785770782,0.431594391239665,0.69334607300963,0.1703948853620839,0.261751681769965,0.1776964651996972,0.0877274636672009,0.1309215437267046,0.3300429875575335,0.4227913576070869,0.1991214438308288
1523,Meriç,Edirne,2023,510.0,4035.27,532.8149999999999,50,417.05,208.13,39.03999999999999,36.14,0.4086493395877434,13,17.042580645161287,22.671612903225807,9.9821875,566.0899999999999,3829.06,0.522971830257857,0.7956778002874187,0.3803320086901299,0.3404465942750621,0.6069182881312271,0.2411439701868867,0.3557792130805229,0.6705324935860449,0.245956595704046,34.144789745443035,31.43514970645566,34.42032445790459,7.084753858454005,23.68638970582346,24.76322785862835,1.3971697113292485,18.316879552947206,13.95007375309777,0.1423167742925607,0.5195386270707536,0.1417079275791862,0.3320580875242833,0.7147488590457739,0.2709666551433862,0.3826907715214906,0.8369245658520947,0.1124271265438191,0.614234347874371,0.9033031758757596,0.141297302128082,0.2890688280013884,0.3534891714868862,0.1204582964206633,0.2480563551292453,0.556675949569259,0.3167187974410142,0.3086195944400137,0.3378630699859304,0.1003769091064912,0.2128759522731647,0.4746044722613077,0.2948389286144311,0.261728519988143,0.6465159935754571,0.124864161512398,0.412145901458902,0.7402161464905722,0.2057347157833545,0.3280702450316701,0.2246294347205134,0.0828625988557599,0.1543126744161139,0.3573804876382882,0.3436229352595522,0.2030678132221742,0.3495808214248732,0.1163364960611599,0.2089753175540371,0.5136032250637268,0.3269907059882943,0.3046279075096897,0.6973087106907365,0.138269784821801,0.4629420166318003,0.8300406623174742,0.2062089252115531,0.3670986456856738,0.2206712690450951,0.0987148633118372,0.1465088933963493,0.3847217377281106,0.4013507465789555,0.2382128443317613
1523,Meriç,Edirne,2024,380.0,4426.675,556.0949999999998,43,466.15,341.96000000000004,30.51,4.119999999999999,0.3884256817085138,30,17.804516129032255,24.09709677419355,10.388546712802768,655.75,4102.01,0.6798638451948967,0.7610527496994056,0.2880211552033275,0.4891411398600638,0.5751989409076543,0.1844952494463678,0.4837040665530668,0.6175420105876201,0.1959787919953166,34.144789745443035,31.43514970645566,34.42032445790459,7.084753858454005,23.68638970582346,24.76322785862835,1.3971697113292485,18.316879552947206,13.95007375309777,0.1423167742925607,0.7070946732918737,0.1683544332946738,0.4336515098842587,0.8865964218843906,0.2476296312630239,0.4529449120001318,0.7978543441803243,0.1141188569892849,0.5771336337237906,0.8779287662345576,0.1499486823145422,0.300795132510767,0.2519056569605286,0.1050732226457455,0.1933690948163428,0.4433136330860088,0.3648107812482368,0.2499445382696659,0.4960706971975364,0.1568125039407666,0.277396953284128,0.6992629477647325,0.3205874361449712,0.4218659944806044,0.5996570183270296,0.1216834826167976,0.388640014436319,0.7167523019264211,0.2115502549861846,0.3281122874901021,0.1581928522750229,0.0742299586600068,0.1152775434715168,0.2909976827357833,0.4023407588149594,0.1757201392642664,0.4804186301463013,0.1651066367303498,0.2616848235331095,0.7069947743878668,0.3413381200346722,0.4453099508547573,0.634794742392117,0.1377178217318816,0.4161333523400286,0.7870895779612551,0.2230096404305136,0.3709562256212265,0.1659748139577657,0.0770873424809001,0.1309589651083279,0.3026811413154476,0.393345329339219,0.1717221762071197
1538,Muratlı,Tekirdağ,2017,496.0,3444.4750000000004,519.705,65,535.49,357.32000000000005,28.89,45.42999999999999,0.5494985196144898,10,16.690967741935488,21.734193548387097,8.684548611111111,696.88,4022.21,0.5501881972607006,0.8448342685246051,0.4829152704738292,0.3662760065796427,0.6510426572109086,0.3091110244310427,0.3176226299941986,0.7243744383324963,0.3163148149682386,34.68330571744988,27.40652491055333,37.909628149444906,7.108075298241535,24.37149782912748,25.69511985173187,1.3649722748051392,20.601521898903037,13.589605230972431,0.146815630252228,0.5507280808866185,0.1221669115312999,0.3867872561629879,0.7070387387235889,0.222045678441576,0.320251482560601,0.8769808211017956,0.0841463314972846,0.716765204804589,0.915962231107304,0.0996009923274483,0.1991970263027148,0.482450113015216,0.1358225451648139,0.3145061783131143,0.6582309294690233,0.2812554364486069,0.3437247511559089,0.365247381981519,0.0919442294220335,0.2480451333447837,0.4824010533149029,0.25102443995889,0.2343559199701191,0.6738461400581557,0.0880369001960916,0.5215514308199131,0.7402158173343161,0.1352244729604126,0.218664386514403,0.3105660041012111,0.1018814829882845,0.1816728959979661,0.4355392863258448,0.329595112875091,0.2538663903278786,0.3027407247820485,0.1071750321565462,0.1933432355621493,0.4550282261759763,0.3374288291690795,0.261684990613827,0.744111731905068,0.1181357156651884,0.552753159740068,0.857385555277046,0.1630865328946945,0.3046323955369779,0.3105701321386834,0.1273874122578233,0.1582206588687114,0.4745903946434976,0.4027235090794417,0.3163697357747862
1538,Muratlı,Tekirdağ,2018,381.0,3889.63,576.5649999999999,54,693.3799999999999,450.12,38.52,83.98,0.7380063893221427,2,18.40322580645161,23.19,8.399687499999999,674.3399999999999,3904.03,0.8028712466177965,0.7949390146171184,0.2532895483435183,0.5611650285772746,0.5948352070721975,0.1610280596660568,0.5458861795353506,0.6300436441998913,0.1544296441763786,34.68330571744988,27.40652491055333,37.909628149444906,7.108075298241535,24.37149782912748,25.69511985173187,1.3649722748051392,20.601521898903037,13.589605230972431,0.146815630252228,0.8242331206720868,0.1044707690396788,0.6523776922321193,0.9178953853663274,0.1301214478408288,0.2655176931342081,0.809591347754998,0.0741700597743239,0.6923797917181134,0.8759575626929704,0.0933028300416829,0.183577770974857,0.2363135774879123,0.0717798503577262,0.1895136024357197,0.3417739510683057,0.2833904945038493,0.152260348632586,0.5742577042193729,0.1045491694191731,0.4179230295747407,0.6834766269757767,0.1863073500574996,0.265553597401036,0.6035212576077303,0.0774469089707869,0.4902450963631725,0.6894119763130301,0.1301989324942343,0.1991668799498576,0.1503859657463129,0.0508772479803838,0.1152877310960551,0.220741982251416,0.3159526860467304,0.1054542511553609,0.5507861151814064,0.1328751076695598,0.3710657488494667,0.7147711172869301,0.2434117452518416,0.3437053684374634,0.6348165444876411,0.0968790587448201,0.4980789845816203,0.7519470510745062,0.1537656313759809,0.2538680664928859,0.1386409982690057,0.055695143296616,0.1074994554290359,0.2206726672755798,0.36065059654612,0.1131732118465439
1538,Muratlı,Tekirdağ,2019,494.0,3695.905,566.9650000000001,66,537.84,379.59,40.370000000000005,21.8,0.5843458230059949,14,18.18129032258064,23.116774193548384,8.343715277777777,660.11,3843.55,0.7036935028700696,0.8045000762691707,0.3880019132703199,0.5126101328771091,0.6100365514470794,0.2424208470473977,0.5125021792450271,0.6478768568763936,0.2679915387694007,34.68330571744988,27.40652491055333,37.909628149444906,7.108075298241535,24.37149782912748,25.69511985173187,1.3649722748051392,20.601521898903037,13.589605230972431,0.146815630252228,0.732415706218186,0.1401688453200217,0.5019434843005949,0.8613382401659314,0.1991901939528104,0.3593947558653365,0.8271531466791529,0.0824297081882741,0.6845737059965935,0.8818235782923304,0.1024607835595712,0.1972498722957368,0.3730420679219884,0.1258126870345823,0.2363877133511741,0.560562822052686,0.3242579037153585,0.3241751087015119,0.525389067682883,0.1276373311194512,0.3340077719838273,0.6738048189600521,0.2489949435901035,0.3397970469762247,0.6308735687481899,0.0972887151059264,0.4706710468805958,0.7207199713712833,0.1594801407803286,0.2500489244906875,0.2246348259871457,0.0919483212952647,0.1426136730833674,0.3691409621007288,0.3792921376819016,0.2265272890173613,0.5097874796691355,0.162544632271604,0.298844884227959,0.7284910689002562,0.3171589094724444,0.4296461846722971,0.6621027210773556,0.1040296795913731,0.5019535768280599,0.7636704431065793,0.1605701430560909,0.2617168662785194,0.2441449989961087,0.1078463306726676,0.1503843705375784,0.4159533087402522,0.4024243868589689,0.2655689382026737
1538,Muratlı,Tekirdağ,2020,446.0,3929.29,540.555,50,461.77,224.69,84.86999999999999,60.78,0.4697044771942579,6,17.358387096774194,22.42354838709677,8.739307958477507,655.2299999999999,4067.94,0.7371727079552635,0.8281878060246265,0.3969796782894056,0.5305723966779999,0.6359197420502024,0.2389742245325185,0.5388435036207152,0.7251861181003006,0.2549665383159664,34.68330571744988,27.40652491055333,37.909628149444906,7.108075298241535,24.37149782912748,25.69511985173187,1.3649722748051392,20.601521898903037,13.589605230972431,0.146815630252228,0.7675897891286921,0.1198937142115577,0.5605673911644405,0.8652043227339252,0.1626399253766645,0.3046369315694847,0.8603801354773061,0.0885813497608863,0.7001999451718757,0.9052582400458524,0.1069580463712506,0.2050582948739766,0.3691500136406941,0.1435187043282605,0.2285150689487517,0.6073949957991903,0.3615265772461852,0.3788799268504386,0.5488141265711293,0.1047261576539378,0.3808721064108968,0.6503335869901018,0.1973833510933576,0.269461480579205,0.662142999963986,0.0897491335367719,0.5059288109705954,0.7245780376312333,0.141132799631949,0.2186492266606379,0.2207143109554065,0.0950310535520399,0.1308987290480143,0.3730003123451226,0.3976623576786982,0.2421015832971082,0.5488372656175656,0.14972955466797,0.3300689890301641,0.7285146899842797,0.2778720605553829,0.3984457009541156,0.7519543411157221,0.1244423493321477,0.5371291483432408,0.8574011199263146,0.1716005673938398,0.3202719715830738,0.2206774811984493,0.1308812910841541,0.119139788555864,0.4394124476385075,0.513327325023176,0.3202726590826434
1538,Muratlı,Tekirdağ,2021,589.0,3818.0,544.74,39,644.16,399.12,69.66,56.11,0.725921769251223,8,17.46903225806452,22.21129032258065,8.008993055555555,680.8100000000001,3826.01,0.7233871765968688,0.8343189398348229,0.6259572629915744,0.4888070561080146,0.6389021009189152,0.4195398993841593,0.5745814364895008,0.6893749888846509,0.439019937828284,34.68330571744988,27.40652491055333,37.909628149444906,7.108075298241535,24.37149782912748,25.69511985173187,1.3649722748051392,20.601521898903037,13.589605230972431,0.146815630252228,0.7480326412557363,0.1030236943293722,0.5761538224495374,0.8300901110217591,0.1424184691993587,0.2539362885722217,0.8574207553029334,0.0793453271012729,0.720721934079179,0.9042467460871576,0.0951019128452023,0.1835248120079787,0.6464904450600055,0.1603006573855153,0.4043643688946793,0.82227052371208,0.2560888208556069,0.4179061548174006,0.4980537380046828,0.0878214149069108,0.3691507608791586,0.5956854406291007,0.1796647855416891,0.226534679749942,0.6582118613372491,0.0847834316161615,0.5136560033055251,0.7284711307249571,0.1327017574276558,0.2148151274194319,0.4179854338537278,0.1318153075163076,0.2461495295499908,0.597616524405788,0.3141901585756174,0.3514669948557972,0.5800734576820944,0.129077508050235,0.4004043016126572,0.7402586064707621,0.2246461508378258,0.3398543048581049,0.7050903831645501,0.1102871074696553,0.533204688680667,0.814457860867388,0.159981300812915,0.2812531721867211,0.4316690773148927,0.1685054667491073,0.2246455274940036,0.6698594719515634,0.3838219001684969,0.4452139444575597
1538,Muratlı,Tekirdağ,2022,477.0,3608.46,550.65,50,487.48,339.54,19.1,32.1,0.5113887740971701,10,17.546774193548384,23.60354838709678,8.661701388888888,762.4200000000001,3943.88,0.5878039020967218,0.8272511371462077,0.3709208076314983,0.3838669195218458,0.6491636650213777,0.2272777840470475,0.3777483508092377,0.6743888283994963,0.2146764307509907,34.68330571744988,27.40652491055333,37.909628149444906,7.108075298241535,24.37149782912748,25.69511985173187,1.3649722748051392,20.601521898903037,13.589605230972431,0.146815630252228,0.5976513147879682,0.1235201942409094,0.4180182173337965,0.7460346865590004,0.210138438687303,0.3280164692252038,0.8574145824906293,0.0892582336064277,0.6855987528435487,0.9042438684933488,0.1078973839967685,0.2186451156498,0.3417741669448575,0.1269865224778826,0.2363468902891465,0.5566821918728504,0.3423548096121934,0.3203353015837038,0.3808589339166581,0.0946401841674097,0.2597658107957248,0.5097366006396797,0.2465442562367602,0.2499707898439549,0.6816907565508841,0.1002300054292548,0.4980518717239769,0.7480017044673072,0.1543986683634768,0.2499498327433302,0.2050448331724226,0.0877770347188356,0.1387175336887059,0.3535433121254379,0.3862103596569093,0.2148257784367319,0.3652349034118998,0.1147025493854997,0.2363343392426198,0.5331795136273532,0.3036480480716231,0.2968451743847333,0.6933702261031894,0.1082144945854388,0.5175834408677096,0.7948712844060328,0.1604630593336792,0.2772878435383232,0.1816305020148181,0.0973825933867452,0.1269737930338579,0.3574497372796146,0.4536249882955346,0.2304759442457566
1538,Muratlı,Tekirdağ,2023,336.0,3967.485,497.89,47,361.31,143.14,35.46,27.91,0.3936481887557017,6,15.881612903225806,20.64645161290322,8.55875,575.88,3779.36,0.6184799259108787,0.823896456997703,0.4670931495950662,0.4155978120776511,0.6524091867543891,0.3132842248602617,0.3870692611442804,0.6723022967749839,0.3072336603180313,34.68330571744988,27.40652491055333,37.909628149444906,7.108075298241535,24.37149782912748,25.69511985173187,1.3649722748051392,20.601521898903037,13.589605230972431,0.146815630252228,0.6347858750105501,0.121505058496814,0.4472257726074007,0.7597633894024614,0.1964575621720705,0.3125376167950606,0.8623237122404898,0.0989024930904194,0.6670281891419662,0.9033032593317823,0.1200423818434932,0.2362750701898162,0.4550785054535602,0.134474276381341,0.3066643414898511,0.650388289974342,0.2878960577733154,0.3437239484844908,0.4238304184530615,0.0904502376230149,0.2910340721472298,0.5253928378599949,0.2176388686235794,0.2343587657127651,0.6894799708310896,0.1045720062885166,0.4824324383747566,0.7479855362578655,0.1602859193457135,0.2655530978831088,0.30662890010113,0.1018544190589451,0.1895013751443808,0.4511613869039518,0.3251182503823057,0.261660011759571,0.3847616736054078,0.1165290382321338,0.2402830939842707,0.5371318023074019,0.301054746346023,0.2968487083231311,0.6933967043007505,0.1319883847311323,0.4785156104475077,0.8222172848042475,0.1963229716219579,0.3437016743567397,0.2871060700487736,0.1198811408453718,0.181654075088069,0.4590019589328813,0.3901953344606755,0.2773478838448122
1538,Muratlı,Tekirdağ,2024,446.0,4276.360000000001,512.235,48,542.39,395.52,31.230000000000008,4.199999999999999,0.5123006590920146,24,16.412903225806453,21.41258064516129,8.750588235294117,673.8800000000001,4062.81,0.6687549494359637,0.8156314269099807,0.2820940996162522,0.4402327165051751,0.63767113440205,0.1818234615497411,0.4524992805232271,0.6509724071298376,0.1935854042875903,34.68330571744988,27.40652491055333,37.909628149444906,7.108075298241535,24.37149782912748,25.69511985173187,1.3649722748051392,20.601521898903037,13.589605230972431,0.146815630252228,0.6914067353966982,0.1357523123882946,0.4726774587388319,0.8241343141031352,0.2029926096289677,0.3514568553643032,0.8466857366716497,0.0935619000900785,0.6787627540471654,0.8954860370312128,0.1147110042639452,0.2167232829840474,0.2558279537652634,0.0875822404694988,0.2051189215471832,0.4081941534495223,0.3104717205664409,0.2030752319023391,0.4492237422933006,0.1067642287097885,0.292956022156665,0.5741357437843513,0.242517706447048,0.2811797216276863,0.6621115461736294,0.099727011078986,0.4863684195001742,0.7441132167315465,0.1563925442108978,0.2577447972313723,0.1659852288629656,0.0613430766613448,0.1270116260899605,0.2675514953117904,0.3373771247038068,0.1405398692218299,0.4570479491631569,0.1376611356415578,0.2617799390795451,0.6289154921496777,0.304223987897571,0.3671355530701325,0.6699468873796077,0.1208757874522148,0.4785272524104844,0.7871113431476338,0.185684963184785,0.3085840907371493,0.1738143542438975,0.0676595931176111,0.1308992807356787,0.2910134375926215,0.3495077191723406,0.1601141568569427
1572,Pehlivanköy,Kırklareli,2017,458.0,3272.91,530.49,46,483.79,257.82,47.9,57.77,0.4332781016967745,16,16.99,23.63225806451613,11.577569444444444,696.88,4022.21,0.4609039868766212,0.8175587680271919,0.4234389506679236,0.296096164937232,0.6114023173984896,0.2672586193582321,0.2806952751601165,0.6704778345440953,0.2653646523251179,31.5809515897331,32.7773920040747,35.64192235051983,7.082665070074492,16.819775571641976,24.04692452733954,1.3863534803352038,17.867835708535637,13.143221079426146,0.1417166740317719,0.4550564266931666,0.1179815873074923,0.3106664615338416,0.6191633436088004,0.2559786651163742,0.3084968820749588,0.8418094770057347,0.0919197508809009,0.6815396813396355,0.912081806698608,0.1124319797862453,0.2305421253589724,0.4082061424764593,0.129163229228484,0.2675652052992974,0.6034515512225831,0.3050338874700701,0.3358863459232856,0.2910307815289309,0.0887886567589682,0.1817006732970117,0.4160599437325255,0.2998642578764576,0.2343592704355137,0.6268631771635995,0.0980744564454793,0.4705649592016638,0.728528655284908,0.1604090361691547,0.2579636960832441,0.2558905146804914,0.0939111492755109,0.1544203511467275,0.3964321538670879,0.3513867934400758,0.2420118027203603,0.2675912244488432,0.0900008848229633,0.1777545148062608,0.4041973555980047,0.3206355531692662,0.2264428407917438,0.6815470051520532,0.1056287138255333,0.5254526801313042,0.7987709995552511,0.1575424397099684,0.2733183194239469,0.2441268308842455,0.1073620596849357,0.1465378929406826,0.4119833497165414,0.4045831226737706,0.2654454567758588
1572,Pehlivanköy,Kırklareli,2018,343.0,3645.125,575.925,60,758.1700000000001,454.41,35.48000000000001,107.69,0.7224146068705211,12,18.41064516129032,24.698387096774194,10.704583333333334,674.3399999999999,3904.03,0.702243503900185,0.733762226831163,0.2819836604965287,0.4534695087237282,0.5287349285319246,0.1765638468878112,0.4703759784786476,0.5464929012509,0.1702116459176677,31.5809515897331,32.7773920040747,35.64192235051983,7.082665070074492,16.819775571641976,24.04692452733954,1.3863534803352038,17.867835708535637,13.143221079426146,0.1417166740317719,0.7148905939161956,0.111474507802131,0.5511496553286496,0.8397442652026379,0.1587405325688505,0.2885946098739883,0.739337493465715,0.0746370394985954,0.6338057852312804,0.8271576879702377,0.1017182907069558,0.1933519027389573,0.2636742965072999,0.0782438115283297,0.2012160486445274,0.3886721121253066,0.2774764019679536,0.1874560634807792,0.455013819889326,0.0982454328994902,0.3262435354771547,0.5799595360459783,0.2166527870330204,0.2537160005688236,0.5283064950473283,0.0738259438159848,0.434670400717423,0.6259907403503062,0.1396275143406328,0.1913203396328832,0.16211101318826,0.0562170496804178,0.119261819736102,0.2519786099821215,0.3183950206756549,0.1327167902460194,0.4667717635728426,0.1052405635830788,0.3377075283554256,0.607532038683408,0.2237371132842749,0.2698245103279824,0.5449161518531129,0.0814925460257659,0.44336835996866,0.6542846599446236,0.1491191300732962,0.2109162999759636,0.1542694187991325,0.0540457402219853,0.1192171488276269,0.2401155163275121,0.31752081316532,0.1208983674998852
1572,Pehlivanköy,Kırklareli,2019,456.0,3559.9700000000003,574.69,61,496.35,317.1700000000001,51.56,35.63999999999999,0.4631700753380257,26,18.274516129032257,25.027419354838703,11.310555555555554,660.11,3843.55,0.5373873228366861,0.7481335914968854,0.3557608775367807,0.3553028443856391,0.5500453678788058,0.2290923143342464,0.3772259994145197,0.5653663926263033,0.2336614111573025,31.5809515897331,32.7773920040747,35.64192235051983,7.082665070074492,16.819775571641976,24.04692452733954,1.3863534803352038,17.867835708535637,13.143221079426146,0.1417166740317719,0.5331918380948867,0.1287658017286274,0.3730492856360711,0.709039332509945,0.2396145131390824,0.3359900468738739,0.7724217387902196,0.096097936182162,0.6006227155096174,0.8506100523283121,0.128450235725797,0.2499873368186946,0.3300840472185855,0.109417724707676,0.2402628898587203,0.5137122590666577,0.3075597448074197,0.2734493692079374,0.3457549366552598,0.1005691932349192,0.2325434825987769,0.4902122811677886,0.283052035254081,0.2576687985690117,0.5644197544838567,0.1038227486628513,0.3964556486432709,0.6777456333752798,0.1887530642485606,0.2812899847320089,0.208971385415157,0.0791569037170156,0.1464649962488869,0.3417887762716003,0.3455240475746623,0.1953237800227134,0.3651770496973293,0.1210347949569879,0.2324040303842119,0.5331898688059782,0.3208548592749232,0.3007858384217662,0.5722752354407326,0.0978489749006342,0.4277442520685726,0.6854478374579223,0.1730717923399995,0.2577035853893497,0.2089484814419615,0.085418724463958,0.1504283135630729,0.349552656680235,0.365566244083211,0.199124343117162
1572,Pehlivanköy,Kırklareli,2020,391.0,3752.715,543.2449999999999,51,439.13,192.16,71.26,68.47000000000001,0.3913352699399225,15,17.3441935483871,24.115161290322582,11.6778892733564,655.2299999999999,4067.94,0.7259324144327649,0.8004469075078938,0.3449472188148281,0.5334207892392735,0.6154812882659743,0.2180080494558951,0.5393919157158252,0.642295235876021,0.2094906841862236,31.5809515897331,32.7773920040747,35.64192235051983,7.082665070074492,16.819775571641976,24.04692452733954,1.3863534803352038,17.867835708535637,13.143221079426146,0.1417166740317719,0.7557786369536156,0.1276594489483016,0.53708755414487,0.8651871437445275,0.1758558323202212,0.3280995895996575,0.8310404502457137,0.0991323247121144,0.647407771411695,0.8955242729093035,0.1238462211325824,0.2481165014976084,0.3144751871603807,0.1148563675842863,0.2246081816867129,0.51369893721603,0.3329679479049305,0.289090755529317,0.5526557983696604,0.1199605059921359,0.3574437668388345,0.6776899083485223,0.224889071464978,0.3202461415096877,0.6425964016019142,0.1070977734331778,0.451166235302067,0.7324446665330299,0.1740065465432908,0.2812784312309628,0.1972458737450512,0.0782773018539009,0.1386760742473213,0.3300327478488852,0.3590569341327788,0.1913566736015639,0.5527112834496605,0.137851022861818,0.3417969569923063,0.7089941545966469,0.255567461886922,0.3671971976043406,0.6582336620287015,0.1129541991862846,0.4784108779010959,0.7715018386907255,0.1758602475576942,0.2930909607896296,0.1854703752128448,0.0832397398878043,0.1270279938668018,0.3262237241465864,0.3973433960137797,0.1991957302797845
1572,Pehlivanköy,Kırklareli,2021,440.0,3555.51,533.905,58,716.1500000000001,478.68,58.6,63.760000000000005,0.7228070521708525,9,17.102258064516132,23.206129032258065,10.520138888888887,680.8100000000001,3826.01,0.6548634645480182,0.7781065821920103,0.4750883528067378,0.4326757327308811,0.5722425515569461,0.2999097115659727,0.5202246026108706,0.6059977274633667,0.2894573415595999,31.5809515897331,32.7773920040747,35.64192235051983,7.082665070074492,16.819775571641976,24.04692452733954,1.3863534803352038,17.867835708535637,13.143221079426146,0.1417166740317719,0.6699615037702783,0.1143855478199147,0.4941394265785159,0.7909799578941329,0.1746708344751875,0.296840531315617,0.7978560653311552,0.0842694799629314,0.6572354527314505,0.8681368917213237,0.1083006902801608,0.2109014389898732,0.4667804988585231,0.129895920667167,0.3105830521301564,0.6502522729762346,0.2734142394772783,0.3396692208460781,0.4394332958595855,0.0922575540555505,0.3066251525182318,0.5488493400024946,0.213225626205696,0.2422241874842627,0.5839913404344838,0.0865275096334066,0.451124105423696,0.6777032661944002,0.1512077516745029,0.2265791607707042,0.2910294146211666,0.0910004103541671,0.1894551504530122,0.4199731024254375,0.3034260207147352,0.2305179519724252,0.5253555268103716,0.1276851949437721,0.3495261344639803,0.6855940958479249,0.2454424383294325,0.3360679613839445,0.611254968448503,0.0961880926786321,0.4785543534865693,0.7285509108788979,0.1587268207774703,0.2499965573923285,0.2714469800302083,0.1080440164785151,0.1700134810087502,0.4394666262699273,0.373264039171964,0.269453145261177
1572,Pehlivanköy,Kırklareli,2022,398.0,3445.385,551.33,50,520.54,379.2600000000001,25.99000000000001,44.26999999999998,0.4785209278445113,27,17.686774193548384,25.150645161290324,11.32576388888889,762.4200000000001,3943.88,0.5227882383986464,0.7483522441181446,0.3816459630406937,0.3231555426515603,0.5521431255114109,0.2401753872789544,0.3683154307789236,0.5944180772947304,0.2469547666890176,31.5809515897331,32.7773920040747,35.64192235051983,7.082665070074492,16.819775571641976,24.04692452733954,1.3863534803352038,17.867835708535637,13.143221079426146,0.1417166740317719,0.5196280888694821,0.1177308223397124,0.3633278015915276,0.6834572270173959,0.2251979170387112,0.3201294254258682,0.77047291052007,0.1036164235365149,0.5926806747144256,0.8661614902391199,0.1384594278308286,0.2734808155246943,0.3613350962855814,0.1152958778999138,0.2481002222164086,0.5450092434407356,0.3021016572042719,0.296909021224327,0.3182723597117654,0.0807811269828574,0.2207476707917842,0.4315677272328063,0.2499759908805247,0.210820056441022,0.5565084287101205,0.112371131235103,0.3927585460660155,0.6973235883104659,0.2035181206521799,0.3045650422444503,0.2246329279410313,0.0800668098366527,0.1543021244815288,0.3535294785019295,0.3333680888111081,0.1992273540204007,0.3574430123853624,0.1027400668260798,0.2401847811799695,0.5096962687766757,0.278945866071379,0.2695114875967062,0.6034032960159931,0.1045943452702061,0.4472239193533259,0.7246380572065868,0.1759609091066473,0.2774141378532608,0.2246075283655882,0.0959982449201977,0.1426179401195663,0.3808715953908087,0.3887280501092142,0.2382536552712424
1572,Pehlivanköy,Kırklareli,2023,388.0,3837.175,506.35,55,403.3,173.08000000000004,46.510000000000005,34.35,0.3859542911772928,14,16.13741935483871,22.204838709677414,11.180208333333333,575.88,3779.36,0.5907357140478117,0.813175655416824,0.4171252791160723,0.3950850347822661,0.6307448658807161,0.2676148268892419,0.4251924071116421,0.6738789344345161,0.2570650283970235,31.5809515897331,32.7773920040747,35.64192235051983,7.082665070074492,16.819775571641976,24.04692452733954,1.3863534803352038,17.867835708535637,13.143221079426146,0.1417166740317719,0.6074218593531676,0.1558014624237344,0.3692253327325204,0.7870488838137942,0.2637413969034629,0.4178235510812738,0.852563602046667,0.1034263065300505,0.6513515268602679,0.9032897636165412,0.1271881491300123,0.2519382367562732,0.4042825449394547,0.1183699583949909,0.2753999971439975,0.5800164897152696,0.2837755569401788,0.3046164925712721,0.400449013957352,0.1174891323338658,0.2362960570309336,0.5448788606684234,0.2973768226848048,0.3085828036374898,0.6659491237562679,0.1128153368221707,0.4512621282033974,0.7479835028136572,0.1788604916579788,0.2967213746102598,0.2558512470031531,0.0832009827920258,0.1739497730190672,0.3808388875175906,0.3108982553737964,0.2068891144985233,0.4238043019778578,0.1392981829264814,0.2441345381740935,0.6112724434144389,0.3276121130025403,0.3671379052403454,0.6933768526379227,0.1229868650403559,0.4942509178034737,0.8183966236175142,0.1825058756934731,0.3241457058140404,0.2402322102634815,0.0913208976473426,0.1620918879073991,0.3769912851498898,0.3552443450468195,0.2148993972424907
1572,Pehlivanköy,Kırklareli,2024,371.0,4160.43,523.115,50,445.5,290.63,42.85,8.760000000000002,0.3591494330327114,31,16.666774193548388,23.37258064516129,11.814636678200692,673.8800000000001,4062.81,0.6336780591893812,0.7769927924847325,0.2847453772481704,0.4374325640849343,0.6010042011496958,0.1830706367285718,0.4536318015035223,0.6457340056433019,0.1891548579617431,31.5809515897331,32.7773920040747,35.64192235051983,7.082665070074492,16.819775571641976,24.04692452733954,1.3863534803352038,17.867835708535637,13.143221079426146,0.1417166740317719,0.6465251630348064,0.1587279552559447,0.4120412856838287,0.8300580284370265,0.2504867463124634,0.4180167427531977,0.8095650465116645,0.111569416973203,0.60251157764034,0.8935661912928935,0.1435913151992273,0.2910546136525535,0.2557767977905514,0.096862798052674,0.1973036358830825,0.4160019869992437,0.3401733822293208,0.2186983511161611,0.435580482187154,0.1393911913852218,0.2520286521268174,0.6269208949588764,0.3186575550835234,0.3748922428320589,0.6231126065159243,0.1190236588075246,0.4239040496608741,0.740264342242585,0.1980413091619616,0.3163602925817109,0.1621325892336825,0.0704334105603955,0.1191934953329006,0.2793549885251068,0.3847335204543099,0.1601614931922061,0.4512446394226423,0.1509268330356954,0.2519310586676948,0.6582318309554089,0.3327077875392815,0.4063007722877141,0.6581891311620287,0.1391514420139913,0.4472273767073917,0.8223236764454741,0.2154934397103092,0.3750962997380823,0.1659391833965713,0.0697131140498418,0.1309239971104372,0.2832070237491658,0.3685504818699472,0.1522830266387285
1577,Pınarhisar,Kırklareli,2017,458.0,3148.73,495.2750000000001,53,501.9500000000001,309.87,36.3,40.42,0.4737397276031357,13,15.884838709677416,22.041612903225804,10.853333333333332,696.88,4022.21,0.385893092531314,0.7899589744933482,0.3843831628599008,0.243278057321706,0.6022416854507556,0.2417221681472,0.2047237657338554,0.6559828702152005,0.259360776515178,30.522164815161045,34.1434628282063,35.33394289969183,6.887135663836641,20.0319111098419,22.470053751916588,1.3638813720957486,17.200788699205155,14.145878514006856,0.142712705626458,0.3769045125140639,0.0895491005541201,0.2792861871894102,0.5017779794973242,0.2320567594685658,0.2224917923079139,0.8173763318802776,0.0966069891339447,0.643574912529203,0.8915982396589485,0.1222936788532658,0.2480233271297455,0.3632671654340956,0.1535706076495096,0.207055505727404,0.5976989989288709,0.3995248036019796,0.3906434932014669,0.2402664596369843,0.0651267923417762,0.1660359040190509,0.3260797504606828,0.2677051644475026,0.1600438464416319,0.6269739699170129,0.1025950935070573,0.4472656601894677,0.7167630203529883,0.1703553506600405,0.2694973601635206,0.2226651878882445,0.1145004335555867,0.1133045467812765,0.3943288447718337,0.4736861101041431,0.2810242979905571,0.1933202625560498,0.0561359064135456,0.1465700535670549,0.2754811528082431,0.274203174273979,0.1289110992411881,0.6698916108282917,0.1200347072618886,0.4863727808017578,0.8027393858503075,0.1829845148586125,0.3163666050485496,0.2382663822843309,0.1284157609350742,0.113278186384061,0.4336206977879462,0.4951240610106642,0.3203425114038852
1577,Pınarhisar,Kırklareli,2018,305.0,3533.31,552.38,64,733.69,443.01,43.23,101.41,0.7323884217172224,2,17.62483870967742,23.457419354838706,10.250416666666668,674.3399999999999,3904.03,0.6666959625529912,0.7392694749310605,0.2968467635405457,0.4267614904400503,0.5419436533605574,0.1852793782868825,0.4423810789814431,0.5585108817665845,0.1883967026162603,30.522164815161045,34.1434628282063,35.33394289969183,6.887135663836641,20.0319111098419,22.470053751916588,1.3638813720957486,17.200788699205155,14.145878514006856,0.142712705626458,0.6738576595774516,0.111830442447808,0.5175927546838127,0.8066357506849431,0.1677382926087832,0.2890429960011303,0.7489946342081064,0.0797631342751529,0.6298760077428744,0.8369010321959784,0.1078945323457202,0.207025024453104,0.2753714539038356,0.0832596097590778,0.2168371520884118,0.4121536876824178,0.2804800994493764,0.1953165355940059,0.4277579200717635,0.0925121387062824,0.3067183447048113,0.5488224298614435,0.216777147841736,0.2421040851566321,0.5449671112455988,0.0813071120029857,0.4355419309909581,0.6464353416666205,0.1500287188507617,0.2108934106756624,0.1699122055356136,0.0579437037588692,0.1309079223301578,0.26355331788578,0.3127369289265987,0.1326453955556222,0.4433021116338858,0.1102189773594421,0.3027636002730927,0.5800983698526596,0.249149393127787,0.2773347695795669,0.5527805852640142,0.0946526312066764,0.4394332346107706,0.685571228076668,0.1694732086638807,0.2461379934658973,0.1698798064923902,0.0601730982868986,0.1348164059352556,0.2674414714597336,0.3193957083710934,0.1326250655244779
1577,Pınarhisar,Kırklareli,2019,456.0,3411.715,544.2700000000001,62,493.1,333.53,47.31,28.48,0.4871634342421104,17,17.419032258064515,23.805483870967738,10.54625,660.11,3843.55,0.5013669103234192,0.7493992970334634,0.3380242074137616,0.3345249764898753,0.5636666069457525,0.2166368240687566,0.3240374071360736,0.5845635127166418,0.2347473514513995,30.522164815161045,34.1434628282063,35.33394289969183,6.887135663836641,20.0319111098419,22.470053751916588,1.3638813720957486,17.200788699205155,14.145878514006856,0.142712705626458,0.4941465308359362,0.1358383386632495,0.3301153661394915,0.6893832287566412,0.2709359869314543,0.3592678626171496,0.7763780360844953,0.0996283532244211,0.5946713137439855,0.8544819909370202,0.1329442843338728,0.2598106771930346,0.3222853257821393,0.1090722579641538,0.2128944405843814,0.4863342340076383,0.3226758781528417,0.2734397934232568,0.3222532332319736,0.1056601391292008,0.2089911725151639,0.4785164107989144,0.3158512713695648,0.2695252382837505,0.5840161985897928,0.1087341803209119,0.4003145717016793,0.6894147724054996,0.1929051304104956,0.2891002007038203,0.2011636459624995,0.0803287034336558,0.1269876269963482,0.3261282488826102,0.3707989340176116,0.199140621886262,0.3065980441726519,0.1159112872467005,0.1933743618710069,0.482427627991713,0.3577095875169304,0.2890532661207061,0.5918141288470855,0.1106324205529039,0.4316642147147554,0.72459213826137,0.1892564591292431,0.2929279235466146,0.212904679842257,0.0929886233168133,0.1387176514081359,0.3613609512603238,0.3961221404283448,0.2226432998521879
1577,Pınarhisar,Kırklareli,2020,352.0,3619.28,517.6100000000001,55,438.88,219.33,72.16000000000001,69.29,0.4099515856436161,11,16.596129032258066,22.99838709677419,11.056089965397923,655.2299999999999,4067.94,0.7023329462838012,0.7941417188077416,0.354528547185746,0.503000889253707,0.6005522790461657,0.224892235696632,0.5118483308321844,0.6421434328198857,0.2343558633157397,30.522164815161045,34.1434628282063,35.33394289969183,6.887135663836641,20.0319111098419,22.470053751916588,1.3638813720957486,17.200788699205155,14.145878514006856,0.142712705626458,0.7246192017308165,0.1222246657899966,0.5253326584876753,0.841796782723093,0.1740266727293862,0.3164641242354177,0.8232455387020432,0.0932901890773756,0.6533112509096267,0.8857314692918397,0.1174729734856818,0.2324202183822129,0.3320135976832871,0.1201390482429761,0.2227599088052032,0.5274144790225395,0.3388698856457175,0.3046545702173363,0.5136650800947754,0.1113041540855311,0.3456713130652709,0.6387368695311766,0.2212802332231877,0.2930655564659056,0.6231050467494356,0.0950772858516795,0.455106982317901,0.7011306292486299,0.1583164183519328,0.2460236469307288,0.2069790047384412,0.0890548953584965,0.1290493972952659,0.3476444786527113,0.395989194925462,0.2185950813574454,0.5176144996517404,0.1298818533882491,0.3339953911758355,0.6777189490780361,0.2537506631643827,0.3437235579022005,0.6542986688217229,0.1189791636393991,0.4746296561891265,0.7871074145373429,0.1852844046335852,0.3124777583482163,0.2069619817504428,0.1135568131437136,0.1211677477014644,0.3865891071173964,0.484548632737737,0.265421359415932
1577,Pınarhisar,Kırklareli,2021,440.0,3464.57,515.01,59,610.76,385.26,49.08,63.22,0.6360625833387289,8,16.59741935483871,22.35935483870968,10.110833333333334,680.8100000000001,3826.01,0.6378006933647489,0.7742198770285554,0.5778811415984505,0.4234269908257783,0.5733580526631104,0.39256334886012,0.446855465667782,0.5859103615375029,0.414106406639786,30.522164815161045,34.1434628282063,35.33394289969183,6.887135663836641,20.0319111098419,22.470053751916588,1.3638813720957486,17.200788699205155,14.145878514006856,0.142712705626458,0.6503805943031781,0.1276124002170553,0.4590002024079385,0.7949237547309106,0.2000819402434792,0.3359235523229721,0.7978545578741931,0.0952681802253539,0.6318098062281072,0.8759782628644119,0.123050548109139,0.2441684566363047,0.5722712531247977,0.142617638348617,0.3926307176515486,0.7714682171666777,0.2467940690262516,0.378837499515129,0.4238695088262332,0.0987913150947711,0.2910225739392904,0.5527274126310422,0.2333136933526739,0.2617048386917517,0.5918140593909818,0.0986382556449836,0.4277169853545064,0.6894325200797161,0.1720360517949171,0.2617155347252097,0.3808742019582825,0.1239685605127429,0.2402839899855974,0.5722939646522242,0.3157924978801726,0.3320099746666267,0.4433778924793762,0.1206908023730733,0.2910562217199708,0.6074553006484592,0.2700891264532542,0.3163990789284884,0.5918132918435343,0.1108714424042153,0.4356514820167169,0.7245920336797217,0.1892293594420734,0.2889405516630047,0.4023824004232189,0.1372355784193109,0.2461447838935912,0.6053941444870697,0.331401727234533,0.3592493605934785
1577,Pınarhisar,Kırklareli,2022,398.0,3299.54,520.125,54,504.44,351.04999999999995,19.88,39.94,0.4929857421462745,16,16.562258064516133,23.70387096774193,10.63170138888889,762.4200000000001,3943.88,0.4986591733346365,0.7488632578649486,0.3701126247707865,0.3161297927444155,0.5603835692829907,0.2330408624212157,0.3264819340662933,0.6140475377610467,0.2322575869377799,30.522164815161045,34.1434628282063,35.33394289969183,6.887135663836641,20.0319111098419,22.470053751916588,1.3638813720957486,17.200788699205155,14.145878514006856,0.142712705626458,0.4960651718796635,0.1094959550841703,0.3555446351008723,0.6445224914797929,0.2195807496169143,0.2889778563789205,0.7724715895776685,0.1021207434948597,0.5927803148953299,0.8603423732236715,0.1363676778401597,0.2675620583283415,0.3456817684634333,0.1173368116059121,0.2402249281977159,0.5370817819904283,0.3170300166836505,0.2968568537927124,0.3105489757476944,0.078353613260415,0.2207351328451313,0.4199073068810897,0.247852670196644,0.1991721740359583,0.5800650212304378,0.1071101196047859,0.4004403013085664,0.6855639382640537,0.1911371522577528,0.2851236369554873,0.2128856375806364,0.0835630275960457,0.1425953215069525,0.353495490866494,0.3585767179534701,0.2109001693595415,0.3144275708554779,0.0914728758226424,0.2168003571540568,0.451151862193476,0.2801774501987254,0.2343515050394191,0.6230643577414868,0.118124028807488,0.4472808437964635,0.7597240986137472,0.1923695179011618,0.3124432548172837,0.2089884230474454,0.0889085574342924,0.1425540315673054,0.3573411926764608,0.3828015205294903,0.2147871611091553
1577,Pınarhisar,Kırklareli,2023,373.0,3699.885,479.74,55,360.76,143.29000000000002,36.52,26.11,0.3616234197946414,10,15.21774193548387,21.01806451612903,10.627256944444444,575.88,3779.36,0.5541683688896504,0.8182888838023267,0.6168591880883099,0.363987613541511,0.6253922289951173,0.4267655208910144,0.3615503042416147,0.6775719430710018,0.4466350268538281,30.522164815161045,34.1434628282063,35.33394289969183,6.887135663836641,20.0319111098419,22.470053751916588,1.3638813720957486,17.200788699205155,14.145878514006856,0.142712705626458,0.5683547741882039,0.1332542272868604,0.3651972903152355,0.7206838411375297,0.2404580173961443,0.3554865508222942,0.865242212720059,0.1134784300780569,0.626909839730383,0.9120819405411346,0.1386777118989555,0.2851721008107516,0.6308695313737762,0.1402634019967217,0.4315879807931478,0.7910167735363084,0.2273831770771023,0.3594287927431606,0.3691388046099492,0.0964068745292582,0.228465071323391,0.4863224380568479,0.2648630638588021,0.2578573667334568,0.6699727171464762,0.1240371076157717,0.4199740376387801,0.7440770353488756,0.1983349038651712,0.3241029977100955,0.4277732317210128,0.1219417890911566,0.2676494818084982,0.5879257313566998,0.2857348663888374,0.3202762495482016,0.3613282795568322,0.1127315012810145,0.2129461273120176,0.5097103632601696,0.3118003219980116,0.296764235948152,0.7089962962385059,0.1429795112702746,0.4550240562817967,0.8378612913977713,0.2110174612930984,0.3828372351159746,0.4394833855589308,0.1186248808212988,0.3028040840489265,0.6035269277649047,0.2655969050544743,0.3007228437159782
1577,Pınarhisar,Kırklareli,2024,408.0,3976.645,487.195,53,492.25000000000006,337.78000000000003,39.5,7.590000000000001,0.4244331899557627,28,15.538387096774192,21.606129032258064,11.10878892733564,673.8800000000001,4062.81,0.5689421189262874,0.7714178083829064,0.3129686923355169,0.3814596993339622,0.5899056110005781,0.199827088919611,0.3852923346336411,0.6178301925629022,0.2199886346287961,30.522164815161045,34.1434628282063,35.33394289969183,6.887135663836641,20.0319111098419,22.470053751916588,1.3638813720957486,17.200788699205155,14.145878514006856,0.142712705626458,0.574199920165148,0.1584477180940458,0.3477465983942305,0.7773478112899392,0.2784953210935933,0.4296012128957087,0.8095462003989521,0.1181118315049941,0.579091066362041,0.8896381679369397,0.1531100659350702,0.3105471015748987,0.2910172993406369,0.0892316156143353,0.2245982660650292,0.4355172606756007,0.2851135522484623,0.2109189946105714,0.3788706001163384,0.1287131606963649,0.2149122842366865,0.5585706519825258,0.3374226973939874,0.3436583677458392,0.6152382498396105,0.1270308864670483,0.3925979716895271,0.7324251337114075,0.2153410377832867,0.3398271620218804,0.1815990937322499,0.0642740669088571,0.1387076295442467,0.2871178259790842,0.321648417421094,0.1484101964348374,0.3789017404917117,0.1417019585897169,0.2070293713796909,0.5819909914538017,0.3677777776826409,0.3749616200741107,0.6386843991066837,0.1297733519341278,0.4238318815248703,0.7714707908631377,0.2100469570705148,0.3476389093382674,0.2011829624900188,0.0725530220232522,0.1504229800449905,0.3223201244338913,0.3298035016476038,0.1718971443889007
1596,Saray,Tekirdağ,2017,458.0,3235.2250000000004,483.16,68,602.17,407.97,34.87,43.46,0.7009180937719612,4,15.481612903225804,19.640645161290323,7.397812499999999,696.88,4022.21,0.4329904418891429,0.8207132860485497,0.554559296198248,0.2734057918906672,0.6201585049759334,0.3574748164916722,0.252656259938221,0.6460153700338332,0.342494119234536,34.10533848541223,29.717895940132085,36.17661331570664,7.260648572118842,19.96673457336263,26.764337735757834,1.3652220913874626,18.755537510004288,11.683603479677066,0.1434012112881231,0.4179781065886977,0.1169713390057539,0.2929958601500101,0.5976316213375509,0.2701476238029793,0.3046357611875407,0.84573116856925,0.095889065253265,0.6777866727600069,0.919888799157698,0.1168362531511311,0.2421021263976911,0.5507254232331651,0.1417685317433189,0.3789495149283653,0.7460771316004248,0.2556417910856524,0.3671276166720594,0.2636657802506308,0.0769814046483766,0.1816798430541139,0.3807885299606332,0.2815646446844875,0.1991086869065192,0.6386646721108692,0.1033931673181379,0.4668118707481415,0.7402302562602308,0.1667205504537108,0.2734183855120892,0.3555085655841565,0.1131090358876643,0.2148806456057695,0.5116588087487135,0.31641120064831,0.2967781631429439,0.2324364386075131,0.0941340484195909,0.1465072982835995,0.3847083414282372,0.3725775424784978,0.2382010431446376,0.6542974084833821,0.1082141631703721,0.4980649211355953,0.7831638797477513,0.1675101989674095,0.2850989586121559,0.3320545157537193,0.1261154197875433,0.1836966419617317,0.5117316491355552,0.3682265262522098,0.3280350071738235
1596,Saray,Tekirdağ,2018,343.0,3691.445,553.215,57,754.47,484.52,43.900000000000006,91.09,0.9024671919808712,0,17.60161290322581,21.6383870967742,7.191770833333332,674.3399999999999,3904.03,0.7286172448597273,0.7744421104000262,0.3112626330803158,0.4756121254862648,0.5638169985344107,0.2006123793592902,0.4774394705065473,0.5772128440450244,0.182283740858108,34.10533848541223,29.717895940132085,36.17661331570664,7.260648572118842,19.96673457336263,26.764337735757834,1.3652220913874626,18.755537510004288,11.683603479677066,0.1434012112881231,0.7460793655550808,0.118057204164696,0.5664283842579414,0.8710253885681,0.1620291106168154,0.3045970043101585,0.7822337280383325,0.0823506058725336,0.6630681359631305,0.8759699538874021,0.1063353926221763,0.2129018179242715,0.2832109016941679,0.090179461931009,0.228574443529291,0.4395003903486068,0.2897214517482406,0.2109259468193157,0.4804757195730256,0.1106504725092041,0.3320849113729394,0.6132573406522636,0.2326485524229967,0.2811724292793241,0.5644325790840932,0.084702254184056,0.4511664250632005,0.677701053831421,0.1502300469908349,0.2265346287682205,0.1816010284258186,0.0609182117729037,0.1465678541276286,0.2831842985739878,0.3036612793660216,0.1366164444463592,0.4804665232702378,0.1170997176367081,0.3241981298498191,0.6288403621050314,0.2452661015070021,0.3046422322552122,0.5722502307524066,0.0965001191812969,0.4551524949157096,0.7050351739003344,0.1671829034590394,0.2498826789846248,0.1620633685069282,0.0647967314090976,0.1270116147372964,0.2675334758202209,0.3554718106182395,0.1405218610829245
1596,Saray,Tekirdağ,2019,456.0,3533.1400000000003,537.73,70,602.3399999999999,420.3,45.89,31.91,0.7337935861607782,3,17.195483870967745,21.890645161290323,7.0010763888888885,660.11,3843.55,0.6388235166755836,0.7873200108738958,0.3276688762697693,0.4426929988731161,0.5961010298872347,0.2087626332522013,0.4433422858216657,0.5910660929452498,0.210768173990394,34.10533848541223,29.717895940132085,36.17661331570664,7.260648572118842,19.96673457336263,26.764337735757834,1.3652220913874626,18.755537510004288,11.683603479677066,0.1434012112881231,0.6523763379362914,0.1302729337954361,0.457082426295564,0.7929340954199091,0.2039263276865137,0.335851669124345,0.8056571963643475,0.0924297674694854,0.6533040916456547,0.8896579507451085,0.1173979654942236,0.2363538590994537,0.2949118462186701,0.1123641881128036,0.2129218434541181,0.4979960838734303,0.3429199299975454,0.2850742404193122,0.4492198840080646,0.1101125880542295,0.2930111074228185,0.5819954089499225,0.2487335203730877,0.2889843015271039,0.6074081775788199,0.1075312320287834,0.4434270230761846,0.7284767020626286,0.1803909515961166,0.2850496789864439,0.1855509766196919,0.0783160148360953,0.1309092749556644,0.326157877569164,0.3751438349672644,0.1952486026134996,0.447266464672345,0.1228781986015416,0.2754148895751789,0.5957063627795396,0.2771632721065758,0.3202914732043606,0.5917726254605923,0.1025007771041803,0.4550817483766225,0.7245834689640287,0.173416777459564,0.2695017205874062,0.1816410724937251,0.0871244765384225,0.1309138545986582,0.3417183813737067,0.4133663773278851,0.2108045267750484
1596,Saray,Tekirdağ,2020,352.0,3752.65,503.47,52,512.21,291.21,75.82999999999998,57.650000000000006,0.5808005027170328,1,16.2,20.675806451612896,7.446262975778548,655.2299999999999,4067.94,0.6726040627147751,0.8079140540035181,0.3862330720912454,0.4704353218839195,0.6038800226550226,0.2391750367103201,0.4656018466260318,0.6634925307609671,0.2381786553943695,34.10533848541223,29.717895940132085,36.17661331570664,7.260648572118842,19.96673457336263,26.764337735757834,1.3652220913874626,18.755537510004288,11.683603479677066,0.1434012112881231,0.6894612277093702,0.1111620624349153,0.5176016514676121,0.8066231593018582,0.165271173037881,0.2890215078342462,0.8340157421620523,0.083085988820543,0.681665177361611,0.8886152998578729,0.1028401330671507,0.2069501224962618,0.3691643910340434,0.1244248690842797,0.2402475550783037,0.5644482075999195,0.3221497020195231,0.3242006525216158,0.4784961145500966,0.0955688060406568,0.3379173070947883,0.5879074288196048,0.2031497245103517,0.2499901217248165,0.6269880032013018,0.0841757197441093,0.4784924192455209,0.6932995732024778,0.1393914628505541,0.2148071539569568,0.2245600373574474,0.0886838439893606,0.138685511356248,0.3613941807334223,0.3707905524303159,0.2227086693771743,0.4706647003395938,0.1126461053263617,0.3144824776674573,0.6074043132904982,0.2419365518900923,0.2929218356230408,0.6777421661766363,0.1073936131805429,0.5098322029475693,0.7870810233693313,0.1618610733377389,0.277248820421762,0.2148071075768812,0.1109958107504339,0.1211233900242097,0.3944840697342816,0.466019134110276,0.2733606797100719
1596,Saray,Tekirdağ,2021,536.0,3643.27,516.915,42,650.78,403.28,48.96,65.54,0.8020491838646017,2,16.624838709677416,20.809354838709677,7.114513888888889,680.8100000000001,3826.01,0.6716637490357221,0.7906298678797354,0.5682066106904932,0.4404205839311786,0.5842151305793309,0.3712845267023928,0.4962174042061638,0.6056971917050294,0.3826127554255626,34.10533848541223,29.717895940132085,36.17661331570664,7.260648572118842,19.96673457336263,26.764337735757834,1.3652220913874626,18.755537510004288,11.683603479677066,0.1434012112881231,0.6914392856668387,0.1160742477180493,0.5039685894137658,0.8086018635869796,0.1728160078382852,0.3046332741732138,0.8173932374292577,0.0954874159800053,0.6454717893919822,0.8896231228982212,0.1207738536821001,0.2441513335062389,0.5605368296175188,0.1378005003345219,0.3965185324143123,0.7558706344573621,0.2425182983476111,0.3593521020430498,0.4433767054652011,0.0926803236426992,0.3183815204284109,0.560534338205292,0.210435949236155,0.242152817776881,0.5996062857554804,0.099505316910181,0.435551821165016,0.7011609889799865,0.17032307398733,0.2656091678149704,0.3632813529679849,0.1119027789823312,0.2383779513425067,0.5194653677905714,0.301393596916653,0.2810874164480647,0.503909488071271,0.1211337164815028,0.332061853534349,0.6523444465174929,0.2441142036831407,0.3202825929831439,0.6113012300481663,0.1123562948917632,0.4551093085695247,0.7441622179062748,0.1854991180914704,0.28905290933675,0.3652331510718406,0.1296480895940556,0.2285445321190589,0.5605794997566935,0.3388493659858622,0.3320349676376346
1596,Saray,Tekirdağ,2022,438.0,3393.71,501.945,55,584.62,381.41,17.490000000000002,47.02,0.7069192485657321,1,15.900645161290322,20.910000000000004,7.197361111111111,762.4200000000001,3943.88,0.5403643334330813,0.7749060768997847,0.3857959811631253,0.3401325054483783,0.5789122372934422,0.2384288835442015,0.3482477320372505,0.6276413399968837,0.2265733400393866,34.10533848541223,29.717895940132085,36.17661331570664,7.260648572118842,19.96673457336263,26.764337735757834,1.3652220913874626,18.755537510004288,11.683603479677066,0.1434012112881231,0.5429313263707914,0.1116831123268272,0.3945724447790857,0.6835930350734889,0.206681132370958,0.2890205902944031,0.8056540247899961,0.1075066624899395,0.6064427296145667,0.8876977540077408,0.1387350876380375,0.281255024393174,0.35740128726294,0.1226260787202109,0.2558769371459989,0.5644245925742915,0.31785214130668,0.3085476554282925,0.3398195223655385,0.0803533425806501,0.238372857117682,0.4413102589964778,0.2362412921244463,0.2029374018787958,0.603521457339514,0.115032655375682,0.4043458824404659,0.7128688797950031,0.198704825991394,0.3085229973545372,0.2167864167500026,0.0818872573146589,0.1543661592127955,0.3534923937901861,0.3434452072140754,0.1991262345773906,0.3398304561642309,0.0964929475831991,0.2305178404567682,0.4803533740893033,0.2770813381000791,0.2498355336325351,0.6425510900077468,0.1201981854745667,0.4550504054933862,0.7753829038022644,0.1915077574003706,0.3203324983088781,0.1972465200213819,0.0943707355304999,0.1347884413733742,0.3614066482852868,0.4165129733008082,0.2266182069119125
1596,Saray,Tekirdağ,2023,321.0,3764.72,462.485,49,381.76,164.4,33.57,21.58,0.4713670835197645,1,14.684838709677422,18.50032258064516,7.158333333333335,575.88,3779.36,0.5625813837498519,0.7957178748842041,0.5014076565722965,0.3733421744617242,0.6098828526186152,0.333079360320326,0.3644736937144945,0.6180567966550818,0.3120566644392931,34.10533848541223,29.717895940132085,36.17661331570664,7.260648572118842,19.96673457336263,26.764337735757834,1.3652220913874626,18.755537510004288,11.683603479677066,0.1434012112881231,0.5722586910576317,0.1272616152665172,0.3847700703614336,0.7246119381306398,0.2262101429988008,0.3398418677692062,0.834040644105246,0.1106518200664708,0.6152148452116588,0.9003603486424111,0.1390591107213387,0.2851455034307523,0.4902480530533332,0.1301816155412123,0.3457082878722288,0.6777082516235151,0.2596322848979905,0.3319999637512862,0.3710941829930129,0.0941715009475361,0.2460738119511313,0.4960452294201393,0.2522391183993888,0.2499714174690079,0.6425942137955357,0.1199736415794895,0.4160367781651456,0.7401817111712846,0.196715879228882,0.3241449330061389,0.3222683780558029,0.098400529270476,0.2168155987393196,0.4628708158897038,0.2954266790228107,0.2460552171503842,0.3613411383325089,0.1100862675358647,0.2206913842249013,0.5097297633157118,0.3020417369877435,0.2890383790908105,0.6347523362505813,0.1261388421335493,0.4355197508479004,0.7675799350361213,0.2040894021653214,0.3320601841882209,0.2871080536625387,0.1076578437397569,0.2050997142415502,0.4472369051348018,0.3449945346727261,0.2421371908932515
1596,Saray,Tekirdağ,2024,386.0,4064.28,482.81,55,565.8199999999999,405.67,35.77,8.19,0.6028601775496643,8,15.438709677419356,19.517741935483876,7.605813148788927,673.8800000000001,4062.81,0.6252104501012233,0.7766718656835558,0.3143959384390027,0.415726817484283,0.587245890696131,0.2033896529207647,0.4261318918825778,0.6096701792549437,0.2113937872878014,34.10533848541223,29.717895940132085,36.17661331570664,7.260648572118842,19.96673457336263,26.764337735757834,1.3652220913874626,18.755537510004288,11.683603479677066,0.1434012112881231,0.6445844203989162,0.1357889849555099,0.4258031865685447,0.7850720082745659,0.2171892439314239,0.3592688217060212,0.8066417349451115,0.1132682384797044,0.5996356548641022,0.8964743766263426,0.145837957423649,0.2968387217622403,0.287080973072881,0.0917717557119287,0.2246489673578152,0.4472966006463234,0.2918986681812168,0.2226476332885081,0.4179551228592006,0.10986971191302,0.2695151423204824,0.5585309543719257,0.264283436363048,0.2890158120514432,0.6074248668415179,0.1227069625303435,0.4043125741548421,0.7324160471578726,0.208953292776361,0.3281034730030304,0.1855200154683013,0.0619135535852939,0.1426393772136119,0.2910362691764503,0.3044085709188648,0.1483968919628384,0.4335939149667856,0.1289666793198511,0.2461212170465126,0.5898099399850707,0.302644983340952,0.343688722938558,0.6230471975042546,0.1254737920916706,0.4316206982178385,0.76365586228749,0.2058060183376652,0.3320351640696515,0.1894214583501174,0.0700803054320456,0.1426626559920074,0.3105149000865388,0.3315154448538029,0.1678522440945314
1652,Şarköy,Tekirdağ,2017,420.0,3766.86,550.03,63,524.3599999999999,387.53,24.65,32.709999999999994,0.5606859621810756,11,17.667419354838707,21.87193548387097,7.151770833333334,695.48,4103.98,0.3644610653448397,0.7327688593858763,0.406700225351559,0.2315439544356307,0.5231631713610422,0.2529473246496501,0.1981502712835903,0.5770662574453018,0.2734128661527307,30.63478447384581,34.98105093110173,34.38479438901688,6.581722512754715,26.050313311348884,23.50475983162781,1.4040197257741671,21.45234829641344,15.658559729101958,0.144296764835024,0.3456979391647259,0.1128874666041024,0.2402289910670589,0.5175053673790327,0.309738068995909,0.2772763763119739,0.7480858575947541,0.1186006914328065,0.5565686924513893,0.8769622214637013,0.161852799711227,0.320393529012312,0.3964816032434017,0.1293651469975829,0.2480812135230125,0.5761906167491562,0.3180847684206652,0.3281094032261437,0.2168270593870235,0.0800863255454187,0.142614112939661,0.3377237400417033,0.3458795792817072,0.1951096271020423,0.529257069045751,0.1128668760683233,0.36525431188884,0.669918260690571,0.2157393376423898,0.304663948801731,0.2441808744672357,0.0949719258227708,0.1426604864098763,0.3807669888243949,0.3754612781705189,0.2381065024145186,0.1815575135333788,0.0742495089825834,0.1230961567176749,0.2948614230040715,0.3747131331267189,0.1717652662863965,0.5761313079471393,0.1267780273627969,0.4041869805599435,0.7440315366102349,0.2196940571851297,0.3398445560502914,0.2596963982734062,0.1002701541925513,0.1621544846212654,0.4043558625293592,0.3667353171907411,0.2422013779080937
1652,Şarköy,Tekirdağ,2018,351.0,4218.495,603.5500000000001,47,610.05,408.19,49.01,53.010000000000005,0.668585156520149,4,19.293548387096777,23.43,7.214270833333334,613.8000000000001,3966.41,0.684582333356837,0.7567707863389503,0.3193829399515753,0.4639816886817451,0.5471982234959386,0.204766901431123,0.4757547843007456,0.588466695114807,0.2118916543583814,30.63478447384581,34.98105093110173,34.38479438901688,6.581722512754715,26.050313311348884,23.50475983162781,1.4040197257741671,21.45234829641344,15.658559729101958,0.144296764835024,0.6993199986393178,0.1379319324304508,0.4961218231410246,0.855419276556903,0.2014833362031182,0.3592974534158783,0.7724501591733044,0.0880840683820254,0.6317478613664875,0.8583653942020238,0.116394646796756,0.2266175328355363,0.2910161557426965,0.1178199626305346,0.1972836133575803,0.4863920515221496,0.3688987353187947,0.2891084381645693,0.4647873825306953,0.1268666489553647,0.3009286871587202,0.6366242443458824,0.2734302927251624,0.3356955571871621,0.5566301888245722,0.0873409888090448,0.427778818780805,0.6542626900019942,0.1596148983288741,0.2264838712211891,0.1855796563670203,0.0834181795891637,0.1191164966601483,0.3222231765530681,0.4073811685685093,0.2031066798929198,0.4727532457047178,0.1473445812280674,0.2930403585281297,0.6678286493267622,0.3097069879068719,0.3747882907986325,0.5917497767573764,0.102012948498548,0.4511717161948871,0.720656261985818,0.1733538182286523,0.2694845457909309,0.1855093947690178,0.0904070453989721,0.1269998406072937,0.3378498393635693,0.4266663813293128,0.2108499987562755
1652,Şarköy,Tekirdağ,2019,380.0,3969.34,587.13,61,571.77,426.12,32.13,14.74,0.6442437171145966,15,18.73677419354839,23.00516129032258,6.940173611111111,683.9900000000001,3939.18,0.5347134513391393,0.7253524323407743,0.3343025672948702,0.3510111049792066,0.5171992826929424,0.2126641450400711,0.3745823215246243,0.5779852548541983,0.2286007113696973,30.63478447384581,34.98105093110173,34.38479438901688,6.581722512754715,26.050313311348884,23.50475983162781,1.4040197257741671,21.45234829641344,15.658559729101958,0.144296764835024,0.5254000552504553,0.1338610944037999,0.3690034024906855,0.7207920377250717,0.2503417373708431,0.3517886352343862,0.7431777910969587,0.0949209667784636,0.5849845913630212,0.8349862418639045,0.1308618576932948,0.2500016505008833,0.3144920522614983,0.1169874101260711,0.2050623908389664,0.4942332300275758,0.3499446955275184,0.2891708391886094,0.3378228473657521,0.1080229437023752,0.2246271102278848,0.5018588247166095,0.3077479378003563,0.2772317144887246,0.525444836318034,0.0939866323127853,0.3847304448671954,0.6347333566676414,0.1817222789316677,0.250002911800446,0.1972259085890856,0.0842746282687588,0.1230764288268968,0.3300673994196901,0.3962803802816849,0.2069909705927932,0.3476006279294901,0.1305180005200774,0.2306010486462511,0.5508439635477042,0.3484360927361529,0.320242914901453,0.5801259709439126,0.1083815517684345,0.4316579670573872,0.7206034111617314,0.1875161188943733,0.2889454441043442,0.2070825115424074,0.0961684580998345,0.1289327643908488,0.3634041989776066,0.4206831095302637,0.2344714345867578
1652,Şarköy,Tekirdağ,2020,352.0,4197.465,564.2350000000001,43,462.4200000000001,244.7,76.32,48.16,0.4925751489121168,3,18.15387096774193,22.59193548387097,7.233391003460207,689.65,4117.42,0.4849769579813627,0.7831496804067243,0.4097922782510627,0.3241603675830023,0.5836270323906542,0.2638905622434485,0.3002628417525104,0.6615661429642301,0.2848242601548741,30.63478447384581,34.98105093110173,34.38479438901688,6.581722512754715,26.050313311348884,23.50475983162781,1.4040197257741671,21.45234829641344,15.658559729101958,0.144296764835024,0.4784196011827064,0.1526120464139172,0.2832104160254231,0.7011698033419271,0.3146789634071275,0.417959387316504,0.8173859131213549,0.1097169343024241,0.6063484560258653,0.8935390523168175,0.1400970172719004,0.2871905962909522,0.3925553614797156,0.1482870587669244,0.2323952091560799,0.6231056360938784,0.3618590848021668,0.3907104269377984,0.3144221239257358,0.1094921583442505,0.1855430802330374,0.4785215956210087,0.3377715763362549,0.2929785153879712,0.6114120050361331,0.1086944533431139,0.4121669736697519,0.7011817471272925,0.1862395799212375,0.2890147734575405,0.2480205288260471,0.1069960722356852,0.1386793264652968,0.4159891015581232,0.4054562289991164,0.2773097750928264,0.2753313244079526,0.1274960862192169,0.154294899559955,0.482428746461024,0.4246149322875744,0.3281338469010689,0.6816277580941777,0.1359761688522898,0.4589433031437782,0.8222197969119545,0.2055367710370296,0.3632764937681763,0.2598197708303841,0.1225471482483924,0.1464938484492622,0.4589901577387146,0.4302553026268091,0.3124963092894523
1652,Şarköy,Tekirdağ,2021,527.0,4138.405000000001,573.7049999999999,26,624.5400000000001,377.41,73.58000000000001,48.27,0.7046841275312762,8,18.358709677419352,22.40741935483871,6.780729166666667,730.35,4026.23,0.6576770212192831,0.7698462895699142,0.5388054770929699,0.4337002992185049,0.5572990084583757,0.344466399151107,0.4911184011082765,0.6021101490127106,0.3879013805967279,30.63478447384581,34.98105093110173,34.38479438901688,6.581722512754715,26.050313311348884,23.50475983162781,1.4040197257741671,21.45234829641344,15.658559729101958,0.144296764835024,0.6738755023738164,0.1190968699358968,0.4902824655273465,0.7987774245191118,0.1810871690713784,0.3084949589917652,0.7959057910560537,0.100754801702821,0.6161650083092756,0.8778950429951934,0.1308765179073724,0.2617300346859178,0.5449121289335235,0.1694625689176663,0.3066677359164044,0.7636803010379831,0.3145153049148123,0.4570125651215787,0.4355073990158552,0.0929385679256719,0.3105697170091582,0.5526950326381047,0.2142921461966712,0.2421253156289465,0.5722114524449312,0.1044866170031088,0.404238524025323,0.6855200971411987,0.1874875343707217,0.2812815731158756,0.337864476673696,0.1259886229507189,0.1816105589992029,0.5175776601925689,0.3657501087513952,0.3359671011933659,0.4902437458074333,0.1300818337188017,0.3222408138020862,0.6620946188547638,0.2648685804181926,0.3398538050526776,0.611349860137325,0.1168279683914219,0.4394948636808065,0.748033305692516,0.1940308904990001,0.3085384420117095,0.3731072594317541,0.1486071723757188,0.2050483885863281,0.5996269779552886,0.3831055515891927,0.3945785893689604
1652,Şarköy,Tekirdağ,2022,398.0,3888.755,578.8749999999999,37,478.12,345.29999999999995,12.35,23.1,0.5110072257369191,9,18.552258064516128,23.59483870967742,7.3994791666666675,777.8999999999999,4095.46,0.4716772295125339,0.7475250895187249,0.3383871359650098,0.3011029442410164,0.5638224940065216,0.2148707672138826,0.2937471645501957,0.5988451351144228,0.2267142980717325,30.63478447384581,34.98105093110173,34.38479438901688,6.581722512754715,26.050313311348884,23.50475983162781,1.4040197257741671,21.45234829641344,15.658559729101958,0.144296764835024,0.4804582352671676,0.1440106990606597,0.2774136644990225,0.660265734770086,0.3053161994050274,0.3828520702710635,0.7743856890321468,0.1104618025860456,0.5771457328645386,0.8681830353143304,0.1477700268992492,0.2910373024497917,0.3105144455775103,0.1176985467527889,0.2168801462272374,0.5057744321457173,0.3478221665168716,0.2888942859184798,0.2988276541470711,0.0986653720209182,0.173872265568439,0.4276862543104601,0.3276798646709414,0.2538139887420211,0.580028212521648,0.1189047537783038,0.3886468001621199,0.708974525354577,0.2108904044132167,0.320327725192457,0.1933570788819761,0.0838760893600219,0.1309220786166008,0.3340006231988018,0.390355982098447,0.2030785445822009,0.2851302811751084,0.1140461901761842,0.1524324823536498,0.4490944291469658,0.3882460971183124,0.296661946793316,0.6113396549687375,0.1181489312179787,0.427635532202156,0.744075473960447,0.1972946331031038,0.316439941758291,0.2010745557953917,0.0882906207274788,0.1465100432490567,0.3494902976247381,0.3894356089510668,0.2029802543756813
1652,Şarköy,Tekirdağ,2023,355.0,4218.11,516.4050000000001,33,367.0,140.95,42.77,26.26,0.4261164715942021,4,16.588387096774195,20.371290322580645,7.070069444444445,575.6500000000001,3802.11,0.541769750741498,0.8037322593832719,0.5208524098739893,0.3616335910623441,0.6037063843737804,0.3508943974667378,0.3424435991055562,0.6939586134634584,0.380191220047353,30.63478447384581,34.98105093110173,34.38479438901688,6.581722512754715,26.050313311348884,23.50475983162781,1.4040197257741671,21.45234829641344,15.658559729101958,0.144296764835024,0.5488319446566715,0.1553798370017654,0.3261745525635681,0.7402846959101513,0.2868005029610889,0.4141101433465832,0.8457470122877212,0.1123328863212114,0.6230297783551889,0.9120694252570124,0.1397640632309668,0.2890396469018234,0.5097699165920657,0.1890420126452118,0.2793248720699258,0.7949461738208151,0.3629473706206851,0.5156213017508893,0.361284023873004,0.1141860473424176,0.2090094002675034,0.5097908386276917,0.3157506663221792,0.3007814383601882,0.6387179219010243,0.12292222492981,0.4121184999903215,0.7362745843919162,0.2036125973014451,0.3241560844015946,0.3300031295361618,0.149686389191643,0.1699463771634378,0.5761169332124798,0.4265852925332961,0.4061705560490419,0.3301878477569995,0.1335276854239694,0.1737871627250007,0.5253196744868952,0.3899260659937473,0.3515325117618945,0.712880449007306,0.1487949196799783,0.4785225222018809,0.8768968500645742,0.2144146881286795,0.3983743278626932,0.3535215891711645,0.1650656001865318,0.1855229741362818,0.6307345727965071,0.4341646820933236,0.4452115986602252
1652,Şarköy,Tekirdağ,2024,446.0,4547.969999999999,533.23,34,597.92,448.26,32.41,1.39,0.5860267966069121,21,17.217419354838714,21.27225806451613,7.446020761245675,689.61,4183.9,0.585324602478163,0.7585625759050474,0.3076893189095843,0.3889193562557971,0.562997776200188,0.197764328193715,0.4010323396151086,0.5951616078486422,0.2298836241618342,30.63478447384581,34.98105093110173,34.38479438901688,6.581722512754715,26.050313311348884,23.50475983162781,1.4040197257741671,21.45234829641344,15.658559729101958,0.144296764835024,0.5995124718509814,0.1680215266983916,0.3418106019706442,0.8027557537023015,0.2870570039035052,0.4609451517316572,0.7841746302561563,0.1070511540629563,0.5927648904183137,0.8759443107257148,0.1411236956097296,0.283179420307401,0.2831866560662276,0.1063376571697306,0.1972245400913869,0.4588608454756421,0.3456007428095948,0.2616363053842551,0.3847193522303205,0.1319970528478415,0.2128852342293467,0.5683516294849553,0.3393944032989332,0.3554663952556085,0.5722678223131694,0.1135450207430349,0.4004067151394619,0.7090376472493387,0.2016793414520721,0.3086309321098767,0.1816525484512122,0.0765340786406038,0.1191416481394822,0.3067200264726671,0.3869963776563224,0.1875783783331849,0.39265122978443,0.1590136638463839,0.1933425042481375,0.6229388800312239,0.396510825034703,0.4295963757830863,0.6035125107319181,0.1124303842984975,0.4394880000995765,0.7362856982601707,0.1889073199881033,0.2967976981605941,0.2050617822641793,0.0856340405390324,0.1464878257625013,0.3495772292052363,0.372510398908395,0.203089403442735
1705,Uzunköprü,Edirne,2017,354.0,3272.91,530.49,46,483.79,257.82,47.9,57.77,0.4355231501023008,16,16.99,23.63225806451613,11.577569444444444,684.0300000000001,4037.23,0.4337187693432309,0.8042682445948587,0.3743462602802856,0.2777358595668687,0.597985429968232,0.230999903809698,0.247243286975434,0.641532905519868,0.2288505624862682,34.82199480554187,29.414944840392188,35.76298097390493,7.066801516200794,22.212727852789264,25.21688615866199,1.3853179983399653,19.253102028562445,13.620289846143994,0.1432904839420159,0.4257761674769907,0.1021830003580701,0.3085994603424015,0.5741297736129355,0.2355973676509394,0.2655303132705339,0.8300739510687429,0.1021001252055599,0.650389350615169,0.9120937844374926,0.1269478509088616,0.2617044338223235,0.353494979469111,0.1184006922122783,0.2402630858335679,0.5448911054636514,0.3162865634710167,0.3046280196300834,0.2694858479884295,0.0735331272654042,0.1836608654000524,0.3788018464390809,0.2647592117923834,0.1951409810390285,0.6152309303156773,0.1032441226124158,0.4472876245418199,0.7206831201193354,0.1726532410963602,0.2733954955775155,0.2167874475879853,0.0846373769061053,0.1386986776454979,0.3495857058543787,0.3663957235922969,0.2108870282088808,0.2363188748967568,0.0738133773916684,0.1621277867915271,0.3456794897247919,0.2985455269368042,0.1835517029332647,0.6503861164006994,0.116731215243916,0.4824346018561325,0.787111325252546,0.181956707504072,0.3046767233964135,0.2089714689919583,0.0946988139618711,0.1269587373099691,0.3613040884546398,0.4138019716143516,0.2343453511446707
1705,Uzunköprü,Edirne,2018,353.0,3645.125,575.925,60,758.1700000000001,454.41,35.48000000000001,107.69,0.7175191773224854,12,18.41064516129032,24.698387096774194,10.704583333333334,701.0600000000002,3943.71,0.6808895228576004,0.7239256366113258,0.2622896433272031,0.4378538969351034,0.5207302517066573,0.1631125632444054,0.4429926676792955,0.5309999237168135,0.1720242498570195,34.82199480554187,29.414944840392188,35.76298097390493,7.066801516200794,22.212727852789264,25.21688615866199,1.3853179983399653,19.253102028562445,13.620289846143994,0.1432904839420159,0.6913637077518107,0.118190382139705,0.5273572777644445,0.8241341414575613,0.1735823186758348,0.2967768636931167,0.7333933622434494,0.0869561236022525,0.604517728059118,0.8310555560069454,0.1201174805872209,0.2265378279478274,0.2402348310108976,0.0811475304700769,0.185567539081059,0.3691089229638662,0.3093813748827527,0.1835413838828072,0.433567295003197,0.1053352270506882,0.3086709486435952,0.5741439266514655,0.2405716331132723,0.2654729780078703,0.5214784982345214,0.0841073976227088,0.4082488047855995,0.6308392300833997,0.1615181705826627,0.2225904252978002,0.150382374191352,0.0585639974636825,0.1074456510954731,0.2363105963654372,0.3590403847429652,0.128864945269964,0.4414046213996228,0.1087682536120555,0.3086621385562112,0.5820149115673864,0.2455305957587502,0.2733527730111751,0.5292824943455432,0.0888123691589001,0.4160654522671778,0.6464748937434628,0.1672549565303977,0.230409441476285,0.1581770129172845,0.0559085490823056,0.1230947849226771,0.2401891005885921,0.32500388246875,0.1170943156659149
1705,Uzunköprü,Edirne,2019,351.0,3559.9700000000003,574.69,61,496.35,317.1700000000001,51.56,35.63999999999999,0.4565729856844301,26,18.274516129032257,25.027419354838703,11.310555555555554,673.7900000000001,3915.13,0.5248650220017211,0.7632615471288019,0.3441900117476945,0.3471331989037046,0.5684578676199642,0.219437980502877,0.3513740316036881,0.5760144377182915,0.2209392409800563,34.82199480554187,29.414944840392188,35.76298097390493,7.066801516200794,22.212727852789264,25.21688615866199,1.3853179983399653,19.253102028562445,13.620289846143994,0.1432904839420159,0.517548374723905,0.1187769941514672,0.3730045366247565,0.685505343226798,0.2263000755860575,0.3125008066020415,0.788098113295617,0.094510683929639,0.6201185651621033,0.8622900741018601,0.1238247679123421,0.2421715089397568,0.3183595534785639,0.1083726090772121,0.2324336488192423,0.501962229909892,0.314862736797411,0.2695285810906497,0.3398270881344752,0.0921774451254637,0.2383686126670449,0.4725728578546334,0.2655391227821857,0.2342042451875884,0.5878824213487447,0.1034523296730231,0.4159959826228925,0.6894319580694506,0.1819876820531315,0.273435975446558,0.2011600995724218,0.0765789836261771,0.1426075112075259,0.3300716643820527,0.3489777997896454,0.1874641531745267,0.3378831321826289,0.1097526866724889,0.2207012553512976,0.498011492210275,0.3123528684563635,0.2773102368589774,0.5839689901857749,0.0992777463726879,0.4355381507374927,0.6972434292110347,0.1723528784555243,0.2617052784735419,0.1972590734672315,0.086133767533582,0.1386999772901017,0.3418286703897376,0.3898527357634816,0.2031286930996359
1705,Uzunköprü,Edirne,2020,322.0,3752.715,543.2449999999999,51,439.13,192.16,71.26,68.47000000000001,0.3947775486507726,15,17.3441935483871,24.115161290322582,11.6778892733564,647.6200000000001,4062.52,0.6884272798763733,0.8109183553110539,0.3233606679922047,0.5011993942249804,0.6221867644786244,0.2045946207937242,0.4890375083468998,0.6696483404157362,0.1963847966377283,34.82199480554187,29.414944840392188,35.76298097390493,7.066801516200794,22.212727852789264,25.21688615866199,1.3853179983399653,19.253102028562445,13.620289846143994,0.1432904839420159,0.7168039623727123,0.1324671097737334,0.490247974406713,0.8378519652886198,0.1924199020665213,0.3476039908819068,0.8525454893910888,0.1055166057604042,0.6396477116653739,0.9033187045228208,0.1301198882345312,0.263670992857447,0.2870874164597323,0.1096380761216876,0.2207488967784804,0.4824236623036274,0.3390581693266749,0.261674765525147,0.5175776134237101,0.1192976008141519,0.3261598883254538,0.6464713161172909,0.238024231850131,0.3203114277918371,0.6582347842987321,0.1105239181225927,0.4433753778940838,0.7284736720199368,0.177637848364082,0.285098294125853,0.1816269614290416,0.0749089543455918,0.1348221624211168,0.3105302073988011,0.3661335476709151,0.1757080449776842,0.4980526582835057,0.1332757722695562,0.3027292465311453,0.6581902618454172,0.2725266876155781,0.3554610153142718,0.6972980490896747,0.1251038382149067,0.4785048907276568,0.8066529368826134,0.1868202019842815,0.3281480461549566,0.1699141027813167,0.0824720546457636,0.1231055166527272,0.3143844792735041,0.4199513203555167,0.1912789626207768
1705,Uzunköprü,Edirne,2021,448.0,3555.51,533.905,58,716.1500000000001,478.68,58.6,63.760000000000005,0.7116731875883521,9,17.102258064516132,23.206129032258065,10.520138888888887,695.1699999999998,3892.06,0.6182946346881325,0.7820117400507154,0.4646681136098162,0.4055638313638372,0.581370410922478,0.2908868923075052,0.455125430911623,0.6105793764526805,0.2834255756755262,34.82199480554187,29.414944840392188,35.76298097390493,7.066801516200794,22.212727852789264,25.21688615866199,1.3853179983399653,19.253102028562445,13.620289846143994,0.1432904839420159,0.6288987012497751,0.1185791170185357,0.4570857758522956,0.7694724007211955,0.1917841597935699,0.3123866248688998,0.8056826297565011,0.0925863215869604,0.6435449594972368,0.8779199428500379,0.1183950532263825,0.2343749833528011,0.4511869971554761,0.1301517058594603,0.3066807674180466,0.646475587605058,0.280096055759809,0.3397948201870113,0.4042920666018479,0.0922595076284456,0.2871247858377948,0.5253693535084998,0.2274845548188893,0.2382445676707049,0.5957268735206503,0.096407359385651,0.4394782404776948,0.6933324326750374,0.1658277710292799,0.2538541921973426,0.2792890569875333,0.0943041995096737,0.181653474643879,0.4238186409619032,0.3241954244194061,0.2421651663180242,0.4492032429788486,0.1196499149317118,0.3008368744578901,0.6132457578812536,0.2628943732984801,0.3124088834233635,0.6191664408918277,0.1041117713694959,0.4668308620040034,0.7402443571063064,0.1705130821390666,0.273413495102303,0.2636694038870324,0.1077232636522795,0.1621268419899182,0.4355006458385076,0.3800760160600477,0.2733738038485894
1705,Uzunköprü,Edirne,2022,402.0,3445.385,551.33,50,520.54,379.2600000000001,25.99000000000001,44.26999999999998,0.4766016451223357,27,17.686774193548384,25.150645161290324,11.32576388888889,745.6100000000001,3999.72,0.4904337334709277,0.7631345896378595,0.3538659807907263,0.3044547024201454,0.5733350629921736,0.2219007675136815,0.323454240447647,0.5952918966673862,0.2228650191357815,34.82199480554187,29.414944840392188,35.76298097390493,7.066801516200794,22.212727852789264,25.21688615866199,1.3853179983399653,19.253102028562445,13.620289846143994,0.1432904839420159,0.4882505225428057,0.1018500093295644,0.3633625717666874,0.6210620525152781,0.207673335618138,0.2576994807485906,0.7861370711170936,0.0984348989166346,0.6162371123371818,0.8720692742348349,0.1289875996360567,0.2558321618976531,0.3222502829798517,0.1148247336419458,0.2363529493467689,0.5214840260931641,0.3244865001867822,0.2851310767463952,0.300765145454467,0.0702680015087933,0.222768203119294,0.3944574438477556,0.2307995276480373,0.1716892407284616,0.587886235547757,0.1056223618054139,0.4199585634159868,0.7011491766665648,0.1842244938835281,0.281190613250578,0.2011559664446334,0.080264766724964,0.1426362869835991,0.3339261833912779,0.3617146872645011,0.1912898964076788,0.3144504683334286,0.0866213771656953,0.2207373595247422,0.4394578970702021,0.2678010251027009,0.2187205375454599,0.6035073412537246,0.0964994775669412,0.459001175337088,0.712853889165425,0.1621044702727735,0.253852713828337,0.193333875379365,0.0920905405032311,0.1347735702084914,0.3534786246137473,0.4132121804504662,0.2187050544052559
1705,Uzunköprü,Edirne,2023,515.0,3837.175,506.35,55,403.3,173.08000000000004,46.510000000000005,34.35,0.3829600661653471,14,16.13741935483871,22.204838709677414,11.180208333333333,566.0899999999999,3829.06,0.5880217076875551,0.821288352891323,0.3905512070758326,0.3896794387201472,0.6346622068054771,0.2478421619479552,0.4038235419366496,0.6824500708457324,0.2447440575474422,34.82199480554187,29.414944840392188,35.76298097390493,7.066801516200794,22.212727852789264,25.21688615866199,1.3853179983399653,19.253102028562445,13.620289846143994,0.1432904839420159,0.5996146562413437,0.138662844331314,0.3964561863675037,0.7597377061537229,0.235812458143114,0.3632815197862192,0.861346618260419,0.1014496053290121,0.6582517057617029,0.9081423727077308,0.1235249531688373,0.249890666946028,0.3730306747790291,0.1261093067397732,0.2402439853431629,0.5683688469984828,0.3229008244117058,0.3281248616553198,0.3925763720583934,0.1020018398679369,0.2519448937950708,0.517561026728263,0.2617583319329062,0.2656161329331922,0.6738608123740711,0.1119263165369198,0.4550485927087017,0.744102132321214,0.1763557296097592,0.2890535396125123,0.232451064020681,0.087284261764403,0.1504079291376849,0.3691559667216842,0.3521768091368249,0.2187480375839993,0.4043140650596105,0.1214480497061334,0.244123482452288,0.5644421511811618,0.3007453431855288,0.3203186687288737,0.7089683134527072,0.1267214649902033,0.4901927690946961,0.8261623637348973,0.1856860602756808,0.3359695946402011,0.2245988512139213,0.0988574807557307,0.13869302821191,0.3808224147108369,0.4039218837277296,0.2421293864989268
1705,Uzunköprü,Edirne,2024,370.0,4160.43,523.115,50,445.5,290.63,42.85,8.760000000000002,0.3592233282674177,31,16.666774193548388,23.37258064516129,11.814636678200692,655.75,4102.01,0.6301253956741337,0.7661961708020352,0.2802469119508234,0.4374393505327724,0.584684974315789,0.1792523207356418,0.4406728987626973,0.6146667226370592,0.1920415464277195,34.82199480554187,29.414944840392188,35.76298097390493,7.066801516200794,22.212727852789264,25.21688615866199,1.3853179983399653,19.253102028562445,13.620289846143994,0.1432904839420159,0.6445129509261269,0.1612382342703751,0.4023561810870529,0.8397920705412527,0.2558827740911408,0.4374358894541997,0.7998121300240479,0.1042930338248036,0.602543166155948,0.870106451438559,0.1361179261906676,0.267563285282611,0.2480336619131231,0.0982862783687619,0.1933864458434391,0.4199171031069421,0.350713153927665,0.2265306572635029,0.4316524363456613,0.1400174089312123,0.2558520231347322,0.6347119459185077,0.3200841642634123,0.3788599227837754,0.6074029400320978,0.1103498902668775,0.4160167802462876,0.7089542152405663,0.1887339253005626,0.2929374349942787,0.1581626546225687,0.070515734443131,0.1152847538640128,0.275364856916181,0.393388125485563,0.1600801030521681,0.4336083339568849,0.1505854917252816,0.238295374776498,0.6444794038826546,0.3417171606152528,0.4061840291061565,0.6269802207298799,0.123392811784856,0.439398214397722,0.7636425033653533,0.2007475063160617,0.3242442889676313,0.1659706121019281,0.0711353686116426,0.1348584798270324,0.2909764912352605,0.37041655795256,0.1561180114082281
1714,Vize,Kırklareli,2017,420.0,3148.73,495.2750000000001,53,501.9500000000001,309.87,36.3,40.42,0.4737397276031357,13,15.884838709677416,22.041612903225804,10.853333333333332,696.88,4022.21,0.3642579464577921,0.8070795314743558,0.5842691992772389,0.2356892741698192,0.6145303257520746,0.3949021898270617,0.1812549508840868,0.6467616300106291,0.3917797711715491,31.274568905546985,31.43524684579882,37.28961652867388,7.051814638983122,22.662261149767144,23.98204031403322,1.3685266897266826,18.360585486857563,13.041156919330582,0.1468666805839291,0.3534961810278367,0.0876895148615989,0.2636775763494394,0.4785377622267124,0.2407346654049175,0.214860185877273,0.8300684195726148,0.0927244314905287,0.6699648089936706,0.9082061508970166,0.1148888404109836,0.238241341903346,0.5897939987425311,0.1723166114947496,0.3476433517914182,0.8007268888748158,0.2949267421728053,0.4530835370833975,0.2285011720894092,0.0603897173698381,0.166068547408424,0.3143812134188566,0.2562259889956895,0.1483126660104326,0.630868002618684,0.0962088023617848,0.4745738129505106,0.7246005911172245,0.156556638997502,0.2500267781667139,0.3866677288960721,0.144959471476469,0.2071511805920784,0.589820680739204,0.3670768995734125,0.3826695001471255,0.1699222875490935,0.055257845852175,0.1269931313503715,0.2480093733327087,0.3048625462788744,0.1210162419823371,0.6542945750075607,0.1150130753344947,0.4863130344022383,0.7910179975354177,0.1778291568295487,0.3047049631331793,0.3788980776678098,0.1679251848262773,0.1758105822872391,0.6287904723396137,0.4286213765558295,0.4529798900523746
1714,Vize,Kırklareli,2018,381.0,3533.31,552.38,64,733.69,443.01,43.23,101.41,0.7323884217172224,2,17.62483870967742,23.457419354838706,10.250416666666668,674.3399999999999,3904.03,0.7006106185371377,0.7598061407553712,0.3230395706303118,0.4563841740824674,0.5571596497458993,0.2085886891698907,0.4449317997106609,0.5561756524212753,0.198704521965262,31.274568905546985,31.43524684579882,37.28961652867388,7.051814638983122,22.662261149767144,23.98204031403322,1.3685266897266826,18.360585486857563,13.041156919330582,0.1468666805839291,0.7089852066544471,0.1232850668177256,0.5331974610600714,0.8574679105695352,0.1759680249710497,0.3242704495094638,0.7705228636874581,0.0835809735040419,0.6435190457830582,0.8603617165104617,0.1100030244832568,0.2168426707274034,0.2948966121098859,0.0990538710880881,0.2285835581054906,0.4667449910433753,0.3066307663015252,0.2381614329378846,0.4590553124065015,0.1112617521203987,0.3105801985512092,0.6035032726786033,0.243789680797069,0.292923074127394,0.5605308326312355,0.0850999927967519,0.4433874563277962,0.6660237981367758,0.1527389731750369,0.2226363418089795,0.1894432807107001,0.0671908682611167,0.1465573149464788,0.3027909135391722,0.3221213409438098,0.1562335985926933,0.4433325068279348,0.1133203968534044,0.3027348480991041,0.5917195713449337,0.2546916109999255,0.2889847232458295,0.5527539728872648,0.1027826630292852,0.4238457833004492,0.6894723626504563,0.1848025216167365,0.265626579350007,0.1738022183359391,0.0743151362397547,0.1309170953440962,0.3026770807927872,0.3739982135522141,0.171759985448691
1714,Vize,Kırklareli,2019,380.0,3411.715,544.2700000000001,62,493.1,333.53,47.31,28.48,0.4871634342421104,17,17.419032258064515,23.805483870967738,10.54625,660.11,3843.55,0.5857304337200487,0.793905871044004,0.3251294806820052,0.4017906516252471,0.6101744089053555,0.2116665041923317,0.3772381421054108,0.609439227591956,0.2199536613333068,31.274568905546985,31.43524684579882,37.28961652867388,7.051814638983122,22.662261149767144,23.98204031403322,1.3685266897266826,18.360585486857563,13.041156919330582,0.1468666805839291,0.5956593910945163,0.1510738434706136,0.3847549111675331,0.7831803612606265,0.2579238413669653,0.3984254500930934,0.8193361843959823,0.0917345439989722,0.6552422482510276,0.885735028227004,0.1155483884737359,0.2304927799759764,0.2870951024298631,0.1178811172783562,0.2089937174590274,0.5019498911745212,0.3625666827600002,0.2929561737154936,0.396513810188866,0.1227129005488085,0.2480685291318061,0.5683566769848633,0.3054150216099693,0.3202881478530571,0.6309014384759464,0.1067841565812393,0.4511866238544831,0.7284846627092422,0.1750059573504708,0.277298038854759,0.1855193593772846,0.0867373299136265,0.1269641800943513,0.3378658190597071,0.4097829755567386,0.2109016389653557,0.3691116292606737,0.1312242335218789,0.2167906384974127,0.5527518483887035,0.3478551579898599,0.3359612098912908,0.6191195140229513,0.1034346118423897,0.4628819070216625,0.7363268861082201,0.1697209617619878,0.2734449790865575,0.1855121969988692,0.0956975975961803,0.1348640691006937,0.3573925551039487,0.4350807211668324,0.222528486003255
1714,Vize,Kırklareli,2020,430.0,3619.28,517.6100000000001,55,438.88,219.33,72.16000000000001,69.29,0.4099515856436161,11,16.596129032258066,22.99838709677419,11.056089965397923,655.2299999999999,4067.94,0.6779039977784042,0.8091676871468286,0.3944541401518637,0.4768965060786835,0.6106652931546543,0.2543294282929554,0.4588060281464882,0.6492279147446315,0.2588618436302099,31.274568905546985,31.43524684579882,37.28961652867388,7.051814638983122,22.662261149767144,23.98204031403322,1.3685266897266826,18.360585486857563,13.041156919330582,0.1468666805839291,0.6972888950433717,0.1174200048557785,0.5136935429381766,0.8144010420651042,0.1732103738000985,0.3007074991269276,0.8369138051972107,0.0883243954310039,0.67673467632339,0.8896565453588896,0.1091546249732744,0.2129218690354996,0.3789137424582804,0.1320901347865229,0.2304882773937839,0.5821521989562906,0.3348681667675452,0.3516639215625066,0.4863321080796273,0.1006830107069495,0.3379039445108857,0.6034878539805121,0.2111213007929601,0.2655839094696264,0.6347960464949894,0.0879169343812498,0.4785895232939427,0.6972232187613984,0.1439691028240316,0.2186336954674556,0.2402346156318092,0.0970352539719025,0.1425912344173537,0.3886361807792219,0.3815337242850646,0.2460449463618681,0.4589915226030323,0.1223621444836584,0.2988672692194826,0.6191271919326125,0.2666968979853737,0.3202599227131298,0.6621668680188565,0.1168973587465578,0.48638398071119,0.790974493128116,0.1800559650805194,0.304590512416926,0.2382178283372464,0.1252627662795912,0.1211546819694223,0.425668868109792,0.4838981462966476,0.3045141861403696
1714,Vize,Kırklareli,2021,483.0,3464.57,515.01,59,610.76,385.26,49.08,63.22,0.6360625833387289,8,16.59741935483871,22.35935483870968,10.110833333333334,680.8100000000001,3826.01,0.6817567321997777,0.7951481946930302,0.6261847287398525,0.4568544277577315,0.5932475025925509,0.432404515034426,0.4945542275819439,0.6091913270595816,0.451469134443819,31.274568905546985,31.43524684579882,37.28961652867388,7.051814638983122,22.662261149767144,23.98204031403322,1.3685266897266826,18.360585486857563,13.041156919330582,0.1468666805839291,0.7011840404225752,0.118237426598211,0.5136257410262068,0.8182621101982801,0.1734305229619112,0.3046363691720732,0.8212976290976631,0.0940604225437002,0.6532756355132481,0.8896319305318039,0.1182929461092627,0.2363562950185558,0.6386758014298383,0.1449224832035469,0.4315616217047929,0.8066556800299642,0.2314372685121082,0.3750940583251713,0.4628763854686298,0.0957326128919283,0.3261606919372161,0.5800544619172563,0.2095473023251402,0.2538937699800401,0.6113246426481791,0.0980875184042212,0.4472956285636317,0.7050849085919377,0.1653399600935006,0.257789280028306,0.4316520110023646,0.1278044495581177,0.2636879277142301,0.6035402947453877,0.2955668710997213,0.3398523670311575,0.4941004045390839,0.1294933114355548,0.3261844405067614,0.6659766844642919,0.2618384480680609,0.3397922439575305,0.6152433510557077,0.1163148706867445,0.4512333927908125,0.7558680199121807,0.190933234798611,0.3046346271213682,0.4472276837954982,0.140628187589037,0.2715490670192353,0.6347428382593053,0.3114901481853945,0.36319377124007
1714,Vize,Kırklareli,2022,438.0,3299.54,520.125,54,504.44,351.04999999999995,19.88,39.94,0.4929857421462745,16,16.562258064516133,23.70387096774193,10.63170138888889,762.4200000000001,3943.88,0.5294767824493349,0.7765693989923853,0.4123087750146457,0.3350319793130715,0.5862304726779445,0.2571025065984757,0.3254127793288269,0.6367211827564249,0.2503514318325845,31.274568905546985,31.43524684579882,37.28961652867388,7.051814638983122,22.662261149767144,23.98204031403322,1.3685266897266826,18.360585486857563,13.041156919330582,0.1468666805839291,0.5253789184891363,0.1105182227597651,0.388703130195852,0.6777475143001622,0.2087310084655894,0.2890443841043102,0.8017730573024939,0.09356668889928,0.6338156309723854,0.8720694121179374,0.1204872211301201,0.238253781145552,0.3886683502856504,0.1358048940120386,0.2559086032167488,0.6113138668703683,0.3293766765143786,0.3554052636536194,0.3261663501271076,0.079862478766293,0.2403106595653768,0.4433508265795876,0.2383727037939424,0.2030401670142108,0.6074676155357532,0.0996351850715532,0.435568551846779,0.6972536693706155,0.1699590685151733,0.2616851175238365,0.2363235784377499,0.09388571285242,0.1543461499316072,0.3925057800923925,0.3651684073195134,0.2381596301607853,0.3105615293477865,0.0962696960687649,0.2129034631658351,0.4589775580838106,0.2958387075864813,0.2460740949179754,0.6503591242731712,0.113856241717425,0.474583277180975,0.7753180906730002,0.178816481689098,0.3007348134920252,0.2207288400684374,0.1079993677554916,0.1386767582951771,0.4043280261621395,0.4313910528289417,0.2656512678669623
1714,Vize,Kırklareli,2023,411.0,3699.885,479.74,55,360.76,143.29000000000002,36.52,26.11,0.3616234197946414,10,15.21774193548387,21.01806451612903,10.627256944444444,575.88,3779.36,0.5681988171173379,0.8321036693496547,0.6224921384448526,0.380413981782633,0.6428596729781257,0.4346695505862028,0.3592195455555976,0.6786210219463727,0.4332664824484726,31.274568905546985,31.43524684579882,37.28961652867388,7.051814638983122,22.662261149767144,23.98204031403322,1.3685266897266826,18.360585486857563,13.041156919330582,0.1468666805839291,0.5800858277201948,0.1387107646642356,0.3730798534984553,0.7402601188218286,0.2441236420870455,0.3671802653233733,0.8730669238185902,0.1032829493743947,0.6660362485790686,0.9198746589652111,0.1241226942973551,0.2538384103861425,0.6269499752187614,0.1382292399577161,0.4433455173223832,0.8066323839102328,0.222057808317144,0.3632868665878496,0.3847791365950014,0.1026334298338834,0.2402439400951063,0.5136790516068042,0.2697940526605768,0.2734351115116978,0.6816963418656796,0.1138969490372605,0.4551255049245847,0.7558185462175497,0.1771723345308301,0.300693041292965,0.4316204120761491,0.117212927404738,0.287140136153739,0.5917347968329656,0.2696598536673726,0.3045946606792266,0.3574153053330136,0.1193243068744071,0.2050509743745244,0.5136686373799538,0.3321765431495399,0.3086176630054293,0.7050921089408777,0.135399211303418,0.4785404276285228,0.833996673957364,0.1995210978213961,0.3554562463288412,0.4159855989414702,0.1336170435652761,0.2754287295024758,0.6151779776439986,0.3083946000396346,0.3397492481415228
1714,Vize,Kırklareli,2024,408.0,3976.645,487.195,53,492.25000000000006,337.78000000000003,39.5,7.590000000000001,0.4244331899557627,28,15.538387096774192,21.606129032258064,11.10878892733564,673.8800000000001,4062.81,0.606360773458393,0.8001563299744573,0.3405467900775915,0.4120831257779279,0.6182836835535052,0.2239980405126003,0.4000017434072779,0.6293315478869521,0.2320085352081314,31.274568905546985,31.43524684579882,37.28961652867388,7.051814638983122,22.662261149767144,23.98204031403322,1.3685266897266826,18.360585486857563,13.041156919330582,0.1468666805839291,0.6230118271224215,0.1495152085977176,0.3925216255134425,0.7909954376217483,0.2465779699846909,0.3984738121083058,0.8340016019856406,0.1074307495242001,0.634724210454449,0.9042603520619074,0.1342622003973018,0.2695361416074583,0.3144643893413908,0.0971457858007086,0.2441846754863963,0.4785318038291198,0.2852641358873902,0.2343471283427234,0.4120852854751475,0.1226555646761179,0.2480239015652722,0.576180743315451,0.2976476273920936,0.3281568417501788,0.6425995316824059,0.1185609689960179,0.4355572653187721,0.7519028946961439,0.1917582044452542,0.3163456293773717,0.2050495702740436,0.0681988520061483,0.1543366690034279,0.3183583785823088,0.3044618240859656,0.1640217095788808,0.4004126147560288,0.1360203080396027,0.2167736504328493,0.5839734721541638,0.340049287987998,0.3671998217213145,0.6465156392805848,0.1238972614846731,0.4510894168826896,0.7753789899892047,0.1968712070778454,0.324289573106515,0.2089582955225394,0.0813024053327779,0.1504181580229547,0.3456783680236479,0.3504285101401238,0.1952602100006932
1825,Marmaraereğlisi,Tekirdağ,2017,527.0,3502.355,511.735,66,610.3299999999999,426.84,32.51,50.89,0.7720347497586303,2,16.47032258064516,19.731612903225805,5.637638888888889,695.48,4103.98,0.487089720871712,0.8192216690921841,0.2955276260307135,0.3192704745900263,0.6236713577866163,0.1703930724342738,0.278524160668998,0.6632510884186044,0.1619088321980872,33.46043193408146,28.09875423467147,38.44019464097307,7.210246659121606,23.313993716963257,26.124626580261456,1.409439457618899,20.12123763461253,14.441578569521734,0.1479261720046412,0.4668308408980697,0.1593872694055518,0.291040360413447,0.716891436793346,0.3272236357612045,0.425851076379899,0.8535298244048166,0.0937807370626399,0.6737836815367713,0.9081632893620296,0.1144754107475728,0.2343796078252584,0.2616791196975512,0.139160298674103,0.1523164040695311,0.4959707651185095,0.470887613937116,0.3436543610489784,0.2988186266438579,0.1175934323089392,0.1817062539925095,0.4902178159274602,0.3683191577922776,0.3085115619349506,0.6464837266747201,0.098442053232207,0.4785830655153366,0.7285280507394238,0.157842831810609,0.2499449852240872,0.1522853590257392,0.096876952073765,0.0664465582211591,0.3084518890669802,0.5685498282867906,0.2420053308458211,0.2480389240873393,0.1190041152965145,0.1465187682136034,0.4511973617551158,0.4272667585127046,0.3046785935415124,0.6816812217729102,0.1193801409394902,0.4903170363473165,0.8065883057333542,0.1799923784884084,0.3162712693860376,0.1288087821586688,0.1029625713038212,0.0664151362145027,0.300756541476832,0.635929306054482,0.2343414052623293
1825,Marmaraereğlisi,Tekirdağ,2018,366.0,3990.67,571.585,48,701.27,458.4,51.93,78.97,0.9055264455418672,0,18.286451612903225,21.42967741935484,5.563958333333334,613.8000000000001,3966.41,0.7965686514593648,0.778786126984587,0.260040301453033,0.5565771543665438,0.5673496702171689,0.1599472728635299,0.5668726742796046,0.593373692188473,0.1594245634421164,33.46043193408146,28.09875423467147,38.44019464097307,7.210246659121606,23.313993716963257,26.124626580261456,1.409439457618899,20.12123763461253,14.441578569521734,0.1479261720046412,0.824234793897358,0.1118968731659207,0.6369539339624998,0.9100947184744662,0.1404736088483001,0.2731407845119664,0.7959220114613653,0.0880282609196683,0.6552792578971525,0.8779132627026288,0.113032651545179,0.2226340048054763,0.2363197795266109,0.0830241655901087,0.1855901185285417,0.3730736148516818,0.3192742245190179,0.1874834963231401,0.5742279006094942,0.112974128652817,0.3945485716526023,0.6913586852687008,0.2029801758237744,0.2968101136160985,0.568368157891206,0.0907433671469551,0.4473545375482707,0.685536759005067,0.1599425749418707,0.2381822214567963,0.1464698316305491,0.0561752415047095,0.1074789152795411,0.2323867176681694,0.3512109990936781,0.1249078023886283,0.5664536117246763,0.1447041907248614,0.3790055045018238,0.7616638475410304,0.2552675358867051,0.3826583430392066,0.6035406342380775,0.1085902342800499,0.4434149025824903,0.7285684936581421,0.1830048007008009,0.2851535910756518,0.1425864844680122,0.061734508238715,0.1035692832870538,0.2403315749208592,0.387233352915089,0.1367622916338053
1825,Marmaraereğlisi,Tekirdağ,2019,509.0,3800.695,563.61,64,633.5,455.05000000000007,45.63,27.13,0.8416238906918437,0,18.15258064516129,21.291290322580643,5.306284722222222,683.9900000000001,3939.18,0.6312444903090272,0.7613541330053145,0.2662215193998071,0.4350296706347117,0.5633279856796128,0.1679658952655355,0.4430122146315234,0.596578409506303,0.1807942769618724,33.46043193408146,28.09875423467147,38.44019464097307,7.210246659121606,23.313993716963257,26.124626580261456,1.409439457618899,20.12123763461253,14.441578569521734,0.1479261720046412,0.6347579881768368,0.146324842143772,0.4356498498321266,0.8301163586647728,0.2318037533636742,0.3944665088326462,0.7802832366390073,0.0905308722822797,0.6279649927149088,0.8603700698333032,0.1189077045197412,0.2324050771183944,0.2441358292333266,0.0778162518141315,0.2012106589177756,0.3730256442684205,0.2922988794803939,0.1718149853506448,0.4238472736169621,0.1282269785764215,0.2754320653040716,0.6191005161619264,0.2947545586703026,0.3436684508578547,0.5683203721528794,0.0986446680942589,0.4316239556147722,0.6894392382670139,0.1751105405765551,0.2578152826522417,0.1542685016695823,0.0558154962384865,0.1192267950457924,0.2401778053693959,0.3323025555291947,0.1209510103236035,0.4160030117592425,0.1633629931694565,0.2558396943434638,0.6894065520357735,0.3687550540910798,0.4335668576923097,0.6073896097263457,0.1063095746021073,0.4472544308746246,0.7245655632298768,0.1781988300416093,0.2773111323552522,0.1620826806281496,0.0577270530214733,0.1348177153553903,0.2557876883070699,0.3192969047004033,0.1209699729516796
1825,Marmaraereğlisi,Tekirdağ,2020,407.0,4020.02,529.6800000000001,46,531.09,299.88,79.61,53.38,0.6622074603329454,0,17.105483870967745,20.382580645161287,5.589204152249135,689.65,4117.42,0.5868036445006575,0.786174688554651,0.3268128163828532,0.4017412993535329,0.5897743423835022,0.1943861547257328,0.3663639223199441,0.6341337174334327,0.1833371840211268,33.46043193408146,28.09875423467147,38.44019464097307,7.210246659121606,23.313993716963257,26.124626580261456,1.409439457618899,20.12123763461253,14.441578569521734,0.1479261720046412,0.5957087565422712,0.1398958640978373,0.3964485155580484,0.7676011144914182,0.2384031957008076,0.3711525989333697,0.8173439812517153,0.0979059898488017,0.6357568929514547,0.8798759219838413,0.1245346502172409,0.2441190290323867,0.2910379385177053,0.1284523166736265,0.1972593840533544,0.5176381337402443,0.3930455301457571,0.3203787496868898,0.4003370021845845,0.1090687411208765,0.255904338224351,0.5449777796704133,0.2714899894444159,0.2890734414460622,0.611365184507441,0.0938475911175498,0.4472939149207527,0.6894424306379291,0.1591245742198212,0.2421485157171763,0.1738237690201555,0.0830676773565072,0.1113900156180205,0.3105408246002403,0.427333301971587,0.1991508089822198,0.3535400622676911,0.1338907062713432,0.2011314631670205,0.5488050213697547,0.365458218220562,0.3476735582027341,0.6543246001576415,0.1215081431231605,0.4550949189103435,0.7715074698787368,0.1916128093849791,0.3164125509683932,0.1444407217344939,0.1019172166001056,0.0978159737029455,0.3319977105964113,0.5559004145518087,0.2341817368934657
1825,Marmaraereğlisi,Tekirdağ,2021,589.0,3930.645,541.32,28,630.27,383.7000000000001,51.00000000000001,54.74,0.8268310718069383,0,17.409032258064517,20.60322580645161,5.246180555555556,730.35,4026.23,0.745284497141298,0.8247707925688392,0.4816526893319862,0.5183642878818288,0.6279023785973016,0.2897455286647603,0.5838683041378786,0.6561115834639687,0.3155897516598162,33.46043193408146,28.09875423467147,38.44019464097307,7.210246659121606,23.313993716963257,26.124626580261456,1.409439457618899,20.12123763461253,14.441578569521734,0.1479261720046412,0.7753852311562561,0.1102812243785568,0.5840146026189782,0.8612929428217706,0.147971982245122,0.2772783402027924,0.8535501326432342,0.0885857639588138,0.6933496408823249,0.9081783198412036,0.1074065240391257,0.2148286789588788,0.4667876042793936,0.1670687050934561,0.2714629428223552,0.7246043719054605,0.3468655086825469,0.4531414290831052,0.5331834031800187,0.0983917871075691,0.3770323814387882,0.6347424046825031,0.1898120480282766,0.2577100232437149,0.6464364428076187,0.0973685148782056,0.4863336231823931,0.7362682563963212,0.1550695111168736,0.2499346332139281,0.2754141181789025,0.1122865533617307,0.1582325607040698,0.4432871267751487,0.3875350687176535,0.2850545660710789,0.591780304040733,0.1380109805718794,0.3964510123883176,0.7558521531101074,0.2363734759941491,0.3594011407217898,0.6660165391588845,0.1171720849169566,0.4941947543388947,0.8027368221038714,0.1785856062749901,0.3085420677649767,0.2831384306393645,0.1487320767880313,0.1504323014383968,0.5332808750809678,0.4712829741960512,0.3828485736425709
1825,Marmaraereğlisi,Tekirdağ,2022,461.0,3675.03,533.305,44,553.3199999999999,358.82,20.730000000000004,38.67,0.7020929294674734,0,17.026774193548388,21.03548387096773,5.563402777777778,777.8999999999999,4095.46,0.5798108162892142,0.8194464636769306,0.3369648523157373,0.3801234191705025,0.6428382600268232,0.2076477781661519,0.3679778871545628,0.6753893823378802,0.2003259513370689,33.46043193408146,28.09875423467147,38.44019464097307,7.210246659121606,23.313993716963257,26.124626580261456,1.409439457618899,20.12123763461253,14.441578569521734,0.1479261720046412,0.5918581302680263,0.1338410154053382,0.3925704428306227,0.7441393705558677,0.2308356650914516,0.3515689277252449,0.8613497303648489,0.1063882025465553,0.6542922634600798,0.9159466763792188,0.1298293509855199,0.2616544129191389,0.2988445999497349,0.1125910897065023,0.2364076350478851,0.5098261182275493,0.3341330377122066,0.2734184831796642,0.3847702350267161,0.1005202811754969,0.2442448679232439,0.509726687280397,0.2644411685942691,0.2654818193571531,0.6855798551448781,0.1185017339174554,0.462941508956332,0.7636135133999893,0.1843414452532909,0.3006720044436572,0.1855112069907769,0.0723932048543061,0.1426599483123576,0.3145811403800566,0.3486346229834439,0.1719211920676989,0.3652161245112182,0.1152965002595117,0.2207087914256798,0.5175866307291351,0.3133245346644523,0.2968778393034553,0.6972846722812925,0.1242545870714419,0.4902452094836826,0.8183366915910143,0.1839747415651265,0.3280914821073316,0.1620706806505074,0.0913413471499274,0.1270045329555301,0.3339859316996874,0.4559636259819191,0.2069813987441573
1825,Marmaraereğlisi,Tekirdağ,2023,373.0,4007.980000000001,485.485,37,401.14,162.68,36.69000000000001,27.58,0.5438399715122758,0,15.550645161290324,18.651935483870968,5.457083333333333,575.6500000000001,3802.11,0.6144404516491975,0.7911617935305625,0.4158014805561521,0.4171289490097543,0.6154685988380088,0.2635514480688563,0.4088956107640941,0.596352842081205,0.2605107145473829,33.46043193408146,28.09875423467147,38.44019464097307,7.210246659121606,23.313993716963257,26.124626580261456,1.409439457618899,20.12123763461253,14.441578569521734,0.1479261720046412,0.6269286945490876,0.1420205491075878,0.4160090984683167,0.7910325578494085,0.2311380195206802,0.3750234593810918,0.8183862188685102,0.1018180443292501,0.638657490204365,0.8925805305011744,0.1286943393397281,0.2539230402968093,0.394493696449759,0.1451209447709321,0.2461569442781817,0.6211111045012611,0.3490149784383325,0.3749541602230793,0.4199292143982742,0.1093888841093373,0.2676224860580177,0.5566136410527445,0.2622423698211827,0.2889911549947267,0.6386644607460442,0.1096664388026886,0.4472421608506677,0.7362915365511234,0.1781836457777642,0.2890493757004557,0.2441315278313461,0.1059254744883734,0.1425970054189933,0.4120269511280554,0.401915737001373,0.2694299457090621,0.4043124580088499,0.1312222663836819,0.24027172550437,0.5840033383991844,0.3209187453454681,0.3437316128948143,0.6034828135507176,0.1171279173521741,0.4355219992564219,0.7440150897320424,0.1964070749514847,0.3084930904756205,0.2304784356157844,0.1266937526049911,0.1289712804840342,0.425618315063475,0.4863283754954635,0.2966470345794408
1825,Marmaraereğlisi,Tekirdağ,2024,431.0,4318.55,505.935,36,596.39,441.74,33.92999999999999,4.73,0.6909447154849507,3,16.253225806451614,19.44129032258064,5.706920415224913,689.61,4183.9,0.631676793048606,0.7955476142037442,0.2744677714148004,0.4344520010871273,0.6109562759667412,0.1718723033040009,0.4407871245188191,0.6413430931511555,0.1850325775380767,33.46043193408146,28.09875423467147,38.44019464097307,7.210246659121606,23.313993716963257,26.124626580261456,1.409439457618899,20.12123763461253,14.441578569521734,0.1479261720046412,0.6464958950233249,0.1539315614539709,0.4121414322832814,0.8261586830618751,0.2436872197109927,0.4140172507785937,0.8290702270116668,0.1080049469328073,0.6259449227463477,0.8994072961859627,0.1357617633495242,0.273462373439615,0.2480237026856073,0.0801474020154028,0.2051586615155102,0.3886590928165531,0.2920102480603336,0.1835004313010429,0.4316393950845072,0.1287089299418851,0.2637136793996636,0.6074639616731998,0.2962558110442979,0.3437502822735361,0.6308600256900171,0.1158405224560427,0.4355697380715864,0.7479950588120551,0.1896052582040236,0.3124253207404686,0.158176030459889,0.0534540926491298,0.1231365145956611,0.2402361156397098,0.3110105096723025,0.1170996010440486,0.4433774341140574,0.1503613776586864,0.2363352401595743,0.6386718146137853,0.341120167298051,0.402336574454211,0.6582092329691348,0.1346902613144754,0.447220963240893,0.8027395413313132,0.2100128039934014,0.3555185780904202,0.1659502542790811,0.0594877307728557,0.1387549211751847,0.263645556730286,0.3214986872277351,0.1248906355551013
1988,Süloğlu,Edirne,2017,332.0,3272.91,530.49,46,483.79,257.82,47.9,57.77,0.4332781016967745,16,16.99,23.63225806451613,11.577569444444444,696.88,4022.21,0.4522588411882862,0.7221245512912142,0.3765654458247892,0.3016764230259933,0.5313739844033625,0.229478959186542,0.2596683830406024,0.5510671982277117,0.2214227807254752,32.10352124946346,28.60388265353689,39.29267270351597,6.955762064873599,15.93988747482584,23.096622666088617,1.3922323268039871,15.40269095424191,9.809573852593177,0.1467473560564356,0.4433290474145026,0.1164008166314827,0.3066660602576137,0.6113487448646546,0.2573765419945042,0.3046826846070409,0.7392397522192007,0.1110035294222461,0.5576268967959089,0.8583568031476158,0.1537179828933434,0.3007299063517068,0.3457101569906839,0.1246635057095216,0.2441769051907268,0.5605034372698472,0.331054022857758,0.3163265320791204,0.2910230300515116,0.0857934613107429,0.1972820414063487,0.4199474920414519,0.2843890167159358,0.2226654506351031,0.5410327347522441,0.1124080003949944,0.3691273483032335,0.6738293962998023,0.2115421599369574,0.3047020479965687,0.2089597988465146,0.0883090897365212,0.138675992513085,0.357401614204158,0.3848243431535496,0.218725621691073,0.2480629801187231,0.0830417919359906,0.1621365647179881,0.3730060861829722,0.3197993955352124,0.2108695214649841,0.5487874543483373,0.1226570191925591,0.3887330242429267,0.7167958677661165,0.2225808750494252,0.3280628435231897,0.1933415270540738,0.0970173206816963,0.1270086752411036,0.361320212732394,0.4381541969793094,0.2343115374912903
1988,Süloğlu,Edirne,2018,331.0,3645.125,575.925,60,758.1700000000001,454.41,35.48000000000001,107.69,0.7224146068705211,12,18.41064516129032,24.698387096774194,10.704583333333334,674.3399999999999,3904.03,0.6859313114616336,0.6947759399649122,0.2670694986536577,0.4377570428860412,0.4962569921003983,0.165800686620235,0.4331570986408774,0.5001315739271353,0.1709244008991314,32.10352124946346,28.60388265353689,39.29267270351597,6.955762064873599,15.93988747482584,23.096622666088617,1.3922323268039871,15.40269095424191,9.809573852593177,0.1467473560564356,0.691439502621168,0.1164023728960466,0.5274165058568243,0.831982595265087,0.1696997512010463,0.3045660894082627,0.7021347591683693,0.0935101664115264,0.5634521160011882,0.8154337895316149,0.1345903924310461,0.2519816735304268,0.2402324875185405,0.0831683591195893,0.1895060879856962,0.3847003456792744,0.3114109231449303,0.1951942576935781,0.4316544931935212,0.0993235210706064,0.310556504268179,0.5722266573705275,0.2268918860009357,0.2616701531023484,0.4941446603985812,0.0886105857558881,0.3769213261563651,0.6151990077192873,0.1785578584612893,0.2382776815629221,0.1503455396636668,0.0569396866159864,0.111433098663854,0.2441349546353635,0.3434225019007688,0.1327018559715094,0.4238280364904104,0.1028794683181809,0.3066467739708669,0.5722522568912768,0.2375107521981912,0.2656054829204098,0.4941061023331669,0.091217309661696,0.3847816365125878,0.6230293179368513,0.1823866246744613,0.2382476814242635,0.1542611630175177,0.0590351922118707,0.1191758617525677,0.2518894491827787,0.3453877380954492,0.132713587430211
1988,Süloğlu,Edirne,2019,340.0,3559.9700000000003,574.69,61,496.35,317.1700000000001,51.56,35.63999999999999,0.4631700753380257,26,18.274516129032257,25.027419354838703,11.310555555555554,660.11,3843.55,0.4995846542547267,0.711041410373221,0.3929181559309498,0.3299046227176605,0.5253484456332783,0.2494148169908101,0.3150607846606685,0.5356966787178491,0.262728566901636,32.10352124946346,28.60388265353689,39.29267270351597,6.955762064873599,15.93988747482584,23.096622666088617,1.3922323268039871,15.40269095424191,9.809573852593177,0.1467473560564356,0.4882735903527921,0.1236839131953988,0.3476831343433294,0.6678921307634453,0.2475734835768899,0.3202089964201159,0.7236416634744242,0.0993774090167509,0.5673683353363903,0.8330006763171657,0.1397631805503259,0.2656323409807753,0.3730625853072826,0.1224046068088439,0.248014180571994,0.5683797619608101,0.311526980774986,0.320365581388816,0.3183154524838071,0.0903539826649276,0.2207273899894599,0.4511567826071,0.2738791045745805,0.2304293926176401,0.529314922616258,0.1085804113601997,0.3730815285005906,0.669869798490839,0.2066826546508806,0.2967882699902484,0.232411192387469,0.08543679965155,0.1542860575424073,0.3691327382170211,0.342549014057565,0.2148466806746137,0.2988570416814712,0.1041793927453992,0.193366366778197,0.4551518293083449,0.3306644235575181,0.2617854625301479,0.533177684004682,0.1008153853784799,0.4043084146317725,0.669928147125772,0.1881949046609253,0.2656197324939994,0.2402523319280905,0.0974034565345681,0.1582375888195258,0.4043293432262274,0.3707379737317847,0.2460917544067015
1988,Süloğlu,Edirne,2020,286.0,3752.715,543.2449999999999,51,439.13,192.16,71.26,68.47000000000001,0.3913352699399225,15,17.3441935483871,24.115161290322582,11.6778892733564,655.2299999999999,4067.94,0.676490214078594,0.7134350550720124,0.2852967934956619,0.4897508354724171,0.5335830324717806,0.1803030681855584,0.4787260343565355,0.5360572122356627,0.1667126645249002,32.10352124946346,28.60388265353689,39.29267270351597,6.955762064873599,15.93988747482584,23.096622666088617,1.3922323268039871,15.40269095424191,9.809573852593177,0.1467473560564356,0.7011862920269348,0.1403653217818261,0.4746213662977199,0.8417530192111943,0.2074905428942666,0.3671316529134743,0.7334063905710183,0.1064554086428153,0.5498011733967656,0.8408313284280536,0.1492152759890246,0.291030155031288,0.251907905173464,0.0985843523657311,0.1933639362000907,0.4316429441578402,0.3455501590389593,0.2382790079577494,0.501918652272602,0.128891505080839,0.3066576532473434,0.654310269937569,0.2631777135336775,0.3476526166902256,0.5488275546618911,0.1093859287550035,0.3691042313680118,0.6698799080243121,0.2050026370746498,0.3007756766563002,0.1581827871697438,0.0690441523353671,0.1152718217366694,0.2792624082972967,0.3829338736726907,0.1639905865606273,0.4863602090535144,0.1421878368745363,0.2871025837458268,0.6620557618953222,0.2970129607963637,0.3749531781494953,0.5332230925201112,0.1131485523463033,0.3847665982127321,0.6854697372028214,0.211075515380923,0.3007031389900893,0.1425683901682702,0.0740877042184491,0.0996238958761138,0.2714992766340259,0.4444035756346719,0.1718753807579121
1988,Süloğlu,Edirne,2021,433.0,3555.51,533.905,58,716.1500000000001,478.68,58.6,63.760000000000005,0.7228070521708525,9,17.102258064516132,23.206129032258065,10.520138888888887,680.8100000000001,3826.01,0.6524596834574999,0.7447667173038933,0.3762872292792419,0.4338884402167474,0.5439987517728317,0.2348253563045568,0.4801027132618367,0.5680173626423028,0.2286372985383591,32.10352124946346,28.60388265353689,39.29267270351597,6.955762064873599,15.93988747482584,23.096622666088617,1.3922323268039871,15.40269095424191,9.809573852593177,0.1467473560564356,0.658212613804758,0.1299734647519072,0.4747003670844226,0.8261250686594162,0.1992053578899384,0.3514247015749935,0.7626937137834254,0.1024766530359493,0.5928000366677143,0.866213399579528,0.1375956398896581,0.2734133629118137,0.3574159346704441,0.1268938088892253,0.224605109757472,0.5606430371978061,0.3372259248135623,0.336037927440334,0.4277604228877399,0.1063776974354967,0.29885587803839,0.5878892088504986,0.2451729236721682,0.2890333308121086,0.5488512582600816,0.1074962581092042,0.3965282195481365,0.6854879169467993,0.1976038690509598,0.2889596973986628,0.2206802770642514,0.0860356095334767,0.1347882171181706,0.3574037805763189,0.36638125834202,0.2226155634581482,0.4707126229024082,0.1323557147223716,0.3105557172605478,0.6620790405424668,0.2756820802430833,0.351523323281919,0.5644264739400126,0.1139854708013812,0.4199659590216282,0.7206793905436175,0.2006725116132783,0.3007134315219893,0.2089940586824735,0.1020241698148278,0.1191288205033216,0.3730456755469156,0.4462271487069329,0.2539168550435939
1988,Süloğlu,Edirne,2022,394.0,3445.385,551.33,50,520.54,379.2600000000001,25.99000000000001,44.26999999999998,0.4785209278445113,27,17.686774193548384,25.150645161290324,11.32576388888889,762.4200000000001,3943.88,0.5196057745287771,0.6913637330294492,0.2979520814601292,0.3363863933404049,0.5114409015514664,0.187844388426163,0.3391874948555972,0.5181350979522794,0.1879853810309774,32.10352124946346,28.60388265353689,39.29267270351597,6.955762064873599,15.93988747482584,23.096622666088617,1.3922323268039871,15.40269095424191,9.809573852593177,0.1467473560564356,0.5195341341619009,0.1101196197267942,0.3789513958226014,0.6679575745650329,0.2119291684674985,0.2890061787424315,0.7040960653347828,0.1126598034065115,0.5283219116750051,0.8329940797108186,0.1629530130440218,0.3046721680358135,0.2597247530273407,0.1073408641434164,0.1972882189494157,0.4589647236209604,0.3602621724184206,0.2616765046715447,0.3300786787684887,0.0785818283313471,0.2402396653608548,0.439434832527614,0.2336058469874747,0.1991951671667592,0.5136928610007209,0.1180186884169791,0.3496294312817461,0.6699432052180788,0.2307572352132319,0.3203137739363327,0.162088816674233,0.0760866303358768,0.1152860787683762,0.2988653026536933,0.405051388403783,0.1835792238853171,0.3301189060380647,0.0961604046835323,0.2207057730446695,0.4706627964627065,0.283502210847929,0.2499570234180369,0.5214745584810864,0.1071243696874248,0.3730360615817535,0.658159843717268,0.206749880698665,0.2851237821355144,0.162088164549215,0.0762663645750207,0.1192324093162713,0.2988626621576835,0.4057036997065909,0.1796302528414122
1988,Süloğlu,Edirne,2023,576.0,3837.175,506.35,55,403.3,173.08000000000004,46.510000000000005,34.35,0.3859542911772928,14,16.13741935483871,22.204838709677414,11.180208333333333,575.88,3779.36,0.5787938563053541,0.791276967178865,0.4013130213022587,0.3971052833694633,0.6011286821313422,0.2482250665261024,0.3915835209146179,0.6605300444498361,0.2676888538177012,32.10352124946346,28.60388265353689,39.29267270351597,6.955762064873599,15.93988747482584,23.096622666088617,1.3922323268039871,15.40269095424191,9.809573852593177,0.1467473560564356,0.584004323380171,0.1509923957972966,0.3730025106724019,0.7792888776763439,0.2608742199876386,0.406286367003942,0.8369057580564733,0.1171678959128113,0.6064498193421428,0.9052572802767,0.148074442670244,0.2988074609345571,0.384724923681323,0.1225488599428576,0.2598196774923978,0.5722435129982313,0.3053697573659266,0.3124238355058334,0.3926032682023566,0.1152518751941605,0.2480441800911762,0.5566482533616003,0.2902300221650065,0.308604073270424,0.6425988632075431,0.1328509709732327,0.400361234699616,0.7441193053305696,0.2210025489088304,0.3437580706309536,0.23241824758396,0.0819685886193083,0.1582340465133325,0.3573860141344975,0.3302188202281692,0.199151967621165,0.380834207620913,0.1323706206528547,0.2246100135586239,0.5761723621904846,0.3380393034509674,0.3515623486318606,0.6816151404885856,0.1461087350943715,0.4472740675558184,0.8417574988703527,0.2211992267756228,0.3944834313145342,0.2519133452665756,0.0914210523726692,0.1660096551969043,0.3886189045708049,0.3415198319573213,0.2226092493739005
1988,Süloğlu,Edirne,2024,419.0,4160.43,523.115,50,445.5,290.63,42.85,8.760000000000002,0.3591494330327114,31,16.666774193548388,23.37258064516129,11.814636678200692,673.8800000000001,4062.81,0.6107881025311231,0.7267373047801249,0.2564547320507148,0.4312924754829612,0.5489897039869944,0.1618738005456884,0.4236006642291912,0.5664893810886362,0.1786809202325857,32.10352124946346,28.60388265353689,39.29267270351597,6.955762064873599,15.93988747482584,23.096622666088617,1.3922323268039871,15.40269095424191,9.809573852593177,0.1467473560564356,0.6151776183123695,0.1616369736746173,0.3925460078436231,0.8261046837247162,0.2646367422757403,0.4335586758810931,0.7529345073594755,0.1166839014193895,0.547822175130234,0.8583919223734471,0.1605585686215632,0.310569747243213,0.2323939108852322,0.0802106987463122,0.1817042166546564,0.3651444787134573,0.3127674740291021,0.1834402620588009,0.4198721892501273,0.1405172607149653,0.2519508367988247,0.6307713552372514,0.3258050364955105,0.3788205184384266,0.5605704534882785,0.1235985224525856,0.3730514762707198,0.7050633603749861,0.2251381429468734,0.3320118841042662,0.1464286758660917,0.0574684385110795,0.1074697709640144,0.2363189582510358,0.3550200113752147,0.1288491872870213,0.4121219426778632,0.1465996181611465,0.2363935741349109,0.6308184865247918,0.3460797646007186,0.3944249123898808,0.5723279395774742,0.1299668316387499,0.3886586177967626,0.7324013933697436,0.2294250095014836,0.343742775572981,0.1620686723369515,0.0541729036574215,0.1348191616815048,0.2479978743181982,0.3031823632143019,0.1131787126366934
2094,Ergene,Tekirdağ,2017,458.0,3148.73,495.2750000000001,53,501.9500000000001,309.87,36.3,40.42,0.4737397276031357,13,15.884838709677416,22.041612903225804,10.853333333333332,696.88,4022.21,0.4715545499678792,0.8374406741515669,0.4759237575068963,0.3043691268646993,0.6423622646913927,0.2994377597992745,0.273108041173727,0.6796060435040105,0.2848961829819919,33.71112980140532,27.53444831039412,38.75406290121565,7.311162807071716,20.9041586187774,27.405742006092467,1.3659230621258516,18.996509742001557,12.31508020014604,0.1473773750388305,0.4589860135605307,0.1156683043345732,0.3300731166261387,0.626972137977887,0.2452914606432113,0.2968990213517482,0.8652556835532045,0.0889445329255944,0.7012063890119075,0.9198993211588318,0.1062099509505034,0.2186929321469243,0.4785013160378538,0.1236325812031823,0.3183983575159553,0.6308581875852538,0.2597739222997097,0.3124598300692984,0.2949398498194822,0.0823510431207014,0.2090135811794183,0.4159721494919485,0.2705630625845598,0.2069585683125301,0.6660377807577521,0.0941617039028604,0.5019655583784165,0.7441131392970782,0.146586605531846,0.2421475809186617,0.3027130944477548,0.0934062996684455,0.1816899793393487,0.412118429766949,0.3119389476165584,0.2304284504276003,0.2558444295292352,0.0960555641648845,0.1660191767066808,0.4042757192204003,0.351712691256068,0.2382565425137194,0.6933572034095824,0.1081928761787052,0.5254306672366248,0.8066324075660065,0.1591994026728615,0.2812017403293817,0.2832021333801751,0.1073344336394582,0.1425845137816978,0.4160027575307626,0.3767492864102108,0.2734182437490647
2094,Ergene,Tekirdağ,2018,351.0,3533.31,552.38,64,733.69,443.01,43.23,101.41,0.7323884217172224,2,17.62483870967742,23.457419354838706,10.250416666666668,674.3399999999999,3904.03,0.7602508468892738,0.7841174503845639,0.2937825211956734,0.5084063522148821,0.5770908573243766,0.1866353056394477,0.4985826327632283,0.5902662986144384,0.1775770464003944,33.71112980140532,27.53444831039412,38.75406290121565,7.311162807071716,20.9041586187774,27.405742006092467,1.3659230621258516,18.996509742001557,12.31508020014604,0.1473773750388305,0.7774171430056249,0.1110374113729121,0.6133899857586431,0.8866374054222995,0.1460536503540181,0.2732474196636564,0.7958947973002553,0.076738472065596,0.6787424132490242,0.8720562330596486,0.0978660429352265,0.1933138198106244,0.2753943942082254,0.0836593597934956,0.2089959416019299,0.4003719418488045,0.2847662939680964,0.1913760002468745,0.5195124264788471,0.1078916482333551,0.3633964363702637,0.6444411215196895,0.2122153819741297,0.2810446851494257,0.5800606547001823,0.0779119452387771,0.4746226453018529,0.6738128990389431,0.1350081087751208,0.1991902537370902,0.1756882167396892,0.0557072642940054,0.1291222048713545,0.2537839312302423,0.2984819196086284,0.1246617263588877,0.4960985825520814,0.1184527088539674,0.3476982629801719,0.6444108076114641,0.2375788907798146,0.2967125446312921,0.587907144390057,0.0963115001978216,0.4668565366533073,0.7167557052471208,0.1631661852013208,0.2498991685938135,0.1621093532991673,0.0664540142926453,0.1152849827011033,0.2597784899277093,0.3742263746340682,0.1444935072266059
2094,Ergene,Tekirdağ,2019,456.0,3411.715,544.2700000000001,62,493.1,333.53,47.31,28.48,0.4871634342421104,17,17.419032258064515,23.805483870967738,10.54625,660.11,3843.55,0.661913801347039,0.7849132889256022,0.3228265426982943,0.4743352510367746,0.5959542165296837,0.2063910999363137,0.4604314449141501,0.5998472263770985,0.2159631485052202,33.71112980140532,27.53444831039412,38.75406290121565,7.311162807071716,20.9041586187774,27.405742006092467,1.3659230621258516,18.996509742001557,12.31508020014604,0.1473773750388305,0.6757914216656361,0.1326645261832759,0.472636577415747,0.8241878191580896,0.200425683696721,0.3515512417423426,0.8076056686185434,0.0904203827453918,0.6494427448522488,0.8798674837629344,0.1151979257086603,0.2304247389106856,0.2909844661988641,0.108686194453567,0.2168358412681867,0.4863514402097158,0.3366705647718144,0.2695155989415291,0.4785162835802948,0.1165314222662502,0.3144243252935784,0.626969507051233,0.245673122567936,0.3125451817576546,0.6152307942997741,0.1022887327413317,0.4472130213378514,0.7128877399850596,0.1716385754210648,0.2656747186472082,0.1855481200309491,0.0777993468789966,0.130885588350068,0.3183310029229795,0.3769510744552611,0.1874454145729115,0.4570604396221585,0.1344878433420682,0.2851862724514105,0.6366826687821185,0.2920909178284818,0.351496396330708,0.6073968369696865,0.1019854676280349,0.4589928783712252,0.7245641572658054,0.1700190700955596,0.2655712788945801,0.1894128851308958,0.0875758504479501,0.1387233705207045,0.341793302339215,0.4055129361379599,0.2030699318185105
2094,Ergene,Tekirdağ,2020,430.0,3619.28,517.6100000000001,55,438.88,219.33,72.16000000000001,69.29,0.4099515856436161,11,16.596129032258066,22.99838709677419,11.056089965397923,655.2299999999999,4067.94,0.6972690313833989,0.8207784646598518,0.3874953701152232,0.495823093850796,0.6264469137645772,0.233065108696998,0.4896709801310918,0.6939939469939822,0.2437884169951938,33.71112980140532,27.53444831039412,38.75406290121565,7.311162807071716,20.9041586187774,27.405742006092467,1.3659230621258516,18.996509742001557,12.31508020014604,0.1473773750388305,0.7167823381358601,0.1119871613343888,0.5371156936568166,0.8261567288379412,0.1606082534774326,0.2890410351811247,0.8525291509602327,0.0878613406824171,0.6885012716071504,0.8974662665049157,0.1070463522929159,0.2089649948977653,0.3710138322352623,0.1252988456982339,0.2382732592682192,0.5585344334394376,0.3233557233496129,0.3202611741712184,0.5097779315868873,0.0957412225234974,0.3573939411530851,0.6073873944155482,0.1930955288506751,0.2499934532624631,0.6543304579860297,0.0870606218934604,0.4941839778348932,0.7128399141933485,0.1389752586859712,0.2186559363584552,0.2226008256046739,0.0871829879506628,0.1367505210680039,0.3553902504620898,0.3740713847648777,0.2186397293940858,0.4941416401155688,0.1229103572981586,0.3261865521522223,0.646440586858297,0.2510060066562527,0.3202540347060746,0.7168058409617312,0.1171372033889775,0.5214346750808979,0.822249204707518,0.1687870678070817,0.3008145296266201,0.2226306368327393,0.1168819523624267,0.1133120611978809,0.4022553666622275,0.4794401383094875,0.2889433054643466
2094,Ergene,Tekirdağ,2021,545.0,3464.57,515.01,59,610.76,385.26,49.08,63.22,0.6360625833387289,8,16.59741935483871,22.35935483870968,10.110833333333334,680.8100000000001,3826.01,0.6941491543611411,0.8162484748974321,0.5518365134190177,0.4636263405202772,0.621165305224157,0.3640834182789514,0.5287022840424767,0.6372368505822623,0.3765286550732608,33.71112980140532,27.53444831039412,38.75406290121565,7.311162807071716,20.9041586187774,27.405742006092467,1.3659230621258516,18.996509742001557,12.31508020014604,0.1473773750388305,0.7148232206993159,0.1128135357456908,0.5351610177328735,0.8241285903537472,0.16252059811197,0.2889675726208737,0.8418292714283337,0.0875441472743357,0.6815889124678511,0.9003287132523687,0.1072518356439641,0.2187398007845176,0.5507942531858777,0.1677524420519337,0.332010567509995,0.7773389590441835,0.3039893844874248,0.4453283915341884,0.4667872986558033,0.0946711068135692,0.3379089037111302,0.5839781028334784,0.2041969977532557,0.2460691991223481,0.6425923949977936,0.0926708496480845,0.4823949013049515,0.7206694552597259,0.149188708494662,0.2382745539547743,0.3554376757112596,0.1366905740796005,0.1914547018503722,0.5585979535579146,0.3754375157367692,0.3671432517075423,0.5350980710649851,0.1243431980571215,0.3633029926800919,0.6835036642974027,0.2351856646171243,0.3202006716173108,0.6503760289499516,0.1104746897166388,0.4823987498073877,0.7714356701123851,0.1733651932020171,0.2890369203049974,0.3632753744111602,0.1650760004102273,0.1601775506171962,0.6053906948715433,0.438415504865383,0.445213144254347
2094,Ergene,Tekirdağ,2022,438.0,3299.54,520.125,54,504.44,351.04999999999995,19.88,39.94,0.4929857421462745,16,16.562258064516133,23.70387096774193,10.63170138888889,762.4200000000001,3943.88,0.5370450641331682,0.8093209066837234,0.3693771664303726,0.3449505019712415,0.6248244378482732,0.2283195412543531,0.3325102659336399,0.6668509942259776,0.2122177747170874,33.71112980140532,27.53444831039412,38.75406290121565,7.311162807071716,20.9041586187774,27.405742006092467,1.3659230621258516,18.996509742001557,12.31508020014604,0.1473773750388305,0.5429903611543473,0.1085213366022702,0.3946135024090937,0.6757038506459383,0.20207119262409,0.2810903482368445,0.8457044444891348,0.1039707844830536,0.6425493903243703,0.9081571025864252,0.1284666979740888,0.2656077122620549,0.3418112938763047,0.1144454426863453,0.2558622318617305,0.5331718779058008,0.3098335606186373,0.2773096460440702,0.3476522315074454,0.0792569613393427,0.2461392143001048,0.4491417342444815,0.2297632874468186,0.2030025199443767,0.6582320100576893,0.112155180074225,0.4472578835929416,0.7402139889615982,0.1794987092061528,0.2929561053686565,0.2089687470840193,0.0764264298894354,0.1543400808121942,0.3339618179693838,0.3347345105441268,0.1796217371571895,0.3261714550417055,0.0886870077387163,0.2246186271438343,0.4472965269940471,0.2667196078584108,0.2226778998502127,0.6894606812234532,0.1241347168824299,0.4785072046945569,0.8105066140064671,0.1861506062932614,0.3319994093119101,0.185518123192398,0.0874700591173065,0.1348163272440139,0.3339709146457259,0.4121712200305321,0.199154587401712
2094,Ergene,Tekirdağ,2023,336.0,3699.885,479.74,55,360.76,143.29000000000002,36.52,26.11,0.3616234197946414,10,15.21774193548387,21.01806451612903,10.627256944444444,575.88,3779.36,0.5548611264681413,0.7927721483433656,0.4808016632432719,0.3742327718122963,0.6147171029879925,0.3210840733666555,0.3506914987901915,0.6050852236150014,0.2991490536371975,33.71112980140532,27.53444831039412,38.75406290121565,7.311162807071716,20.9041586187774,27.405742006092467,1.3659230621258516,18.996509742001557,12.31508020014604,0.1473773750388305,0.5644466965256427,0.1205957282139141,0.3847556186581689,0.7050803477974233,0.2173439847580283,0.3203247291392544,0.8300685925021362,0.1083341640816458,0.6152241291865185,0.8964454706405435,0.1366523335967702,0.281221341454025,0.4746186841263412,0.120564973766348,0.3340230570610866,0.6347734220878881,0.2507582293976916,0.3007503650268014,0.3769371782214873,0.0897033168697003,0.2519616690537429,0.4863038157272784,0.2396992557206957,0.2343421466735354,0.6464570789491868,0.1135129622566648,0.4316833358104737,0.7363139214601564,0.1846588645490836,0.3046305856496826,0.318356317101723,0.0912853494954702,0.2089935172545767,0.4355341757063378,0.2843035736351482,0.2265406584517611,0.3457193176497268,0.1044245812140155,0.216793761914988,0.4863368029367432,0.2977676435678007,0.2695430410217551,0.6190947698815551,0.1264347018975419,0.4238981399110271,0.7597606932931805,0.2089535440019086,0.3358625533821534,0.2870991263110874,0.098583456566257,0.1972702766967116,0.4159818703064989,0.329546275903708,0.2187115936097873
2094,Ergene,Tekirdağ,2024,371.0,3976.645,487.195,53,492.25000000000006,337.78000000000003,39.5,7.590000000000001,0.4244331899557627,28,15.538387096774192,21.606129032258064,11.10878892733564,673.8800000000001,4062.81,0.6279895734812577,0.7856259925873813,0.2845010946217136,0.4163080575229351,0.6051713932770022,0.1834155844277736,0.4248322355328471,0.6230239645103731,0.1916891138583727,33.71112980140532,27.53444831039412,38.75406290121565,7.311162807071716,20.9041586187774,27.405742006092467,1.3659230621258516,18.996509742001557,12.31508020014604,0.1473773750388305,0.6445160429016178,0.1340514962664744,0.4336670646447467,0.7929302813944725,0.2134613406451327,0.3592632167497258,0.8212903381119674,0.1073525459447595,0.6161962206517357,0.8896502554319861,0.1366458683364135,0.2734540347802503,0.2597374074112041,0.0808702745453221,0.2129108805441645,0.3964861835704752,0.2842529469099273,0.1835753030263107,0.4199133201144776,0.1061391500615506,0.2753467726177039,0.5566405989261609,0.2549533888272227,0.281293826308457,0.6308911440959004,0.1115730578545723,0.4315938824807056,0.7285065428492681,0.1843660475264773,0.2969126603685624,0.1698936019724292,0.0553689021849989,0.1309160021039042,0.2597931000281596,0.3018767590428088,0.1288770979242554,0.4277439611590656,0.1279890045975004,0.2519033198923225,0.5878647188962346,0.3012695221608355,0.3359613990039121,0.6425591437191978,0.1240621204198222,0.4434062842158863,0.7675708504637992,0.199128970130902,0.3241645662479129,0.1737744249415981,0.059957065035985,0.1387300258085277,0.275367442318155,0.3127828379460483,0.1366374165096273
2095,Kapaklı,Tekirdağ,2017,420.0,3235.2250000000004,483.16,68,602.17,407.97,34.87,43.46,0.733195593705806,4,15.481612903225804,19.640645161290323,7.397812499999999,673.3499999999999,3787.32,0.4875979734419367,0.8132652428923353,0.4634741233757833,0.3028123852493641,0.6073512354297604,0.2846077247446771,0.3163292135900565,0.6353435911341223,0.2736850194672377,33.243344825791404,27.39596415521618,39.36117499708281,7.162757936610641,22.46480874176013,24.79159493898971,1.3571163530825696,19.19873437308103,11.733557927132836,0.1490031021548674,0.490287526950676,0.1225210668441625,0.3222118832219445,0.6504375651530555,0.2512747663393486,0.328225681931111,0.8339907309615978,0.0943418916838762,0.6777632001518812,0.919914453076664,0.1160038407006725,0.2421512529247826,0.4628364527043543,0.1492516149581676,0.26377283620484,0.6580459864131443,0.3220279351759083,0.3942731502083042,0.2987913139953494,0.0887881585184189,0.1895581507104261,0.4199057461729056,0.2932117801103229,0.2303475954624795,0.6230248531764646,0.1052676650691931,0.4551027638073835,0.7323534791367299,0.1733225503274163,0.2772507153293463,0.2792646718211629,0.1109411608296229,0.142590125576279,0.4276667828486563,0.3898037585914043,0.2850766572723773,0.3144778253009152,0.0924677177389676,0.1973202966873562,0.4355107459939127,0.2923148219209378,0.2381904493065565,0.6386697902524681,0.096336898042798,0.5099022727996876,0.7557460636227781,0.1516296054404697,0.2458437908230905,0.2637042493736947,0.114422171165476,0.1308075178518091,0.427690440260131,0.4180797742902158,0.2968829224083218
2095,Kapaklı,Tekirdağ,2018,290.0,3691.445,553.215,57,754.47,484.52,43.900000000000006,91.09,0.944219242451788,0,17.60161290322581,21.6383870967742,7.191770833333332,587.6999999999999,3710.55,0.6607968842905564,0.7343900331589541,0.3681808541713968,0.4213330843497504,0.5175684722586644,0.2318146730114312,0.4302953619329119,0.5377435669193378,0.2272104728325416,33.243344825791404,27.39596415521618,39.36117499708281,7.162757936610641,22.46480874176013,24.79159493898971,1.3571163530825696,19.19873437308103,11.733557927132836,0.1490031021548674,0.6660593198902623,0.1145005875781067,0.5096716509633437,0.8066220735007619,0.1732765246026192,0.2969504225374182,0.7393043958971286,0.0783805583212918,0.6318019922287987,0.8330461859828857,0.1067287882218942,0.2012441937540869,0.3496418983167681,0.1043812325638152,0.2519427091327171,0.5176407503292102,0.2835053245740566,0.265698041196493,0.4160088647076486,0.0994546849628922,0.2950177712460248,0.5527219336424671,0.2360476512694989,0.2577041623964423,0.5175050570999389,0.0745289913175227,0.4239111804217528,0.6152074929628228,0.1439983215984521,0.19129631254107,0.2167722967902122,0.070595703220769,0.1543253202091481,0.3301306549378721,0.3045350939337989,0.1758053347287239,0.4238050005424574,0.1278767549391269,0.2715067581785506,0.5958521488033043,0.2971836702229302,0.3243453906247537,0.5331884578430617,0.084358342051584,0.4355811218735756,0.6503170056634333,0.1568746652514354,0.2147358837898577,0.2090087632279251,0.078300763824161,0.1465361132071779,0.3418239200847326,0.344617758363058,0.1952878068775547
2095,Kapaklı,Tekirdağ,2019,380.0,3533.1400000000003,537.73,70,602.3399999999999,420.3,45.89,31.91,0.7594270768468212,3,17.195483870967745,21.890645161290323,7.0010763888888885,653.04,3666.96,0.6400135426229666,0.7391060311737182,0.3354085879880635,0.4417567870532741,0.5385938458208449,0.2111662821014238,0.4682682794382294,0.5432786160419407,0.2172939248385349,33.243344825791404,27.39596415521618,39.36117499708281,7.162757936610641,22.46480874176013,24.79159493898971,1.3571163530825696,19.19873437308103,11.733557927132836,0.1490031021548674,0.650423026662036,0.1218425112012523,0.474723457320692,0.7909762373994544,0.1903748953528473,0.3162527800787624,0.7489723228790961,0.0871933826472319,0.6181847679264854,0.8446977839479802,0.1179714127197241,0.2265130160214948,0.3104962786065194,0.0973137293030496,0.2324627995388086,0.4824228436343299,0.2901348766493504,0.2499600440955212,0.4433733651557983,0.1048206113409099,0.3027977979879215,0.5800359149353859,0.2372812697233534,0.2772381169474643,0.5410810846631625,0.0983187270370166,0.4043027048722019,0.6699017917831236,0.1825470673308081,0.2655990869109216,0.1972348908415916,0.0679052081647073,0.1387510679902466,0.3065154795435088,0.3215722107191917,0.1677644115532621,0.4706909079225029,0.1138375857567896,0.3184545913744011,0.6151971853666699,0.2431033464264502,0.2967425939922687,0.5410243780273983,0.0845486823508061,0.4355218791789456,0.6542867273875532,0.1556267444626958,0.2187648482086076,0.1933227737544502,0.0763633610463721,0.1426539702399548,0.3301246909208375,0.3514288818848278,0.1874707206808826
2095,Kapaklı,Tekirdağ,2020,391.0,3752.65,503.47,52,512.21,291.21,75.82999999999998,57.650000000000006,0.6027197344743304,1,16.2,20.675806451612896,7.446262975778548,654.86,3874.39,0.6541359278944573,0.7976328337797383,0.3911557785485434,0.455370107401048,0.5990861358468711,0.2426967433567872,0.4602946473672464,0.6567583452729158,0.2481766309361563,33.243344825791404,27.39596415521618,39.36117499708281,7.162757936610641,22.46480874176013,24.79159493898971,1.3571163530825696,19.19873437308103,11.733557927132836,0.1490031021548674,0.6620794275768053,0.1200665178804941,0.4901850246346718,0.8066785119123769,0.1835497986893428,0.3164934872777051,0.8291352929116454,0.0945974327388691,0.6512673017199235,0.8896436772947964,0.1185977165591351,0.2383763755748729,0.3633176435775183,0.1348819040534227,0.2384490317807799,0.5976555464483556,0.3448291229492435,0.3592065146675757,0.4589771327142468,0.1046214810363709,0.3144304760394266,0.5917697361231736,0.2297504367018759,0.277339260083747,0.6308895653392004,0.1011749744788628,0.4394605917008667,0.7050432023942788,0.1688821830868133,0.265582610693412,0.2225917513684677,0.0964221012593133,0.1367477414303757,0.3789967488423451,0.3972945822250434,0.2422490074119693,0.4589901619410247,0.1185108781393557,0.3066184095661612,0.6152201258019139,0.2574674261740909,0.3086017162357526,0.669955558305926,0.1082880277089862,0.4980575293963477,0.7831902276869618,0.1648826063473729,0.285132698290614,0.2207149965141905,0.1223309067030431,0.1191542929603414,0.4316517468538152,0.4929187177761023,0.3124974538934737
2095,Kapaklı,Tekirdağ,2021,527.0,3643.27,516.915,42,650.78,403.28,48.96,65.54,0.8156656637291524,2,16.624838709677416,20.809354838709677,7.114513888888889,681.22,3707.88,0.6931925864237902,0.767313165384549,0.518436490561123,0.4623927372572042,0.5575593017532979,0.3271348201953541,0.5344887761948368,0.5848501796165047,0.3435419721513836,33.243344825791404,27.39596415521618,39.36117499708281,7.162757936610641,22.46480874176013,24.79159493898971,1.3571163530825696,19.19873437308103,11.733557927132836,0.1490031021548674,0.7089881211075258,0.1085203872729983,0.5410005033365298,0.8183501151786262,0.1565515693594757,0.2773496118420964,0.7900606270684959,0.0931353916495675,0.6279647379187917,0.8681354240883686,0.1213785920158055,0.2401706861695769,0.5194923728084871,0.1562252936546798,0.3084148167268964,0.7148545489687729,0.3013393086694022,0.4064397322418764,0.4669272923982375,0.0938283618259117,0.3339054122493334,0.583965396047093,0.2029191945844081,0.2500599837977595,0.5722647050380713,0.101347939079974,0.4083084117421801,0.6816039871591416,0.1817706901513003,0.2732955754169615,0.3241716076620503,0.1182811233130483,0.1757723357507953,0.4805093829921874,0.3615669015068918,0.304737047241392,0.5371226705286583,0.1119483175576825,0.3847564685781337,0.6776700876552694,0.2094493327898696,0.2929136190771356,0.587920689403689,0.0974427414898616,0.4511642833137187,0.705015586360671,0.166611458602537,0.2538513030469522,0.3320392972282635,0.1338619846087856,0.1836620208651604,0.5195914531435225,0.3896524892445999,0.335929432278362
2095,Kapaklı,Tekirdağ,2022,398.0,3393.71,501.945,55,584.62,381.41,17.490000000000002,47.02,0.7204421570493217,1,15.900645161290322,20.910000000000004,7.197361111111111,761.58,3809.49,0.5289851955760541,0.76837389234693,0.389231084037985,0.3305767730400213,0.567618855131531,0.2415934356648435,0.3533722697432103,0.6193001987933302,0.2317179087423888,33.243344825791404,27.39596415521618,39.36117499708281,7.162757936610641,22.46480874176013,24.79159493898971,1.3571163530825696,19.19873437308103,11.733557927132836,0.1490031021548674,0.5272749529126326,0.1035190817391437,0.3945950998180979,0.6679872489805381,0.195693721875172,0.2733921491624401,0.7939429272392794,0.1107164657189263,0.600597595200109,0.8916010700578918,0.1440919151752446,0.2910034748577828,0.3691704911022577,0.1167585243274507,0.2597671790340814,0.5605708389593891,0.299972250715866,0.3008036599253076,0.3261414907504688,0.0741945712790638,0.2402854856871997,0.4276303300653162,0.2244397590210655,0.1873448443781165,0.5840633133718135,0.1192580876850183,0.392614693010233,0.7128445458445953,0.2101024069353428,0.3202298528343623,0.2285291756595333,0.0794389506467209,0.1543739757742162,0.349623572804518,0.3288125375928035,0.1952495970303017,0.3457213736431534,0.0876945305012733,0.2480878777368056,0.4667228911102311,0.2481647203528434,0.2186350133734254,0.6308481328898866,0.1132964984586493,0.4589600220700117,0.7597719479921795,0.182942777475933,0.3008119259221678,0.2050209158281596,0.0870538317409574,0.1464910603054999,0.3612849532055472,0.3756888374033232,0.2147938929000472
2095,Kapaklı,Tekirdağ,2023,358.0,3764.72,462.485,49,381.76,164.4,33.57,21.58,0.485962425171175,1,14.684838709677422,18.50032258064516,7.158333333333335,576.3999999999999,3629.44,0.5473910862037861,0.7953628058458251,0.528481526955178,0.3630074762132904,0.6038287498876745,0.3538675673826716,0.3702587106279854,0.649660902482192,0.3378779826557215,33.243344825791404,27.39596415521618,39.36117499708281,7.162757936610641,22.46480874176013,24.79159493898971,1.3571163530825696,19.19873437308103,11.733557927132836,0.1490031021548674,0.5488631368136622,0.1261859519845304,0.3809270118045107,0.71687224332261,0.2305224823071985,0.3359452315180993,0.8349224120163081,0.1125251165415588,0.6161905024507871,0.905270943933962,0.1414764629606919,0.289080441483175,0.5293008427191066,0.1457491444432599,0.3339466872982674,0.7167944356018416,0.2757885318773335,0.3828477483035742,0.3574887737119981,0.0968947789112602,0.2402517530427605,0.4981344488168114,0.2669222681637781,0.2578826957740509,0.6386548171107683,0.1271446569491904,0.4082406232956481,0.744086668914016,0.2105640994617134,0.3358460456183678,0.3535161712258761,0.111102196335194,0.208960549467772,0.4940473972639037,0.3139654678074759,0.2850868477961317,0.361320834588504,0.1094364129332315,0.2363616845443225,0.517598472448071,0.2955674229719525,0.2812367879037484,0.6660730335537103,0.1251468981484734,0.4629494766979659,0.8027184353658511,0.1926341844958168,0.3397689586678851,0.3222958954622976,0.1098185632847711,0.2128036029037898,0.4824062969291083,0.3250243251175972,0.2696026940253184
2095,Kapaklı,Tekirdağ,2024,371.0,4064.28,482.81,55,565.8199999999999,405.67,35.77,8.19,0.6264416083397577,8,15.438709677419356,19.517741935483876,7.605813148788927,676.01,3874.4,0.6406902270494366,0.7448024847280764,0.3106676804664466,0.4159172829574176,0.5484433553208584,0.2008722023630058,0.4516252460025821,0.5759636936890469,0.2063748422811889,33.243344825791404,27.39596415521618,39.36117499708281,7.162757936610641,22.46480874176013,24.79159493898971,1.3571163530825696,19.19873437308103,11.733557927132836,0.1490031021548674,0.6444554837066416,0.1088915529809223,0.4961488496207151,0.7772837203442913,0.1699597533778521,0.2811348707235761,0.7685740223950493,0.1040192969157734,0.5849614490051659,0.8603025776612533,0.139660244224011,0.2753411286560874,0.2871020989252655,0.0814225431899501,0.2325091383051177,0.4237983432603855,0.2620888760224418,0.1912892049552678,0.4101185619513736,0.088894829446128,0.3008706076981818,0.5349836595654354,0.2137319921260143,0.2341130518672535,0.5605280555674413,0.1089863052786386,0.3926037524182308,0.6855725281285746,0.19871934671335,0.2929687757103438,0.1894011311296183,0.0559278625433877,0.1464996186206767,0.2753639890345581,0.2784250975768056,0.1288643704138813,0.4492259276215725,0.1082490091855201,0.3165081255198982,0.5897302808238767,0.2396876838565867,0.2732221553039785,0.5840275115705406,0.103505714556457,0.4315942723488494,0.7049947447588503,0.1797087484690278,0.2734004724100008,0.1894237031174414,0.0594654722488608,0.1504634403588577,0.2870729539457041,0.2881430294097484,0.1366095135868464
2096,Süleymanpaşa,Tekirdağ,2017,458.0,3444.4750000000004,519.705,65,535.49,357.32000000000005,28.89,45.42999999999999,0.5367115783907817,10,16.690967741935488,21.734193548387097,8.684548611111111,695.48,4103.98,0.4781121126856961,0.8249020670708999,0.4917004326930737,0.3122757825299116,0.6249666088817287,0.3157516550603194,0.2700971637623525,0.6941151385582535,0.3284747572997844,34.88306527066829,29.764055024426945,35.35295608380236,6.814120153300926,26.518525803690327,25.284041115486456,1.3759346319829384,21.055131465686586,14.837065535808176,0.1440633790420225,0.4746373865396253,0.1393689414928315,0.294941757859696,0.6659989685631456,0.2914984535948174,0.3710572107034495,0.8613458676897294,0.098002755438788,0.6738240797585244,0.9120691174500248,0.1188053216871922,0.2382450376915003,0.4883161533521837,0.1347320948671802,0.3243001010257413,0.6756949191977576,0.2740125611223163,0.3513948181720162,0.3066314771516574,0.1031286009314381,0.181689696533653,0.4511463415224685,0.3302484749087447,0.2694566449888155,0.6503774785259111,0.1034291150357338,0.4668185376297968,0.7324031278457911,0.1654954257809111,0.2655845902159942,0.3164002420390646,0.1032153002122961,0.1836119187620125,0.4491284405079069,0.3268875983962094,0.2655165217458944,0.2558670690304261,0.1010309637707435,0.1504258939320012,0.4042839278931235,0.3740541454172269,0.2538580339611223,0.7168064870027963,0.1314589066731869,0.5019746036475792,0.8496148058164469,0.1893906347385539,0.3476402021688677,0.3222693424960652,0.1243542237567183,0.1777631952024735,0.4863206112263268,0.3785807615141205,0.3085574160238532
2096,Süleymanpaşa,Tekirdağ,2018,336.0,3889.63,576.5649999999999,54,693.3799999999999,450.12,38.52,83.98,0.7260330088654526,2,18.40322580645161,23.19,8.399687499999999,613.8000000000001,3966.41,0.7344309230883349,0.7806467597981729,0.2680146648528153,0.4937587764847955,0.5759010494071399,0.1690988639912558,0.4705908660155352,0.6179631796608759,0.1674970356815352,34.88306527066829,29.764055024426945,35.35295608380236,6.814120153300926,26.518525803690327,25.284041115486456,1.3759346319829384,21.055131465686586,14.837065535808176,0.1440633790420225,0.7539152214608323,0.1369016023314348,0.5352377566377378,0.8944659161521205,0.1864050083236606,0.3592281595143827,0.795903177500035,0.079346127709391,0.6708989779138915,0.8681653449717498,0.101641525713762,0.1972663670578582,0.2402168180989385,0.0915238155215963,0.1894872174809342,0.392583656214099,0.3414880882427018,0.2030964387331647,0.503889341200285,0.1284137990696902,0.3164427891651668,0.6522860108152729,0.2600739575383417,0.3358432216501061,0.5840013730299123,0.0809075598606217,0.4668121923817619,0.6738022312645944,0.1404886480827077,0.2069900388828324,0.1503518797317301,0.0655594745711738,0.1114048247942341,0.2557943201191714,0.3876990833868879,0.1443894953249373,0.4648080472582481,0.152074201516467,0.269551610808294,0.667924487682847,0.3231558716897125,0.3983728768745529,0.6230535066557258,0.0999435614572831,0.4824220672029287,0.7441429694339219,0.1617306091151416,0.2617209022309931,0.1464589203908274,0.0710569371389331,0.1113894564470419,0.2597378350340812,0.4242280279755808,0.1483483785870392
2096,Süleymanpaşa,Tekirdağ,2019,433.0,3695.905,566.9650000000001,66,537.84,379.59,40.370000000000005,21.8,0.5655724501213801,14,18.18129032258064,23.116774193548384,8.343715277777777,683.9900000000001,3939.18,0.6223715411966331,0.7967861392486651,0.377127131290084,0.4282562176806468,0.6019335441677113,0.2377636077445432,0.4388167127820745,0.6411340961054146,0.2595562606762189,34.88306527066829,29.764055024426945,35.35295608380236,6.814120153300926,26.518525803690327,25.284041115486456,1.3759346319829384,21.055131465686586,14.837065535808176,0.1440633790420225,0.6211030834528621,0.1360828159208826,0.4414570286582977,0.808543230469244,0.2186520541399376,0.3670862018109463,0.8173830967316441,0.0805901606621605,0.6845567626568253,0.875970044380441,0.1011440293604424,0.1914132817236157,0.3554485752377145,0.1336743949002476,0.2226559222696344,0.5585811959070769,0.3544544632547958,0.3359252736374424,0.4199304732428297,0.12095818627633,0.2754137386510294,0.5996157299966662,0.2824435029371349,0.3242019913456368,0.6191462986479086,0.0907297163534734,0.4746527569192421,0.705054172696555,0.1507304539389388,0.2304014157773129,0.2147933974643046,0.0964237807919696,0.1367725897412015,0.3709961763950328,0.4055447412943395,0.2342235866538313,0.4257648512709176,0.1414357008977063,0.2696209402841313,0.6288293409763632,0.3223115637529197,0.3592084006922318,0.6504084571766262,0.0976973084672005,0.5097980279167458,0.7558276264013721,0.1523820197064316,0.2460295984846263,0.2382462136613164,0.1139221195770044,0.1368252139070829,0.41790769975611,0.4389110834013575,0.281082485849027
2096,Süleymanpaşa,Tekirdağ,2020,375.0,3929.29,540.555,50,461.77,224.69,84.86999999999999,60.78,0.4610703092740688,6,17.358387096774194,22.42354838709677,8.739307958477507,689.65,4117.42,0.6600978521596564,0.8295857743037774,0.3489153078512225,0.4626659304884519,0.638963328313083,0.2111872426168458,0.4462405306517351,0.7198702156237532,0.2178561797777291,34.88306527066829,29.764055024426945,35.35295608380236,6.814120153300926,26.518525803690327,25.284041115486456,1.3759346319829384,21.055131465686586,14.837065535808176,0.1440633790420225,0.6777185857010972,0.1299107814932704,0.4746156865618698,0.8144277242661869,0.1968053388876186,0.339812037704317,0.8623020870925739,0.0883547633810605,0.7002216043542948,0.9013475766519145,0.1065046751256209,0.2011259722976196,0.316396772116572,0.1492413741551891,0.1836836247557276,0.5741466489582173,0.4277295114229429,0.3904630242024897,0.4707084713649861,0.1082944681383872,0.3105576262502734,0.5996108159137448,0.23406622576263,0.2890531896634713,0.6660342273631514,0.0898321583744229,0.5019003843431766,0.7245580885493919,0.1405904758440322,0.2226577042062152,0.1835738535769824,0.1019566723663197,0.1055520782930157,0.3632397259943098,0.4827785575632445,0.2576876477012941,0.4433463929165132,0.1386884380843685,0.263709730835645,0.6308601887886999,0.3107930108495833,0.3671504579530548,0.744136951851536,0.123590098241823,0.5370971820375009,0.8534933710436736,0.1716838612842659,0.3163961890061727,0.1757312729996591,0.125512777371918,0.0899333130070541,0.4023332212925363,0.576126770881479,0.3123999082854821
2096,Süleymanpaşa,Tekirdağ,2021,554.0,3818.0,544.74,39,644.16,399.12,69.66,56.11,0.6844184950645856,8,17.46903225806452,22.21129032258065,8.008993055555555,730.35,4026.23,0.6915170555675434,0.8255439035777311,0.6567716292839398,0.4589698944169905,0.6249501963881784,0.4408249618628543,0.5252087800486109,0.6665588735856087,0.4739141180265666,34.88306527066829,29.764055024426945,35.35295608380236,6.814120153300926,26.518525803690327,25.284041115486456,1.3759346319829384,21.055131465686586,14.837065535808176,0.1440633790420225,0.7090030476467272,0.1100532067812503,0.5410010526874501,0.8144267997458245,0.1591474944763686,0.2734257470583744,0.8496239451574215,0.0831381217899488,0.7089921243372822,0.900363131378818,0.1007070870848248,0.1913710070415357,0.6836233633861608,0.1498777741061837,0.4414160187754184,0.8241567509659482,0.2282037886892151,0.3827407321905298,0.4628993467736175,0.0902079104432767,0.3418071897156344,0.5722420083299318,0.1965442865438133,0.2304348186142973,0.6425724725603347,0.0893529481771578,0.4941527415122289,0.7245815275077416,0.1429761102461637,0.2304287859955127,0.449212260227133,0.1268462213003239,0.2618465083815447,0.597614338667193,0.2877473652224514,0.3357678302856483,0.5273531888508509,0.1264480723818217,0.3632973547275894,0.6835173078117105,0.2407577275652517,0.3202199530841211,0.6777214758470698,0.1132217246259404,0.5097962069629121,0.8027151654012797,0.169860051546368,0.2929189584383677,0.4804264591363472,0.1547290742385244,0.2617808825839732,0.6678958345772344,0.326491801685154,0.4061149519932612
2096,Süleymanpaşa,Tekirdağ,2022,438.0,3608.46,550.65,50,487.48,339.54,19.1,32.1,0.4914189203298519,10,17.546774193548384,23.60354838709678,8.661701388888888,777.8999999999999,4095.46,0.5635584007644742,0.8196426374124973,0.3545053553493626,0.3617653313219121,0.6433926483461455,0.2201433831978338,0.351717310844796,0.6655813873786206,0.2179930394239609,34.88306527066829,29.764055024426945,35.35295608380236,6.814120153300926,26.518525803690327,25.284041115486456,1.3759346319829384,21.055131465686586,14.837065535808176,0.1440633790420225,0.5683616283944285,0.1190412103843594,0.4043225126176107,0.7168220662887309,0.211231365237176,0.3124995536711201,0.8496153081234147,0.090500760989326,0.6855573957392063,0.9003522216891287,0.1104149013953506,0.2147948259499223,0.3222685890829875,0.1201836687734525,0.2324612581985785,0.5253739561004095,0.3390179216193006,0.2929126979018309,0.3573987056307244,0.0891706468843963,0.2480839548776144,0.478502633804134,0.2464875408557294,0.2304186789265196,0.6699140162088308,0.1010046510542997,0.4902527278320599,0.7480038954434381,0.1569875740948149,0.2577511676113782,0.1972544425834234,0.0845474279555004,0.138715270903482,0.3378717978631158,0.3840561852341531,0.1991565269596337,0.3417700959863923,0.1036582143478791,0.2246417561241911,0.4902284939524794,0.2947202516103079,0.2655867378282882,0.6816557974297464,0.1063024371547745,0.5175559885864228,0.787091843441935,0.1597136566174793,0.2695358548555121,0.1894394335364437,0.0892191628917946,0.1387165681052301,0.3417701493704203,0.4092752829519382,0.2030535812651901
2096,Süleymanpaşa,Tekirdağ,2023,355.0,3967.485,497.89,47,361.31,143.14,35.46,27.91,0.3881756183044367,6,15.881612903225806,20.64645161290322,8.55875,575.6500000000001,3802.11,0.6080933949206518,0.8332630573774722,0.4919373415236209,0.4059202700339348,0.6581434716191442,0.33407982825798,0.386880752802254,0.6980450162717108,0.3408878917539611,34.88306527066829,29.764055024426945,35.35295608380236,6.814120153300926,26.518525803690327,25.284041115486456,1.3759346319829384,21.055131465686586,14.837065535808176,0.1440633790420225,0.6230518216225442,0.1300110892663159,0.4316688076911646,0.7675815118293031,0.2138011863840104,0.3359127041381384,0.8691595481969909,0.0980108953550684,0.6855125860996863,0.9159500471811612,0.117622993708059,0.2304374610814747,0.4746234760485436,0.1849528877730195,0.2597738446145478,0.7714705608539659,0.3759683849170429,0.5116967162394181,0.4121019986911775,0.0976226814999851,0.2754104282003121,0.5292702239163884,0.2404971830843134,0.2538597957160763,0.6933879112059187,0.1054209116452401,0.4863567190118961,0.7558187697788221,0.1601792256419209,0.269462050766926,0.3144328017756154,0.1475855572636476,0.1542914533408974,0.5566679925256025,0.4417673405581391,0.4023765391847051,0.3808570858905998,0.1185258357269009,0.2363129014726064,0.5449362983773467,0.3063627096163219,0.3086233969047402,0.7167872430353059,0.1367217788357851,0.5019659166803019,0.8612945793983788,0.195863842085747,0.3593286627180769,0.3105129531198097,0.1590852103752484,0.1581956216449235,0.5839611356295289,0.4666789704870761,0.4257655139846053
2096,Süleymanpaşa,Tekirdağ,2024,460.0,4276.360000000001,512.235,48,542.39,395.52,31.230000000000008,4.199999999999999,0.4986182955821726,24,16.412903225806453,21.41258064516129,8.750588235294117,689.61,4183.9,0.6247507766806029,0.8139308717703102,0.2924741969063011,0.4109488835152451,0.6323596609796642,0.1873309861151123,0.419729675985955,0.6552265532401873,0.2086499662871621,34.88306527066829,29.764055024426945,35.35295608380236,6.814120153300926,26.518525803690327,25.284041115486456,1.3759346319829384,21.055131465686586,14.837065535808176,0.1440633790420225,0.6445078617625399,0.1534041497656594,0.4101854316683847,0.8085744186783097,0.2455445523104738,0.398388987009925,0.8486379966928645,0.09548409443404,0.6709062335030157,0.897450872342898,0.1173122899569602,0.2265446388398823,0.2597256614750172,0.0961933127437287,0.2090273389116973,0.4276918431523699,0.3288950401821117,0.2186645042406726,0.4081922960704152,0.1249452253530419,0.2480403053706783,0.5722833032838994,0.3040407952547871,0.3242429979132211,0.6581960898484688,0.1042152065476683,0.4706957980680759,0.7402066247011605,0.1648036915988854,0.2695108266330846,0.1659912623654546,0.067255122352793,0.1270256637583742,0.2792959272460483,0.3590176070042446,0.152270263487674,0.4160111897022486,0.1479990793114446,0.224671616084138,0.6152277570873749,0.3526057073848573,0.3905561410032368,0.6699287905257898,0.1181336736925663,0.4902470498695219,0.7949199107046913,0.1802943929979313,0.3046728608351693,0.1816095620529327,0.077510341536892,0.1426309803366459,0.3144232906235241,0.3714850422272087,0.1717923102868781
