ilce_id,ilce,il,year,verim_kg_da,gdd_cum_season,gdd_flowering,vernalization_days,tp_season_sum,tp_winter_sum,tp_flowering,tp_grain_fill,aridity_index,heat_stress_days,t2m_flowering_mean,t2m_flowering_max,tdiff_mean,ssr_flowering_sum,ssr_season_sum,NDVI_greenup_mean,EVI_greenup_mean,EVI2_greenup_mean,NDRE_greenup_mean,CIre_greenup_mean,NDWI_greenup_mean,GNDVI_greenup_mean,OSAVI_greenup_mean,NDVI_peak_mean,EVI_peak_mean,EVI2_peak_mean,NDRE_peak_mean,CIre_peak_mean,NDWI_peak_mean,GNDVI_peak_mean,OSAVI_peak_mean,NDVI_harvest_mean,EVI_harvest_mean,EVI2_harvest_mean,NDRE_harvest_mean,CIre_harvest_mean,NDWI_harvest_mean,GNDVI_harvest_mean,OSAVI_harvest_mean
1163,Babaeski,Kırklareli,2017,223.0,2428.81,553.2599999999999,0,273.97,,59.83,12.01,0.1916481994462084,39,25.58129032258065,33.62580645161291,14.356775956284151,802.7799999999997,4059.79,0.5014388339058354,0.3665944625294997,0.3434084264690185,0.323247203714853,1.1157891786871623,0.0967044764345094,0.5342897611907815,0.3587394169533882,0.3928543783251809,0.283715893161153,0.2659437413595024,0.2477167177230825,0.7176392903036745,-0.0056892353479377,0.4500098299451521,0.2854620135726934,0.2838630860747909,0.1920946465604176,0.1806736060904859,0.1805807574263981,0.4116006030661842,-0.121011459661356,0.3937941465480427,0.2026153022397168
1163,Babaeski,Kırklareli,2018,279.0,2519.59,541.5949999999999,0,258.65,,79.18,1.89,0.1945084466611531,42,25.350000000000005,31.60258064516129,13.068852459016396,740.6800000000001,4002.06,0.3546562055989983,0.2493683627448701,0.2291722017574246,0.230350618146435,0.5960678085376683,-0.046243738700254,0.4359407078067021,0.2526222480421481,0.4185279663367551,0.2868854929053108,0.2640955575000975,0.2678233583118679,0.8272386724015364,-0.0211782491134126,0.4491919399593391,0.2916243754708728,0.2817912687354083,0.1797958779878401,0.1686518087265526,0.1779397735186882,0.3936564781688628,-0.159201625401018,0.3869403251377855,0.1949724888213667
1163,Babaeski,Kırklareli,2019,278.0,2482.7200000000003,544.5500000000001,0,230.70000000000005,,45.38,31.68,0.1655446088164147,44,25.515483870967746,33.28645161290322,14.009344262295082,764.9699999999999,3977.57,0.4468774149675928,0.3261792919017383,0.295504473888051,0.2993052064094451,0.9371919120828596,0.052983445017388,0.4937927301081793,0.3175901990414633,0.3445290309203889,0.2463704925398841,0.2257634303814697,0.2214268161997877,0.640402403340056,-0.0613323244922502,0.4187822240965322,0.2469288498404008,0.2417565241441761,0.1637719303587379,0.1542667773093842,0.1506937464912317,0.3197777518679544,-0.150570471771795,0.3674796610728167,0.1731266437603767
1163,Babaeski,Kırklareli,2020,300.0,2469.95,572.3299999999999,0,229.11,,1.84,7.41,0.1596645713575631,54,26.26612903225806,34.483548387096775,14.179945355191258,860.68,4106.630000000001,0.4169342552624174,0.2869855362161542,0.2591576340603235,0.2748844033071048,0.834983255572097,0.0218046996105032,0.4569929705805046,0.2877521540924576,0.3000607207208166,0.2079633542791423,0.1942193928450611,0.1884154046131867,0.4670891212240606,-0.0984578242670323,0.3974548432192769,0.2144405995498021,0.2195087982285267,0.1513600867734245,0.1448691410833246,0.1360910128877463,0.2830731080650251,-0.1526272881476747,0.3581174958698482,0.160169195567007
1163,Babaeski,Kırklareli,2021,282.0,2390.16,599.15,0,220.56,,14.4,13.81,0.166668432710007,55,27.134516129032253,35.18,13.302240437158469,819.3400000000001,3896.35,0.4340779484871047,0.2843773959066945,0.258812053226186,0.2730199446701288,0.7847144950835182,0.0282567596226554,0.4673529866535514,0.2945886166100884,0.3629529307859837,0.2626578498040765,0.2459243224279695,0.2374505943103838,0.6694794824931705,-0.0336128917569428,0.4457197085410079,0.2643477939775155,0.2731215034950331,0.1849364042374108,0.1762209448323583,0.1716228803265632,0.3878310888424728,-0.1201545670665292,0.3968316312117836,0.1961521162302809
1163,Babaeski,Kırklareli,2022,313.0,2495.07,581.8800000000001,0,221.16,,20.27,46.8,0.1556284782323186,50,26.649677419354838,34.76258064516129,14.103169398907104,833.4399999999999,4065.29,0.4474695127330281,0.3145718801289722,0.2898410447424328,0.2946524977184996,0.9047860089595744,0.0579725183394246,0.4946970819759778,0.3143597398619648,0.3438289708317051,0.2516090739808261,0.233433693309945,0.2197719005927935,0.6227168092439446,-0.0365294373220733,0.4268884948303645,0.2507547803631653,0.3028888545424165,0.201640519076525,0.1857565080814672,0.1962026502412354,0.4798606288145917,-0.1290942211209118,0.3923908514488506,0.2115487136359895
1163,Babaeski,Kırklareli,2023,192.0,2558.1450000000004,630.4299999999998,0,218.67,,19.77,10.48,0.1602755519781737,57,28.345161290322583,36.51870967741936,13.636120218579237,833.3900000000002,3850.99,0.3725603932267304,0.2483019343549331,0.2333943231832636,0.2374965493237249,0.5947014741966027,0.020201901888931,0.454882304341378,0.2605325636645838,0.3081821223500477,0.2172843986823717,0.2043637105387486,0.2013523706773683,0.5501778076076372,-0.0796195739982206,0.4133299577859628,0.2234133521172326,0.2277487647222076,0.1643719473964418,0.1547806688128049,0.1408896838168537,0.3008245890557807,-0.131422313754331,0.3620705411916661,0.1678658888758465
1163,Babaeski,Kırklareli,2024,225.0,2786.885,648.5999999999999,0,172.17,,20.090000000000003,10.34,0.1138738987891553,58,28.8141935483871,36.67161290322581,14.260928961748634,805.9199999999998,4080.68,0.397063185270955,0.2804982649902677,0.2669487861234329,0.2703888130316879,0.7955537152886915,0.0198130408803727,0.487315456521596,0.2872364122583457,0.2577509212709628,0.1823771165350637,0.1743577489007839,0.156827912120507,0.3867527156944579,-0.1018855683977146,0.3839008077243497,0.1886888877964179,0.2116796016771942,0.1377837895941561,0.1287649523454675,0.1267133400776613,0.2636075179668973,-0.1959793014195819,0.3394777384371319,0.1485825341341065
1250,Çerkezköy,Tekirdağ,2017,244.0,2154.745,493.51499999999993,0,305.87000000000006,,69.3,26.84,0.3013912998239427,7,23.69322580645161,28.41838709677419,8.890382513661203,765.2900000000002,3863.42,0.471232907741112,0.3316123333561716,0.3059249275980705,0.2832293589270032,0.8848684647222346,0.061808434884222,0.5009402302141176,0.3303277498826301,0.421136990939761,0.3055647762783212,0.290319635126704,0.2659509783796805,0.7512356533489782,-0.0075682446294833,0.4777296212761856,0.3078808215287562,0.2906198902616254,0.1961314518145461,0.1829747279059842,0.1824161019382632,0.3879127625117404,-0.135555136112738,0.4026971915516659,0.207232707899165
1250,Çerkezköy,Tekirdağ,2018,210.0,2344.51,520.8,0,321.81000000000006,,83.59,3.86,0.3370030294850312,1,24.61483870967742,28.843225806451613,7.870710382513661,760.83,3806.11,0.3898029912607113,0.2749893499633211,0.2510911390281705,0.2424273527016293,0.6252584885650616,-0.0270864384651076,0.449188575219414,0.2777464373130567,0.4174565486544015,0.2971434241686062,0.2745767983205309,0.262185106735336,0.7536780713579869,-0.0282150335160491,0.4569742717918823,0.2982390092504142,0.2918616260213581,0.1730399505613108,0.1619248093435789,0.178434782719309,0.3930114665288816,-0.1374874535658992,0.3912333409189713,0.1948976582266627
1250,Çerkezköy,Tekirdağ,2019,250.0,2236.675,486.3850000000001,0,234.3,,58.97,33.04,0.2355686366684858,3,23.52645161290323,28.098064516129035,8.29224043715847,743.0199999999999,3865.42,0.4143430288855564,0.3084836563680668,0.2830297103350552,0.2680528246434858,0.7888668845768356,-0.0094425087588616,0.4756809555738663,0.3011573136004851,0.3769345100041094,0.2659453166225289,0.2484037882622198,0.2349574338769579,0.6104032426380824,-0.070628515390032,0.4467317578964143,0.2719151928638103,0.2375445241721482,0.1552812761914653,0.1434558803187599,0.139745243207718,0.2861069757048758,-0.159651368032034,0.3481821741977718,0.164985034546051
1250,Çerkezköy,Tekirdağ,2020,245.0,2211.53,497.5299999999999,0,202.31,,4.930000000000001,9.72,0.1978728792012617,2,23.88677419354839,28.284838709677423,8.529617486338799,803.9700000000001,3954.750000000001,0.5027140566383564,0.3861726182794087,0.3462000098133335,0.3257711641788891,1.07511363639818,0.0784816162120062,0.514575356266012,0.3635383532910311,0.3467825093552763,0.2457809974948469,0.2311733229480607,0.2155082653919178,0.5194300577358706,-0.0653480076506401,0.4323879053282949,0.2519180987948355,0.2175073139042582,0.1456452122549405,0.1346305330638039,0.1288908478535712,0.2588156531922829,-0.1793519606022572,0.3388169812695252,0.1544459514835044
1250,Çerkezköy,Tekirdağ,2021,220.0,2187.8100000000004,536.8900000000001,0,222.63,,17.92,13.039999999999996,0.2250211585791207,16,25.12967741935484,29.785806451612903,8.39415300546448,772.84,3821.6,0.4764062689258606,0.3207280309441689,0.3035847912742445,0.294128026798686,1.0648990043741546,0.0754040073387105,0.5132470056313655,0.3280046203357618,0.3143792238429387,0.2208488776197346,0.211209489666327,0.1960832073597439,0.4712338427472078,-0.0987865092272069,0.4211135347682954,0.2302503107885888,0.225464401142885,0.14977872694165,0.1392329041394011,0.137138078352051,0.2664800728384935,-0.1739832730212988,0.3526975279169316,0.159323444419913
1250,Çerkezköy,Tekirdağ,2022,163.0,2219.985,493.715,0,250.24,,46.67,45.26,0.2428148439383689,3,23.731612903225805,28.196451612903232,8.666721311475408,826.1899999999999,3973.69,0.4037352327841161,0.2772281722482834,0.2659019976680649,0.253111045477054,0.6711320675371256,-0.0105774481131645,0.4791393303135633,0.2897150681048715,0.3321256754538058,0.2460150181649163,0.2290097647974936,0.2128909166126859,0.5624855647522715,-0.0645642047853316,0.4249693219960709,0.2449341878165176,0.355537556092289,0.2494356057210992,0.2290008431912668,0.2302575153951588,0.5767266765859718,-0.0802184631487715,0.4275170631484978,0.2539078730578558
1250,Çerkezköy,Tekirdağ,2023,105.0,2286.835,554.205,0,206.85,,12.63,7.15,0.2119627564773014,17,25.791612903225808,31.065483870967743,8.205956284153006,809.2,3725.74,0.4971295521823579,0.3410594995112158,0.3281478916225295,0.3294741350965785,1.04127416271677,0.0972425934512254,0.5367988025938961,0.3535868827278161,0.2536818722418356,0.1776414560968114,0.170188773772183,0.1546514390766296,0.3470750595909775,-0.1334431486346975,0.3801692409044441,0.1863738841318657,0.1993277867220079,0.1373365338802363,0.1290046880938517,0.1191675562979573,0.2182926261140926,-0.169649575595121,0.3379370279222917,0.1444267031890529
1250,Çerkezköy,Tekirdağ,2024,140.0,2496.9,574.9400000000002,0,172.32,,17.54,7.75,0.1610404928307287,14,26.32258064516129,30.92419354838709,8.491147540983608,774.4100000000002,3954.74,0.3342819208347025,0.2370833813455241,0.2255760384130074,0.2158861303726796,0.504253859574623,-0.0371638321411214,0.4422191014350413,0.2444051107670884,0.2437907922807094,0.1796322429127214,0.1683175497944231,0.1451792638765759,0.3180293033295101,-0.1282512799295569,0.3685033887840089,0.1813700362231221,0.2215875582118733,0.140215356804125,0.127331677443461,0.1313844072890946,0.278297740808439,-0.1954591670061877,0.3286382313443285,0.1514922058926597
1258,Çorlu,Tekirdağ,2017,234.0,2367.565,537.8,0,234.37,,44.31,17.209999999999997,0.1910669321269303,25,25.10129032258065,31.197741935483872,10.87431693989071,802.7799999999997,4059.79,0.5056288363904053,0.357002486755142,0.342276746039747,0.3159302529497838,1.0956982505207664,0.1046617037152436,0.542267902407867,0.3564144917267232,0.3758756026345841,0.2688379156658738,0.2550229800453881,0.2314769608235407,0.6235274271582919,-0.0281878780233873,0.4387175054374587,0.2731951810371014,0.2356548278563661,0.1548301577972629,0.1453623708358821,0.1464809000748202,0.2913092590533215,-0.1565492498289805,0.3585311404717995,0.1665991460634144
1258,Çorlu,Tekirdağ,2018,220.0,2524.53,557.21,0,272.72,,79.53,1.01,0.2364984417699735,15,25.91161290322581,30.81548387096775,9.810601092896176,740.6800000000001,4002.06,0.3218718772444642,0.2177880751972006,0.1999027275124283,0.2044285316556768,0.499174098101235,-0.0710402273377004,0.4125474230305304,0.2261811349702351,0.3800334162949748,0.2567664018234511,0.2386848250359799,0.235177675199605,0.6664034497654711,-0.0546847991645974,0.4268612335572089,0.2649697537564839,0.243057601955541,0.1378742105070359,0.1287481822983739,0.148194097660529,0.3108194025473721,-0.1706469650816308,0.3468848712342924,0.1588779771285388
1258,Çorlu,Tekirdağ,2019,235.0,2419.735,520.565,0,172.78,,31.85,19.75,0.1463891883627011,22,24.761612903225803,30.46806451612904,10.292950819672132,764.9699999999999,3977.57,0.3632052501213549,0.2607181578607307,0.2435446753948764,0.240123155616519,0.6983083499935555,-0.0109805247934116,0.4588889572053573,0.2618242525083577,0.2693211375833614,0.1806547332156964,0.1696253330110057,0.1604580600638258,0.3624526295457407,-0.1349796565982156,0.3755555891951935,0.1917113638189761,0.1724494404674242,0.1130224697640939,0.1032129986229217,0.0996924911390956,0.1889825521603185,-0.1697052559644252,0.2881855051168418,0.1191714676532609
1258,Çorlu,Tekirdağ,2020,267.0,2400.71,535.4399999999999,0,219.83,,7.03,10.909999999999998,0.1790530606936657,24,25.127096774193557,31.142258064516124,10.639562841530056,860.68,4106.630000000001,0.4584776318037192,0.3152361431633196,0.2938576113612698,0.2891853321291874,0.9356755605458786,0.0448986822881697,0.5050822281148175,0.3195457358804673,0.288235243986926,0.1928702343107945,0.1830609134477842,0.1751480348513021,0.4011551280443021,-0.1126512887640264,0.3919687758471173,0.2050832385133986,0.1720673076159428,0.1125368324418676,0.1040429079601519,0.098572820392668,0.185774152331872,-0.1999060644131587,0.2991169507936393,0.1212021475539995
1258,Çorlu,Tekirdağ,2021,250.0,2382.5199999999995,577.4,0,211.36,,13.469999999999995,12.929999999999998,0.1844493398684364,34,26.508064516129032,32.46129032258064,10.046939890710384,819.3400000000001,3896.35,0.4729255604619071,0.3248713538959683,0.3052313968198172,0.3008835468464957,0.9754057318724708,0.1075218424556805,0.503616205538104,0.3301098984138495,0.3356366037994979,0.235075058671666,0.2240388517785585,0.2121389159726235,0.5426095603884723,-0.0662002376346075,0.4287760540880967,0.2438800274164819,0.2160990218807195,0.135659374334941,0.1260903381520745,0.1318559741975943,0.2546663743273577,-0.162372653366449,0.3375025683311965,0.1478007070829597
1258,Çorlu,Tekirdağ,2022,174.0,2436.91,533.1850000000001,0,193.1,,21.9,42.79,0.1586001923201454,22,25.059677419354845,30.976129032258065,10.63912568306011,833.4399999999999,4065.29,0.4033516196658507,0.2759865312854603,0.2674757094193825,0.2648607104318727,0.7766373577506596,0.01597133671097,0.5008234461664957,0.2893107612141076,0.3253321488507487,0.2319675209212086,0.2172712162618048,0.2112834594709861,0.5827446785787159,-0.0644797319965148,0.4221553533483151,0.2362759280795,0.2361059757751149,0.1483749816666978,0.1382661105099796,0.150515451207668,0.2912395137819799,-0.1895100037374052,0.3537343680710156,0.1630274998219265
1258,Çorlu,Tekirdağ,2023,88.0,2486.13,603.845,0,186.24,,11.19,3.1899999999999995,0.1596350414261402,44,27.444193548387094,33.73064516129032,10.268415300546447,833.3900000000002,3850.99,0.4139542725899473,0.2733865312717607,0.2598283922422409,0.2698880309069697,0.7592598665549327,0.0596875257013099,0.4770222324001012,0.2870270813644515,0.248664667648926,0.1727829078680004,0.1648524690886638,0.1533396157657125,0.3445896329683705,-0.1255713740777951,0.3723783428088488,0.181616016151051,0.1879494809047751,0.1265964697408639,0.1218186427837046,0.1112129930438586,0.1886701587664201,-0.1705199746889794,0.342009569002189,0.1362237075395249
1258,Çorlu,Tekirdağ,2024,160.0,2694.8700000000003,615.275,0,135.59,,7.81,5.0200000000000005,0.1057432703610228,47,27.701935483870965,33.66193548387097,10.677814207650274,805.9199999999998,4080.68,0.3286659117838765,0.231585409034488,0.2238741577946351,0.2169094402732673,0.5324041093375266,-0.0018503989534954,0.4540020943986095,0.2412209402170637,0.2278780992267027,0.1608980757600584,0.1529104155096343,0.1339757633106618,0.2876622415221156,-0.1218243344941758,0.3590155296971047,0.1670475956077831,0.1879757849185536,0.1147852673286971,0.1056294331148737,0.1105418328573371,0.2057305298164657,-0.2227461666247295,0.310163064743244,0.1277616994841902
1295,Merkez,Edirne,2017,252.0,2400.0550000000003,550.7,0,278.05999999999995,,58.8,11.7,0.1970094465124196,42,25.526129032258066,33.60096774193548,14.345792349726777,775.2200000000001,4016.24,0.5237746118623281,0.3853883662573416,0.3630527588762515,0.3308881168056212,1.2180372933085393,0.1145042958101135,0.5426169934282058,0.3737121173694275,0.3470086417092645,0.24307164405971,0.2259067883520056,0.2245838163143951,0.7263287443093482,-0.0570673580305847,0.4212461085348301,0.2465732050220652,0.2796368772358676,0.1906672298581272,0.1787587158505565,0.1769996061473593,0.4559347163456545,-0.1179646489138113,0.3796474554444135,0.1980961505844502
1295,Merkez,Edirne,2018,262.0,2478.4700000000003,527.24,0,255.97000000000003,,79.02000000000001,1.62,0.1917127138163484,38,24.903548387096777,30.955483870967743,13.20918032786885,733.86,4012.95,0.3864161296760814,0.2697886469098763,0.2480620054027432,0.2472130785256904,0.7159407897045279,0.0026447597989547,0.4439895552872197,0.2730152556694158,0.4560226955315356,0.3260913840850687,0.2979284736719693,0.2971545921365269,1.0281251099180937,0.0418949671073323,0.4690753739924977,0.3218290840737227,0.3076497114990373,0.2068017932092035,0.1944329947480013,0.1947416306137601,0.4828801913962455,-0.0982894559048394,0.3993492987669715,0.2165877377432005
1295,Merkez,Edirne,2019,262.0,2444.41,540.6949999999999,0,249.86,,49.06,38.69,0.1798377745444139,44,25.4158064516129,33.05064516129032,14.052240437158472,756.7299999999999,3987.36,0.4687745193699233,0.3526759646407379,0.3151730082148387,0.3097296170155801,1.056166184623214,0.0948109017397699,0.491412868778764,0.3338869154842582,0.3819704139410385,0.2760955763547033,0.2509548898962805,0.2506366377113708,0.8410310102678115,-0.0312033115465751,0.4379551964622523,0.2719771002784839,0.2776468803946993,0.1875894696293784,0.1730284270393343,0.1747007598346631,0.4165988144172781,-0.1121354425738831,0.3738693906307826,0.194225628293907
1295,Merkez,Edirne,2020,254.0,2437.1900000000005,570.1449999999999,0,232.21,,0.6900000000000001,5.71,0.1643408622039882,56,26.316129032258072,34.38032258064517,14.233551912568307,836.0299999999999,4054.02,0.4212943085435526,0.2864213526189256,0.261130266442072,0.2737696257278345,0.8669572750355686,0.0311789630347382,0.4567565416445457,0.2907505638782893,0.3124822588864022,0.227376027687074,0.2108382713618026,0.2037054811754836,0.665399501136391,-0.0639441975449666,0.406420145986217,0.2260363020651399,0.2497251096778243,0.1760171845568743,0.1703410477892898,0.1538614111476758,0.3947510739768169,-0.0993520923890834,0.3778613318325455,0.1827502630459675
1295,Merkez,Edirne,2021,258.0,2375.25,598.9699999999999,0,223.95,,14.43,13.18,0.1669580034955597,54,27.21903225806452,35.25774193548387,13.4903825136612,823.1500000000002,3943.41,0.4776524305714718,0.3266596091365696,0.2955526248830809,0.3085170899610541,1.0310144840503537,0.0943551232210801,0.4871990214957243,0.3270923160717408,0.3787346253430246,0.2783915838523217,0.2560860077970845,0.2504876533846915,0.8323537043512276,-0.0082058031196259,0.4450941053155774,0.27405805216004,0.2767354408008793,0.1973496166334165,0.1823369258605468,0.1741390161069789,0.4371312616020155,-0.1025752665483999,0.3805967927880527,0.1995133076260055
1295,Merkez,Edirne,2022,250.0,2475.5550000000003,585.2600000000001,0,230.32,,22.35,52.86000000000001,0.1622056771806218,49,26.874838709677416,34.89290322580646,14.071912568306008,831.5500000000002,4073.07,0.4742214423537224,0.3502577716540859,0.3191871024637848,0.3195210994593477,1.1839197708858875,0.0822809014792811,0.5083549722291985,0.336728655782795,0.354463022289898,0.2595590642740671,0.2390548168183735,0.2249190369086919,0.7345910063420915,-0.013802930727832,0.4235768095003239,0.2561151897558675,0.3292313956853822,0.2250765644175971,0.2071988584743647,0.2109651106813405,0.5388626469175434,-0.0892968443901515,0.4049799898620017,0.2310467920492022
1295,Merkez,Edirne,2023,202.0,2509.65,629.6449999999999,0,222.94,,21.450000000000003,12.349999999999998,0.166507560570836,55,28.30967741935484,36.32774193548387,13.614590163934428,808.1800000000001,3806.9699999999993,0.4250842280992065,0.2923234615196984,0.2766772380150069,0.2707037516757387,0.8038904502574625,0.0887361883310974,0.4882315266124779,0.2995285231104886,0.3528401039298435,0.2542765189129329,0.2351140877849874,0.2341730192339411,0.7764002876998293,-0.0358645761535772,0.4309499388769026,0.2543156347631317,0.2712074983014238,0.1986616356973323,0.1845182387144666,0.1694236195674417,0.4448581661876984,-0.1004338417096934,0.3779484609558391,0.1975804000187268
1295,Merkez,Edirne,2024,123.0,2781.3,639.84,0,184.0,,23.96,12.02,0.1225132004475646,56,28.700645161290325,36.40741935483871,14.36863387978142,779.2800000000002,4035.940000000001,0.3630953257192296,0.2550939441356979,0.2381124876539881,0.2399141651826113,0.6685863033725923,0.014031121248394,0.4439450584768575,0.2598550655767499,0.2854845250193745,0.2076402945395764,0.1917915970892765,0.1836806141336374,0.628126143093527,-0.0907955207462083,0.3851948609761653,0.2063783325073033,0.2452153823076366,0.169716514869454,0.1570507625605521,0.1492946900788112,0.3655481427866207,-0.1452591509448437,0.3515128149111911,0.1740839249884519
1307,Enez,Edirne,2017,256.0,2512.3,555.5749999999999,0,160.38,,31.68,6.6,0.1502766983184117,13,25.80258064516129,29.98451612903226,7.314426229508195,819.4899999999999,4238.02,0.4170440761538898,0.2860211558493003,0.2650188776197227,0.2451951807309883,0.7346260603600077,0.0669833160933786,0.4525119864445071,0.2895591203630301,0.3848097794480012,0.297338015388565,0.2757436579620168,0.2501173283460591,0.8835745565569386,0.0188835559425358,0.4458187477867377,0.2844618532433573,0.292749492426648,0.2179220846925589,0.2081309876868425,0.1767092967384766,0.4488792980458068,-0.0473276922954867,0.3992460394976966,0.21792260962025
1307,Enez,Edirne,2018,276.0,2664.84,573.1500000000001,0,198.28,,56.56,0.17,0.1943268895427443,0,26.562903225806448,29.557741935483868,6.832240437158468,798.4799999999999,4150.03,0.3226366025761906,0.2245016135425591,0.2051532635445559,0.1926413632777465,0.4910204982887392,0.0188963465215889,0.3931198472750208,0.2277102763169163,0.3842859867603359,0.2936364358364399,0.2709035879913543,0.2519009165062305,0.9497554016505834,-0.0056078641755422,0.4347107234014108,0.2811789070072109,0.2969031793552004,0.2196751744532463,0.2060443707196893,0.184491714964353,0.4851221035038236,-0.0734405929517499,0.3872918213749911,0.217097957690329
1307,Enez,Edirne,2019,282.0,2557.26,542.53,0,175.67000000000002,,35.38,11.73,0.1680550582871994,10,25.52612903225806,29.41354838709677,6.953442622950819,824.9899999999999,4212.64,0.3405376512339393,0.2298052902625408,0.2070938367187386,0.2032868462502879,0.5551972221463921,-0.0091217617517299,0.4000543339113898,0.234705639863523,0.3988684671695104,0.3157647342188777,0.2883871922301336,0.2638482962412528,0.9576492989134856,0.0233245853445289,0.4485319644707292,0.2954960395499176,0.2920491046217102,0.2161894769476341,0.2019129866257756,0.1774871785706151,0.433901298725827,-0.0463993690441451,0.3861055062713324,0.214289106712216
1307,Enez,Edirne,2020,292.0,2505.085,556.035,0,177.70999999999998,,2.72,5.619999999999998,0.1659613397629723,15,25.85967741935484,30.2858064516129,7.215573770491804,878.3400000000001,4285.5,0.3598214638743837,0.242177307900248,0.220434888938546,0.2179315350315361,0.6349800739730677,0.010343635233351,0.4125259953578196,0.2472080816981014,0.3623196110906398,0.2766328774787651,0.2560103198057614,0.2364969353583788,0.862145256513962,0.0036385581347249,0.4318717965221655,0.2664818043694343,0.2864316624360632,0.2191591511785169,0.2077907206683856,0.1725013308020079,0.4801820182072648,-0.0467446513968311,0.3883462576728115,0.214421149414146
1307,Enez,Edirne,2021,202.0,2523.885,591.835,0,202.38,,6.430000000000001,6.0,0.1999666781704514,19,27.08096774193549,31.023870967741928,6.549125683060111,852.5899999999999,4231.27,0.3866138013022035,0.2582630080268865,0.236367236541024,0.2274088956226005,0.6308705900091506,0.0721427847970949,0.4227330749868244,0.2659757603935278,0.3896885005224946,0.3003623219119369,0.2815596295293202,0.2593830876482703,0.9673967355533952,0.0271785143778826,0.4587998927581881,0.289067755566666,0.2888360577107601,0.2135657212200886,0.2029534397363927,0.1725237688957296,0.4255164954412381,-0.0427074668912344,0.3978148137585225,0.2141013361516993
1307,Enez,Edirne,2022,195.0,2538.4350000000004,552.26,0,192.88,,20.98,78.08,0.1820536449611694,8,25.737419354838707,30.04290322580645,7.119071038251366,846.59,4259.530000000001,0.3522942311742465,0.2336371189262574,0.2160613315485592,0.2086416830750189,0.5452018811167761,0.0284535820880234,0.4152506918156974,0.2439781329161691,0.3972612168556459,0.3034380422082033,0.2795877858941028,0.2623566063523331,0.958236693545799,0.0257470657429813,0.4526191011643607,0.2912680441621376,0.3484531511441411,0.2547735162508364,0.2340309005481093,0.2163596056974336,0.5725111912146006,-0.0271137226508619,0.4113486501159611,0.2516132403129055
1307,Enez,Edirne,2023,157.0,2548.4450000000006,604.4449999999999,0,149.02,,10.38,1.16,0.1502411724007007,19,27.56032258064516,31.494516129032256,6.963333333333333,852.4700000000001,3944.62,0.286094009376536,0.1825436288084934,0.1669164051693696,0.1611760149309192,0.3821441261948065,0.0096056044358877,0.3606350404913523,0.1939566059019058,0.3602644768410267,0.2689550760426246,0.2497946027055282,0.2372664183738757,0.8060638235110177,-0.0054269945305572,0.4367967136636403,0.2635714792412654,0.2980987704346861,0.2233047615390029,0.2156470878119702,0.1763696945701658,0.4585767546406933,-0.0339891430053185,0.4077433900531872,0.2226670398940085
1307,Enez,Edirne,2024,130.0,2806.3099999999995,626.4150000000001,0,127.25,,4.85,3.9,0.1143037994467491,28,28.236451612903227,32.32741935483871,7.255628415300545,821.7900000000001,4235.79,0.3467709874849661,0.2402302549030594,0.2271033091282616,0.2121508362703358,0.5443081087459846,0.0451452425627804,0.4274263231580785,0.2481133645678902,0.3458795290411973,0.2655167485936868,0.2521844987730971,0.2218712655689666,0.8180738456827159,0.0236607605003377,0.4389527470529201,0.2577636970366498,0.2760261142936628,0.1984561447153418,0.1876940443586145,0.1554993199085698,0.384198935340558,-0.0587933879272811,0.3807770667683836,0.2012599384855868
1385,Havsa,Edirne,2017,259.0,2428.81,553.2599999999999,0,273.97,,59.83,12.01,0.1938683738695647,39,25.58129032258065,33.62580645161291,14.356775956284151,775.2200000000001,4016.24,0.4892988900433938,0.3491355756582719,0.32960975045456,0.3101767702614287,1.0062289765202568,0.067961578023841,0.5329575429919455,0.3485498521090302,0.3559938017046555,0.254564607646838,0.2376227667263566,0.2244911002714154,0.6233142814418415,-0.0457965806254798,0.4306466867421724,0.2577914356470424,0.2774804265423459,0.1888950006745129,0.1782724853913143,0.1752947188752466,0.3985773921472302,-0.1316473318316779,0.3915850274827434,0.1992570574007036
1385,Havsa,Edirne,2018,233.0,2519.59,541.5949999999999,0,258.65,,79.18,1.89,0.1942220122962503,42,25.350000000000005,31.60258064516129,13.068852459016396,733.86,4012.95,0.3343494533691024,0.232795929860219,0.2146327731766775,0.2130728740997657,0.5310597561555954,-0.0653722768375045,0.4220629672699155,0.2382951160320887,0.4395030894326904,0.3075875606488759,0.2834135879453201,0.2799427420051724,0.8586840279003582,-0.0040416846310826,0.4653402873918763,0.3097830496428322,0.2971503815812731,0.1967309309270105,0.1870056452476297,0.1858552586302492,0.4092004311087251,-0.1293881520848163,0.4096837621963323,0.2109269257071064
1385,Havsa,Edirne,2019,212.0,2482.7200000000003,544.5500000000001,0,230.70000000000005,,45.38,31.68,0.1655486325851696,44,25.515483870967746,33.28645161290322,14.009344262295082,756.7299999999999,3987.36,0.4601175491790297,0.3392410611451343,0.3049725402495148,0.301902732546124,0.9405434161706336,0.0571870252177407,0.4930354056517643,0.3272471326476281,0.3573309609186942,0.2600523491763022,0.2379753836315455,0.2285211436782994,0.657728787522636,-0.0576230660538246,0.4276629032646927,0.258164640638423,0.2700512650491076,0.1860407095473796,0.1724128058869787,0.1692170671607431,0.375910924427096,-0.1362401453814277,0.3805256668978659,0.1929917947166764
1385,Havsa,Edirne,2020,224.0,2469.95,572.3299999999999,0,229.11,,1.84,7.41,0.1622940337738141,54,26.26612903225806,34.483548387096775,14.179945355191258,836.0299999999999,4054.02,0.3745998245012492,0.2378842753748053,0.2239559065556558,0.2400260316838728,0.652197708530899,-0.0188142847498695,0.4463746774031112,0.2562395848885139,0.2627662769217254,0.1881395534864023,0.1779511631825158,0.164204511101916,0.4138012639035135,-0.1135428944510746,0.383020251740612,0.1926114375447725,0.2137996288682109,0.14885414434563,0.1459568241955779,0.1297675875369648,0.2691839385625602,-0.1426503835288753,0.3670521376647723,0.1584401799304422
1385,Havsa,Edirne,2021,250.0,2390.16,599.15,0,220.56,,14.4,13.81,0.1653928520362352,55,27.134516129032253,35.18,13.302240437158469,823.1500000000002,3943.41,0.4106644755949279,0.2654941027077808,0.2392814755125237,0.2590363338385221,0.72459525242845,0.00412706332555,0.4535594653622621,0.2754283672940236,0.3311747283873991,0.2410441335181673,0.2255257653896006,0.2131573368868654,0.5734250268436865,-0.0613564916021527,0.4247508160398344,0.2425203286470091,0.2571539319472974,0.1768091424486519,0.1659294792952945,0.1610046247669009,0.3535334308467349,-0.1363719740763323,0.3777919827895644,0.1850552238147864
1385,Havsa,Edirne,2022,241.0,2495.07,581.8800000000001,0,221.16,,20.27,46.8,0.1558961648516955,50,26.649677419354838,34.76258064516129,14.103169398907104,831.5500000000002,4073.07,0.4448097273122038,0.3214741466165227,0.2947056806992444,0.2974085723947593,0.9768528311337896,0.0353578076015455,0.4940330833805121,0.3150815536794554,0.3309433024779513,0.243832824737529,0.2260354216631397,0.2066191020020174,0.5652889096043926,-0.0549074269124736,0.4142481007513699,0.2423494043286212,0.3371692650819146,0.2308897516005002,0.2116211633679379,0.2187816565295242,0.5427898450360856,-0.1038394249152347,0.4177906677008305,0.2378910572011423
1385,Havsa,Edirne,2023,231.0,2558.1450000000004,630.4299999999998,0,218.67,,19.77,10.48,0.1624380392253557,57,28.345161290322583,36.51870967741936,13.636120218579237,808.1800000000001,3806.9699999999993,0.3559975815355297,0.2371623951220308,0.2254404120076505,0.2252727992696571,0.5277947216306518,0.006868892163623,0.4519433294086168,0.2505553135359891,0.2927025971249627,0.2101293324338085,0.1968342508401976,0.1882440183711945,0.5015894988216767,-0.0936845696075071,0.4009145980138337,0.2138506044223073,0.2234464260912002,0.1639673043417141,0.1550476113812369,0.1352968024776318,0.2920714702969625,-0.1377058272255731,0.3619274468303067,0.1663382620325902
1385,Havsa,Edirne,2024,132.0,2786.885,648.5999999999999,0,172.17,,20.090000000000003,10.34,0.1155264255809047,58,28.8141935483871,36.67161290322581,14.260928961748634,779.2800000000002,4035.940000000001,0.3528027519387652,0.2507217132469419,0.2376116888832768,0.2369228894478016,0.6374710168060008,-0.0229860477605721,0.4565797723921581,0.2561590454054746,0.2333738937269461,0.1679721438357961,0.1610044637872734,0.1407416033448382,0.3398568910957468,-0.1168318380530247,0.3709507589967623,0.1728962190735085,0.202240584270626,0.1347555706350804,0.1265181010962989,0.1205856623709268,0.2487933296806853,-0.198757255576954,0.335423622038898,0.1440219538594234
1388,Hayrabolu,Tekirdağ,2017,239.0,2441.805,560.5649999999999,0,221.77,,43.46,10.46,0.1550423628175176,39,25.76838709677419,33.88483870967742,14.358688524590166,802.7799999999997,4059.79,0.5309746643663741,0.3822196723030945,0.3642939851196904,0.3463565644837612,1.2496952895092734,0.1053360060025973,0.5579015185542625,0.3772446524496485,0.400063862222443,0.2862385832516511,0.2697624498957161,0.2516088787116344,0.7429096302555798,-0.0063160202342205,0.4468854458515439,0.2892997476332885,0.2508558644969691,0.1603165843533481,0.1512418785663669,0.1599207738386619,0.3453219054112136,-0.1602004846900124,0.3630796623664665,0.1748096441984089
1388,Hayrabolu,Tekirdağ,2018,250.0,2545.095,557.055,0,226.77,,69.7,0.3299999999999999,0.1698464814518727,46,25.848064516129032,32.31935483870968,13.023989071038253,740.6800000000001,4002.06,0.3791639105562244,0.2616435387205593,0.2402179320212326,0.2478046601465801,0.6851260503906307,-0.02157982252797,0.445067002642116,0.2666903358379818,0.4337095038593582,0.3019983848617376,0.2802144690192678,0.2773824079223974,0.9063068557351068,-0.0002819592826827,0.4553272771214092,0.3041704208551854,0.2567880726423747,0.1584231753457972,0.1490082586746597,0.1622564318630271,0.3602645578496152,-0.1722497300816375,0.3590498090676436,0.1746036028312101
1388,Hayrabolu,Tekirdağ,2019,270.0,2469.15,538.27,0,200.81000000000003,,38.11000000000001,19.32,0.1454960574872206,46,25.375161290322584,33.07322580645161,13.799508196721307,764.9699999999999,3977.57,0.4429268378514801,0.3193758159178194,0.2899957830191114,0.2883108415762357,0.9214698043782014,0.0622046894658348,0.4810087292222847,0.3136103341093519,0.3805717334356393,0.2705412751714193,0.2486554916063658,0.2446999145224701,0.7834304797808097,-0.0376883179623294,0.4349569118918411,0.2710085749521154,0.2336256306799547,0.1566647738274104,0.1465657147080238,0.144697526492299,0.3096891518725385,-0.1552981775301417,0.3490159151657319,0.1654210968925464
1388,Hayrabolu,Tekirdağ,2020,233.0,2460.79,568.9150000000001,0,200.93,,2.39,7.19,0.1407585106655526,54,26.134516129032257,34.33,14.056284153005466,860.68,4106.630000000001,0.4051640701199686,0.2893225975905452,0.2602894407634218,0.2659923424389713,0.7988140253563604,0.0227889737186032,0.4513897403102337,0.2849595959233688,0.3235802076760018,0.2176003429279813,0.2050926996050378,0.2052288548768272,0.5511967318629039,-0.0818094116297633,0.41067840620421,0.2285515256890883,0.2066947146551243,0.1374372256420217,0.1300711993279513,0.1246735973332864,0.2613244273993517,-0.1695465356630088,0.3353979481268795,0.1470417423776575
1388,Hayrabolu,Tekirdağ,2021,230.0,2390.5150000000003,592.72,0,225.5,,9.85,9.75,0.1717859366235584,56,26.89838709677419,34.90161290322581,13.141475409836064,819.3400000000001,3896.35,0.4513221573267378,0.2928139517743712,0.2767177048599083,0.2857019222040988,0.8809428042210561,0.0592373152029577,0.48154120045283,0.3097318978866127,0.4006179646802114,0.2853431643849957,0.2685540376776945,0.2647449222014978,0.8169677677476862,-0.0089891545430997,0.461847727898708,0.2889572693864854,0.2512316862652704,0.1589003333377454,0.1496972160835653,0.155361425637051,0.3466532613809743,-0.1499061650606588,0.362730730488344,0.172908389197946
1388,Hayrabolu,Tekirdağ,2022,193.0,2479.795,567.7499999999999,0,212.62,,16.509999999999998,65.92999999999999,0.1517249867373177,48,26.16741935483871,34.218709677419355,13.788688524590164,833.4399999999999,4065.29,0.3994645309750142,0.2622096299129332,0.2479190585480276,0.2545578636765647,0.6968039251085258,0.013510427368412,0.471913584226786,0.2776338679478698,0.3957893345860975,0.2882235911886289,0.2679355808714489,0.267181022799778,0.8660936953097086,-0.0034698735795941,0.4631213587575988,0.286810103304895,0.2792015913256087,0.1717162722037185,0.1591285870093237,0.1791213334685449,0.4133378072174445,-0.1739601824399997,0.3709549489692949,0.1883077635454216
1388,Hayrabolu,Tekirdağ,2023,113.0,2544.955,626.855,0,178.61,,15.98,4.839999999999999,0.1321483854050988,57,28.177419354838708,36.34838709677419,13.451639344262295,833.3900000000002,3850.99,0.3581815821567393,0.2295512767828485,0.2169583010909896,0.232862509017022,0.590501771559313,-0.020426225437247,0.4458558952419577,0.24654525490124,0.3004401238792835,0.2038169302816381,0.1939190503724605,0.1955986025344878,0.5171984356883539,-0.0905182908040858,0.406649669488086,0.2152484867075327,0.216699285088937,0.1456675692457119,0.1405453205234188,0.1331099928605416,0.2653757719726579,-0.1554215633398718,0.3576407267137275,0.1562907506865419
1388,Hayrabolu,Tekirdağ,2024,181.0,2784.83,652.2099999999999,0,149.42,,9.589999999999998,6.890000000000001,0.0996070644436794,58,28.842903225806456,36.8158064516129,14.086120218579236,805.9199999999998,4080.68,0.4212061789986814,0.2912121154556932,0.2795417801812053,0.2870633326113044,0.882874490205591,0.0476098692217327,0.5036992412919709,0.3018491804163388,0.2772358214008254,0.1898802046831879,0.1802733941540821,0.169171239915274,0.4381439519722694,-0.0974905894222273,0.3876308400487547,0.1988648789967039,0.2105610069031407,0.1311999316077324,0.1229269613613205,0.1276818189494762,0.2551613841400677,-0.1999582633676235,0.336551667002443,0.1446502213899473
1412,İpsala,Edirne,2017,217.0,2570.71,580.4749999999999,0,220.15,,43.63,9.56,0.1526146419219781,44,26.49838709677419,33.80838709677419,13.0568306010929,819.4899999999999,4238.02,0.406580412864708,0.2506426361692005,0.2304404262258663,0.2184410923841693,0.6335303417169921,0.0863448769963468,0.4161881504028791,0.2666065828488253,0.5349737909284314,0.4262309488874863,0.3909447175905277,0.3695263308515842,1.6467754930585368,0.1221303727843606,0.5320897776964442,0.3934499346009635,0.4070017321318644,0.3096271664702748,0.2928525947834902,0.2515338377724456,0.7631583261954761,0.0352649369806414,0.4585355190326492,0.3002783391345519
1412,İpsala,Edirne,2018,266.0,2671.28,570.1750000000001,0,226.13,,69.61,0.38,0.1664935217026716,45,26.39967741935483,32.06677419354839,12.07289617486339,798.4799999999999,4150.03,0.3605175259304597,0.2379057888459805,0.2133589530954369,0.2036982951697122,0.5605245612515625,0.0847815163700269,0.3871278727886588,0.2440482232387419,0.5048165425695517,0.4048848503773197,0.373736661458057,0.3514634399805668,1.6622072671063708,0.0971139509274659,0.5089424523781533,0.3724747601716006,0.4027670564770807,0.3144049655237469,0.2958275521422308,0.2492004185789963,0.7664459982343664,0.0239506941982815,0.4468264048971619,0.2983240327983906
1412,İpsala,Edirne,2019,267.0,2599.42,561.9200000000001,0,208.86,,40.73,21.92,0.146935876249813,45,26.165806451612895,33.171290322580646,12.637158469945357,824.9899999999999,4212.64,0.4092394826758606,0.2669685998786869,0.2344101289767558,0.2358540701090846,0.7086008082311006,0.070472470729399,0.4109695374090299,0.2725846028270913,0.5398491570670603,0.4331665664771277,0.3944433586959407,0.3743113260567028,1.6845028539804363,0.1282759422398474,0.5323351685558896,0.396722993333813,0.3739985063018881,0.2868837275845213,0.2662637814884123,0.2227352633699573,0.6006804170090237,0.0242934017561164,0.4288236703196169,0.2750867270914127
1412,İpsala,Edirne,2020,247.0,2581.635,593.505,0,201.61,,1.6700000000000002,6.57,0.1392244596138856,57,27.027741935483867,34.5116129032258,12.859508196721311,878.3400000000001,4285.5,0.3512389410091698,0.2106253759217113,0.1904952110408929,0.192673826561868,0.5280707841431134,0.0587035493765331,0.3769282781243716,0.2275459432718908,0.4878443235453608,0.3859576147539794,0.3561080666930212,0.3384489807943411,1.5338735745596348,0.0992641587135716,0.5101786906750612,0.3591353706887917,0.3831419001485012,0.2970196273733285,0.2814814780103298,0.2333059615152582,0.7275863976099622,0.0305241208930613,0.4427735173613097,0.2854530774104529
1412,İpsala,Edirne,2021,214.0,2517.925,616.2550000000001,0,225.22,,9.25,9.93,0.1636811360217807,58,27.756129032258062,34.968709677419355,12.018087431693989,852.5899999999999,4231.27,0.3631491496801424,0.2110086011646988,0.1924067768641522,0.1918498938458289,0.4956486487560637,0.0784405308593075,0.3803329319570253,0.2332151294321761,0.5211760731975899,0.417044946217617,0.3861459393723292,0.3657483623668855,1.6880891891372958,0.1250577598960745,0.5339478851738664,0.3860360422181778,0.3883636053133483,0.2884886436334397,0.2715325177548548,0.2333216769830888,0.660138650154937,0.0234421916709327,0.4472016601108848,0.2840268139013664
1412,İpsala,Edirne,2022,252.0,2616.8150000000005,598.47,0,215.72000000000003,,16.08,69.1,0.1504300977775176,49,27.241612903225807,34.55483870967742,12.657158469945356,846.59,4259.530000000001,0.3827726359096642,0.2372080477412801,0.2145491095744779,0.213575416277368,0.5755795229744054,0.0687979018616798,0.4018908323805148,0.2523992801086938,0.5346468667593575,0.4161623651649779,0.3798828769635997,0.3683137018849897,1.6116227428772152,0.1219873065664678,0.5288494309177378,0.3893625893800294,0.4452003330319115,0.330362231534149,0.3075106112538667,0.27544440345787,0.7804836504634602,0.0567003193849253,0.4709099039190857,0.3222920844864521
1412,İpsala,Edirne,2023,147.0,2654.1600000000003,642.575,0,179.13,,17.44,5.099999999999999,0.1331881026153303,56,28.74935483870968,35.95645161290323,12.400218579234972,852.4700000000001,3944.62,0.2867659128451122,0.1695875570847521,0.1531770900762028,0.1439687415997431,0.3394225625312068,0.0754713716536267,0.3313394321522009,0.1856662987792434,0.4945871427295681,0.3816777897375338,0.3535885086532991,0.3437347822958908,1.4795603196034703,0.0973570098705126,0.5178394896510774,0.3617793030422458,0.3997896972844622,0.3106301431083733,0.2974424178130339,0.2399359661910269,0.7198726384971897,0.0519750765967381,0.4604630341711025,0.2984714408885921
1412,İpsala,Edirne,2024,142.0,2925.3949999999995,671.4700000000001,0,153.26,,10.72,7.6,0.1011665949866576,59,29.594838709677425,36.66774193548388,12.926502732240436,821.7900000000001,4235.79,0.4105013304381448,0.2635915653556339,0.2467369660089935,0.2369015151175559,0.6520445343955164,0.1031504677500274,0.4391959419619768,0.2804183025535425,0.4812464829301518,0.3813105349707011,0.3558438657016363,0.3284330812513553,1.511447111607252,0.0981409468862838,0.5117309064408133,0.3560489646328634,0.3894740753246229,0.2856864087484639,0.2705057499836849,0.2250759238295708,0.6628675480036599,0.0136637801367222,0.4382793987663611,0.2835000602487568
1464,Keşan,Edirne,2017,255.0,2441.805,560.5649999999999,0,221.77,,43.46,10.46,0.1494003660449384,39,25.76838709677419,33.88483870967742,14.358688524590166,819.4899999999999,4238.02,0.4539773155372534,0.3227894871131043,0.3037448908466615,0.285879197737506,0.914012487817701,0.0518233651576941,0.4927466442685769,0.3229864429943622,0.3846085346434775,0.2820712833521077,0.2646429631656362,0.2430898409489743,0.7651086301403542,-0.0039330457959835,0.4342469243794228,0.2803889939171899,0.2485036924319361,0.1664529305743322,0.1616741485575566,0.1520402502439637,0.3583456423284437,-0.1246141182493017,0.3677389764639645,0.1789956385226339
1464,Keşan,Edirne,2018,260.0,2545.095,557.055,0,226.77,,69.7,0.3299999999999999,0.1638104366468034,46,25.848064516129032,32.31935483870968,13.023989071038253,798.4799999999999,4150.03,0.3472549527944017,0.2459117644625068,0.2294556811915949,0.2204315087954756,0.5973396807353512,0.0100941433776646,0.4177711205681708,0.2498182464657421,0.3988976976993413,0.2873652573683917,0.2686391431075921,0.2515294545062404,0.8396977888847225,0.0014590442833634,0.4314724998096673,0.2863857654960189,0.2806693301727156,0.1877010918502153,0.1782108338987587,0.1733807700426216,0.4284043818657956,-0.1196197735935556,0.3742519962985739,0.1991775423768779
1464,Keşan,Edirne,2019,257.0,2469.15,538.27,0,200.81000000000003,,38.11000000000001,19.32,0.1379018725717103,46,25.375161290322584,33.07322580645161,13.799508196721307,824.9899999999999,4212.64,0.3788938276759329,0.2610247793484977,0.2377724200310385,0.2397440466561995,0.7039823685756292,-0.0082318679184175,0.4295302081088161,0.2648629570566304,0.430322336856706,0.3206909003884876,0.2964755996627152,0.2788800848042023,0.9439184567914726,0.0242934020750209,0.461765986248536,0.312309721715407,0.2723624656786832,0.1845733072934859,0.1749789819199367,0.1682942708639703,0.3929305947281312,-0.1027272286780093,0.3740121019474349,0.1943407430573189
1464,Keşan,Edirne,2020,249.0,2460.79,568.9150000000001,0,200.93,,2.39,7.19,0.1352908010262218,54,26.134516129032257,34.33,14.056284153005466,878.3400000000001,4285.5,0.397665857948474,0.2720050159406249,0.2527196252955805,0.2540616072378429,0.7574677492599342,0.0263905072336813,0.446783804406317,0.2780487622528955,0.3370767956098317,0.2405655962240469,0.2286658533973068,0.2131752656911078,0.6566421179217914,-0.0285590871824231,0.4183410434773655,0.245022891353759,0.2408619213190214,0.1689166839485811,0.1645327262856964,0.1425418987732531,0.3467113543201982,-0.1033043294118962,0.3650862923875552,0.1768755604112142
1464,Keşan,Edirne,2021,279.0,2390.5150000000003,592.72,0,225.5,,9.85,9.75,0.1598148500073566,56,26.89838709677419,34.90161290322581,13.141475409836064,852.5899999999999,4231.27,0.4101574040261693,0.2699979702226168,0.2534359373191035,0.2511933358646591,0.7163894545121814,0.0551053518188889,0.4473524386747436,0.2848221688507013,0.3857915937883904,0.2811506240745889,0.2670978269535923,0.2505723154043459,0.7964856943391304,0.0068978899004219,0.452584091834235,0.2820968564003374,0.2701337397573599,0.1832975666916532,0.1764339999949615,0.1650034088767167,0.3961955650225895,-0.0996091632501384,0.3852647092805389,0.1942960340989894
1464,Keşan,Edirne,2022,268.0,2479.795,567.7499999999999,0,212.62,,16.509999999999998,65.92999999999999,0.145531644159199,48,26.16741935483871,34.218709677419355,13.788688524590164,846.59,4259.530000000001,0.3686022020193617,0.247127176274011,0.23093238612932,0.2301585370291758,0.6305847181086179,0.0245504214448311,0.4304954529148841,0.2582986267351624,0.4040172295744187,0.2946656914460101,0.2743077343712392,0.2635481001934039,0.8706322624123628,0.0111753482311497,0.4516429056188437,0.2925972124586179,0.3044283376671829,0.2043596648082922,0.1913369649018656,0.191810482414057,0.4783810237148388,-0.1088317552764055,0.3868259575365538,0.2141046475166883
1464,Keşan,Edirne,2023,189.0,2544.955,626.855,0,178.61,,15.98,4.839999999999999,0.1292855477769463,57,28.177419354838708,36.34838709677419,13.451639344262295,852.4700000000001,3944.62,0.2991754003160728,0.1903022352150736,0.175961439013524,0.1821220339104279,0.4484040480618498,-0.0145976108318022,0.3806755552777198,0.2042715699019682,0.3501630092617766,0.2484809223504377,0.2366218610073416,0.2300203610902741,0.6948291052343248,-0.0259029219927216,0.4336862682656949,0.2542995568199865,0.2571348733761533,0.1804351516939853,0.177085213812453,0.1529627548636455,0.3701779856116588,-0.0928302269681481,0.3819248802602645,0.1889907780947887
1464,Keşan,Edirne,2024,156.0,2784.83,652.2099999999999,0,149.42,,9.589999999999998,6.890000000000001,0.0964033778690184,58,28.842903225806456,36.8158064516129,14.086120218579236,821.7900000000001,4235.79,0.3765217449886937,0.2627105751665498,0.2527319346631554,0.2440883749902402,0.6736915178586512,0.0502004869889658,0.4569434765754263,0.2727914991435095,0.3222764001410504,0.2320654708251135,0.2235633930767611,0.2008298285849267,0.6534817379893084,-0.0209011349581083,0.4210313336956294,0.2360411954917188,0.2617210726833349,0.1782501842378536,0.172717165583933,0.15229818691893,0.3966764964079984,-0.1013385961841654,0.3763233705339479,0.1882128371652467
1471,Merkez,Kırklareli,2017,275.0,2261.46,519.43,0,261.66,,58.78000000000001,14.99,0.1941431272962968,36,24.49,31.97967741935484,13.509562841530055,802.7799999999997,4059.79,0.4462956176502706,0.3213187209087499,0.3031446901646796,0.2902727020325105,2.8825802653916197,0.0175291378578893,0.5106373445806675,0.320035013176465,0.4022749208925312,0.2964217794291666,0.2787694433904565,0.268826831288016,0.8900114807057163,-0.0140993409000428,0.4711393071830025,0.2948973727810764,0.2813652932811901,0.192454097342467,0.1837811973240358,0.1787889198764934,0.3859536172159671,-0.1359696440799889,0.4086281040998606,0.203797825371815
1471,Merkez,Kırklareli,2018,243.0,2356.22,521.035,0,285.37,,78.63999999999999,2.19,0.2298265788395893,24,24.631290322580647,30.737741935483868,11.982295081967214,740.6800000000001,4002.06,0.3417712374764455,0.2375453430947384,0.2241852394612127,0.2211616917547261,0.5573027600165924,-0.0747281657008302,0.439841593652896,0.24588194714767,0.467282159631781,0.3266117552392859,0.3037473888697092,0.3114063598972001,1.0488878650067472,0.0035034056998659,0.4976942559386306,0.3308569725406817,0.3186415645598466,0.2039747670310638,0.1940256488020887,0.2017311901017618,0.4493423847139325,-0.1327594662645912,0.4303085501511472,0.2222742155996601
1471,Merkez,Kırklareli,2019,265.0,2298.165,504.11,0,198.92,,44.63,21.82,0.1531839335010249,30,24.10483870967742,31.39032258064516,12.927650273224042,764.9699999999999,3977.57,0.4412225534724558,0.3289370007320881,0.2992810046896601,0.2961931988817599,0.9137367136785924,0.0064971917659595,0.4892955533873666,0.3182410189571891,0.4002524217851388,0.2952731682144387,0.2720521105808579,0.2701093933946331,0.9441535873328628,-0.0302290384898491,0.4617944119875189,0.290818619723053,0.2775877954579539,0.1907026344703757,0.180519324921844,0.1742345754028657,0.3713496460320365,-0.1414273461848843,0.4030982187980617,0.2002558081367107
1471,Merkez,Kırklareli,2020,289.0,2278.515,522.97,0,215.93,,4.739999999999999,12.22,0.1614530353613311,38,24.649999999999995,32.0116129032258,13.101857923497269,860.68,4106.630000000001,0.4229237345467189,0.3051594950575936,0.276239496900195,0.283104697821207,0.892461145895891,-0.0151352920448942,0.4707497036121788,0.2987997727582089,0.330171305893274,0.2382813291434366,0.223384133733546,0.2111617484654566,0.5464348906219311,-0.0856608570545929,0.4236676739230096,0.2407587617071954,0.2326292681300346,0.160292334390241,0.1565352534748393,0.14367667593284,0.2730968796666387,-0.1619541735233033,0.3846125951878705,0.1716343036363148
1471,Merkez,Kırklareli,2021,253.0,2237.3950000000004,563.8950000000001,0,206.01,,11.829999999999998,13.59,0.1642966434791755,41,25.92129032258065,33.38903225806452,12.52360655737705,819.3400000000001,3896.35,0.4177550095215581,0.284520137822959,0.2582227445592218,0.2705009006300055,0.7932211504117087,0.0038089819988548,0.4645439512159053,0.2883935494711374,0.3677645407780984,0.270020431164983,0.2525399376738779,0.2465472973561818,0.7651582846903969,-0.0447286625692962,0.4543050173057578,0.2695171837430133,0.2901563472264941,0.1998490552613727,0.1879389437639247,0.1861894894542227,0.4391087433199201,-0.1262721078722003,0.4081143402672292,0.2090449119652558
1471,Merkez,Kırklareli,2022,248.0,2320.665,526.665,0,210.33,,23.31,41.260000000000005,0.1578621166562173,37,24.70064516129032,32.17935483870968,13.253989071038252,833.4399999999999,4065.29,0.4179596511810566,0.3052537116747997,0.28479807494111,0.2827263596644512,0.8656419366337618,-0.0033085784319721,0.4875262367317433,0.30217641648634,0.3604621037174344,0.2706973324397854,0.2524548622524736,0.2384285893659421,0.778292971424041,-0.0267919734936603,0.442636514603739,0.2660674374816672,0.3504221182133397,0.2341297995030405,0.218568721004366,0.2290620745629875,0.5818886719375405,-0.1023338294244976,0.436853574924327,0.2467719232049169
1471,Merkez,Kırklareli,2023,222.0,2391.5499999999997,591.8900000000001,0,199.97,,16.310000000000002,6.819999999999999,0.1560361337461483,49,27.013870967741934,34.958709677419364,12.695081967213111,833.3900000000002,3850.99,0.3536597890405165,0.247974397634816,0.2415800849845022,0.2234083028834418,0.5500697885130587,-0.0189441692931747,0.4594147528623398,0.2580012266231751,0.3446604172092163,0.2501807408114647,0.2343691742203139,0.2322630819842512,0.716316900383891,-0.058649058103637,0.4383280539375929,0.2518932883564103,0.265347934160748,0.1894961405789377,0.1776683922598577,0.1673229252140685,0.3929392319606838,-0.1223846207213472,0.3883545940731274,0.1935327743488125
1471,Merkez,Kırklareli,2024,206.0,2586.33,609.485,0,155.78,,12.93,7.8,0.1108549471620676,53,27.39903225806451,34.8316129032258,13.20989071038251,805.9199999999998,4080.68,0.3408888592942864,0.2465141765962136,0.2366924264873735,0.2276762486016714,0.5736790026526146,-0.0308833775841929,0.4560652988854555,0.2521503121460282,0.2685192778580833,0.197399029878948,0.187053844734925,0.1664960741842825,0.4087899530749297,-0.1025209979177114,0.3910912110216189,0.1996877163544038,0.2344299641572028,0.1553281089471131,0.1458282610511981,0.1443286805789025,0.2930713485195227,-0.1885190467375725,0.3614239489847389,0.1665873908652881
1480,Kofçaz,Kırklareli,2017,159.0,2174.99,504.68,0,275.76,,60.25000000000001,12.43,0.2023811268263068,33,23.98806451612904,31.798064516129028,13.95896174863388,802.7799999999997,4059.79,0.5065499631492558,0.3609301141927185,0.3378267607580509,0.3224072881665386,1.0288532888635014,0.0616783033693347,0.5410584373068674,0.3602880921405668,0.3596106854230562,0.2506949598277745,0.2393805267794329,0.2343750893907185,0.5908143668500603,-0.0725603608323793,0.4586434065239823,0.2611463301476052,0.2872358546196025,0.1928545096229189,0.1850807774986954,0.185617566170317,0.3831423713154043,-0.1487800777062663,0.4177261667078045,0.2071763114246347
1480,Kofçaz,Kırklareli,2018,163.0,2241.25,490.39,0,272.22,,82.70000000000002,6.66,0.2163938580433227,15,23.65032258064516,29.617741935483878,12.674098360655735,740.6800000000001,4002.06,0.358641052542401,0.2339763132740453,0.2207045248053686,0.2315317121577703,0.5866176519690565,-0.0806147029530062,0.4535308791601602,0.2501485044881228,0.4459721640157009,0.2910898432981609,0.271550467660853,0.2872869474490916,0.8027626538236435,-0.056267309919912,0.4890784830499908,0.3066528530250528,0.3322089981031421,0.2044711954391061,0.1950769659382375,0.2107360326990888,0.4627245681147187,-0.1573788811932892,0.4450744625742034,0.2282479516394928
1480,Kofçaz,Kırklareli,2019,164.0,2220.045,495.275,0,264.59000000000003,,57.69,30.840000000000003,0.2005819096136309,35,23.814516129032253,31.416774193548385,13.568415300546448,764.9699999999999,3977.57,0.4545821185135912,0.3273903230157367,0.2993315298232735,0.2968387411482798,0.8620192948606263,0.0153151829452334,0.502436449558904,0.3241928317474045,0.3835985452012863,0.2661570978669039,0.2474327124094639,0.2492522004040555,0.6444891233475145,-0.081285580784647,0.4574435939221058,0.2735756628789122,0.3064644076467532,0.2029153224830552,0.1909289469337022,0.1946656991020109,0.4094848687845813,-0.1545346671789635,0.4230033233572471,0.2167333017880195
1480,Kofçaz,Kırklareli,2020,187.0,2199.2200000000003,516.35,0,222.24000000000004,,1.2600000000000002,9.409999999999998,0.1629114883429127,42,24.465483870967734,32.34322580645161,13.865245901639344,860.68,4106.630000000001,0.4297052094313964,0.291318365588059,0.2674093525630263,0.2822846235609726,0.8164575107400166,-0.0188677431202626,0.478494648816424,0.297994537672531,0.2947463062244287,0.2042410109314173,0.1942308286655265,0.1890547502622476,0.4179112820884961,-0.1364767841616652,0.4141913911685876,0.2136042788299028,0.2329867017619313,0.1529421837903528,0.149944862097572,0.145354606514895,0.2583226503012029,-0.1937368832943045,0.3875547744401848,0.168585924571635
1480,Kofçaz,Kırklareli,2021,167.0,2136.745000000001,550.5699999999999,0,221.14,,15.11,15.349999999999998,0.1754109614897442,39,25.555806451612906,33.32354838709677,13.00639344262295,819.3400000000001,3896.35,0.5070065075391671,0.3395309246150634,0.3069072784406438,0.3270042428033248,1.032881094539556,0.0878585549663566,0.5141496821616691,0.3427815907755996,0.3513202990052187,0.2489949085712584,0.2358455110938762,0.2288716845848126,0.5600183947631681,-0.0752338358282082,0.454932240542365,0.2557535237074742,0.3035094084346746,0.1984326248701892,0.1862974868167227,0.1930422187689582,0.4209442606135692,-0.1473775937894708,0.4145073246710026,0.2135805803162724
1480,Kofçaz,Kırklareli,2022,128.0,2238.645,524.945,0,228.47,,22.26,36.11,0.1684730830212962,38,24.831612903225803,32.7983870967742,13.810109289617486,833.4399999999999,4065.29,0.4099580334392266,0.2805851599746493,0.2641882705472116,0.2650781506933872,0.7361740770620273,-0.0256729835021736,0.479862571186211,0.2898109687116115,0.3042910744253129,0.2212252216072523,0.209493136378761,0.1937678566475193,0.4581940661129945,-0.0988797595290649,0.4192844678087388,0.2249850497876124,0.2994115860126575,0.1928084791675476,0.1793504647772145,0.1925087490763015,0.4216571217997107,-0.1743868546950847,0.4032925592560508,0.208696095509527
1480,Kofçaz,Kırklareli,2023,122.0,2288.75,577.5200000000001,0,236.33,,27.96,16.21,0.182734021609545,47,26.589032258064517,34.62129032258064,13.219016393442626,833.3900000000002,3850.99,0.4565094593333869,0.3251761745509416,0.3148570867313925,0.2993118669982507,0.8958767196566931,0.0585135186468191,0.5190150368859324,0.3308227673890155,0.3321431802221072,0.2302409732323477,0.2176454029541485,0.2185406768909265,0.5424437146450996,-0.1014584379779642,0.435555971427997,0.2394046737976673,0.270412608294928,0.1767425945251124,0.1653665095308976,0.1676964494099424,0.3549539862729995,-0.1747942412468353,0.385070713101639,0.1899449916845141
1480,Kofçaz,Kırklareli,2024,128.0,2511.435,590.1999999999999,0,205.8,,29.33,10.95,0.1428083307297693,48,26.976774193548387,34.6283870967742,13.9524043715847,805.9199999999998,4080.68,0.3586894233449171,0.2532388002504359,0.2454227371383585,0.2338061677154878,0.5579059789969909,-0.0206406682593598,0.4765897262387127,0.2632565611018017,0.2560920470480167,0.1877995992732788,0.18194796582953,0.1600090442590104,0.3400479663133675,-0.1096078737608191,0.3985186638205112,0.1934105465565662,0.243836504304178,0.1588208433302297,0.1493001462664862,0.1528976523576989,0.3129623886722528,-0.1825214397635439,0.3698022300959326,0.1719355254936981
1502,Lalapaşa,Edirne,2017,197.0,2174.99,504.68,0,275.76,,60.25000000000001,12.43,0.2046178409219718,33,23.98806451612904,31.798064516129028,13.95896174863388,775.2200000000001,4016.24,0.4831063454115783,0.335895089094904,0.323366394710829,0.3065756299673817,0.980978490651424,0.0355159046924558,0.539282581421492,0.3434104533681646,0.2903145890719989,0.1980100086684251,0.1893900545366388,0.1799058909406111,0.4024368677894401,-0.1361115357066586,0.400820438376278,0.2098058144846478,0.2336860049584798,0.1528672613575628,0.1463681544761449,0.1458646453443114,0.2775825989327504,-0.1957876882235472,0.3704766938211394,0.1669255515723998
1502,Lalapaşa,Edirne,2018,201.0,2241.25,490.39,0,272.22,,82.70000000000002,6.66,0.2161947974243695,15,23.65032258064516,29.617741935483878,12.674098360655735,733.86,4012.95,0.338831135841894,0.2324765600044294,0.221616833226935,0.2180191217986207,0.5394434760001799,-0.0617748195599384,0.4446808861887802,0.2435598268079535,0.3633370881736369,0.2436653381801775,0.2273159412520828,0.2295693063639534,0.5961259355486886,-0.0910944131164453,0.4301292327724755,0.2546971880655361,0.2627314042865448,0.1661286683685422,0.1592520671457916,0.1649902375673377,0.3372864050006998,-0.1726644561832132,0.3893706478880496,0.1839098228108571
1502,Lalapaşa,Edirne,2019,201.0,2220.045,495.275,0,264.59000000000003,,57.69,30.840000000000003,0.2005514149786972,35,23.814516129032253,31.416774193548385,13.568415300546448,756.7299999999999,3987.36,0.42217447000627,0.3145651886017963,0.2897478628918479,0.2771837473180025,0.8114427885414883,0.0330782507337704,0.4891432320188396,0.3062628075835887,0.3190446691377062,0.2219214961543138,0.2061509284718356,0.2015900305959797,0.4919960954335568,-0.1164756569627564,0.4108597151291728,0.2287770567395187,0.2515136804259376,0.1629569597034393,0.1528413529131937,0.1580745184532401,0.3183058578056372,-0.1851554687569074,0.3757629806605758,0.1762914405129103
1502,Lalapaşa,Edirne,2020,204.0,2199.2200000000003,516.35,0,222.24000000000004,,1.2600000000000002,9.409999999999998,0.1655822298631135,42,24.465483870967734,32.34322580645161,13.865245901639344,836.0299999999999,4054.02,0.3684815342161885,0.2408623897818565,0.2208358274553719,0.2396425695064456,0.661870990579464,-0.0722491671691433,0.4372715636703529,0.2522072858978916,0.2470432141776855,0.1730957062789691,0.164515908464431,0.1537559227832302,0.3199116563378826,-0.1641489689872448,0.3765659967188266,0.1804458613719378,0.2068208691172775,0.1367540000941904,0.1346128096330351,0.1267919119996592,0.2315404843484678,-0.196974948470072,0.3656239067141645,0.150627430612862
1502,Lalapaşa,Edirne,2021,202.0,2136.745000000001,550.5699999999999,0,221.14,,15.11,15.349999999999998,0.1740803037262573,39,25.555806451612906,33.32354838709677,13.00639344262295,823.1500000000002,3943.41,0.4442616342856498,0.2873223424497964,0.2634681424129582,0.2797462961733514,0.8344222759028282,0.0345858189610883,0.4834332426877489,0.2987469527833045,0.2986673624452262,0.2142464751958143,0.2031631766266332,0.1900244667239604,0.4300385976449901,-0.1011859317960422,0.4159750020451809,0.2198377406731747,0.2522260576902957,0.1710455201204766,0.1594771160932749,0.1604852464652419,0.3287003909001476,-0.163588376668001,0.3760523484157582,0.1808273452015511
1502,Lalapaşa,Edirne,2022,214.0,2238.645,524.945,0,228.47,,22.26,36.11,0.1687685994220398,38,24.831612903225803,32.7983870967742,13.810109289617486,831.5500000000002,4073.07,0.3805167811422784,0.2671210424789545,0.2520820549116819,0.2536403717992434,0.7324948083945249,-0.0326550350742382,0.4761815566751253,0.2723789693810219,0.2577583715139513,0.1855634975348534,0.1760407126782974,0.1563678633339387,0.3512582480997245,-0.1155386328107035,0.3794905030690421,0.1902217172212835,0.2844486008904562,0.1859163018288441,0.1729058500800068,0.1842496408970617,0.4055793423515019,-0.1750606764245304,0.3931609354663915,0.1991395661056423
1502,Lalapaşa,Edirne,2023,261.0,2288.75,577.5200000000001,0,236.33,,27.96,16.21,0.1852171038486422,47,26.589032258064517,34.62129032258064,13.219016393442626,808.1800000000001,3806.9699999999993,0.4168771945803219,0.2876557939639909,0.2775780641454637,0.2688244937150085,0.7316022930882333,0.057290487777146,0.5064362723141012,0.2972197284235388,0.2977896087598721,0.2046112938878254,0.1930466732032904,0.1903338649842109,0.4562263502893909,-0.1187457035932907,0.4053469649674283,0.2145337945669268,0.257328413357227,0.171919129134208,0.1618454996256827,0.1604511719569045,0.3404086495760113,-0.1802158395411279,0.379141689780839,0.1837032651171802
1502,Lalapaşa,Edirne,2024,78.0,2511.435,590.1999999999999,0,205.8,,29.33,10.95,0.1448339241851887,48,26.976774193548387,34.6283870967742,13.9524043715847,779.2800000000002,4035.940000000001,0.3227991433221718,0.2329492019945997,0.224360086826907,0.2155819796880196,0.5211275610113042,-0.0288377279124953,0.4458394289777484,0.2389919123751997,0.2125863911006462,0.1505713231391413,0.1448794628197807,0.1251562877355008,0.2496140347820704,-0.151666851133796,0.3567447801167987,0.1577272744041793,0.1993310856147999,0.1302304372479364,0.1230839320432025,0.1208810791521211,0.2161286941036494,-0.2076327922717095,0.3403769634465594,0.1415354436712446
1505,Lüleburgaz,Kırklareli,2023,188.0,2391.5499999999997,591.8900000000001,0,199.97,,16.310000000000002,6.819999999999999,0.1560361337461483,49,27.013870967741934,34.958709677419364,12.695081967213111,833.3900000000002,3850.99,0.4326723269493353,0.2820244285896149,0.2715588276546238,0.2876446831240574,0.8204526770272145,0.0358949089944064,0.4975521783648384,0.3020549170717594,0.2956072738727232,0.2052695004100348,0.1932996587575383,0.1897059620465261,0.5037007989283495,-0.090253966532374,0.3997271093226548,0.2132557366078283,0.2049718760577632,0.1409121282160986,0.1341217170596904,0.1256927764338004,0.2521275189780202,-0.1527676166518171,0.3519820935098288,0.1487428189263008
1511,Malkara,Tekirdağ,2017,225.0,2441.805,560.5649999999999,0,221.77,,43.46,10.46,0.1494003660449384,39,25.76838709677419,33.88483870967742,14.358688524590166,819.4899999999999,4238.02,0.4969080785008853,0.3520228945028025,0.3336376553133074,0.3213066088330124,1.082403866385241,0.0869209548194441,0.5285054367981269,0.3533990587797825,0.4039204137528149,0.2941471551698025,0.2777838142892067,0.2587714354212774,0.7762291482375526,0.0105559709962388,0.4510428792979844,0.2946712896914554,0.2455276863613475,0.1573223001548692,0.1517651983329636,0.1542165826903443,0.3444416684929324,-0.1349817989080081,0.3603891849154185,0.173565324849373
1511,Malkara,Tekirdağ,2018,241.0,2545.095,557.055,0,226.77,,69.7,0.3299999999999999,0.1638104366468034,46,25.848064516129032,32.31935483870968,13.023989071038253,798.4799999999999,4150.03,0.373514203357605,0.2628351448626943,0.2453426777219603,0.244892954622331,0.6863357363608846,-0.0013343546841489,0.4431044140178927,0.2674447232781817,0.350654983012367,0.241914341147235,0.2270827371316171,0.2183627230008701,0.6384306180453211,-0.0421353248473142,0.4025071697521319,0.2485751567968505,0.2291165262587708,0.1428826479641071,0.1354908676832753,0.1424329207803324,0.3132467762068565,-0.1613186530466879,0.3374981033125479,0.1586187071692037
1511,Malkara,Tekirdağ,2019,250.0,2469.15,538.27,0,200.81000000000003,,38.11000000000001,19.32,0.1379018725717103,46,25.375161290322584,33.07322580645161,13.799508196721307,824.9899999999999,4212.64,0.3920950983737942,0.2769885943846056,0.2520055976739263,0.2550137581897209,0.7613566470232926,0.0195260280494901,0.4426642500926936,0.2764036211501564,0.3773411336556193,0.2698168835771524,0.2510690152935361,0.243367647251775,0.7291864564732243,-0.0208345691347733,0.4313991112652729,0.2718614126478683,0.2303023057393592,0.1505969082239975,0.1413343627437414,0.1431963232278249,0.3125616517704253,-0.1479706017493468,0.3415840417485381,0.1619680192458379
1511,Malkara,Tekirdağ,2020,246.0,2460.79,568.9150000000001,0,200.93,,2.39,7.19,0.1352908010262218,54,26.134516129032257,34.33,14.056284153005466,878.3400000000001,4285.5,0.4416124264753608,0.3141139173192525,0.2913570527411375,0.2926847464993198,0.9042032421216408,0.057129595502999,0.4839673788760648,0.3138424105500015,0.3003110832142041,0.2031771796422261,0.1947953498378587,0.1859210507225331,0.4527904636626531,-0.0712628573059276,0.3982485518776427,0.2157218002981297,0.1952068134554263,0.1289385481870366,0.1248396194863863,0.1158086900623842,0.2333418248849738,-0.1586767542657332,0.3336707096421025,0.1405820517677978
1511,Malkara,Tekirdağ,2021,240.0,2390.5150000000003,592.72,0,225.5,,9.85,9.75,0.1598148500073566,56,26.89838709677419,34.90161290322581,13.141475409836064,852.5899999999999,4231.27,0.467112769637463,0.3165383377000996,0.2980372206429605,0.3012225018849589,0.9735529972095156,0.081804987113034,0.4912055820011698,0.326707190947337,0.3572870199261883,0.2522749488816213,0.2408838474135328,0.2313811895027631,0.6284850970449943,-0.02042558281488,0.4376151063958876,0.2597813187893106,0.2367281756972061,0.1527670554454397,0.145605169516291,0.1454986407381753,0.3185803647865358,-0.1433734451176446,0.3564354764215262,0.1664470638159687
1511,Malkara,Tekirdağ,2022,193.0,2479.795,567.7499999999999,0,212.62,,16.509999999999998,65.92999999999999,0.145531644159199,48,26.16741935483871,34.218709677419355,13.788688524590164,846.59,4259.530000000001,0.4042391019698078,0.2742206673410039,0.2594237418586758,0.2614352975155428,0.7234805366801496,0.0279455285360651,0.4692949299010625,0.2859212183218779,0.3597473936120933,0.2603183155791655,0.2460957380621878,0.2370563327093499,0.7084443722877563,-0.0120730821937934,0.4393555912124527,0.2628967133187828,0.2477319660320819,0.1540806572660999,0.1438452218618122,0.1566300746099139,0.3483057825015482,-0.1746842052091005,0.3507266669904826,0.1698932758999247
1511,Malkara,Tekirdağ,2023,149.0,2544.955,626.855,0,178.61,,15.98,4.839999999999999,0.1292855477769463,57,28.177419354838708,36.34838709677419,13.451639344262295,852.4700000000001,3944.62,0.3524991240029527,0.2350559612754091,0.2184006231713978,0.2293030117079619,0.6168912123408409,0.0040956088725084,0.4295299647872266,0.2454730657414462,0.3163607393328959,0.2168670949674505,0.2088505837760786,0.2090590523372112,0.5578586561729796,-0.0613301224298838,0.4188429280907118,0.2287842989200066,0.2138104024074539,0.1418857769437188,0.1403119546408382,0.1289035736007703,0.2508457436323139,-0.1448423158460871,0.3620775094434657,0.1555586358924706
1511,Malkara,Tekirdağ,2024,180.0,2784.83,652.2099999999999,0,149.42,,9.589999999999998,6.890000000000001,0.0964033778690184,58,28.842903225806456,36.8158064516129,14.086120218579236,821.7900000000001,4235.79,0.3924247355662286,0.2793713877180228,0.2672013598985413,0.2673331458929531,0.7658150609097161,0.0504535964255153,0.4775980858505255,0.285548832409358,0.2673502842824033,0.181152264858092,0.1755819732315139,0.1589350754189901,0.378379840104709,-0.0807224952850671,0.3816798202798788,0.1934907295681957,0.2059781517608005,0.128069362856315,0.1222225378702646,0.1223783288584545,0.2466650513889557,-0.1813303754634414,0.3351210903206074,0.1433142136406224
1523,Meriç,Edirne,2017,219.0,2570.71,580.4749999999999,0,220.15,,43.63,9.56,0.1602404355343485,44,26.49838709677419,33.80838709677419,13.0568306010929,775.2200000000001,4016.24,0.4333058762577808,0.2846415270731562,0.2566273969177128,0.2406380532064862,0.7287213634027331,0.1213116016612527,0.4233984689675412,0.2913540256362573,0.5693183702093764,0.4510718821292024,0.4134029715494601,0.3953352888376188,1.7581545594593868,0.1471570753524116,0.5613862404015036,0.4174527300351578,0.4799649113091822,0.3676630089678562,0.3458391125290587,0.3075751930829133,1.0224759467672806,0.0851607150651228,0.5092113704910225,0.3524952605460164
1523,Meriç,Edirne,2018,209.0,2671.28,570.1750000000001,0,226.13,,69.61,0.38,0.1721923885337207,45,26.39967741935483,32.06677419354839,12.07289617486339,733.86,4012.95,0.377059217887511,0.2388713759893563,0.2195791435618417,0.21366714211537,0.5640741610282958,0.0679885863144791,0.4104055734730368,0.2545058940906485,0.555975817895232,0.4364598387182383,0.4011978347544419,0.3922846070609415,1.8482850141686051,0.1197065628260539,0.5456895761466122,0.4053383562408806,0.4831038895151129,0.3716950772159652,0.3503041990823284,0.3135139350788417,1.0674483114829083,0.0789823784199306,0.5076678865890192,0.3545883302963249
1523,Meriç,Edirne,2019,314.0,2599.42,561.9200000000001,0,208.86,,40.73,21.92,0.1549735490103613,45,26.165806451612895,33.171290322580646,12.637158469945357,756.7299999999999,3987.36,0.4788734075317821,0.331065591588422,0.2917481800828795,0.2872908292891476,0.9239009263870334,0.1400175881567781,0.4567144529896673,0.3272007570986846,0.5682534198046004,0.4530467996557496,0.4133648330685038,0.3961008785641774,1.816523674785113,0.1492001718889642,0.5592646065323463,0.4166936174529955,0.4359404182061212,0.3331475581907785,0.3128219037808469,0.2672511121813374,0.7803304523637795,0.0744508277655702,0.4744718963221216,0.3202789909187166
1523,Meriç,Edirne,2020,286.0,2581.635,593.505,0,201.61,,1.6700000000000002,6.57,0.1471202830453729,57,27.027741935483867,34.5116129032258,12.859508196721311,836.0299999999999,4054.02,0.3843942093672422,0.2430341029515512,0.2170840363430879,0.2158649850541407,0.6190825814807241,0.0910396125377407,0.3953583170540604,0.2545218463685973,0.5046517940722044,0.3980067539586946,0.3681037816094056,0.3533188768394477,1.6402121340255176,0.1206787961811465,0.52852503253619,0.3712113179489758,0.4344957303662086,0.3407190332060538,0.3256785450129434,0.2767763419395975,0.9669024828051644,0.0863582348158393,0.4865819649037706,0.3249671496565025
1523,Meriç,Edirne,2021,313.0,2517.925,616.2550000000001,0,225.22,,9.25,9.93,0.1744703946278805,58,27.756129032258062,34.968709677419355,12.018087431693989,823.1500000000002,3943.41,0.3868963708278964,0.2341515797585086,0.2124711255796563,0.2091994459561923,0.5679443334465769,0.0895423176332255,0.3979462745017,0.2529899116192158,0.538228865446817,0.4309161706539579,0.399441707268084,0.3792349225829676,1.7438741879645487,0.1447201911351505,0.5488892289179805,0.3990457469949151,0.4408710097575515,0.337797063268495,0.3169672970516227,0.2766581547126283,0.8929496634773139,0.077399578523553,0.4801331146265385,0.3238361522399534
1523,Meriç,Edirne,2022,352.0,2616.8150000000005,598.47,0,215.72000000000003,,16.08,69.1,0.157064513113862,49,27.241612903225807,34.55483870967742,12.657158469945356,831.5500000000002,4073.07,0.4420150135658214,0.306985351781738,0.2749703636644968,0.2703429960663394,0.8653492901661776,0.1030814684790523,0.4473300119709583,0.3044556155265396,0.5030036142688923,0.3857148488445756,0.3514533709908512,0.3358962051140718,1.3428417642526955,0.1091654282415735,0.506561425997681,0.3650749263180365,0.4092650337963577,0.2977721383775136,0.2761219040061625,0.2597686739655065,0.7509144096938586,0.0221548199560821,0.4527581141656679,0.2930724362034627
1523,Meriç,Edirne,2023,239.0,2654.1600000000003,642.575,0,179.13,,17.44,5.099999999999999,0.1378549009706583,56,28.74935483870968,35.95645161290323,12.400218579234972,808.1800000000001,3806.9699999999993,0.3606560835870983,0.2365863274282996,0.2166600419640554,0.2124729993196026,0.5557541770226935,0.0878572044248844,0.4081339207657627,0.2463094423435209,0.4575618665725382,0.3468402454831031,0.3231056478103628,0.3157001315862272,1.2801323675407743,0.0827522329095152,0.5022672960701287,0.3349654866413979,0.3586223916327223,0.2672216063944143,0.2573355309774477,0.2201564838512222,0.6420311575413008,0.028339026732244,0.4478890821929484,0.2643487349697849
1523,Meriç,Edirne,2024,199.0,2925.3949999999995,671.4700000000001,0,153.26,,10.72,7.6,0.1059566744531507,59,29.594838709677425,36.66774193548388,12.926502732240436,779.2800000000002,4035.940000000001,0.4053288590175943,0.2733615846861658,0.254848201126768,0.2494563490033508,0.7170263712699734,0.0847398822309637,0.4505433089225031,0.2830100745100901,0.420247975157114,0.3165970444999536,0.2977158673086972,0.2831062310551692,1.236356027704348,0.0516887474241718,0.4780590364764633,0.3070813493178032,0.3590362578617605,0.2604543343224509,0.2463985779230782,0.2162044575585627,0.6390229508899745,-0.0197385981012977,0.4272164443579896,0.2600293651567407
1538,Muratlı,Tekirdağ,2017,263.0,2367.565,537.8,0,234.37,,44.31,17.209999999999997,0.1910669321269303,25,25.10129032258065,31.197741935483872,10.87431693989071,802.7799999999997,4059.79,0.5838533644517201,0.4340202677613978,0.415021372511935,0.3836714665738212,1.4729690133621578,0.1655356245612629,0.5981450920061054,0.4199477251169702,0.3706108699132311,0.2592114195314451,0.2456546819550066,0.2233439718607036,0.6142582010159174,-0.0395968371061729,0.4279034048293574,0.2667817203777688,0.221232960188236,0.1387960384047246,0.1308184393973721,0.1387416670273074,0.2784828057600362,-0.1883500109247604,0.3477714500204545,0.1535064566016545
1538,Muratlı,Tekirdağ,2018,241.0,2524.53,557.21,0,272.72,,79.53,1.01,0.2364984417699735,15,25.91161290322581,30.81548387096775,9.810601092896176,740.6800000000001,4002.06,0.3396021256389744,0.229114319765419,0.2122724180001082,0.2238357627564365,0.5684841540211032,-0.0692764204243874,0.4343694712151471,0.2385094553774748,0.4020750786013017,0.2723907338847181,0.2531027086330243,0.2507312667968758,0.7473104469152672,-0.0423837023732492,0.4386475439788063,0.2799238788528811,0.2249400468985705,0.125887478213721,0.1162538654536053,0.1408403802421411,0.3029575495779749,-0.203126988292759,0.327918939873093,0.1449887916449664
1538,Muratlı,Tekirdağ,2019,251.0,2419.735,520.565,0,172.78,,31.85,19.75,0.1463891883627011,22,24.761612903225803,30.46806451612904,10.292950819672132,764.9699999999999,3977.57,0.482359258288986,0.3642826742166102,0.3339643638112563,0.3218068482782011,1.1226588722553903,0.0891508031334001,0.5164553209291851,0.3492965655354931,0.295506603464595,0.1964085367687969,0.1829907507921736,0.1801600972333432,0.4523225793485463,-0.1157241154939046,0.3899188118512315,0.2077532372395292,0.1808439749273814,0.1177727141791022,0.1088373883463564,0.1074655836723039,0.2085446813029223,-0.17545797053961,0.302867517241512,0.126105941499357
1538,Muratlı,Tekirdağ,2020,288.0,2400.71,535.4399999999999,0,219.83,,7.03,10.909999999999998,0.1790530606936657,24,25.127096774193557,31.142258064516124,10.639562841530056,860.68,4106.630000000001,0.4757374561276581,0.3388361481101443,0.3091059370596259,0.3050795972054352,0.9764900956082444,0.0850347548099306,0.504461563142434,0.3346143256574556,0.2945239672598422,0.1897068023638469,0.1803670517685597,0.1815832924925272,0.452029385553761,-0.1192607377655799,0.3935697107746685,0.2058003118454999,0.1684263734897074,0.1077799560028063,0.1001681040119895,0.0969433898423412,0.1802004578289722,-0.207573855324821,0.3002352345989098,0.1176664245038442
1538,Muratlı,Tekirdağ,2021,250.0,2382.5199999999995,577.4,0,211.36,,13.469999999999995,12.929999999999998,0.1844493398684364,34,26.508064516129032,32.46129032258064,10.046939890710384,819.3400000000001,3896.35,0.5097156876564677,0.3505690009691161,0.3260109980942868,0.3369569043585882,1.1921955473832562,0.1223624184117112,0.5208336662204585,0.3517634872877112,0.3424008343061815,0.2337096984908279,0.2219593570893537,0.2188452439791904,0.5979578691691912,-0.0635559822993434,0.4279604724092634,0.2451146134820433,0.203872319667616,0.1263376666347521,0.1173121856682815,0.1239409500838734,0.2407295279570764,-0.1970878469225951,0.3261897845959976,0.1391768029825354
1538,Muratlı,Tekirdağ,2022,242.0,2436.91,533.1850000000001,0,193.1,,21.9,42.79,0.1586001923201454,22,25.059677419354845,30.976129032258065,10.63912568306011,833.4399999999999,4065.29,0.4942806861220903,0.3495588263042245,0.3350041439821263,0.3289046688011686,1.1338586655738818,0.0808526640266942,0.551541933371874,0.3543683398825925,0.3657974729494243,0.2602657248693635,0.2412744991826012,0.2381648457354425,0.7001475090716035,-0.0426158044039265,0.440695961890292,0.263222530774332,0.2537574353000307,0.1517069359214306,0.1415156335774745,0.164988293514774,0.3382614321504657,-0.1985024511949003,0.3673506489607991,0.170421200812416
1538,Muratlı,Tekirdağ,2023,85.0,2486.13,603.845,0,186.24,,11.19,3.1899999999999995,0.1596350414261402,44,27.444193548387094,33.73064516129032,10.268415300546447,833.3900000000002,3850.99,0.3913517658001941,0.2553748977311086,0.2422904911475957,0.260911351078379,0.7010194228164875,0.0069003356411453,0.4698303354301544,0.2711400226660418,0.2564835344279425,0.1712787908522116,0.163055056988057,0.1609320353079554,0.3899793864397979,-0.1440697295184612,0.3740835435407726,0.1833193843697374,0.1885913504044522,0.1222688608413555,0.1170741387030398,0.1134343459483387,0.2013389268826723,-0.1960217217030735,0.3406320692780424,0.1337501679929372
1538,Muratlı,Tekirdağ,2024,170.0,2694.8700000000003,615.275,0,135.59,,7.81,5.0200000000000005,0.1057432703610228,47,27.701935483870965,33.66193548387097,10.677814207650274,805.9199999999998,4080.68,0.3874480660667745,0.2724990701812763,0.2613287712160612,0.2636527258817327,0.7545881900843824,0.0425562376179907,0.4876767984924361,0.2803003895646663,0.2434620109058673,0.1635166611104909,0.1542564923933131,0.1432732633989546,0.3242275008836592,-0.1484066037664593,0.3626742664133514,0.1739623311629737,0.1988815213275987,0.1207053958358855,0.1120914089878253,0.1204065757287766,0.225317712510128,-0.2238395722340529,0.3301730142990399,0.1351613362914383
1572,Pehlivanköy,Kırklareli,2017,239.0,2428.81,553.2599999999999,0,273.97,,59.83,12.01,0.1916481994462084,39,25.58129032258065,33.62580645161291,14.356775956284151,802.7799999999997,4059.79,0.5167768686693358,0.3742719026872881,0.3447679480400235,0.3246323367764952,1.0956139562079656,0.1344284254377299,0.5197154327431801,0.3649157151107434,0.4618883110916666,0.3417992947922548,0.3186656957620228,0.300800493171239,0.9871184872686988,0.048021069774507,0.4969967700553367,0.3363906194240438,0.3668849495847363,0.2593030771141682,0.2469898980625394,0.235088720592425,0.6385512284376822,-0.0434921779529694,0.4549540006030134,0.2658016042778547
1572,Pehlivanköy,Kırklareli,2018,307.0,2519.59,541.5949999999999,0,258.65,,79.18,1.89,0.1945084466611531,42,25.350000000000005,31.60258064516129,13.068852459016396,740.6800000000001,4002.06,0.3892392494909676,0.2645897745555088,0.2441131722685311,0.2473428497078728,0.6825212739660057,-0.0163416262153096,0.4481833035734096,0.27207888244132,0.5195677985463221,0.3753735201114264,0.3484420716805432,0.3438793293160553,1.2663124024186383,0.0679803906368785,0.5191814369013573,0.3694865927326633,0.3709172616171627,0.2515775704023683,0.23915162876508,0.236262872154114,0.6402539620650873,-0.0696401233494602,0.4511873235901019,0.26308504342176
1572,Pehlivanköy,Kırklareli,2019,258.0,2482.7200000000003,544.5500000000001,0,230.70000000000005,,45.38,31.68,0.1655446088164147,44,25.515483870967746,33.28645161290322,14.009344262295082,764.9699999999999,3977.57,0.4471462583662199,0.3209336725238226,0.2913251568748917,0.2931231811731386,0.912143366609426,0.0512704688823422,0.4870614148507527,0.3157087575797728,0.3801186715294686,0.2805858670574046,0.2581835594817334,0.2505307344595561,0.8582786272799138,-0.0375481046647072,0.4460176554075358,0.2750773430058421,0.3150042766536971,0.2206931288437982,0.2075339763531957,0.1985414898819732,0.4888000009139387,-0.0881987494530345,0.4114726957071781,0.2266065522178097
1572,Pehlivanköy,Kırklareli,2020,325.0,2469.95,572.3299999999999,0,229.11,,1.84,7.41,0.1596645713575631,54,26.26612903225806,34.483548387096775,14.179945355191258,860.68,4106.630000000001,0.3992965270557991,0.2638632497403687,0.243995986036618,0.2526799738207105,0.7160971891313266,0.0381364868913266,0.4493539574206487,0.2747225136621467,0.3425173919122046,0.2484486088451768,0.2345732080541865,0.2231041969468746,0.7006779936885779,-0.0502508636007233,0.4354805548810376,0.2494803988864548,0.2789223986050244,0.1958623769587285,0.1889547013154914,0.173667791440729,0.4344360414630332,-0.0999165689572443,0.4003973516633236,0.2039450824318128
1572,Pehlivanköy,Kırklareli,2021,306.0,2390.16,599.15,0,220.56,,14.4,13.81,0.166668432710007,55,27.134516129032253,35.18,13.302240437158469,819.3400000000001,3896.35,0.4464854566754638,0.2857769277559638,0.2610796849586039,0.2751252192892011,0.7733458331888735,0.0556078756327815,0.4698531465477971,0.3005328904875669,0.4261922872470851,0.3222432274672105,0.3031123967567977,0.2861419078853292,0.9866856912009664,0.0237452320200923,0.4888668001386116,0.3142654297128798,0.3398061070475796,0.2429202915778533,0.233045358820474,0.2127664945720637,0.5525981810461075,-0.0567128104975938,0.4410535222182236,0.2483841037021647
1572,Pehlivanköy,Kırklareli,2022,296.0,2495.07,581.8800000000001,0,221.16,,20.27,46.8,0.1556284782323186,50,26.649677419354838,34.76258064516129,14.103169398907104,833.4399999999999,4065.29,0.4469012272008638,0.3104231969977803,0.2860943623504145,0.2825868176313466,0.8505725094073658,0.0892550536285887,0.4825431596346892,0.3116817774037058,0.3865432340638656,0.2914748637610597,0.2717632829069647,0.251367327479261,0.8569096680198757,-0.0008284320412904,0.4566395578853592,0.2844612985899681,0.3543267322572023,0.2480203728496411,0.2299537739722855,0.2273837718580252,0.6051600101629515,-0.0730144604765801,0.4292431147154742,0.2524491617650721
1572,Pehlivanköy,Kırklareli,2023,158.0,2558.1450000000004,630.4299999999998,0,218.67,,19.77,10.48,0.1602755519781737,57,28.345161290322583,36.51870967741936,13.636120218579237,833.3900000000002,3850.99,0.3865853911236356,0.2538683615159025,0.2373949785998767,0.2440901111186215,0.6314595476272576,0.0426525235572843,0.4554079613697034,0.2676084270600481,0.3323702650488647,0.2406017476661918,0.2275186290692917,0.2161163937530544,0.659345934135887,-0.0559289635307252,0.4306528498585446,0.2433603728780562,0.2639854287858545,0.1967282175761876,0.1904496936688062,0.1607896359782652,0.3811571489637295,-0.0850635413044414,0.3972984190372652,0.1985386337874925
1572,Pehlivanköy,Kırklareli,2024,177.0,2786.885,648.5999999999999,0,172.17,,20.090000000000003,10.34,0.1138738987891553,58,28.8141935483871,36.67161290322581,14.260928961748634,805.9199999999998,4080.68,0.3844348523903413,0.2681045421925326,0.2558856494874291,0.2530365440729742,0.7147782476190827,0.0167653848846526,0.4752314573042375,0.2762326081376946,0.2982481833091488,0.21748939374316,0.2093551125236595,0.1886260201570369,0.5963254306142549,-0.0620538827088219,0.4167309448053504,0.2201846441273923,0.2520119536925809,0.1680934131798417,0.1606137746571645,0.1499179797417748,0.3555385840607225,-0.1509105050681651,0.3732572562845485,0.1792704698651175
1577,Pınarhisar,Kırklareli,2017,292.0,2261.46,519.43,0,261.66,,58.78000000000001,14.99,0.1941431272962968,36,24.49,31.97967741935484,13.509562841530055,802.7799999999997,4059.79,0.5052726681668922,0.3962199914075402,0.3553744356011359,0.3302494024932911,1.14795534404363,0.1087334572762627,0.5264801242123774,0.3635209501092539,0.3802072483739748,0.2749407908985774,0.2595316418804647,0.2322778788027631,0.6354658657282525,-0.013822207327405,0.4422784359803124,0.2776556521061902,0.2459423770896841,0.1658302793559286,0.1572045864034334,0.1535060126386811,0.3242356135942428,-0.1437516923829949,0.3771585524030823,0.1768793032694064
1577,Pınarhisar,Kırklareli,2018,299.0,2356.22,521.035,0,285.37,,78.63999999999999,2.19,0.2298265788395893,24,24.631290322580647,30.737741935483868,11.982295081967214,740.6800000000001,4002.06,0.3979263763657805,0.2855835560667065,0.2673379786878814,0.25912318149036,0.7322094220141867,0.0178807601327606,0.473602623827366,0.2879446044931565,0.4537367216746898,0.3205613423990756,0.2963890400919746,0.2790788119733742,0.8523020908711199,0.0205693460788917,0.468003061527084,0.3217205189411534,0.2902870613407421,0.1761964852331002,0.1669862589195336,0.1813385595664821,0.4103395733531184,-0.1411845067529836,0.4030506298144133,0.1965822861830821
1577,Pınarhisar,Kırklareli,2019,300.0,2298.165,504.11,0,198.92,,44.63,21.82,0.1531839335010249,30,24.10483870967742,31.39032258064516,12.927650273224042,764.9699999999999,3977.57,0.4394744037289502,0.3324659884940168,0.3033819138160236,0.2976689473437198,0.95177548463455,0.0587403713694418,0.4920060004022826,0.3191759913476646,0.3276708577283693,0.2289248527936625,0.212602846873039,0.2000792109829842,0.5124904126740922,-0.0728595647876583,0.4074373823532181,0.2350858882822769,0.2127718328002097,0.1470220705382234,0.1360826520873151,0.1254209125045301,0.2652680353768645,-0.1498538651868141,0.3373677424646814,0.1526345094943457
1577,Pınarhisar,Kırklareli,2020,372.0,2278.515,522.97,0,215.93,,4.739999999999999,12.22,0.1614530353613311,38,24.649999999999995,32.0116129032258,13.101857923497269,860.68,4106.630000000001,0.457314368494877,0.3514397526367532,0.3059417147294925,0.3061460528590281,1.0416377703783253,0.0509961650771253,0.4720133320143432,0.3247001961950672,0.3377233254074434,0.2342644028583246,0.2208060267760135,0.206676206721582,0.509359166288618,-0.0581573382560825,0.4217411512235051,0.2427315420194188,0.2134760187396605,0.1479637231342238,0.1409792134046908,0.1264326913664058,0.2602746081682695,-0.1490741246480588,0.3552782638657847,0.1559394660882415
1577,Pınarhisar,Kırklareli,2021,201.0,2237.3950000000004,563.8950000000001,0,206.01,,11.829999999999998,13.59,0.1642966434791755,41,25.92129032258065,33.38903225806452,12.52360655737705,819.3400000000001,3896.35,0.5183295020632361,0.377641509926318,0.3412083601422492,0.3456045992644063,1.1893921193511436,0.1260571555472624,0.5216621605630063,0.3664850922248987,0.346588525251206,0.2536038779347089,0.2375278179992143,0.2175602117895711,0.5800377646228558,-0.0342328388119894,0.4335262482445333,0.254500544343293,0.2422024980130844,0.1567505975759967,0.1486568791812055,0.1468678341015003,0.3223352812109444,-0.1434771872757046,0.3684368288281587,0.1703653735371526
1577,Pınarhisar,Kırklareli,2022,194.0,2320.665,526.665,0,210.33,,23.31,41.260000000000005,0.1578621166562173,37,24.70064516129032,32.17935483870968,13.253989071038252,833.4399999999999,4065.29,0.4953477785865072,0.3792126515116959,0.3537569781212161,0.3328171955988643,1.128756569094681,0.0944694085065187,0.5328800777444134,0.3637848114408648,0.3528881233118897,0.2622132328110145,0.2438240628365127,0.21859500328401,0.6102032692274955,-0.018959089288607,0.4298081802961609,0.2597041933550468,0.311600060266734,0.2033118859124166,0.1904545712118905,0.2013241008331968,0.4958765911702408,-0.1189082738132415,0.4104847808793792,0.2174267025949051
1577,Pınarhisar,Kırklareli,2023,188.0,2391.5499999999997,591.8900000000001,0,199.97,,16.310000000000002,6.819999999999999,0.1560361337461483,49,27.013870967741934,34.958709677419364,12.695081967213111,833.3900000000002,3850.99,0.5249036846375986,0.3830662548687784,0.3646780577506121,0.3582343774412426,1.2261563797879436,0.1432521169573249,0.5548685337092063,0.3813795296278983,0.3010084301960106,0.21253905045263,0.2009985160240554,0.1891392391022867,0.4939694150291864,-0.067840531558123,0.4059427118373789,0.2195184316883554,0.2128797974901949,0.148718758488512,0.1438182086913332,0.1279673738100381,0.2513828077117211,-0.1322774068464573,0.3648720003393541,0.1570812553205733
1577,Pınarhisar,Kırklareli,2024,182.0,2586.33,609.485,0,155.78,,12.93,7.8,0.1108549471620676,53,27.39903225806451,34.8316129032258,13.20989071038251,805.9199999999998,4080.68,0.4020667094696295,0.2960603393504661,0.2804484632530085,0.2695063396315282,0.7737545191045204,0.0656599814423714,0.4893942220600691,0.295888394343666,0.2664253864902315,0.1929716444816465,0.1806027566216237,0.1612297914773189,0.3997275926603147,-0.0853924398612553,0.38108524375289,0.1956082857088928,0.255141557597561,0.1593397010302293,0.1495102463897767,0.1576425937101953,0.3619474901802164,-0.1660399369565873,0.3713550827048989,0.1755869517967912
1596,Saray,Tekirdağ,2017,226.0,2154.745,493.51499999999993,0,305.87000000000006,,69.3,26.84,0.287551329281771,7,23.69322580645161,28.41838709677419,8.890382513661203,802.7799999999997,4059.79,0.5887478280369133,0.4151586037112112,0.3940696078287887,0.376825997415437,1.3489900438911526,0.150863999419355,0.587908013156549,0.4119179568119805,0.4133633080536706,0.2941098851739727,0.2770726445518094,0.2537017739211733,0.6811448987454999,-0.0180124412776821,0.4614128097555965,0.2987575131263655,0.2460961504044378,0.1595272642457275,0.1492201423021265,0.1538879453562505,0.2945035516155704,-0.1869442667543868,0.3715677755683883,0.1727369310625515
1596,Saray,Tekirdağ,2018,202.0,2344.51,520.8,0,321.81000000000006,,83.59,3.86,0.3221028646011596,1,24.61483870967742,28.843225806451613,7.870710382513661,740.6800000000001,4002.06,0.3855058026026371,0.2592789011535344,0.2394610681738691,0.2539057968330718,0.6453948890113802,-0.048935747137316,0.4658691778122002,0.2700917242804696,0.4511641464963432,0.305470875153662,0.2833582226041344,0.2741812781189416,0.7992513245031975,-0.0097163392347557,0.4635690802899015,0.3137853943466646,0.2910244652868845,0.1659708407917486,0.1560314420843352,0.183182355553513,0.3894633269192699,-0.1685284312425276,0.3914990785730167,0.1906203540349938
1596,Saray,Tekirdağ,2019,260.0,2236.675,486.3850000000001,0,234.3,,58.97,33.04,0.2291708094446501,3,23.52645161290323,28.098064516129035,8.29224043715847,764.9699999999999,3977.57,0.4618688252588349,0.3470117014432995,0.3164172567394931,0.3136199914433663,1.0465608276021323,0.0256681498550769,0.5066902127216665,0.3331909468004044,0.3974269374629321,0.2810054812004883,0.2590653744259883,0.2501205495152273,0.6814204924208586,-0.0516978512764893,0.447085364920673,0.2835659629141159,0.2226500683784723,0.1421104588789767,0.1306063722545245,0.133575488963936,0.2567563658256936,-0.1942293402075097,0.3389580953590071,0.1527723141196921
1596,Saray,Tekirdağ,2020,246.0,2211.53,497.5299999999999,0,202.31,,4.930000000000001,9.72,0.1907025505590629,2,23.88677419354839,28.284838709677423,8.529617486338799,860.68,4106.630000000001,0.47957875216293,0.3548009901702046,0.3135623594332629,0.3129958042275732,1.0408385584323108,0.0571521838260378,0.4930349348826408,0.3370465127127419,0.3666888251108816,0.2510190979700267,0.2344372115272701,0.2285231864933605,0.5565153965247447,-0.076128202929776,0.4366574498996256,0.2602331938702977,0.2215386766676389,0.141932707132433,0.1326660934310174,0.1337744020580154,0.2583812960977983,-0.196670369739988,0.3485780344500139,0.1543357851764108
1596,Saray,Tekirdağ,2021,229.0,2187.8100000000004,536.8900000000001,0,222.63,,17.92,13.039999999999996,0.2203120882107313,16,25.12967741935484,29.785806451612903,8.39415300546448,819.3400000000001,3896.35,0.5030293677360289,0.3499091698121901,0.3259452890123003,0.3261913614278729,1.0746484825542364,0.0721986093572175,0.5217998123319811,0.3523085250119978,0.3406309654557126,0.2354783300703399,0.2226839553405908,0.2121490522058043,0.5320630133019781,-0.0846524492094225,0.4290166406213279,0.2451295734749572,0.2181029828805898,0.1380106012698019,0.1280814182856755,0.1327943620921282,0.249204364000151,-0.1977781269599448,0.3455829047047966,0.1506360951217381
1596,Saray,Tekirdağ,2022,202.0,2219.985,493.715,0,250.24,,46.67,45.26,0.2380051049554448,3,23.731612903225805,28.196451612903232,8.666721311475408,833.4399999999999,4065.29,0.4388505930322433,0.2972036294886315,0.2844246777648733,0.2816797127284842,0.8057453616897542,0.0085006051893635,0.5104739179949275,0.3111657822641679,0.327994236536188,0.236598816186412,0.2216508989706158,0.2086657024785026,0.5416274696405584,-0.0771436079144858,0.4242624108506554,0.2398887836897688,0.269823755158999,0.1696533274871515,0.1559588495743124,0.1754861057889064,0.3587485510201919,-0.1949665607770453,0.375564081200692,0.1844138483901548
1596,Saray,Tekirdağ,2023,108.0,2286.835,554.205,0,206.85,,12.63,7.15,0.2051258558918411,17,25.791612903225808,31.065483870967743,8.205956284153006,833.3900000000002,3850.99,0.422834496516914,0.2694141749274708,0.2599066399554045,0.2797217536836306,0.7367009950355371,-0.0011884302253763,0.497575255144872,0.2932144965634899,0.2804063571009311,0.1906819852708871,0.1791381490290866,0.1765589753259922,0.4076391417964541,-0.1418582449973497,0.38889479694117,0.2009347964774025,0.1983376630573456,0.1309717751063455,0.122004845277364,0.1214381050147111,0.2081897584348718,-0.2102571831594644,0.3386469546484424,0.1404016733218203
1596,Saray,Tekirdağ,2024,160.0,2496.9,574.9400000000002,0,172.32,,17.54,7.75,0.1563823457621294,14,26.32258064516129,30.92419354838709,8.491147540983608,805.9199999999998,4080.68,0.3656618779090891,0.2574593364145839,0.2414260360437458,0.2443221708967171,0.6210247213410384,-0.0016066775837004,0.4646331335187498,0.2631833477602046,0.2535897557415487,0.181373659272222,0.170061711534232,0.1529661241129336,0.3276331404954523,-0.140078321964907,0.3795760506699477,0.1857349438015974,0.2212709950199028,0.1335717391947136,0.1219567023321607,0.1337018916080941,0.259386740069442,-0.2361258437183655,0.3353019308341072,0.1483305199830182
1652,Şarköy,Tekirdağ,2017,205.0,2523.75,562.055,0,182.23,,32.160000000000004,22.41,0.1573149124813196,21,25.90935483870967,30.955806451612904,9.075737704918032,807.4400000000002,4114.55,0.4304748000580541,0.3030686874315458,0.2972008051501933,0.271146828835527,0.8070192844832133,0.0625934587819042,0.4960777494237606,0.3139843941868343,0.3355449902089241,0.2424091824231449,0.2324963469990206,0.2129549262006878,0.5762863658635268,-0.0113161909172607,0.4163491326343528,0.247634040522338,0.2617143660911117,0.1802974716355774,0.1718397119301366,0.1643738166480751,0.3890454849305395,-0.0799278318729462,0.3634043497164145,0.1899067670123466
1652,Şarköy,Tekirdağ,2018,260.0,2676.92,587.475,0,248.95,,53.28,0.1299999999999999,0.2287652250725306,10,26.95096774193549,31.02935483870968,8.236612021857924,801.0199999999999,3997.41,0.3950141664008506,0.2838614079298666,0.2646393890966467,0.2612987015744267,0.7431802731824522,0.0227481713536351,0.4609741270560618,0.2854976691492714,0.3817017365804399,0.2736158608841422,0.2567971191806595,0.2436406369417714,0.7059177719444769,-0.0121088527138441,0.434223446741116,0.2754525690149909,0.2952529945838861,0.1857259868627892,0.1705835811930825,0.1880028934771943,0.4714849078881855,-0.0571404119917182,0.3631059347537364,0.198963210698753
1652,Şarköy,Tekirdağ,2019,230.0,2558.365,546.355,0,132.20999999999998,,20.940000000000005,7.62,0.1167372390975571,19,25.655806451612904,30.170967741935485,8.58136612021858,807.42,4110.160000000001,0.3853506223114917,0.2797004646829719,0.2574744390568504,0.2529486591489638,0.7323361015938129,0.0313716207753016,0.4454120722379387,0.2766370508284486,0.3553751140472651,0.2605356704035475,0.2457998622267112,0.23037790450377,0.6431274123593301,-0.0153005713106952,0.427184504568616,0.2615304250913918,0.2431779950972306,0.1711952945051101,0.1559399225708846,0.1483823197761211,0.3435932009791904,-0.0856265164044261,0.3347280295957508,0.1736773952331646
1652,Şarköy,Tekirdağ,2020,245.0,2515.03,551.8200000000002,0,196.0,,6.32,9.65,0.170260737384969,12,25.770645161290325,30.451612903225808,8.752786885245904,860.5100000000001,4171.46,0.446540691100751,0.3315277881006187,0.3092232449304957,0.2935515516327333,0.8886509214837546,0.0867108866896445,0.4876877476530598,0.3258529336423246,0.2993936156150367,0.2148502423053215,0.2070140283264741,0.1858954189320815,0.4543821958362627,-0.0333460880317359,0.4026592211382122,0.2216696491465153,0.222571557028982,0.1525809855458635,0.1456724791960769,0.1319658461515762,0.289292933477247,-0.0988980190157031,0.3431581712183642,0.1615933248068762
1652,Şarköy,Tekirdağ,2021,250.0,2525.77,591.6750000000001,0,196.44,,7.73,9.23,0.1771471142651135,34,27.08387096774194,31.815483870967743,8.272459016393443,821.25,4113.86,0.4676646487481691,0.3382622522670552,0.3192722927488614,0.299171483286396,0.9340153206590862,0.1142915640161599,0.4949056748413549,0.3383583881680568,0.3355817991658568,0.246816037849868,0.2366673175041818,0.2160667851410933,0.5635870981375457,-0.0023179625579599,0.4268207579252869,0.249795318340461,0.2534635580254637,0.1744211716389749,0.1679779406287674,0.1550918380592523,0.34677008708449,-0.0767460851169501,0.3750546282874176,0.1846108423250942
1652,Şarköy,Tekirdağ,2022,193.0,2559.56,547.1949999999999,0,153.44,,24.98,36.06,0.1321634511665523,14,25.582580645161293,30.31838709677419,8.838415300546448,852.8000000000001,4190.539999999999,0.3995184347959291,0.2876218503931757,0.2757040980699216,0.2625449780074373,0.7426211953240717,0.050535721347924,0.4749831364484135,0.2929316019076098,0.3420515238184952,0.2544936418139105,0.2417539415659487,0.22376083134497,0.6328795348626141,0.0052217363452166,0.4314409752217825,0.2544017196331088,0.2662248324693312,0.1770536611540867,0.1666266066024565,0.1706185049005397,0.3927612038591345,-0.1100043277608467,0.3683500104016224,0.1887780403640605
1652,Şarköy,Tekirdağ,2023,107.0,2567.125,621.0299999999999,0,170.53,,6.13,0.6799999999999999,0.1586764555112723,36,28.04838709677419,33.25354838709677,8.419945355191256,854.8299999999998,3855.33,0.4342270221027268,0.3133822775406163,0.29423823787392,0.2890870924871573,0.9259488437720084,0.0840462986224771,0.4788915650579913,0.3132984307995198,0.3002578291344307,0.2161793005951686,0.207039230475216,0.1925443065552996,0.4935201958242916,-0.0412342422566883,0.4024271891705924,0.2220866347778334,0.2364359647959853,0.1596096080284783,0.1573267491565198,0.1437129262636312,0.2949008781876602,-0.0873003126139401,0.3717147148313533,0.1728788354725638
1652,Şarköy,Tekirdağ,2024,150.0,2800.66,626.59,0,118.41000000000004,,3.06,1.93,0.0973835651438618,39,28.238709677419354,33.07870967741935,8.909508196721312,814.4600000000003,4174.3,0.364843686256415,0.2755039961701259,0.263864270530515,0.2423022408323596,0.6419383416864682,0.060731505058349,0.4554025824360854,0.274212308860935,0.2673724202448487,0.1940772462893597,0.1879334888038258,0.1613152707343224,0.3868213585599974,-0.0444625815925395,0.3877197608030783,0.199825632805225,0.2402919286172039,0.1575382078834668,0.1498753435562352,0.1458802487065446,0.3194665573727558,-0.1105689887648536,0.3602576553528933,0.1702956682337282
1705,Uzunköprü,Edirne,2017,245.0,2428.81,553.2599999999999,0,273.97,,59.83,12.01,0.1938683738695647,39,25.58129032258065,33.62580645161291,14.356775956284151,775.2200000000001,4016.24,0.4499144359446725,0.3221548125390467,0.298654161209129,0.2809926717669175,0.8954702003863668,0.0638808869584972,0.4816640929407716,0.3194777246568686,0.4464323036702325,0.3307515227363556,0.3064630038002965,0.2909129238105199,0.9683910225280904,0.0480652933325852,0.4795130237847823,0.324077714427876,0.3130380972475282,0.2113277459498135,0.20158583360296,0.1974306400566288,0.5092491173488412,-0.0767945501163998,0.4120704319440703,0.2231858967957327
1705,Uzunköprü,Edirne,2018,253.0,2519.59,541.5949999999999,0,258.65,,79.18,1.89,0.1942220122962503,42,25.350000000000005,31.60258064516129,13.068852459016396,733.86,4012.95,0.3497345454105184,0.2385118854864308,0.2227759761832871,0.2197704402599337,0.5757201564817668,-0.0098793798899012,0.4272932418696556,0.2475369362985168,0.4522451757140724,0.3232653524395428,0.3000414833262136,0.2945001672898369,1.0220859122995154,0.0280296063553494,0.4725969714210606,0.3220201103609605,0.3296852093072108,0.2168676080283263,0.2055201514612842,0.2077605792014532,0.533523758537892,-0.085386347391706,0.4155495485144431,0.2309527912810642
1705,Uzunköprü,Edirne,2019,303.0,2482.7200000000003,544.5500000000001,0,230.70000000000005,,45.38,31.68,0.1655486325851696,44,25.515483870967746,33.28645161290322,14.009344262295082,756.7299999999999,3987.36,0.4298713535426896,0.3057643706853327,0.2752962275235789,0.2781572701272088,0.8702195363831304,0.0419956813778599,0.4635182658469471,0.301282180361204,0.4176945482310194,0.3042139947433393,0.2799581189005473,0.2720350292109036,0.918159471193856,0.0077175453900909,0.4606674345746425,0.3001512277011793,0.2963939270927183,0.2039560568158188,0.1913278281227072,0.1838942961939518,0.4423279744130359,-0.0960468395795333,0.3934711950788044,0.211619404640775
1705,Uzunköprü,Edirne,2020,321.0,2469.95,572.3299999999999,0,229.11,,1.84,7.41,0.1622940337738141,54,26.26612903225806,34.483548387096775,14.179945355191258,836.0299999999999,4054.02,0.3616670382355011,0.2379922783213427,0.2205218832552168,0.226676431767721,0.6133827700646525,0.0081714722495765,0.4282905063482312,0.2494390787353819,0.3438141900312017,0.2449547850435936,0.2317655583922174,0.2223323827902003,0.6964270170406357,-0.0240627448901187,0.4317335107393099,0.2489836027586645,0.2632270428036936,0.1831496073398543,0.1772322028322301,0.1618179770744003,0.414420501997213,-0.0960654001622893,0.3862853201915965,0.1917731534840146
1705,Uzunköprü,Edirne,2021,303.0,2390.16,599.15,0,220.56,,14.4,13.81,0.1653928520362352,55,27.134516129032253,35.18,13.302240437158469,823.1500000000002,3943.41,0.4144591500643019,0.2630388559314906,0.2430887324139925,0.2522978024876069,0.7010985485711944,0.0507464162535507,0.4487548991043569,0.2805551758967088,0.4093960918774519,0.3005332418622006,0.283232578007997,0.2705700272941953,0.900619474473752,0.0282406968246132,0.4710423165026312,0.298920148379044,0.3073080032835981,0.2116720550943174,0.201751818546683,0.1920647518106477,0.491320355775995,-0.0730279312579346,0.4108767826345654,0.220761605482703
1705,Uzunköprü,Edirne,2022,261.0,2495.07,581.8800000000001,0,221.16,,20.27,46.8,0.1558961648516955,50,26.649677419354838,34.76258064516129,14.103169398907104,831.5500000000002,4073.07,0.3856854371216509,0.2597284073389776,0.2381225501295152,0.2409886276360005,0.6640470032180796,0.0337440259718519,0.4405278361139403,0.267179486139164,0.4041974847857226,0.2939444888634205,0.272597055351214,0.2649376010584046,0.8559699868517339,0.0130516374686274,0.4593541800303273,0.2921307987193683,0.3281058589576326,0.219811882066853,0.2037893111893791,0.2095228589569854,0.5415814121306431,-0.0897758158790567,0.4050743193292768,0.2294310359021082
1705,Uzunköprü,Edirne,2023,163.0,2558.1450000000004,630.4299999999998,0,218.67,,19.77,10.48,0.1624380392253557,57,28.345161290322583,36.51870967741936,13.636120218579237,808.1800000000001,3806.9699999999993,0.3431675392074172,0.2221458861285382,0.2070299145914239,0.2125149444763801,0.522160291486816,0.0199149159770455,0.4224304760747994,0.2362495375092257,0.3527385545350781,0.2506892696090023,0.2381483375784474,0.2328806049860225,0.7239242901475629,-0.0176067143161244,0.4429140774938228,0.2564134542826264,0.2631362846052548,0.1864968383547469,0.1819350725224059,0.159028568784515,0.3837318206526953,-0.0806859302782062,0.3930899405710245,0.1938602205148351
1705,Uzunköprü,Edirne,2024,128.0,2786.885,648.5999999999999,0,172.17,,20.090000000000003,10.34,0.1155264255809047,58,28.8141935483871,36.67161290322581,14.260928961748634,779.2800000000002,4035.940000000001,0.3830953213982304,0.2651389843938623,0.2531891307807577,0.2505591403685637,0.7073856110879635,0.0371308390951032,0.4666149219297926,0.2750356979990724,0.3089091623634449,0.2192187826302233,0.210174496841591,0.1936630598084325,0.6093510313167948,-0.0415311371577798,0.4155953853113946,0.224993002995538,0.2532427535481009,0.1673715916591406,0.1595532330151631,0.1503174017156007,0.3630936277193115,-0.1402069883166188,0.3681268569089606,0.1791319919656478
1714,Vize,Kırklareli,2017,245.0,2261.46,519.43,0,261.66,,58.78000000000001,14.99,0.1941431272962968,36,24.49,31.97967741935484,13.509562841530055,802.7799999999997,4059.79,0.5984870163035082,0.4380736012260348,0.4025484171818225,0.3928989936155195,1.5301584225333595,0.1908962336221449,0.5729962036997899,0.4188930743648165,0.4431367969697233,0.3147076045198198,0.2959244866321772,0.2721682517221891,0.7817768869700179,0.0358735522721459,0.4735431811931623,0.3191701842958018,0.2544238377283675,0.1604156752363218,0.1515829744586205,0.1609991274596745,0.3328042552301975,-0.152411306476508,0.3761140212759724,0.1768322160645071
1714,Vize,Kırklareli,2018,251.0,2356.22,521.035,0,285.37,,78.63999999999999,2.19,0.2298265788395893,24,24.631290322580647,30.737741935483868,11.982295081967214,740.6800000000001,4002.06,0.4134901276602979,0.2812794541380242,0.2633669420658152,0.2751860369427159,0.7637904266209017,0.0281806582483594,0.4842126858064185,0.292059117518148,0.4330928279122801,0.2870549407105666,0.2673350145912214,0.26429347356515,0.7785330022107592,-0.0020364061909183,0.4527721212895125,0.2993268877478794,0.2750481915425818,0.1540635054241698,0.1447558370770731,0.175063093103223,0.3892759084826407,-0.1496706938538774,0.377778978291883,0.1778387684490138
1714,Vize,Kırklareli,2019,253.0,2298.165,504.11,0,198.92,,44.63,21.82,0.1531839335010249,30,24.10483870967742,31.39032258064516,12.927650273224042,764.9699999999999,3977.57,0.4612358959514395,0.343975329298583,0.3172286990994957,0.319391097712753,1.0859284602772767,0.0673553036722393,0.5134731874265613,0.3345554879396595,0.3858661454826823,0.2694897785771218,0.2497039716028063,0.2449899184165719,0.6956796191981363,-0.028697000615129,0.4423218748549296,0.2746854372717799,0.2124407196366015,0.13387628847198,0.1239129663806447,0.1279189162911868,0.2590223492344756,-0.1571509888441629,0.3299983650150111,0.1449128912659618
1714,Vize,Kırklareli,2020,269.0,2278.515,522.97,0,215.93,,4.739999999999999,12.22,0.1614530353613311,38,24.649999999999995,32.0116129032258,13.101857923497269,860.68,4106.630000000001,0.499619590569642,0.3875013657306177,0.3377591972119708,0.3392763805242766,1.1985682291157795,0.0864245296029893,0.5049956640766681,0.3560126504839239,0.3459275369716866,0.2293633754929062,0.2159278799935244,0.2151708316290712,0.5398514875971598,-0.0618227527421437,0.4247723679795875,0.2426501554148909,0.2069743860658944,0.1316168330838892,0.1242009397021463,0.1243742730058121,0.2423490483718063,-0.1738838496064488,0.3384254567955365,0.1445661454523957
1714,Vize,Kırklareli,2021,277.0,2237.3950000000004,563.8950000000001,0,206.01,,11.829999999999998,13.59,0.1642966434791755,41,25.92129032258065,33.38903225806452,12.52360655737705,819.3400000000001,3896.35,0.5320269059285705,0.3815857942847826,0.351990752464879,0.3594737254093578,1.279467473366693,0.1281230093693487,0.5359216117100994,0.3768700556625501,0.3692502330829555,0.2617330375933394,0.2437828312409033,0.2377658511756452,0.6764204771931874,-0.0239328177881169,0.4444638580615157,0.2653689510807426,0.2261647530926047,0.136589119056256,0.1289645721862096,0.1391675029534093,0.2776897875792769,-0.164670079046698,0.3537428417578382,0.1537538487461494
1714,Vize,Kırklareli,2022,235.0,2320.665,526.665,0,210.33,,23.31,41.260000000000005,0.1578621166562173,37,24.70064516129032,32.17935483870968,13.253989071038252,833.4399999999999,4065.29,0.5026985010324259,0.3600641442150719,0.3399331726746019,0.3330078173730066,1.1036259035613063,0.1031372748060202,0.5387085329761915,0.3607267630059532,0.3395557900340403,0.2434791943996154,0.2290339025830632,0.2137231097379423,0.5902455209656388,-0.0304390582214213,0.4277910371060223,0.2474273538397288,0.3052960867699625,0.1855771122327614,0.1735361868626102,0.1994394738669417,0.4602743457354403,-0.1398440462084525,0.4025620277463294,0.2057478609971765
1714,Vize,Kırklareli,2023,190.0,2391.5499999999997,591.8900000000001,0,199.97,,16.310000000000002,6.819999999999999,0.1560361337461483,49,27.013870967741934,34.958709677419364,12.695081967213111,833.3900000000002,3850.99,0.5313473578385186,0.3676454788537421,0.3524845267481172,0.3669920456741507,1.2349806552359182,0.130508101913739,0.5601166325356516,0.3777071705075432,0.3187815821344181,0.2116430467314933,0.2000641227734541,0.2055993209950684,0.5438959747699195,-0.0770984599732585,0.4165536496400585,0.2254248808166109,0.213236102105185,0.1344701656310464,0.1273964562973505,0.1325512469871725,0.245777910891664,-0.1768514120258771,0.3513276806965895,0.1487488861234042
1714,Vize,Kırklareli,2024,186.0,2586.33,609.485,0,155.78,,12.93,7.8,0.1108549471620676,53,27.39903225806451,34.8316129032258,13.20989071038251,805.9199999999998,4080.68,0.421438951023226,0.3006136054682264,0.2817742254429612,0.2874984325664109,0.8199141960200725,0.0771416099775143,0.4989144944259388,0.3038176043893662,0.2618660269181505,0.1796138396229472,0.1685555512260199,0.1582520040527164,0.3636017343961429,-0.0989956893748008,0.3812094392182137,0.1878362322025517,0.2437300638008051,0.1422356919261309,0.1321399944626572,0.149525709104541,0.3255062124106297,-0.1922340463797784,0.3556124581315874,0.1612355743007579
1825,Marmaraereğlisi,Tekirdağ,2017,264.0,2273.715,511.425,0,269.35,,45.99,22.660000000000004,0.279319819253838,2,24.37451612903225,28.00451612903225,6.817540983606558,807.4400000000002,4114.55,0.462538187358723,0.3390594708592471,0.3249147548299649,0.2921592933855402,1.1036605123628214,0.0683008616189383,0.5235500615019566,0.3294078846980885,0.3531967741459714,0.2427116963019263,0.2307134164767522,0.2098158671656781,0.55605510667691,-0.0166072006561052,0.4182028569265478,0.2528745624509453,0.2237645866856412,0.1407872872374732,0.1320028381263334,0.1357838085319186,0.2878730823753944,-0.1401527895866689,0.3426075621512339,0.1550063500593876
1825,Marmaraereğlisi,Tekirdağ,2018,250.0,2488.4000000000005,549.12,0,327.31,,80.14000000000001,2.6600000000000006,0.3577712878602188,0,25.69838709677419,28.76322580645161,6.231693989071037,801.0199999999999,3997.41,0.3219618561907291,0.2178808296249826,0.2000845361533946,0.2057178905595109,0.5301846591286894,-0.0525683110148243,0.4109439381251777,0.2259031457185903,0.3364933071984795,0.2266781440231159,0.2101672752631088,0.2057510429882939,0.5954322936401754,-0.0606672552246204,0.3980220930075859,0.2346715208104143,0.2149685383055548,0.1144798391129498,0.106512112645055,0.1283268431646695,0.2836711777911598,-0.1650753417741995,0.3174770308943404,0.1361233875697979
1825,Marmaraereğlisi,Tekirdağ,2019,225.0,2359.945,502.77,0,209.92,,45.18000000000001,32.65,0.2223717680558498,0,24.19354838709678,27.61129032258064,6.325737704918033,807.42,4110.160000000001,0.3469265825194956,0.2455020931279862,0.230170988703623,0.2297571539449614,0.6484330926143775,0.0045669368181972,0.4543042514322352,0.2503322805905285,0.2441485668513969,0.1578009975998481,0.1498067068773138,0.1417034548582518,0.3282233254999629,-0.1231815255525346,0.358721163100519,0.1719816820978213,0.1507529331476539,0.0983431176560106,0.0903195235822814,0.0842019017040143,0.1692438791331764,-0.1484181861793277,0.2686399477925711,0.104997640084106
1825,Marmaraereğlisi,Tekirdağ,2020,235.0,2342.0950000000003,517.27,0,200.67,,5.41,7.920000000000001,0.2051242609280873,0,24.58193548387097,28.22709677419355,6.671420765027323,860.5100000000001,4171.46,0.4128428739679358,0.2751281443666517,0.2605491755072399,0.2621923312736753,0.8163681363303865,-0.0052213053224661,0.4940766465354391,0.2873888466095728,0.2297403332058518,0.1474146824580578,0.1407845106540461,0.1336505428690468,0.293203744274278,-0.1361967766037242,0.3528993797597849,0.1614183276380738,0.1505320563850495,0.0974948252306852,0.0895643887974195,0.0827617134451164,0.1700405604398993,-0.1726599817822008,0.2723307267225093,0.1052003721924123
1825,Marmaraereğlisi,Tekirdağ,2021,265.0,2319.7,552.0999999999999,0,194.93,,16.090000000000003,8.219999999999999,0.2058035964453864,9,25.78419354838709,29.32225806451613,6.372950819672131,821.25,4113.86,0.4630810576923229,0.3140398869242926,0.2982541193748161,0.2830500946590191,0.8502146318981053,0.1102084353464143,0.5014610027673645,0.325877290688313,0.3198547785603241,0.2206141036248002,0.2104053184629105,0.1993302053156205,0.5149680188046838,-0.0575964249508289,0.4185588499139818,0.2311275178539206,0.1973969343980896,0.1273612575493473,0.1192491749537634,0.115496111211885,0.2264584841916636,-0.1459270844494239,0.3276416326631144,0.1381055914861431
1825,Marmaraereğlisi,Tekirdağ,2022,212.0,2347.575,509.44,0,229.87,,43.59000000000001,50.90999999999999,0.2346724484563518,0,24.33096774193548,27.90870967741936,6.719508196721312,852.8000000000001,4190.539999999999,0.4114537699818134,0.2683971397150999,0.2631660087980844,0.2672816609920805,0.7802713779595374,0.044322279509465,0.5137593977794152,0.2907864625269937,0.3167193765892847,0.218977521967311,0.20592102651256,0.2058397153673568,0.6014661009833383,-0.0580941265253923,0.4167598221410969,0.2269970206550192,0.1957068433473028,0.1161766696326118,0.1090843590340343,0.1206653262061708,0.227275567493713,-0.1994854972011762,0.3270450787899008,0.1326304998443422
1825,Marmaraereğlisi,Tekirdağ,2023,135.0,2387.4700000000003,567.3900000000001,0,201.43,,8.45,6.57,0.2206031168328071,11,26.373870967741933,30.146129032258067,6.441639344262296,854.8299999999998,3855.33,0.3845117254321994,0.2461788296770048,0.2319469122384337,0.2453779282444926,0.6744625032968509,0.0466830696628059,0.4585174746674602,0.2621879680454611,0.2631791581134955,0.1745724535500505,0.1664133529194334,0.1633985697257246,0.3899043396427954,-0.0986602923877248,0.3796544457323768,0.1878247465282247,0.1854616530109345,0.1189692858769475,0.1162456059181607,0.1094785303500236,0.1965868814716752,-0.1431474846031299,0.3401926981443348,0.132407732366186
1825,Marmaraereğlisi,Tekirdağ,2024,165.0,2610.07,586.6350000000001,0,157.89999999999998,,19.66,4.16,0.1545721119320418,8,26.796774193548387,30.511612903225803,6.662185792349727,814.4600000000003,4174.3,0.3387316965452899,0.2308705790894976,0.225439560481928,0.2227042627423428,0.5721585247119266,0.0191322893277341,0.4662932818770002,0.2456868842998955,0.2157549514217846,0.1475036783646071,0.1405972148565122,0.1256101943066612,0.2752647995266347,-0.1176179479692971,0.3544739006719941,0.1559793828900816,0.1884564046174428,0.1119511889297707,0.1024210107872546,0.1096281393699993,0.2303277843957699,-0.2043390881785264,0.3049973804453173,0.1258048781561354
1988,Süloğlu,Edirne,2017,216.0,2428.81,553.2599999999999,0,273.97,,59.83,12.01,0.1916481994462084,39,25.58129032258065,33.62580645161291,14.356775956284151,802.7799999999997,4059.79,0.4882003533943,0.337958112136481,0.3246136758050479,0.3143964502423292,1.0609198325620708,0.0331760575768733,0.544654732835222,0.3456209016256248,0.3107039527428656,0.2076283376246315,0.1965724755288752,0.1913420566760336,0.4593685900653231,-0.1174089877733148,0.4018252343421585,0.2205507027360824,0.2342575208821315,0.1517148183405465,0.1437977098075535,0.1467439918241925,0.2918891241996312,-0.1947900248934022,0.3623453117281253,0.1654846195572987
1988,Süloğlu,Edirne,2018,228.0,2519.59,541.5949999999999,0,258.65,,79.18,1.89,0.1945084466611531,42,25.350000000000005,31.60258064516129,13.068852459016396,740.6800000000001,4002.06,0.3390982226347553,0.2324105408299381,0.2161009962336229,0.2185375078173972,0.5635160560699836,-0.0773156531959889,0.427480382866863,0.2406090612173692,0.3935219894269822,0.2640600647635259,0.2437974388724503,0.2506408331103751,0.6983910335912659,-0.0648740972971164,0.4409184338743376,0.2737811879228687,0.2748748227429265,0.1729089992821917,0.1623560013986279,0.1734835231549724,0.367113923297416,-0.1758710353810653,0.3851499756619391,0.1895466140087873
1988,Süloğlu,Edirne,2019,227.0,2482.7200000000003,544.5500000000001,0,230.70000000000005,,45.38,31.68,0.1655446088164147,44,25.515483870967746,33.28645161290322,14.009344262295082,764.9699999999999,3977.57,0.4619934812131913,0.3359385474399123,0.3024433576663265,0.3049134674386498,0.9531138270320476,0.0352598032473803,0.4935268811227825,0.3270932740855424,0.3481914342678817,0.2423976041474448,0.2227330802010823,0.2217113533738241,0.6015485743775039,-0.0940653680410214,0.4196548014770799,0.2475927899271604,0.2578717236952054,0.1695674933595186,0.1569968963047217,0.1632928647500414,0.3470045327607454,-0.1854754529320033,0.3740161701626388,0.1806408371817553
1988,Süloğlu,Edirne,2020,264.0,2469.95,572.3299999999999,0,229.11,,1.84,7.41,0.1596645713575631,54,26.26612903225806,34.483548387096775,14.179945355191258,860.68,4106.630000000001,0.3927239983889591,0.2624555665632627,0.2378907023414743,0.2635977622520117,0.8224137920074939,-0.0661854827741434,0.4492387851188481,0.2689369108143883,0.2636607057176777,0.1814973696406375,0.1697123195977478,0.1638810250773337,0.37029829202271,-0.1551573468563682,0.3751346867108612,0.1889083167386291,0.2087537215670576,0.137275089363984,0.1342379651530214,0.1285324794839715,0.2466150772228253,-0.1940325982408144,0.3607254236137734,0.1510157654351136
1988,Süloğlu,Edirne,2021,302.0,2390.16,599.15,0,220.56,,14.4,13.81,0.166668432710007,55,27.134516129032253,35.18,13.302240437158469,819.3400000000001,3896.35,0.4382797232267628,0.2882389894653284,0.2606931900756148,0.2819092001606769,0.8578187516721073,0.0063469183840392,0.4739716051460309,0.2952422306947713,0.3255495105390585,0.2300539164344938,0.2156768360003072,0.2094051361997174,0.5381332528418392,-0.0804360815199571,0.4246468584116433,0.2356703296873598,0.245379038008927,0.1654308342494837,0.1549282135244095,0.1555119570331458,0.3203496693961841,-0.1622163724642276,0.3742697221324481,0.1754629440844126
1988,Süloğlu,Edirne,2022,270.0,2495.07,581.8800000000001,0,221.16,,20.27,46.8,0.1556284782323186,50,26.649677419354838,34.76258064516129,14.103169398907104,833.4399999999999,4065.29,0.4244623598040375,0.3016399255390304,0.2811300488598894,0.2865651112389574,0.9461183500194464,-0.011540211414203,0.4951623818444517,0.3028937428649932,0.3147937868078531,0.2260780762302831,0.2108858134383394,0.1950356451807796,0.5204203677660713,-0.0735664457881691,0.4054421620253788,0.2287447234786235,0.3398030305079626,0.2246592230172874,0.2057737525133295,0.2209305252118462,0.5494273083994491,-0.1297829128326287,0.4161169464274507,0.235948498012298
1988,Süloğlu,Edirne,2023,302.0,2558.1450000000004,630.4299999999998,0,218.67,,19.77,10.48,0.1602755519781737,57,28.345161290322583,36.51870967741936,13.636120218579237,833.3900000000002,3850.99,0.3693129784702223,0.2468601474660522,0.2392362229756399,0.2332801817652512,0.5659792804218722,-0.013126823333317,0.4704268584080003,0.2617976991795131,0.3213065300161079,0.2225671858258839,0.2071173915489365,0.2095672789324545,0.5694389196093346,-0.0992973982681945,0.4142292348845199,0.2299095629394705,0.2464630057334386,0.1681202774996455,0.1555431347515901,0.1529060243992519,0.3306704672968281,-0.1785834023632703,0.3639774667211204,0.1754806006160423
1988,Süloğlu,Edirne,2024,194.0,2786.885,648.5999999999999,0,172.17,,20.090000000000003,10.34,0.1138738987891553,58,28.8141935483871,36.67161290322581,14.260928961748634,805.9199999999998,4080.68,0.335748249945233,0.2325387466017597,0.222332383994382,0.2256966385334305,0.5917185568114617,-0.0451143662332504,0.4498254182588557,0.2426242321338986,0.2220663411602976,0.1548133873785766,0.1472104757113966,0.1315034823448665,0.275575285219427,-0.1476743024969092,0.3574590701780951,0.162120531155515,0.19117971077472,0.1229901393576269,0.1153115307503186,0.1139536896887381,0.2067169326684528,-0.2296982986771519,0.3274601802046908,0.1341641425958835
2094,Ergene,Tekirdağ,2017,244.0,2261.46,519.43,0,261.66,,58.78000000000001,14.99,0.1941431272962968,36,24.49,31.97967741935484,13.509562841530055,802.7799999999997,4059.79,0.5580651565507596,0.3964824529923346,0.3744913180227253,0.3573485940484231,1.2587903167721943,0.1346587269084265,0.5734722826548869,0.3905506878101807,0.41156020946283,0.2974871370684869,0.2793896282161536,0.2543480827250122,0.6996417407034689,-0.0067267066851421,0.4564253526407277,0.2986216519229535,0.2378516386969553,0.1538671224833528,0.1431042969727808,0.1484923178482884,0.2792819268269795,-0.1775391154079397,0.3609963964234351,0.1663528392679903
2094,Ergene,Tekirdağ,2018,230.0,2356.22,521.035,0,285.37,,78.63999999999999,2.19,0.2298265788395893,24,24.631290322580647,30.737741935483868,11.982295081967214,740.6800000000001,4002.06,0.3557890585006119,0.2392243458273521,0.2177733053028724,0.2321937351920013,0.5651764333227605,-0.0521213556137371,0.4378180304826916,0.2474777375268563,0.4278958399007564,0.2901741500756155,0.2664461199960704,0.2589265937513209,0.7168304727714934,-0.0190073154365591,0.4457059084805884,0.2973332494351385,0.2696252655306207,0.1517319013566431,0.1414961412271205,0.1680521603719949,0.3458835533619976,-0.1703296923300217,0.3686635897081985,0.1750596634962624
2094,Ergene,Tekirdağ,2019,260.0,2298.165,504.11,0,198.92,,44.63,21.82,0.1531839335010249,30,24.10483870967742,31.39032258064516,12.927650273224042,764.9699999999999,3977.57,0.4476173593803132,0.3418891829348792,0.3105119883063604,0.3049967613337181,1.012341793991566,0.0417090577812982,0.4996555460240537,0.3250579989119401,0.3419547728105664,0.2326121935859529,0.2139083303919886,0.2068686097054992,0.5081591248400139,-0.0873271664474191,0.4101223242006434,0.2411069049517885,0.1971833047365097,0.1219955348374539,0.1107210986869256,0.1177831825189845,0.2208399372306416,-0.1781861079105197,0.3052680053541657,0.13141465836986
2094,Ergene,Tekirdağ,2020,256.0,2278.515,522.97,0,215.93,,4.739999999999999,12.22,0.1614530353613311,38,24.649999999999995,32.0116129032258,13.101857923497269,860.68,4106.630000000001,0.4558689619719837,0.3245225458254468,0.2883003418406513,0.2890539993934218,0.881526362184197,0.0694310159666381,0.4758337311028094,0.3168507190860379,0.3299663063791843,0.2203525388987143,0.20549832376877,0.2049480630340214,0.48566205458189,-0.0985272798690532,0.4117558425644851,0.2319812037014738,0.1927330631482837,0.1253546041161927,0.1155255444302782,0.1149172183483509,0.2092380079557556,-0.2089063206317234,0.3217840045090696,0.1350715640684514
2094,Ergene,Tekirdağ,2021,240.0,2237.3950000000004,563.8950000000001,0,206.01,,11.829999999999998,13.59,0.1642966434791755,41,25.92129032258065,33.38903225806452,12.52360655737705,819.3400000000001,3896.35,0.4811660276695487,0.3310790397630702,0.3039024993286416,0.3128566609082336,1.0358969131183984,0.0952419733091801,0.4974422570674082,0.3299030701257401,0.3475738358318918,0.2414239692070175,0.22757943168847,0.220600875931488,0.5604612724994521,-0.0672788850214216,0.4318079557756504,0.2503849373458297,0.2224994108550732,0.1398819078724107,0.1284079171223814,0.1370748521139865,0.2554124961795939,-0.1954877272484745,0.3430983166250717,0.1523056157326607
2094,Ergene,Tekirdağ,2022,193.0,2320.665,526.665,0,210.33,,23.31,41.260000000000005,0.1578621166562173,37,24.70064516129032,32.17935483870968,13.253989071038252,833.4399999999999,4065.29,0.4414301861063954,0.2948557918413991,0.2832689813968009,0.2858450195319495,0.8232005652110737,0.0235795241387177,0.5174186429650112,0.3115420399887045,0.3410855674226855,0.2459065940344206,0.2275244288352109,0.2232063406741523,0.6147349562760183,-0.0588067342881976,0.4279654530004449,0.2476814861870746,0.2382682544338521,0.1468903715592629,0.1345879681070184,0.1537323609058142,0.2873487891724802,-0.2080056530422714,0.352303541045492,0.1616356516674968
2094,Ergene,Tekirdağ,2023,108.0,2391.5499999999997,591.8900000000001,0,199.97,,16.310000000000002,6.819999999999999,0.1560361337461483,49,27.013870967741934,34.958709677419364,12.695081967213111,833.3900000000002,3850.99,0.4005518755513745,0.255185954467662,0.2436493851438374,0.2662285201753869,0.6840807949031589,0.0029834582059256,0.4785335334199557,0.2755127008996464,0.2539638843224088,0.1736571752058939,0.1622725507174993,0.1575735981410159,0.3481859898887149,-0.1490379980948034,0.3668694753368961,0.1823684900477542,0.190853948808244,0.1292668432428295,0.1202855846614554,0.1158023193475024,0.1918626888608888,-0.1911926470067861,0.3355604592319017,0.1365694020931545
2094,Ergene,Tekirdağ,2024,149.0,2586.33,609.485,0,155.78,,12.93,7.8,0.1108549471620676,53,27.39903225806451,34.8316129032258,13.20989071038251,805.9199999999998,4080.68,0.3508862389528429,0.2458936629946404,0.2320229268414765,0.2352929094004617,0.5944573762179783,0.0096601584053851,0.4596572548349751,0.2529294608482942,0.2397186417103,0.1698573237027761,0.1576944575591771,0.1436037000891227,0.3034078574129342,-0.135319494750507,0.3607239953359701,0.1743232871410135,0.1958477320052093,0.1179024021749271,0.1070579881530503,0.1180373361829961,0.2079601210779707,-0.2384636853250864,0.3164894793661894,0.1313168898487586
2095,Kapaklı,Tekirdağ,2017,244.0,2154.745,493.51499999999993,0,305.87000000000006,,69.3,26.84,0.3013912998239427,7,23.69322580645161,28.41838709677419,8.890382513661203,765.2900000000002,3863.42,0.5426755852008672,0.3947330305529975,0.3705175424780042,0.3425975489632914,1.184331187103573,0.1147887936635349,0.5544575943787582,0.384449309570452,0.4587803389518,0.3418935918235739,0.3209781612937289,0.2888719358130888,0.8227302860554665,0.0337936150025767,0.490063584395752,0.3368423920703936,0.2775534080613565,0.1904130465483143,0.1778433673056205,0.175473070062939,0.3571871273114029,-0.1378647140238904,0.3958295828978295,0.1995438175138523
2095,Kapaklı,Tekirdağ,2018,240.0,2344.51,520.8,0,321.81000000000006,,83.59,3.86,0.3370030294850312,1,24.61483870967742,28.843225806451613,7.870710382513661,760.83,3806.11,0.3871764804943493,0.2733440414688551,0.2489595378098841,0.2487080671715253,0.6239331621385946,-0.0348053751329959,0.4525209284714834,0.2754846889861727,0.4482613630090193,0.311598417276732,0.2888854087530414,0.2777867950867305,0.7958987810498442,-0.006255426761453,0.4692901434889464,0.3156801212557744,0.3059286622280276,0.1809633388552414,0.1707559568027907,0.1893642811373508,0.4101004015046339,-0.1209903107772128,0.4084632944774163,0.2051101638404266
2095,Kapaklı,Tekirdağ,2019,250.0,2236.675,486.3850000000001,0,234.3,,58.97,33.04,0.2355686366684858,3,23.52645161290323,28.098064516129035,8.29224043715847,743.0199999999999,3865.42,0.457809211134127,0.357345351376017,0.3251087511665989,0.3082910393433408,1.0147658573771503,0.0266670406212802,0.5008419082364329,0.3356206310024114,0.4211568821886733,0.3085071368855907,0.2837790991335097,0.2659014116926236,0.7233933084721539,-0.0195471770865369,0.4615942794772577,0.3053710024319872,0.2332908682069151,0.144919128235615,0.134020996587378,0.1379693918607496,0.2799631810211083,-0.1657815040258336,0.338123918461289,0.157236761754147
2095,Kapaklı,Tekirdağ,2020,245.0,2211.53,497.5299999999999,0,202.31,,4.930000000000001,9.72,0.1978728792012617,2,23.88677419354839,28.284838709677423,8.529617486338799,803.9700000000001,3954.750000000001,0.4610716007779254,0.3419633519377213,0.3052520389789631,0.2995326092323828,0.96163418780935,0.0513569660311526,0.4842941691848111,0.3266408098588058,0.3474639290165932,0.2451171269338729,0.2295260071604763,0.2186528050255434,0.5183493058226721,-0.0815411888060017,0.4305311141271767,0.2512845748730642,0.2184191176626425,0.1436233738676019,0.1331390709018409,0.1319955955267375,0.2564903039769828,-0.1955719868025263,0.3437747891728464,0.153076350748286
2095,Kapaklı,Tekirdağ,2021,220.0,2187.8100000000004,536.8900000000001,0,222.63,,17.92,13.039999999999996,0.2250211585791207,16,25.12967741935484,29.785806451612903,8.39415300546448,772.84,3821.6,0.4256066314712462,0.2970072224575528,0.2761623244014147,0.2664869049790812,0.835773705749873,0.0451579194847894,0.4660977804082035,0.2972368522349414,0.3619967933914277,0.2593199465298271,0.2452953368575938,0.2316261494263963,0.6048818352340682,-0.0620516352188021,0.4447185682242789,0.2648349396095045,0.2276427356034734,0.1484247128474663,0.1379269547631301,0.1393540205995321,0.2599757653107095,-0.1868947165690513,0.3563574914743884,0.159903876041183
2095,Kapaklı,Tekirdağ,2022,174.0,2219.985,493.715,0,250.24,,46.67,45.26,0.2428148439383689,3,23.731612903225805,28.196451612903232,8.666721311475408,826.1899999999999,3973.69,0.4053573519465256,0.2736627914093531,0.2630723084289705,0.2579982248578002,0.6748059073783524,-0.0053758280049614,0.4878107686041889,0.2889905772071044,0.3202919749551337,0.2387854176065552,0.2233758618754471,0.2074075462351081,0.5303500470408673,-0.0723660922116915,0.4233657599529095,0.2380085254947338,0.2835560380996154,0.1907409964277027,0.1746925935910575,0.1836899689078037,0.4005951982878519,-0.1556517119333519,0.3820798814841942,0.1996524127304469
2095,Kapaklı,Tekirdağ,2023,107.0,2286.835,554.205,0,206.85,,12.63,7.15,0.2119627564773014,17,25.791612903225808,31.065483870967743,8.205956284153006,809.2,3725.74,0.4248978993768598,0.2831990395905166,0.2723488399758785,0.2824753974635779,0.7882705365971839,0.0243789918020365,0.4929441794504015,0.2994847838157475,0.2875767067695713,0.2052672052098064,0.1931004276737224,0.1830610737850478,0.4298973303629564,-0.1144550185032409,0.3957477932921935,0.2108138598055202,0.2010676651864204,0.135934057232521,0.1273044798996552,0.1214678836192115,0.214201405546676,-0.1808610605540462,0.3413224674518096,0.1441580876337408
2095,Kapaklı,Tekirdağ,2024,150.0,2496.9,574.9400000000002,0,172.32,,17.54,7.75,0.1610404928307287,14,26.32258064516129,30.92419354838709,8.491147540983608,774.4100000000002,3954.74,0.3402534813402063,0.2432818774510843,0.2298670945368751,0.2266290692924688,0.5374747510662629,-0.0254617546224204,0.4515449120556426,0.2484697078371426,0.2461156418715162,0.1832562620327464,0.1710807437698247,0.1483863683227024,0.3157082792199557,-0.1307084923398916,0.374261730182528,0.1837128153361366,0.2020724580550986,0.1288065611306628,0.1170175626961555,0.119028784229282,0.2271060901763143,-0.2211524239356685,0.3219074217832376,0.1391613368898096
2096,Süleymanpaşa,Tekirdağ,2017,225.0,2367.565,537.8,0,234.37,,44.31,17.209999999999997,0.1886638548761684,25,25.10129032258065,31.197741935483872,10.87431693989071,807.4400000000002,4114.55,0.5193179505781961,0.3716750148237688,0.3614544545346005,0.3344862063167692,1.193536152652346,0.1239685579967153,0.5558195427314253,0.3732280553341219,0.3807816144254402,0.2772578080102508,0.2645456527128616,0.2415886923065042,0.7249002507952059,-0.0086143322192187,0.4418682840814751,0.2792419568073451,0.2230963901228623,0.1400697092904841,0.1341119853445572,0.137122885355578,0.2957622393354108,-0.1514519118021619,0.34230556471238,0.1560363593261106
2096,Süleymanpaşa,Tekirdağ,2018,230.0,2524.53,557.21,0,272.72,,79.53,1.01,0.2356901489403988,15,25.91161290322581,30.81548387096775,9.810601092896176,801.0199999999999,3997.41,0.3623298841375308,0.2572049013736986,0.2384057553753335,0.2389273756017704,0.671310829549319,-0.0233442636975088,0.443986454341749,0.2598190341515628,0.396791897463969,0.2820682330556956,0.2655084056453146,0.2519508410219431,0.8089323960879558,-0.0173695735303176,0.4388842087462999,0.2834519746872052,0.2134895918566036,0.1294255680635152,0.1203057344848837,0.1319347962692532,0.2886931571838155,-0.1665216740467932,0.3163031138378575,0.1440916290086124
2096,Süleymanpaşa,Tekirdağ,2019,230.0,2419.735,520.565,0,172.78,,31.85,19.75,0.1418535054024504,22,24.761612903225803,30.46806451612904,10.292950819672132,807.42,4110.160000000001,0.4260342227933807,0.3146497754295094,0.2877233832658138,0.2798821445044918,0.9173134276630192,0.0758376101925148,0.4724101569917995,0.3047369294068633,0.3431958810378184,0.2453094910293886,0.229023512693538,0.2170806625373075,0.6249739601192644,-0.0469761489429106,0.4175239191986958,0.2480764422991745,0.1954519420177841,0.1282105380117997,0.1207754226478527,0.1170176805354022,0.2413983077589091,-0.1479699888046178,0.3176672971985104,0.1381724383694315
2096,Süleymanpaşa,Tekirdağ,2020,245.0,2400.71,535.4399999999999,0,219.83,,7.03,10.909999999999998,0.175919927167881,24,25.127096774193557,31.142258064516124,10.639562841530056,860.5100000000001,4171.46,0.470586139884136,0.3493981405017333,0.3241316032474186,0.3057932665606495,1.0690113635056449,0.082341427905866,0.5057330793772021,0.3382674459326644,0.3072715371952559,0.2071012767031094,0.1974230578948511,0.1886406193093392,0.4803989001301572,-0.0675831496585265,0.4000193118472909,0.2192341371377955,0.1713040267880616,0.1120239396742718,0.1050889931010423,0.0966214878775672,0.2023224688152228,-0.1689040650212113,0.2954517152657381,0.121151964952225
2096,Süleymanpaşa,Tekirdağ,2021,250.0,2382.5199999999995,577.4,0,211.36,,13.469999999999995,12.929999999999998,0.1756716191335366,34,26.508064516129032,32.46129032258064,10.046939890710384,821.25,4113.86,0.5066782429870841,0.3609930967562048,0.3404244659039835,0.3330421956139879,1.2190839756311922,0.1404575174623313,0.52110480526066,0.3599349953566638,0.348128019301684,0.2462888845204526,0.2354125692369727,0.223670540072057,0.6246112124251981,-0.0299263850531524,0.4329027202897327,0.2536669241289499,0.2008894805189811,0.1232372529273169,0.1147659706772987,0.1191214475009321,0.2544283596862439,-0.1436165890419622,0.312715451610337,0.1350896745874943
2096,Süleymanpaşa,Tekirdağ,2022,193.0,2436.91,533.1850000000001,0,193.1,,21.9,42.79,0.1540474221869488,22,25.059677419354845,30.976129032258065,10.63912568306011,852.8000000000001,4190.539999999999,0.4359865228122409,0.3027476762460206,0.2940478538217979,0.2860237382375191,0.884253966167451,0.059255013185677,0.5105885158126311,0.3146083373545431,0.3900479287700911,0.2884619454821099,0.2707213561683374,0.2631702946008305,0.8562111244961111,0.0082610767051735,0.463964133164519,0.2859630381761827,0.2255450254659974,0.1359570604319123,0.1284161619909492,0.1426787384290823,0.2864691149002571,-0.192020793442016,0.346566533755814,0.1536977634558916
2096,Süleymanpaşa,Tekirdağ,2023,112.0,2486.13,603.845,0,186.24,,11.19,3.1899999999999995,0.1587747698209763,44,27.444193548387094,33.73064516129032,10.268415300546447,854.8299999999998,3855.33,0.3986451931373562,0.2766490131127674,0.2605745799481839,0.2658730213615953,0.8462511744511342,0.0486843132309762,0.464748921910329,0.2826881455568915,0.2795198473350938,0.1922372843482386,0.1848104820620565,0.1783415209951771,0.4594751557006203,-0.0922818298229734,0.392575155209557,0.2030632617457965,0.1919850332608463,0.1249628052322623,0.1224619949475117,0.1126309832469898,0.2068845666249564,-0.1589468840219852,0.3443132247854603,0.1380243823302027
2096,Süleymanpaşa,Tekirdağ,2024,180.0,2694.8700000000003,615.275,0,135.59,,7.81,5.0200000000000005,0.103272767855893,47,27.701935483870965,33.66193548387097,10.677814207650274,814.4600000000003,4174.3,0.3756643389350489,0.2737002824731793,0.2616165047216586,0.252817235114798,0.7140482547288913,0.0553953726630986,0.470260596770168,0.2762131296053963,0.2708207270035115,0.1902575047680254,0.1814904490470781,0.1629514766179848,0.4047953460597434,-0.0717188628008867,0.383415570610325,0.1975769778151199,0.1919584774292882,0.1174772485612618,0.1100924958130234,0.1130378426309738,0.2206621965198706,-0.1942456801309568,0.3200586996285222,0.1317754590576047
