date,T2M_MAX,T2M_MIN,T2M,PRECTOTCORR,ALLSKY_SFC_SW_DWN,GWETROOT,WS10M,RH2M
2004-01-01,10.24,5.86,7.41,1.02,4.3,0.74,3.48,94.31
2004-01-02,12.42,5.05,7.39,2.48,3.33,0.75,3.49,94.72
2004-01-03,10.06,4.97,6.71,2.08,3.49,0.75,6.05,88.86
2004-01-04,5.14,-2.23,1.79,8.88,1.86,0.76,8.52,85.88
2004-01-05,0.4,-3.83,-2.07,3.56,2.17,0.76,3.62,82.46
2004-01-06,-0.95,-6.94,-4.24,0.3,5.66,0.76,3.92,75.98
2004-01-07,-1.97,-7.79,-5.21,0.06,5.56,0.76,4.06,74.81
2004-01-08,0.21,-7.03,-4.62,0.03,6.5,0.76,2.35,80.73
2004-01-09,0.59,-9.57,-5.02,0.0,7.62,0.76,2.02,83.56
2004-01-10,3.56,-5.94,-1.47,0.01,7.06,0.76,3.13,85.87
2004-01-11,4.57,-1.77,0.24,0.53,2.19,0.76,7.71,83.66
2004-01-12,5.24,-4.35,-0.21,0.01,6.17,0.76,2.82,84.48
2004-01-13,6.28,-2.24,1.31,0.05,4.48,0.76,3.02,97.69
2004-01-14,9.51,1.3,4.97,0.06,3.46,0.76,3.92,98.72
2004-01-15,13.2,2.7,7.38,1.74,2.69,0.76,5.11,91.59
2004-01-16,9.09,-0.84,4.0,0.17,7.43,0.76,5.13,82.06
2004-01-17,11.01,-2.95,3.28,0.0,9.13,0.76,3.94,88.17
2004-01-18,14.01,2.55,6.79,0.0,7.59,0.76,4.35,90.53
2004-01-19,15.05,4.89,8.52,0.0,6.56,0.76,4.36,92.06
2004-01-20,14.71,7.37,10.82,2.21,4.75,0.76,7.56,91.38
2004-01-21,11.57,1.19,5.86,12.42,1.45,0.77,5.84,91.15
2004-01-22,0.77,-5.77,-2.74,18.97,1.84,0.77,12.38,84.53
2004-01-23,-3.64,-6.61,-5.29,0.79,3.77,0.77,7.32,81.34
2004-01-24,-2.63,-8.47,-5.59,0.06,3.41,0.77,2.42,84.63
2004-01-25,-0.27,-9.75,-5.88,0.04,3.98,0.77,4.0,88.97
2004-01-26,-0.68,-8.56,-5.48,0.28,4.17,0.77,3.49,92.94
2004-01-27,1.53,-9.65,-3.29,0.63,6.34,0.77,3.2,95.95
2004-01-28,13.05,1.64,8.22,4.02,4.44,0.8,8.92,96.32
2004-01-29,14.15,2.0,10.63,17.96,2.58,0.82,9.8,89.33
2004-01-30,8.79,-2.3,2.41,0.41,3.49,0.83,5.47,80.25
2004-01-31,5.75,-4.49,-0.04,0.01,9.55,0.82,6.8,76.23
2004-02-01,6.88,-4.46,0.61,0.0,10.99,0.82,2.21,85.33
2004-02-02,12.46,-1.17,4.17,0.0,8.66,0.81,3.91,83.1
2004-02-03,10.53,-0.02,4.12,3.13,3.01,0.82,3.99,88.24
2004-02-04,7.8,-1.97,1.44,0.0,8.17,0.82,3.59,83.42
2004-02-05,12.51,-2.63,4.41,0.0,7.48,0.81,3.37,90.57
2004-02-06,17.99,2.6,9.09,0.0,10.04,0.81,3.96,83.27
2004-02-07,17.88,4.67,9.63,0.0,12.37,0.81,4.5,82.9
2004-02-08,15.43,3.26,8.85,0.0,8.82,0.81,2.8,81.45
2004-02-09,14.46,0.47,7.35,0.04,7.9,0.81,3.69,83.69
2004-02-10,6.99,-3.86,0.98,0.0,12.35,0.8,5.3,70.58
2004-02-11,5.17,-5.45,-0.08,0.0,13.03,0.8,3.72,69.56
2004-02-12,2.47,-7.12,-1.47,2.91,4.54,0.8,7.2,72.41
2004-02-13,-5.38,-7.98,-6.87,0.89,4.37,0.8,10.01,55.21
2004-02-14,-3.22,-8.26,-5.58,0.12,7.64,0.8,3.37,69.53
2004-02-15,5.45,-6.36,-1.42,0.55,4.33,0.8,3.94,79.83
2004-02-16,5.33,-4.08,0.24,0.0,10.67,0.8,1.7,80.44
2004-02-17,4.46,-2.77,0.02,0.0,9.55,0.8,3.14,81.68
2004-02-18,5.84,-3.74,0.43,0.0,12.94,0.8,1.96,69.07
2004-02-19,10.35,-2.03,2.39,0.0,13.23,0.8,2.9,81.52
2004-02-20,4.51,-4.49,0.99,1.56,5.49,0.8,3.64,91.77
2004-02-21,-0.14,-6.84,-4.36,0.03,14.03,0.8,4.96,68.82
2004-02-22,3.09,-7.38,-2.38,0.0,6.69,0.8,2.92,79.31
2004-02-23,4.62,-0.93,2.19,0.38,3.98,0.8,3.92,93.26
2004-02-24,12.19,3.54,7.42,2.74,4.96,0.8,3.6,97.11
2004-02-25,15.57,4.04,9.62,0.08,5.36,0.8,5.27,92.21
2004-02-26,16.7,3.62,10.95,0.23,10.26,0.8,6.53,86.63
2004-02-27,18.5,9.89,13.86,4.26,8.03,0.8,9.82,88.07
2004-02-28,19.35,9.27,13.34,0.61,13.67,0.8,5.76,83.68
2004-02-29,17.09,5.75,11.46,0.0,12.77,0.8,5.91,80.66
2004-03-01,15.94,2.77,8.56,0.0,15.81,0.8,2.6,73.54
2004-03-02,14.92,1.69,7.89,0.0,14.24,0.79,3.72,82.12
2004-03-03,7.96,1.7,4.26,0.52,8.07,0.79,3.83,82.06
2004-03-04,4.67,0.91,2.34,6.5,2.33,0.8,5.16,83.67
2004-03-05,4.54,-4.59,-0.23,0.08,12.17,0.8,5.16,73.86
2004-03-06,2.57,-5.48,-1.44,0.33,10.94,0.8,2.01,78.53
2004-03-07,5.76,-6.02,-1.25,0.0,17.98,0.8,2.65,73.55
2004-03-08,10.05,-4.23,2.49,0.96,18.01,0.79,3.6,72.11
2004-03-09,13.17,2.1,7.91,14.89,2.3,0.81,5.86,89.09
2004-03-10,10.1,0.53,5.8,1.72,6.76,0.82,4.85,81.52
2004-03-11,9.24,-1.95,2.92,0.01,7.03,0.81,3.85,80.64
2004-03-12,9.91,-1.06,3.33,0.07,7.22,0.81,4.11,81.48
2004-03-13,9.57,-0.31,3.72,0.24,9.96,0.81,4.56,83.54
2004-03-14,11.52,-1.48,3.72,0.0,16.82,0.8,3.51,78.15
2004-03-15,12.39,-1.83,5.42,0.0,16.12,0.8,1.27,73.03
2004-03-16,14.61,0.88,6.85,0.0,16.07,0.8,2.89,79.73
2004-03-17,14.89,1.19,7.73,0.0,15.27,0.8,1.43,80.54
2004-03-18,15.79,4.74,9.55,0.01,8.63,0.79,3.83,84.13
2004-03-19,17.75,4.54,9.95,0.0,18.47,0.79,1.53,82.31
2004-03-20,20.32,5.32,11.52,0.0,18.6,0.79,4.73,81.38
2004-03-21,20.52,7.14,12.84,0.0,17.94,0.79,5.99,83.99
2004-03-22,19.31,9.08,13.07,0.0,17.16,0.78,7.25,83.62
2004-03-23,17.51,9.37,12.76,0.0,13.59,0.78,6.34,83.77
2004-03-24,18.58,7.91,11.9,1.82,13.21,0.78,6.95,79.33
2004-03-25,15.83,7.05,11.01,0.07,18.65,0.78,7.42,77.38
2004-03-26,16.82,6.7,11.7,0.37,6.77,0.77,4.81,85.78
2004-03-27,20.57,10.35,14.53,1.07,12.86,0.77,5.11,85.02
2004-03-28,11.57,7.36,9.06,3.94,5.04,0.77,3.42,84.79
2004-03-29,14.71,3.24,8.79,3.06,12.87,0.78,4.5,73.03
2004-03-30,14.06,1.81,6.99,0.0,18.94,0.78,3.75,73.61
2004-03-31,14.17,-0.18,6.42,0.0,19.85,0.77,3.92,75.24
2004-04-01,13.48,1.06,6.67,0.25,12.23,0.77,3.04,78.96
2004-04-02,13.01,-1.07,5.46,0.05,16.42,0.77,5.3,74.84
2004-04-03,11.71,-3.24,3.51,0.0,23.77,0.76,4.26,66.87
2004-04-04,11.96,-3.59,3.95,0.0,23.06,0.76,2.55,70.16
2004-04-05,16.42,-1.51,7.51,0.0,22.93,0.76,3.19,72.83
2004-04-06,18.03,4.8,11.18,0.01,19.59,0.75,4.97,84.28
2004-04-07,19.04,8.36,13.17,0.0,17.71,0.75,6.78,79.13
2004-04-08,20.82,10.05,14.8,0.31,19.29,0.75,7.04,79.96
2004-04-09,21.56,9.07,14.69,0.1,19.52,0.74,4.06,77.59
2004-04-10,23.82,8.8,15.51,0.0,18.57,0.74,5.7,70.32
2004-04-11,22.91,11.22,15.91,0.01,13.43,0.73,4.63,67.87
2004-04-12,22.33,9.74,15.18,0.05,8.2,0.73,3.75,80.32
2004-04-13,23.61,11.56,16.43,0.12,12.11,0.73,4.11,76.82
2004-04-14,18.02,8.79,13.25,5.62,11.28,0.73,3.12,76.62
2004-04-15,13.22,1.83,7.87,1.91,15.37,0.73,5.84,66.0
2004-04-16,17.05,0.52,9.0,0.0,26.04,0.73,2.48,59.26
2004-04-17,16.98,5.86,10.74,0.66,14.14,0.73,2.65,63.45
2004-04-18,16.91,5.96,11.81,2.97,14.63,0.72,3.53,78.72
2004-04-19,17.13,5.41,10.99,0.6,12.11,0.73,4.1,75.94
2004-04-20,17.88,4.33,11.21,0.09,20.88,0.72,2.63,79.18
2004-04-21,13.6,7.72,10.1,3.88,10.29,0.73,5.46,83.18
2004-04-22,18.85,4.95,11.41,0.01,21.12,0.72,5.53,69.37
2004-04-23,21.13,3.36,12.84,0.0,25.18,0.72,2.8,62.6
2004-04-24,20.05,8.08,13.97,0.26,20.58,0.71,2.68,72.54
2004-04-25,19.04,6.05,11.94,0.0,22.64,0.71,3.76,71.06
2004-04-26,19.1,6.68,12.01,0.13,16.96,0.71,4.21,71.52
2004-04-27,16.09,8.61,11.2,1.59,10.52,0.7,7.31,75.05
2004-04-28,18.32,5.67,12.23,0.58,12.61,0.7,3.33,73.02
2004-04-29,20.77,7.02,13.67,0.0,24.35,0.7,1.79,71.44
2004-04-30,22.42,7.5,14.21,0.0,27.34,0.69,2.48,57.62
2004-05-01,21.65,5.61,13.58,0.0,24.6,0.69,3.46,68.19
2004-05-02,21.95,8.07,14.5,0.0,16.61,0.68,3.25,70.01
2004-05-03,24.36,7.31,15.25,0.0,21.09,0.68,2.42,70.47
2004-05-04,25.31,7.87,16.53,0.04,24.02,0.68,3.04,70.35
2004-05-05,22.05,11.9,17.31,6.93,10.58,0.68,6.71,78.82
2004-05-06,23.93,13.07,18.39,0.17,21.55,0.68,7.16,72.82
2004-05-07,23.99,11.66,17.68,0.01,26.5,0.68,7.24,63.97
2004-05-08,24.98,10.06,16.77,0.0,25.99,0.67,3.95,61.47
2004-05-09,27.44,9.59,18.48,0.61,26.62,0.67,3.31,68.03
2004-05-10,22.49,13.72,18.16,10.14,18.97,0.67,1.68,73.57
2004-05-11,22.22,9.96,16.16,0.88,23.21,0.68,4.34,67.52
2004-05-12,24.68,9.23,17.23,0.0,26.42,0.68,2.92,59.16
2004-05-13,25.49,11.11,18.64,0.0,22.88,0.67,3.48,55.23
2004-05-14,21.27,11.21,16.12,3.04,12.22,0.67,2.3,73.89
2004-05-15,19.37,8.01,13.77,0.45,15.56,0.67,4.31,72.08
2004-05-16,19.98,5.76,13.66,0.4,24.22,0.67,2.35,66.6
2004-05-17,19.66,7.17,13.3,3.25,24.6,0.66,3.21,69.65
2004-05-18,19.5,8.37,13.84,0.79,18.54,0.67,3.47,67.93
2004-05-19,21.93,7.09,15.27,0.0,23.08,0.66,2.03,63.24
2004-05-20,24.76,9.9,18.51,0.0,23.36,0.66,2.07,56.9
2004-05-21,27.66,12.66,20.31,0.0,26.6,0.65,2.19,53.76
2004-05-22,27.92,13.57,20.36,0.0,28.51,0.65,3.7,52.44
2004-05-23,27.46,13.39,20.46,0.03,23.37,0.65,3.18,63.76
2004-05-24,18.73,6.73,14.02,8.4,7.21,0.65,4.73,78.42
2004-05-25,20.92,3.74,12.73,0.0,27.6,0.66,2.68,60.23
2004-05-26,22.94,5.5,14.22,0.0,31.1,0.65,3.85,58.59
2004-05-27,23.35,6.05,14.86,0.0,30.45,0.65,4.01,62.18
2004-05-28,23.5,7.89,14.97,0.0,30.32,0.65,4.61,63.28
2004-05-29,22.98,8.8,16.36,0.0,20.31,0.64,5.25,68.04
2004-05-30,25.38,11.49,18.41,1.42,24.05,0.64,3.87,60.6
2004-05-31,19.63,13.74,16.04,7.98,8.7,0.65,4.58,83.59
2004-06-01,24.74,12.8,19.18,8.31,22.08,0.66,2.66,69.74
2004-06-02,22.41,14.46,18.69,0.76,19.72,0.66,2.47,74.14
2004-06-03,22.39,12.99,17.65,0.63,20.73,0.66,4.32,72.74
2004-06-04,23.91,12.74,17.98,0.02,23.87,0.66,5.1,68.89
2004-06-05,21.94,14.03,18.04,6.19,9.43,0.66,4.27,82.59
2004-06-06,24.76,14.74,19.67,4.8,22.89,0.66,3.2,71.59
2004-06-07,23.27,13.24,18.73,2.16,15.43,0.66,1.98,73.92
2004-06-08,25.07,13.22,19.54,2.33,19.7,0.66,3.7,68.93
2004-06-09,28.86,13.76,21.61,0.06,25.76,0.66,3.53,61.92
2004-06-10,24.2,14.77,20.24,5.97,13.65,0.66,3.35,69.25
2004-06-11,28.01,13.2,20.87,0.25,27.74,0.66,1.48,60.5
2004-06-12,32.97,15.52,24.41,0.0,29.2,0.65,2.62,61.37
2004-06-13,34.83,17.45,26.47,0.0,29.85,0.65,2.72,53.64
2004-06-14,29.66,18.44,24.13,1.29,21.49,0.64,2.88,62.4
2004-06-15,30.01,16.11,23.16,0.13,27.14,0.64,2.94,63.62
2004-06-16,31.79,16.36,24.22,0.26,26.63,0.64,2.13,64.06
2004-06-17,31.12,17.48,24.72,0.57,24.0,0.63,3.7,60.37
2004-06-18,29.08,16.69,22.3,4.0,15.54,0.63,4.65,71.8
2004-06-19,25.35,17.41,21.33,26.81,16.05,0.66,2.74,80.57
2004-06-20,28.4,16.07,22.29,0.08,23.22,0.67,2.25,72.24
2004-06-21,29.66,15.95,23.19,8.93,25.08,0.67,2.19,69.7
2004-06-22,28.88,18.27,23.61,4.9,20.69,0.67,2.23,67.69
2004-06-23,22.82,16.08,19.51,5.66,11.24,0.68,3.9,80.09
2004-06-24,28.9,13.94,21.7,0.0,28.83,0.68,2.65,61.87
2004-06-25,31.03,15.96,23.66,0.0,29.48,0.67,1.51,57.2
2004-06-26,31.85,18.71,25.11,0.79,25.87,0.66,2.43,62.12
2004-06-27,28.82,16.5,22.15,1.66,25.79,0.65,3.62,64.36
2004-06-28,29.91,14.65,22.59,0.0,28.37,0.65,2.11,62.28
2004-06-29,33.3,16.82,25.55,2.51,28.05,0.65,1.69,56.65
2004-06-30,29.9,17.16,23.23,1.44,25.26,0.65,4.7,59.81
2004-07-01,29.88,15.29,22.62,0.0,27.28,0.64,2.2,57.94
2004-07-02,31.46,14.99,23.54,0.0,30.37,0.64,2.28,57.1
2004-07-03,34.75,15.7,25.37,0.0,29.18,0.63,2.53,56.87
2004-07-04,31.75,17.9,24.6,0.0,27.25,0.63,4.01,60.58
2004-07-05,30.81,15.33,22.85,0.0,30.87,0.63,5.14,55.81
2004-07-06,31.18,14.73,22.56,0.0,31.2,0.62,5.81,59.62
2004-07-07,31.83,14.28,22.39,0.0,30.97,0.62,5.46,57.94
2004-07-08,32.9,14.53,23.78,0.0,29.83,0.62,5.51,60.16
2004-07-09,34.66,17.64,25.72,0.0,28.79,0.61,3.97,61.53
2004-07-10,36.5,16.56,26.33,0.0,29.32,0.61,2.78,54.35
2004-07-11,36.65,19.15,27.97,0.0,28.95,0.61,1.78,49.7
2004-07-12,33.23,18.46,25.95,1.96,23.54,0.61,2.98,54.13
2004-07-13,30.94,17.77,24.71,2.71,21.68,0.61,4.48,57.53
2004-07-14,28.55,14.46,21.64,0.31,24.91,0.61,3.58,53.53
2004-07-15,27.27,14.7,21.1,2.0,24.18,0.61,3.06,54.85
2004-07-16,25.63,13.89,19.83,0.47,21.25,0.61,4.25,58.69
2004-07-17,28.65,13.21,21.02,0.23,26.62,0.61,3.8,57.87
2004-07-18,31.21,13.67,22.47,0.0,29.62,0.61,4.08,53.29
2004-07-19,32.73,14.59,23.57,0.0,29.73,0.61,4.52,51.59
2004-07-20,32.34,16.47,23.98,0.0,28.97,0.6,5.57,54.42
2004-07-21,32.4,16.25,24.05,0.0,28.83,0.6,4.93,57.6
2004-07-22,34.68,15.04,25.08,0.02,29.22,0.6,3.18,49.23
2004-07-23,35.97,18.83,27.68,0.01,26.46,0.6,3.45,46.69
2004-07-24,34.52,19.7,26.78,3.56,24.9,0.6,2.47,54.4
2004-07-25,32.01,18.49,25.34,0.15,24.7,0.61,2.66,57.47
2004-07-26,33.57,17.75,25.9,0.03,25.69,0.6,2.94,56.39
2004-07-27,35.5,18.89,27.16,0.14,26.52,0.6,3.52,55.53
2004-07-28,32.06,21.78,26.38,8.06,20.84,0.61,2.89,63.19
2004-07-29,29.63,19.37,24.64,1.65,18.77,0.61,2.97,69.42
2004-07-30,28.39,19.15,22.97,7.94,10.77,0.62,4.21,73.95
2004-07-31,30.99,16.23,23.65,0.0,20.29,0.62,2.99,58.74
2004-08-01,31.71,17.08,24.46,0.59,24.21,0.62,2.97,57.32
2004-08-02,31.61,18.79,24.99,0.1,19.5,0.61,2.89,59.37
2004-08-03,32.1,18.06,25.17,0.11,22.08,0.61,2.26,57.91
2004-08-04,31.68,19.3,25.87,0.0,22.49,0.61,2.11,51.98
2004-08-05,33.07,19.63,26.11,0.0,21.31,0.61,2.47,51.15
2004-08-06,32.43,18.68,25.58,0.5,22.48,0.6,2.3,61.26
2004-08-07,26.9,19.91,23.07,7.12,18.29,0.61,3.04,74.64
2004-08-08,31.06,18.15,24.19,2.13,20.6,0.62,2.72,68.33
2004-08-09,32.34,17.66,24.84,2.46,24.5,0.62,1.74,66.01
2004-08-10,28.81,19.49,23.08,3.32,17.33,0.62,2.54,74.24
2004-08-11,30.16,16.92,23.42,0.58,18.91,0.62,3.4,65.03
2004-08-12,32.03,18.49,25.29,0.0,22.72,0.61,1.75,55.45
2004-08-13,34.35,18.61,26.5,0.0,25.83,0.61,2.8,57.71
2004-08-14,37.1,20.0,28.07,1.17,24.65,0.61,4.21,52.82
2004-08-15,25.41,18.02,21.49,4.63,13.57,0.61,5.51,73.22
2004-08-16,27.53,16.55,21.48,0.71,14.26,0.61,6.94,65.79
2004-08-17,24.55,13.48,19.2,4.46,11.94,0.61,4.88,72.78
2004-08-18,30.07,13.26,22.0,0.0,25.09,0.62,2.5,56.68
2004-08-19,33.66,15.91,24.66,0.0,25.01,0.61,2.66,48.98
2004-08-20,34.85,17.65,26.48,0.0,23.56,0.61,1.87,51.4
2004-08-21,37.32,21.82,28.83,0.0,23.65,0.61,1.63,44.88
2004-08-22,38.26,19.19,27.63,0.86,23.19,0.6,4.6,47.89
2004-08-23,28.51,17.64,22.16,6.55,20.09,0.61,4.16,60.27
2004-08-24,29.32,15.17,21.73,0.0,24.22,0.61,3.14,58.77
2004-08-25,31.21,15.26,22.73,0.0,25.35,0.61,1.92,56.69
2004-08-26,35.3,16.2,25.26,0.0,23.82,0.61,2.97,55.08
2004-08-27,36.65,17.44,26.39,0.22,23.32,0.6,4.04,55.7
2004-08-28,27.4,17.04,21.27,7.35,13.76,0.61,5.35,60.71
2004-08-29,28.37,16.99,22.28,0.19,16.43,0.61,4.61,67.87
2004-08-30,29.85,17.03,23.41,0.02,18.49,0.61,3.12,67.91
2004-08-31,31.41,17.22,24.33,0.0,20.76,0.61,2.38,63.93
2004-09-01,32.38,17.0,24.15,0.0,22.22,0.61,2.99,63.15
2004-09-02,32.35,17.57,24.58,0.0,21.86,0.6,4.39,57.04
2004-09-03,31.61,18.2,24.03,0.03,20.35,0.6,5.4,64.49
2004-09-04,30.13,17.26,23.09,0.0,15.82,0.6,4.5,61.49
2004-09-05,27.17,16.15,20.9,0.0,19.45,0.6,6.08,56.53
2004-09-06,24.79,15.26,19.11,0.06,18.11,0.6,8.09,58.32
2004-09-07,24.41,13.73,18.73,0.0,16.36,0.6,6.87,51.42
2004-09-08,26.8,12.73,18.85,0.0,20.33,0.6,3.55,52.72
2004-09-09,23.74,11.52,17.54,0.09,14.9,0.6,4.25,55.47
2004-09-10,21.51,9.32,15.05,0.0,21.27,0.6,4.21,46.88
2004-09-11,22.67,8.49,14.99,0.0,21.68,0.6,4.04,46.36
2004-09-12,25.2,7.45,15.85,0.0,22.6,0.6,2.91,53.1
2004-09-13,28.16,9.68,18.17,0.0,22.81,0.6,2.11,60.03
2004-09-14,29.2,10.84,19.34,0.0,21.84,0.6,3.17,62.37
2004-09-15,29.72,12.07,20.13,0.0,21.18,0.6,2.73,63.62
2004-09-16,30.88,12.47,20.85,0.0,20.96,0.6,2.8,63.23
2004-09-17,28.84,13.9,20.47,0.0,20.28,0.6,4.81,61.74
2004-09-18,24.9,15.01,18.98,0.0,11.84,0.6,5.35,69.93
2004-09-19,28.27,13.72,20.35,0.0,16.34,0.6,4.36,68.16
2004-09-20,30.43,14.4,21.66,0.0,19.1,0.6,3.25,64.22
2004-09-21,32.1,14.28,22.31,0.0,18.83,0.6,2.76,60.08
2004-09-22,32.92,15.32,23.55,0.08,16.96,0.6,3.51,54.44
2004-09-23,28.49,16.14,21.57,0.24,15.68,0.6,3.72,52.83
2004-09-24,29.72,15.81,22.16,0.0,17.59,0.6,6.35,71.78
2004-09-25,28.59,19.13,23.28,0.38,11.25,0.6,7.16,70.89
2004-09-26,29.96,19.9,23.66,2.58,16.88,0.6,4.63,65.78
2004-09-27,29.85,19.28,23.82,0.52,16.52,0.6,3.97,62.71
2004-09-28,31.07,16.99,23.67,0.05,15.13,0.6,2.19,63.4
2004-09-29,29.14,16.43,21.58,1.71,10.2,0.6,3.72,70.71
2004-09-30,25.87,12.69,18.75,0.0,17.85,0.6,3.17,60.64
2004-10-01,27.17,12.94,19.29,0.0,17.84,0.6,2.28,61.23
2004-10-02,26.78,13.08,19.48,0.18,14.27,0.6,2.47,58.44
2004-10-03,22.24,12.91,17.5,0.32,11.6,0.6,3.12,64.98
2004-10-04,22.28,10.97,15.99,0.1,13.29,0.6,4.58,65.71
2004-10-05,21.19,10.85,15.7,0.05,10.52,0.6,5.95,70.66
2004-10-06,20.98,11.36,15.61,0.48,10.08,0.6,6.92,64.15
2004-10-07,19.38,11.12,14.94,1.43,8.92,0.6,5.88,68.78
2004-10-08,22.38,9.41,15.19,0.03,11.62,0.6,2.96,64.23
2004-10-09,24.92,9.41,16.52,0.01,15.83,0.6,2.04,62.27
2004-10-10,27.6,11.54,18.54,0.0,15.18,0.6,4.68,72.84
2004-10-11,23.21,14.19,18.71,2.0,9.6,0.6,5.68,83.61
2004-10-12,15.56,10.28,12.89,9.77,4.71,0.62,8.56,71.93
2004-10-13,16.3,9.13,12.11,0.17,8.32,0.62,8.23,61.35
2004-10-14,15.41,8.58,11.33,0.1,4.17,0.62,4.76,75.84
2004-10-15,18.24,8.46,13.01,0.02,12.38,0.62,1.64,81.29
2004-10-16,23.97,9.05,16.26,0.22,11.16,0.62,3.87,81.57
2004-10-17,26.86,14.22,19.58,0.0,11.8,0.62,5.59,79.84
2004-10-18,25.37,13.8,18.77,0.0,11.11,0.61,2.27,75.42
2004-10-19,26.1,12.92,18.59,0.07,12.83,0.61,2.35,76.65
2004-10-20,24.95,14.64,18.99,0.0,8.91,0.61,3.68,73.85
2004-10-21,23.93,12.25,17.68,0.0,12.47,0.61,2.64,74.3
2004-10-22,21.87,12.42,16.48,0.15,3.41,0.61,2.58,79.74
2004-10-23,22.52,9.88,15.25,0.0,12.56,0.61,2.6,76.43
2004-10-24,24.11,10.87,16.67,0.0,11.37,0.61,1.46,72.33
2004-10-25,24.65,12.2,16.94,0.05,13.54,0.61,1.79,72.27
2004-10-26,25.73,11.01,17.09,0.0,12.51,0.61,1.91,71.86
2004-10-27,22.77,12.28,16.21,0.0,8.98,0.61,1.77,79.65
2004-10-28,25.05,12.0,17.58,0.0,11.42,0.6,2.81,76.19
2004-10-29,25.04,13.28,18.36,0.05,11.49,0.6,1.55,71.16
2004-10-30,25.47,11.37,17.24,0.0,11.56,0.6,2.51,75.03
2004-10-31,25.54,12.02,17.42,0.0,11.21,0.6,2.45,78.68
2004-11-01,25.38,12.03,17.94,0.06,10.31,0.6,1.69,73.55
2004-11-02,23.71,12.76,16.93,0.01,8.22,0.6,3.87,73.98
2004-11-03,19.01,11.36,13.99,0.03,3.04,0.6,5.75,76.07
2004-11-04,17.4,8.11,12.39,0.0,6.23,0.6,6.84,66.73
2004-11-05,19.61,6.79,11.79,0.0,11.94,0.6,5.33,75.56
2004-11-06,18.41,8.34,12.63,0.0,10.2,0.6,2.67,72.9
2004-11-07,17.9,6.3,11.71,0.02,10.63,0.6,2.37,76.36
2004-11-08,19.7,9.02,14.25,0.71,8.16,0.6,4.8,80.03
2004-11-09,22.98,13.41,17.2,1.6,7.44,0.6,4.2,75.13
2004-11-10,20.38,11.98,15.92,6.04,4.83,0.62,1.17,82.18
2004-11-11,21.53,10.96,15.25,0.02,9.52,0.62,3.35,83.08
2004-11-12,21.2,10.58,15.02,0.0,5.94,0.61,3.01,84.79
2004-11-13,21.62,11.38,15.12,0.0,7.84,0.61,2.56,84.25
2004-11-14,23.41,11.17,16.84,0.65,2.97,0.61,5.58,74.1
2004-11-15,21.43,8.4,16.62,1.62,3.35,0.61,5.64,79.19
2004-11-16,10.35,4.93,7.27,7.51,2.73,0.62,5.32,78.27
2004-11-17,11.63,3.15,6.45,0.03,6.61,0.63,4.17,75.5
2004-11-18,13.16,1.23,6.15,0.0,10.11,0.63,3.18,77.61
2004-11-19,17.84,5.27,11.07,0.06,7.08,0.62,6.75,80.32
2004-11-20,14.54,-2.53,6.2,6.76,4.22,0.63,7.21,57.9
2004-11-21,6.73,-5.21,-0.06,0.0,9.99,0.63,3.67,66.0
2004-11-22,6.5,-4.2,-0.29,0.0,8.37,0.63,4.04,68.76
2004-11-23,10.6,-3.4,2.85,0.0,4.27,0.63,3.64,66.66
2004-11-24,8.86,-2.35,4.0,0.49,2.88,0.63,5.13,71.07
2004-11-25,4.47,-4.36,-0.57,0.04,7.66,0.63,4.75,73.91
2004-11-26,6.47,-6.28,-0.48,0.0,7.51,0.63,2.75,64.75
2004-11-27,13.92,-1.71,4.29,0.0,8.8,0.63,3.36,77.5
2004-11-28,12.97,1.91,6.73,0.01,5.79,0.63,2.44,86.72
2004-11-29,15.55,5.46,9.49,0.01,7.12,0.63,4.3,91.2
2004-11-30,17.09,5.59,9.82,0.0,6.58,0.63,3.03,88.4
2004-12-01,13.61,7.38,9.99,0.3,3.42,0.63,3.42,92.49
2004-12-02,18.52,8.53,12.55,0.01,5.15,0.63,4.71,89.94
2004-12-03,20.59,8.67,13.36,0.02,6.46,0.63,4.56,88.02
2004-12-04,18.59,9.86,12.61,0.14,4.07,0.62,2.45,87.7
2004-12-05,12.73,5.57,9.23,1.68,3.67,0.63,3.54,88.76
2004-12-06,12.58,4.44,7.31,0.17,6.66,0.63,2.6,90.29
2004-12-07,10.15,1.01,5.72,6.83,4.97,0.64,3.79,78.64
2004-12-08,10.09,-1.67,3.82,0.0,8.01,0.64,1.88,77.92
2004-12-09,9.29,-1.58,2.87,0.0,6.9,0.64,3.03,81.94
2004-12-10,7.54,-3.06,1.64,0.0,7.33,0.64,3.86,84.15
2004-12-11,6.43,-3.33,0.05,0.0,6.93,0.63,3.51,84.71
2004-12-12,8.35,-2.66,2.14,0.0,8.41,0.63,1.34,76.9
2004-12-13,9.49,-2.35,2.19,0.0,8.13,0.63,2.77,83.41
2004-12-14,5.8,-4.12,-0.2,0.03,4.5,0.63,4.2,81.48
2004-12-15,5.18,-4.62,-1.68,0.0,8.22,0.63,3.63,81.3
2004-12-16,5.8,-3.92,-0.27,0.0,8.34,0.63,1.96,79.36
2004-12-17,6.95,-3.16,2.28,0.01,7.29,0.63,4.07,92.97
2004-12-18,13.48,4.98,8.86,0.42,4.57,0.63,7.84,87.9
2004-12-19,10.85,6.58,9.41,2.29,3.09,0.63,5.76,87.76
2004-12-20,6.32,3.04,5.13,1.26,2.29,0.64,4.27,89.15
2004-12-21,5.82,1.76,2.96,12.78,2.22,0.64,6.74,87.35
2004-12-22,1.94,-3.86,0.06,12.79,1.99,0.67,7.82,87.55
2004-12-23,2.78,-4.91,-2.22,0.19,3.69,0.67,3.45,84.45
2004-12-24,3.86,-5.17,-1.47,0.0,4.22,0.67,1.6,82.63
2004-12-25,8.0,-1.88,1.24,0.0,7.55,0.67,2.36,86.1
2004-12-26,11.25,-0.71,4.82,0.0,7.26,0.67,4.62,90.63
2004-12-27,17.14,6.74,10.97,0.06,6.12,0.67,6.22,92.85
2004-12-28,16.36,9.27,12.46,3.9,5.37,0.67,6.55,94.44
2004-12-29,13.56,10.22,12.1,31.55,1.99,0.71,6.61,93.06
2004-12-30,9.72,1.74,5.32,0.29,5.71,0.73,4.75,82.67
2004-12-31,6.32,0.1,3.41,4.02,2.59,0.72,5.37,89.57
2005-01-01,4.27,-0.23,2.17,12.08,1.79,0.74,4.69,93.03
2005-01-02,7.26,-1.33,1.65,0.13,4.81,0.73,2.52,86.88
2005-01-03,8.08,-1.77,2.44,0.12,4.65,0.73,3.1,88.15
2005-01-04,7.4,-0.13,2.33,0.2,7.61,0.73,4.08,80.86
2005-01-05,10.97,-1.91,3.27,0.0,6.89,0.73,4.02,82.62
2005-01-06,13.06,-0.91,4.7,0.0,8.66,0.73,3.16,75.92
2005-01-07,9.6,-0.07,4.82,0.09,4.51,0.73,5.02,83.24
2005-01-08,9.38,-1.99,2.56,0.0,8.78,0.72,2.03,77.32
2005-01-09,13.99,-0.98,4.82,0.0,9.08,0.72,3.08,82.19
2005-01-10,13.59,0.63,5.44,0.0,7.55,0.72,3.18,78.53
2005-01-11,11.4,1.16,4.96,0.0,9.08,0.72,1.38,82.56
2005-01-12,11.61,0.69,5.02,0.0,8.66,0.72,1.46,82.55
2005-01-13,8.96,0.33,4.48,0.0,5.45,0.72,1.1,88.35
2005-01-14,9.16,-0.1,4.45,0.0,4.99,0.72,2.53,87.01
2005-01-15,5.42,-1.01,1.64,0.53,4.18,0.72,5.34,82.37
2005-01-16,4.13,-0.18,1.67,0.74,3.92,0.72,9.91,76.87
2005-01-17,4.4,-0.98,2.08,1.56,2.28,0.72,9.98,80.46
2005-01-18,6.17,-2.91,0.35,0.03,3.53,0.72,4.49,84.58
2005-01-19,7.81,-0.82,3.04,0.0,3.03,0.72,1.69,91.6
2005-01-20,9.89,1.4,4.38,0.0,4.79,0.72,2.52,92.14
2005-01-21,11.78,3.36,7.41,3.54,6.43,0.72,5.72,93.96
2005-01-22,7.3,0.28,4.58,2.98,3.02,0.73,3.02,77.64
2005-01-23,6.7,-3.42,0.6,0.0,9.56,0.73,4.62,74.76
2005-01-24,5.69,-3.55,0.71,6.95,5.9,0.73,3.71,75.47
2005-01-25,10.93,1.3,7.45,19.15,1.59,0.76,5.2,96.09
2005-01-26,15.85,10.92,12.94,13.22,7.26,0.77,10.26,85.54
2005-01-27,13.29,4.89,9.88,4.33,6.52,0.79,7.81,79.01
2005-01-28,8.09,4.3,5.74,2.14,4.72,0.78,3.82,92.82
2005-01-29,6.3,3.95,4.96,9.44,1.58,0.79,4.82,93.36
2005-01-30,4.72,-6.08,-0.22,1.68,3.82,0.79,5.47,82.01
2005-01-31,2.19,-6.0,-2.87,0.13,6.45,0.79,2.91,75.91
2005-02-01,5.13,-4.27,0.08,0.17,7.56,0.79,2.17,81.24
2005-02-02,5.81,-0.67,1.83,3.97,5.53,0.79,3.64,86.23
2005-02-03,1.4,-1.7,-0.35,17.75,2.48,0.79,10.75,89.56
2005-02-04,-1.36,-5.63,-2.9,5.08,2.8,0.79,10.92,88.77
2005-02-05,-2.85,-10.69,-6.67,2.54,4.36,0.79,8.2,89.58
2005-02-06,-6.09,-14.74,-10.77,0.1,12.29,0.79,6.67,89.18
2005-02-07,-4.01,-11.96,-8.6,0.12,11.16,0.79,6.88,87.8
2005-02-08,-4.14,-15.84,-10.79,0.05,10.68,0.79,5.57,87.19
2005-02-09,-1.15,-15.99,-9.31,0.03,12.91,0.79,5.0,90.18
2005-02-10,-0.29,-11.41,-7.21,0.04,8.56,0.79,4.85,90.43
2005-02-11,-0.02,-12.45,-6.49,0.01,11.79,0.79,2.23,85.9
2005-02-12,3.41,-9.9,-2.56,0.0,5.24,0.8,2.84,91.62
2005-02-13,8.57,-0.32,5.01,0.14,5.12,0.81,7.45,93.55
2005-02-14,15.69,8.9,11.84,0.81,8.0,0.82,10.84,86.66
2005-02-15,14.51,10.32,11.87,14.36,4.62,0.82,11.71,82.66
2005-02-16,11.63,7.36,9.63,10.17,9.06,0.84,5.65,92.01
2005-02-17,9.88,4.53,7.59,15.05,4.77,0.86,3.46,94.49
2005-02-18,9.18,1.77,5.24,0.56,4.05,0.85,2.61,84.57
2005-02-19,8.12,0.66,4.28,0.7,8.8,0.85,1.5,83.95
2005-02-20,8.66,2.15,4.46,0.29,8.51,0.85,2.91,85.75
2005-02-21,10.0,2.29,5.24,0.73,8.7,0.85,3.22,92.75
2005-02-22,14.23,2.69,7.32,0.04,11.28,0.85,3.69,87.65
2005-02-23,10.51,4.28,7.18,5.28,6.71,0.85,3.66,94.63
2005-02-24,15.58,3.87,8.09,0.02,11.48,0.85,3.42,89.3
2005-02-25,12.96,4.1,7.67,0.06,10.23,0.85,2.31,91.97
2005-02-26,11.43,6.54,9.38,17.53,5.12,0.86,4.97,94.2
2005-02-27,14.79,2.9,10.29,14.37,9.68,0.89,7.46,84.92
2005-02-28,6.95,-0.69,2.76,0.35,9.28,0.88,3.92,72.91
2005-03-01,2.41,-3.19,-0.9,4.06,4.22,0.88,6.45,81.92
2005-03-02,4.55,-1.68,0.98,8.3,2.93,0.88,6.81,88.02
2005-03-03,5.07,-4.05,0.77,1.79,8.73,0.89,4.65,85.6
2005-03-04,8.15,-4.53,1.41,0.0,11.97,0.89,3.35,88.74
2005-03-05,11.85,3.63,8.01,1.04,6.12,0.89,7.54,92.2
2005-03-06,14.78,4.67,10.04,3.18,15.06,0.89,5.97,78.39
2005-03-07,12.9,-2.31,5.51,1.39,13.04,0.88,4.19,82.05
2005-03-08,6.49,-2.98,1.3,2.89,7.17,0.89,5.5,74.2
2005-03-09,5.78,-4.58,0.68,0.0,15.84,0.88,2.97,73.62
2005-03-10,5.93,-1.29,1.59,0.19,10.72,0.88,3.54,76.55
2005-03-11,2.27,-4.76,-1.54,0.04,14.91,0.88,4.68,67.93
2005-03-12,10.43,-4.59,3.08,0.0,18.87,0.88,6.04,75.98
2005-03-13,14.29,2.66,8.53,0.32,14.94,0.87,7.04,85.62
2005-03-14,9.54,1.97,5.95,0.92,10.96,0.87,3.21,85.72
2005-03-15,15.46,1.49,8.12,0.0,16.3,0.87,1.42,79.89
2005-03-16,17.07,4.05,9.82,0.0,16.76,0.87,3.01,74.6
2005-03-17,17.49,3.13,9.92,0.0,18.94,0.86,2.15,72.15
2005-03-18,21.28,4.46,12.13,0.0,17.06,0.86,4.35,74.86
2005-03-19,21.23,6.94,13.22,0.07,15.51,0.86,5.03,80.39
2005-03-20,8.13,-2.56,3.57,0.28,8.89,0.85,5.07,70.4
2005-03-21,10.35,-4.31,2.72,0.0,21.33,0.85,1.82,70.77
2005-03-22,11.12,-3.26,3.75,0.0,19.69,0.85,2.45,73.22
2005-03-23,13.16,-0.82,5.52,0.0,20.82,0.85,2.35,72.59
2005-03-24,15.13,-1.29,6.92,0.0,20.94,0.84,1.93,71.26
2005-03-25,16.98,2.61,9.47,0.0,17.96,0.84,3.01,67.81
2005-03-26,17.94,3.98,10.52,0.01,17.58,0.84,2.91,79.32
2005-03-27,19.48,7.46,13.07,0.73,7.99,0.83,3.58,87.0
2005-03-28,20.01,10.55,14.23,1.21,11.17,0.83,5.75,85.97
2005-03-29,13.29,6.07,9.66,0.21,8.24,0.83,4.92,85.44
2005-03-30,14.3,4.93,8.54,0.01,7.88,0.83,4.26,80.21
2005-03-31,9.22,2.26,5.54,0.01,12.94,0.82,8.08,72.51
2005-04-01,8.71,0.0,3.72,0.0,11.36,0.82,8.01,67.26
2005-04-02,7.34,-2.04,2.48,0.2,9.4,0.82,6.58,74.57
2005-04-03,11.08,-2.32,3.96,0.03,15.8,0.82,4.22,69.99
2005-04-04,10.86,-0.72,4.83,0.0,16.96,0.81,2.54,74.4
2005-04-05,13.35,-2.55,5.04,0.0,18.82,0.81,3.23,77.33
2005-04-06,15.1,-0.9,6.73,0.0,22.71,0.81,2.07,72.5
2005-04-07,15.23,1.71,7.34,0.0,21.89,0.81,1.96,73.61
2005-04-08,19.61,1.34,10.3,0.0,22.0,0.8,2.32,71.43
2005-04-09,21.46,3.77,11.82,0.0,22.01,0.8,3.47,78.33
2005-04-10,20.67,6.52,13.9,0.0,20.28,0.79,3.53,73.7
2005-04-11,25.76,10.03,16.49,0.0,15.77,0.79,2.87,65.14
2005-04-12,21.4,7.81,14.45,0.0,18.26,0.78,4.69,66.63
2005-04-13,21.05,6.43,12.68,0.0,21.33,0.78,3.3,79.97
2005-04-14,15.37,7.56,11.9,1.74,13.85,0.78,4.6,84.8
2005-04-15,18.07,7.55,12.64,1.55,8.57,0.78,3.7,84.78
2005-04-16,21.54,9.29,14.87,0.04,21.56,0.77,3.95,75.36
2005-04-17,21.58,10.51,16.3,0.13,10.96,0.77,5.73,77.0
2005-04-18,19.18,10.46,15.07,0.14,23.03,0.76,7.21,66.16
2005-04-19,19.74,8.82,13.96,0.93,18.57,0.76,5.22,73.71
2005-04-20,21.07,8.4,14.96,0.0,21.14,0.75,5.85,75.42
2005-04-21,19.34,11.43,15.29,0.14,14.87,0.75,5.43,83.01
2005-04-22,18.6,9.94,14.38,1.99,20.62,0.75,3.62,75.49
2005-04-23,14.17,5.08,9.06,2.79,9.29,0.75,3.43,75.6
2005-04-24,18.11,3.77,10.8,0.0,25.85,0.75,1.58,73.26
2005-04-25,19.57,4.28,12.25,0.0,25.48,0.74,2.85,71.77
2005-04-26,22.49,7.85,14.84,0.19,25.18,0.74,4.27,72.0
2005-04-27,20.41,9.25,15.46,0.67,18.07,0.73,3.88,74.28
2005-04-28,22.02,9.16,16.12,0.05,22.21,0.73,2.07,72.26
2005-04-29,17.95,10.7,14.01,3.39,18.75,0.73,3.93,67.5
2005-04-30,14.35,7.83,11.03,3.28,9.25,0.73,5.04,82.47
2005-05-01,18.69,6.52,13.2,0.11,18.91,0.73,2.79,74.6
2005-05-02,21.21,9.43,15.42,0.0,21.88,0.72,1.56,66.79
2005-05-03,22.36,9.72,16.12,0.01,17.9,0.72,3.3,71.48
2005-05-04,22.47,7.5,15.24,0.01,24.74,0.71,2.6,69.53
2005-05-05,24.71,10.55,17.13,0.39,23.81,0.71,2.3,73.33
2005-05-06,22.94,12.88,17.79,0.38,16.94,0.7,2.41,73.58
2005-05-07,22.36,10.76,16.9,6.76,20.76,0.7,6.26,74.87
2005-05-08,21.08,8.24,14.5,2.12,25.24,0.71,3.77,68.37
2005-05-09,22.35,8.85,15.5,0.0,22.26,0.7,2.83,69.25
2005-05-10,24.45,9.26,17.16,0.02,24.81,0.7,2.28,71.67
2005-05-11,25.86,11.75,18.62,0.07,22.58,0.69,3.2,68.86
2005-05-12,20.82,12.72,16.51,1.09,11.47,0.69,2.23,78.61
2005-05-13,21.99,10.93,16.53,0.07,18.01,0.69,4.01,69.7
2005-05-14,22.11,8.28,14.56,0.0,29.4,0.68,4.33,62.67
2005-05-15,23.63,7.19,15.29,0.0,25.58,0.68,3.2,63.87
2005-05-16,25.68,8.11,16.78,0.0,27.73,0.67,2.83,63.46
2005-05-17,27.77,9.32,18.31,0.0,28.77,0.67,2.6,64.09
2005-05-18,29.04,10.17,19.36,0.0,29.11,0.66,3.42,59.98
2005-05-19,29.65,12.75,20.38,0.15,13.14,0.66,3.7,63.7
2005-05-20,27.62,14.66,20.35,0.06,22.48,0.66,3.45,65.14
2005-05-21,21.46,13.31,17.39,1.14,12.56,0.65,4.91,72.89
2005-05-22,19.18,13.9,16.15,25.33,5.71,0.68,3.5,88.15
2005-05-23,22.5,13.66,18.13,5.63,15.26,0.7,2.38,80.2
2005-05-24,24.04,12.43,18.91,7.56,13.69,0.7,3.08,83.88
2005-05-25,25.41,15.05,19.62,2.24,15.68,0.71,3.75,78.88
2005-05-26,26.25,12.85,19.78,0.56,19.92,0.7,5.28,74.68
2005-05-27,25.99,14.9,20.22,2.17,20.09,0.69,5.34,74.6
2005-05-28,24.52,13.23,18.91,9.41,17.56,0.69,4.05,77.43
2005-05-29,25.21,12.71,19.15,3.85,24.11,0.7,3.46,77.65
2005-05-30,28.07,13.74,21.23,0.09,26.79,0.7,3.5,70.86
2005-05-31,26.73,15.25,21.66,3.72,24.26,0.69,3.06,70.31
2005-06-01,24.25,16.36,20.01,4.17,10.74,0.7,3.09,81.86
2005-06-02,24.46,12.73,18.7,0.02,19.24,0.69,2.68,66.28
2005-06-03,25.28,11.75,18.24,0.0,30.16,0.68,3.64,60.03
2005-06-04,25.84,10.25,17.94,0.0,30.94,0.68,3.56,62.14
2005-06-05,26.86,9.73,18.31,0.0,31.25,0.67,3.46,63.29
2005-06-06,28.18,10.69,19.66,0.0,29.89,0.66,2.63,63.77
2005-06-07,28.38,13.62,21.21,0.04,27.35,0.66,3.84,68.45
2005-06-08,26.39,16.31,20.67,4.67,15.83,0.66,2.84,76.16
2005-06-09,23.7,14.99,20.05,0.46,20.0,0.66,2.09,73.92
2005-06-10,21.11,13.93,17.09,1.53,13.67,0.66,3.18,77.21
2005-06-11,21.19,12.46,16.25,3.44,22.23,0.67,3.22,71.12
2005-06-12,25.41,10.15,18.51,0.0,29.18,0.66,2.28,57.54
2005-06-13,25.59,12.36,19.54,0.0,25.96,0.66,2.7,61.69
2005-06-14,27.38,12.01,19.52,0.0,28.16,0.65,3.86,62.08
2005-06-15,29.47,11.04,20.51,0.0,30.48,0.65,3.6,59.69
2005-06-16,31.52,14.76,23.08,0.0,30.56,0.64,2.63,50.32
2005-06-17,33.55,15.19,24.7,0.0,28.73,0.64,2.96,51.39
2005-06-18,33.49,18.94,26.33,0.16,27.71,0.63,1.97,53.81
2005-06-19,28.73,17.58,23.27,0.29,13.54,0.63,3.71,58.76
2005-06-20,27.23,15.7,21.66,0.46,21.4,0.63,2.46,58.88
2005-06-21,28.78,14.94,22.12,0.53,25.43,0.63,2.59,55.21
2005-06-22,28.63,16.37,22.19,0.78,28.16,0.62,2.07,57.14
2005-06-23,31.19,14.55,23.55,0.19,29.65,0.62,2.63,52.18
2005-06-24,26.83,16.05,21.33,0.53,17.19,0.62,5.48,60.64
2005-06-25,28.31,14.83,21.11,0.02,26.62,0.62,4.72,59.28
2005-06-26,31.48,12.81,22.52,0.0,31.29,0.61,2.29,49.95
2005-06-27,33.97,15.03,24.65,0.18,30.28,0.61,3.4,52.07
2005-06-28,29.33,17.49,23.04,0.65,13.14,0.61,4.06,66.73
2005-06-29,31.19,14.95,23.77,0.0,29.07,0.61,2.96,57.2
2005-06-30,35.44,16.53,26.58,0.0,30.12,0.61,3.17,48.3
2005-07-01,36.18,20.95,28.16,1.49,27.13,0.61,2.2,51.23
2005-07-02,33.5,19.54,26.03,9.73,25.1,0.61,3.85,61.55
2005-07-03,26.2,18.77,21.73,31.17,8.62,0.65,4.52,79.74
2005-07-04,23.82,17.05,20.15,9.76,7.95,0.68,5.36,84.11
2005-07-05,28.4,15.01,21.86,0.03,27.59,0.67,3.63,65.46
2005-07-06,31.03,15.72,23.97,0.03,28.78,0.66,2.48,61.32
2005-07-07,30.95,18.63,24.81,5.19,22.73,0.66,2.37,61.99
2005-07-08,32.59,17.49,24.67,0.0,29.02,0.66,3.21,62.07
2005-07-09,33.81,17.33,24.94,0.0,29.53,0.65,3.94,61.38
2005-07-10,34.38,16.78,25.51,0.02,29.2,0.64,2.64,62.13
2005-07-11,35.08,18.13,26.52,0.21,28.15,0.64,2.12,60.84
2005-07-12,33.13,19.77,26.22,1.26,26.03,0.63,3.03,65.06
2005-07-13,30.15,20.32,24.32,1.3,21.14,0.63,4.04,68.13
2005-07-14,25.82,18.99,22.23,0.13,16.11,0.63,4.44,69.42
2005-07-15,29.09,17.42,23.0,0.33,24.14,0.63,5.01,61.61
2005-07-16,30.31,16.94,23.65,0.01,22.42,0.63,3.9,61.06
2005-07-17,33.74,17.72,25.89,0.02,27.18,0.62,2.87,57.92
2005-07-18,33.87,19.41,26.85,0.0,24.5,0.62,3.69,54.79
2005-07-19,36.59,21.83,28.61,0.0,28.74,0.61,1.16,46.47
2005-07-20,35.55,20.63,27.8,0.0,26.7,0.61,3.79,50.76
2005-07-21,34.07,21.29,26.94,0.26,25.38,0.61,3.67,54.85
2005-07-22,30.55,20.12,24.54,0.24,22.46,0.61,3.47,61.18
2005-07-23,34.34,17.76,26.46,0.3,26.78,0.61,1.94,57.64
2005-07-24,34.36,19.62,26.99,1.16,23.8,0.61,1.83,57.47
2005-07-25,32.9,19.79,25.57,3.42,25.67,0.61,3.75,59.88
2005-07-26,32.86,17.11,24.77,0.24,29.1,0.61,3.34,56.75
2005-07-27,34.33,16.7,25.18,0.0,29.02,0.61,4.41,57.12
2005-07-28,33.25,17.94,25.23,0.0,25.92,0.61,5.97,61.67
2005-07-29,34.93,18.82,26.84,0.0,27.76,0.6,7.06,57.6
2005-07-30,34.74,20.08,27.01,0.0,28.2,0.6,6.14,54.53
2005-07-31,36.28,20.24,27.86,0.0,26.27,0.6,5.24,50.6
2005-08-01,37.35,19.52,28.59,0.0,26.69,0.6,3.77,51.18
2005-08-02,37.01,22.23,29.5,0.0,25.46,0.6,3.55,50.42
2005-08-03,37.81,22.73,29.9,0.0,26.51,0.6,3.57,49.14
2005-08-04,37.89,21.24,28.92,0.0,26.97,0.6,4.98,53.4
2005-08-05,35.67,21.7,28.0,0.16,24.44,0.6,6.57,58.5
2005-08-06,32.32,21.77,26.22,10.95,16.17,0.61,3.9,70.98
2005-08-07,28.29,20.58,23.85,8.73,16.16,0.63,2.88,72.96
2005-08-08,32.04,18.79,24.89,0.0,24.28,0.63,5.89,63.47
2005-08-09,22.99,16.17,19.64,0.0,15.12,0.62,4.06,55.96
2005-08-10,30.69,13.81,22.11,0.0,26.47,0.62,3.72,53.98
2005-08-11,32.03,15.27,23.46,0.0,25.6,0.62,2.37,55.73
2005-08-12,34.55,16.91,25.5,0.0,25.36,0.61,1.49,54.26
2005-08-13,37.79,19.19,28.0,0.12,25.25,0.61,2.79,46.61
2005-08-14,34.31,20.66,26.49,0.4,24.5,0.61,5.35,61.77
2005-08-15,32.63,20.11,25.65,0.69,21.11,0.61,4.09,62.97
2005-08-16,34.24,19.09,26.31,0.06,24.61,0.6,3.98,59.65
2005-08-17,34.87,19.52,27.16,0.61,22.97,0.6,2.71,58.66
2005-08-18,31.85,19.44,25.39,0.28,20.01,0.6,3.2,54.27
2005-08-19,31.14,18.19,24.5,0.2,22.8,0.6,3.34,52.89
2005-08-20,29.75,19.63,24.54,1.59,14.34,0.6,2.86,55.76
2005-08-21,31.38,17.81,24.2,0.01,19.96,0.6,3.97,62.66
2005-08-22,33.17,17.93,25.08,0.0,23.22,0.6,4.06,59.72
2005-08-23,33.97,19.08,26.24,0.01,22.72,0.6,2.83,56.59
2005-08-24,31.21,19.95,25.32,1.4,18.49,0.6,2.46,60.34
2005-08-25,29.97,19.08,24.49,2.83,17.19,0.6,2.17,61.94
2005-08-26,32.49,18.15,25.07,0.06,21.34,0.61,2.3,59.39
2005-08-27,32.52,18.22,25.11,0.06,22.14,0.6,4.09,59.36
2005-08-28,32.71,18.84,25.2,0.02,20.77,0.6,4.54,62.36
2005-08-29,32.54,19.36,25.18,0.0,22.05,0.6,5.41,61.81
2005-08-30,32.29,18.55,24.81,0.0,22.78,0.6,6.11,61.92
2005-08-31,31.71,18.54,24.42,0.0,20.64,0.6,5.9,61.13
2005-09-01,31.73,17.46,23.94,1.64,20.74,0.6,5.09,60.27
2005-09-02,27.78,16.9,21.65,1.4,13.64,0.6,4.37,60.55
2005-09-03,26.64,14.8,20.17,0.06,19.69,0.6,4.67,55.08
2005-09-04,26.21,12.43,19.09,0.06,21.14,0.6,4.75,52.85
2005-09-05,26.93,13.33,20.31,0.07,15.18,0.6,3.99,57.21
2005-09-06,25.84,14.72,20.15,0.0,18.29,0.6,3.84,64.83
2005-09-07,29.48,13.98,21.45,0.0,19.49,0.6,3.32,63.73
2005-09-08,28.95,15.66,21.7,0.0,20.08,0.6,3.83,65.27
2005-09-09,29.5,14.13,21.31,0.0,17.96,0.6,3.84,58.71
2005-09-10,30.38,13.88,21.96,0.0,21.36,0.6,2.33,56.43
2005-09-11,32.06,15.05,23.37,0.0,21.84,0.6,1.95,54.77
2005-09-12,32.77,17.03,24.88,0.0,20.8,0.6,1.77,49.74
2005-09-13,30.75,17.85,24.47,1.0,18.91,0.6,1.7,48.42
2005-09-14,30.54,18.58,23.57,2.71,18.24,0.6,2.97,56.82
2005-09-15,26.98,18.78,21.91,1.27,9.63,0.6,4.53,73.28
2005-09-16,26.59,17.38,21.26,3.54,9.04,0.61,4.78,74.52
2005-09-17,30.14,15.44,22.15,0.0,17.68,0.61,1.62,67.01
2005-09-18,32.44,17.88,24.22,0.0,18.1,0.61,2.72,59.77
2005-09-19,31.53,17.89,23.79,0.65,15.85,0.61,4.61,68.19
2005-09-20,25.45,17.62,21.18,15.72,9.58,0.62,2.82,80.0
2005-09-21,21.8,15.42,18.94,2.86,8.71,0.63,3.19,85.3
2005-09-22,23.94,13.75,18.0,1.76,9.41,0.64,5.29,73.95
2005-09-23,23.63,12.01,17.24,0.14,10.59,0.63,3.13,75.42
2005-09-24,24.76,11.6,18.08,0.48,15.95,0.63,2.88,74.51
2005-09-25,23.54,13.73,17.71,0.45,9.95,0.63,3.56,77.94
2005-09-26,25.18,12.57,18.35,0.1,12.68,0.62,3.63,73.76
2005-09-27,26.04,13.01,18.57,0.0,17.24,0.62,3.96,68.41
2005-09-28,24.87,11.42,17.2,0.0,15.89,0.62,4.05,66.86
2005-09-29,25.43,11.13,17.46,0.06,14.87,0.62,4.37,65.78
2005-09-30,26.21,12.81,18.77,0.0,16.89,0.62,2.14,71.73
2005-10-01,22.68,13.31,18.09,9.78,11.2,0.62,3.89,81.01
2005-10-02,21.73,13.12,17.92,28.35,9.42,0.68,3.31,76.74
2005-10-03,24.84,11.66,17.78,0.08,12.96,0.68,1.97,75.83
2005-10-04,24.32,12.18,17.01,0.0,14.78,0.67,4.22,77.33
2005-10-05,24.11,12.01,16.93,0.06,15.94,0.66,5.33,74.0
2005-10-06,22.7,11.02,15.81,0.06,15.25,0.66,5.05,72.26
2005-10-07,20.65,10.08,14.73,0.0,14.12,0.66,6.19,66.92
2005-10-08,21.29,8.99,14.65,0.0,14.07,0.65,6.24,70.22
2005-10-09,20.49,12.91,15.9,0.0,12.13,0.65,7.44,67.74
2005-10-10,19.45,11.35,14.66,0.31,11.17,0.65,7.09,68.8
2005-10-11,16.01,11.05,13.36,2.67,4.36,0.65,6.05,81.38
2005-10-12,17.4,10.22,13.41,1.81,6.02,0.66,3.42,80.04
2005-10-13,20.31,7.91,13.42,0.06,11.96,0.65,2.33,77.73
2005-10-14,21.42,8.94,14.7,0.53,14.26,0.65,1.11,72.36
2005-10-15,17.48,8.54,12.63,4.96,9.73,0.65,4.25,78.96
2005-10-16,17.81,7.01,11.84,0.91,11.45,0.66,4.22,74.54
2005-10-17,14.44,4.88,9.52,0.08,12.83,0.66,3.37,64.53
2005-10-18,12.77,4.28,7.62,0.04,11.69,0.66,3.42,67.69
2005-10-19,14.62,2.62,7.96,0.02,10.45,0.65,3.46,73.09
2005-10-20,16.82,1.98,9.02,0.02,13.74,0.65,1.99,73.96
2005-10-21,18.07,4.85,10.3,0.0,13.32,0.65,2.52,78.91
2005-10-22,20.29,5.7,12.05,0.0,13.68,0.65,3.28,80.12
2005-10-23,23.52,9.9,15.67,0.0,11.05,0.65,4.66,85.28
2005-10-24,23.92,11.91,17.03,0.0,9.98,0.65,3.52,82.61
2005-10-25,22.2,9.56,15.04,0.06,9.8,0.65,3.95,80.72
2005-10-26,22.74,8.18,14.73,0.0,13.03,0.65,1.66,72.77
2005-10-27,24.17,8.8,15.81,0.0,12.53,0.64,2.55,72.69
2005-10-28,20.23,7.34,13.38,0.0,8.1,0.64,4.76,72.21
2005-10-29,11.34,3.83,7.21,0.47,8.8,0.64,6.03,74.47
2005-10-30,10.62,1.36,5.28,0.98,8.89,0.64,5.92,81.56
2005-10-31,9.17,-0.02,3.91,0.04,7.99,0.64,4.11,75.05
2005-11-01,5.16,-1.11,2.34,0.35,3.83,0.64,1.92,85.33
2005-11-02,10.06,2.07,5.09,0.33,4.19,0.64,1.58,85.78
2005-11-03,12.96,1.8,6.28,0.35,7.67,0.64,3.89,83.71
2005-11-04,14.22,1.8,7.09,0.05,7.48,0.64,3.72,83.94
2005-11-05,10.05,4.1,6.36,0.08,6.13,0.64,2.93,89.98
2005-11-06,15.27,4.3,8.0,0.0,5.97,0.64,4.12,81.82
2005-11-07,15.67,3.53,7.74,0.01,9.59,0.64,3.2,81.19
2005-11-08,14.95,3.96,9.15,0.0,4.06,0.64,3.2,85.58
2005-11-09,16.07,5.82,9.97,0.0,8.33,0.64,3.65,83.73
2005-11-10,15.59,6.47,9.68,0.0,9.27,0.64,3.88,85.0
2005-11-11,14.27,3.08,8.66,0.0,4.74,0.64,3.38,83.37
2005-11-12,9.51,2.6,5.53,0.01,6.09,0.64,2.74,85.98
2005-11-13,11.54,4.42,6.76,0.89,3.17,0.64,3.66,87.99
2005-11-14,14.25,4.18,8.63,0.12,6.71,0.64,3.8,83.89
2005-11-15,12.97,3.51,6.68,0.0,6.35,0.64,2.27,81.29
2005-11-16,16.6,3.6,10.07,0.0,6.78,0.64,5.97,86.95
2005-11-17,17.45,11.55,14.16,4.26,1.94,0.64,7.22,94.13
2005-11-18,13.3,6.53,9.14,4.09,2.87,0.65,4.89,86.9
2005-11-19,11.47,0.84,6.49,23.5,1.79,0.67,5.08,93.7
2005-11-20,4.77,-3.01,1.52,1.6,2.9,0.69,5.79,79.65
2005-11-21,4.12,-3.66,-0.35,0.04,8.72,0.68,2.51,76.43
2005-11-22,6.35,-1.58,2.08,0.34,5.6,0.68,2.89,77.2
2005-11-23,4.82,1.29,2.84,14.07,1.67,0.69,7.64,87.32
2005-11-24,12.83,5.49,9.6,23.38,1.85,0.73,5.53,96.31
2005-11-25,14.33,6.02,11.67,12.74,2.02,0.76,7.7,92.25
2005-11-26,16.14,5.54,9.38,0.03,7.98,0.75,3.85,90.03
2005-11-27,17.79,7.62,12.17,5.12,3.72,0.75,4.48,96.1
2005-11-28,19.03,9.31,14.09,0.89,6.8,0.75,5.9,89.86
2005-11-29,16.35,5.63,10.12,0.97,8.69,0.75,2.15,83.34
2005-11-30,13.88,5.58,9.08,0.04,6.84,0.74,3.54,92.23
2005-12-01,16.44,9.0,12.23,3.88,3.52,0.75,5.57,94.57
2005-12-02,19.87,9.42,14.23,3.18,3.36,0.75,5.49,89.46
2005-12-03,14.2,4.25,8.71,1.19,6.92,0.75,2.72,89.02
2005-12-04,15.74,5.77,9.85,0.19,4.02,0.75,3.94,92.42
2005-12-05,15.26,4.06,8.37,0.0,8.61,0.75,2.7,90.15
2005-12-06,14.75,6.1,10.39,0.0,6.51,0.75,5.27,90.66
2005-12-07,17.73,11.45,13.6,0.0,4.49,0.75,6.84,91.94
2005-12-08,14.12,3.46,9.16,8.68,2.46,0.76,4.84,92.44
2005-12-09,10.3,1.67,4.67,0.04,8.24,0.76,2.47,80.08
2005-12-10,9.08,1.06,5.18,0.18,3.42,0.76,5.74,86.77
2005-12-11,8.99,2.59,5.37,0.14,2.62,0.76,6.75,84.33
2005-12-12,9.68,0.37,3.56,0.0,5.17,0.75,4.19,87.58
2005-12-13,10.62,0.11,3.95,0.0,6.57,0.75,3.5,88.64
2005-12-14,9.17,1.18,4.82,0.05,4.15,0.75,5.54,84.45
2005-12-15,8.85,1.88,5.68,1.57,1.4,0.75,4.84,89.1
2005-12-16,5.93,0.43,2.32,2.63,2.4,0.76,2.94,88.18
2005-12-17,12.65,1.42,6.11,5.52,2.94,0.76,5.6,88.76
2005-12-18,1.18,-2.4,-0.22,32.13,1.84,0.77,7.3,92.56
2005-12-19,-0.77,-10.56,-5.18,0.53,7.38,0.77,3.66,95.02
2005-12-20,-0.94,-14.38,-8.06,0.0,8.14,0.76,2.3,96.46
2005-12-21,-0.61,-11.79,-6.73,0.09,7.98,0.76,1.1,95.64
2005-12-22,0.12,-11.16,-4.18,0.21,5.68,0.76,3.05,95.99
2005-12-23,-0.02,-11.87,-6.86,0.02,6.49,0.77,2.56,96.87
2005-12-24,-0.53,-11.34,-5.97,0.13,7.06,0.77,2.96,96.87
2005-12-25,1.92,-8.42,-2.76,0.0,2.03,0.77,3.16,93.63
2005-12-26,5.12,-2.81,1.62,0.02,4.23,0.79,3.4,94.32
2005-12-27,9.98,3.54,7.33,6.54,1.81,0.81,6.14,98.97
2005-12-28,13.43,9.4,11.01,1.1,3.03,0.82,9.34,92.15
2005-12-29,15.31,8.21,11.04,1.8,6.17,0.81,5.84,93.82
2005-12-30,12.78,8.78,10.66,7.28,4.26,0.81,7.47,94.22
2005-12-31,10.24,1.35,6.11,1.66,7.55,0.82,2.83,78.27
2006-01-01,10.26,1.4,4.92,0.07,6.96,0.82,2.67,90.7
2006-01-02,11.98,4.54,8.37,0.17,6.93,0.82,3.77,92.72
2006-01-03,13.92,8.2,10.51,14.89,3.5,0.83,4.67,95.32
2006-01-04,11.66,7.11,8.9,2.06,3.89,0.84,4.07,94.63
2006-01-05,8.98,6.39,7.29,6.4,2.63,0.84,5.85,92.12
2006-01-06,9.42,3.13,6.99,9.2,2.13,0.85,4.06,94.0
2006-01-07,3.1,-4.39,-0.05,1.06,2.98,0.85,6.49,83.62
2006-01-08,1.47,-4.49,-2.43,0.26,3.12,0.85,6.54,77.78
2006-01-09,2.61,-4.49,-1.66,0.23,5.18,0.85,6.17,83.83
2006-01-10,3.18,-2.78,-0.8,0.36,4.78,0.85,6.34,87.47
2006-01-11,3.62,-2.37,-0.05,0.4,6.03,0.85,7.38,86.28
2006-01-12,3.28,-3.18,-0.28,1.19,4.53,0.85,7.78,88.0
2006-01-13,1.58,-5.11,-2.37,0.12,4.98,0.85,6.91,84.23
2006-01-14,2.08,-3.44,-1.6,0.04,6.6,0.85,6.24,81.47
2006-01-15,3.26,-3.66,-1.42,0.0,3.16,0.84,5.19,85.9
2006-01-16,3.43,-4.8,-1.81,0.0,5.7,0.84,3.19,84.4
2006-01-17,3.73,-5.1,-1.49,0.01,9.3,0.84,1.68,83.84
2006-01-18,8.57,-3.1,2.08,0.01,6.84,0.84,4.14,91.72
2006-01-19,5.44,-2.72,2.43,2.45,2.22,0.85,4.67,97.51
2006-01-20,3.77,-4.08,-0.9,0.0,7.34,0.85,2.87,78.16
2006-01-21,8.46,-3.04,1.58,0.0,6.86,0.84,3.48,85.14
2006-01-22,8.83,-1.35,1.89,0.12,6.44,0.84,4.32,87.59
2006-01-23,0.43,-8.78,-3.95,0.82,4.6,0.84,10.89,78.62
2006-01-24,-4.36,-9.4,-6.68,1.22,4.41,0.84,12.36,81.78
2006-01-25,-4.35,-8.91,-6.09,4.91,2.48,0.84,12.04,80.71
2006-01-26,-2.89,-11.06,-7.82,0.11,7.15,0.84,6.21,76.11
2006-01-27,0.82,-12.76,-6.64,0.0,9.19,0.84,3.12,80.31
2006-01-28,1.7,-7.35,-3.55,0.0,10.13,0.84,1.4,74.54
2006-01-29,4.61,-7.31,-1.49,0.0,10.28,0.84,1.98,78.17
2006-01-30,7.96,-3.31,0.72,0.0,10.49,0.84,1.55,85.44
2006-01-31,7.9,-1.37,1.82,0.0,9.71,0.84,2.3,90.28
2006-02-01,8.2,-2.17,1.05,0.0,10.77,0.84,3.48,90.18
2006-02-02,8.61,-2.02,2.31,0.0,11.17,0.84,2.21,81.06
2006-02-03,8.96,-0.2,2.91,0.0,10.33,0.84,1.64,80.3
2006-02-04,7.82,-1.26,1.97,0.0,9.57,0.84,1.56,92.19
2006-02-05,1.56,-0.16,0.46,4.4,2.87,0.84,5.97,90.51
2006-02-06,-0.28,-7.84,-3.24,9.29,5.22,0.84,10.25,84.15
2006-02-07,-4.78,-8.36,-6.91,0.39,5.59,0.84,9.3,82.97
2006-02-08,-0.36,-9.69,-6.33,0.03,12.23,0.84,4.91,78.21
2006-02-09,1.92,-10.37,-3.02,0.21,7.43,0.84,3.15,84.51
2006-02-10,4.02,-0.29,2.05,4.48,5.37,0.85,3.16,93.45
2006-02-11,5.78,-2.77,1.08,0.85,11.82,0.85,1.53,79.78
2006-02-12,3.49,-3.58,-1.02,0.68,6.35,0.85,3.55,87.53
2006-02-13,2.56,-4.43,-1.55,0.02,12.21,0.85,2.38,83.76
2006-02-14,1.51,-6.38,-2.37,0.0,11.94,0.85,2.56,82.63
2006-02-15,0.99,-7.39,-2.97,0.0,11.86,0.85,1.94,81.51
2006-02-16,4.57,-4.79,0.25,0.0,7.44,0.85,5.01,86.17
2006-02-17,12.34,2.77,6.62,0.01,8.56,0.85,5.85,94.86
2006-02-18,16.58,4.15,8.69,0.57,11.45,0.85,4.04,87.82
2006-02-19,12.81,4.83,8.48,0.0,7.55,0.85,4.4,96.13
2006-02-20,15.59,4.7,9.16,0.01,10.03,0.85,2.81,90.36
2006-02-21,15.93,4.53,8.8,0.0,11.4,0.85,3.86,89.89
2006-02-22,16.8,4.49,8.53,0.0,11.52,0.85,3.52,90.37
2006-02-23,14.38,3.13,7.13,0.06,12.51,0.84,3.48,87.83
2006-02-24,8.47,3.59,5.27,6.59,2.38,0.85,7.68,89.85
2006-02-25,6.97,2.64,4.1,7.11,3.25,0.86,4.59,91.16
2006-02-26,10.71,2.03,6.09,11.21,4.63,0.87,3.89,93.93
2006-02-27,11.57,-0.62,4.85,0.69,12.86,0.87,2.4,86.33
2006-02-28,12.68,2.91,8.19,9.17,4.8,0.87,6.34,92.5
2006-03-01,14.51,0.09,7.83,0.11,13.53,0.88,4.81,77.74
2006-03-02,13.54,2.84,7.8,1.51,8.05,0.87,4.31,88.65
2006-03-03,11.34,-1.53,5.93,2.23,14.71,0.87,6.41,67.88
2006-03-04,12.96,-2.25,5.21,0.0,13.9,0.87,5.22,80.69
2006-03-05,16.19,4.96,10.06,0.0,14.38,0.87,7.51,83.65
2006-03-06,17.67,9.03,13.01,0.16,11.8,0.86,9.41,84.77
2006-03-07,11.8,0.67,6.72,22.45,2.78,0.88,7.99,88.89
2006-03-08,2.07,-2.61,-0.14,3.96,3.99,0.89,8.28,79.63
2006-03-09,4.4,-6.58,-1.49,0.0,16.47,0.88,3.52,69.18
2006-03-10,8.93,-4.36,2.98,0.02,15.05,0.88,5.15,81.8
2006-03-11,13.52,6.51,9.68,3.31,5.61,0.89,7.56,94.62
2006-03-12,13.61,8.75,11.46,41.25,4.27,0.92,7.4,92.9
2006-03-13,13.63,5.33,9.88,1.89,8.74,0.93,4.31,86.44
2006-03-14,4.93,0.91,2.37,7.28,3.15,0.93,6.88,91.4
2006-03-15,7.69,-2.11,3.36,0.18,8.52,0.93,2.09,83.88
2006-03-16,7.87,0.64,3.72,1.99,7.74,0.93,2.23,88.85
2006-03-17,9.62,0.04,4.19,0.02,11.74,0.93,1.94,85.5
2006-03-18,9.4,0.67,4.29,0.51,9.0,0.92,2.97,86.19
2006-03-19,10.37,-0.06,4.52,0.0,13.8,0.92,1.85,84.0
2006-03-20,14.19,0.1,6.44,0.0,17.5,0.92,3.35,86.37
2006-03-21,15.98,3.03,8.51,0.0,18.23,0.92,2.91,86.14
2006-03-22,19.17,6.2,12.14,0.0,18.54,0.91,4.41,86.92
2006-03-23,18.74,9.96,13.14,1.24,8.65,0.91,6.96,88.56
2006-03-24,9.92,0.83,5.78,3.25,3.83,0.91,5.8,84.63
2006-03-25,11.04,-0.85,4.67,0.0,13.39,0.91,3.68,78.64
2006-03-26,14.12,-0.17,6.28,0.0,22.02,0.9,1.81,76.05
2006-03-27,16.96,2.38,9.65,0.0,17.31,0.9,1.51,73.04
2006-03-28,19.66,4.97,11.86,0.0,20.82,0.9,3.22,81.8
2006-03-29,19.83,7.34,12.93,0.09,19.99,0.89,5.96,85.81
2006-03-30,17.56,6.72,11.71,2.36,17.05,0.89,3.41,74.16
2006-03-31,18.69,4.25,11.04,0.0,22.33,0.89,3.34,71.59
2006-04-01,19.25,8.09,13.44,0.0,16.89,0.88,3.3,73.26
2006-04-02,20.15,6.2,13.34,0.02,20.6,0.88,2.32,72.55
2006-04-03,17.67,6.56,10.92,0.11,19.25,0.87,4.13,75.22
2006-04-04,14.21,4.95,9.01,0.06,16.84,0.87,4.28,81.54
2006-04-05,17.62,3.61,9.93,0.0,22.46,0.87,2.1,78.98
2006-04-06,18.81,5.24,11.76,0.21,18.02,0.86,5.28,84.32
2006-04-07,19.07,11.08,14.15,0.97,6.5,0.86,4.26,84.27
2006-04-08,11.56,2.68,7.69,8.82,3.97,0.87,4.86,90.53
2006-04-09,16.03,2.53,8.28,0.05,21.04,0.87,2.93,78.83
2006-04-10,16.21,1.89,8.64,0.0,24.52,0.86,1.9,72.94
2006-04-11,16.58,3.54,10.61,0.0,15.54,0.86,4.89,84.12
2006-04-12,20.6,8.36,13.67,0.92,16.0,0.86,7.03,80.74
2006-04-13,18.22,5.01,11.74,0.0,23.22,0.85,3.44,70.88
2006-04-14,15.09,7.38,11.04,0.04,14.64,0.85,2.82,78.03
2006-04-15,21.29,7.17,13.63,0.0,25.05,0.84,2.06,71.3
2006-04-16,20.25,6.09,13.54,0.0,20.09,0.84,2.98,77.46
2006-04-17,20.83,7.42,15.19,0.0,21.22,0.83,2.3,73.31
2006-04-18,21.14,11.04,15.76,0.01,13.66,0.83,2.4,77.29
2006-04-19,23.39,11.41,16.06,0.05,18.66,0.82,4.66,78.14
2006-04-20,16.32,10.5,13.39,0.09,14.18,0.82,2.94,85.48
2006-04-21,20.01,7.29,14.41,0.03,15.4,0.82,1.95,77.43
2006-04-22,20.36,9.52,14.62,2.04,22.43,0.81,2.73,77.6
2006-04-23,21.07,7.99,14.16,0.08,24.07,0.81,3.64,76.41
2006-04-24,19.86,6.91,12.89,0.46,19.86,0.8,4.06,78.0
2006-04-25,18.03,3.93,10.46,0.0,26.01,0.8,3.6,69.18
2006-04-26,18.76,3.74,10.9,0.21,25.15,0.8,2.4,69.14
2006-04-27,18.37,3.73,11.08,0.0,23.12,0.79,2.99,67.64
2006-04-28,16.97,6.6,10.98,0.0,21.38,0.79,4.76,71.66
2006-04-29,11.05,7.06,8.94,1.39,4.83,0.79,4.04,84.81
2006-04-30,13.7,7.44,10.19,0.12,11.5,0.79,4.29,78.65
2006-05-01,14.45,6.58,10.59,0.05,17.57,0.78,2.82,79.9
2006-05-02,18.29,5.75,11.4,0.0,21.0,0.78,4.01,78.5
2006-05-03,16.63,6.12,11.04,0.0,17.77,0.77,5.67,70.38
2006-05-04,15.6,4.64,9.72,0.0,22.29,0.77,6.16,70.76
2006-05-05,16.54,4.2,10.44,0.0,13.45,0.77,4.13,76.74
2006-05-06,17.74,4.79,11.04,0.0,21.22,0.76,2.59,76.79
2006-05-07,17.83,5.3,12.03,0.11,22.19,0.76,1.4,70.45
2006-05-08,17.87,6.53,12.72,8.59,17.81,0.76,2.64,77.02
2006-05-09,19.58,8.17,13.99,0.26,18.79,0.76,2.74,76.14
2006-05-10,21.79,7.92,15.38,0.37,24.68,0.76,4.71,78.2
2006-05-11,20.32,11.75,15.72,3.12,20.6,0.76,4.73,74.12
2006-05-12,15.44,9.89,13.14,7.24,9.66,0.76,2.81,84.9
2006-05-13,21.23,8.06,15.06,0.33,24.61,0.76,2.65,73.0
2006-05-14,22.61,10.42,16.1,0.0,29.19,0.75,1.92,63.8
2006-05-15,22.86,8.18,15.36,0.06,26.45,0.74,2.99,69.09
2006-05-16,22.71,7.86,15.43,0.02,28.58,0.73,3.96,68.85
2006-05-17,24.09,11.1,17.76,0.0,25.87,0.73,1.56,69.15
2006-05-18,20.61,13.04,16.75,3.8,16.38,0.72,2.27,82.73
2006-05-19,24.41,11.99,18.73,0.0,24.93,0.72,2.1,77.12
2006-05-20,24.91,13.07,18.93,0.02,16.71,0.72,3.58,73.32
2006-05-21,28.54,12.96,20.74,0.0,26.64,0.71,3.31,73.89
2006-05-22,25.72,16.83,20.28,0.08,22.99,0.71,1.65,79.62
2006-05-23,29.52,15.07,22.54,0.0,28.2,0.7,2.58,70.2
2006-05-24,29.58,15.04,21.73,0.0,29.24,0.69,3.16,65.24
2006-05-25,30.39,13.23,21.97,0.01,29.05,0.68,3.35,63.59
2006-05-26,25.07,15.15,19.78,0.33,14.88,0.68,3.73,72.88
2006-05-27,27.35,13.6,20.67,0.06,27.94,0.68,2.06,65.53
2006-05-28,28.35,14.29,21.27,0.0,28.45,0.67,2.78,59.28
2006-05-29,30.03,14.83,22.67,0.0,26.36,0.67,3.38,62.09
2006-05-30,30.88,14.31,22.4,0.0,29.97,0.66,5.39,64.39
2006-05-31,31.16,17.1,23.65,0.47,28.37,0.66,5.5,67.37
2006-06-01,28.94,15.16,21.11,0.02,26.06,0.65,4.79,58.03
2006-06-02,33.59,15.33,23.66,0.08,21.3,0.65,4.38,62.82
2006-06-03,31.62,15.15,22.84,0.04,28.55,0.65,4.38,61.25
2006-06-04,28.58,14.19,20.93,0.02,30.01,0.64,4.61,60.05
2006-06-05,24.62,13.1,18.97,2.75,23.12,0.64,2.06,62.93
2006-06-06,26.51,11.24,19.38,0.29,27.06,0.64,2.32,52.7
2006-06-07,23.8,11.62,17.74,7.91,24.83,0.64,2.98,65.84
2006-06-08,20.34,12.22,16.64,14.05,16.73,0.66,3.67,76.58
2006-06-09,18.43,12.72,15.46,7.48,11.27,0.69,5.4,75.63
2006-06-10,24.46,10.46,17.9,0.0,27.51,0.68,1.77,61.03
2006-06-11,25.83,10.53,18.44,0.01,27.06,0.67,3.64,63.22
2006-06-12,24.63,11.64,18.65,0.0,20.19,0.66,3.42,65.66
2006-06-13,19.27,13.2,16.58,3.51,11.56,0.66,2.73,75.61
2006-06-14,24.82,12.15,18.57,0.17,21.97,0.66,2.55,61.03
2006-06-15,20.31,12.42,17.08,11.77,12.87,0.67,2.73,74.14
2006-06-16,26.02,13.11,19.78,0.2,17.59,0.68,3.53,68.64
2006-06-17,29.64,15.69,23.17,0.04,28.66,0.67,1.72,58.59
2006-06-18,32.78,18.23,25.59,0.0,28.9,0.66,1.27,55.14
2006-06-19,32.39,20.28,25.89,0.04,23.75,0.65,2.24,59.4
2006-06-20,32.51,18.3,25.45,1.47,25.84,0.65,2.1,59.83
2006-06-21,31.63,17.33,24.39,0.13,29.27,0.65,3.31,62.07
2006-06-22,31.22,16.05,23.89,0.14,26.36,0.64,2.39,63.8
2006-06-23,32.56,17.59,25.02,0.2,28.32,0.64,2.2,60.17
2006-06-24,33.17,17.48,25.37,0.01,29.15,0.63,3.46,59.1
2006-06-25,32.66,17.54,24.88,0.0,29.56,0.63,5.06,58.17
2006-06-26,33.38,17.72,25.5,0.07,29.62,0.63,5.47,57.87
2006-06-27,34.96,18.36,26.82,0.01,29.33,0.62,4.44,54.39
2006-06-28,34.66,19.07,26.83,0.2,28.78,0.62,3.96,54.85
2006-06-29,36.05,19.3,27.72,0.28,28.22,0.62,3.65,55.72
2006-06-30,34.85,21.13,28.22,0.35,26.03,0.61,2.47,57.31
2006-07-01,33.95,21.71,27.8,0.5,23.36,0.61,2.96,58.57
2006-07-02,28.91,19.72,23.66,10.28,12.71,0.62,6.13,74.94
2006-07-03,24.62,17.43,20.61,0.25,14.31,0.63,8.54,63.49
2006-07-04,24.9,15.4,20.23,0.0,20.81,0.63,7.64,53.91
2006-07-05,29.01,14.06,21.53,0.0,25.78,0.62,6.54,59.33
2006-07-06,27.9,15.34,21.5,0.0,25.43,0.62,5.42,60.15
2006-07-07,30.93,12.16,21.93,0.0,30.68,0.62,2.82,54.58
2006-07-08,31.83,13.95,23.52,0.03,28.89,0.61,3.35,47.36
2006-07-09,29.79,16.09,22.87,1.58,28.6,0.61,3.63,61.63
2006-07-10,29.79,15.14,22.75,0.13,23.56,0.61,4.6,62.2
2006-07-11,30.45,17.64,23.47,0.0,25.23,0.61,6.31,61.48
2006-07-12,33.29,16.66,24.82,0.01,27.68,0.61,6.44,56.65
2006-07-13,32.38,17.06,25.21,0.03,24.1,0.61,5.28,59.96
2006-07-14,33.97,19.57,26.53,0.0,26.49,0.61,5.32,49.76
2006-07-15,33.39,19.22,26.45,1.62,20.73,0.6,3.5,51.91
2006-07-16,30.4,18.84,24.58,0.22,20.67,0.61,2.51,59.95
2006-07-17,30.71,15.79,23.53,0.0,27.65,0.6,4.11,49.97
2006-07-18,29.44,15.57,22.73,0.0,27.72,0.6,4.36,52.1
2006-07-19,31.21,15.58,23.39,0.0,28.99,0.6,5.11,51.6
2006-07-20,33.9,16.4,24.9,0.0,29.17,0.6,6.0,51.71
2006-07-21,31.8,16.41,23.61,0.0,28.07,0.6,7.02,55.28
2006-07-22,30.02,15.62,22.59,0.0,26.9,0.6,6.34,55.77
2006-07-23,33.51,15.12,24.11,0.0,28.23,0.6,4.4,51.84
2006-07-24,35.57,16.11,26.0,0.0,28.93,0.6,3.83,46.74
2006-07-25,34.81,18.84,26.53,0.0,28.53,0.6,4.75,45.33
2006-07-26,35.08,17.32,26.13,0.0,28.8,0.6,4.43,51.04
2006-07-27,35.61,17.39,26.5,0.0,28.46,0.6,4.18,46.47
2006-07-28,36.9,19.36,28.01,0.25,26.14,0.6,3.84,36.11
2006-07-29,34.55,19.24,26.45,16.83,26.96,0.62,3.47,54.77
2006-07-30,35.06,19.51,27.02,0.03,27.32,0.62,2.65,60.41
2006-07-31,31.34,20.27,25.93,0.28,22.43,0.62,2.23,66.66
2006-08-01,33.21,19.22,26.09,0.0,24.9,0.61,3.15,61.91
2006-08-02,34.27,18.78,26.58,0.0,26.61,0.61,2.17,57.62
2006-08-03,36.39,19.42,27.7,0.0,27.26,0.61,2.72,52.71
2006-08-04,37.93,19.47,28.6,0.0,27.64,0.6,2.63,51.32
2006-08-05,39.49,20.71,29.92,0.0,26.53,0.6,3.76,42.85
2006-08-06,38.43,22.53,30.01,0.0,25.78,0.6,3.27,49.38
2006-08-07,34.5,21.98,27.68,0.73,20.26,0.6,2.9,56.43
2006-08-08,32.16,20.49,25.84,0.93,22.83,0.6,3.06,53.32
2006-08-09,32.6,19.33,26.22,0.0,23.63,0.6,2.63,45.49
2006-08-10,35.53,20.06,27.89,0.0,24.09,0.6,3.7,44.09
2006-08-11,33.73,21.37,26.99,0.12,23.54,0.6,4.02,46.38
2006-08-12,34.29,20.27,27.1,0.0,23.53,0.6,2.72,43.18
2006-08-13,36.22,19.96,27.51,0.0,25.63,0.6,3.38,50.27
2006-08-14,37.62,19.05,28.07,0.0,25.83,0.6,1.8,47.71
2006-08-15,37.15,20.66,28.43,0.0,25.6,0.6,3.53,43.72
2006-08-16,35.37,20.59,27.57,0.0,24.99,0.6,5.18,42.42
2006-08-17,36.33,20.24,28.1,0.0,23.62,0.6,5.63,48.49
2006-08-18,37.57,21.44,28.92,0.0,24.43,0.6,4.72,47.23
2006-08-19,38.74,20.29,29.09,0.0,25.66,0.6,3.26,44.19
2006-08-20,41.13,22.41,31.38,0.0,24.72,0.6,1.78,31.28
2006-08-21,41.52,24.05,32.34,0.4,23.68,0.59,1.97,33.53
2006-08-22,33.93,22.69,27.96,0.5,23.16,0.6,3.96,47.63
2006-08-23,33.74,20.36,26.67,0.0,21.67,0.6,2.55,45.34
2006-08-24,34.4,19.32,26.7,0.0,24.91,0.6,2.22,48.11
2006-08-25,35.26,19.17,26.41,0.0,24.87,0.59,4.04,51.39
2006-08-26,35.72,18.84,26.89,0.01,24.08,0.59,2.23,50.91
2006-08-27,35.72,20.98,28.04,0.01,22.18,0.59,1.87,47.7
2006-08-28,29.59,19.56,24.38,7.72,14.48,0.6,2.78,66.77
2006-08-29,30.07,15.58,22.53,0.0,23.23,0.61,4.91,57.88
2006-08-30,32.77,16.56,24.31,0.03,22.55,0.61,5.63,62.38
2006-08-31,26.06,14.93,19.34,1.39,11.49,0.61,5.22,51.46
2006-09-01,25.6,11.71,18.23,1.01,16.25,0.61,3.96,57.81
2006-09-02,25.24,12.8,19.36,0.12,15.62,0.61,2.29,56.6
2006-09-03,29.17,14.68,22.1,0.0,21.39,0.6,1.42,45.86
2006-09-04,32.9,16.54,24.67,0.0,22.68,0.6,2.08,44.87
2006-09-05,34.91,19.07,26.91,0.0,21.75,0.6,4.22,45.21
2006-09-06,31.5,17.93,24.32,0.0,21.8,0.6,3.49,43.27
2006-09-07,30.99,15.19,22.61,0.0,23.0,0.6,3.23,53.22
2006-09-08,31.18,15.23,22.59,0.0,22.74,0.6,3.38,55.05
2006-09-09,31.73,15.22,22.84,0.0,20.72,0.6,4.74,59.21
2006-09-10,25.03,14.79,19.65,0.0,17.79,0.6,7.55,53.99
2006-09-11,26.01,12.74,18.72,0.02,13.61,0.6,6.4,56.24
2006-09-12,26.71,12.87,19.23,0.0,16.97,0.6,5.15,61.9
2006-09-13,26.85,13.87,19.73,0.0,17.72,0.6,5.81,61.48
2006-09-14,27.02,13.93,19.66,0.0,17.84,0.6,5.07,59.08
2006-09-15,28.12,12.56,19.73,0.0,19.46,0.6,3.88,59.73
2006-09-16,27.54,13.84,19.84,0.0,16.15,0.6,4.58,64.73
2006-09-17,28.22,15.14,20.74,0.0,17.6,0.6,5.23,67.32
2006-09-18,22.89,15.04,18.66,7.33,8.97,0.6,2.52,78.25
2006-09-19,27.37,14.09,20.74,0.16,16.89,0.61,1.68,71.48
2006-09-20,26.13,16.78,21.29,5.18,13.33,0.61,1.65,70.46
2006-09-21,23.13,15.55,19.39,8.71,11.12,0.63,3.01,78.94
2006-09-22,23.98,12.48,17.1,8.73,8.55,0.64,3.99,79.93
2006-09-23,21.57,10.72,15.78,6.07,5.19,0.65,4.39,75.16
2006-09-24,21.9,13.92,17.43,4.99,6.91,0.65,4.54,81.74
2006-09-25,25.31,13.02,18.3,0.64,15.83,0.65,3.5,76.54
2006-09-26,25.91,12.92,18.9,0.0,15.95,0.65,2.29,74.09
2006-09-27,21.84,16.2,18.59,3.54,7.83,0.65,4.32,84.54
2006-09-28,21.99,15.81,18.74,32.51,12.04,0.68,2.18,92.76
2006-09-29,20.99,15.66,17.93,28.39,4.65,0.74,2.15,90.89
2006-09-30,23.89,12.75,18.18,0.05,12.6,0.74,1.83,81.34
2006-10-01,23.03,13.01,17.42,0.37,13.86,0.73,2.57,81.94
2006-10-02,23.36,11.1,16.53,0.0,17.53,0.72,2.35,77.86
2006-10-03,24.19,11.42,17.21,0.0,17.08,0.71,2.34,83.28
2006-10-04,25.74,12.31,18.06,0.0,15.1,0.71,3.32,85.05
2006-10-05,26.46,12.4,18.41,0.03,17.7,0.7,3.66,84.14
2006-10-06,23.5,15.09,18.78,0.0,13.77,0.7,1.95,84.97
2006-10-07,23.41,15.33,18.27,0.01,8.1,0.7,3.58,80.64
2006-10-08,20.61,15.59,17.68,1.33,6.99,0.7,5.68,87.59
2006-10-09,19.94,14.5,16.75,7.27,4.42,0.71,6.82,84.08
2006-10-10,21.08,13.19,16.37,5.22,5.65,0.72,6.71,78.75
2006-10-11,21.28,12.88,16.27,0.01,9.74,0.71,6.29,75.78
2006-10-12,21.04,13.4,16.51,0.06,5.49,0.71,6.48,71.82
2006-10-13,19.56,11.32,14.65,0.0,6.8,0.7,5.85,72.34
2006-10-14,18.64,10.98,14.0,0.06,5.55,0.7,6.76,72.35
2006-10-15,17.33,9.69,12.62,0.05,10.04,0.7,4.66,69.54
2006-10-16,16.86,6.46,10.76,0.55,9.47,0.7,4.1,72.03
2006-10-17,14.01,4.16,8.21,0.09,11.79,0.7,6.3,73.23
2006-10-18,13.92,4.8,8.77,0.34,8.56,0.69,7.09,70.5
2006-10-19,16.0,8.71,11.9,4.0,3.83,0.7,4.89,85.81
2006-10-20,19.25,10.38,14.25,0.6,10.24,0.7,1.73,87.77
2006-10-21,19.47,7.96,13.52,0.11,10.41,0.7,3.32,87.15
2006-10-22,21.11,11.96,15.8,12.77,3.33,0.71,2.35,89.39
2006-10-23,22.2,10.9,15.68,0.01,7.16,0.72,2.2,87.54
2006-10-24,22.39,10.75,15.6,0.06,7.0,0.71,3.06,88.96
2006-10-25,23.53,11.87,16.5,0.03,6.6,0.71,3.22,87.9
2006-10-26,20.86,9.76,15.03,0.72,9.88,0.71,2.54,88.2
2006-10-27,19.5,8.02,12.57,0.0,12.58,0.7,2.86,81.57
2006-10-28,19.69,7.86,12.92,0.0,13.05,0.7,1.91,79.36
2006-10-29,18.48,9.72,13.52,0.11,6.27,0.7,2.03,85.46
2006-10-30,15.1,6.05,11.85,11.9,1.54,0.71,5.65,86.51
2006-10-31,8.0,2.66,5.01,7.34,3.68,0.73,10.5,70.51
2006-11-01,10.72,2.18,5.62,1.88,3.86,0.73,4.49,83.9
2006-11-02,16.03,3.15,9.52,3.94,6.32,0.73,3.64,87.81
2006-11-03,3.96,-2.27,1.42,13.04,3.04,0.73,6.61,81.96
2006-11-04,3.32,-4.22,-1.18,0.07,8.76,0.74,4.17,81.57
2006-11-05,6.91,-6.73,-0.15,0.0,11.09,0.74,3.8,77.6
2006-11-06,11.46,-0.06,5.2,0.47,2.72,0.74,3.93,87.23
2006-11-07,13.95,1.59,7.38,0.0,8.06,0.74,3.56,86.7
2006-11-08,16.39,4.16,8.7,0.0,10.38,0.74,3.06,85.82
2006-11-09,17.85,5.21,9.8,0.03,8.54,0.74,3.32,87.65
2006-11-10,13.69,5.23,8.79,0.06,4.79,0.74,3.72,78.87
2006-11-11,11.69,0.5,6.09,0.2,8.97,0.73,4.74,73.57
2006-11-12,11.0,-0.3,4.43,0.0,9.24,0.73,3.35,81.99
2006-11-13,8.68,1.23,5.18,5.72,1.99,0.74,4.18,87.21
2006-11-14,12.73,-2.03,4.78,0.0,10.47,0.74,3.69,78.04
2006-11-15,17.37,3.55,9.05,0.0,10.12,0.74,2.32,73.52
2006-11-16,17.41,4.4,9.21,0.0,10.23,0.74,3.16,87.65
2006-11-17,18.52,6.08,10.96,0.0,8.27,0.73,1.94,80.53
2006-11-18,16.97,4.6,9.82,0.0,8.49,0.73,2.44,85.84
2006-11-19,13.64,4.84,8.61,0.0,6.54,0.73,3.41,87.85
2006-11-20,10.2,4.18,7.05,0.0,2.37,0.73,2.13,88.14
2006-11-21,12.51,5.84,8.43,0.08,6.53,0.73,1.53,87.27
2006-11-22,13.61,4.95,9.52,1.43,5.7,0.73,4.42,95.98
2006-11-23,16.9,10.23,12.56,2.41,4.68,0.73,6.36,89.16
2006-11-24,17.85,8.49,12.17,0.4,8.11,0.74,4.08,88.72
2006-11-25,16.84,7.83,11.54,2.35,7.01,0.74,2.01,88.49
2006-11-26,15.62,5.11,8.88,0.0,8.32,0.74,3.15,90.1
2006-11-27,13.93,3.64,7.25,0.0,6.0,0.74,2.47,86.3
2006-11-28,11.78,5.03,6.99,0.38,3.98,0.73,2.46,94.54
2006-11-29,10.79,6.06,8.28,0.54,2.63,0.73,4.97,89.55
2006-11-30,11.66,4.33,7.79,0.01,4.84,0.73,5.38,84.53
2006-12-01,11.64,3.2,7.11,0.0,2.21,0.73,3.63,86.58
2006-12-02,11.84,2.18,5.94,0.0,4.99,0.73,3.02,88.92
2006-12-03,11.92,1.77,6.41,0.0,6.31,0.73,2.08,82.9
2006-12-04,10.23,1.62,5.11,0.0,6.04,0.73,1.97,87.11
2006-12-05,12.68,1.43,6.81,0.03,5.22,0.73,1.23,80.58
2006-12-06,14.44,4.68,8.37,0.0,7.15,0.73,1.17,79.29
2006-12-07,9.52,2.45,4.88,0.0,6.49,0.73,1.25,93.41
2006-12-08,12.05,2.66,6.7,0.43,4.77,0.73,2.29,94.94
2006-12-09,13.27,4.45,7.89,0.16,5.7,0.73,2.47,92.6
2006-12-10,11.65,4.74,6.92,0.16,3.09,0.73,2.13,95.4
2006-12-11,11.05,5.0,6.96,0.14,4.2,0.73,2.45,92.43
2006-12-12,8.91,5.45,6.77,2.02,1.65,0.73,5.05,92.76
2006-12-13,10.83,3.6,6.66,0.0,4.77,0.73,3.1,86.32
2006-12-14,10.24,1.05,4.54,0.0,8.0,0.73,2.32,81.23
2006-12-15,11.93,1.37,5.94,0.0,8.16,0.73,0.75,70.1
2006-12-16,12.27,2.06,5.64,0.0,8.41,0.73,2.11,81.93
2006-12-17,12.64,2.0,6.81,0.01,5.06,0.73,3.18,94.9
2006-12-18,9.34,5.0,7.42,0.27,4.04,0.73,1.9,96.52
2006-12-19,12.96,8.51,9.89,3.04,3.12,0.73,2.7,97.75
2006-12-20,8.48,2.56,6.28,18.99,2.22,0.75,5.83,94.01
2006-12-21,5.25,-0.03,1.96,1.19,2.41,0.76,5.83,83.96
2006-12-22,4.89,-4.0,-0.67,0.1,5.39,0.76,5.69,81.87
2006-12-23,5.65,-4.64,-1.12,0.0,5.48,0.76,3.41,87.37
2006-12-24,6.17,-3.14,-0.19,0.0,1.99,0.75,3.13,91.04
2006-12-25,5.63,-3.66,-0.28,0.0,4.37,0.75,3.19,90.11
2006-12-26,1.42,-5.56,-1.84,0.4,7.03,0.75,5.77,71.55
2006-12-27,1.48,-6.14,-3.13,0.0,8.56,0.75,2.88,73.35
2006-12-28,4.75,-4.25,-0.91,0.0,8.59,0.75,2.38,79.37
2006-12-29,8.24,-1.94,1.36,0.0,7.56,0.75,3.04,84.41
2006-12-30,5.82,-2.04,0.74,0.0,5.72,0.75,3.42,87.81
2006-12-31,6.36,-1.8,0.92,0.0,8.34,0.75,1.77,86.97
2007-01-01,9.77,-1.31,2.69,0.0,7.77,0.75,3.61,90.39
2007-01-02,13.1,3.44,7.23,0.01,4.62,0.75,5.04,94.38
2007-01-03,10.44,-0.28,6.91,9.34,4.31,0.76,5.24,85.77
2007-01-04,8.57,-2.65,1.8,0.0,7.47,0.76,2.88,82.32
2007-01-05,7.78,-0.59,2.38,0.0,8.53,0.76,1.29,78.49
2007-01-06,9.3,-1.54,2.66,0.0,7.99,0.76,2.47,83.11
2007-01-07,10.65,-1.46,3.15,0.02,8.24,0.76,2.87,89.27
2007-01-08,11.62,2.52,4.96,0.0,7.47,0.76,3.15,91.53
2007-01-09,11.82,3.78,6.84,0.13,6.69,0.76,2.4,92.9
2007-01-10,13.55,2.81,6.43,0.09,5.74,0.76,1.53,85.13
2007-01-11,12.3,0.54,5.25,0.1,6.18,0.76,3.15,94.06
2007-01-12,13.18,4.7,7.75,3.01,5.06,0.75,3.92,90.99
2007-01-13,12.04,2.66,6.32,0.85,8.15,0.76,3.81,81.8
2007-01-14,14.61,1.32,6.26,0.0,9.19,0.76,2.89,85.94
2007-01-15,14.15,2.27,6.78,0.0,8.39,0.76,3.45,84.27
2007-01-16,12.38,-0.71,4.61,0.0,9.4,0.76,3.28,81.07
2007-01-17,12.75,1.75,5.0,0.05,8.58,0.75,3.13,86.69
2007-01-18,13.17,1.48,5.83,0.02,6.74,0.75,2.78,84.23
2007-01-19,13.92,5.77,9.44,2.28,4.82,0.75,6.33,89.81
2007-01-20,13.77,2.24,6.97,0.02,9.36,0.76,4.95,74.76
2007-01-21,15.22,1.13,7.52,0.0,9.99,0.75,5.05,82.61
2007-01-22,17.09,6.74,10.55,0.0,9.76,0.75,3.5,91.19
2007-01-23,16.07,10.31,12.43,0.03,4.05,0.75,7.27,90.59
2007-01-24,16.15,11.51,13.28,0.1,6.12,0.75,11.51,82.61
2007-01-25,17.32,11.99,13.73,1.77,6.25,0.75,9.7,80.63
2007-01-26,15.19,5.46,10.9,24.25,3.07,0.76,5.75,91.8
2007-01-27,9.24,2.57,6.07,19.04,4.14,0.81,3.39,86.31
2007-01-28,4.39,-3.92,0.54,1.28,9.15,0.81,7.05,66.2
2007-01-29,10.56,-4.3,3.04,0.01,10.54,0.8,6.23,70.71
2007-01-30,5.86,-1.83,2.1,0.0,9.89,0.8,4.52,69.52
2007-01-31,8.37,-0.84,3.13,0.0,6.37,0.79,3.3,76.81
2007-02-01,13.57,-0.47,5.95,0.01,9.15,0.79,5.65,81.49
2007-02-02,8.9,-0.38,3.32,0.02,5.44,0.79,4.54,76.72
2007-02-03,4.6,-4.99,-0.32,0.1,11.41,0.79,3.28,66.74
2007-02-04,4.2,-1.46,0.73,1.97,3.97,0.79,3.77,84.73
2007-02-05,5.35,-2.32,0.37,0.09,10.41,0.79,4.25,76.38
2007-02-06,8.87,-3.48,1.55,0.0,12.29,0.79,3.42,80.15
2007-02-07,12.51,0.83,6.09,0.0,6.74,0.79,5.48,90.72
2007-02-08,15.06,6.86,10.16,0.03,6.24,0.79,6.4,90.68
2007-02-09,15.23,7.43,10.52,0.04,7.92,0.79,5.88,90.06
2007-02-10,15.2,7.52,10.6,0.01,8.0,0.78,3.87,88.86
2007-02-11,15.02,6.71,10.32,0.04,7.17,0.78,3.26,90.84
2007-02-12,12.39,6.91,9.84,5.14,5.04,0.79,4.26,94.87
2007-02-13,15.57,6.15,10.89,4.91,7.4,0.79,6.08,89.12
2007-02-14,12.2,4.54,8.51,3.4,7.77,0.8,3.12,90.33
2007-02-15,12.77,4.78,8.12,0.11,6.92,0.8,2.82,86.2
2007-02-16,11.52,4.09,6.74,0.12,5.09,0.79,3.95,86.34
2007-02-17,7.77,2.25,4.18,0.74,5.11,0.79,7.76,84.89
2007-02-18,8.37,-1.07,4.3,0.09,3.57,0.79,6.14,82.54
2007-02-19,7.41,-1.99,2.35,0.0,8.46,0.79,2.92,86.33
2007-02-20,12.18,3.03,6.72,0.0,9.49,0.79,3.37,92.34
2007-02-21,15.44,5.04,8.7,0.02,10.79,0.79,1.95,86.78
2007-02-22,15.02,3.76,8.4,0.0,12.39,0.79,2.97,83.45
2007-02-23,13.68,0.08,5.79,0.0,4.68,0.79,4.42,85.09
2007-02-24,4.39,-2.28,0.46,0.0,5.44,0.78,7.77,73.9
2007-02-25,7.22,-3.3,1.07,0.04,9.27,0.78,5.5,76.96
2007-02-26,8.42,-3.7,1.37,0.08,9.44,0.78,2.76,80.8
2007-02-27,8.71,-2.16,3.53,11.59,11.38,0.78,3.02,86.15
2007-02-28,10.21,0.55,4.42,2.62,7.74,0.8,4.14,81.12
2007-03-01,15.26,-0.11,7.32,0.0,8.62,0.8,5.05,84.69
2007-03-02,16.7,6.23,10.74,0.01,10.37,0.79,5.68,88.3
2007-03-03,16.19,7.24,10.97,0.42,14.79,0.79,4.7,70.83
2007-03-04,17.15,5.91,10.65,0.19,12.31,0.79,5.15,76.59
2007-03-05,11.56,1.82,6.5,0.15,12.97,0.79,3.53,82.05
2007-03-06,12.74,1.4,5.69,0.0,16.23,0.78,1.56,80.84
2007-03-07,13.71,1.6,6.39,0.0,15.81,0.78,3.0,81.0
2007-03-08,13.86,2.53,6.64,0.0,16.4,0.78,4.38,79.75
2007-03-09,12.13,0.75,6.09,0.0,6.93,0.78,4.06,78.49
2007-03-10,11.37,0.32,4.91,0.0,5.12,0.78,4.76,78.96
2007-03-11,9.63,3.17,5.7,0.0,3.6,0.77,5.82,78.92
2007-03-12,14.56,0.41,6.65,0.0,17.71,0.77,3.99,77.14
2007-03-13,10.11,1.91,5.81,0.04,8.01,0.77,5.56,75.56
2007-03-14,9.58,-0.75,4.04,0.3,8.69,0.77,6.65,75.53
2007-03-15,14.24,-2.08,5.66,0.0,18.59,0.77,3.72,68.39
2007-03-16,14.13,0.37,6.65,0.0,15.73,0.76,3.09,70.63
2007-03-17,16.7,0.52,8.02,0.0,18.85,0.76,3.62,78.78
2007-03-18,18.7,3.33,10.62,0.0,14.22,0.76,3.47,76.58
2007-03-19,18.89,6.46,11.65,0.0,18.19,0.76,5.28,80.15
2007-03-20,17.66,7.77,12.91,0.07,12.86,0.75,7.85,80.49
2007-03-21,18.62,9.23,14.04,4.7,13.39,0.75,9.44,80.25
2007-03-22,14.07,8.66,11.95,29.13,2.37,0.78,4.98,92.22
2007-03-23,14.62,8.57,11.64,6.48,6.94,0.81,6.58,79.42
2007-03-24,15.45,6.04,10.52,1.71,13.39,0.8,2.24,76.62
2007-03-25,14.15,3.97,9.24,1.35,12.77,0.8,2.1,80.99
2007-03-26,12.95,1.38,7.29,0.09,13.06,0.79,4.53,77.27
2007-03-27,10.3,-1.97,3.8,0.0,9.9,0.79,4.66,73.41
2007-03-28,11.91,-1.88,4.84,0.0,11.63,0.79,3.99,76.78
2007-03-29,12.66,1.2,6.1,0.0,16.39,0.78,3.39,78.4
2007-03-30,12.2,3.07,7.08,0.06,11.96,0.78,4.44,80.32
2007-03-31,9.58,4.65,6.43,6.73,4.55,0.79,5.21,91.74
2007-04-01,15.75,2.03,8.35,0.39,18.06,0.79,4.32,70.71
2007-04-02,16.29,1.52,9.01,0.0,16.49,0.78,3.51,62.11
2007-04-03,16.46,2.62,9.41,0.0,18.37,0.78,2.37,64.99
2007-04-04,17.49,3.91,11.01,0.82,20.31,0.78,3.44,73.11
2007-04-05,13.48,5.81,9.6,4.39,8.49,0.78,3.51,90.01
2007-04-06,17.16,4.84,10.13,0.02,18.43,0.78,1.86,79.25
2007-04-07,19.74,6.33,13.04,0.0,21.89,0.77,1.81,68.69
2007-04-08,19.92,6.74,13.15,0.0,19.57,0.77,2.7,67.49
2007-04-09,17.81,5.03,11.09,0.0,21.03,0.76,3.13,71.25
2007-04-10,20.47,4.98,12.73,0.0,23.87,0.76,1.55,64.08
2007-04-11,16.85,7.51,11.51,0.64,10.59,0.75,5.49,73.35
2007-04-12,18.19,4.36,11.21,0.0,22.24,0.75,4.06,74.73
2007-04-13,19.76,4.91,12.46,0.0,16.81,0.75,2.55,74.03
2007-04-14,19.61,5.3,12.46,0.0,24.24,0.74,1.66,63.94
2007-04-15,16.75,5.69,11.19,0.38,11.67,0.74,3.66,66.4
2007-04-16,14.91,1.95,8.21,0.06,20.52,0.74,3.72,65.37
2007-04-17,13.9,0.15,7.16,0.0,19.75,0.73,3.49,66.97
2007-04-18,17.1,2.24,9.33,0.0,13.79,0.73,2.61,64.12
2007-04-19,18.26,4.48,10.81,0.0,15.12,0.73,4.31,72.01
2007-04-20,18.43,4.2,10.7,0.0,26.4,0.72,1.87,66.87
2007-04-21,23.46,4.42,14.02,0.0,26.17,0.72,2.9,65.78
2007-04-22,22.34,6.73,13.68,0.02,22.83,0.71,4.16,68.78
2007-04-23,19.23,3.78,11.32,0.0,26.78,0.71,3.07,62.24
2007-04-24,21.01,4.39,12.5,0.0,27.41,0.7,2.02,53.8
2007-04-25,20.19,4.38,11.55,0.0,27.21,0.7,4.47,60.23
2007-04-26,17.85,4.57,10.8,0.0,26.03,0.7,5.44,69.6
2007-04-27,19.1,5.12,11.56,0.0,26.95,0.69,4.95,67.17
2007-04-28,19.65,4.42,11.71,0.0,26.31,0.69,3.6,61.32
2007-04-29,22.5,4.72,14.06,0.0,26.9,0.68,2.05,59.37
2007-04-30,23.98,9.0,16.06,2.35,17.85,0.68,2.91,69.04
2007-05-01,20.63,10.33,15.33,2.49,16.76,0.68,2.4,77.69
2007-05-02,17.84,6.91,13.47,8.88,5.59,0.7,4.13,80.94
2007-05-03,20.69,4.83,12.93,0.0,24.14,0.7,1.63,70.41
2007-05-04,22.86,9.68,15.59,0.0,21.44,0.69,2.71,66.24
2007-05-05,26.41,7.28,16.53,0.0,22.46,0.69,2.88,60.64
2007-05-06,27.67,12.9,19.29,0.0,19.17,0.68,3.13,58.87
2007-05-07,26.86,11.33,17.67,0.02,13.0,0.68,3.14,69.54
2007-05-08,26.31,11.47,18.99,0.01,24.09,0.67,3.04,65.47
2007-05-09,28.55,12.99,21.55,0.0,27.48,0.67,2.37,52.48
2007-05-10,27.92,13.46,20.57,0.0,27.77,0.66,3.64,53.13
2007-05-11,27.75,11.01,18.89,0.0,28.88,0.66,3.16,52.43
2007-05-12,29.63,9.92,19.61,0.0,29.59,0.65,2.3,52.06
2007-05-13,31.15,13.37,21.5,0.0,28.04,0.65,3.34,50.78
2007-05-14,28.12,10.25,18.5,0.0,29.97,0.65,4.68,48.9
2007-05-15,28.78,10.25,18.84,0.0,29.06,0.64,4.72,57.96
2007-05-16,31.1,8.61,19.67,0.0,29.99,0.64,1.9,59.96
2007-05-17,32.11,11.23,21.48,0.0,28.68,0.64,2.87,56.32
2007-05-18,26.96,15.04,20.43,1.06,21.58,0.63,4.61,60.11
2007-05-19,25.41,14.23,19.09,2.59,17.82,0.63,3.81,75.93
2007-05-20,28.63,15.6,20.21,11.08,18.02,0.64,4.91,71.93
2007-05-21,18.91,15.02,16.49,28.04,4.8,0.69,3.61,89.55
2007-05-22,21.09,14.14,17.45,7.08,20.41,0.7,2.34,85.8
2007-05-23,21.47,14.62,17.97,6.49,17.09,0.71,2.14,83.54
2007-05-24,24.56,14.17,19.48,0.3,20.9,0.7,1.69,78.66
2007-05-25,26.69,16.15,21.7,1.42,21.32,0.7,1.13,72.82
2007-05-26,27.33,17.65,22.8,0.16,24.2,0.69,0.87,66.58
2007-05-27,28.12,16.57,21.94,0.01,25.8,0.68,3.45,68.58
2007-05-28,27.77,14.78,20.73,0.0,25.44,0.68,5.11,75.87
2007-05-29,26.68,16.3,21.09,0.0,19.7,0.67,5.53,70.53
2007-05-30,28.14,15.07,21.19,0.01,23.28,0.67,4.06,62.67
2007-05-31,27.34,13.82,20.26,0.61,20.35,0.66,2.65,61.34
2007-06-01,26.73,12.36,20.55,0.0,26.35,0.66,2.14,59.9
2007-06-02,29.88,14.03,22.77,0.0,26.78,0.65,1.6,58.99
2007-06-03,31.41,15.89,23.32,0.0,29.26,0.65,2.64,55.33
2007-06-04,30.61,14.28,22.41,0.0,25.67,0.64,3.71,56.15
2007-06-05,26.8,16.7,21.56,0.93,12.94,0.64,6.32,73.94
2007-06-06,26.17,17.49,20.96,1.74,18.02,0.64,7.05,72.2
2007-06-07,27.0,14.77,20.53,1.76,22.19,0.64,5.25,65.35
2007-06-08,27.77,12.52,19.99,0.0,28.62,0.64,4.38,54.34
2007-06-09,29.3,11.29,20.65,0.0,30.97,0.64,4.62,55.66
2007-06-10,29.92,14.12,21.88,0.01,28.96,0.63,4.16,54.91
2007-06-11,29.75,13.31,22.32,0.0,26.79,0.63,2.28,50.21
2007-06-12,32.69,15.08,24.11,0.55,26.89,0.62,2.84,50.39
2007-06-13,32.22,17.17,25.24,0.88,25.76,0.62,1.62,54.8
2007-06-14,34.36,17.06,25.61,0.58,28.11,0.62,2.07,55.11
2007-06-15,34.0,17.72,25.45,0.06,28.02,0.62,2.85,54.87
2007-06-16,34.38,16.39,25.86,0.0,28.8,0.61,1.41,56.22
2007-06-17,32.14,18.28,25.65,1.91,25.56,0.61,2.06,59.91
2007-06-18,34.49,19.65,27.39,0.03,27.94,0.61,2.75,52.01
2007-06-19,35.53,20.08,28.14,0.29,26.22,0.61,2.69,48.57
2007-06-20,34.93,20.58,27.6,2.2,22.31,0.61,3.62,50.73
2007-06-21,34.06,19.91,26.64,0.01,26.32,0.61,2.59,53.34
2007-06-22,35.37,18.65,27.88,0.09,28.56,0.61,2.16,51.98
2007-06-23,40.05,21.91,30.74,0.0,28.47,0.6,4.67,45.82
2007-06-24,38.54,23.63,30.67,0.46,28.32,0.6,3.86,41.7
2007-06-25,39.24,21.02,30.69,0.0,29.47,0.6,2.22,39.96
2007-06-26,43.44,22.04,33.32,0.03,29.03,0.6,3.0,35.48
2007-06-27,43.29,26.46,34.24,0.38,28.79,0.6,4.97,25.64
2007-06-28,37.8,23.82,30.63,0.0,27.12,0.6,4.58,32.33
2007-06-29,33.26,20.97,26.75,0.0,24.96,0.6,4.92,38.43
2007-06-30,31.61,18.97,24.89,0.0,29.07,0.6,4.63,46.44
2007-07-01,32.03,17.13,24.59,0.01,29.65,0.6,4.51,46.81
2007-07-02,33.25,16.45,24.99,0.0,30.88,0.6,3.92,45.89
2007-07-03,34.85,16.31,25.79,0.0,30.85,0.6,3.43,48.92
2007-07-04,37.04,16.94,27.5,0.0,30.9,0.6,1.79,44.29
2007-07-05,37.3,20.28,27.99,0.01,27.57,0.6,6.38,44.01
2007-07-06,31.89,19.57,24.96,0.19,22.11,0.6,4.18,32.4
2007-07-07,34.68,16.43,26.36,0.0,30.55,0.6,3.51,29.94
2007-07-08,36.5,19.73,28.13,0.0,30.58,0.6,3.23,28.89
2007-07-09,37.67,18.77,28.15,0.0,30.7,0.6,3.87,34.25
2007-07-10,37.72,18.07,28.12,0.0,30.75,0.6,4.09,46.49
2007-07-11,39.19,18.62,29.13,0.0,30.14,0.6,2.35,43.02
2007-07-12,31.7,20.37,25.69,0.08,20.2,0.59,5.06,45.65
2007-07-13,29.42,17.62,23.88,0.0,25.36,0.59,4.87,37.34
2007-07-14,32.31,15.75,24.02,0.0,25.98,0.59,3.66,43.78
2007-07-15,34.52,16.59,26.05,0.0,28.33,0.59,3.88,42.78
2007-07-16,35.46,18.59,26.88,0.0,29.25,0.59,4.51,42.99
2007-07-17,37.96,17.97,28.22,0.0,29.14,0.59,3.86,40.66
2007-07-18,38.55,19.31,29.15,0.0,28.92,0.59,4.22,35.69
2007-07-19,39.33,20.78,30.19,0.0,29.05,0.59,4.55,32.6
2007-07-20,37.13,19.84,28.1,0.0,29.89,0.59,5.29,45.59
2007-07-21,38.53,18.32,28.41,0.0,29.09,0.59,4.19,42.54
2007-07-22,39.97,19.89,30.15,0.0,28.8,0.59,3.45,34.35
2007-07-23,42.27,22.21,32.53,0.0,28.88,0.59,2.73,28.31
2007-07-24,43.77,24.32,34.17,0.0,28.08,0.59,2.4,24.72
2007-07-25,44.85,25.24,35.21,0.0,27.87,0.59,3.44,23.13
2007-07-26,34.23,22.26,28.52,0.0,23.1,0.59,7.13,37.08
2007-07-27,33.8,20.34,26.6,0.0,25.83,0.59,5.68,45.19
2007-07-28,34.62,18.58,26.3,0.0,27.1,0.59,5.16,48.84
2007-07-29,35.01,18.16,26.13,0.0,27.6,0.59,4.62,52.64
2007-07-30,36.88,17.88,27.44,0.0,28.09,0.59,3.33,52.92
2007-07-31,35.39,19.78,27.26,0.0,24.88,0.59,4.39,56.05
2007-08-01,33.83,17.87,25.64,2.02,22.07,0.59,5.83,57.63
2007-08-02,30.24,14.85,22.41,0.77,25.06,0.6,4.85,48.07
2007-08-03,33.59,15.38,24.64,0.0,27.48,0.6,3.75,44.87
2007-08-04,33.19,17.57,24.92,0.0,27.5,0.6,4.09,51.43
2007-08-05,30.39,17.0,23.68,1.4,15.29,0.6,5.66,62.04
2007-08-06,31.61,18.57,25.09,9.6,19.08,0.61,4.06,62.87
2007-08-07,27.87,15.97,21.9,0.67,21.42,0.61,3.85,63.32
2007-08-08,32.71,17.13,25.09,0.01,23.67,0.61,3.04,58.92
2007-08-09,35.09,19.59,27.48,0.0,24.91,0.61,2.53,50.73
2007-08-10,37.23,20.97,28.69,0.0,25.59,0.6,3.69,48.83
2007-08-11,34.75,20.13,27.21,0.0,19.32,0.6,3.59,58.87
2007-08-12,34.49,20.65,27.26,0.62,20.82,0.6,2.94,58.1
2007-08-13,33.46,21.22,26.8,0.13,21.33,0.6,3.85,46.1
2007-08-14,34.48,19.74,27.19,0.0,23.09,0.6,3.57,43.89
2007-08-15,34.88,20.35,27.43,0.0,22.75,0.6,3.98,45.52
2007-08-16,35.04,19.78,27.28,0.0,23.85,0.6,3.56,50.59
2007-08-17,36.53,19.51,27.64,0.0,26.2,0.6,3.39,47.12
2007-08-18,35.49,19.48,27.04,0.0,25.67,0.6,4.5,54.26
2007-08-19,35.08,19.44,27.04,0.0,23.29,0.6,3.99,55.06
2007-08-20,37.14,19.36,28.33,0.0,23.88,0.6,2.4,45.62
2007-08-21,38.08,20.9,29.43,0.0,23.83,0.6,2.38,45.72
2007-08-22,40.05,23.02,31.16,0.0,23.44,0.6,2.05,37.19
2007-08-23,39.18,22.1,29.85,0.0,25.14,0.6,3.74,40.88
2007-08-24,38.62,20.88,29.3,0.0,24.61,0.59,5.24,40.92
2007-08-25,37.86,20.33,28.78,0.0,25.21,0.59,5.58,30.68
2007-08-26,38.41,19.2,28.62,0.84,24.5,0.6,4.2,33.39
2007-08-27,30.81,20.51,24.84,1.92,16.5,0.6,5.01,58.61
2007-08-28,32.42,18.82,25.24,0.19,19.92,0.6,5.19,55.18
2007-08-29,34.42,18.13,26.0,0.0,21.98,0.6,3.67,55.23
2007-08-30,37.72,19.33,28.21,0.0,22.45,0.6,1.56,51.8
2007-08-31,40.44,21.29,30.24,0.0,21.59,0.6,3.64,41.72
2007-09-01,36.01,21.77,27.52,1.43,21.36,0.6,5.09,62.41
2007-09-02,25.99,19.41,22.54,13.7,8.12,0.61,5.28,75.65
2007-09-03,29.26,18.42,23.33,0.29,15.91,0.62,4.16,71.38
2007-09-04,30.85,17.61,24.04,0.0,19.06,0.62,2.74,66.46
2007-09-05,31.62,19.32,24.61,0.02,20.04,0.61,4.47,67.74
2007-09-06,25.66,14.89,20.1,0.34,14.34,0.61,3.5,59.53
2007-09-07,26.66,13.67,19.7,8.96,15.78,0.61,2.89,62.81
2007-09-08,20.58,11.89,15.73,6.27,15.49,0.64,4.01,69.3
2007-09-09,23.81,10.64,17.07,0.0,15.44,0.63,3.03,63.11
2007-09-10,26.68,12.27,19.85,0.0,20.72,0.63,2.58,60.12
2007-09-11,28.96,14.44,21.15,0.0,21.13,0.62,3.05,60.83
2007-09-12,22.98,12.11,17.14,1.9,8.11,0.62,4.02,63.06
2007-09-13,25.88,10.27,17.8,0.0,18.08,0.62,4.3,58.87
2007-09-14,26.37,11.88,18.81,0.0,19.07,0.62,1.74,60.37
2007-09-15,27.66,14.1,20.01,0.0,18.65,0.62,2.41,62.2
2007-09-16,26.96,13.77,19.43,0.0,18.67,0.61,3.91,59.54
2007-09-17,28.05,12.79,19.36,0.0,21.48,0.61,1.86,60.75
2007-09-18,30.36,11.93,20.51,0.0,21.62,0.61,1.68,55.9
2007-09-19,32.64,14.46,23.11,0.37,20.29,0.61,2.35,56.98
2007-09-20,24.08,14.52,18.32,6.34,9.2,0.61,6.61,71.41
2007-09-21,17.76,12.74,14.98,5.39,3.88,0.63,7.44,70.05
2007-09-22,21.48,9.95,15.16,0.28,13.11,0.63,5.8,57.09
2007-09-23,22.94,9.43,14.76,0.0,18.49,0.62,5.13,56.9
2007-09-24,24.14,8.01,15.38,0.0,17.41,0.62,4.53,62.34
2007-09-25,25.57,9.53,17.24,0.0,19.25,0.62,1.84,66.77
2007-09-26,27.64,11.82,18.87,0.0,18.06,0.62,2.6,64.04
2007-09-27,29.9,13.06,20.64,0.0,17.43,0.61,3.08,66.34
2007-09-28,31.11,15.81,22.64,0.0,18.1,0.61,1.97,66.09
2007-09-29,31.38,15.72,22.19,0.0,18.1,0.61,2.29,64.53
2007-09-30,28.61,14.29,20.01,0.0,17.27,0.61,4.16,69.38
2007-10-01,26.03,13.57,18.81,0.0,13.18,0.61,5.55,69.19
2007-10-02,25.85,12.47,18.3,0.0,15.27,0.61,5.23,68.93
2007-10-03,26.59,12.42,18.32,0.0,16.87,0.61,4.23,69.42
2007-10-04,26.46,10.81,17.28,0.0,16.13,0.6,4.1,69.48
2007-10-05,27.13,10.03,17.43,0.0,15.76,0.6,2.99,65.31
2007-10-06,29.18,12.66,20.02,0.0,16.71,0.6,1.7,62.96
2007-10-07,27.85,16.07,20.58,0.64,12.72,0.6,3.2,67.71
2007-10-08,23.33,14.83,18.71,0.42,8.62,0.6,2.96,81.56
2007-10-09,24.7,14.99,19.13,0.02,13.18,0.6,4.33,75.33
2007-10-10,24.36,14.99,18.6,0.0,8.8,0.6,6.28,74.54
2007-10-11,24.66,15.23,18.8,0.0,8.03,0.6,5.72,75.35
2007-10-12,23.76,15.63,18.67,0.17,6.42,0.6,4.04,72.69
2007-10-13,21.14,13.12,16.95,3.18,7.53,0.6,3.01,75.08
2007-10-14,14.56,5.84,9.79,3.04,7.86,0.61,6.0,59.2
2007-10-15,15.93,2.47,8.44,0.01,14.62,0.61,3.5,61.52
2007-10-16,18.18,3.71,10.61,0.0,16.06,0.61,1.19,54.18
2007-10-17,23.58,7.64,14.71,0.0,15.88,0.61,1.29,45.18
2007-10-18,25.42,8.59,16.03,0.0,15.68,0.61,1.51,57.58
2007-10-19,23.81,8.33,15.37,0.0,14.08,0.61,3.67,61.69
2007-10-20,14.03,8.85,11.29,5.48,4.35,0.61,4.8,78.03
2007-10-21,19.63,11.98,14.96,10.77,4.35,0.64,3.68,85.89
2007-10-22,20.0,10.94,14.86,9.95,3.48,0.65,5.79,89.51
2007-10-23,18.84,11.83,14.5,5.49,7.85,0.65,5.09,87.31
2007-10-24,17.36,9.18,12.97,0.22,7.75,0.65,1.27,84.17
2007-10-25,19.57,10.54,14.3,0.13,11.1,0.65,1.56,77.29
2007-10-26,20.75,9.49,13.98,0.0,10.27,0.65,1.78,79.36
2007-10-27,17.82,9.03,12.3,0.0,7.76,0.65,2.48,85.65
2007-10-28,18.45,8.48,13.06,1.4,8.54,0.65,2.81,86.12
2007-10-29,17.67,11.43,14.02,2.23,4.78,0.65,2.24,84.6
2007-10-30,17.89,7.66,12.09,0.66,10.34,0.65,2.51,81.22
2007-10-31,17.75,8.38,13.06,0.04,7.22,0.65,3.03,84.68
2007-11-01,22.79,12.27,16.36,0.04,7.17,0.65,2.99,83.39
2007-11-02,16.39,9.81,12.77,2.34,2.82,0.65,2.86,84.52
2007-11-03,16.97,7.49,11.31,0.0,7.25,0.65,3.29,79.25
2007-11-04,17.37,8.69,12.18,0.32,6.4,0.65,2.29,80.44
2007-11-05,11.47,4.13,8.79,13.26,2.29,0.66,5.25,85.0
2007-11-06,9.28,-0.25,4.09,0.83,6.33,0.67,6.94,67.97
2007-11-07,8.68,-2.3,2.94,0.02,10.63,0.67,3.05,65.87
2007-11-08,11.46,1.09,5.65,0.0,9.4,0.66,3.01,70.27
2007-11-09,15.09,0.67,7.49,0.0,11.35,0.66,3.59,72.93
2007-11-10,16.1,3.3,8.57,31.55,2.28,0.68,8.29,90.57
2007-11-11,11.94,0.93,6.04,0.44,8.03,0.71,6.02,65.21
2007-11-12,17.56,4.01,11.19,12.7,7.97,0.71,7.45,80.69
2007-11-13,9.68,2.38,5.33,1.97,8.67,0.72,2.1,66.56
2007-11-14,10.76,-1.26,4.24,0.95,6.57,0.72,3.35,78.23
2007-11-15,19.44,11.12,15.0,8.31,6.53,0.72,8.27,86.66
2007-11-16,14.65,9.17,12.09,34.86,3.95,0.77,4.69,91.86
2007-11-17,15.34,9.69,12.56,13.44,5.53,0.8,4.47,96.15
2007-11-18,13.2,9.33,11.49,14.04,1.74,0.8,6.15,95.26
2007-11-19,12.46,5.56,10.25,27.53,2.17,0.82,4.91,93.47
2007-11-20,5.71,1.67,3.39,2.93,3.3,0.84,7.67,85.58
2007-11-21,9.29,-1.28,3.29,0.74,5.58,0.83,3.52,85.99
2007-11-22,10.6,1.37,4.76,0.0,8.86,0.83,1.24,90.72
2007-11-23,7.62,2.12,4.23,0.0,8.23,0.82,0.96,94.54
2007-11-24,9.33,1.92,4.58,0.0,5.27,0.82,1.66,94.59
2007-11-25,13.9,4.03,8.71,0.08,5.12,0.82,3.62,94.7
2007-11-26,16.45,8.21,12.87,0.38,3.05,0.82,7.92,94.43
2007-11-27,9.03,-1.39,4.58,3.92,6.48,0.82,3.94,72.25
2007-11-28,6.86,-3.74,0.2,0.0,9.5,0.82,3.79,72.46
2007-11-29,7.63,-3.23,1.15,0.0,9.29,0.82,2.72,77.09
2007-11-30,11.42,-1.46,4.87,0.07,6.4,0.82,4.18,87.15
2007-12-01,9.65,3.1,5.33,0.18,8.77,0.82,3.78,76.8
2007-12-02,11.31,-0.55,4.26,0.0,9.08,0.82,2.3,81.95
2007-12-03,13.95,1.95,7.41,0.01,6.1,0.82,4.53,92.79
2007-12-04,15.71,4.67,10.63,17.77,5.64,0.82,6.18,90.46
2007-12-05,6.51,1.5,3.98,10.09,1.2,0.85,8.4,86.59
2007-12-06,4.3,1.15,2.38,24.39,1.21,0.86,7.4,92.76
2007-12-07,8.55,0.53,3.72,1.93,4.71,0.88,3.65,89.35
2007-12-08,10.36,2.73,7.5,0.15,4.81,0.88,4.56,95.72
2007-12-09,13.8,7.29,9.75,4.05,4.44,0.87,5.19,93.14
2007-12-10,12.83,6.81,9.29,1.73,3.17,0.88,4.02,96.17
2007-12-11,11.89,4.11,7.36,1.1,8.19,0.88,1.73,93.71
2007-12-12,7.91,3.78,5.94,1.73,2.5,0.88,4.57,95.31
2007-12-13,5.29,-0.53,2.05,0.27,3.72,0.88,5.47,86.12
2007-12-14,0.2,-2.54,-1.07,4.14,2.6,0.88,6.33,85.66
2007-12-15,2.31,-2.76,-0.19,3.26,3.42,0.88,6.1,90.55
2007-12-16,5.71,0.43,2.75,0.74,3.25,0.88,3.42,94.97
2007-12-17,2.17,-5.96,-1.47,0.17,3.65,0.88,5.45,88.35
2007-12-18,1.11,-6.84,-3.82,0.0,4.8,0.88,3.86,87.05
2007-12-19,0.77,-5.19,-3.19,0.0,2.66,0.88,3.7,88.66
2007-12-20,1.94,-4.83,-2.32,0.0,2.47,0.88,3.38,89.61
2007-12-21,3.32,-4.99,-1.91,0.0,7.27,0.88,2.67,91.7
2007-12-22,3.46,-4.42,-0.89,0.0,8.35,0.88,1.28,92.72
2007-12-23,3.5,-2.31,0.5,0.0,5.97,0.88,0.82,95.09
2007-12-24,5.0,-1.15,1.09,0.0,6.0,0.88,1.59,95.23
2007-12-25,6.2,-0.23,2.06,0.02,4.25,0.88,2.87,96.32
2007-12-26,7.23,0.06,2.14,0.08,4.78,0.88,2.63,95.26
2007-12-27,7.6,0.42,2.98,0.11,4.13,0.88,3.7,95.66
2007-12-28,6.55,-1.43,2.18,0.0,3.79,0.88,3.86,93.15
2007-12-29,4.5,-2.75,-0.38,0.0,7.64,0.88,3.05,91.9
2007-12-30,7.29,-2.48,0.86,0.0,5.79,0.88,2.74,91.92
2007-12-31,7.82,-1.82,2.18,0.02,4.22,0.88,4.0,91.75
2008-01-01,8.12,0.6,3.47,2.04,5.19,0.88,4.99,88.96
2008-01-02,5.77,-1.79,2.88,6.43,3.42,0.88,3.39,92.36
2008-01-03,-2.03,-5.46,-3.97,1.25,5.74,0.88,6.3,83.69
2008-01-04,-0.75,-7.3,-4.22,0.0,6.73,0.88,5.9,78.84
2008-01-05,-1.23,-11.15,-6.31,0.0,6.88,0.88,3.24,83.14
2008-01-06,2.69,-6.16,-1.58,0.02,4.79,0.88,2.08,91.97
2008-01-07,4.86,-1.74,0.94,1.17,2.58,0.88,2.09,96.39
2008-01-08,4.67,-2.52,0.3,0.0,5.63,0.88,2.09,92.35
2008-01-09,4.91,-1.86,-0.01,0.0,6.52,0.88,2.87,94.75
2008-01-10,5.07,-1.88,0.35,0.0,5.36,0.88,2.79,92.53
2008-01-11,6.07,-1.51,0.71,0.0,6.67,0.88,2.16,91.02
2008-01-12,4.33,-2.5,0.0,0.0,7.49,0.88,1.19,88.56
2008-01-13,5.6,-2.12,0.25,0.02,5.16,0.88,1.8,92.06
2008-01-14,6.29,-1.52,1.53,0.97,7.44,0.88,2.87,90.27
2008-01-15,3.49,-0.18,1.0,7.52,2.13,0.89,3.34,96.3
2008-01-16,6.48,-0.82,1.91,0.04,3.7,0.89,2.05,94.55
2008-01-17,7.03,0.24,3.44,0.19,5.27,0.89,1.52,98.69
2008-01-18,10.78,3.88,5.99,0.0,5.1,0.89,1.84,93.76
2008-01-19,10.51,1.43,4.98,0.0,7.55,0.89,2.79,91.81
2008-01-20,7.02,1.3,3.71,0.0,5.54,0.89,1.78,94.07
2008-01-21,12.3,2.26,5.58,0.02,7.02,0.89,3.31,94.92
2008-01-22,14.46,4.3,8.66,0.05,7.38,0.88,5.32,92.46
2008-01-23,9.25,1.28,6.34,1.1,2.06,0.88,5.13,93.05
2008-01-24,5.67,-3.67,0.85,0.45,8.37,0.88,5.8,79.62
2008-01-25,6.25,-3.75,-0.11,0.0,10.98,0.88,3.05,83.75
2008-01-26,8.35,-2.44,1.58,0.0,10.28,0.88,3.26,84.97
2008-01-27,7.84,-2.88,2.91,0.32,5.23,0.88,4.27,86.49
2008-01-28,4.43,-0.54,2.48,4.79,4.89,0.88,7.62,82.36
2008-01-29,2.96,-4.37,-1.21,0.04,8.06,0.88,6.87,76.27
2008-01-30,5.0,-4.71,-1.25,0.0,10.34,0.88,3.24,79.6
2008-01-31,7.15,-4.0,0.3,0.0,11.67,0.88,3.69,84.17
2008-02-01,9.25,-0.23,3.83,0.0,7.52,0.88,2.88,95.87
2008-02-02,11.19,3.85,6.53,0.0,10.43,0.88,3.84,94.23
2008-02-03,14.22,4.97,8.67,0.0,8.72,0.88,2.06,87.4
2008-02-04,11.92,3.1,6.35,0.0,9.32,0.88,2.11,92.06
2008-02-05,10.53,2.79,5.44,0.0,6.74,0.88,1.77,93.11
2008-02-06,11.22,2.51,5.21,0.0,5.84,0.88,2.75,91.83
2008-02-07,7.48,1.78,4.36,0.06,4.38,0.88,2.72,90.75
2008-02-08,7.45,-0.21,2.94,0.57,3.28,0.87,6.67,87.89
2008-02-09,5.79,-2.21,1.12,0.25,5.47,0.87,7.77,82.75
2008-02-10,3.61,-0.03,1.25,4.7,3.58,0.88,8.4,88.4
2008-02-11,3.91,-2.0,0.54,1.61,2.76,0.88,8.33,84.56
2008-02-12,5.63,-3.41,0.07,0.01,5.55,0.88,7.58,83.76
2008-02-13,3.28,-4.28,-1.61,0.05,8.96,0.88,4.87,84.47
2008-02-14,6.13,-4.28,0.48,0.0,9.61,0.87,2.41,80.33
2008-02-15,5.89,-0.4,1.97,0.02,8.29,0.87,2.55,85.49
2008-02-16,0.07,-4.03,-1.5,0.48,5.36,0.87,7.09,71.97
2008-02-17,-1.69,-6.62,-4.11,0.1,7.31,0.87,11.25,65.65
2008-02-18,1.04,-10.63,-4.37,0.08,13.68,0.87,4.16,66.59
2008-02-19,8.14,-7.11,-0.24,0.0,10.65,0.87,3.93,81.31
2008-02-20,10.79,-1.12,3.58,0.0,14.21,0.87,3.2,87.77
2008-02-21,14.05,1.95,5.82,0.0,11.15,0.87,3.19,92.41
2008-02-22,15.03,2.64,6.83,0.0,13.24,0.86,2.68,87.63
2008-02-23,16.57,3.23,8.92,0.0,13.82,0.86,3.11,78.74
2008-02-24,12.85,1.37,6.7,0.0,13.23,0.86,2.95,77.57
2008-02-25,14.18,1.62,6.5,0.0,16.19,0.86,1.63,76.47
2008-02-26,18.21,1.49,8.62,0.0,15.74,0.85,2.67,83.23
2008-02-27,17.34,3.03,9.48,0.0,13.91,0.85,3.51,82.56
2008-02-28,14.49,7.64,10.72,1.41,7.44,0.85,4.08,92.77
2008-02-29,16.45,2.79,9.28,0.15,14.58,0.85,2.75,76.06
2008-03-01,16.41,4.03,9.79,0.14,13.32,0.85,6.95,87.59
2008-03-02,15.15,7.34,10.51,4.01,15.48,0.85,6.54,70.45
2008-03-03,18.46,6.36,11.53,0.0,15.59,0.85,5.03,73.41
2008-03-04,19.63,6.94,12.71,0.0,17.45,0.84,6.61,86.36
2008-03-05,17.82,9.37,13.46,0.01,6.64,0.84,6.43,88.82
2008-03-06,12.03,5.85,9.1,0.08,7.24,0.84,3.9,91.7
2008-03-07,14.3,5.22,8.31,0.04,7.1,0.84,5.73,87.13
2008-03-08,16.83,4.95,9.82,0.32,17.09,0.84,4.13,79.91
2008-03-09,15.35,2.68,8.61,0.04,17.34,0.83,3.7,82.37
2008-03-10,14.75,3.74,8.61,1.23,14.19,0.83,3.28,84.95
2008-03-11,15.48,5.91,9.99,0.01,12.35,0.83,5.71,85.58
2008-03-12,14.56,6.54,10.44,2.42,12.34,0.83,2.62,87.51
2008-03-13,15.86,4.8,9.5,2.9,10.54,0.83,4.77,86.62
2008-03-14,13.22,2.56,7.71,0.69,14.55,0.83,4.81,68.4
2008-03-15,17.55,2.94,10.61,0.0,17.14,0.83,6.09,78.63
2008-03-16,18.21,3.4,11.13,0.0,14.43,0.83,4.67,78.03
2008-03-17,17.92,9.47,12.83,0.0,10.74,0.82,7.35,84.79
2008-03-18,17.17,9.03,12.71,0.65,10.99,0.82,3.53,83.73
2008-03-19,13.81,4.23,9.12,6.17,7.17,0.82,3.43,84.7
2008-03-20,10.06,2.8,6.47,1.35,8.31,0.83,2.57,84.76
2008-03-21,10.22,3.86,7.26,6.28,5.76,0.83,3.15,87.75
2008-03-22,16.36,4.0,9.95,0.02,16.75,0.83,5.77,79.76
2008-03-23,15.85,8.96,11.65,0.43,3.32,0.83,3.73,94.25
2008-03-24,19.52,9.09,14.3,0.77,14.21,0.83,7.97,79.59
2008-03-25,11.83,6.22,8.99,5.36,9.54,0.83,5.77,77.9
2008-03-26,11.82,0.7,5.96,0.07,20.31,0.83,4.72,60.22
2008-03-27,15.55,-0.6,7.49,0.0,22.36,0.82,4.44,68.81
2008-03-28,14.59,4.19,8.07,0.07,12.13,0.82,5.73,78.2
2008-03-29,14.86,3.12,7.77,0.0,16.28,0.82,5.65,75.42
2008-03-30,14.33,1.47,7.62,0.0,14.74,0.81,4.91,74.87
2008-03-31,14.75,1.82,7.73,0.0,18.63,0.81,3.96,69.89
2008-04-01,12.57,3.83,8.05,0.06,8.65,0.81,1.51,78.56
2008-04-02,15.44,5.48,10.52,0.03,14.56,0.8,2.63,78.55
2008-04-03,15.67,6.34,11.41,0.31,12.0,0.8,1.47,77.26
2008-04-04,13.36,6.74,10.07,1.82,10.4,0.8,1.97,83.06
2008-04-05,16.33,6.25,10.58,3.69,13.86,0.8,2.65,83.92
2008-04-06,14.51,7.59,11.09,10.16,5.76,0.82,5.61,88.74
2008-04-07,18.61,6.91,11.24,1.61,9.14,0.82,5.18,76.02
2008-04-08,22.31,6.24,13.55,0.0,23.96,0.81,3.68,78.44
2008-04-09,15.86,7.82,11.74,1.18,6.23,0.81,3.55,91.13
2008-04-10,19.54,6.85,13.51,0.0,19.77,0.8,4.47,83.79
2008-04-11,21.99,10.8,15.59,0.01,10.05,0.8,5.4,84.95
2008-04-12,22.13,11.76,16.46,0.0,15.99,0.79,5.58,82.88
2008-04-13,20.83,12.96,16.98,0.0,13.49,0.79,3.22,84.47
2008-04-14,19.06,9.78,14.61,0.0,7.85,0.79,3.84,84.7
2008-04-15,20.19,8.43,13.33,0.11,19.57,0.79,4.67,78.44
2008-04-16,17.15,7.12,12.26,0.55,16.38,0.78,4.13,76.41
2008-04-17,19.26,7.81,12.52,0.0,17.7,0.78,3.56,67.79
2008-04-18,18.84,7.88,13.14,0.0,20.56,0.77,4.78,81.95
2008-04-19,22.09,7.92,14.78,0.0,18.89,0.77,4.76,80.84
2008-04-20,23.98,11.78,17.14,0.0,24.57,0.77,4.09,75.82
2008-04-21,25.14,10.43,17.46,0.0,24.68,0.76,3.52,78.23
2008-04-22,24.55,12.27,18.1,0.0,16.77,0.75,5.4,80.57
2008-04-23,23.21,10.76,16.51,0.0,26.18,0.75,3.45,69.4
2008-04-24,17.01,7.24,12.38,1.04,15.43,0.74,4.23,80.41
2008-04-25,17.3,5.54,10.69,0.02,22.21,0.74,5.18,71.87
2008-04-26,14.87,5.19,10.33,1.09,5.7,0.74,7.11,77.19
2008-04-27,15.95,7.85,11.59,4.35,4.69,0.74,4.58,81.46
2008-04-28,14.37,5.85,10.55,1.59,11.51,0.74,4.06,83.91
2008-04-29,18.01,7.76,12.83,2.66,18.39,0.74,3.9,76.58
2008-04-30,19.9,7.74,13.94,0.0,21.68,0.74,4.22,76.99
2008-05-01,22.28,7.26,14.87,0.0,26.04,0.73,3.59,74.7
2008-05-02,23.48,8.5,16.05,2.41,20.78,0.73,3.07,76.84
2008-05-03,19.71,8.96,14.19,4.13,19.43,0.73,3.44,78.67
2008-05-04,17.94,9.34,12.98,6.39,9.58,0.74,3.65,84.24
2008-05-05,17.98,6.88,12.65,1.91,18.5,0.74,4.03,79.19
2008-05-06,18.71,5.05,11.79,0.0,27.1,0.73,3.38,66.93
2008-05-07,15.46,7.64,11.34,0.36,12.42,0.73,3.01,71.86
2008-05-08,19.26,6.59,13.04,0.2,23.17,0.73,3.01,71.38
2008-05-09,18.23,7.3,13.03,1.99,16.32,0.72,2.48,75.04
2008-05-10,17.89,7.89,12.9,0.08,22.64,0.72,2.38,69.57
2008-05-11,18.61,6.13,12.69,0.0,24.91,0.72,3.16,67.27
2008-05-12,20.33,6.93,13.38,0.01,26.5,0.71,2.12,69.52
2008-05-13,22.51,8.1,15.28,0.0,26.52,0.71,1.74,65.98
2008-05-14,20.77,9.33,14.92,0.05,21.7,0.7,2.92,61.31
2008-05-15,23.65,7.79,15.75,0.03,26.24,0.7,3.03,65.07
2008-05-16,25.08,9.51,17.43,0.0,28.63,0.69,2.01,66.46
2008-05-17,27.48,12.23,19.46,0.0,28.79,0.68,2.44,57.42
2008-05-18,28.77,13.71,20.79,0.0,28.39,0.68,2.53,55.25
2008-05-19,29.94,12.84,21.06,0.0,28.36,0.67,3.13,55.07
2008-05-20,30.17,14.37,21.27,0.0,22.96,0.67,4.31,63.27
2008-05-21,31.97,16.36,23.79,0.1,24.34,0.66,3.66,59.89
2008-05-22,28.25,15.5,21.96,2.24,26.02,0.66,3.96,64.21
2008-05-23,27.68,13.03,20.49,0.12,27.54,0.66,3.16,64.83
2008-05-24,26.41,13.86,20.94,0.46,22.74,0.65,1.78,61.83
2008-05-25,28.71,14.18,22.41,0.02,25.12,0.65,2.33,55.81
2008-05-26,28.06,15.81,21.98,5.93,21.85,0.65,3.49,60.66
2008-05-27,28.69,13.51,21.5,0.0,27.39,0.65,2.6,64.78
2008-05-28,34.38,15.36,25.13,0.0,28.76,0.65,3.18,56.91
2008-05-29,24.19,12.25,19.38,0.0,24.8,0.64,5.75,52.2
2008-05-30,27.32,10.15,18.76,0.0,30.2,0.64,3.76,60.15
2008-05-31,29.85,11.97,21.05,0.0,27.93,0.64,2.03,62.07
2008-06-01,28.98,14.45,21.5,0.78,23.38,0.63,2.32,61.36
2008-06-02,26.94,12.6,19.73,0.68,27.54,0.63,4.74,58.36
2008-06-03,24.48,10.45,17.21,0.0,26.71,0.63,4.7,59.12
2008-06-04,28.15,8.56,18.73,0.0,30.59,0.63,2.11,55.65
2008-06-05,30.44,12.56,21.71,0.15,26.02,0.63,2.01,61.09
2008-06-06,23.0,16.12,19.25,13.62,17.31,0.63,2.02,82.04
2008-06-07,22.44,15.55,18.79,1.35,15.38,0.65,2.3,79.63
2008-06-08,24.09,13.73,19.34,4.68,13.2,0.65,2.05,72.67
2008-06-09,23.34,14.02,18.75,4.22,18.26,0.66,3.47,74.16
2008-06-10,28.04,12.07,20.71,0.04,27.96,0.65,3.8,58.14
2008-06-11,29.94,14.1,22.68,0.0,27.52,0.65,2.36,55.92
2008-06-12,31.83,15.8,23.61,0.37,29.41,0.64,3.19,52.67
2008-06-13,30.85,16.82,23.36,0.27,23.06,0.64,4.01,54.59
2008-06-14,29.88,16.68,23.52,0.2,26.71,0.63,2.26,59.5
2008-06-15,23.87,15.77,20.09,11.54,17.25,0.64,2.71,75.61
2008-06-16,29.22,13.75,22.21,0.1,27.93,0.65,1.87,61.12
2008-06-17,32.12,17.48,25.4,0.1,28.71,0.64,1.65,52.64
2008-06-18,36.16,18.23,27.73,0.38,29.04,0.64,1.98,51.71
2008-06-19,36.25,21.58,28.43,0.01,26.29,0.63,3.0,48.75
2008-06-20,32.52,20.04,25.9,0.07,25.17,0.62,3.76,54.65
2008-06-21,31.74,17.77,24.78,0.0,26.94,0.62,4.17,60.15
2008-06-22,33.2,17.52,25.34,0.0,29.8,0.62,4.29,56.48
2008-06-23,34.13,17.3,25.91,0.0,29.94,0.61,3.62,54.89
2008-06-24,36.72,18.95,27.92,0.0,30.55,0.61,2.04,47.48
2008-06-25,37.72,20.32,28.82,0.0,28.46,0.61,3.07,45.64
2008-06-26,35.22,20.25,27.4,0.0,29.97,0.61,4.96,49.1
2008-06-27,35.05,18.24,26.61,0.0,30.32,0.6,4.93,48.3
2008-06-28,36.38,18.68,27.32,0.6,30.04,0.6,4.03,52.6
2008-06-29,33.41,19.52,26.24,0.05,24.59,0.6,4.41,53.0
2008-06-30,34.31,18.14,26.14,0.0,30.61,0.6,3.58,51.41
2008-07-01,34.68,17.33,26.49,0.0,30.41,0.6,3.71,46.61
2008-07-02,35.41,18.41,26.96,0.08,27.58,0.6,3.63,52.09
2008-07-03,32.77,19.57,26.08,0.0,27.4,0.6,3.59,50.3
2008-07-04,34.51,17.33,26.63,0.01,30.06,0.6,1.31,43.66
2008-07-05,36.21,22.03,29.25,0.01,27.62,0.6,3.89,37.53
2008-07-06,33.4,20.58,26.74,0.26,29.09,0.6,4.46,36.8
2008-07-07,35.0,18.23,26.83,0.0,30.43,0.6,1.9,37.82
2008-07-08,38.35,18.37,28.9,0.0,29.65,0.6,3.09,40.91
2008-07-09,32.99,20.9,27.57,0.57,23.8,0.6,4.26,44.86
2008-07-10,33.42,17.51,25.88,0.0,28.88,0.6,3.54,38.17
2008-07-11,33.2,17.59,25.23,0.0,28.02,0.6,3.93,48.24
2008-07-12,31.42,16.48,24.09,0.0,30.58,0.6,5.42,48.59
2008-07-13,33.23,16.57,24.89,0.0,29.9,0.6,4.87,55.7
2008-07-14,36.15,16.32,26.54,0.0,30.39,0.6,3.03,50.17
2008-07-15,39.05,18.9,28.38,0.26,28.21,0.6,4.75,46.15
2008-07-16,29.75,18.07,22.9,2.84,18.77,0.6,5.54,51.69
2008-07-17,31.71,16.16,24.51,0.0,24.94,0.6,3.54,47.46
2008-07-18,35.52,18.73,27.28,0.0,29.31,0.6,1.9,39.87
2008-07-19,37.46,19.32,28.5,0.0,28.67,0.6,2.45,39.1
2008-07-20,37.49,20.31,28.69,0.0,27.91,0.6,3.6,43.88
2008-07-21,36.9,19.43,27.97,0.0,29.64,0.6,4.5,52.5
2008-07-22,35.85,19.3,27.3,0.0,29.36,0.6,4.24,50.09
2008-07-23,34.87,19.1,26.54,4.04,24.13,0.6,3.99,56.94
2008-07-24,29.49,16.4,22.58,3.31,17.53,0.61,3.6,55.58
2008-07-25,29.53,15.6,22.76,0.46,24.44,0.61,2.37,53.09
2008-07-26,30.42,17.87,23.46,4.46,18.39,0.61,2.57,55.51
2008-07-27,31.06,16.49,24.24,0.03,24.21,0.61,2.15,56.44
2008-07-28,30.19,17.99,23.79,2.25,21.21,0.61,4.32,65.6
2008-07-29,31.91,17.78,24.44,0.01,26.66,0.61,4.89,56.26
2008-07-30,32.67,17.04,24.62,0.0,27.69,0.61,5.07,56.09
2008-07-31,32.23,18.31,24.91,0.0,27.8,0.6,6.27,58.94
2008-08-01,31.37,17.6,24.19,0.0,27.55,0.6,6.25,53.25
2008-08-02,31.36,17.17,23.9,0.0,26.24,0.6,6.1,51.62
2008-08-03,31.6,16.83,23.75,0.0,27.71,0.6,5.44,48.02
2008-08-04,34.15,15.1,24.6,0.0,28.15,0.6,4.06,47.47
2008-08-05,37.39,16.34,26.9,0.0,27.97,0.6,2.42,48.91
2008-08-06,37.26,20.27,28.13,0.0,25.81,0.6,4.45,47.47
2008-08-07,33.31,19.76,25.79,0.0,27.16,0.6,5.34,53.31
2008-08-08,32.58,17.92,24.64,0.0,27.18,0.6,4.69,54.66
2008-08-09,35.75,17.7,26.73,0.0,26.73,0.6,2.52,51.73
2008-08-10,30.5,20.41,24.81,4.2,16.07,0.6,3.74,58.28
2008-08-11,29.56,18.36,23.61,4.0,15.95,0.61,4.82,64.72
2008-08-12,34.19,18.5,25.89,0.0,24.99,0.61,3.38,56.32
2008-08-13,36.0,18.39,26.89,0.0,25.61,0.6,4.05,51.38
2008-08-14,36.78,19.25,27.77,0.0,25.92,0.6,4.81,48.81
2008-08-15,37.31,19.86,28.09,0.0,26.04,0.6,5.03,38.4
2008-08-16,38.58,19.42,28.9,0.0,25.9,0.6,2.99,33.83
2008-08-17,40.48,21.19,30.55,0.0,25.46,0.6,2.87,32.78
2008-08-18,39.89,22.21,31.25,0.07,24.67,0.6,1.74,32.92
2008-08-19,34.48,22.42,27.77,0.0,23.49,0.6,5.96,49.39
2008-08-20,35.16,19.48,26.8,0.0,24.71,0.6,4.67,52.38
2008-08-21,36.26,18.61,27.06,0.0,24.68,0.6,4.5,56.37
2008-08-22,35.91,20.95,28.12,0.0,23.01,0.6,5.47,50.67
2008-08-23,37.44,21.78,29.12,0.0,23.32,0.6,4.61,47.73
2008-08-24,38.53,20.38,29.7,0.0,23.4,0.6,2.22,44.94
2008-08-25,33.64,21.11,27.43,0.0,21.82,0.59,5.66,43.17
2008-08-26,33.5,19.72,25.79,0.0,22.64,0.59,5.85,53.24
2008-08-27,31.9,19.38,24.86,0.0,22.95,0.59,6.51,52.7
2008-08-28,31.33,17.8,24.23,0.0,20.74,0.59,5.85,56.1
2008-08-29,34.34,18.27,26.11,0.0,17.55,0.59,3.09,53.38
2008-08-30,34.19,19.82,27.14,0.0,20.79,0.59,3.28,48.25
2008-08-31,28.47,17.13,22.81,0.0,18.3,0.59,6.76,51.79
2008-09-01,28.0,14.53,21.01,0.0,21.08,0.59,5.85,50.86
2008-09-02,30.55,16.87,22.99,0.0,16.82,0.59,4.93,55.54
2008-09-03,31.62,16.08,23.35,0.0,20.98,0.59,3.51,56.8
2008-09-04,32.98,16.4,24.22,0.0,22.21,0.59,2.68,52.96
2008-09-05,34.41,17.11,24.85,0.0,22.8,0.59,2.32,53.52
2008-09-06,35.45,16.26,25.05,0.0,23.04,0.59,3.47,54.57
2008-09-07,33.09,16.58,24.14,0.0,22.27,0.59,4.21,57.14
2008-09-08,34.08,17.69,25.1,0.0,22.27,0.59,3.88,59.25
2008-09-09,34.56,17.11,25.35,0.0,21.37,0.59,3.3,55.4
2008-09-10,31.75,18.46,24.49,0.02,17.85,0.59,4.44,50.19
2008-09-11,30.91,16.24,23.24,0.0,21.54,0.59,1.76,49.12
2008-09-12,34.36,16.39,25.24,0.0,20.78,0.59,2.85,48.98
2008-09-13,29.94,20.68,25.05,0.54,15.11,0.59,2.87,51.07
2008-09-14,29.48,17.16,22.46,2.26,11.44,0.6,5.44,62.74
2008-09-15,29.69,17.49,23.22,0.45,14.86,0.6,4.35,62.02
2008-09-16,32.08,18.23,24.38,0.59,15.08,0.6,3.54,56.3
2008-09-17,23.69,13.25,18.29,12.35,8.32,0.61,4.52,74.31
2008-09-18,20.86,9.79,14.71,0.49,15.05,0.62,4.89,66.15
2008-09-19,20.16,7.72,14.01,0.05,14.8,0.62,2.79,63.65
2008-09-20,20.71,11.67,15.38,0.65,9.91,0.62,4.01,60.74
2008-09-21,17.97,10.31,13.41,4.62,7.8,0.62,5.61,74.17
2008-09-22,22.54,8.37,15.4,0.16,13.94,0.62,1.96,67.6
2008-09-23,18.42,11.23,14.48,4.15,11.01,0.62,1.66,81.76
2008-09-24,22.77,8.94,15.58,0.11,14.84,0.63,2.24,69.98
2008-09-25,20.61,13.13,16.56,13.71,5.21,0.63,4.53,81.5
2008-09-26,17.93,10.93,15.02,14.82,4.57,0.66,7.71,84.1
2008-09-27,17.43,9.9,13.01,6.01,5.11,0.67,6.63,76.41
2008-09-28,19.95,7.18,13.16,1.43,12.7,0.67,4.65,73.23
2008-09-29,18.74,9.79,13.58,1.57,9.6,0.67,3.55,72.66
2008-09-30,21.46,7.05,13.62,0.0,16.78,0.66,2.59,66.57
2008-10-01,23.12,8.98,15.47,0.0,13.78,0.66,4.04,76.21
2008-10-02,25.42,10.93,17.99,0.03,15.28,0.66,3.74,77.36
2008-10-03,22.93,16.21,19.13,6.17,8.6,0.66,4.14,89.62
2008-10-04,26.0,14.55,19.25,0.63,12.9,0.66,4.43,79.15
2008-10-05,21.49,11.02,17.2,8.1,9.56,0.67,6.34,69.36
2008-10-06,21.48,7.83,13.9,0.01,12.37,0.67,4.44,51.74
2008-10-07,23.26,7.86,15.52,0.0,14.05,0.67,2.83,65.49
2008-10-08,22.65,11.63,16.98,0.87,11.96,0.66,1.45,67.32
2008-10-09,20.91,10.71,14.98,0.72,10.65,0.66,3.54,80.59
2008-10-10,20.97,9.38,14.0,0.58,11.07,0.66,4.16,75.67
2008-10-11,21.04,7.74,13.45,0.0,16.19,0.66,4.68,70.99
2008-10-12,20.84,8.91,13.64,0.0,13.03,0.66,4.84,77.29
2008-10-13,22.12,8.97,14.27,0.0,15.01,0.66,3.71,77.01
2008-10-14,22.64,9.13,14.86,0.0,13.05,0.65,2.94,81.79
2008-10-15,20.43,10.96,14.9,0.02,8.64,0.65,2.43,79.11
2008-10-16,23.14,10.39,16.22,0.0,13.22,0.65,1.72,73.79
2008-10-17,24.45,10.41,16.57,0.0,13.8,0.65,4.49,81.01
2008-10-18,18.56,11.11,14.12,0.0,3.58,0.65,4.55,78.6
2008-10-19,21.29,10.29,14.78,0.0,6.79,0.65,3.33,75.86
2008-10-20,22.56,10.44,14.96,0.0,12.9,0.65,2.72,76.07
2008-10-21,20.7,8.89,13.38,0.0,11.78,0.65,4.07,76.88
2008-10-22,20.34,8.29,13.46,0.01,11.05,0.65,4.59,81.32
2008-10-23,19.63,7.75,12.5,0.0,10.03,0.64,3.71,77.63
2008-10-24,18.18,6.62,11.19,0.03,10.1,0.64,4.07,78.51
2008-10-25,16.15,6.07,10.37,2.56,7.74,0.64,5.3,77.4
2008-10-26,14.78,6.41,10.15,10.34,5.34,0.66,6.66,82.11
2008-10-27,17.24,7.42,11.57,0.09,10.04,0.66,3.87,81.74
2008-10-28,18.88,7.14,12.1,0.0,12.82,0.66,1.42,75.58
2008-10-29,19.43,6.19,11.98,0.0,12.85,0.66,2.95,77.73
2008-10-30,21.8,8.71,14.24,0.0,11.49,0.66,4.46,85.63
2008-10-31,25.52,12.53,17.93,0.0,11.26,0.65,2.91,80.02
2008-11-01,24.73,13.08,17.48,0.0,10.18,0.65,2.34,81.03
2008-11-02,25.53,12.48,17.85,0.0,10.78,0.65,2.33,73.71
2008-11-03,22.79,11.22,16.02,0.0,9.27,0.65,3.15,82.8
2008-11-04,21.11,9.69,13.96,0.0,9.95,0.65,2.72,83.59
2008-11-05,19.92,8.36,13.24,0.0,8.48,0.65,1.68,78.06
2008-11-06,18.45,9.41,12.79,0.02,5.41,0.65,1.39,87.35
2008-11-07,19.44,9.68,13.49,0.0,4.58,0.65,5.24,84.33
2008-11-08,15.57,9.17,11.75,0.0,6.63,0.65,5.87,71.25
2008-11-09,16.18,9.98,12.0,0.0,4.13,0.64,5.88,70.61
2008-11-10,15.62,9.69,12.0,0.0,5.37,0.64,5.66,70.7
2008-11-11,16.41,8.31,11.59,0.0,7.92,0.64,5.18,76.96
2008-11-12,16.03,5.53,9.29,0.0,5.33,0.64,3.0,76.37
2008-11-13,15.83,4.87,8.31,0.02,10.33,0.64,2.66,78.86
2008-11-14,15.27,5.32,9.3,0.0,8.84,0.64,2.88,81.87
2008-11-15,15.52,3.98,8.33,0.0,7.5,0.64,3.09,83.45
2008-11-16,14.71,5.81,9.3,0.0,9.15,0.64,1.56,80.11
2008-11-17,16.33,3.85,9.57,0.04,8.25,0.64,2.79,77.86
2008-11-18,11.41,5.59,7.64,1.12,3.23,0.64,6.38,81.31
2008-11-19,12.4,7.62,9.57,3.09,2.84,0.64,4.67,86.62
2008-11-20,13.3,3.68,7.69,0.68,6.32,0.65,3.45,83.28
2008-11-21,17.3,4.82,10.5,0.0,7.25,0.65,5.45,80.96
2008-11-22,18.59,1.84,11.81,14.52,3.75,0.65,10.87,77.79
2008-11-23,8.4,-2.21,3.19,0.73,9.98,0.67,2.33,60.02
2008-11-24,10.28,-2.36,3.43,0.34,6.98,0.67,3.25,85.96
2008-11-25,18.88,3.37,12.6,0.27,8.1,0.66,6.43,88.04
2008-11-26,20.44,6.01,13.81,2.55,6.94,0.66,6.07,82.5
2008-11-27,8.93,-1.61,3.73,2.86,6.74,0.67,4.45,74.83
2008-11-28,9.27,-3.58,1.83,0.0,7.46,0.67,2.86,82.7
2008-11-29,10.17,1.2,5.93,1.54,2.65,0.67,3.2,89.66
2008-11-30,14.08,4.02,7.54,0.02,5.0,0.67,2.7,94.01
2008-12-01,17.27,7.82,11.12,0.05,6.97,0.67,4.41,89.15
2008-12-02,18.24,7.99,12.35,0.08,4.69,0.67,4.12,93.01
2008-12-03,19.89,10.31,14.17,0.1,7.72,0.67,4.57,87.18
2008-12-04,20.05,9.42,13.85,0.02,6.52,0.67,4.78,76.11
2008-12-05,19.06,9.71,14.14,0.0,5.6,0.66,6.04,86.22
2008-12-06,17.67,8.97,12.52,0.25,3.67,0.66,4.33,92.29
2008-12-07,16.03,4.65,12.06,13.35,1.59,0.68,4.25,86.15
2008-12-08,10.32,0.55,4.76,0.16,6.93,0.69,4.27,77.05
2008-12-09,8.21,0.16,3.49,0.07,7.0,0.68,2.74,76.93
2008-12-10,9.81,-2.52,2.68,0.0,8.4,0.68,3.22,76.64
2008-12-11,11.22,-0.03,3.99,0.0,8.77,0.68,3.65,77.07
2008-12-12,11.11,0.61,5.82,1.85,4.69,0.68,5.25,78.66
2008-12-13,13.47,5.51,8.55,1.33,3.5,0.68,2.7,90.44
2008-12-14,12.71,6.58,9.04,0.12,5.2,0.68,3.25,92.04
2008-12-15,11.67,7.04,8.87,0.08,5.09,0.68,5.57,86.96
2008-12-16,11.92,4.08,7.27,0.0,4.12,0.68,3.41,83.96
2008-12-17,11.4,4.94,7.45,0.15,5.78,0.68,2.52,91.59
2008-12-18,13.66,7.56,10.3,4.17,2.31,0.68,4.61,94.17
2008-12-19,14.96,6.2,9.61,3.41,5.43,0.69,3.33,93.61
2008-12-20,9.1,1.32,5.94,0.52,2.59,0.69,4.29,84.76
2008-12-21,7.89,1.07,3.71,1.42,2.95,0.69,3.48,83.54
2008-12-22,6.84,-1.26,2.58,0.96,3.31,0.69,6.5,83.92
2008-12-23,8.35,-2.71,1.51,0.74,4.58,0.69,3.31,87.29
2008-12-24,5.88,-2.5,1.67,0.81,6.56,0.69,6.55,71.32
2008-12-25,5.13,-4.84,-0.26,0.4,8.0,0.69,2.99,75.1
2008-12-26,1.83,-5.01,-0.67,3.15,1.96,0.69,3.1,88.68
2008-12-27,1.91,-4.96,-2.37,0.01,5.19,0.69,4.43,78.91
2008-12-28,3.64,-4.05,-1.38,0.26,4.52,0.69,7.6,82.26
2008-12-29,0.65,-5.23,-2.97,0.05,4.09,0.69,6.1,73.01
2008-12-30,0.15,-6.11,-3.63,0.03,6.68,0.69,5.81,76.95
2008-12-31,2.05,-5.91,-2.94,0.0,4.01,0.69,3.77,82.1
2009-01-01,5.01,-7.07,-1.75,0.0,8.83,0.69,2.9,91.49
2009-01-02,2.57,-4.31,0.12,5.98,1.75,0.69,2.94,94.42
2009-01-03,1.29,-5.64,-2.5,3.63,2.01,0.69,4.86,83.8
2009-01-04,1.93,-1.79,-0.06,9.84,2.48,0.7,4.06,94.5
2009-01-05,0.68,-3.14,-1.07,5.29,2.42,0.7,4.7,91.24
2009-01-06,2.2,-1.62,0.44,3.56,3.44,0.71,5.75,95.7
2009-01-07,4.35,-4.46,-0.47,0.96,4.71,0.72,2.58,90.21
2009-01-08,4.27,-3.89,-0.48,2.36,5.29,0.72,2.84,93.81
2009-01-09,2.24,-7.27,-3.38,0.3,6.27,0.72,4.28,80.37
2009-01-10,1.42,-8.95,-4.66,0.0,9.2,0.72,2.81,88.53
2009-01-11,2.76,-7.77,-3.79,0.0,5.69,0.72,4.32,88.96
2009-01-12,4.48,-6.22,-2.23,0.0,9.36,0.72,3.8,90.85
2009-01-13,5.39,-4.18,-0.46,0.0,6.34,0.73,2.47,92.28
2009-01-14,4.92,-0.77,2.43,5.03,2.0,0.73,4.04,97.51
2009-01-15,14.78,4.41,8.25,1.54,4.53,0.74,5.0,96.8
2009-01-16,11.08,1.36,6.65,7.28,4.31,0.74,3.61,92.2
2009-01-17,5.52,-3.42,0.8,0.27,4.64,0.75,2.75,83.1
2009-01-18,9.37,-2.8,1.79,0.0,8.47,0.75,3.53,88.41
2009-01-19,12.79,2.15,5.64,0.0,6.57,0.74,3.13,88.94
2009-01-20,15.11,4.6,8.58,0.1,8.02,0.74,3.7,92.05
2009-01-21,11.62,6.53,8.94,0.23,6.86,0.74,4.51,94.4
2009-01-22,15.01,6.32,9.93,0.07,7.85,0.74,4.55,90.09
2009-01-23,11.54,7.48,9.62,2.07,2.9,0.74,6.15,90.0
2009-01-24,14.23,7.03,9.77,0.06,7.79,0.74,4.88,86.98
2009-01-25,16.81,8.51,11.43,13.84,4.72,0.75,4.42,92.19
2009-01-26,10.05,4.23,7.34,4.97,4.43,0.77,3.41,91.62
2009-01-27,16.36,5.0,9.68,0.11,8.84,0.77,4.07,89.36
2009-01-28,10.96,4.49,8.43,3.08,4.03,0.77,5.49,91.89
2009-01-29,11.27,2.21,6.09,0.08,5.68,0.77,2.63,88.24
2009-01-30,7.16,0.57,3.01,1.88,5.07,0.77,4.13,88.3
2009-01-31,6.14,-2.58,1.4,0.65,5.15,0.77,3.71,84.74
2009-02-01,8.09,-3.58,1.48,0.0,5.43,0.77,2.97,85.14
2009-02-02,8.61,-0.25,3.05,0.0,5.92,0.76,2.92,89.89
2009-02-03,9.17,2.23,5.22,0.1,4.08,0.76,3.12,96.24
2009-02-04,17.13,6.26,11.16,2.64,7.14,0.76,6.77,90.09
2009-02-05,17.16,6.63,11.41,0.56,9.9,0.77,3.68,87.56
2009-02-06,16.39,5.65,9.88,0.0,8.77,0.76,3.89,87.11
2009-02-07,16.04,6.71,11.46,0.26,6.77,0.76,4.84,90.54
2009-02-08,17.3,8.57,12.69,1.93,3.39,0.76,6.55,90.57
2009-02-09,12.97,3.86,7.42,6.04,4.66,0.76,3.88,87.19
2009-02-10,9.76,1.53,4.7,0.59,7.75,0.77,4.25,80.64
2009-02-11,14.16,3.82,8.89,7.21,8.22,0.77,6.19,87.0
2009-02-12,12.05,5.96,9.32,11.11,6.24,0.79,5.87,82.18
2009-02-13,9.11,1.2,4.9,4.76,5.64,0.8,3.56,76.4
2009-02-14,2.34,-0.91,0.12,8.79,2.1,0.8,6.7,82.01
2009-02-15,4.44,-3.0,-0.02,0.65,5.23,0.8,4.39,80.5
2009-02-16,4.35,-3.19,0.45,0.18,8.65,0.8,2.53,82.14
2009-02-17,5.15,-4.9,0.09,0.1,8.8,0.8,2.82,80.4
2009-02-18,9.39,-2.73,3.6,0.45,11.63,0.8,3.46,83.95
2009-02-19,9.87,3.75,6.35,18.8,5.96,0.81,4.81,91.58
2009-02-20,8.63,0.84,3.86,4.14,4.07,0.83,6.43,84.63
2009-02-21,4.57,-0.87,1.44,1.41,5.87,0.83,7.37,78.29
2009-02-22,2.66,-2.43,-0.45,0.09,7.76,0.82,4.76,81.44
2009-02-23,4.15,-3.15,-0.7,0.37,9.21,0.82,5.24,77.04
2009-02-24,6.31,-3.64,0.32,0.0,9.74,0.82,3.23,80.36
2009-02-25,6.06,-3.0,0.49,0.02,10.48,0.82,5.89,80.74
2009-02-26,4.56,-3.07,-0.36,0.19,9.64,0.82,6.5,77.77
2009-02-27,7.28,-4.37,1.17,0.01,14.59,0.81,3.0,76.96
2009-02-28,8.7,-1.07,3.03,0.2,10.46,0.81,3.6,80.22
2009-03-01,12.61,-1.76,5.29,0.0,11.86,0.81,3.11,76.21
2009-03-02,11.57,3.68,7.3,0.21,7.94,0.81,2.88,88.33
2009-03-03,7.57,2.79,4.94,0.99,5.39,0.81,2.51,88.6
2009-03-04,14.63,3.54,8.03,0.0,7.88,0.81,2.35,86.05
2009-03-05,12.86,4.04,9.13,1.02,4.54,0.81,6.42,90.27
2009-03-06,16.9,10.68,13.25,1.6,10.94,0.81,6.73,82.59
2009-03-07,12.53,6.37,9.73,7.05,3.33,0.82,6.91,87.18
2009-03-08,11.42,3.56,8.05,3.47,8.14,0.82,2.35,89.25
2009-03-09,13.11,0.78,6.71,0.12,15.11,0.82,4.24,79.23
2009-03-10,13.36,3.0,6.44,5.6,5.97,0.82,6.27,87.69
2009-03-11,9.9,-1.22,4.73,0.38,13.7,0.82,3.15,77.68
2009-03-12,6.3,0.26,3.31,4.25,5.5,0.82,3.84,91.75
2009-03-13,10.86,-0.04,5.43,1.26,13.68,0.83,3.36,77.65
2009-03-14,9.15,0.71,4.68,1.15,9.64,0.82,4.03,80.67
2009-03-15,11.03,-2.39,4.41,0.6,15.76,0.82,3.07,75.38
2009-03-16,12.43,-0.01,6.24,0.0,15.45,0.82,2.12,72.44
2009-03-17,8.19,1.55,5.06,1.91,5.67,0.82,1.81,88.35
2009-03-18,7.83,-0.32,3.47,1.47,10.25,0.82,3.15,87.34
2009-03-19,6.61,-0.87,2.7,2.16,7.84,0.82,4.16,81.99
2009-03-20,9.44,-2.57,3.69,0.27,16.97,0.82,2.51,74.03
2009-03-21,9.16,2.25,4.62,1.95,13.6,0.82,7.79,74.36
2009-03-22,5.95,2.18,3.75,14.65,4.03,0.84,6.64,90.52
2009-03-23,11.13,0.67,5.29,0.05,15.85,0.84,3.63,78.52
2009-03-24,14.02,-0.73,6.61,0.0,20.08,0.83,5.98,75.26
2009-03-25,15.9,1.96,9.34,7.07,11.97,0.83,6.21,82.45
2009-03-26,8.48,-0.07,3.68,0.64,6.21,0.84,3.55,73.01
2009-03-27,10.7,-2.76,4.4,0.1,18.98,0.83,2.53,70.64
2009-03-28,15.34,-0.7,7.18,0.0,20.94,0.83,2.73,76.05
2009-03-29,14.59,1.56,8.29,0.06,15.98,0.82,3.98,78.17
2009-03-30,19.93,5.72,12.46,0.0,14.52,0.82,3.46,85.69
2009-03-31,24.62,9.31,16.3,0.01,18.51,0.82,1.66,77.87
2009-04-01,18.41,8.32,13.05,0.81,12.55,0.81,3.86,78.3
2009-04-02,16.62,6.45,10.92,0.0,9.75,0.81,3.92,85.17
2009-04-03,16.76,2.64,9.07,0.0,23.61,0.81,5.01,73.29
2009-04-04,18.17,1.93,8.66,0.0,24.4,0.8,3.21,74.17
2009-04-05,19.28,1.57,9.62,0.0,24.18,0.8,4.33,66.71
2009-04-06,15.74,4.07,8.8,2.49,10.12,0.8,4.76,74.4
2009-04-07,13.56,5.87,8.79,1.53,6.9,0.8,3.27,83.47
2009-04-08,20.8,3.37,11.95,0.0,19.68,0.8,2.34,73.03
2009-04-09,20.96,6.75,13.63,0.0,20.69,0.79,2.37,64.89
2009-04-10,19.68,4.71,11.34,0.0,22.63,0.79,2.91,74.38
2009-04-11,18.0,4.27,10.04,0.0,23.41,0.78,4.91,71.23
2009-04-12,15.45,4.68,8.8,0.0,22.35,0.78,5.25,72.95
2009-04-13,16.95,5.21,10.15,0.45,15.19,0.77,4.52,78.72
2009-04-14,15.74,7.18,10.91,3.36,13.94,0.78,2.41,87.45
2009-04-15,17.29,6.4,11.34,0.43,15.51,0.78,3.79,76.49
2009-04-16,19.54,4.99,12.9,0.18,21.31,0.77,2.61,70.35
2009-04-17,20.39,7.84,13.66,0.14,23.89,0.77,2.82,66.45
2009-04-18,21.91,6.51,14.04,0.0,23.9,0.76,2.81,72.44
2009-04-19,23.31,9.71,16.27,0.1,17.72,0.76,1.99,70.56
2009-04-20,22.75,10.27,15.45,0.16,22.41,0.75,3.58,68.92
2009-04-21,22.0,9.13,14.3,0.01,21.23,0.74,4.56,68.27
2009-04-22,13.59,5.34,9.64,7.16,5.86,0.75,9.22,75.81
2009-04-23,14.83,1.94,8.14,0.47,21.0,0.75,5.17,66.85
2009-04-24,16.83,-0.18,8.29,0.0,26.22,0.75,2.57,71.21
2009-04-25,18.69,2.31,9.45,0.05,21.65,0.74,2.52,77.29
2009-04-26,14.47,1.86,8.24,0.38,12.36,0.74,3.12,76.87
2009-04-27,15.22,2.55,8.84,0.9,11.86,0.74,3.42,79.64
2009-04-28,17.35,3.53,10.22,0.0,21.51,0.73,1.93,78.23
2009-04-29,16.2,8.06,11.79,0.32,14.01,0.73,1.76,81.07
2009-04-30,20.68,6.27,13.66,0.86,22.91,0.73,3.35,74.02
2009-05-01,15.81,9.81,12.36,9.12,10.69,0.73,1.98,90.06
2009-05-02,18.24,9.32,13.75,2.46,15.51,0.74,1.4,77.22
2009-05-03,20.34,8.23,14.26,0.05,20.53,0.74,1.54,76.31
2009-05-04,19.75,8.09,13.44,0.0,16.9,0.73,4.97,75.66
2009-05-05,19.84,8.21,14.08,0.06,16.16,0.73,3.72,75.62
2009-05-06,20.97,8.81,15.07,3.57,18.07,0.72,2.37,73.0
2009-05-07,21.42,9.69,15.58,0.07,20.54,0.72,3.56,68.51
2009-05-08,22.17,8.52,15.94,0.0,25.01,0.71,2.16,64.09
2009-05-09,24.24,9.61,16.96,0.0,25.7,0.71,1.7,64.03
2009-05-10,25.16,9.99,17.47,0.0,27.06,0.7,2.19,60.69
2009-05-11,25.45,12.54,18.47,0.0,27.5,0.7,2.02,54.75
2009-05-12,27.43,11.31,19.05,0.0,26.47,0.69,3.39,58.4
2009-05-13,25.41,12.79,19.75,6.4,21.68,0.69,1.86,70.16
2009-05-14,26.24,13.78,20.21,0.23,23.89,0.69,1.36,71.16
2009-05-15,30.35,13.13,21.71,0.0,27.24,0.68,3.47,60.29
2009-05-16,30.48,16.91,23.16,0.0,25.79,0.68,2.19,52.52
2009-05-17,31.83,16.73,23.96,0.02,26.29,0.67,2.88,55.46
2009-05-18,27.2,14.14,20.22,0.12,26.91,0.67,6.56,58.73
2009-05-19,23.78,12.52,17.81,0.0,25.59,0.66,6.2,65.41
2009-05-20,22.99,10.2,16.33,0.0,24.46,0.66,5.64,68.7
2009-05-21,25.59,9.12,17.45,0.0,26.38,0.66,5.83,63.44
2009-05-22,28.64,12.6,20.71,0.0,27.24,0.65,3.85,60.78
2009-05-23,29.79,13.49,22.02,0.08,25.75,0.65,2.87,60.27
2009-05-24,28.78,15.59,21.69,0.05,28.28,0.65,4.12,55.29
2009-05-25,29.32,12.88,20.81,0.51,20.48,0.64,3.52,56.47
2009-05-26,27.74,12.06,19.42,0.0,20.14,0.64,2.87,56.91
2009-05-27,25.7,10.16,17.92,0.0,28.87,0.64,3.45,59.34
2009-05-28,27.24,10.09,18.46,0.0,31.01,0.64,2.59,54.37
2009-05-29,27.59,11.35,18.7,0.59,21.5,0.63,2.49,58.74
2009-05-30,26.77,14.68,19.34,0.25,26.57,0.63,3.36,67.58
2009-05-31,27.68,11.21,19.36,0.0,28.34,0.63,3.69,54.4
2009-06-01,29.46,12.37,20.68,0.0,24.06,0.63,3.13,62.87
2009-06-02,31.34,13.73,22.31,0.0,19.95,0.62,3.19,62.01
2009-06-03,28.73,15.92,22.3,1.36,24.62,0.62,2.89,59.97
2009-06-04,23.82,14.56,19.58,2.43,16.44,0.62,2.67,65.75
2009-06-05,28.64,11.96,20.97,0.83,26.9,0.62,3.3,59.73
2009-06-06,32.44,13.96,23.65,0.08,27.39,0.62,2.83,54.24
2009-06-07,35.59,16.07,25.72,0.0,29.27,0.62,3.34,47.73
2009-06-08,36.66,18.58,27.1,0.0,28.8,0.61,2.64,40.28
2009-06-09,33.88,16.33,24.72,0.25,30.61,0.61,4.16,53.1
2009-06-10,35.16,14.72,24.86,0.0,31.28,0.61,3.21,50.96
2009-06-11,36.0,15.68,26.36,0.0,30.16,0.61,2.62,46.39
2009-06-12,30.99,18.3,24.42,0.13,23.4,0.61,3.7,48.79
2009-06-13,30.38,15.35,22.77,0.0,27.58,0.6,3.78,37.82
2009-06-14,29.71,13.81,21.91,0.0,31.12,0.6,3.54,38.19
2009-06-15,32.31,14.89,23.4,0.0,30.52,0.6,2.33,39.34
2009-06-16,34.63,14.94,25.06,0.0,30.09,0.6,1.91,38.18
2009-06-17,37.93,17.63,27.05,2.1,28.7,0.6,3.75,44.62
2009-06-18,28.83,16.36,22.04,0.75,28.14,0.6,5.53,57.69
2009-06-19,30.38,13.4,21.96,0.0,31.75,0.6,4.49,53.12
2009-06-20,33.57,13.03,23.37,0.0,31.36,0.6,3.12,53.98
2009-06-21,34.16,15.25,25.09,0.04,29.22,0.6,2.78,51.97
2009-06-22,32.83,18.18,25.94,0.71,28.09,0.6,4.45,52.64
2009-06-23,31.53,18.47,24.61,3.5,28.51,0.61,4.92,55.0
2009-06-24,32.91,17.72,24.87,0.05,27.95,0.61,4.25,51.42
2009-06-25,27.35,17.37,22.56,1.07,22.57,0.6,3.4,61.3
2009-06-26,27.94,16.09,22.37,1.58,21.9,0.61,2.97,58.12
2009-06-27,28.1,17.47,22.45,2.89,24.75,0.61,1.65,64.8
2009-06-28,27.37,18.79,23.41,0.11,17.76,0.61,1.44,58.13
2009-06-29,28.47,17.55,23.87,0.6,19.66,0.61,1.4,59.82
2009-06-30,31.44,18.73,25.33,0.02,24.46,0.61,1.25,49.79
2009-07-01,32.49,18.7,25.85,3.43,26.74,0.61,2.43,58.08
2009-07-02,33.33,18.07,25.75,0.67,26.79,0.61,2.63,59.59
2009-07-03,31.11,18.45,25.09,0.01,25.87,0.61,2.25,61.25
2009-07-04,30.78,19.77,25.46,2.09,18.8,0.61,2.22,59.92
2009-07-05,31.98,19.4,25.93,0.11,22.32,0.61,2.45,55.96
2009-07-06,35.22,20.75,28.07,0.07,24.82,0.6,1.19,47.9
2009-07-07,36.48,21.18,28.82,0.0,28.63,0.6,1.79,43.1
2009-07-08,36.49,21.89,29.46,0.0,27.74,0.6,1.7,42.17
2009-07-09,35.1,22.93,28.44,16.93,20.5,0.62,1.6,52.32
2009-07-10,31.86,20.99,26.1,4.96,21.24,0.63,3.44,64.3
2009-07-11,28.7,20.15,24.36,24.07,23.14,0.65,2.24,75.04
2009-07-12,27.66,18.06,22.53,1.85,27.65,0.67,4.56,65.63
2009-07-13,28.7,15.82,22.68,0.0,20.85,0.66,4.14,62.73
2009-07-14,30.94,17.9,24.27,0.0,26.78,0.65,3.8,54.74
2009-07-15,32.63,18.08,25.35,0.0,26.07,0.64,4.57,55.04
2009-07-16,34.49,19.03,26.83,0.0,20.43,0.63,5.39,51.71
2009-07-17,36.01,20.05,27.9,0.16,26.62,0.63,4.08,52.77
2009-07-18,36.76,21.05,28.81,0.07,26.93,0.62,2.48,48.5
2009-07-19,37.19,20.46,28.72,0.0,26.71,0.62,2.7,48.93
2009-07-20,32.97,19.86,25.5,0.0,23.29,0.61,4.07,48.11
2009-07-21,32.75,17.48,24.98,0.0,26.64,0.61,3.73,54.41
2009-07-22,32.22,17.04,24.36,0.0,29.24,0.61,4.8,53.19
2009-07-23,34.96,16.83,25.68,0.0,29.26,0.61,4.1,49.91
2009-07-24,38.81,17.98,28.56,0.0,29.05,0.6,1.79,43.85
2009-07-25,41.25,21.41,31.68,0.0,28.11,0.6,1.82,37.21
2009-07-26,30.73,20.43,26.1,0.12,20.79,0.6,5.63,53.31
2009-07-27,31.02,18.67,24.62,0.0,25.38,0.6,5.34,52.91
2009-07-28,31.47,16.47,23.92,0.0,28.79,0.6,4.48,48.49
2009-07-29,32.57,16.71,24.53,0.0,28.24,0.6,4.79,51.48
2009-07-30,32.77,17.53,25.04,0.0,26.51,0.6,4.51,51.0
2009-07-31,33.48,17.74,25.86,0.01,20.1,0.6,4.09,48.19
2009-08-01,34.25,19.89,27.11,0.01,24.84,0.6,4.58,49.93
2009-08-02,34.64,20.62,27.48,0.0,25.12,0.6,3.97,51.74
2009-08-03,37.14,19.33,28.02,0.0,27.66,0.6,2.71,52.3
2009-08-04,38.39,19.58,28.52,0.0,27.75,0.6,3.0,51.69
2009-08-05,35.67,19.36,27.32,0.0,26.81,0.6,4.17,55.62
2009-08-06,33.1,20.63,26.45,0.02,20.47,0.6,4.84,57.62
2009-08-07,31.68,21.49,25.64,6.66,19.44,0.6,5.81,61.81
2009-08-08,30.76,19.69,24.63,0.09,22.8,0.61,4.91,58.95
2009-08-09,30.61,17.91,23.77,0.0,24.87,0.61,5.12,54.22
2009-08-10,29.47,16.69,22.88,0.86,20.02,0.61,4.52,52.6
2009-08-11,29.62,15.57,22.49,0.0,23.51,0.6,4.1,50.59
2009-08-12,30.08,15.63,22.5,0.0,24.44,0.6,3.81,51.06
2009-08-13,31.44,15.69,23.48,0.0,26.33,0.6,3.45,51.92
2009-08-14,34.46,17.04,25.49,0.0,25.47,0.6,2.55,50.92
2009-08-15,32.12,18.9,24.57,0.21,24.93,0.6,4.16,56.01
2009-08-16,31.45,17.89,24.25,0.06,22.46,0.6,6.63,60.64
2009-08-17,32.19,18.38,24.52,0.0,22.8,0.6,5.7,58.05
2009-08-18,33.59,17.05,24.9,0.0,25.72,0.6,4.08,50.05
2009-08-19,35.06,17.93,26.02,0.0,25.77,0.6,4.26,41.92
2009-08-20,33.81,18.95,25.77,0.0,23.97,0.6,5.96,55.95
2009-08-21,31.73,17.11,23.96,0.0,25.69,0.6,4.8,48.62
2009-08-22,31.99,16.16,23.59,0.0,25.87,0.6,4.25,49.67
2009-08-23,33.01,16.18,24.0,0.0,25.27,0.6,4.21,49.86
2009-08-24,30.07,16.82,23.04,0.0,20.3,0.6,5.27,59.26
2009-08-25,30.1,16.81,22.92,0.0,20.64,0.6,4.35,57.16
2009-08-26,31.66,15.88,23.33,0.0,23.9,0.6,4.69,58.57
2009-08-27,32.53,15.72,23.46,0.0,24.63,0.6,4.36,53.69
2009-08-28,34.01,15.01,23.85,0.0,24.65,0.6,3.5,57.74
2009-08-29,34.54,15.53,24.72,0.0,24.33,0.6,3.19,57.49
2009-08-30,34.99,16.91,25.4,0.1,23.22,0.6,2.46,55.01
2009-08-31,32.11,17.6,24.36,0.0,20.14,0.59,3.8,59.44
2009-09-01,28.82,16.77,22.48,0.26,17.45,0.59,5.42,57.59
2009-09-02,30.9,14.25,22.31,0.0,22.76,0.59,1.81,48.33
2009-09-03,32.26,15.56,24.04,0.0,22.84,0.59,1.78,45.31
2009-09-04,35.62,17.7,26.4,0.0,22.7,0.59,1.99,45.05
2009-09-05,37.03,19.66,27.84,0.0,23.1,0.59,1.96,38.56
2009-09-06,32.67,17.18,24.19,2.78,19.46,0.59,5.19,57.69
2009-09-07,19.77,14.52,16.45,38.43,4.73,0.63,8.4,77.09
2009-09-08,21.22,14.71,17.48,35.2,3.03,0.7,7.74,84.78
2009-09-09,23.62,14.66,18.73,5.64,8.07,0.72,5.32,81.61
2009-09-10,26.46,15.25,20.4,0.18,18.66,0.71,3.56,72.98
2009-09-11,23.74,17.8,20.2,1.64,8.39,0.7,4.78,82.72
2009-09-12,22.23,17.51,19.75,9.02,7.09,0.71,6.91,85.01
2009-09-13,23.57,15.09,18.6,0.88,9.46,0.7,3.98,74.06
2009-09-14,25.55,14.67,19.41,0.05,13.86,0.7,1.58,70.75
2009-09-15,26.59,16.08,20.45,0.04,17.28,0.69,2.29,74.18
2009-09-16,26.98,13.99,19.95,0.0,18.77,0.69,2.75,74.89
2009-09-17,25.74,13.79,19.78,0.0,18.88,0.68,1.83,76.34
2009-09-18,23.71,16.07,19.39,0.06,12.79,0.68,2.67,78.22
2009-09-19,22.55,13.33,18.16,0.41,12.17,0.68,4.8,76.87
2009-09-20,22.51,10.77,15.82,0.04,18.83,0.68,4.72,66.88
2009-09-21,21.0,9.47,14.75,0.52,17.02,0.67,4.05,71.11
2009-09-22,23.44,9.09,15.6,0.03,16.42,0.67,3.46,70.13
2009-09-23,25.19,9.07,16.31,0.0,19.79,0.67,3.1,65.99
2009-09-24,25.55,9.98,17.14,0.0,19.49,0.66,2.56,71.83
2009-09-25,25.99,11.39,18.2,0.0,18.16,0.66,1.85,71.25
2009-09-26,24.86,12.73,17.97,0.0,13.46,0.66,4.83,75.72
2009-09-27,21.77,11.46,15.78,0.0,11.67,0.66,5.13,74.43
2009-09-28,23.21,9.93,15.54,0.0,18.29,0.66,3.82,71.2
2009-09-29,24.06,9.25,16.3,0.0,18.92,0.65,1.86,68.86
2009-09-30,26.54,12.14,19.11,0.0,16.66,0.65,2.46,60.67
2009-10-01,27.29,13.47,19.76,0.0,16.7,0.65,2.06,59.17
2009-10-02,27.24,12.6,19.04,0.04,16.99,0.65,3.92,71.62
2009-10-03,22.46,14.89,18.32,10.55,10.31,0.65,3.36,87.37
2009-10-04,21.18,12.71,17.88,38.53,6.14,0.71,3.38,87.2
2009-10-05,22.67,12.25,16.48,0.12,9.66,0.72,2.2,81.76
2009-10-06,24.25,10.79,16.52,0.0,15.49,0.71,3.08,78.56
2009-10-07,24.85,10.84,16.85,0.04,16.94,0.7,3.09,79.53
2009-10-08,24.53,10.59,16.78,0.0,16.71,0.7,2.59,77.47
2009-10-09,25.09,11.98,18.12,0.0,15.52,0.7,0.97,70.98
2009-10-10,26.13,12.49,18.48,0.0,16.42,0.69,2.63,71.87
2009-10-11,24.49,11.63,17.17,0.0,16.15,0.69,2.44,78.1
2009-10-12,25.27,11.36,17.91,0.0,14.67,0.69,4.99,82.92
2009-10-13,24.89,8.98,17.96,4.76,7.94,0.68,8.85,75.6
2009-10-14,14.71,4.73,9.01,0.07,13.21,0.69,3.53,59.45
2009-10-15,15.3,3.7,9.52,0.27,5.57,0.69,2.99,73.63
2009-10-16,18.07,10.56,14.63,19.51,2.87,0.7,3.38,92.75
2009-10-17,14.69,6.92,11.06,20.91,4.81,0.74,3.26,90.86
2009-10-18,20.79,11.3,15.68,18.55,6.75,0.77,2.79,88.75
2009-10-19,22.62,12.48,16.59,0.11,11.35,0.77,3.28,88.43
2009-10-20,21.88,10.52,15.37,0.02,12.71,0.76,3.22,84.24
2009-10-21,18.99,7.47,12.5,0.01,13.28,0.75,2.38,77.74
2009-10-22,19.58,7.31,12.71,0.0,14.11,0.75,2.53,82.45
2009-10-23,21.51,8.46,14.27,0.0,12.99,0.74,2.71,80.67
2009-10-24,22.84,9.8,15.92,0.0,12.94,0.74,2.57,78.33
2009-10-25,20.93,12.1,16.02,0.2,7.62,0.74,4.53,91.33
2009-10-26,19.86,13.46,15.69,0.37,7.22,0.74,5.77,86.81
2009-10-27,18.63,11.43,14.58,0.02,4.59,0.74,3.54,82.19
2009-10-28,18.21,10.45,13.45,1.65,7.64,0.74,3.48,84.23
2009-10-29,16.48,8.02,11.58,0.19,8.49,0.74,2.31,85.52
2009-10-30,12.42,4.18,9.01,8.18,3.42,0.74,5.82,87.66
2009-10-31,9.76,2.06,5.96,12.02,3.05,0.76,8.65,77.42
2009-11-01,8.73,-0.57,2.93,1.67,9.44,0.77,7.66,69.83
2009-11-02,8.1,-2.86,1.92,1.58,10.79,0.76,4.46,79.23
2009-11-03,8.08,1.64,4.99,11.76,8.2,0.76,4.17,90.61
2009-11-04,10.92,2.46,7.5,6.84,3.8,0.79,4.43,93.45
2009-11-05,16.7,1.9,8.16,0.02,7.95,0.78,3.4,91.98
2009-11-06,20.37,9.28,14.54,0.19,7.76,0.78,4.18,91.68
2009-11-07,19.35,12.39,15.24,0.0,10.97,0.78,3.76,90.65
2009-11-08,19.38,9.56,14.23,0.0,9.55,0.78,2.82,85.63
2009-11-09,20.05,9.79,14.22,0.01,7.75,0.77,4.01,88.41
2009-11-10,21.18,11.89,15.47,12.45,10.85,0.77,6.45,85.27
2009-11-11,16.89,10.05,13.43,7.14,5.84,0.8,3.3,87.76
2009-11-12,11.22,4.96,8.51,0.62,3.59,0.8,3.34,84.23
2009-11-13,13.46,2.33,7.65,0.0,9.29,0.79,2.76,73.87
2009-11-14,13.75,4.22,7.85,0.0,8.46,0.79,1.74,75.0
2009-11-15,13.73,4.43,8.61,0.69,5.78,0.79,3.14,92.88
2009-11-16,13.49,5.61,8.78,0.44,7.76,0.79,2.74,88.54
2009-11-17,15.98,5.68,9.23,0.05,6.02,0.79,3.29,90.96
2009-11-18,15.49,6.47,9.97,0.0,7.5,0.79,1.61,90.08
2009-11-19,16.58,5.99,10.24,0.0,6.66,0.79,2.31,90.75
2009-11-20,16.74,5.57,10.4,0.0,7.86,0.79,2.31,82.5
2009-11-21,16.31,4.93,10.29,0.0,8.51,0.78,1.71,70.43
2009-11-22,15.89,5.09,9.65,0.05,8.23,0.78,1.31,72.97
2009-11-23,16.0,4.62,8.62,0.07,6.23,0.78,2.26,93.89
2009-11-24,15.56,5.39,9.89,0.05,5.4,0.78,1.13,83.78
2009-11-25,15.8,3.18,9.2,0.02,7.94,0.78,2.29,80.62
2009-11-26,16.07,5.19,9.08,0.02,9.09,0.78,2.35,82.2
2009-11-27,16.31,5.4,9.22,0.03,6.74,0.78,3.01,92.77
2009-11-28,17.14,7.63,11.24,0.07,5.95,0.78,3.7,91.89
2009-11-29,14.71,5.34,10.28,2.61,8.09,0.78,3.05,84.48
2009-11-30,16.24,4.08,9.92,0.02,7.45,0.78,3.58,93.3
2009-12-01,17.34,9.48,12.61,0.0,5.97,0.78,4.96,91.13
2009-12-02,16.48,8.17,11.91,0.01,6.61,0.78,4.66,88.14
2009-12-03,13.62,7.71,9.79,0.19,3.72,0.78,2.61,94.43
2009-12-04,13.36,6.93,9.37,0.67,4.92,0.78,1.96,89.89
2009-12-05,14.85,6.94,10.06,0.24,4.65,0.78,2.43,92.24
2009-12-06,11.33,4.49,8.49,2.0,3.2,0.78,4.37,90.91
2009-12-07,11.01,3.29,6.24,0.01,4.03,0.78,2.32,87.9
2009-12-08,10.74,2.33,5.79,0.07,6.01,0.78,1.67,88.14
2009-12-09,10.09,4.56,6.73,2.92,2.8,0.78,3.21,94.7
2009-12-10,10.22,4.77,7.38,3.1,2.66,0.78,7.6,89.91
2009-12-11,5.08,1.32,2.93,11.42,1.7,0.79,8.33,84.58
2009-12-12,3.93,-1.26,0.88,7.74,1.91,0.8,6.68,88.19
2009-12-13,1.78,-5.82,-1.93,3.39,4.1,0.8,5.82,86.93
2009-12-14,3.96,-5.81,-0.93,0.0,3.7,0.8,2.52,89.88
2009-12-15,8.74,-0.78,4.59,9.88,2.22,0.81,4.26,98.12
2009-12-16,9.35,0.88,6.78,9.41,3.48,0.83,4.65,96.13
2009-12-17,3.74,-3.02,0.07,3.05,1.81,0.83,2.86,90.98
2009-12-18,10.14,-5.87,3.36,17.7,1.86,0.84,6.54,92.06
2009-12-19,7.78,-7.45,-1.18,0.6,5.59,0.85,3.62,83.66
2009-12-20,16.04,-4.29,8.54,30.21,4.03,0.86,10.0,88.7
2009-12-21,0.58,-11.52,-5.74,0.03,6.82,0.87,3.09,79.86
2009-12-22,4.99,-6.4,0.13,0.0,4.55,0.87,3.31,93.4
2009-12-23,10.81,2.39,7.55,0.0,2.81,0.88,5.59,98.56
2009-12-24,15.43,8.29,11.71,0.19,3.82,0.88,5.71,96.26
2009-12-25,15.61,11.72,13.62,2.04,1.81,0.88,8.06,94.19
2009-12-26,18.95,10.32,14.18,0.22,5.85,0.88,5.32,91.06
2009-12-27,18.02,10.17,13.58,2.21,3.91,0.88,6.88,93.25
2009-12-28,15.44,1.88,9.25,18.6,1.56,0.9,6.87,86.58
2009-12-29,10.58,0.67,4.57,0.0,8.26,0.9,2.73,73.85
2009-12-30,11.88,-0.53,6.16,0.0,7.9,0.89,3.44,89.38
2009-12-31,16.75,8.41,12.37,0.03,4.42,0.89,6.96,95.11
2010-01-01,18.89,11.52,14.2,0.02,6.72,0.89,8.05,87.94
2010-01-02,12.74,6.47,10.44,0.36,5.31,0.89,6.21,84.34
2010-01-03,5.97,-0.61,3.16,7.62,2.12,0.9,4.05,89.06
2010-01-04,2.45,-5.16,-1.55,0.07,6.59,0.89,3.33,79.92
2010-01-05,3.99,-4.28,-0.2,0.82,4.18,0.89,3.33,89.23
2010-01-06,16.02,4.31,10.48,0.07,4.11,0.89,8.28,90.0
2010-01-07,16.59,10.96,13.75,0.43,3.3,0.89,7.26,91.43
2010-01-08,16.72,8.36,11.36,0.02,4.54,0.89,3.43,92.31
2010-01-09,15.22,8.48,10.52,0.0,4.24,0.89,4.32,93.55
2010-01-10,16.01,6.8,11.14,6.29,3.32,0.9,5.26,92.92
2010-01-11,12.86,4.07,7.59,0.73,8.61,0.9,3.22,84.71
2010-01-12,11.49,3.99,6.52,1.43,7.74,0.9,2.44,86.38
2010-01-13,5.5,0.88,3.85,22.41,2.41,0.92,6.18,92.96
2010-01-14,7.1,-0.29,2.3,1.31,3.54,0.92,4.37,91.36
2010-01-15,6.39,-2.31,1.39,0.0,7.4,0.92,3.65,88.5
2010-01-16,4.05,-3.15,-0.24,0.05,3.51,0.92,5.23,88.46
2010-01-17,6.15,-0.74,2.33,0.87,3.71,0.92,5.39,91.39
2010-01-18,4.41,-1.69,2.45,16.79,1.9,0.92,5.15,94.64
2010-01-19,-2.4,-6.53,-4.4,12.52,3.17,0.93,7.5,89.52
2010-01-20,-1.13,-9.89,-6.39,0.79,5.74,0.93,3.79,91.28
2010-01-21,0.47,-11.01,-5.93,0.02,7.24,0.93,3.1,94.6
2010-01-22,-2.73,-7.67,-5.2,3.26,2.34,0.93,8.79,91.83
2010-01-23,-8.04,-12.6,-9.25,2.94,5.55,0.93,8.22,89.21
2010-01-24,-8.44,-16.37,-12.74,0.39,4.54,0.93,5.81,90.1
2010-01-25,-10.06,-23.87,-17.94,0.05,9.99,0.93,4.94,93.57
2010-01-26,-3.13,-20.06,-11.69,0.01,8.69,0.93,4.08,96.82
2010-01-27,0.34,-10.06,-4.76,0.34,3.69,0.93,2.86,94.27
2010-01-28,0.57,-8.92,-4.17,1.03,4.49,0.93,2.85,95.74
2010-01-29,0.14,-3.43,-1.16,4.19,3.3,0.93,2.71,94.99
2010-01-30,2.68,-1.41,1.05,1.37,5.21,0.94,1.95,98.09
2010-01-31,7.95,0.85,4.0,8.11,4.29,0.95,4.91,99.7
2010-02-01,12.35,-2.86,4.94,3.32,7.09,0.96,6.25,89.78
2010-02-02,0.3,-3.93,-2.07,9.17,2.62,0.96,6.43,88.18
2010-02-03,2.11,-5.56,-2.68,0.13,10.85,0.96,4.43,82.44
2010-02-04,5.34,-4.92,-0.84,0.0,4.78,0.96,3.47,86.1
2010-02-05,3.08,-4.51,-1.85,0.0,12.09,0.96,1.88,86.91
2010-02-06,2.74,-4.65,-1.05,0.87,6.84,0.96,3.34,92.29
2010-02-07,2.3,-0.16,1.37,27.78,2.19,0.98,6.03,96.9
2010-02-08,7.02,-5.72,1.69,12.56,3.5,0.99,5.58,95.26
2010-02-09,2.19,-5.96,-2.31,0.62,5.47,0.99,2.62,83.82
2010-02-10,4.52,-3.38,0.95,11.84,4.93,0.99,4.89,96.44
2010-02-11,13.72,4.68,9.47,10.86,6.5,1.0,6.22,93.65
2010-02-12,13.24,4.88,9.05,12.16,8.43,1.0,5.2,90.96
2010-02-13,12.04,3.47,8.79,12.31,11.98,1.0,7.0,82.73
2010-02-14,11.21,0.83,5.79,7.06,8.15,1.0,3.28,89.61
2010-02-15,11.4,-1.11,5.96,16.52,3.8,1.0,5.71,92.86
2010-02-16,8.88,-1.74,2.84,0.0,11.19,1.0,2.23,89.88
2010-02-17,11.95,2.14,7.26,1.54,4.71,1.0,3.06,92.92
2010-02-18,16.07,6.17,10.02,0.61,6.88,1.0,3.11,95.27
2010-02-19,16.38,3.9,9.87,0.0,14.41,1.0,3.16,85.55
2010-02-20,17.84,8.46,12.88,0.0,7.5,1.0,6.72,89.94
2010-02-21,14.28,2.4,10.43,1.97,9.24,0.99,5.96,86.63
2010-02-22,8.69,-0.8,3.99,0.02,13.17,0.99,2.5,84.21
2010-02-23,12.6,1.55,7.45,0.03,11.8,0.99,3.32,90.73
2010-02-24,15.52,7.49,10.67,0.85,10.11,0.99,2.93,92.03
2010-02-25,11.35,5.85,8.57,11.02,5.02,1.0,3.99,95.17
2010-02-26,10.21,4.7,6.83,0.43,6.59,1.0,3.73,91.18
2010-02-27,9.45,4.48,6.75,9.64,3.21,1.0,3.81,94.74
2010-02-28,11.57,1.47,6.73,1.12,9.05,1.0,3.16,88.26
2010-03-01,13.44,5.31,8.78,0.01,8.02,0.99,4.14,91.3
2010-03-02,13.69,6.29,9.04,11.61,2.89,1.0,2.81,92.18
2010-03-03,12.58,4.26,8.12,0.29,14.41,1.0,2.88,85.79
2010-03-04,10.03,3.56,6.63,5.34,6.49,0.99,3.35,89.47
2010-03-05,11.47,2.75,7.61,3.78,10.87,1.0,2.91,88.72
2010-03-06,3.55,-4.4,0.38,4.02,2.68,1.0,3.82,86.2
2010-03-07,6.44,-4.67,0.7,0.25,15.02,1.0,3.22,82.7
2010-03-08,1.8,0.34,1.09,19.7,1.98,1.0,7.22,94.38
2010-03-09,2.64,-3.36,1.09,12.97,3.86,1.0,6.93,93.82
2010-03-10,4.57,-3.68,0.84,1.03,5.61,1.0,6.05,92.42
2010-03-11,8.22,1.91,4.6,2.01,4.53,1.0,3.11,93.67
2010-03-12,11.93,3.03,6.83,0.14,10.76,1.0,2.98,92.2
2010-03-13,9.89,-1.6,4.24,0.0,15.25,1.0,2.76,80.54
2010-03-14,9.9,-0.27,4.77,0.0,15.25,1.0,3.25,78.96
2010-03-15,9.93,-2.09,3.84,0.0,15.96,0.99,3.54,83.43
2010-03-16,9.66,-2.5,3.33,0.0,19.97,0.99,3.39,76.69
2010-03-17,8.02,-1.54,3.05,0.0,11.28,0.99,4.41,83.94
2010-03-18,9.1,-3.05,2.79,0.0,17.24,0.99,2.62,82.48
2010-03-19,12.63,0.17,5.48,0.0,20.04,0.98,1.82,78.09
2010-03-20,14.0,0.93,6.93,0.0,18.63,0.98,3.2,86.16
2010-03-21,17.55,3.07,9.96,0.0,17.84,0.98,4.46,86.73
2010-03-22,19.93,7.88,13.34,0.0,18.39,0.97,3.15,85.96
2010-03-23,17.13,7.48,12.23,0.0,13.42,0.97,5.03,84.42
2010-03-24,10.87,6.91,8.33,0.13,11.3,0.97,5.05,91.83
2010-03-25,15.18,3.95,9.15,0.15,9.04,0.96,4.85,81.14
2010-03-26,14.5,1.81,7.0,0.0,20.52,0.96,3.58,83.85
2010-03-27,14.03,1.39,6.79,0.0,21.91,0.96,2.55,83.2
2010-03-28,13.61,2.87,7.96,3.12,8.84,0.95,3.2,90.37
2010-03-29,11.6,3.44,7.81,4.74,7.91,0.96,3.57,88.89
2010-03-30,18.32,3.66,10.61,0.0,21.87,0.96,3.56,81.61
2010-03-31,17.23,7.25,12.26,0.13,8.01,0.95,5.37,87.44
2010-04-01,19.83,8.98,13.95,0.17,16.73,0.95,2.5,80.34
2010-04-02,17.47,8.16,12.29,1.18,12.68,0.94,1.62,87.29
2010-04-03,16.71,7.12,11.33,2.67,16.98,0.94,2.32,85.71
2010-04-04,19.16,6.11,11.81,0.0,23.14,0.94,2.27,78.72
2010-04-05,19.2,3.57,12.21,0.11,22.99,0.93,2.42,71.08
2010-04-06,14.2,7.68,10.55,2.82,9.57,0.93,3.63,84.02
2010-04-07,14.32,6.62,9.62,0.39,11.99,0.93,5.76,80.22
2010-04-08,16.96,4.2,10.27,0.19,17.8,0.93,4.25,76.73
2010-04-09,16.05,4.17,9.73,0.0,20.04,0.92,2.76,76.84
2010-04-10,15.76,3.86,9.83,0.0,20.9,0.92,1.93,73.75
2010-04-11,15.52,2.54,8.66,0.0,20.98,0.91,3.8,79.76
2010-04-12,15.09,4.39,9.22,0.0,17.32,0.91,3.12,80.9
2010-04-13,17.35,2.69,10.11,0.0,23.94,0.9,2.75,76.46
2010-04-14,14.51,6.32,9.92,0.38,9.36,0.9,2.6,80.81
2010-04-15,19.36,6.53,12.19,0.0,17.09,0.9,3.36,82.67
2010-04-16,21.41,8.44,15.07,0.49,18.61,0.89,2.37,82.24
2010-04-17,20.34,9.4,14.09,1.31,12.9,0.89,3.66,84.93
2010-04-18,17.56,7.73,11.89,2.18,18.85,0.89,5.09,80.7
2010-04-19,20.69,7.27,14.04,9.68,14.42,0.89,3.9,84.2
2010-04-20,19.14,11.75,15.23,6.11,12.56,0.9,3.52,86.97
2010-04-21,17.03,9.73,12.46,10.76,11.68,0.91,3.29,82.04
2010-04-22,21.04,6.66,13.92,0.01,23.59,0.9,2.93,75.62
2010-04-23,22.27,8.56,15.25,0.0,24.84,0.89,2.74,73.75
2010-04-24,21.27,10.09,15.31,0.0,20.7,0.89,2.1,74.09
2010-04-25,20.51,8.6,13.61,0.0,22.9,0.88,5.06,73.57
2010-04-26,18.63,8.03,12.16,0.01,23.18,0.87,7.58,73.62
2010-04-27,15.66,4.29,9.74,0.03,24.13,0.87,6.49,73.7
2010-04-28,17.19,3.14,9.41,0.0,28.24,0.86,4.55,71.71
2010-04-29,17.85,1.46,9.42,0.0,28.87,0.86,4.54,69.82
2010-04-30,18.69,4.22,11.52,0.0,27.25,0.85,3.54,66.41
2010-05-01,20.49,6.01,12.88,0.0,28.16,0.85,2.2,65.22
2010-05-02,22.0,5.72,13.95,0.0,28.28,0.84,2.01,71.79
2010-05-03,23.27,7.28,15.13,0.0,28.13,0.83,2.54,74.91
2010-05-04,23.24,8.08,15.44,0.0,28.22,0.83,2.68,76.6
2010-05-05,22.63,7.98,15.32,0.0,26.55,0.82,2.24,80.57
2010-05-06,22.91,8.93,15.5,0.0,25.01,0.82,3.2,79.28
2010-05-07,24.49,9.84,17.25,0.49,26.55,0.81,2.93,76.16
2010-05-08,21.52,10.43,16.4,0.1,18.47,0.8,1.85,74.46
2010-05-09,22.33,12.52,16.65,1.6,20.46,0.8,3.25,75.55
2010-05-10,23.01,9.53,17.16,0.0,27.29,0.79,2.32,70.27
2010-05-11,25.99,12.02,19.64,0.0,26.47,0.79,1.79,66.64
2010-05-12,26.86,15.32,20.66,0.0,27.11,0.78,2.4,67.4
2010-05-13,26.55,12.76,19.6,0.08,25.14,0.77,3.26,71.93
2010-05-14,27.24,15.59,20.49,0.26,26.92,0.77,2.54,67.47
2010-05-15,22.34,13.45,18.04,3.32,10.5,0.76,5.15,82.86
2010-05-16,22.95,12.83,17.95,0.06,29.77,0.76,7.63,67.34
2010-05-17,20.2,11.11,15.46,3.0,17.88,0.75,4.83,70.33
2010-05-18,18.49,9.73,14.06,3.05,18.2,0.75,2.92,73.28
2010-05-19,18.48,9.76,13.85,0.24,17.49,0.75,2.73,72.33
2010-05-20,18.85,8.93,14.35,2.08,18.73,0.75,2.09,72.51
2010-05-21,19.63,9.82,14.97,1.83,21.11,0.75,2.01,76.93
2010-05-22,20.25,10.82,15.58,0.91,21.18,0.75,2.29,77.3
2010-05-23,21.86,9.47,15.99,1.5,23.2,0.74,1.63,73.77
2010-05-24,21.53,10.98,16.67,5.4,19.5,0.74,3.13,79.45
2010-05-25,25.52,11.23,18.73,0.0,27.09,0.74,3.06,73.97
2010-05-26,27.89,12.47,20.62,0.0,28.78,0.73,2.46,71.84
2010-05-27,29.19,15.14,22.05,0.0,29.85,0.72,2.3,61.5
2010-05-28,30.8,14.72,23.09,0.39,27.2,0.71,2.99,62.61
2010-05-29,28.67,17.45,23.23,0.01,24.31,0.7,1.37,65.74
2010-05-30,28.01,18.4,23.09,2.21,22.15,0.7,1.86,68.35
2010-05-31,30.51,16.71,23.03,0.25,22.38,0.7,3.93,65.31
2010-06-01,29.57,16.21,22.8,1.46,16.02,0.69,4.42,65.96
2010-06-02,23.64,13.95,18.24,5.46,16.98,0.7,2.28,71.68
2010-06-03,25.92,13.41,19.41,0.0,22.62,0.69,2.56,65.83
2010-06-04,26.83,14.27,20.58,0.43,26.62,0.69,3.25,67.38
2010-06-05,26.51,14.91,20.99,1.6,20.78,0.68,2.27,72.53
2010-06-06,23.04,15.46,18.76,8.33,8.27,0.68,5.36,76.73
2010-06-07,25.79,13.14,19.24,0.71,20.41,0.69,4.67,65.9
2010-06-08,24.86,14.66,20.28,4.93,16.24,0.69,3.55,72.75
2010-06-09,26.58,15.04,21.49,2.42,21.48,0.69,2.48,77.25
2010-06-10,29.42,15.29,22.22,0.0,29.42,0.68,3.72,67.18
2010-06-11,30.42,15.19,23.03,0.0,27.57,0.68,3.44,60.03
2010-06-12,33.0,15.64,24.62,0.0,29.89,0.67,2.51,53.95
2010-06-13,33.29,17.41,25.2,0.0,29.0,0.66,2.24,60.23
2010-06-14,34.33,17.91,26.11,0.0,29.37,0.65,2.04,62.47
2010-06-15,37.09,20.21,28.47,0.0,26.47,0.65,1.97,57.43
2010-06-16,34.65,21.73,27.39,0.93,20.84,0.64,3.47,59.41
2010-06-17,33.71,19.88,26.2,0.0,27.88,0.64,3.27,66.45
2010-06-18,29.9,18.27,23.72,0.0,19.47,0.64,3.5,68.65
2010-06-19,30.77,16.06,23.79,0.01,26.55,0.64,2.14,65.16
2010-06-20,31.72,18.02,23.95,4.06,21.94,0.64,3.58,68.62
2010-06-21,31.71,17.99,24.28,0.23,24.58,0.64,4.19,61.29
2010-06-22,27.63,16.44,21.3,4.26,17.63,0.64,3.66,66.6
2010-06-23,20.65,14.8,18.14,5.42,14.79,0.65,3.42,80.58
2010-06-24,23.53,15.56,18.79,5.19,9.5,0.65,3.56,75.11
2010-06-25,23.23,14.04,19.14,0.62,16.08,0.65,1.46,70.46
2010-06-26,26.91,14.91,21.68,0.0,18.85,0.65,2.74,58.42
2010-06-27,27.42,16.25,22.35,0.02,20.04,0.64,1.5,59.62
2010-06-28,27.54,16.17,22.68,0.66,20.31,0.64,1.63,65.62
2010-06-29,23.75,18.1,20.43,22.64,10.09,0.66,2.22,79.29
2010-06-30,27.56,16.29,22.18,2.18,23.84,0.68,3.21,74.84
2010-07-01,28.76,18.06,23.86,2.63,22.71,0.67,1.89,71.52
2010-07-02,31.29,18.61,25.16,0.84,22.13,0.67,2.74,70.67
2010-07-03,27.38,18.5,22.92,3.61,22.44,0.66,3.32,75.26
2010-07-04,31.5,16.97,24.14,0.01,27.94,0.66,2.61,64.66
2010-07-05,30.89,17.22,23.96,0.01,25.84,0.65,2.89,63.86
2010-07-06,31.86,17.72,24.69,0.0,27.67,0.65,2.39,59.03
2010-07-07,31.98,18.0,25.15,0.11,25.86,0.64,3.6,56.17
2010-07-08,19.61,15.82,17.71,34.04,7.65,0.67,5.82,78.53
2010-07-09,24.45,15.88,20.02,17.62,10.76,0.71,6.84,82.13
2010-07-10,26.43,17.51,21.57,1.23,13.47,0.71,4.66,79.84
2010-07-11,29.12,16.48,23.3,0.11,24.11,0.7,2.38,75.01
2010-07-12,30.82,18.83,25.1,0.45,26.41,0.69,1.59,71.26
2010-07-13,31.94,19.47,26.41,0.0,27.84,0.68,1.84,65.05
2010-07-14,32.28,20.35,26.76,3.32,24.56,0.67,2.55,65.51
2010-07-15,31.09,20.66,26.02,3.58,22.16,0.67,3.26,70.58
2010-07-16,32.23,19.8,25.97,0.61,27.73,0.67,4.69,70.24
2010-07-17,33.02,18.49,25.72,0.0,29.06,0.66,3.96,64.51
2010-07-18,33.64,19.33,26.16,0.0,28.29,0.66,3.76,60.37
2010-07-19,34.28,19.13,26.43,0.0,28.31,0.65,4.47,54.47
2010-07-20,29.65,20.78,24.85,0.24,19.19,0.65,4.3,66.96
2010-07-21,33.09,19.63,26.27,1.42,24.61,0.64,4.13,67.14
2010-07-22,35.24,20.07,27.61,0.13,25.88,0.64,4.17,61.61
2010-07-23,35.41,21.05,27.86,0.01,25.81,0.64,3.88,61.45
2010-07-24,34.93,20.6,27.63,0.0,27.44,0.63,2.35,58.26
2010-07-25,33.63,20.11,26.78,0.65,21.36,0.63,2.27,60.56
2010-07-26,32.5,20.91,25.9,11.5,18.76,0.64,3.75,71.61
2010-07-27,31.03,19.59,24.7,0.79,19.81,0.65,2.35,67.45
2010-07-28,29.72,18.11,23.56,0.12,24.29,0.64,3.37,61.67
2010-07-29,31.28,16.17,23.65,0.0,26.93,0.64,3.29,55.04
2010-07-30,32.25,17.01,24.33,0.0,26.35,0.63,4.49,62.1
2010-07-31,35.12,19.2,26.88,0.0,17.13,0.63,4.18,68.9
2010-08-01,35.73,21.19,28.33,0.0,23.43,0.62,3.08,64.4
2010-08-02,35.83,21.25,28.41,0.0,23.53,0.62,4.11,60.46
2010-08-03,37.02,22.39,28.87,0.0,25.7,0.62,4.52,55.94
2010-08-04,37.56,20.45,28.49,0.0,26.46,0.61,3.95,54.72
2010-08-05,34.51,21.45,27.55,0.04,13.04,0.61,2.96,65.88
2010-08-06,38.48,21.99,29.97,0.0,25.32,0.61,2.55,58.78
2010-08-07,38.84,24.4,30.94,0.0,24.05,0.61,1.79,52.38
2010-08-08,38.27,23.81,30.63,0.0,23.82,0.61,3.04,53.53
2010-08-09,37.53,22.8,29.77,0.03,22.71,0.6,4.98,48.36
2010-08-10,38.03,23.01,29.88,0.0,25.18,0.6,5.08,44.91
2010-08-11,39.32,22.31,30.3,0.0,25.18,0.6,4.09,42.67
2010-08-12,40.4,22.96,31.33,0.0,25.26,0.6,3.88,42.99
2010-08-13,39.49,22.92,30.78,0.0,25.42,0.6,3.42,52.41
2010-08-14,39.23,22.86,30.63,0.0,24.68,0.6,4.17,53.32
2010-08-15,38.9,23.02,30.32,0.0,24.81,0.6,3.86,49.67
2010-08-16,38.58,21.61,29.51,0.0,23.92,0.6,4.04,53.79
2010-08-17,39.18,23.06,30.44,0.01,23.3,0.6,3.3,51.26
2010-08-18,36.45,23.0,29.13,0.31,23.08,0.6,3.39,53.21
2010-08-19,37.8,21.88,29.61,0.0,24.65,0.6,2.22,43.85
2010-08-20,36.73,22.35,28.88,0.0,22.17,0.6,4.14,48.04
2010-08-21,32.03,19.62,25.59,0.0,22.05,0.6,5.55,51.01
2010-08-22,30.47,17.62,23.45,0.0,22.87,0.6,7.01,51.15
2010-08-23,32.14,18.17,24.39,0.0,20.96,0.6,5.58,52.65
2010-08-24,33.77,16.79,24.62,0.0,24.76,0.6,3.6,55.82
2010-08-25,36.39,16.41,25.94,0.0,25.49,0.6,2.2,52.07
2010-08-26,36.42,20.68,27.71,0.0,21.42,0.6,4.23,49.34
2010-08-27,35.49,19.78,27.12,0.0,24.27,0.6,3.2,51.65
2010-08-28,38.43,19.39,28.35,0.0,24.85,0.6,2.23,45.78
2010-08-29,35.4,20.93,27.7,0.0,22.95,0.6,4.88,51.62
2010-08-30,31.46,19.98,25.09,0.0,14.4,0.6,4.96,61.15
2010-08-31,33.88,16.4,25.5,1.0,19.13,0.6,4.63,62.59
2010-09-01,25.48,13.17,18.41,13.69,16.87,0.61,5.55,50.01
2010-09-02,26.3,11.37,18.58,0.0,24.03,0.62,3.62,53.92
2010-09-03,28.04,12.33,20.05,0.0,22.95,0.62,3.02,51.98
2010-09-04,29.22,14.35,21.45,2.48,18.04,0.61,3.99,60.58
2010-09-05,26.76,16.33,20.89,3.43,15.09,0.62,3.87,72.93
2010-09-06,28.04,14.64,20.77,0.0,16.42,0.62,3.92,65.94
2010-09-07,29.0,14.85,21.39,0.0,20.12,0.61,2.69,64.32
2010-09-08,31.07,14.78,22.26,0.0,22.38,0.61,2.18,61.5
2010-09-09,31.82,15.1,22.88,0.0,21.58,0.61,4.12,61.79
2010-09-10,28.11,17.58,21.69,0.06,16.51,0.61,7.85,70.43
2010-09-11,26.34,16.13,20.28,0.01,13.57,0.61,6.82,63.05
2010-09-12,22.22,16.19,18.43,6.6,5.85,0.61,5.14,76.09
2010-09-13,27.01,13.81,19.94,0.0,18.52,0.62,3.58,58.23
2010-09-14,27.84,13.14,20.44,0.0,17.28,0.61,2.98,58.98
2010-09-15,29.35,14.67,21.05,0.0,20.51,0.61,3.09,56.58
2010-09-16,29.96,14.23,21.16,0.0,20.97,0.61,1.93,56.46
2010-09-17,31.22,15.12,22.29,0.0,20.0,0.61,1.65,61.42
2010-09-18,32.9,15.64,23.64,0.0,20.28,0.6,2.36,55.24
2010-09-19,32.67,18.5,24.78,0.0,17.55,0.6,2.39,45.88
2010-09-20,27.64,16.6,21.39,3.44,17.41,0.6,3.88,68.32
2010-09-21,25.76,13.19,18.6,0.84,18.12,0.61,4.7,63.79
2010-09-22,24.75,10.99,17.08,0.0,16.46,0.61,5.27,59.96
2010-09-23,24.59,11.63,17.77,0.0,15.79,0.61,6.54,65.16
2010-09-24,24.87,14.44,18.91,0.0,11.62,0.61,5.25,68.82
2010-09-25,28.33,14.75,21.09,0.0,11.72,0.6,3.31,70.33
2010-09-26,30.32,19.2,23.26,2.68,10.97,0.61,6.04,70.76
2010-09-27,29.3,18.48,22.7,0.05,15.15,0.61,5.16,65.87
2010-09-28,30.19,15.32,21.9,0.0,15.34,0.61,4.17,63.42
2010-09-29,24.84,15.6,20.02,11.78,10.44,0.61,3.37,77.63
2010-09-30,22.85,11.91,16.61,0.52,15.48,0.63,4.08,63.98
2010-10-01,21.66,9.05,15.38,0.0,14.35,0.62,2.38,57.2
2010-10-02,21.85,10.44,15.32,0.0,13.22,0.62,2.65,65.57
2010-10-03,20.34,8.33,13.59,0.79,10.31,0.62,3.74,72.35
2010-10-04,19.84,9.16,13.55,0.78,11.38,0.62,4.23,72.11
2010-10-05,21.1,9.79,14.6,0.07,8.97,0.62,3.6,69.89
2010-10-06,16.88,11.28,13.21,5.98,5.67,0.62,4.59,79.91
2010-10-07,17.73,7.36,12.46,2.33,8.06,0.63,6.85,71.18
2010-10-08,12.3,3.12,7.29,0.7,10.72,0.63,8.0,69.76
2010-10-09,15.35,2.73,9.09,0.2,9.71,0.63,4.59,67.04
2010-10-10,17.08,5.9,11.35,0.05,12.83,0.62,2.86,64.89
2010-10-11,17.87,6.08,11.67,0.03,13.24,0.62,2.37,70.05
2010-10-12,17.92,9.82,13.34,2.15,5.94,0.62,2.16,84.39
2010-10-13,18.08,9.98,14.42,11.58,6.08,0.63,2.68,88.85
2010-10-14,15.64,12.76,14.07,18.36,3.37,0.66,5.95,90.61
2010-10-15,18.76,11.51,14.45,8.29,3.87,0.69,3.76,82.76
2010-10-16,19.03,10.41,14.36,1.5,5.16,0.68,3.0,89.96
2010-10-17,20.81,12.87,16.0,1.03,8.55,0.68,2.2,87.13
2010-10-18,20.2,12.79,16.17,15.7,4.34,0.69,4.54,91.53
2010-10-19,23.69,14.76,17.91,5.49,11.77,0.7,6.06,84.78
2010-10-20,21.54,14.12,16.76,4.33,9.19,0.71,5.29,86.04
2010-10-21,21.34,10.79,15.44,0.11,9.88,0.7,4.21,76.86
2010-10-22,15.94,5.48,9.97,0.02,12.29,0.7,5.05,66.31
2010-10-23,16.82,3.53,9.24,0.05,13.43,0.69,3.29,78.15
2010-10-24,19.18,7.0,12.3,0.0,10.19,0.69,2.61,83.61
2010-10-25,17.65,7.66,12.31,0.09,10.31,0.69,2.2,86.32
2010-10-26,22.33,11.65,15.67,2.32,6.66,0.69,3.53,90.31
2010-10-27,14.8,10.58,12.17,26.16,3.16,0.7,6.12,88.79
2010-10-28,10.45,5.27,8.09,22.76,2.42,0.76,9.68,85.29
2010-10-29,10.66,1.96,5.36,0.78,9.65,0.76,5.35,67.34
2010-10-30,12.57,-1.01,5.18,0.0,13.19,0.75,2.23,75.79
2010-10-31,16.21,1.75,7.87,0.0,12.73,0.75,2.52,86.39
2010-11-01,16.85,4.9,9.5,0.0,12.87,0.74,2.1,87.02
2010-11-02,17.29,5.07,9.84,0.02,11.87,0.74,2.17,83.14
2010-11-03,15.14,5.34,9.19,0.07,8.9,0.74,1.48,89.6
2010-11-04,19.99,6.76,12.52,0.05,9.18,0.74,1.54,80.04
2010-11-05,21.17,10.33,14.34,0.02,11.56,0.74,1.59,70.7
2010-11-06,21.34,7.95,13.5,0.02,11.76,0.73,2.39,76.46
2010-11-07,19.72,7.27,12.05,0.0,10.87,0.73,2.84,89.0
2010-11-08,20.05,9.22,15.17,0.03,7.49,0.73,7.16,91.17
2010-11-09,21.93,16.39,18.42,1.33,6.33,0.73,10.79,82.84
2010-11-10,22.69,16.72,18.92,0.0,9.51,0.73,10.67,81.95
2010-11-11,22.45,15.95,18.27,0.0,8.75,0.73,6.29,87.68
2010-11-12,17.95,11.81,14.83,0.31,6.26,0.73,3.11,95.04
2010-11-13,20.9,10.96,14.94,0.0,9.35,0.73,1.83,86.29
2010-11-14,21.87,10.94,14.92,0.0,9.86,0.72,1.92,85.48
2010-11-15,23.19,10.04,15.0,0.02,7.77,0.72,2.44,80.34
2010-11-16,19.87,11.41,14.32,0.15,8.05,0.72,1.54,83.7
2010-11-17,19.17,10.12,13.8,0.3,8.03,0.72,2.47,91.87
2010-11-18,19.26,9.81,14.08,3.81,7.53,0.73,4.49,86.43
2010-11-19,19.64,8.23,12.95,0.0,9.47,0.72,2.83,87.65
2010-11-20,17.92,9.12,13.11,0.0,8.3,0.72,2.01,84.63
2010-11-21,16.98,6.93,11.25,0.05,5.25,0.72,1.58,84.92
2010-11-22,15.33,6.5,10.31,0.0,4.4,0.72,3.43,88.23
2010-11-23,19.5,9.55,13.81,8.72,6.91,0.73,7.26,86.11
2010-11-24,16.84,9.66,12.52,1.1,7.87,0.73,5.88,79.51
2010-11-25,15.1,7.52,10.42,1.64,7.2,0.73,2.68,85.0
2010-11-26,16.86,7.4,12.38,6.35,2.64,0.73,6.68,92.35
2010-11-27,17.4,13.43,15.36,3.93,2.84,0.74,6.16,93.34
2010-11-28,19.28,11.47,14.56,8.18,5.06,0.75,4.02,93.06
2010-11-29,20.3,14.7,16.97,0.2,7.37,0.76,7.87,90.41
2010-11-30,20.16,12.83,15.51,0.0,5.26,0.75,4.61,89.13
2010-12-01,20.09,14.8,16.92,0.0,5.43,0.75,7.27,90.16
2010-12-02,21.25,16.69,18.3,0.0,5.72,0.75,7.73,85.27
2010-12-03,20.79,13.7,16.12,0.0,7.62,0.74,5.57,83.08
2010-12-04,19.63,13.92,16.59,2.34,5.06,0.74,6.54,89.57
2010-12-05,12.46,0.16,4.8,1.49,6.14,0.75,5.67,74.37
2010-12-06,9.73,-0.66,3.67,0.0,8.37,0.75,2.28,81.0
2010-12-07,14.04,1.31,6.73,0.0,6.2,0.75,3.18,91.8
2010-12-08,16.19,6.38,10.64,0.06,4.63,0.74,3.97,94.62
2010-12-09,17.63,11.3,13.68,0.31,3.65,0.74,5.83,95.86
2010-12-10,13.71,0.94,4.67,10.03,2.27,0.76,7.32,66.19
2010-12-11,0.95,-3.82,-0.68,0.29,3.06,0.76,8.03,70.28
2010-12-12,2.73,-5.86,-2.47,0.0,8.65,0.75,3.29,70.43
2010-12-13,2.97,-2.7,0.27,4.67,2.12,0.75,4.02,86.76
2010-12-14,5.42,-2.32,0.62,1.26,4.58,0.76,3.08,84.39
2010-12-15,-0.3,-2.69,-1.74,2.73,1.86,0.76,4.08,81.38
2010-12-16,1.65,-2.42,-0.1,10.61,1.05,0.76,7.39,87.08
2010-12-17,1.1,-3.73,-1.48,9.64,2.47,0.77,5.35,82.86
2010-12-18,7.71,-6.79,1.35,0.32,5.38,0.78,5.12,87.44
2010-12-19,8.42,0.61,4.55,1.17,4.08,0.79,4.82,81.82
2010-12-20,13.49,0.15,7.14,0.09,3.29,0.79,3.86,96.96
2010-12-21,16.73,9.15,11.64,0.04,5.36,0.79,4.9,95.4
2010-12-22,17.11,7.97,11.22,0.02,6.44,0.79,4.22,94.02
2010-12-23,16.93,7.53,10.97,0.1,4.99,0.78,3.9,93.25
2010-12-24,16.89,10.15,12.59,0.12,5.63,0.78,5.27,93.6
2010-12-25,18.88,10.29,13.6,1.42,4.67,0.78,6.56,89.11
2010-12-26,13.3,8.36,10.8,4.51,3.08,0.78,2.75,95.27
2010-12-27,9.81,5.1,7.49,11.16,2.0,0.8,4.33,92.19
2010-12-28,4.37,-4.75,0.61,14.89,2.32,0.81,6.0,85.69
2010-12-29,1.37,-7.57,-4.19,0.02,3.28,0.81,4.35,88.06
2010-12-30,1.84,-7.79,-4.46,0.0,8.45,0.81,3.45,86.65
2010-12-31,3.72,-6.91,-2.23,0.0,8.48,0.81,1.32,72.54
2011-01-01,6.0,-3.86,-0.57,0.0,8.79,0.81,2.15,86.76
2011-01-02,7.05,-0.81,3.34,0.21,4.81,0.81,2.81,96.3
2011-01-03,3.8,-0.56,2.05,10.54,1.76,0.82,5.65,92.35
2011-01-04,2.51,-3.28,-1.11,0.89,4.4,0.82,6.21,82.05
2011-01-05,4.68,-2.71,0.16,0.34,5.66,0.82,4.28,86.32
2011-01-06,5.25,-3.76,-0.67,0.99,6.43,0.82,3.26,88.62
2011-01-07,6.9,-2.57,1.49,0.98,8.11,0.82,1.65,82.45
2011-01-08,8.4,-0.91,2.35,0.0,8.57,0.82,1.97,89.38
2011-01-09,11.01,0.61,5.21,0.01,6.58,0.82,1.61,91.57
2011-01-10,7.36,1.17,3.82,0.03,7.04,0.82,1.41,96.83
2011-01-11,10.93,2.98,5.11,0.02,6.77,0.82,2.48,92.66
2011-01-12,7.44,2.99,4.97,0.0,4.97,0.82,1.65,95.84
2011-01-13,8.06,4.23,5.55,0.0,3.93,0.82,2.37,95.61
2011-01-14,10.88,4.14,6.46,0.0,4.73,0.82,1.89,89.03
2011-01-15,13.72,2.75,6.94,0.98,7.84,0.82,2.47,92.28
2011-01-16,11.13,2.61,6.91,12.59,3.22,0.84,5.63,87.04
2011-01-17,8.19,-0.8,2.57,0.07,7.18,0.84,3.43,83.74
2011-01-18,9.48,-1.54,2.76,0.0,9.7,0.83,1.75,87.95
2011-01-19,9.69,-0.33,3.11,0.0,8.68,0.83,1.76,90.21
2011-01-20,7.54,0.79,3.64,0.01,5.49,0.83,2.13,92.61
2011-01-21,11.52,4.54,7.06,2.07,5.41,0.83,2.61,94.76
2011-01-22,12.43,5.56,8.76,5.49,5.57,0.84,3.56,93.06
2011-01-23,13.18,1.24,7.74,3.96,7.18,0.84,4.7,86.04
2011-01-24,3.76,0.05,1.52,4.37,3.16,0.84,3.79,86.76
2011-01-25,1.35,-2.91,-0.72,8.11,1.93,0.85,7.01,86.22
2011-01-26,3.12,-6.0,-1.38,0.39,4.37,0.85,2.58,85.53
2011-01-27,5.41,-4.28,-0.53,0.0,7.63,0.85,1.9,82.86
2011-01-28,4.45,-2.6,0.85,0.02,4.69,0.85,5.25,90.93
2011-01-29,4.18,-3.59,-0.22,0.22,6.93,0.85,7.52,85.43
2011-01-30,3.64,-5.81,-1.95,0.01,10.42,0.85,3.16,74.6
2011-01-31,4.12,-4.56,-1.46,0.0,9.52,0.85,2.57,75.42
2011-02-01,2.38,-5.86,-2.59,0.0,11.51,0.85,3.58,80.05
2011-02-02,4.79,-4.03,-0.62,0.0,12.39,0.85,1.28,71.53
2011-02-03,3.31,-4.67,-1.29,0.0,9.98,0.85,4.84,84.5
2011-02-04,5.18,-3.45,-0.32,0.0,10.06,0.84,5.58,85.89
2011-02-05,6.85,-3.38,0.64,0.0,12.33,0.84,2.4,83.52
2011-02-06,13.62,-0.42,4.69,0.0,12.4,0.84,3.26,82.24
2011-02-07,13.33,-1.1,5.6,0.0,12.41,0.84,2.24,76.75
2011-02-08,14.76,0.25,6.4,0.0,11.92,0.84,2.45,80.95
2011-02-09,12.09,0.1,4.35,0.0,12.19,0.84,4.2,76.6
2011-02-10,10.31,-2.55,2.59,0.0,12.95,0.84,3.13,81.28
2011-02-11,9.85,-1.31,3.02,0.0,13.59,0.84,3.14,83.03
2011-02-12,15.04,1.66,6.91,0.0,12.26,0.83,5.04,82.83
2011-02-13,9.66,-3.06,3.22,0.0,12.17,0.83,2.68,77.4
2011-02-14,10.94,-0.55,4.66,0.01,7.5,0.83,2.42,80.96
2011-02-15,6.25,-2.69,1.94,0.04,3.8,0.83,5.24,80.6
2011-02-16,5.19,-3.91,-0.22,0.01,8.15,0.83,3.74,82.38
2011-02-17,7.86,-2.87,2.93,0.05,7.0,0.83,2.94,87.98
2011-02-18,13.29,5.64,8.37,1.51,7.13,0.83,2.62,91.13
2011-02-19,11.89,4.18,7.59,10.48,4.05,0.84,7.34,89.33
2011-02-20,4.21,-2.36,2.16,1.06,5.25,0.84,5.16,87.76
2011-02-21,5.72,-3.65,0.81,0.0,10.4,0.84,3.25,87.88
2011-02-22,4.87,-0.26,2.14,5.34,3.37,0.84,4.6,95.41
2011-02-23,7.01,0.96,3.41,6.72,3.45,0.85,5.63,92.04
2011-02-24,4.97,-0.15,2.3,5.94,3.39,0.86,7.94,85.27
2011-02-25,4.92,-1.56,0.95,2.09,2.83,0.86,9.05,82.22
2011-02-26,2.51,-4.98,-1.6,0.71,4.57,0.85,7.21,78.19
2011-02-27,3.43,-4.89,-1.7,0.0,5.02,0.85,5.17,77.28
2011-02-28,6.12,-3.89,0.06,0.01,5.29,0.85,4.5,81.47
2011-03-01,5.32,-3.93,-0.48,0.01,5.81,0.85,4.48,80.18
2011-03-02,4.32,-3.81,0.08,0.77,5.2,0.85,5.68,84.02
2011-03-03,6.69,-0.54,2.33,0.14,7.9,0.85,5.23,82.96
2011-03-04,8.36,-3.25,1.71,0.05,6.07,0.85,3.87,82.12
2011-03-05,9.04,-3.87,2.55,0.0,14.99,0.85,1.71,74.59
2011-03-06,7.44,0.43,3.31,1.5,7.97,0.85,2.26,82.18
2011-03-07,4.98,-1.42,1.23,0.4,9.72,0.85,7.85,72.2
2011-03-08,2.31,-3.33,-0.64,0.08,11.22,0.84,10.16,69.84
2011-03-09,1.68,-3.55,-1.38,0.18,10.58,0.84,8.42,69.25
2011-03-10,5.06,-2.8,0.77,0.06,7.34,0.84,3.8,70.29
2011-03-11,11.63,-2.13,4.2,0.0,17.3,0.84,2.04,62.85
2011-03-12,15.7,-0.23,6.42,0.0,17.94,0.83,2.62,79.13
2011-03-13,16.1,0.54,7.34,0.0,18.91,0.83,3.46,75.06
2011-03-14,17.87,1.06,8.45,0.0,19.33,0.83,3.97,83.84
2011-03-15,17.7,5.29,10.47,0.0,16.73,0.83,4.22,85.64
2011-03-16,19.57,6.14,11.77,0.0,16.65,0.82,4.06,85.57
2011-03-17,18.56,7.37,11.92,1.23,8.38,0.82,4.97,88.4
2011-03-18,16.21,8.93,11.96,3.6,3.56,0.82,2.34,91.49
2011-03-19,9.09,5.18,7.45,3.6,5.13,0.83,4.9,91.73
2011-03-20,9.38,2.21,5.63,1.76,6.18,0.83,6.17,86.7
2011-03-21,10.2,0.55,4.66,0.28,5.3,0.83,7.12,78.32
2011-03-22,8.5,-1.22,2.91,0.0,15.82,0.82,5.72,74.32
2011-03-23,13.12,-2.14,5.64,0.01,17.67,0.82,3.1,73.95
2011-03-24,16.18,2.69,9.72,0.03,20.35,0.82,3.36,67.78
2011-03-25,18.73,2.46,10.13,0.0,21.27,0.81,3.58,74.19
2011-03-26,20.14,5.94,12.31,0.0,20.59,0.81,5.97,80.25
2011-03-27,17.83,9.03,13.0,1.52,12.6,0.81,4.0,81.41
2011-03-28,16.81,5.78,10.25,0.0,11.53,0.81,3.17,86.08
2011-03-29,16.68,6.86,11.48,1.37,10.63,0.8,4.42,91.24
2011-03-30,16.07,6.6,11.53,2.91,13.6,0.81,3.0,87.01
2011-03-31,17.65,5.27,10.84,0.56,14.59,0.81,3.45,81.19
2011-04-01,12.84,7.27,9.21,1.74,8.68,0.8,5.33,87.1
2011-04-02,10.15,6.22,8.09,21.7,3.53,0.82,7.08,90.76
2011-04-03,9.96,5.07,6.95,4.41,5.62,0.84,5.03,86.45
2011-04-04,13.12,3.84,7.55,0.36,8.8,0.83,2.9,84.4
2011-04-05,16.23,4.12,9.59,0.0,13.06,0.83,1.56,83.2
2011-04-06,14.34,5.32,9.76,0.0,10.22,0.83,3.9,82.13
2011-04-07,18.45,4.91,11.78,0.0,20.66,0.82,2.93,72.68
2011-04-08,21.59,7.79,13.87,0.01,12.2,0.82,5.58,71.81
2011-04-09,21.0,5.39,13.44,0.07,14.77,0.81,5.13,67.52
2011-04-10,15.01,5.47,9.98,0.05,18.85,0.8,4.65,65.51
2011-04-11,10.69,4.0,6.51,0.9,14.19,0.8,3.92,70.19
2011-04-12,15.8,0.95,8.9,0.0,14.17,0.8,3.21,66.93
2011-04-13,19.3,7.85,13.93,0.22,16.48,0.8,6.66,79.43
2011-04-14,13.31,3.98,9.42,16.15,7.3,0.81,6.78,78.55
2011-04-15,15.17,2.48,9.03,0.04,18.84,0.81,3.32,71.41
2011-04-16,14.22,3.25,8.43,0.0,21.33,0.81,3.96,73.99
2011-04-17,14.52,2.86,8.53,0.86,22.69,0.8,5.97,66.56
2011-04-18,8.92,4.34,5.97,7.46,4.47,0.81,7.34,83.37
2011-04-19,12.21,4.04,7.82,2.83,9.47,0.81,4.06,84.12
2011-04-20,15.73,2.42,9.81,1.58,16.55,0.81,5.72,73.21
2011-04-21,16.32,0.84,8.03,0.0,27.29,0.8,4.33,61.53
2011-04-22,15.52,0.41,7.31,0.0,27.27,0.8,4.35,71.91
2011-04-23,15.99,2.96,8.53,0.0,25.55,0.79,3.84,70.58
2011-04-24,17.34,0.52,8.96,0.0,25.07,0.79,3.48,75.15
2011-04-25,15.76,4.38,9.55,0.0,10.96,0.78,4.2,79.12
2011-04-26,17.25,4.25,10.7,0.0,25.08,0.78,4.16,75.99
2011-04-27,14.36,6.38,9.87,2.73,5.04,0.78,3.12,89.6
2011-04-28,15.89,7.09,10.78,0.94,8.7,0.78,2.58,86.81
2011-04-29,18.48,6.14,12.74,0.0,15.71,0.78,2.45,81.1
2011-04-30,20.01,9.89,14.78,0.14,17.54,0.77,2.08,78.6
2011-05-01,19.8,10.0,14.79,0.4,15.24,0.77,3.29,82.87
2011-05-02,22.5,10.57,16.74,0.7,19.7,0.77,3.01,79.96
2011-05-03,20.85,11.64,15.97,4.15,11.8,0.77,2.84,85.44
2011-05-04,20.51,11.56,16.1,7.12,12.32,0.78,2.83,85.11
2011-05-05,17.2,10.94,13.95,3.87,13.36,0.78,3.41,83.46
2011-05-06,17.29,5.81,11.86,5.45,20.93,0.78,4.5,72.15
2011-05-07,18.55,3.48,11.31,0.01,28.69,0.78,2.5,66.16
2011-05-08,12.89,6.82,10.1,0.76,13.73,0.77,2.99,83.96
2011-05-09,17.62,7.0,11.71,0.02,19.13,0.77,3.53,73.13
2011-05-10,20.35,7.5,13.43,0.0,23.83,0.76,4.47,72.03
2011-05-11,18.48,6.68,12.74,0.09,24.22,0.76,4.54,73.41
2011-05-12,18.15,8.1,12.75,0.81,17.56,0.75,4.21,77.2
2011-05-13,21.29,6.4,15.09,0.39,19.94,0.75,2.77,69.31
2011-05-14,23.41,9.41,17.41,1.68,23.69,0.74,2.3,67.54
2011-05-15,25.1,11.2,17.97,0.0,26.87,0.74,2.82,69.52
2011-05-16,26.72,10.77,18.53,0.0,28.96,0.73,3.94,65.79
2011-05-17,26.56,12.27,18.54,0.01,27.54,0.72,3.53,66.22
2011-05-18,22.77,11.3,16.11,0.3,21.64,0.71,4.4,69.72
2011-05-19,20.59,10.65,15.41,1.49,12.85,0.71,2.9,78.41
2011-05-20,25.56,10.47,18.16,0.27,23.82,0.71,2.96,71.95
2011-05-21,26.43,12.13,19.4,0.0,26.61,0.7,3.3,69.36
2011-05-22,26.6,12.65,19.92,0.69,26.56,0.7,3.1,68.86
2011-05-23,26.88,11.56,19.3,0.0,27.07,0.69,3.51,69.63
2011-05-24,26.86,12.15,19.53,0.0,28.45,0.68,3.58,66.05
2011-05-25,27.6,12.32,20.02,0.0,26.51,0.68,3.91,66.9
2011-05-26,27.94,13.02,20.19,0.01,23.55,0.67,5.69,66.0
2011-05-27,25.79,13.06,18.93,0.0,24.4,0.67,5.79,71.49
2011-05-28,24.37,12.72,18.41,0.02,21.64,0.67,4.26,71.0
2011-05-29,26.14,10.91,18.84,0.0,25.51,0.66,3.25,67.54
2011-05-30,22.87,12.6,18.5,0.36,20.33,0.66,3.09,69.93
2011-05-31,25.41,11.92,19.5,0.11,18.32,0.66,2.2,72.04
2011-06-01,25.22,14.05,20.13,0.07,20.3,0.66,1.68,73.2
2011-06-02,28.38,14.85,21.87,4.46,24.06,0.66,1.94,69.69
2011-06-03,27.19,16.1,21.73,2.09,16.74,0.66,3.09,69.63
2011-06-04,29.45,13.56,22.06,0.09,26.76,0.66,3.17,59.93
2011-06-05,31.14,14.69,23.28,0.48,26.87,0.65,3.24,57.36
2011-06-06,29.79,15.63,22.4,0.0,29.97,0.65,3.64,59.13
2011-06-07,29.59,13.65,21.62,0.0,30.34,0.64,3.7,58.95
2011-06-08,32.41,14.23,23.27,0.0,28.67,0.64,2.82,58.15
2011-06-09,34.94,17.69,25.87,2.03,28.52,0.63,4.29,53.13
2011-06-10,28.65,17.44,22.91,4.57,21.99,0.64,3.31,59.55
2011-06-11,26.53,15.95,20.82,0.55,11.91,0.64,3.39,66.64
2011-06-12,22.59,15.86,19.47,10.01,11.75,0.65,1.81,79.49
2011-06-13,24.81,15.38,20.18,4.82,16.88,0.66,2.56,72.46
2011-06-14,26.39,16.0,21.21,3.8,18.79,0.66,1.94,68.74
2011-06-15,27.54,14.85,21.23,0.09,27.28,0.66,3.82,66.06
2011-06-16,28.72,14.8,21.78,0.34,24.66,0.65,3.24,62.84
2011-06-17,31.22,15.16,23.23,0.07,28.16,0.65,2.68,58.59
2011-06-18,31.53,15.19,23.55,0.0,28.74,0.64,2.79,57.5
2011-06-19,32.94,16.02,24.71,0.0,29.91,0.64,2.36,56.7
2011-06-20,31.94,17.89,24.46,0.0,21.96,0.63,4.21,58.45
2011-06-21,31.16,15.57,23.47,0.0,29.01,0.63,2.53,53.32
2011-06-22,31.0,14.53,22.69,0.0,31.18,0.62,3.82,56.85
2011-06-23,32.98,14.96,24.08,0.0,26.96,0.62,3.94,50.35
2011-06-24,33.88,15.67,24.52,0.0,31.19,0.62,3.77,55.65
2011-06-25,33.22,15.1,23.02,25.28,25.58,0.63,4.4,65.78
2011-06-26,25.14,13.7,19.46,4.15,22.78,0.66,4.47,59.77
2011-06-27,25.28,13.02,19.72,0.05,23.71,0.66,4.22,48.61
2011-06-28,26.12,13.04,20.02,2.35,22.43,0.65,3.38,52.48
2011-06-29,24.1,14.56,19.58,0.08,18.1,0.65,1.7,62.02
2011-06-30,27.63,16.17,22.15,3.02,20.1,0.65,3.35,60.97
2011-07-01,27.65,16.43,21.57,6.68,19.27,0.65,3.08,76.33
2011-07-02,29.26,14.06,21.89,0.02,26.82,0.65,2.68,61.68
2011-07-03,32.03,16.18,23.29,3.09,23.78,0.65,4.3,64.1
2011-07-04,28.33,14.03,21.52,2.26,27.14,0.65,2.89,58.76
2011-07-05,32.02,17.56,24.79,0.03,27.03,0.64,2.16,54.02
2011-07-06,29.17,18.92,23.73,1.91,18.51,0.64,2.04,64.15
2011-07-07,31.77,16.55,24.78,0.0,27.54,0.64,2.25,56.35
2011-07-08,34.12,19.13,26.09,0.0,29.6,0.63,2.83,51.8
2011-07-09,34.76,17.1,25.65,0.0,30.34,0.63,3.89,52.99
2011-07-10,35.94,17.13,26.36,0.0,29.99,0.62,4.41,50.01
2011-07-11,34.2,18.47,26.09,0.0,30.03,0.62,4.63,53.86
2011-07-12,35.12,18.06,26.25,0.0,28.68,0.61,3.9,52.83
2011-07-13,33.16,18.78,26.09,0.29,25.69,0.61,4.3,54.29
2011-07-14,34.73,18.95,26.59,0.0,26.78,0.61,3.86,58.91
2011-07-15,36.26,19.26,27.45,0.0,28.3,0.61,3.36,52.67
2011-07-16,37.01,18.97,28.02,0.0,29.08,0.61,2.84,44.29
2011-07-17,38.29,20.64,29.28,0.38,28.96,0.6,2.52,43.39
2011-07-18,37.31,20.61,28.79,0.04,27.79,0.6,2.51,46.72
2011-07-19,38.32,21.35,30.04,0.0,27.38,0.6,2.56,42.66
2011-07-20,39.2,21.12,30.26,0.01,28.42,0.6,3.1,43.76
2011-07-21,33.37,22.65,27.86,0.03,21.33,0.6,4.47,45.37
2011-07-22,35.11,19.24,27.66,0.28,25.95,0.6,2.36,38.23
2011-07-23,35.15,21.54,28.3,0.04,25.83,0.6,3.26,41.45
2011-07-24,36.15,20.38,27.76,0.21,27.17,0.6,4.25,51.4
2011-07-25,37.01,19.34,28.16,0.18,26.47,0.6,3.14,53.22
2011-07-26,35.95,21.76,28.21,0.59,23.48,0.6,4.33,53.3
2011-07-27,35.69,20.64,28.83,0.0,26.62,0.6,1.87,45.86
2011-07-28,36.54,22.16,28.8,0.0,26.86,0.6,4.36,46.18
2011-07-29,35.92,20.29,27.77,0.0,26.51,0.6,4.08,46.57
2011-07-30,35.06,19.99,27.66,2.48,22.71,0.6,2.84,48.97
2011-07-31,34.15,19.62,26.91,0.0,24.87,0.6,2.97,41.78
2011-08-01,35.71,19.22,27.43,0.76,24.87,0.6,1.89,50.74
2011-08-02,30.29,20.52,24.94,2.0,19.2,0.6,3.31,56.88
2011-08-03,32.2,18.82,25.51,3.71,22.67,0.6,3.53,55.41
2011-08-04,33.12,18.02,25.51,0.0,26.52,0.61,3.46,55.94
2011-08-05,31.08,19.37,24.78,0.86,22.16,0.61,4.76,59.45
2011-08-06,30.8,18.09,23.97,0.0,24.5,0.6,5.22,54.32
2011-08-07,32.46,16.67,24.26,0.0,26.19,0.6,4.2,52.78
2011-08-08,34.25,16.95,25.05,0.0,26.94,0.6,3.82,54.06
2011-08-09,36.78,16.87,26.03,0.0,27.46,0.6,3.02,53.69
2011-08-10,35.51,17.99,26.29,0.06,26.5,0.6,4.38,54.64
2011-08-11,23.46,16.41,19.93,8.63,9.58,0.61,7.54,67.26
2011-08-12,30.25,14.15,21.94,0.0,21.88,0.61,5.46,53.21
2011-08-13,32.46,15.56,23.9,0.0,25.83,0.61,3.16,50.45
2011-08-14,33.8,17.31,25.66,0.0,23.3,0.61,2.47,49.65
2011-08-15,35.07,18.91,26.98,0.0,24.49,0.6,2.34,46.18
2011-08-16,35.92,19.27,27.65,0.0,24.16,0.6,2.43,44.03
2011-08-17,36.32,20.08,28.09,0.0,23.83,0.6,3.25,45.31
2011-08-18,33.75,20.42,26.42,0.0,24.34,0.6,4.71,51.14
2011-08-19,32.64,18.82,25.06,0.0,25.59,0.6,4.16,47.58
2011-08-20,33.86,16.52,24.76,0.0,26.01,0.6,4.19,50.74
2011-08-21,34.2,17.94,25.38,0.0,24.91,0.6,4.45,53.85
2011-08-22,34.29,16.37,24.91,0.0,25.72,0.6,4.42,50.38
2011-08-23,34.39,16.94,25.03,0.0,25.45,0.6,4.57,52.12
2011-08-24,35.56,17.4,26.15,0.0,24.78,0.6,4.25,49.31
2011-08-25,34.69,18.94,25.88,0.0,24.66,0.6,4.85,52.84
2011-08-26,31.66,17.56,23.85,0.0,22.91,0.6,6.49,59.77
2011-08-27,30.31,16.94,23.05,0.0,20.9,0.6,6.45,54.6
2011-08-28,30.27,16.1,22.51,0.0,19.08,0.6,6.36,57.94
2011-08-29,31.86,15.6,22.81,0.0,20.44,0.6,5.11,56.21
2011-08-30,32.92,13.67,23.61,0.0,25.02,0.6,2.42,42.3
2011-08-31,34.87,16.33,26.04,0.0,24.25,0.6,1.66,30.89
2011-09-01,35.92,19.94,27.53,0.0,19.34,0.59,2.7,33.67
2011-09-02,35.38,18.68,27.14,0.0,19.28,0.59,2.17,46.63
2011-09-03,31.24,19.17,25.1,0.0,16.56,0.59,3.71,53.32
2011-09-04,32.12,17.64,24.07,0.0,21.76,0.59,4.16,58.6
2011-09-05,32.87,16.36,23.89,0.0,22.53,0.59,3.7,57.08
2011-09-06,33.2,16.36,24.0,0.0,22.64,0.59,3.6,54.34
2011-09-07,31.0,16.66,23.09,0.16,22.05,0.59,4.28,55.02
2011-09-08,33.01,15.93,24.45,0.0,20.99,0.59,2.14,52.26
2011-09-09,31.76,19.84,25.56,0.0,15.81,0.59,3.16,47.18
2011-09-10,31.43,17.14,23.89,0.0,21.09,0.59,3.37,41.38
2011-09-11,32.69,16.22,23.72,0.0,22.23,0.59,3.12,50.13
2011-09-12,32.7,15.55,23.3,0.0,22.39,0.59,3.48,49.4
2011-09-13,34.99,15.48,24.15,0.0,22.32,0.59,3.49,55.13
2011-09-14,34.98,15.9,24.76,0.0,22.25,0.59,3.09,52.52
2011-09-15,34.95,16.24,24.8,0.0,21.84,0.59,3.82,51.24
2011-09-16,34.71,16.97,25.03,0.0,20.64,0.59,4.03,58.09
2011-09-17,33.09,19.0,24.9,0.0,18.62,0.59,3.84,62.13
2011-09-18,31.22,17.48,23.26,0.0,20.31,0.59,5.45,61.7
2011-09-19,30.12,15.37,22.01,0.0,14.42,0.59,3.86,64.14
2011-09-20,30.33,15.57,22.29,0.02,18.55,0.59,3.85,62.64
2011-09-21,26.11,17.84,20.87,27.67,11.51,0.6,5.87,70.93
2011-09-22,24.88,16.11,19.94,23.31,9.2,0.68,6.25,76.55
2011-09-23,26.76,12.51,18.45,0.29,18.36,0.68,4.79,62.69
2011-09-24,27.88,12.0,19.23,0.0,19.28,0.67,2.92,67.14
2011-09-25,26.44,13.64,19.55,0.17,11.33,0.66,4.27,73.58
2011-09-26,24.31,13.06,17.88,0.0,18.25,0.66,5.31,65.98
2011-09-27,24.38,13.46,17.97,0.0,12.78,0.65,5.8,63.64
2011-09-28,25.0,13.43,18.41,0.0,14.86,0.65,5.63,67.18
2011-09-29,26.53,12.24,18.39,0.0,16.95,0.65,4.09,72.1
2011-09-30,21.94,10.39,16.2,1.15,16.81,0.64,4.52,69.98
2011-10-01,23.61,9.26,15.93,0.0,14.28,0.64,3.0,69.2
2011-10-02,26.05,12.22,18.0,0.0,16.42,0.64,2.6,68.93
2011-10-03,24.08,11.01,16.69,0.0,15.81,0.64,3.21,67.85
2011-10-04,24.7,9.34,16.28,0.0,18.34,0.64,2.01,65.18
2011-10-05,27.1,10.58,17.93,0.0,18.16,0.64,1.8,60.05
2011-10-06,27.27,12.18,18.86,0.0,17.15,0.63,1.63,56.85
2011-10-07,26.67,11.5,18.17,0.0,16.42,0.63,3.94,62.82
2011-10-08,26.96,14.3,20.04,0.44,13.22,0.63,5.87,72.52
2011-10-09,18.52,9.76,16.04,18.11,6.16,0.65,5.54,79.22
2011-10-10,14.4,6.75,9.88,53.04,3.81,0.69,8.52,84.97
2011-10-11,12.97,6.67,9.65,6.26,7.49,0.75,6.61,86.96
2011-10-12,17.91,4.76,11.83,0.0,9.4,0.73,2.93,76.75
2011-10-13,20.69,11.75,15.41,3.21,8.73,0.72,3.24,81.34
2011-10-14,16.73,7.95,11.7,16.74,8.81,0.75,4.99,75.38
2011-10-15,13.21,5.37,9.16,4.92,6.08,0.75,4.84,80.94
2011-10-16,9.58,2.5,5.97,5.18,5.89,0.74,6.63,83.24
2011-10-17,7.25,2.04,3.92,31.02,3.58,0.77,7.5,87.53
2011-10-18,9.84,1.97,4.84,4.59,4.07,0.8,5.93,76.05
2011-10-19,16.49,2.17,8.3,0.0,14.53,0.79,2.88,76.91
2011-10-20,19.03,4.6,10.73,0.0,15.08,0.78,2.23,81.36
2011-10-21,18.99,6.9,11.54,0.0,14.58,0.78,1.63,75.44
2011-10-22,18.21,6.62,11.3,0.0,10.89,0.77,4.21,86.38
2011-10-23,17.18,7.69,11.91,0.03,5.68,0.77,4.92,82.46
2011-10-24,15.08,9.44,12.11,0.4,6.96,0.77,5.49,86.19
2011-10-25,16.47,7.37,10.83,0.06,5.85,0.77,4.91,83.16
2011-10-26,14.9,6.12,9.9,0.0,4.72,0.76,5.85,82.03
2011-10-27,13.9,5.99,8.99,0.0,7.57,0.76,5.75,75.43
2011-10-28,14.7,7.01,9.69,0.0,7.69,0.76,4.84,77.95
2011-10-29,13.8,7.16,9.43,0.0,3.39,0.76,4.89,79.35
2011-10-30,14.45,4.55,8.94,0.0,3.35,0.76,4.2,79.58
2011-10-31,13.98,3.62,7.63,0.0,6.16,0.76,2.79,83.28
2011-11-01,13.8,1.53,6.83,0.0,11.02,0.75,2.35,84.31
2011-11-02,14.83,2.93,7.63,0.0,7.54,0.75,3.77,84.61
2011-11-03,14.2,3.8,7.75,0.01,9.9,0.75,3.74,85.46
2011-11-04,14.91,3.23,8.14,0.0,6.53,0.75,2.63,85.23
2011-11-05,15.86,5.63,9.01,0.0,11.58,0.75,2.28,86.43
2011-11-06,16.05,5.83,9.84,0.0,9.39,0.75,3.61,86.66
2011-11-07,13.66,4.94,9.19,0.0,5.71,0.75,5.01,80.47
2011-11-08,13.45,3.34,7.39,0.0,11.15,0.74,2.65,80.93
2011-11-09,15.97,2.87,8.28,0.0,10.91,0.74,2.24,88.39
2011-11-10,13.58,5.17,8.6,0.01,5.68,0.74,4.21,86.94
2011-11-11,9.41,0.16,4.83,0.1,4.74,0.74,5.87,75.53
2011-11-12,7.53,-0.49,2.72,0.04,3.71,0.74,6.63,78.41
2011-11-13,8.45,0.77,4.16,0.71,5.17,0.74,7.66,83.8
2011-11-14,9.33,3.4,5.46,0.31,4.77,0.74,8.03,81.74
2011-11-15,9.7,0.87,4.29,0.48,4.18,0.74,6.07,83.68
2011-11-16,9.81,-0.8,3.7,0.01,7.46,0.74,3.6,83.67
2011-11-17,9.25,-1.53,2.58,0.2,5.48,0.74,4.12,81.4
2011-11-18,8.6,-2.78,1.95,0.0,8.25,0.74,2.69,74.5
2011-11-19,9.54,-1.59,2.97,0.0,10.4,0.74,1.79,80.42
2011-11-20,11.03,-0.71,3.67,0.0,9.68,0.74,2.52,88.25
2011-11-21,11.45,1.84,5.55,0.0,5.86,0.74,2.96,88.3
2011-11-22,9.55,3.23,5.11,0.0,6.51,0.73,1.3,85.61
2011-11-23,11.99,-0.25,5.27,0.03,6.08,0.73,3.24,88.28
2011-11-24,9.36,1.46,4.53,0.27,5.06,0.73,5.19,91.76
2011-11-25,9.23,0.16,3.74,0.01,5.02,0.73,4.55,83.01
2011-11-26,7.78,-1.44,2.01,0.0,3.89,0.73,2.93,85.77
2011-11-27,7.69,-3.5,1.63,0.0,6.39,0.73,2.29,81.82
2011-11-28,13.36,-2.43,4.46,0.0,8.97,0.73,2.48,79.31
2011-11-29,12.41,-0.42,4.67,0.0,8.14,0.73,3.94,88.28
2011-11-30,10.23,-1.99,3.22,0.0,9.54,0.73,2.34,82.14
2011-12-01,10.83,-0.77,4.04,0.0,9.25,0.73,1.6,81.02
2011-12-02,10.13,-2.12,3.09,0.0,7.67,0.73,2.4,87.83
2011-12-03,10.5,0.91,3.91,0.0,7.09,0.73,2.45,94.35
2011-12-04,14.41,5.41,8.68,0.0,5.91,0.73,5.0,92.0
2011-12-05,16.86,7.04,11.13,0.0,6.03,0.73,7.08,89.84
2011-12-06,16.33,10.15,12.81,1.14,3.25,0.73,6.27,91.36
2011-12-07,9.81,3.49,7.15,3.3,2.42,0.73,3.91,91.74
2011-12-08,11.89,-0.09,3.94,0.83,8.4,0.73,3.47,85.53
2011-12-09,10.31,-2.01,2.72,0.0,8.44,0.73,3.22,80.29
2011-12-10,12.76,0.08,5.52,0.0,7.76,0.73,4.79,88.34
2011-12-11,14.9,6.75,9.54,0.0,4.94,0.73,4.11,93.5
2011-12-12,15.6,7.69,10.47,0.0,4.93,0.73,3.61,94.14
2011-12-13,16.85,7.97,10.99,0.0,4.6,0.73,3.84,92.47
2011-12-14,14.75,6.81,9.91,0.0,4.76,0.73,2.02,92.75
2011-12-15,14.59,6.3,10.09,0.2,4.08,0.73,4.27,92.44
2011-12-16,11.08,4.52,8.26,7.16,1.28,0.74,4.52,92.07
2011-12-17,16.04,5.86,11.74,2.08,6.49,0.74,9.51,86.01
2011-12-18,12.48,4.25,7.15,0.97,2.91,0.74,3.54,82.35
2011-12-19,9.57,3.17,6.65,27.04,2.84,0.77,3.83,96.87
2011-12-20,12.24,7.29,9.35,11.59,3.73,0.79,3.5,94.52
2011-12-21,8.66,-0.45,3.94,1.76,5.29,0.79,3.48,78.27
2011-12-22,7.61,2.32,5.78,14.55,1.33,0.8,6.11,91.13
2011-12-23,6.54,-2.01,2.65,6.14,2.43,0.81,9.66,82.06
2011-12-24,1.78,-5.52,-3.12,0.01,6.24,0.81,4.28,80.36
2011-12-25,3.11,-5.73,-2.41,0.0,8.06,0.81,2.27,79.42
2011-12-26,4.5,-3.71,-1.09,0.0,5.09,0.81,3.53,87.71
2011-12-27,6.39,-2.9,0.2,0.0,6.76,0.8,3.4,91.81
2011-12-28,5.92,-3.04,-0.27,0.0,8.15,0.8,2.28,89.87
2011-12-29,6.26,-0.76,2.78,0.29,2.6,0.8,1.44,94.57
2011-12-30,6.56,-1.64,1.93,0.03,4.6,0.8,1.94,95.17
2011-12-31,6.7,0.4,3.35,9.07,1.32,0.81,5.1,95.23
2012-01-01,5.9,-3.67,0.33,0.19,6.44,0.81,5.63,85.57
2012-01-02,5.59,-3.86,-0.46,0.0,8.85,0.81,2.05,86.62
2012-01-03,9.83,-2.22,2.4,0.0,8.52,0.81,2.91,92.69
2012-01-04,9.6,-0.34,2.97,0.07,5.56,0.81,2.33,93.68
2012-01-05,10.83,3.22,6.13,0.1,5.13,0.81,4.17,93.75
2012-01-06,11.68,7.98,10.34,16.63,1.77,0.82,10.09,90.89
2012-01-07,12.56,2.86,8.2,5.0,3.0,0.84,5.34,85.37
2012-01-08,5.57,0.19,2.44,2.67,2.97,0.84,4.47,84.96
2012-01-09,5.26,-2.47,0.68,0.13,3.84,0.84,2.56,87.96
2012-01-10,5.89,-3.76,0.05,0.0,7.0,0.83,4.22,86.96
2012-01-11,4.43,-2.87,0.02,0.1,3.92,0.83,6.89,84.91
2012-01-12,6.11,-4.17,0.02,0.0,6.81,0.83,2.9,85.53
2012-01-13,9.17,-2.63,2.03,0.0,8.67,0.83,3.64,85.45
2012-01-14,4.42,-3.05,0.72,2.36,1.99,0.83,3.32,86.16
2012-01-15,4.04,-4.1,-1.22,0.0,7.73,0.83,3.2,80.92
2012-01-16,1.79,-4.4,-1.83,0.0,5.99,0.83,3.7,81.42
2012-01-17,1.19,-4.68,-2.44,0.0,9.02,0.83,2.54,77.6
2012-01-18,3.29,-4.92,-2.07,0.0,8.21,0.83,2.08,75.04
2012-01-19,3.91,-5.98,-1.24,0.0,8.93,0.83,2.73,82.5
2012-01-20,7.18,-0.4,2.8,0.54,3.15,0.83,3.74,91.29
2012-01-21,7.41,-2.02,3.0,7.08,1.72,0.84,5.67,94.29
2012-01-22,7.9,-3.83,0.73,0.0,5.98,0.84,4.37,80.76
2012-01-23,12.8,-1.36,4.84,0.0,9.0,0.84,3.16,81.2
2012-01-24,11.01,2.68,5.83,0.46,6.64,0.84,3.3,88.75
2012-01-25,6.79,4.71,5.75,11.78,1.91,0.85,3.4,97.26
2012-01-26,7.47,-4.34,4.41,19.81,2.66,0.87,5.28,90.98
2012-01-27,-1.12,-6.26,-4.54,0.24,3.55,0.87,7.52,75.58
2012-01-28,1.52,-6.75,-3.31,0.02,3.07,0.87,5.94,81.83
2012-01-29,-0.09,-8.42,-3.34,0.07,5.3,0.86,6.99,78.44
2012-01-30,-3.54,-11.35,-8.39,0.4,8.13,0.86,7.73,76.87
2012-01-31,-4.89,-12.42,-9.15,0.03,8.26,0.86,7.14,77.13
2012-02-01,-2.67,-11.95,-7.72,0.15,9.78,0.86,5.59,78.75
2012-02-02,0.28,-5.69,-3.0,1.7,3.26,0.86,4.04,85.32
2012-02-03,2.44,-4.49,-0.43,0.1,4.01,0.86,3.88,91.42
2012-02-04,10.26,0.85,3.99,0.62,9.09,0.86,4.04,97.14
2012-02-05,11.22,1.78,5.61,6.95,8.66,0.87,3.8,96.06
2012-02-06,10.0,2.94,5.39,3.57,7.17,0.88,6.85,90.21
2012-02-07,5.81,-0.37,3.25,9.38,1.44,0.88,9.99,88.45
2012-02-08,1.64,-2.44,-0.54,1.11,5.43,0.88,10.02,75.96
2012-02-09,-1.38,-5.59,-3.27,0.36,6.9,0.88,8.29,77.96
2012-02-10,0.91,-5.79,-3.37,0.04,9.11,0.88,6.2,78.58
2012-02-11,2.5,-5.57,-1.61,0.09,7.32,0.88,4.01,87.26
2012-02-12,7.76,-1.13,1.71,0.52,9.21,0.88,4.66,90.67
2012-02-13,6.91,0.47,2.76,6.64,6.33,0.88,4.7,95.75
2012-02-14,4.49,-5.59,-1.17,2.02,7.35,0.88,3.52,81.24
2012-02-15,4.27,-4.98,-1.12,2.24,6.86,0.88,3.48,81.58
2012-02-16,6.52,-3.27,0.65,0.54,10.36,0.88,3.11,82.29
2012-02-17,1.67,-5.19,-2.42,0.39,10.58,0.88,5.79,79.44
2012-02-18,3.1,-5.61,-1.28,0.01,9.62,0.88,1.75,81.64
2012-02-19,6.33,-1.86,1.07,0.03,10.38,0.88,1.92,82.54
2012-02-20,9.08,-2.1,2.43,0.0,12.31,0.88,2.91,86.1
2012-02-21,11.93,0.02,4.43,0.0,14.46,0.88,1.69,77.01
2012-02-22,11.62,-0.45,3.96,0.0,8.32,0.88,3.43,88.77
2012-02-23,10.89,0.28,4.25,0.0,13.6,0.88,2.79,84.36
2012-02-24,12.13,-0.87,4.29,0.0,10.84,0.88,4.04,83.57
2012-02-25,16.27,0.47,7.43,0.04,10.07,0.87,5.44,85.06
2012-02-26,13.13,-0.61,6.35,0.91,14.77,0.87,3.21,78.94
2012-02-27,4.99,-0.11,2.94,5.45,5.14,0.87,6.21,83.01
2012-02-28,2.65,-4.81,-1.17,0.18,12.51,0.87,5.2,70.95
2012-02-29,1.08,-5.2,-1.96,0.3,10.78,0.87,2.32,78.71
2012-03-01,3.29,-3.82,-0.98,0.08,10.12,0.87,4.9,78.57
2012-03-02,9.55,-3.9,2.41,0.2,14.18,0.87,3.15,81.34
2012-03-03,11.56,0.76,4.95,0.84,7.0,0.87,5.43,78.55
2012-03-04,11.01,-2.05,3.4,0.0,16.18,0.87,3.02,73.96
2012-03-05,11.01,-2.1,3.49,0.0,11.86,0.86,3.08,85.06
2012-03-06,9.57,-1.56,2.9,0.0,14.7,0.86,2.87,79.0
2012-03-07,9.48,-2.86,3.02,0.01,13.75,0.86,3.2,79.2
2012-03-08,7.99,0.2,3.63,0.86,6.93,0.86,2.09,84.63
2012-03-09,11.26,-0.36,4.86,0.79,9.78,0.86,3.32,84.44
2012-03-10,9.06,-1.8,2.71,0.0,9.34,0.86,4.64,80.05
2012-03-11,4.83,-2.81,0.69,1.98,6.78,0.86,4.24,87.76
2012-03-12,5.64,-1.07,1.82,2.62,4.9,0.86,5.44,87.45
2012-03-13,6.31,-1.09,2.07,0.01,10.48,0.86,6.26,83.48
2012-03-14,12.45,-2.65,5.1,0.01,14.22,0.86,3.48,76.49
2012-03-15,10.61,0.13,5.01,0.87,5.6,0.86,3.84,83.64
2012-03-16,9.98,-2.59,3.82,0.01,19.6,0.85,2.33,66.01
2012-03-17,15.25,-0.96,6.5,0.0,19.56,0.85,4.37,84.48
2012-03-18,17.57,4.71,9.64,0.0,17.84,0.85,4.58,85.4
2012-03-19,19.57,5.88,11.49,0.0,18.3,0.84,4.51,85.24
2012-03-20,21.36,5.95,12.18,0.0,17.74,0.84,3.56,77.8
2012-03-21,19.63,5.12,11.22,0.0,18.79,0.84,2.86,70.79
2012-03-22,19.01,3.99,11.09,0.0,19.31,0.83,2.68,73.5
2012-03-23,19.5,5.21,11.59,0.0,20.29,0.83,1.53,71.39
2012-03-24,20.87,7.58,13.79,0.0,20.31,0.82,1.8,57.91
2012-03-25,19.84,5.29,12.68,0.0,18.02,0.82,2.21,67.86
2012-03-26,17.86,4.48,10.82,0.32,16.9,0.82,4.62,73.59
2012-03-27,12.76,0.6,6.9,0.04,19.82,0.81,2.88,70.25
2012-03-28,14.2,3.77,8.99,1.04,12.78,0.81,3.32,73.47
2012-03-29,18.34,4.05,10.59,0.01,21.0,0.81,5.25,73.88
2012-03-30,13.23,6.23,10.26,2.42,6.45,0.81,5.77,84.09
2012-03-31,16.62,1.69,9.55,0.16,15.62,0.81,4.88,71.6
2012-04-01,18.67,1.32,9.98,8.61,13.03,0.81,6.85,82.98
2012-04-02,13.09,-0.08,5.98,0.41,22.31,0.82,1.83,72.95
2012-04-03,15.51,0.26,8.09,0.0,20.75,0.81,3.78,78.91
2012-04-04,19.69,4.12,11.88,0.0,20.64,0.81,4.07,86.62
2012-04-05,21.15,8.69,14.49,1.18,19.37,0.8,4.06,80.63
2012-04-06,20.61,9.77,14.62,0.61,16.05,0.8,4.52,82.07
2012-04-07,21.47,8.51,14.84,0.86,18.81,0.8,3.54,78.14
2012-04-08,21.26,7.57,15.0,1.49,19.65,0.79,5.77,74.99
2012-04-09,7.58,1.61,4.03,26.35,10.04,0.82,5.75,85.89
2012-04-10,10.29,1.12,4.95,1.15,13.26,0.83,5.41,79.29
2012-04-11,14.52,-1.01,6.74,0.02,24.18,0.82,2.32,75.37
2012-04-12,18.16,3.11,10.7,0.0,18.3,0.81,4.57,80.09
2012-04-13,20.86,6.38,13.66,0.0,18.92,0.81,3.13,80.2
2012-04-14,20.3,11.04,15.47,2.42,11.62,0.8,6.97,81.77
2012-04-15,19.0,10.08,14.17,0.47,19.73,0.8,7.0,77.79
2012-04-16,21.21,7.85,14.54,0.0,24.11,0.8,4.64,75.26
2012-04-17,20.28,9.79,14.67,0.09,13.76,0.79,4.06,74.53
2012-04-18,18.74,10.99,13.95,1.21,9.72,0.79,4.96,76.28
2012-04-19,19.96,8.82,13.99,1.53,19.83,0.79,5.74,73.48
2012-04-20,19.55,10.32,14.45,0.15,17.14,0.78,7.2,78.32
2012-04-21,18.85,10.56,14.06,2.63,16.25,0.78,3.91,80.76
2012-04-22,20.73,7.72,14.04,0.0,24.59,0.78,3.45,71.86
2012-04-23,22.59,7.31,14.83,0.0,26.15,0.77,2.79,73.57
2012-04-24,22.54,8.28,14.96,0.0,17.11,0.77,4.52,75.78
2012-04-25,24.88,9.65,16.57,0.03,25.66,0.76,4.59,70.98
2012-04-26,21.85,8.69,15.77,0.17,25.27,0.75,2.94,68.07
2012-04-27,19.44,9.91,14.18,2.29,20.2,0.75,2.74,76.21
2012-04-28,23.81,8.56,15.77,0.19,26.09,0.75,5.7,68.89
2012-04-29,24.69,9.51,16.47,0.0,27.29,0.74,5.61,65.68
2012-04-30,25.66,9.36,17.05,0.0,25.62,0.73,4.46,62.24
2012-05-01,26.2,9.88,17.45,0.0,27.93,0.72,4.08,65.14
2012-05-02,27.56,10.97,18.86,0.0,26.9,0.72,3.95,64.3
2012-05-03,26.78,10.66,18.66,0.0,24.73,0.71,3.97,59.47
2012-05-04,26.59,13.95,19.43,0.0,23.42,0.7,1.46,56.74
2012-05-05,25.66,12.84,19.19,0.34,24.33,0.7,2.83,70.01
2012-05-06,27.73,12.08,20.41,0.0,24.87,0.69,1.89,64.41
2012-05-07,29.03,14.98,21.33,0.0,24.06,0.69,2.5,56.87
2012-05-08,27.33,15.53,20.5,1.69,20.11,0.68,2.06,61.41
2012-05-09,22.11,14.09,17.42,1.63,21.43,0.69,3.99,81.11
2012-05-10,24.34,12.46,18.49,0.51,17.77,0.68,4.84,75.61
2012-05-11,26.59,13.64,20.04,0.53,19.91,0.68,4.72,71.85
2012-05-12,26.71,14.9,20.08,0.56,21.87,0.68,5.08,70.12
2012-05-13,28.5,12.22,19.91,0.85,22.24,0.67,3.69,65.26
2012-05-14,24.61,12.32,18.03,0.11,24.64,0.67,3.9,65.59
2012-05-15,22.86,11.52,16.37,4.79,15.35,0.67,5.66,69.79
2012-05-16,21.26,11.64,16.35,3.92,15.25,0.68,3.82,72.17
2012-05-17,23.13,11.74,17.37,2.54,24.13,0.68,3.66,73.81
2012-05-18,19.64,12.19,15.75,11.4,7.77,0.68,6.87,81.42
2012-05-19,21.33,12.57,16.51,9.07,11.79,0.7,3.18,78.26
2012-05-20,21.69,11.53,16.65,3.04,17.96,0.7,1.49,77.17
2012-05-21,25.86,11.87,18.89,0.01,24.84,0.7,1.65,70.8
2012-05-22,27.22,12.41,19.36,1.6,24.4,0.69,4.35,68.2
2012-05-23,24.34,10.91,17.71,1.18,25.61,0.68,3.54,63.03
2012-05-24,21.24,11.86,16.57,1.47,18.9,0.68,2.41,79.0
2012-05-25,20.77,11.11,15.9,8.52,13.48,0.68,2.69,84.69
2012-05-26,24.92,10.87,18.2,0.43,24.24,0.69,2.11,73.71
2012-05-27,20.23,12.2,16.76,4.46,14.16,0.69,2.84,84.54
2012-05-28,17.67,11.24,15.44,26.2,9.6,0.72,3.98,87.08
2012-05-29,20.82,10.27,16.07,1.05,22.6,0.73,2.95,78.81
2012-05-30,21.26,11.67,16.91,2.01,21.21,0.72,2.13,78.18
2012-05-31,23.07,11.89,18.45,0.18,24.87,0.71,1.82,70.93
2012-06-01,24.79,14.99,19.92,0.03,24.41,0.71,2.11,68.48
2012-06-02,28.24,13.79,21.22,0.0,28.05,0.7,3.05,71.2
2012-06-03,30.26,15.03,23.07,0.0,28.58,0.69,2.08,62.16
2012-06-04,31.09,18.13,24.03,0.0,28.84,0.68,2.07,53.03
2012-06-05,28.62,15.0,22.04,0.72,27.78,0.67,4.18,64.83
2012-06-06,26.27,15.01,20.32,1.14,22.76,0.67,3.78,67.07
2012-06-07,26.74,11.82,20.1,0.03,26.93,0.67,2.63,61.51
2012-06-08,30.26,14.51,22.89,0.0,30.15,0.66,1.58,60.13
2012-06-09,32.68,15.87,24.04,0.0,30.0,0.66,2.81,58.17
2012-06-10,31.99,14.22,22.94,0.0,30.73,0.65,3.36,62.18
2012-06-11,34.17,15.33,24.49,0.0,30.09,0.65,2.77,65.61
2012-06-12,35.88,17.89,26.58,0.0,30.2,0.64,3.83,58.99
2012-06-13,37.54,18.36,28.12,0.0,30.27,0.64,3.03,57.57
2012-06-14,35.96,20.7,28.44,0.0,28.73,0.63,3.27,54.2
2012-06-15,33.67,19.71,26.29,0.0,29.09,0.63,3.66,53.77
2012-06-16,31.81,17.38,24.16,0.0,30.19,0.63,5.84,55.85
2012-06-17,30.85,15.45,22.79,0.0,31.83,0.62,6.23,54.45
2012-06-18,31.78,14.91,23.25,0.0,31.53,0.62,6.87,57.43
2012-06-19,32.67,16.7,24.6,0.0,30.83,0.62,7.55,57.44
2012-06-20,34.63,18.29,25.96,0.0,31.39,0.62,6.69,51.33
2012-06-21,34.82,17.37,26.13,0.0,31.36,0.61,5.67,45.77
2012-06-22,36.77,18.17,27.47,0.0,30.04,0.61,4.26,43.85
2012-06-23,37.34,18.96,28.21,0.0,30.13,0.61,4.15,42.92
2012-06-24,36.34,18.81,27.43,0.08,28.07,0.61,4.95,57.94
2012-06-25,34.99,20.98,27.79,0.0,27.83,0.61,3.84,55.8
2012-06-26,35.89,19.86,27.78,1.05,24.25,0.6,3.44,55.14
2012-06-27,30.31,19.09,24.6,0.62,16.85,0.61,4.77,53.96
2012-06-28,30.46,16.51,23.96,0.02,26.53,0.6,2.87,52.95
2012-06-29,33.52,16.72,25.47,0.0,29.14,0.6,2.57,46.09
2012-06-30,33.07,18.08,25.75,0.0,29.61,0.6,4.27,50.49
2012-07-01,31.44,17.52,24.52,0.0,29.77,0.6,5.21,48.14
2012-07-02,31.24,17.44,24.12,0.0,28.84,0.6,6.12,49.88
2012-07-03,33.82,16.38,25.2,0.0,28.78,0.6,3.69,43.77
2012-07-04,37.54,17.07,28.49,0.0,29.5,0.6,1.7,33.06
2012-07-05,38.52,21.12,30.38,0.69,25.76,0.6,3.38,35.66
2012-07-06,35.04,21.42,27.96,0.0,28.28,0.6,3.99,49.39
2012-07-07,37.21,20.15,29.1,1.44,26.37,0.6,2.72,42.19
2012-07-08,36.75,21.11,29.03,0.09,27.21,0.6,4.15,50.4
2012-07-09,38.14,20.46,29.43,0.0,26.91,0.6,2.87,49.67
2012-07-10,39.68,23.32,31.55,0.11,25.6,0.6,1.44,38.92
2012-07-11,39.6,24.64,31.82,0.04,25.03,0.6,2.72,36.74
2012-07-12,40.37,22.63,32.06,0.0,28.47,0.6,1.53,34.6
2012-07-13,36.86,23.98,30.13,0.0,24.55,0.6,4.44,40.03
2012-07-14,38.94,22.29,30.35,0.0,28.46,0.6,3.22,49.75
2012-07-15,40.68,21.96,31.42,0.0,29.59,0.6,2.77,44.05
2012-07-16,42.54,21.85,32.71,0.0,28.88,0.6,2.73,40.97
2012-07-17,33.83,21.55,28.34,0.0,22.54,0.6,6.62,48.73
2012-07-18,34.32,19.55,26.67,0.0,27.61,0.6,4.85,46.3
2012-07-19,33.38,19.41,26.12,0.0,28.76,0.6,5.33,46.9
2012-07-20,36.71,17.76,27.0,0.0,28.6,0.59,4.5,48.7
2012-07-21,37.03,18.35,27.19,0.0,29.09,0.59,4.45,53.88
2012-07-22,37.08,17.92,27.51,0.0,28.84,0.59,4.67,53.84
2012-07-23,36.18,21.18,28.62,0.0,23.66,0.59,6.79,52.66
2012-07-24,38.03,23.3,29.97,0.0,24.16,0.59,5.76,48.08
2012-07-25,39.66,21.4,30.01,0.0,26.3,0.59,4.89,53.93
2012-07-26,39.88,22.17,30.37,0.0,26.23,0.59,4.33,54.4
2012-07-27,39.31,21.07,30.28,0.0,26.81,0.59,4.48,44.69
2012-07-28,38.3,22.73,30.04,0.0,26.17,0.59,5.38,37.28
2012-07-29,38.46,22.99,30.26,0.0,27.15,0.59,4.96,32.48
2012-07-30,39.01,21.7,30.23,0.0,27.74,0.59,4.75,36.23
2012-07-31,36.38,22.7,28.76,0.0,26.3,0.59,5.26,49.97
2012-08-01,35.2,20.54,27.64,0.04,24.27,0.59,3.88,42.73
2012-08-02,35.69,19.95,28.12,0.02,24.01,0.59,4.02,36.69
2012-08-03,33.36,20.71,27.21,0.6,22.75,0.59,3.63,55.29
2012-08-04,37.82,20.43,29.32,0.0,25.85,0.59,3.21,40.72
2012-08-05,39.19,22.11,30.69,0.0,25.96,0.59,3.38,32.6
2012-08-06,40.17,22.83,31.67,0.0,26.05,0.59,3.23,30.96
2012-08-07,40.84,23.31,32.18,0.0,26.23,0.59,3.5,29.6
2012-08-08,40.68,24.64,32.33,0.0,25.25,0.59,3.31,32.32
2012-08-09,37.5,23.05,29.54,0.0,24.33,0.59,4.53,46.55
2012-08-10,34.0,20.7,26.78,0.03,21.17,0.59,4.71,51.15
2012-08-11,33.95,20.5,26.49,0.87,19.35,0.59,5.56,52.74
2012-08-12,26.81,18.84,22.82,2.94,13.73,0.6,4.1,63.83
2012-08-13,31.52,15.46,23.67,0.0,25.23,0.6,2.87,46.77
2012-08-14,33.63,17.7,26.16,0.0,24.86,0.6,2.13,37.63
2012-08-15,34.46,20.41,27.75,0.0,23.86,0.6,2.49,35.85
2012-08-16,35.2,18.33,26.71,0.0,25.92,0.6,3.41,33.69
2012-08-17,33.77,18.17,25.95,0.0,23.84,0.6,3.51,51.26
2012-08-18,32.67,18.65,25.19,0.0,23.69,0.6,4.51,53.16
2012-08-19,32.07,17.72,24.58,0.0,24.24,0.6,4.66,48.36
2012-08-20,32.39,17.75,24.7,0.02,24.31,0.6,4.49,48.32
2012-08-21,37.1,17.35,27.26,0.0,24.86,0.6,2.83,44.07
2012-08-22,39.37,21.1,30.14,0.0,23.96,0.59,2.47,33.38
2012-08-23,38.96,21.05,29.94,0.0,24.28,0.59,1.99,44.49
2012-08-24,39.03,20.54,29.37,0.0,25.08,0.59,3.13,42.7
2012-08-25,39.32,19.84,28.88,0.0,25.32,0.59,3.79,42.53
2012-08-26,38.64,19.51,28.51,0.0,24.93,0.59,4.01,48.53
2012-08-27,36.99,20.2,26.49,1.08,22.29,0.59,4.71,59.89
2012-08-28,29.34,17.76,23.15,0.87,16.79,0.6,5.5,45.25
2012-08-29,31.71,14.92,23.07,0.0,24.9,0.6,3.05,40.67
2012-08-30,32.66,14.54,22.94,0.0,24.6,0.6,3.72,45.96
2012-08-31,30.85,15.55,22.68,0.0,24.34,0.6,4.93,50.4
2012-09-01,31.16,15.03,22.5,0.0,22.41,0.6,4.82,58.95
2012-09-02,31.23,16.69,23.04,0.0,21.2,0.6,5.34,58.8
2012-09-03,30.74,16.74,22.56,0.0,22.93,0.59,5.15,57.95
2012-09-04,32.69,14.49,22.75,0.0,22.94,0.59,4.55,60.09
2012-09-05,33.56,16.7,23.53,0.0,22.36,0.59,4.16,63.19
2012-09-06,33.36,15.19,23.78,0.0,21.42,0.59,2.93,60.24
2012-09-07,30.12,17.0,22.77,0.0,16.54,0.59,5.28,64.73
2012-09-08,30.11,14.92,22.06,0.0,21.83,0.59,3.97,55.07
2012-09-09,31.68,14.97,23.09,0.0,20.92,0.59,3.01,52.92
2012-09-10,28.97,16.3,21.78,0.0,18.04,0.59,5.23,59.54
2012-09-11,26.96,15.04,20.27,0.13,18.66,0.59,6.06,59.53
2012-09-12,27.95,13.76,20.65,0.0,15.24,0.59,4.11,58.27
2012-09-13,30.22,14.81,22.11,0.0,19.75,0.59,2.3,59.98
2012-09-14,32.28,16.04,23.64,0.0,19.79,0.59,3.97,53.23
2012-09-15,31.43,17.56,24.21,0.03,19.22,0.59,2.56,49.14
2012-09-16,31.07,19.58,24.04,0.83,13.89,0.59,6.83,57.45
2012-09-17,28.67,18.76,22.75,3.17,15.02,0.6,6.09,67.86
2012-09-18,26.65,17.82,21.57,1.02,8.45,0.6,4.74,66.21
2012-09-19,28.6,16.42,21.69,0.16,11.47,0.6,3.53,61.38
2012-09-20,29.17,16.06,22.11,1.07,18.18,0.6,2.42,62.94
2012-09-21,22.7,12.49,16.7,1.31,12.49,0.6,5.73,54.11
2012-09-22,24.67,9.91,17.09,0.0,19.67,0.6,2.3,52.4
2012-09-23,29.35,12.58,20.15,0.0,19.91,0.6,1.58,48.56
2012-09-24,31.77,14.58,22.1,0.0,19.93,0.6,2.37,44.9
2012-09-25,34.2,14.65,23.26,0.0,19.27,0.6,3.74,53.82
2012-09-26,34.25,17.44,24.5,0.0,17.77,0.6,2.48,56.48
2012-09-27,33.58,17.0,23.86,0.0,18.14,0.6,3.57,60.49
2012-09-28,33.99,16.32,23.72,0.0,18.06,0.6,2.97,56.98
2012-09-29,33.98,15.4,23.29,0.0,18.47,0.6,3.39,58.53
2012-09-30,33.36,15.66,22.84,0.0,18.17,0.6,3.7,62.83
2012-10-01,32.54,15.16,22.35,0.0,17.65,0.6,4.17,65.23
2012-10-02,30.65,16.07,22.34,0.0,14.45,0.6,1.58,63.11
2012-10-03,31.14,16.31,23.05,0.0,14.63,0.6,2.35,54.64
2012-10-04,27.61,16.85,21.61,2.83,11.26,0.6,3.04,61.4
2012-10-05,28.51,14.88,21.13,0.33,13.04,0.6,2.7,63.04
2012-10-06,29.08,14.8,20.86,0.0,15.88,0.6,2.97,67.38
2012-10-07,28.92,13.65,20.08,0.0,16.84,0.6,2.17,61.63
2012-10-08,25.32,12.06,18.37,0.2,6.74,0.6,4.93,55.32
2012-10-09,22.15,8.8,15.14,0.04,14.42,0.6,2.25,52.6
2012-10-10,23.34,10.12,16.19,0.0,13.77,0.6,1.66,61.05
2012-10-11,25.18,12.32,17.82,0.0,13.44,0.6,1.77,53.7
2012-10-12,26.71,11.48,18.34,0.0,14.85,0.6,3.12,52.9
2012-10-13,24.45,12.65,18.21,0.09,11.52,0.6,4.11,77.75
2012-10-14,25.83,15.38,19.91,2.25,10.31,0.6,4.84,79.87
2012-10-15,25.51,16.4,19.91,7.08,11.16,0.61,4.08,84.87
2012-10-16,28.73,15.02,20.76,0.0,13.83,0.62,4.18,77.03
2012-10-17,27.02,16.0,20.39,0.0,13.85,0.61,2.66,75.91
2012-10-18,26.06,12.29,17.87,0.0,14.47,0.61,4.03,63.44
2012-10-19,25.08,10.59,16.18,0.0,15.27,0.61,3.47,70.16
2012-10-20,21.97,8.59,14.54,0.89,13.28,0.61,4.15,74.67
2012-10-21,20.81,12.33,15.91,16.17,4.47,0.62,6.66,82.2
2012-10-22,18.99,13.33,15.84,8.01,5.39,0.64,6.17,87.81
2012-10-23,17.91,13.09,14.95,4.28,4.34,0.65,5.47,87.35
2012-10-24,19.34,9.12,13.43,0.27,8.99,0.65,4.55,78.99
2012-10-25,19.9,7.93,13.3,0.0,10.62,0.65,2.02,75.14
2012-10-26,22.91,7.65,14.22,0.0,12.81,0.64,3.09,78.46
2012-10-27,21.4,9.38,15.86,0.3,10.79,0.64,5.85,83.65
2012-10-28,21.93,18.05,19.83,6.68,5.23,0.65,9.67,85.81
2012-10-29,21.21,18.1,19.41,19.89,3.54,0.67,8.72,89.68
2012-10-30,18.95,7.48,13.83,3.36,9.79,0.69,4.29,76.19
2012-10-31,17.9,6.77,11.54,0.0,9.05,0.68,2.54,82.45
2012-11-01,17.78,9.82,14.22,1.0,6.99,0.68,3.87,88.66
2012-11-02,22.99,14.44,17.65,2.84,7.51,0.68,2.57,89.01
2012-11-03,22.56,12.21,16.46,0.0,10.97,0.68,1.78,81.02
2012-11-04,20.21,11.22,14.6,0.0,6.08,0.68,2.33,87.87
2012-11-05,21.8,11.35,15.69,0.0,7.86,0.68,5.4,85.1
2012-11-06,23.52,13.26,17.75,0.13,3.75,0.67,5.33,80.66
2012-11-07,16.68,10.81,13.41,4.41,3.64,0.67,3.47,77.41
2012-11-08,14.62,4.89,9.25,0.39,10.69,0.68,5.57,70.37
2012-11-09,14.64,3.02,8.4,0.18,11.16,0.68,2.74,74.43
2012-11-10,13.99,6.43,9.23,1.1,6.65,0.68,4.92,81.27
2012-11-11,16.14,6.2,10.28,0.81,8.91,0.68,3.44,84.5
2012-11-12,17.34,5.46,9.96,0.0,10.64,0.68,2.48,82.73
2012-11-13,14.64,5.17,9.08,0.0,9.38,0.67,2.54,88.95
2012-11-14,15.46,6.45,10.46,1.58,4.01,0.67,5.86,82.81
2012-11-15,13.88,8.19,10.48,6.18,3.94,0.68,6.69,84.76
2012-11-16,15.14,6.83,9.85,1.01,7.43,0.69,5.04,86.59
2012-11-17,13.96,5.84,9.25,0.0,6.8,0.68,4.94,83.57
2012-11-18,15.65,6.74,10.52,0.09,4.71,0.68,4.33,87.68
2012-11-19,14.69,9.25,11.45,0.0,5.62,0.68,2.6,91.54
2012-11-20,17.25,9.37,12.57,0.11,5.43,0.68,5.64,87.01
2012-11-21,15.01,8.36,11.4,1.06,5.67,0.68,6.23,86.19
2012-11-22,13.7,5.92,8.95,0.04,5.28,0.68,5.65,84.4
2012-11-23,11.32,3.56,6.93,0.02,5.36,0.68,3.53,81.58
2012-11-24,11.96,2.31,6.28,0.0,5.78,0.68,3.3,84.82
2012-11-25,11.13,0.77,5.72,0.0,5.63,0.68,1.93,85.67
2012-11-26,12.43,4.8,7.79,0.0,8.72,0.68,0.97,79.64
2012-11-27,11.43,3.46,5.83,0.0,7.75,0.68,2.07,91.17
2012-11-28,15.69,6.04,11.78,0.17,4.47,0.68,6.08,92.36
2012-11-29,19.24,11.33,14.87,0.43,7.53,0.68,8.66,84.73
2012-11-30,19.4,15.59,16.82,12.83,3.34,0.69,8.2,84.9
2012-12-01,16.71,11.2,14.7,22.68,3.0,0.73,5.54,93.46
2012-12-02,17.27,8.22,13.08,10.97,4.99,0.73,4.67,88.42
2012-12-03,16.36,8.71,12.72,12.15,8.35,0.75,6.29,79.14
2012-12-04,5.92,-1.53,2.54,10.9,4.97,0.77,6.41,78.64
2012-12-05,10.74,-1.64,6.04,8.71,5.81,0.76,6.27,86.48
2012-12-06,7.69,-0.98,3.26,0.49,4.21,0.77,3.39,81.35
2012-12-07,7.01,0.16,2.56,3.1,1.85,0.77,3.5,83.74
2012-12-08,8.13,-1.47,3.23,0.05,6.94,0.77,3.45,87.09
2012-12-09,11.55,0.56,6.56,25.03,2.22,0.78,7.04,88.05
2012-12-10,3.98,-4.36,-0.2,0.62,1.82,0.8,3.68,81.91
2012-12-11,9.27,-4.57,2.41,10.28,4.49,0.8,4.73,82.91
2012-12-12,4.91,-4.13,0.05,0.14,8.32,0.81,4.66,77.26
2012-12-13,3.07,-5.28,-2.3,0.0,6.84,0.81,2.91,72.14
2012-12-14,4.47,-4.1,-0.96,0.0,8.19,0.8,2.15,74.65
2012-12-15,6.62,-2.59,0.96,0.0,7.97,0.8,1.89,87.14
2012-12-16,6.79,-0.37,2.65,1.25,2.08,0.8,1.97,96.97
2012-12-17,5.97,1.57,2.91,13.22,1.74,0.82,4.09,95.3
2012-12-18,8.43,3.03,6.06,2.27,4.27,0.82,6.48,93.61
2012-12-19,7.26,-4.18,2.66,22.55,4.1,0.84,10.06,87.86
2012-12-20,-2.18,-6.64,-4.88,3.36,2.38,0.85,8.54,79.31
2012-12-21,0.3,-7.07,-4.07,0.1,2.8,0.84,3.03,83.62
2012-12-22,0.56,-6.07,-3.75,0.0,3.68,0.84,4.01,88.96
2012-12-23,3.08,-6.15,-2.2,0.0,2.41,0.84,4.67,88.69
2012-12-24,5.49,-3.27,-0.13,0.0,7.18,0.84,2.2,93.43
2012-12-25,9.05,-1.62,2.21,0.0,8.26,0.84,3.08,96.07
2012-12-26,13.4,3.28,6.55,0.07,6.89,0.84,4.17,97.42
2012-12-27,15.23,7.17,10.49,0.04,4.66,0.84,3.45,95.9
2012-12-28,14.22,4.85,8.55,0.4,4.04,0.84,1.69,93.74
2012-12-29,7.56,1.16,4.72,4.77,2.07,0.85,7.83,87.0
2012-12-30,7.65,-1.12,2.31,0.0,3.9,0.85,6.16,86.72
2012-12-31,8.35,-0.21,2.61,0.0,5.68,0.85,4.42,89.81
2013-01-01,8.08,-1.45,2.9,0.0,5.23,0.84,2.38,91.25
2013-01-02,8.25,3.67,5.23,0.0,3.1,0.84,1.6,93.97
2013-01-03,10.01,0.22,4.2,0.0,4.77,0.84,2.38,92.13
2013-01-04,10.91,-1.02,3.99,0.0,6.84,0.84,3.12,84.21
2013-01-05,7.95,-0.07,3.96,0.28,6.88,0.84,2.38,85.89
2013-01-06,5.09,-2.0,1.72,2.33,4.76,0.84,4.03,87.24
2013-01-07,2.36,-3.84,-1.29,0.73,4.63,0.84,4.14,82.59
2013-01-08,-0.66,-6.21,-3.45,0.13,5.12,0.84,4.25,78.26
2013-01-09,1.64,-5.5,-2.94,0.0,8.77,0.84,2.42,79.65
2013-01-10,4.1,-4.31,-0.66,0.0,6.61,0.84,3.43,86.07
2013-01-11,5.99,0.39,3.6,3.43,3.03,0.84,4.7,99.62
2013-01-12,9.19,-0.38,3.48,7.28,3.11,0.85,3.54,96.91
2013-01-13,5.98,-3.0,0.66,0.1,7.06,0.85,2.52,89.17
2013-01-14,7.84,-0.97,2.74,0.0,7.98,0.85,2.26,94.24
2013-01-15,11.21,3.52,6.75,0.01,7.51,0.85,4.52,92.46
2013-01-16,14.48,7.4,10.53,10.63,5.66,0.86,8.84,90.93
2013-01-17,13.18,7.02,9.59,1.38,7.97,0.86,5.82,85.62
2013-01-18,12.4,8.5,10.41,11.81,3.34,0.87,8.23,91.57
2013-01-19,10.19,2.79,6.96,1.94,6.11,0.88,5.19,86.75
2013-01-20,14.4,2.61,8.49,0.0,8.8,0.88,5.69,90.26
2013-01-21,15.37,8.5,11.52,0.15,7.6,0.87,6.22,92.1
2013-01-22,16.04,8.44,11.61,5.58,8.39,0.88,6.31,88.43
2013-01-23,15.05,4.19,9.45,0.07,9.14,0.88,4.64,86.27
2013-01-24,13.03,4.94,9.02,9.44,6.78,0.87,5.48,91.75
2013-01-25,13.51,5.05,9.16,12.11,8.18,0.9,4.02,85.6
2013-01-26,4.4,-2.37,1.4,19.3,1.81,0.91,9.07,91.11
2013-01-27,-1.88,-7.4,-3.95,6.56,3.35,0.91,6.03,88.87
2013-01-28,1.65,-7.48,-3.79,0.54,3.3,0.91,2.13,94.45
2013-01-29,2.42,-7.03,-3.44,0.0,9.31,0.91,2.88,93.42
2013-01-30,4.13,-4.72,-1.44,0.03,5.95,0.91,1.73,91.19
2013-01-31,5.92,-2.87,1.36,4.47,2.95,0.91,3.54,94.97
2013-02-01,9.21,-3.28,2.41,0.12,10.23,0.92,3.94,89.03
2013-02-02,12.93,-0.4,7.0,0.0,6.56,0.92,6.56,92.19
2013-02-03,17.53,11.0,13.72,0.2,7.64,0.92,11.2,85.08
2013-02-04,14.94,4.14,11.48,10.91,4.13,0.92,4.64,92.95
2013-02-05,12.1,0.23,5.03,0.0,11.44,0.93,2.52,79.46
2013-02-06,8.8,0.94,4.36,0.05,7.29,0.93,2.59,97.1
2013-02-07,14.8,7.27,10.46,8.26,6.75,0.93,7.27,90.89
2013-02-08,12.13,5.67,9.62,8.24,2.68,0.94,5.82,88.07
2013-02-09,10.15,3.46,6.33,3.5,7.85,0.94,2.43,91.96
2013-02-10,11.18,3.54,7.4,10.2,5.8,0.95,4.27,92.35
2013-02-11,5.85,-0.68,2.58,2.34,4.68,0.95,3.09,89.11
2013-02-12,10.03,-2.08,3.49,0.06,11.56,0.95,2.96,87.13
2013-02-13,10.37,1.14,5.81,1.2,7.15,0.95,4.02,87.73
2013-02-14,9.49,5.39,6.63,1.4,6.29,0.95,5.7,89.58
2013-02-15,7.1,-1.02,3.9,2.61,4.03,0.95,5.64,87.33
2013-02-16,7.31,-3.55,1.42,0.0,6.4,0.95,2.01,84.88
2013-02-17,6.73,-2.55,1.26,0.0,3.64,0.95,3.08,88.02
2013-02-18,7.11,-3.23,1.25,0.0,7.79,0.94,2.58,85.33
2013-02-19,7.28,-2.41,1.97,6.28,8.94,0.94,3.8,88.05
2013-02-20,8.41,-0.06,3.48,0.94,11.7,0.95,3.06,85.87
2013-02-21,8.57,-1.12,3.5,1.9,6.04,0.95,2.69,90.89
2013-02-22,8.12,3.35,5.38,11.3,2.95,0.96,3.93,96.03
2013-02-23,9.1,4.94,6.84,4.61,4.02,0.96,1.83,94.55
2013-02-24,11.79,5.23,7.52,0.0,10.93,0.96,3.64,94.85
2013-02-25,15.72,5.19,9.11,0.48,12.87,0.96,4.0,89.62
2013-02-26,9.94,5.64,7.18,7.47,7.26,0.96,4.6,94.66
2013-02-27,9.31,1.46,5.64,2.82,6.18,0.97,3.84,87.48
2013-02-28,8.12,0.1,3.02,0.74,9.03,0.96,4.56,79.75
2013-03-01,10.33,-2.54,3.18,0.0,17.24,0.96,2.52,82.15
2013-03-02,12.88,0.7,5.83,0.0,13.83,0.96,3.05,86.94
2013-03-03,9.85,-0.96,4.37,0.0,13.44,0.96,4.41,83.25
2013-03-04,11.59,-2.23,4.2,0.0,17.04,0.95,2.69,81.2
2013-03-05,9.29,-3.62,2.87,0.0,17.35,0.95,3.22,80.59
2013-03-06,9.24,-4.05,2.0,0.0,17.94,0.95,2.8,79.58
2013-03-07,13.13,-0.26,6.39,0.11,6.07,0.95,4.64,86.39
2013-03-08,12.73,6.44,9.36,0.51,6.47,0.94,4.25,94.14
2013-03-09,17.26,8.02,11.64,0.93,7.99,0.94,4.88,91.3
2013-03-10,18.41,7.52,12.11,0.41,14.34,0.94,5.24,86.68
2013-03-11,17.02,9.51,12.84,1.2,10.12,0.94,5.58,92.41
2013-03-12,18.29,7.74,11.91,2.25,14.8,0.94,2.97,82.91
2013-03-13,15.32,5.86,10.63,0.49,15.41,0.93,4.95,85.46
2013-03-14,17.57,9.36,12.97,0.48,9.78,0.93,7.72,84.1
2013-03-15,15.57,2.31,11.7,9.63,12.91,0.93,8.77,80.23
2013-03-16,4.68,0.24,2.08,5.61,5.7,0.94,4.37,83.32
2013-03-17,6.44,-2.14,2.27,0.02,12.33,0.94,2.57,71.71
2013-03-18,9.7,-2.75,3.73,0.02,19.23,0.93,3.56,78.32
2013-03-19,16.04,4.32,10.7,0.35,11.28,0.93,8.15,85.84
2013-03-20,16.66,4.17,10.94,0.86,13.4,0.93,2.67,86.68
2013-03-21,18.13,8.54,12.98,1.16,11.62,0.92,5.32,83.73
2013-03-22,12.16,3.37,7.91,8.72,4.21,0.93,7.61,76.07
2013-03-23,12.25,1.9,6.51,0.01,16.74,0.93,5.35,68.93
2013-03-24,13.82,1.63,7.34,0.0,17.77,0.92,2.76,76.44
2013-03-25,13.04,3.21,7.14,0.12,9.82,0.92,5.39,85.44
2013-03-26,16.81,4.69,10.65,9.75,10.26,0.92,4.13,86.84
2013-03-27,10.69,2.82,6.64,10.29,5.22,0.93,4.95,88.61
2013-03-28,10.76,2.48,6.09,0.12,6.68,0.93,3.79,83.77
2013-03-29,13.13,1.8,7.07,0.29,10.83,0.93,3.73,88.17
2013-03-30,18.77,5.64,11.6,0.16,15.32,0.93,2.98,86.82
2013-03-31,20.31,11.01,14.86,0.0,15.75,0.92,5.22,83.32
2013-04-01,20.81,7.63,14.56,0.09,17.78,0.92,3.84,80.5
2013-04-02,18.91,6.24,12.52,0.45,21.43,0.91,3.49,82.25
2013-04-03,16.35,9.19,12.53,6.59,3.7,0.91,4.25,89.25
2013-04-04,17.55,8.61,12.87,0.52,17.56,0.92,3.11,79.26
2013-04-05,19.33,6.43,13.04,0.0,17.63,0.91,3.92,80.08
2013-04-06,22.2,9.18,15.52,0.05,18.05,0.91,3.16,82.02
2013-04-07,15.23,6.93,12.05,5.57,8.92,0.9,6.97,87.29
2013-04-08,7.26,3.76,6.29,8.26,5.93,0.92,5.82,88.24
2013-04-09,11.09,2.34,6.89,0.08,10.47,0.92,2.2,84.66
2013-04-10,15.55,3.13,9.36,0.02,18.38,0.91,3.0,86.29
2013-04-11,17.99,5.87,11.78,0.27,16.64,0.91,2.83,77.75
2013-04-12,19.63,5.65,12.83,0.0,23.23,0.9,3.26,78.73
2013-04-13,21.97,7.43,14.54,0.32,24.06,0.9,4.15,82.16
2013-04-14,16.73,9.99,13.86,2.34,14.84,0.89,2.97,86.3
2013-04-15,15.08,7.91,11.06,1.8,12.35,0.89,6.23,80.89
2013-04-16,14.17,7.15,9.98,3.47,6.62,0.89,7.68,75.71
2013-04-17,15.88,2.77,8.93,0.01,25.37,0.89,6.0,68.24
2013-04-18,13.38,1.29,7.21,0.0,22.04,0.88,4.3,70.38
2013-04-19,14.66,2.44,8.62,0.0,14.42,0.88,4.69,81.67
2013-04-20,17.64,4.37,10.69,0.0,20.21,0.87,4.02,74.17
2013-04-21,19.46,4.33,11.93,0.41,16.8,0.87,3.72,73.13
2013-04-22,17.61,6.25,11.89,0.01,16.0,0.86,3.01,80.49
2013-04-23,19.98,3.64,12.08,0.0,25.72,0.86,1.77,72.7
2013-04-24,23.07,8.33,16.45,0.01,24.4,0.85,1.35,66.02
2013-04-25,25.16,12.14,18.98,0.0,25.99,0.85,1.6,60.14
2013-04-26,25.65,14.01,19.22,0.0,26.69,0.84,1.59,61.68
2013-04-27,25.06,11.64,18.09,0.0,27.59,0.83,2.72,65.39
2013-04-28,25.25,9.58,17.16,0.0,25.85,0.83,3.86,70.34
2013-04-29,27.59,13.04,19.48,0.0,26.09,0.82,2.34,72.64
2013-04-30,26.4,11.75,18.41,0.0,27.25,0.81,3.59,72.55
2013-05-01,25.91,10.5,17.69,0.0,26.74,0.8,3.49,72.47
2013-05-02,25.45,10.08,17.53,0.0,27.49,0.8,3.98,75.49
2013-05-03,25.37,10.32,17.53,0.0,27.3,0.79,2.72,79.64
2013-05-04,26.24,10.98,18.62,2.64,21.95,0.79,1.56,74.43
2013-05-05,26.41,15.0,20.62,0.01,22.1,0.78,2.89,74.47
2013-05-06,25.18,12.6,18.74,0.0,27.28,0.78,4.42,75.45
2013-05-07,24.3,10.51,16.95,0.0,25.46,0.77,5.27,76.29
2013-05-08,20.75,11.84,15.94,0.0,23.34,0.76,5.67,77.98
2013-05-09,22.18,11.79,16.17,0.0,19.42,0.76,4.96,74.09
2013-05-10,23.39,10.01,16.08,0.0,26.99,0.75,4.26,73.39
2013-05-11,23.89,7.59,16.35,0.0,26.42,0.74,2.59,66.97
2013-05-12,24.76,11.9,18.19,0.0,24.16,0.74,1.46,70.1
2013-05-13,23.58,12.88,18.57,0.45,18.64,0.73,2.17,73.16
2013-05-14,19.3,13.18,16.51,1.89,7.35,0.73,4.03,83.06
2013-05-15,23.62,9.8,16.87,0.02,25.4,0.73,3.14,68.78
2013-05-16,26.04,10.97,18.65,0.0,26.12,0.72,4.0,70.31
2013-05-17,25.99,14.52,19.8,0.05,21.65,0.71,5.34,72.67
2013-05-18,29.54,15.14,22.38,0.21,26.87,0.71,2.72,72.47
2013-05-19,29.14,17.54,22.96,0.85,18.34,0.7,1.57,64.06
2013-05-20,30.21,17.08,23.1,0.0,28.58,0.7,2.56,63.81
2013-05-21,30.11,15.51,22.86,0.01,28.19,0.69,1.57,64.04
2013-05-22,31.14,15.07,22.76,0.0,26.81,0.68,3.53,59.85
2013-05-23,28.98,16.81,22.93,0.19,26.58,0.68,7.85,60.43
2013-05-24,24.0,15.24,20.24,1.72,22.66,0.67,7.33,63.93
2013-05-25,27.59,13.17,20.29,0.0,28.09,0.67,5.03,64.13
2013-05-26,28.09,13.12,20.78,0.03,30.23,0.66,6.05,60.99
2013-05-27,24.86,11.3,18.23,0.05,27.59,0.66,3.08,55.25
2013-05-28,27.59,10.84,19.38,0.0,28.61,0.66,3.45,57.57
2013-05-29,28.41,14.15,20.43,0.0,22.24,0.65,5.04,53.54
2013-05-30,29.97,15.49,22.25,0.0,21.82,0.65,4.98,61.8
2013-05-31,27.77,15.26,21.04,0.74,24.86,0.65,5.8,60.01
2013-06-01,27.48,11.92,19.34,1.25,28.5,0.65,3.43,50.52
2013-06-02,18.79,12.76,15.39,8.3,7.46,0.65,3.7,84.42
2013-06-03,25.47,10.91,18.8,0.11,25.39,0.66,2.92,64.62
2013-06-04,23.22,13.82,19.13,7.33,18.91,0.66,1.94,66.78
2013-06-05,24.8,14.29,19.66,0.17,19.49,0.66,1.87,62.56
2013-06-06,25.13,13.57,20.29,0.79,19.94,0.66,1.21,58.43
2013-06-07,25.22,16.44,21.03,2.28,15.51,0.66,1.67,59.09
2013-06-08,22.96,14.75,19.47,3.06,17.86,0.66,1.46,67.06
2013-06-09,27.54,12.29,20.41,0.0,25.65,0.66,2.32,66.47
2013-06-10,30.73,14.22,22.62,0.0,29.74,0.65,2.56,62.24
2013-06-11,32.23,17.3,24.19,0.43,27.06,0.65,3.09,54.04
2013-06-12,21.91,17.63,19.3,6.87,18.27,0.65,3.83,77.71
2013-06-13,22.75,16.51,19.43,13.03,14.37,0.66,4.08,82.28
2013-06-14,25.68,16.0,20.71,7.13,14.54,0.68,4.27,76.87
2013-06-15,26.76,16.0,21.82,5.91,18.31,0.68,2.88,73.5
2013-06-16,29.99,16.43,23.97,1.09,26.11,0.68,3.19,67.4
2013-06-17,32.37,18.09,25.44,0.0,28.79,0.67,3.5,61.45
2013-06-18,32.94,18.31,25.43,0.0,29.57,0.66,4.03,57.69
2013-06-19,33.13,17.08,24.76,0.0,27.9,0.65,3.5,55.68
2013-06-20,31.51,17.84,24.12,0.0,29.19,0.65,4.68,58.71
2013-06-21,30.3,15.1,22.38,0.0,30.95,0.64,4.06,58.04
2013-06-22,33.24,14.68,23.77,0.0,31.03,0.64,3.09,56.68
2013-06-23,35.87,14.26,25.06,0.0,31.35,0.63,1.85,52.97
2013-06-24,36.73,17.98,27.24,0.12,27.83,0.63,2.5,53.02
2013-06-25,36.59,19.06,27.47,0.0,29.89,0.62,3.07,51.9
2013-06-26,33.75,19.37,25.84,0.0,29.6,0.62,4.95,58.47
2013-06-27,33.25,17.64,25.17,0.0,28.79,0.62,4.8,56.55
2013-06-28,31.07,17.28,24.22,0.0,22.75,0.61,4.72,58.75
2013-06-29,32.63,18.18,25.52,0.25,24.77,0.61,3.7,48.68
2013-06-30,26.51,17.63,21.8,12.5,23.73,0.62,3.65,68.3
2013-07-01,28.51,16.13,22.47,0.13,18.79,0.63,5.54,58.61
2013-07-02,28.77,15.11,22.76,0.11,27.55,0.63,2.13,57.89
2013-07-03,30.24,16.13,23.35,0.0,26.36,0.62,2.34,56.54
2013-07-04,31.59,15.4,23.86,0.0,28.53,0.62,3.43,57.42
2013-07-05,29.29,17.55,23.33,0.21,21.35,0.62,4.16,65.4
2013-07-06,32.89,16.8,24.84,0.09,28.72,0.61,6.48,55.13
2013-07-07,33.73,18.05,25.73,0.01,27.75,0.61,6.52,48.6
2013-07-08,34.89,18.58,26.54,0.05,28.94,0.61,6.17,48.42
2013-07-09,33.86,19.33,26.28,0.46,27.73,0.61,6.93,52.08
2013-07-10,32.57,19.05,25.16,0.0,25.11,0.61,5.85,48.8
2013-07-11,33.74,17.76,25.62,0.01,26.0,0.6,4.23,51.22
2013-07-12,35.21,17.51,26.73,0.0,27.14,0.6,2.66,50.23
2013-07-13,35.02,19.43,27.18,0.0,26.75,0.6,3.11,43.39
2013-07-14,33.7,18.95,26.21,0.0,28.21,0.6,4.16,43.05
2013-07-15,33.08,17.85,25.63,0.0,23.89,0.6,3.45,45.4
2013-07-16,31.51,17.45,24.27,2.07,22.73,0.6,3.93,57.17
2013-07-17,30.73,17.37,23.62,0.0,26.07,0.6,6.27,57.08
2013-07-18,30.85,16.76,23.6,0.0,26.74,0.6,5.44,54.99
2013-07-19,32.33,16.6,24.4,0.0,27.15,0.6,4.28,51.92
2013-07-20,34.07,16.31,25.42,0.0,28.65,0.6,3.73,49.42
2013-07-21,33.54,18.13,24.99,0.01,22.04,0.6,4.19,52.24
2013-07-22,31.1,16.84,23.88,0.02,27.04,0.6,4.64,46.22
2013-07-23,33.95,16.3,25.43,0.0,28.64,0.6,2.01,43.05
2013-07-24,36.41,19.46,27.74,0.0,28.26,0.6,2.16,34.44
2013-07-25,37.04,19.68,28.49,0.0,27.07,0.6,2.67,36.47
2013-07-26,36.22,20.39,28.27,0.02,23.74,0.6,2.97,39.9
2013-07-27,34.98,20.26,27.23,0.0,24.33,0.6,2.91,46.9
2013-07-28,35.42,19.39,27.17,0.0,26.32,0.6,2.77,45.89
2013-07-29,37.89,19.13,28.91,0.0,27.56,0.6,1.78,42.85
2013-07-30,39.28,22.35,30.84,0.67,25.92,0.6,2.07,38.03
2013-07-31,31.2,22.05,26.35,3.66,18.43,0.6,3.67,55.58
2013-08-01,32.16,20.69,25.98,0.09,20.76,0.6,4.94,52.87
2013-08-02,34.18,19.64,26.67,0.0,26.8,0.6,4.42,49.61
2013-08-03,36.07,19.0,27.85,0.0,26.71,0.6,2.17,47.74
2013-08-04,36.36,20.72,27.61,0.0,26.82,0.6,4.14,44.02
2013-08-05,32.75,17.95,24.98,0.0,28.31,0.6,4.88,51.36
2013-08-06,33.5,18.15,25.81,0.0,26.74,0.6,5.42,49.4
2013-08-07,33.61,18.48,25.72,0.0,26.96,0.6,4.94,50.07
2013-08-08,35.44,18.38,26.81,0.0,26.82,0.6,4.74,48.88
2013-08-09,34.73,19.22,26.5,0.0,26.19,0.6,4.87,58.13
2013-08-10,34.41,19.09,26.42,0.0,26.85,0.6,6.03,57.77
2013-08-11,33.3,19.44,25.8,0.0,24.25,0.6,5.36,51.93
2013-08-12,34.99,18.53,26.79,0.0,24.5,0.6,4.26,43.37
2013-08-13,36.28,20.23,27.92,0.0,24.76,0.6,3.77,43.88
2013-08-14,36.49,19.18,27.47,0.0,25.7,0.6,4.74,43.78
2013-08-15,35.88,19.28,27.27,0.0,25.55,0.59,5.6,56.65
2013-08-16,34.27,20.84,26.65,0.0,21.75,0.59,7.29,58.33
2013-08-17,32.93,19.56,25.79,0.0,23.71,0.59,6.73,49.52
2013-08-18,34.34,17.47,25.7,0.0,24.11,0.59,4.67,45.54
2013-08-19,35.47,19.32,26.83,0.0,24.49,0.59,4.8,55.01
2013-08-20,34.06,19.2,26.14,0.0,24.77,0.59,4.82,54.35
2013-08-21,32.47,18.87,25.16,0.0,23.52,0.59,6.27,57.7
2013-08-22,31.62,19.54,25.03,0.0,23.09,0.59,5.76,53.57
2013-08-23,32.4,18.86,25.11,0.0,23.06,0.59,4.46,49.51
2013-08-24,34.25,18.04,26.03,0.0,22.38,0.59,3.59,45.31
2013-08-25,34.74,18.89,26.6,0.0,22.95,0.59,2.53,54.52
2013-08-26,35.99,18.56,27.2,0.0,23.7,0.59,2.03,50.06
2013-08-27,37.33,19.25,28.27,0.02,23.58,0.59,2.28,47.3
2013-08-28,37.38,20.83,28.88,0.04,23.14,0.59,2.83,50.86
2013-08-29,33.93,21.15,27.6,0.08,18.25,0.59,3.41,49.99
2013-08-30,32.1,19.25,24.86,0.0,16.66,0.59,4.11,49.65
2013-08-31,28.03,17.41,22.46,0.02,18.38,0.59,3.15,52.33
2013-09-01,30.34,15.41,22.78,0.0,21.17,0.59,2.71,47.79
2013-09-02,31.22,16.69,23.9,0.0,20.85,0.59,1.92,42.62
2013-09-03,30.87,16.71,23.97,0.04,20.55,0.59,4.22,33.82
2013-09-04,28.58,16.53,22.2,0.02,21.03,0.59,4.26,40.46
2013-09-05,29.09,14.32,21.69,0.01,21.34,0.59,2.21,40.92
2013-09-06,30.27,15.34,22.53,0.0,19.15,0.59,2.96,43.35
2013-09-07,31.2,15.28,23.26,0.0,19.86,0.59,2.37,47.12
2013-09-08,29.25,15.5,22.04,0.0,19.91,0.59,3.5,49.36
2013-09-09,29.31,15.04,21.99,0.0,18.93,0.59,2.55,53.18
2013-09-10,31.38,16.23,23.41,0.01,18.18,0.59,1.9,46.31
2013-09-11,33.49,17.91,25.02,0.29,19.67,0.59,3.96,46.05
2013-09-12,34.62,18.52,26.1,0.0,21.15,0.59,2.79,45.39
2013-09-13,33.01,20.23,25.63,1.98,19.03,0.59,4.02,53.07
2013-09-14,25.01,14.18,19.32,9.08,21.09,0.61,4.79,56.17
2013-09-15,28.18,12.38,20.24,0.0,21.07,0.61,3.34,49.77
2013-09-16,27.4,15.2,20.16,0.52,14.14,0.61,2.47,60.58
2013-09-17,26.87,15.12,20.6,0.15,13.48,0.61,3.23,64.0
2013-09-18,23.3,16.53,19.31,1.02,13.92,0.61,3.23,63.97
2013-09-19,29.24,12.25,20.43,0.0,20.44,0.61,3.26,50.88
2013-09-20,23.2,12.86,17.47,0.01,9.18,0.6,3.38,51.58
2013-09-21,24.83,11.31,17.37,0.0,19.91,0.6,3.08,50.72
2013-09-22,24.82,11.52,17.5,0.02,16.67,0.6,4.16,52.42
2013-09-23,25.47,11.14,17.99,0.0,18.16,0.6,2.8,53.88
2013-09-24,26.7,12.01,18.8,0.0,11.5,0.6,4.18,50.17
2013-09-25,29.74,12.77,20.53,0.0,19.31,0.6,3.06,50.49
2013-09-26,31.0,13.83,21.47,0.0,19.21,0.6,4.51,67.92
2013-09-27,29.25,15.11,20.91,0.05,15.39,0.6,4.05,63.0
2013-09-28,25.22,14.14,19.14,0.15,13.67,0.6,2.38,64.64
2013-09-29,28.32,13.31,20.6,0.0,14.87,0.6,3.07,64.57
2013-09-30,28.56,15.28,20.98,0.36,12.2,0.6,4.22,69.29
2013-10-01,22.0,9.56,18.37,4.27,4.21,0.6,6.47,76.18
2013-10-02,16.66,5.92,10.48,1.91,7.0,0.61,6.9,62.3
2013-10-03,14.23,2.72,7.64,0.01,13.38,0.61,5.08,56.21
2013-10-04,12.38,1.45,6.28,0.0,11.46,0.61,4.04,57.35
2013-10-05,14.65,-0.37,6.59,0.0,17.47,0.61,3.04,57.07
2013-10-06,17.54,2.76,9.62,0.0,17.69,0.61,2.11,62.84
2013-10-07,20.01,4.48,11.32,0.0,16.63,0.6,2.62,70.41
2013-10-08,21.6,5.05,12.1,0.0,17.5,0.6,3.51,71.74
2013-10-09,23.22,8.88,15.43,0.01,15.95,0.6,2.35,66.05
2013-10-10,25.13,10.13,16.83,0.0,15.75,0.6,3.77,72.49
2013-10-11,24.97,11.73,17.63,0.0,13.11,0.6,3.37,78.17
2013-10-12,27.79,11.89,18.53,0.0,11.29,0.6,2.53,74.08
2013-10-13,24.81,10.77,16.39,0.0,13.81,0.6,2.97,74.02
2013-10-14,24.18,9.82,16.33,0.0,14.67,0.6,1.79,72.07
2013-10-15,25.98,10.55,17.6,0.0,14.3,0.6,2.66,66.26
2013-10-16,20.91,12.55,16.45,6.49,8.72,0.6,4.35,88.47
2013-10-17,15.9,9.94,13.59,24.72,4.19,0.64,5.93,85.94
2013-10-18,19.93,11.29,14.71,2.91,7.1,0.66,6.97,71.61
2013-10-19,19.22,7.63,12.84,0.0,12.12,0.65,3.03,70.0
2013-10-20,19.71,6.59,11.99,0.0,14.44,0.65,2.53,75.38
2013-10-21,20.38,6.62,12.43,0.0,15.06,0.65,1.82,74.52
2013-10-22,25.46,9.75,16.01,0.0,13.29,0.64,2.26,73.57
2013-10-23,23.31,9.0,14.61,0.0,13.81,0.64,3.88,75.04
2013-10-24,20.68,7.47,12.55,0.0,12.41,0.64,3.7,80.4
2013-10-25,18.63,6.78,11.7,0.0,12.48,0.64,2.51,76.9
2013-10-26,18.83,6.79,10.81,0.0,12.5,0.64,2.45,80.66
2013-10-27,19.35,6.08,12.32,0.0,13.45,0.64,1.27,74.0
2013-10-28,23.23,6.33,13.8,0.0,12.85,0.64,2.21,74.46
2013-10-29,25.19,12.18,16.93,0.0,10.98,0.63,1.24,75.12
2013-10-30,24.38,9.77,15.42,0.0,11.4,0.63,2.51,78.92
2013-10-31,21.63,8.83,14.13,0.0,8.83,0.63,4.52,78.84
2013-11-01,19.56,11.7,14.32,0.0,6.51,0.63,4.39,79.23
2013-11-02,17.94,10.43,13.76,0.0,4.74,0.63,1.22,80.63
2013-11-03,20.84,7.02,13.02,0.0,8.72,0.63,3.41,84.89
2013-11-04,23.06,11.69,16.2,0.0,7.43,0.63,5.25,85.86
2013-11-05,21.56,14.1,17.04,0.06,7.94,0.63,7.44,83.82
2013-11-06,19.19,13.21,15.54,2.61,5.71,0.63,6.36,87.26
2013-11-07,18.42,9.34,13.11,8.94,10.45,0.65,3.52,70.94
2013-11-08,18.74,7.35,11.7,0.0,11.69,0.65,1.62,69.44
2013-11-09,18.77,4.95,10.67,0.0,11.7,0.64,2.15,78.15
2013-11-10,18.75,6.25,11.17,0.0,10.41,0.64,2.54,84.6
2013-11-11,20.28,10.32,15.19,0.09,7.06,0.64,4.44,90.74
2013-11-12,21.9,11.06,15.28,0.01,7.61,0.64,3.4,82.81
2013-11-13,16.56,9.27,11.69,0.02,4.09,0.64,4.5,83.02
2013-11-14,12.98,9.08,10.35,0.8,3.23,0.64,5.09,84.77
2013-11-15,12.71,7.68,10.04,0.98,2.77,0.64,7.25,79.94
2013-11-16,14.33,3.06,8.64,0.01,5.49,0.64,4.81,70.67
2013-11-17,13.89,1.73,6.85,0.0,9.56,0.64,2.94,75.44
2013-11-18,14.97,3.25,7.93,0.0,8.05,0.64,3.9,84.5
2013-11-19,15.29,5.49,9.35,0.0,7.17,0.64,2.42,84.25
2013-11-20,18.29,4.74,11.88,5.73,5.53,0.64,4.6,89.3
2013-11-21,19.0,10.72,13.75,5.58,5.96,0.65,4.14,90.23
2013-11-22,15.95,8.21,12.12,7.25,3.8,0.67,2.8,91.29
2013-11-23,17.77,7.88,11.71,0.19,6.29,0.66,2.66,86.18
2013-11-24,16.48,10.78,13.2,6.39,4.16,0.66,6.21,89.02
2013-11-25,17.19,8.21,12.57,0.89,3.38,0.67,4.32,79.01
2013-11-26,8.18,5.81,6.9,5.61,1.55,0.67,4.75,86.08
2013-11-27,14.15,5.11,9.84,3.08,2.97,0.68,4.57,90.2
2013-11-28,7.81,-1.56,2.79,0.16,4.7,0.68,4.43,76.43
2013-11-29,8.42,-3.1,1.3,0.0,7.59,0.68,4.05,75.44
2013-11-30,9.06,-2.85,2.0,0.0,8.83,0.68,2.15,80.57
2013-12-01,13.85,1.3,6.73,0.22,4.05,0.67,2.75,74.01
2013-12-02,10.64,2.5,6.41,1.17,1.79,0.68,4.09,84.81
2013-12-03,6.25,-1.73,1.35,0.0,6.94,0.68,6.91,68.36
2013-12-04,8.91,-0.82,2.8,0.0,4.01,0.67,5.4,77.66
2013-12-05,10.12,-2.92,1.53,0.0,9.21,0.67,3.1,73.53
2013-12-06,10.73,-3.11,2.55,0.0,8.89,0.67,3.76,86.41
2013-12-07,7.89,-2.69,2.34,0.49,5.37,0.67,5.1,64.49
2013-12-08,6.78,-3.93,0.53,0.0,8.6,0.67,4.08,70.75
2013-12-09,9.57,-3.25,2.28,0.0,8.07,0.67,3.59,80.7
2013-12-10,5.08,-4.77,2.03,0.44,2.6,0.67,5.77,69.68
2013-12-11,1.82,-5.86,-3.08,0.07,8.19,0.67,5.26,62.03
2013-12-12,1.96,-2.54,-1.1,0.35,3.37,0.67,2.06,80.31
2013-12-13,4.0,-2.1,0.18,0.58,2.66,0.67,2.27,89.9
2013-12-14,7.09,-2.65,0.67,0.0,8.18,0.67,2.16,88.93
2013-12-15,4.89,-0.4,1.28,0.0,4.74,0.67,1.49,95.74
2013-12-16,5.29,-0.74,1.12,0.04,3.06,0.67,4.93,78.15
2013-12-17,6.58,-1.29,1.58,0.03,4.45,0.67,5.85,85.44
2013-12-18,9.43,-0.05,3.29,0.0,4.28,0.67,5.04,87.51
2013-12-19,9.05,0.64,3.71,0.0,4.16,0.67,2.29,85.41
2013-12-20,7.95,-1.93,1.64,0.0,8.55,0.67,1.65,88.4
2013-12-21,9.85,-1.76,1.96,0.0,5.75,0.67,2.18,81.63
2013-12-22,9.15,-2.32,2.17,0.01,6.54,0.67,2.65,92.96
2013-12-23,6.9,0.8,2.77,0.01,4.91,0.67,0.92,87.92
2013-12-24,6.57,-1.65,1.84,0.0,5.51,0.67,1.63,88.35
2013-12-25,12.49,1.36,5.3,0.0,6.77,0.67,1.82,74.86
2013-12-26,14.32,0.67,6.07,0.08,7.19,0.67,2.94,84.67
2013-12-27,13.26,5.11,7.94,0.18,2.4,0.67,4.58,80.49
2013-12-28,12.6,4.7,7.51,0.0,6.2,0.67,4.52,82.72
2013-12-29,11.99,2.97,6.0,0.0,5.38,0.67,4.07,87.65
2013-12-30,10.35,-1.18,4.18,0.0,3.04,0.67,3.35,82.42
2013-12-31,6.06,-2.85,0.96,0.0,2.0,0.66,3.94,84.9
2014-01-01,6.46,0.57,3.04,0.0,2.26,0.66,3.35,88.47
2014-01-02,8.07,2.01,4.61,0.0,3.07,0.66,2.14,92.96
2014-01-03,10.38,3.96,6.37,0.0,3.73,0.66,1.31,87.39
2014-01-04,8.55,1.66,4.12,0.0,3.48,0.66,0.74,91.75
2014-01-05,6.07,1.38,3.83,0.0,3.96,0.66,2.83,95.67
2014-01-06,11.57,6.21,8.23,0.0,5.71,0.66,3.26,97.02
2014-01-07,13.42,4.48,7.6,0.02,5.62,0.66,1.51,90.35
2014-01-08,11.73,3.22,5.73,0.0,3.72,0.66,2.42,91.04
2014-01-09,12.62,2.54,5.83,0.0,5.42,0.66,1.84,89.22
2014-01-10,13.49,2.23,5.99,0.0,5.63,0.66,3.73,90.64
2014-01-11,13.59,2.53,6.95,0.0,7.72,0.66,2.25,72.48
2014-01-12,12.51,0.45,5.85,0.0,6.6,0.66,3.07,87.45
2014-01-13,12.9,-1.67,4.45,0.0,8.94,0.66,3.07,75.16
2014-01-14,12.41,-0.06,4.97,0.0,6.65,0.66,2.63,82.95
2014-01-15,12.61,2.07,7.24,0.89,6.51,0.66,3.92,94.71
2014-01-16,13.32,4.74,9.79,9.99,2.68,0.68,4.06,94.71
2014-01-17,13.97,2.86,7.84,0.06,4.45,0.68,3.59,92.09
2014-01-18,14.79,7.15,10.37,0.0,5.56,0.68,5.57,89.95
2014-01-19,16.84,6.76,10.67,0.0,8.79,0.67,4.47,88.19
2014-01-20,16.92,9.6,12.7,0.1,6.63,0.67,7.28,87.83
2014-01-21,17.39,9.94,12.82,2.31,4.08,0.67,7.52,86.28
2014-01-22,14.56,7.04,9.89,0.62,7.65,0.68,3.46,85.17
2014-01-23,13.24,5.29,8.57,0.66,6.91,0.68,1.66,83.5
2014-01-24,13.38,3.81,8.09,6.01,5.26,0.68,3.3,88.38
2014-01-25,15.43,7.31,10.22,12.07,5.81,0.69,5.94,85.03
2014-01-26,10.11,3.22,6.77,11.85,2.16,0.72,5.37,91.19
2014-01-27,2.47,-4.19,-1.22,1.15,3.28,0.72,5.7,76.59
2014-01-28,3.99,-2.67,0.65,2.98,3.14,0.71,3.96,89.44
2014-01-29,3.75,-5.45,1.12,13.09,2.32,0.74,6.09,90.83
2014-01-30,4.06,-5.81,-2.2,0.0,8.89,0.73,3.67,81.7
2014-01-31,3.98,-3.62,-0.83,0.01,2.64,0.73,5.67,80.26
2014-02-01,7.05,-1.99,1.63,0.01,4.71,0.73,6.34,81.53
2014-02-02,8.69,0.45,4.05,0.0,9.09,0.73,8.36,77.48
2014-02-03,8.49,1.94,4.5,0.0,4.25,0.72,7.55,77.99
2014-02-04,8.01,-0.32,2.89,0.0,5.01,0.72,4.62,79.15
2014-02-05,8.09,-1.02,2.65,0.0,6.08,0.72,1.96,81.53
2014-02-06,8.76,-0.34,3.03,0.0,6.31,0.72,1.69,85.05
2014-02-07,9.25,-0.63,3.25,0.0,8.01,0.72,2.12,89.74
2014-02-08,14.54,3.95,9.51,0.42,6.53,0.72,5.98,91.27
2014-02-09,16.38,8.57,12.3,2.75,8.09,0.72,7.16,87.81
2014-02-10,17.15,6.78,11.43,2.13,12.21,0.73,5.11,77.12
2014-02-11,16.91,6.69,11.12,0.0,10.68,0.72,5.14,89.24
2014-02-12,17.42,9.45,12.28,0.03,7.68,0.72,5.48,88.99
2014-02-13,15.59,8.5,11.41,0.59,8.06,0.72,4.47,89.43
2014-02-14,14.64,6.67,10.53,0.21,8.93,0.72,2.29,78.68
2014-02-15,13.66,3.37,7.46,0.45,10.6,0.72,3.97,84.12
2014-02-16,11.07,3.69,5.83,0.0,10.29,0.72,3.13,91.39
2014-02-17,18.05,6.29,10.42,0.0,12.49,0.72,5.05,85.02
2014-02-18,19.87,6.14,11.68,0.0,9.6,0.72,2.81,85.4
2014-02-19,18.06,6.12,10.49,0.0,9.48,0.71,5.04,88.7
2014-02-20,17.91,8.35,11.7,0.0,10.47,0.71,5.64,87.4
2014-02-21,16.37,7.93,11.34,0.0,7.64,0.71,2.95,87.32
2014-02-22,14.27,6.3,9.31,0.07,5.98,0.71,2.21,82.88
2014-02-23,9.36,4.5,6.84,0.54,3.64,0.71,2.63,85.16
2014-02-24,8.68,1.16,4.72,0.79,3.8,0.71,5.86,80.27
2014-02-25,8.62,-1.26,3.13,0.01,7.23,0.71,5.08,78.63
2014-02-26,8.9,-3.51,2.38,0.0,9.64,0.71,1.82,76.16
2014-02-27,11.79,0.52,5.17,0.0,8.89,0.71,1.75,77.25
2014-02-28,12.43,1.56,6.49,1.61,10.56,0.71,3.06,88.14
2014-03-01,10.42,6.08,7.92,5.38,3.41,0.72,2.74,95.05
2014-03-02,15.75,6.35,9.41,2.88,5.8,0.72,5.77,82.76
2014-03-03,14.8,4.83,9.76,2.56,12.74,0.72,5.03,86.22
2014-03-04,12.84,5.83,9.59,1.26,6.61,0.72,4.33,86.96
2014-03-05,15.19,7.32,10.3,14.87,7.38,0.72,3.9,88.56
2014-03-06,14.34,5.13,9.62,2.27,11.67,0.75,3.01,81.66
2014-03-07,13.82,5.4,8.77,1.68,11.88,0.74,4.31,83.72
2014-03-08,8.7,4.69,6.42,0.94,4.41,0.74,6.45,85.65
2014-03-09,8.27,1.34,4.44,0.62,3.87,0.74,7.36,75.75
2014-03-10,5.68,1.39,3.6,5.65,3.09,0.74,7.35,90.33
2014-03-11,9.0,0.87,4.05,2.32,6.34,0.75,5.39,78.61
2014-03-12,14.78,-0.49,5.97,0.0,16.5,0.74,5.74,65.47
2014-03-13,13.12,-0.31,5.62,0.0,18.77,0.74,4.35,63.87
2014-03-14,16.17,-0.69,7.4,0.0,17.44,0.74,1.87,65.53
2014-03-15,16.87,1.43,8.56,0.0,20.12,0.73,5.19,76.62
2014-03-16,14.13,6.19,9.71,0.02,7.25,0.73,4.59,69.29
2014-03-17,18.95,4.82,11.76,0.0,15.88,0.73,3.17,70.13
2014-03-18,21.4,5.4,13.15,0.0,18.18,0.72,3.17,65.29
2014-03-19,21.2,5.73,12.94,0.0,20.4,0.72,6.0,69.98
2014-03-20,18.13,5.14,12.08,2.23,17.96,0.72,2.88,65.58
2014-03-21,19.36,4.51,11.38,0.0,21.18,0.72,2.69,65.82
2014-03-22,20.34,4.16,11.6,0.0,21.15,0.71,2.61,70.47
2014-03-23,19.75,4.58,11.41,0.0,17.28,0.71,3.41,74.83
2014-03-24,18.99,6.63,12.3,0.02,18.31,0.71,5.1,81.82
2014-03-25,13.83,7.53,11.28,14.62,7.47,0.72,3.2,86.56
2014-03-26,13.03,4.66,9.4,1.62,9.58,0.73,2.8,85.47
2014-03-27,16.37,6.7,11.47,2.67,8.74,0.73,3.16,83.67
2014-03-28,19.3,7.95,13.11,1.11,10.23,0.73,3.28,75.55
2014-03-29,18.02,1.61,9.99,0.49,16.62,0.73,5.08,71.18
2014-03-30,13.11,-1.79,5.48,0.0,23.72,0.72,2.27,62.05
2014-03-31,17.54,0.84,8.45,0.0,23.71,0.72,2.41,67.36
2014-04-01,21.92,4.14,12.77,0.02,19.88,0.72,3.11,72.54
2014-04-02,19.32,7.15,12.1,0.0,16.38,0.71,3.94,72.48
2014-04-03,17.89,6.42,10.96,0.0,18.18,0.71,2.92,74.2
2014-04-04,21.35,5.59,12.8,0.0,19.23,0.71,4.75,78.08
2014-04-05,17.52,10.45,13.47,0.0,7.62,0.7,3.9,84.39
2014-04-06,17.56,7.38,12.2,0.02,14.74,0.7,6.45,75.44
2014-04-07,18.26,6.31,10.95,0.5,15.01,0.7,4.91,61.15
2014-04-08,19.11,6.94,12.86,0.34,18.56,0.7,2.26,65.5
2014-04-09,21.96,6.28,13.67,0.01,23.58,0.69,3.65,71.75
2014-04-10,11.41,4.84,8.61,15.88,10.14,0.7,3.66,86.82
2014-04-11,12.84,2.88,8.22,1.97,11.69,0.72,2.38,76.17
2014-04-12,14.41,4.78,9.5,2.58,14.12,0.72,2.42,76.41
2014-04-13,14.81,4.1,9.97,0.36,16.3,0.72,2.47,76.78
2014-04-14,18.79,5.51,11.9,0.0,22.55,0.71,1.77,66.46
2014-04-15,20.58,5.18,12.54,0.0,21.04,0.71,4.52,70.28
2014-04-16,18.65,6.49,13.01,0.15,16.55,0.7,5.06,75.62
2014-04-17,19.93,8.55,14.48,0.83,19.27,0.7,4.26,71.45
2014-04-18,14.94,7.77,11.06,5.74,10.11,0.71,5.4,82.58
2014-04-19,16.71,8.64,12.27,2.13,20.21,0.71,6.75,76.95
2014-04-20,17.22,9.08,13.01,12.78,10.97,0.72,4.06,84.53
2014-04-21,20.49,6.82,13.98,0.37,21.25,0.72,2.96,79.43
2014-04-22,23.65,10.05,16.59,0.07,23.54,0.72,3.02,75.56
2014-04-23,25.23,12.08,17.84,0.0,16.53,0.71,2.51,70.97
2014-04-24,23.69,11.45,16.79,1.96,14.77,0.71,5.3,77.41
2014-04-25,21.34,9.28,15.03,1.49,15.9,0.7,2.99,78.51
2014-04-26,18.9,8.36,13.52,0.12,14.1,0.7,3.74,74.5
2014-04-27,20.09,6.73,13.28,0.17,17.02,0.7,2.44,79.64
2014-04-28,16.15,9.99,12.92,4.2,9.21,0.7,1.95,87.06
2014-04-29,20.44,9.8,15.14,0.6,14.78,0.7,2.26,77.91
2014-04-30,18.54,9.45,14.53,8.69,17.68,0.71,4.7,76.1
2014-05-01,19.76,8.92,14.49,2.45,13.9,0.71,3.03,79.13
2014-05-02,18.97,9.88,14.98,1.13,17.65,0.71,2.11,79.98
2014-05-03,22.91,9.85,16.49,0.01,21.25,0.7,2.81,73.34
2014-05-04,23.34,11.23,17.0,1.57,19.4,0.7,4.66,72.92
2014-05-05,18.98,9.36,14.46,8.33,14.06,0.7,2.99,79.39
2014-05-06,18.29,7.38,13.07,0.76,16.61,0.71,4.59,71.72
2014-05-07,19.63,5.82,12.32,0.0,27.09,0.7,4.4,68.58
2014-05-08,21.97,6.14,13.38,0.0,26.91,0.69,4.19,71.21
2014-05-09,15.63,7.84,12.43,8.28,6.96,0.69,5.62,78.78
2014-05-10,18.7,10.71,15.01,8.79,7.93,0.71,3.72,80.64
2014-05-11,22.56,11.98,17.0,3.12,19.8,0.71,1.83,78.51
2014-05-12,25.26,11.2,17.71,0.0,21.93,0.71,4.44,74.03
2014-05-13,23.53,12.09,17.42,1.3,20.3,0.7,3.57,71.96
2014-05-14,25.75,12.92,19.16,0.65,17.94,0.7,6.89,70.05
2014-05-15,21.22,11.06,16.4,0.49,25.78,0.69,6.45,68.47
2014-05-16,21.92,10.74,15.86,4.06,21.52,0.69,4.66,70.54
2014-05-17,19.92,9.95,15.25,4.1,24.58,0.69,3.45,74.16
2014-05-18,20.77,9.73,16.0,0.54,24.49,0.69,2.1,70.96
2014-05-19,25.34,12.59,18.79,0.0,27.24,0.69,1.46,60.11
2014-05-20,23.46,10.97,17.34,0.0,27.63,0.68,2.95,63.62
2014-05-21,26.96,9.92,18.79,0.0,28.72,0.68,3.42,63.23
2014-05-22,27.31,13.18,19.85,0.27,26.85,0.67,4.32,62.87
2014-05-23,26.81,11.3,19.12,0.73,20.24,0.66,3.25,60.06
2014-05-24,24.77,13.68,19.98,5.82,21.06,0.67,1.16,69.1
2014-05-25,27.86,16.9,22.48,1.93,24.79,0.67,0.89,58.56
2014-05-26,29.85,15.88,23.42,0.01,25.56,0.67,1.62,57.29
2014-05-27,28.51,18.55,22.97,0.33,21.28,0.66,1.81,64.42
2014-05-28,29.04,16.41,22.92,0.58,24.81,0.66,2.54,66.86
2014-05-29,30.08,16.96,22.88,3.12,24.9,0.65,3.63,62.94
2014-05-30,20.39,16.04,18.16,19.86,16.76,0.68,4.6,85.62
2014-05-31,20.76,14.01,17.31,2.01,16.31,0.69,4.79,77.22
2014-06-01,21.0,12.02,16.65,1.76,15.84,0.69,1.82,73.25
2014-06-02,20.07,12.86,16.87,19.39,12.55,0.7,1.78,78.12
2014-06-03,23.69,11.18,18.1,0.3,21.23,0.71,2.25,75.84
2014-06-04,20.59,13.99,16.91,13.32,3.83,0.71,3.8,87.47
2014-06-05,20.58,13.8,16.98,7.22,5.77,0.72,5.64,86.36
2014-06-06,24.59,14.32,19.61,5.24,15.86,0.72,4.06,81.13
2014-06-07,27.73,16.35,21.64,1.49,23.58,0.72,4.74,75.84
2014-06-08,26.58,16.49,21.49,0.55,21.41,0.71,5.44,73.65
2014-06-09,28.78,16.63,22.32,0.0,28.22,0.7,5.58,67.83
2014-06-10,29.71,15.85,22.77,0.0,29.32,0.69,4.31,68.52
2014-06-11,29.26,16.35,23.17,1.3,22.36,0.68,2.62,66.99
2014-06-12,28.92,15.18,22.07,0.0,28.79,0.68,3.79,61.83
2014-06-13,30.62,15.15,23.67,0.01,27.05,0.67,1.77,62.73
2014-06-14,29.16,18.77,23.66,1.7,22.1,0.67,1.82,68.52
2014-06-15,28.1,16.89,22.47,8.87,24.78,0.68,2.04,75.08
2014-06-16,25.7,17.72,21.22,4.38,19.19,0.68,2.33,79.24
2014-06-17,28.19,16.04,22.6,3.99,24.55,0.68,3.03,74.24
2014-06-18,30.4,18.2,24.05,4.45,20.21,0.68,2.19,69.43
2014-06-19,25.74,17.04,21.17,26.34,16.99,0.7,2.14,81.57
2014-06-20,22.58,15.4,18.71,1.12,20.79,0.72,4.35,77.52
2014-06-21,24.19,13.64,19.12,1.21,19.49,0.71,2.97,69.15
2014-06-22,25.6,12.08,19.63,0.02,27.86,0.7,2.79,62.35
2014-06-23,27.88,16.01,21.68,0.0,30.55,0.69,2.18,57.51
2014-06-24,30.79,14.69,23.03,0.42,29.95,0.68,2.06,57.27
2014-06-25,32.43,17.1,24.38,6.69,27.59,0.68,2.93,64.63
2014-06-26,33.56,18.31,25.74,0.0,28.79,0.68,3.9,65.58
2014-06-27,33.84,17.29,24.59,0.0,22.91,0.67,4.4,62.12
2014-06-28,26.84,15.3,20.6,0.03,27.05,0.66,5.4,63.28
2014-06-29,27.86,13.63,20.67,0.0,29.88,0.66,4.45,62.7
2014-06-30,30.69,12.8,22.09,0.0,30.44,0.65,2.94,63.45
2014-07-01,29.32,16.85,23.28,0.1,25.05,0.65,3.01,66.07
2014-07-02,31.22,15.82,23.44,0.0,28.78,0.65,3.67,58.26
2014-07-03,31.76,14.58,23.38,0.53,30.95,0.64,3.27,60.1
2014-07-04,26.44,16.04,21.28,0.53,20.37,0.64,6.06,61.31
2014-07-05,30.22,15.04,22.42,0.0,28.58,0.64,4.64,59.25
2014-07-06,32.26,14.2,23.33,0.0,30.02,0.63,3.0,57.98
2014-07-07,33.32,16.09,24.59,0.03,29.1,0.63,3.26,56.8
2014-07-08,33.84,15.87,25.08,0.0,29.34,0.63,3.26,52.65
2014-07-09,35.44,18.17,26.58,0.0,28.43,0.62,3.06,57.25
2014-07-10,35.61,18.33,26.86,0.0,28.88,0.62,2.98,57.29
2014-07-11,34.17,18.44,26.02,0.64,28.52,0.62,5.09,56.84
2014-07-12,30.05,19.1,25.19,3.14,19.04,0.62,1.57,58.22
2014-07-13,32.65,18.34,25.83,0.0,25.82,0.62,2.08,52.23
2014-07-14,32.65,18.34,25.7,0.46,26.73,0.61,2.33,55.26
2014-07-15,33.22,17.77,25.36,0.1,26.17,0.61,4.01,57.54
2014-07-16,25.15,20.24,22.32,25.52,8.68,0.64,3.31,81.48
2014-07-17,30.6,17.32,24.07,0.0,23.87,0.65,3.46,62.81
2014-07-18,30.84,17.87,24.47,0.48,22.5,0.65,3.06,62.48
2014-07-19,28.5,18.45,23.23,11.8,18.29,0.65,4.04,71.56
2014-07-20,30.76,17.78,24.3,0.31,24.99,0.65,4.3,67.33
2014-07-21,33.17,18.42,25.83,0.0,26.75,0.65,2.69,59.46
2014-07-22,34.49,18.98,26.5,0.0,28.34,0.64,2.55,57.69
2014-07-23,32.97,18.79,25.92,2.91,22.08,0.64,2.87,67.41
2014-07-24,29.3,19.36,23.95,3.67,17.47,0.64,1.92,74.24
2014-07-25,32.28,18.38,25.05,0.1,25.44,0.64,3.51,65.3
2014-07-26,33.77,18.75,26.06,0.0,26.25,0.63,3.59,62.09
2014-07-27,34.34,19.35,26.53,0.04,26.44,0.63,3.01,62.68
2014-07-28,35.84,19.64,27.4,0.01,26.99,0.62,3.64,64.66
2014-07-29,34.62,20.43,27.02,0.9,23.79,0.62,3.1,65.75
2014-07-30,34.78,20.16,26.86,0.79,26.83,0.62,3.03,62.49
2014-07-31,35.06,19.84,26.93,0.0,25.94,0.62,3.65,59.55
2014-08-01,35.43,19.72,27.05,0.12,26.71,0.61,4.44,60.35
2014-08-02,30.5,21.14,25.07,9.91,15.11,0.62,3.89,73.58
2014-08-03,35.41,18.96,26.83,0.13,24.24,0.63,3.56,57.91
2014-08-04,36.01,19.64,27.14,0.0,25.79,0.62,4.01,51.22
2014-08-05,35.91,20.15,27.34,0.0,26.0,0.62,4.43,49.98
2014-08-06,34.27,19.73,26.47,0.02,25.81,0.61,4.3,60.33
2014-08-07,27.34,19.56,23.11,17.65,9.3,0.63,3.93,77.94
2014-08-08,30.29,18.68,23.81,0.06,15.56,0.64,3.2,64.78
2014-08-09,32.95,17.73,25.41,0.68,21.81,0.64,2.76,61.07
2014-08-10,35.41,19.05,26.76,0.0,25.49,0.63,3.11,56.34
2014-08-11,35.6,19.69,27.19,0.0,25.39,0.62,2.55,57.21
2014-08-12,35.95,20.14,27.53,0.0,25.5,0.62,1.54,58.04
2014-08-13,36.4,19.7,27.23,0.0,26.39,0.62,3.2,57.66
2014-08-14,36.35,19.07,27.18,0.0,25.82,0.61,3.36,63.13
2014-08-15,37.7,20.58,28.88,0.02,25.71,0.61,1.56,60.63
2014-08-16,38.36,22.97,30.16,0.5,24.23,0.61,1.87,54.75
2014-08-17,31.05,17.98,24.33,4.52,16.28,0.61,5.92,71.44
2014-08-18,29.5,15.9,22.08,0.01,24.04,0.61,5.68,55.58
2014-08-19,31.58,16.01,23.51,0.0,24.16,0.61,3.53,56.35
2014-08-20,33.21,16.6,24.56,0.0,24.98,0.61,2.17,55.47
2014-08-21,34.98,18.29,26.43,0.0,24.18,0.6,2.59,58.7
2014-08-22,36.39,20.87,28.2,0.01,22.14,0.6,2.39,50.24
2014-08-23,35.73,21.1,27.47,0.19,21.73,0.6,4.31,62.68
2014-08-24,36.28,20.15,28.17,0.39,23.68,0.6,2.41,57.74
2014-08-25,33.11,20.51,26.42,0.26,18.42,0.6,5.16,50.23
2014-08-26,33.67,18.29,25.39,0.0,23.19,0.6,3.77,54.5
2014-08-27,35.86,18.26,26.91,0.0,24.16,0.6,1.86,49.95
2014-08-28,34.55,21.42,27.04,0.0,22.23,0.6,4.76,50.72
2014-08-29,30.02,17.04,23.54,0.0,23.06,0.6,6.03,50.23
2014-08-30,29.66,14.93,21.94,0.0,20.43,0.6,5.56,52.19
2014-08-31,30.39,17.85,23.07,0.0,17.44,0.6,5.18,56.17
2014-09-01,32.06,16.22,23.92,0.0,11.54,0.6,3.3,57.77
2014-09-02,33.16,16.43,24.71,0.0,18.58,0.6,2.81,57.92
2014-09-03,30.91,19.47,24.96,10.51,15.85,0.61,3.24,70.16
2014-09-04,28.73,19.56,23.74,13.17,18.3,0.63,2.53,74.61
2014-09-05,29.06,18.6,23.16,9.35,10.2,0.64,3.96,77.15
2014-09-06,26.85,19.2,22.17,14.19,11.84,0.66,4.46,79.71
2014-09-07,28.35,17.41,22.68,0.79,17.31,0.66,2.44,71.22
2014-09-08,26.65,18.03,21.84,0.24,16.03,0.66,2.64,72.58
2014-09-09,29.94,15.44,22.11,0.26,20.47,0.65,2.54,62.81
2014-09-10,29.7,14.97,21.68,0.91,19.88,0.65,3.13,63.72
2014-09-11,29.27,15.13,21.71,0.0,20.53,0.64,3.49,68.43
2014-09-12,29.73,15.15,22.03,0.0,19.29,0.64,2.71,69.06
2014-09-13,29.57,16.39,22.11,0.0,19.38,0.64,3.39,67.43
2014-09-14,28.42,15.59,21.59,0.02,16.04,0.63,3.69,72.47
2014-09-15,28.9,16.21,21.83,0.0,18.16,0.63,3.69,68.43
2014-09-16,27.28,16.17,21.02,1.49,14.19,0.63,4.72,69.05
2014-09-17,23.48,15.37,18.75,4.38,10.41,0.64,5.79,73.48
2014-09-18,22.39,14.69,17.63,2.44,7.9,0.64,4.64,79.16
2014-09-19,25.43,12.67,17.91,0.13,17.5,0.64,3.6,66.36
2014-09-20,26.31,11.42,18.32,0.0,19.94,0.64,1.61,61.11
2014-09-21,23.06,14.73,18.51,1.17,8.64,0.63,1.77,78.08
2014-09-22,27.85,15.23,21.2,1.59,17.02,0.63,3.55,76.52
2014-09-23,24.7,9.96,17.1,16.69,9.45,0.65,5.36,76.23
2014-09-24,21.73,7.01,14.26,0.0,19.82,0.66,2.71,64.77
2014-09-25,23.64,10.06,16.74,0.0,19.15,0.65,1.4,59.83
2014-09-26,18.77,12.42,15.02,11.96,7.01,0.65,3.26,76.38
2014-09-27,15.49,11.18,13.05,14.9,4.59,0.69,7.9,80.21
2014-09-28,20.6,9.42,14.79,0.16,13.97,0.69,7.2,62.76
2014-09-29,21.91,8.24,14.14,0.0,14.84,0.68,4.23,70.31
2014-09-30,23.23,7.3,15.34,0.0,19.0,0.68,1.61,68.26
2014-10-01,25.8,8.61,16.53,0.0,18.58,0.67,2.94,67.88
2014-10-02,23.33,12.41,16.72,0.0,8.73,0.67,5.32,76.24
2014-10-03,17.1,11.15,14.01,0.0,9.46,0.67,5.62,71.33
2014-10-04,19.96,10.19,14.21,0.0,9.63,0.67,4.83,70.16
2014-10-05,19.69,9.52,14.29,0.0,8.15,0.66,3.75,73.94
2014-10-06,20.29,10.5,15.06,0.0,10.65,0.66,2.81,75.58
2014-10-07,24.65,11.64,17.57,0.25,12.76,0.66,2.91,78.98
2014-10-08,23.67,12.42,17.13,0.33,9.45,0.66,4.66,78.92
2014-10-09,23.31,10.13,15.57,0.0,15.18,0.66,4.43,76.58
2014-10-10,23.25,9.67,15.04,0.0,15.58,0.66,4.23,75.46
2014-10-11,23.16,8.81,14.71,0.0,13.22,0.65,3.74,75.9
2014-10-12,19.08,9.44,13.78,0.0,11.63,0.65,2.51,78.46
2014-10-13,19.31,9.48,13.61,0.0,7.26,0.65,1.76,81.44
2014-10-14,22.69,10.51,15.78,0.0,12.76,0.65,1.37,78.14
2014-10-15,25.07,10.47,17.03,0.0,14.11,0.65,3.63,79.51
2014-10-16,26.21,15.12,19.57,0.0,9.29,0.65,5.69,80.43
2014-10-17,26.96,16.62,20.98,0.07,13.0,0.65,3.32,68.19
2014-10-18,22.85,12.42,17.9,0.65,11.44,0.64,5.66,71.25
2014-10-19,17.74,5.89,11.5,0.01,15.1,0.64,4.33,64.94
2014-10-20,19.22,4.92,11.03,0.0,15.32,0.64,1.76,68.18
2014-10-21,24.56,7.9,14.59,0.0,14.86,0.64,3.13,74.42
2014-10-22,22.97,10.92,16.95,0.67,10.35,0.64,7.17,80.12
2014-10-23,23.46,12.28,18.45,13.31,8.32,0.65,7.9,80.0
2014-10-24,20.06,7.12,13.31,7.22,9.96,0.66,3.77,77.16
2014-10-25,17.74,12.37,14.84,40.83,7.04,0.72,6.16,84.7
2014-10-26,11.95,8.66,10.29,6.63,4.17,0.74,7.96,84.97
2014-10-27,8.48,3.19,4.95,15.41,2.01,0.76,7.6,86.02
2014-10-28,9.75,2.65,5.78,0.1,5.21,0.75,5.76,85.22
2014-10-29,11.69,5.65,8.62,3.93,5.15,0.75,5.88,90.8
2014-10-30,9.54,6.1,7.66,21.47,2.06,0.76,5.49,89.19
2014-10-31,9.52,4.03,6.4,6.8,4.12,0.79,4.67,87.62
2014-11-01,12.21,2.35,5.79,0.0,4.87,0.78,4.36,83.09
2014-11-02,12.77,1.38,5.81,0.0,9.36,0.77,3.64,84.57
2014-11-03,12.74,2.15,6.22,0.0,11.03,0.77,3.03,82.6
2014-11-04,13.71,2.0,6.91,0.0,12.7,0.77,1.62,82.35
2014-11-05,13.75,2.97,6.89,0.0,10.75,0.77,2.03,88.03
2014-11-06,18.47,4.74,10.74,0.0,9.68,0.77,3.76,91.8
2014-11-07,19.13,8.38,12.96,0.0,7.31,0.76,2.92,89.21
2014-11-08,20.5,10.08,14.0,0.0,8.56,0.76,2.43,79.32
2014-11-09,16.72,8.6,12.06,0.09,6.8,0.76,2.47,88.63
2014-11-10,17.95,10.45,13.39,0.99,6.19,0.76,1.04,89.05
2014-11-11,17.83,7.77,12.58,0.01,3.81,0.76,2.16,90.25
2014-11-12,15.59,10.19,12.47,0.25,3.73,0.76,2.77,92.98
2014-11-13,15.7,10.3,12.59,2.6,3.06,0.76,3.3,93.76
2014-11-14,15.22,10.04,12.54,8.28,3.56,0.77,5.52,91.89
2014-11-15,10.95,7.34,8.95,0.91,2.75,0.78,5.45,89.02
2014-11-16,12.54,6.09,9.18,0.0,3.08,0.77,2.83,91.06
2014-11-17,12.92,8.61,10.89,0.0,4.34,0.77,2.5,94.66
2014-11-18,19.64,9.79,13.43,0.08,5.52,0.77,2.86,91.5
2014-11-19,17.04,10.81,14.48,22.71,3.78,0.78,4.96,96.34
2014-11-20,14.16,5.89,9.41,5.31,4.36,0.81,4.59,86.09
2014-11-21,11.84,3.0,6.73,0.13,5.24,0.8,3.65,86.09
2014-11-22,9.29,0.7,3.74,0.62,6.06,0.8,3.45,86.64
2014-11-23,7.9,-0.49,2.99,0.0,3.74,0.8,3.93,86.85
2014-11-24,8.65,-0.18,3.52,0.91,4.45,0.79,5.2,83.48
2014-11-25,6.76,-1.89,1.52,1.22,4.83,0.8,6.42,86.33
2014-11-26,5.01,-3.85,-0.82,0.07,6.8,0.8,4.69,84.95
2014-11-27,6.23,-3.99,0.65,0.09,4.83,0.79,2.69,88.57
2014-11-28,10.79,-0.21,4.24,0.0,6.75,0.79,2.62,91.22
2014-11-29,10.77,2.76,6.25,0.31,3.2,0.79,1.81,95.69
2014-11-30,10.25,4.19,7.02,2.93,0.76,0.8,3.69,92.92
2014-12-01,7.26,2.88,4.83,1.74,2.26,0.8,4.66,90.9
2014-12-02,9.93,5.46,7.42,5.4,1.88,0.8,4.54,93.94
2014-12-03,15.98,7.97,11.04,22.15,3.35,0.83,4.96,93.83
2014-12-04,12.59,8.68,10.52,19.76,2.05,0.85,3.41,97.25
2014-12-05,10.97,7.42,8.88,1.53,3.14,0.86,3.13,94.63
2014-12-06,13.33,7.97,10.35,5.14,2.94,0.86,4.09,95.51
2014-12-07,14.33,9.05,11.01,6.2,3.44,0.86,2.26,94.46
2014-12-08,11.95,7.78,9.96,6.85,2.02,0.87,4.76,95.86
2014-12-09,14.19,7.82,10.26,1.82,3.14,0.87,3.85,93.67
2014-12-10,7.94,3.56,5.37,0.82,2.46,0.87,4.18,89.27
2014-12-11,7.47,2.48,5.36,1.8,2.48,0.87,2.0,97.08
2014-12-12,8.47,0.33,5.54,2.25,1.84,0.87,5.53,90.35
2014-12-13,8.78,-1.34,2.96,0.04,8.01,0.87,2.24,88.92
2014-12-14,5.95,-0.05,2.73,0.0,7.64,0.87,0.66,94.9
2014-12-15,6.61,1.5,3.3,0.0,4.31,0.87,0.89,93.79
2014-12-16,9.22,2.93,5.97,0.02,5.02,0.87,3.05,96.79
2014-12-17,13.61,8.41,11.17,17.03,1.68,0.88,6.15,96.56
2014-12-18,12.43,4.87,8.13,0.43,3.8,0.89,2.6,94.63
2014-12-19,10.95,3.09,5.34,0.0,6.67,0.89,2.04,90.73
2014-12-20,12.02,2.91,6.89,0.0,4.77,0.89,3.1,94.3
2014-12-21,9.22,0.67,4.98,0.31,2.92,0.88,4.15,91.04
2014-12-22,8.4,-1.73,2.22,0.0,8.53,0.88,3.69,84.2
2014-12-23,14.24,1.15,6.18,0.0,7.63,0.88,3.95,81.46
2014-12-24,15.38,1.98,7.46,0.0,8.75,0.88,3.56,91.83
2014-12-25,15.78,6.2,10.32,0.73,6.13,0.88,4.12,94.33
2014-12-26,10.17,3.5,7.56,4.02,2.3,0.89,2.48,92.99
2014-12-27,5.52,-3.49,2.06,6.29,3.57,0.89,3.99,91.06
2014-12-28,6.2,-4.4,1.79,0.33,6.88,0.89,4.35,89.18
2014-12-29,12.79,-1.96,6.43,10.9,2.62,0.9,8.44,82.93
2014-12-30,0.59,-3.78,-2.22,0.81,2.19,0.9,6.6,79.53
2014-12-31,1.16,-4.69,-1.76,2.6,0.92,0.9,11.89,81.13
2015-01-01,-2.11,-8.41,-5.54,0.11,4.59,0.9,9.22,74.49
2015-01-02,1.06,-10.34,-5.0,0.01,8.23,0.89,3.41,83.72
2015-01-03,6.45,-5.67,-1.15,0.01,3.88,0.89,2.93,93.31
2015-01-04,7.32,-1.46,1.9,0.9,2.53,0.9,4.58,93.07
2015-01-05,4.41,-2.53,-0.52,0.07,8.54,0.9,4.65,86.59
2015-01-06,1.33,-4.0,-1.61,0.0,6.38,0.9,6.04,83.13
2015-01-07,-3.58,-11.78,-7.14,0.01,8.3,0.89,6.11,76.05
2015-01-08,-2.8,-13.22,-8.69,0.0,9.2,0.89,2.41,76.32
2015-01-09,2.4,-11.21,-3.92,0.0,8.27,0.89,3.29,78.68
2015-01-10,7.98,-0.83,2.65,0.46,3.74,0.89,4.11,94.63
2015-01-11,13.92,1.99,7.63,0.16,7.06,0.89,6.37,97.25
2015-01-12,11.86,-2.53,2.84,16.1,1.3,0.9,6.32,94.49
2015-01-13,5.65,-3.61,-0.83,0.01,9.35,0.91,4.28,91.11
2015-01-14,7.71,-3.47,1.41,0.0,8.22,0.91,1.58,91.25
2015-01-15,9.02,-0.33,2.61,0.0,6.66,0.91,2.93,92.42
2015-01-16,7.79,-1.26,1.99,0.0,7.52,0.91,2.24,91.42
2015-01-17,6.62,-0.93,1.4,0.0,7.43,0.91,2.36,96.12
2015-01-18,10.53,0.3,6.16,0.06,5.26,0.91,4.06,97.35
2015-01-19,14.54,8.09,10.51,0.34,6.31,0.91,5.96,92.12
2015-01-20,14.17,7.07,9.95,0.06,6.28,0.9,3.85,94.01
2015-01-21,11.54,6.49,8.53,4.98,6.18,0.91,2.78,97.77
2015-01-22,15.07,5.61,9.06,6.84,7.16,0.92,3.45,95.41
2015-01-23,15.16,5.03,8.34,0.34,9.15,0.92,4.32,85.82
2015-01-24,11.83,5.78,8.45,10.18,4.21,0.92,4.17,93.69
2015-01-25,12.58,6.8,8.69,16.91,6.57,0.94,4.92,92.93
2015-01-26,6.92,2.69,4.28,5.55,3.73,0.95,4.57,91.81
2015-01-27,7.59,2.66,4.68,7.46,3.82,0.95,3.99,95.51
2015-01-28,4.95,1.36,2.84,4.87,3.75,0.95,4.43,93.88
2015-01-29,9.14,1.36,4.59,0.59,5.73,0.95,2.66,92.48
2015-01-30,12.23,5.53,9.35,1.75,4.52,0.95,8.54,92.05
2015-01-31,12.81,10.69,11.71,27.99,3.55,0.96,11.22,89.93
2015-02-01,17.05,11.41,13.99,5.93,5.25,0.98,13.46,82.65
2015-02-02,12.82,5.78,10.12,6.38,7.68,0.98,5.9,87.46
2015-02-03,8.71,0.92,5.66,0.47,9.09,0.97,4.21,77.6
2015-02-04,11.6,-0.56,6.06,0.07,9.82,0.97,5.25,89.42
2015-02-05,15.01,6.15,9.66,0.02,7.51,0.97,3.78,93.53
2015-02-06,14.27,4.61,8.45,10.58,9.27,0.97,5.11,90.5
2015-02-07,6.57,-2.6,3.42,0.44,7.83,0.97,4.81,89.68
2015-02-08,1.75,-3.8,-0.88,2.98,7.25,0.97,2.28,93.1
2015-02-09,2.71,-3.75,-0.76,0.39,5.11,0.97,5.14,86.62
2015-02-10,0.26,-3.17,-1.92,0.04,9.05,0.97,9.35,77.18
2015-02-11,-0.01,-4.26,-2.55,0.05,11.02,0.97,9.2,75.22
2015-02-12,3.09,-3.34,-0.98,0.02,4.69,0.96,6.2,85.08
2015-02-13,5.65,-3.9,-0.02,0.01,7.36,0.96,5.22,88.11
2015-02-14,6.28,-0.97,1.68,0.02,8.05,0.96,4.45,93.95
2015-02-15,8.03,0.71,3.41,0.24,5.71,0.96,4.11,92.84
2015-02-16,7.25,-2.12,2.34,0.03,5.47,0.96,4.99,87.17
2015-02-17,0.9,-4.81,-2.25,0.11,8.84,0.96,7.36,78.28
2015-02-18,-1.17,-5.31,-3.64,0.04,12.75,0.95,7.43,70.39
2015-02-19,4.28,-6.68,-1.56,0.01,13.32,0.95,5.17,74.94
2015-02-20,7.07,-2.33,1.26,0.0,6.75,0.95,3.5,85.39
2015-02-21,8.35,-1.8,1.68,0.0,13.82,0.95,2.65,88.7
2015-02-22,10.03,-1.96,4.21,0.54,12.83,0.95,3.62,89.94
2015-02-23,9.27,5.93,7.69,16.44,2.72,0.96,5.92,95.45
2015-02-24,13.76,6.39,9.31,5.04,7.08,0.97,2.85,93.26
2015-02-25,13.58,5.85,8.88,4.34,9.97,0.97,3.16,94.31
2015-02-26,14.47,5.65,9.14,0.81,12.69,0.97,4.18,91.12
2015-02-27,15.08,5.13,8.73,0.97,7.06,0.97,3.91,85.05
2015-02-28,14.0,3.76,8.02,0.77,11.35,0.96,3.21,87.98
2015-03-01,11.68,3.17,6.48,0.0,10.19,0.96,2.81,88.96
2015-03-02,12.85,1.85,6.28,0.01,14.41,0.96,2.93,91.18
2015-03-03,13.55,2.46,8.62,0.47,6.47,0.96,5.01,87.34
2015-03-04,10.99,-1.15,4.3,0.0,17.84,0.95,3.33,76.06
2015-03-05,8.51,-1.41,3.33,0.96,7.94,0.95,3.79,86.49
2015-03-06,13.61,2.46,8.55,17.88,5.28,0.96,4.68,94.55
2015-03-07,6.87,4.2,5.32,21.56,4.22,0.98,8.66,91.41
2015-03-08,9.02,3.25,5.47,0.92,10.02,0.98,9.15,79.95
2015-03-09,9.82,2.69,5.35,0.47,7.32,0.98,6.36,84.55
2015-03-10,9.17,2.71,5.46,0.51,6.26,0.97,3.06,89.67
2015-03-11,11.03,2.7,6.44,0.02,8.21,0.97,1.61,82.88
2015-03-12,12.29,1.2,6.49,0.26,13.28,0.97,1.72,86.8
2015-03-13,11.74,3.52,6.96,0.12,11.82,0.97,1.76,84.5
2015-03-14,8.09,4.23,5.71,7.41,6.34,0.97,5.47,91.76
2015-03-15,9.9,2.62,6.47,3.92,3.22,0.97,5.16,90.5
2015-03-16,12.38,1.06,5.56,0.0,16.15,0.97,4.99,83.09
2015-03-17,10.8,-2.04,3.44,0.0,14.22,0.97,5.75,79.55
2015-03-18,7.28,-3.33,1.82,0.0,17.76,0.96,2.95,74.57
2015-03-19,8.72,-2.48,3.01,0.05,16.72,0.96,1.78,73.86
2015-03-20,6.6,0.06,2.76,0.8,10.46,0.96,4.39,82.91
2015-03-21,11.34,0.25,5.28,0.1,12.55,0.95,4.52,77.89
2015-03-22,14.22,-0.28,6.5,0.0,20.65,0.95,4.47,82.97
2015-03-23,11.05,2.43,6.4,0.44,6.72,0.95,2.83,90.08
2015-03-24,13.22,0.76,6.42,0.0,15.42,0.95,2.49,82.66
2015-03-25,13.57,-0.07,6.57,0.03,16.58,0.94,2.87,83.88
2015-03-26,18.49,3.63,10.98,3.37,14.61,0.94,2.64,87.37
2015-03-27,17.33,9.69,12.95,10.3,10.27,0.95,3.52,91.9
2015-03-28,16.17,8.58,11.81,10.86,9.67,0.96,2.78,90.74
2015-03-29,14.68,7.2,10.36,0.7,6.64,0.96,2.15,84.97
2015-03-30,15.89,6.17,10.21,0.41,14.0,0.96,3.96,86.21
2015-03-31,15.95,8.02,11.06,0.5,9.25,0.95,3.09,80.4
2015-04-01,16.48,6.62,11.54,6.3,14.41,0.95,4.61,84.24
2015-04-02,12.33,2.83,7.67,1.17,20.93,0.95,4.47,72.04
2015-04-03,10.78,0.8,5.52,0.1,12.72,0.95,5.11,75.78
2015-04-04,11.94,-2.27,5.42,0.01,22.65,0.94,2.96,74.22
2015-04-05,12.08,3.47,7.12,0.19,16.88,0.94,2.56,71.41
2015-04-06,16.54,2.96,10.27,27.41,5.64,0.95,7.28,89.94
2015-04-07,9.91,1.0,5.52,1.99,9.13,0.96,4.65,84.14
2015-04-08,9.88,-0.11,5.08,0.09,14.91,0.96,3.69,78.02
2015-04-09,10.47,2.2,6.13,0.87,9.12,0.95,7.85,77.82
2015-04-10,13.74,0.27,7.01,0.0,25.3,0.95,4.72,65.85
2015-04-11,18.17,0.03,9.76,0.0,24.86,0.94,3.11,65.27
2015-04-12,20.76,6.45,12.82,0.0,24.74,0.94,2.36,61.73
2015-04-13,22.27,6.76,15.04,0.0,20.79,0.93,2.24,63.66
2015-04-14,20.27,7.22,12.99,0.02,17.78,0.92,4.05,76.9
2015-04-15,16.85,5.21,11.43,0.0,21.93,0.92,1.63,74.11
2015-04-16,19.85,5.57,12.45,0.0,24.98,0.91,4.63,74.03
2015-04-17,21.61,8.54,14.47,0.0,25.12,0.91,6.53,82.34
2015-04-18,21.35,9.79,14.84,0.3,21.83,0.9,5.75,81.58
2015-04-19,12.06,4.17,9.46,2.76,5.3,0.9,4.15,84.42
2015-04-20,15.53,2.25,8.71,0.01,24.17,0.9,2.51,73.95
2015-04-21,11.8,4.93,8.33,0.65,16.41,0.89,4.56,74.09
2015-04-22,12.15,2.12,7.46,2.22,15.8,0.89,3.83,79.82
2015-04-23,15.08,-0.18,7.68,0.01,25.58,0.89,2.47,71.93
2015-04-24,18.55,3.01,11.01,0.01,26.02,0.88,4.45,78.97
2015-04-25,18.22,7.68,12.66,0.39,17.11,0.88,4.39,87.48
2015-04-26,20.75,7.5,13.97,0.12,21.08,0.87,3.12,82.08
2015-04-27,22.63,7.78,15.15,0.0,25.06,0.87,3.54,79.75
2015-04-28,22.21,9.46,15.51,0.0,17.17,0.86,3.97,78.11
2015-04-29,20.19,10.09,14.7,5.56,16.59,0.86,2.74,84.23
2015-04-30,18.17,7.37,12.85,0.16,16.34,0.86,2.46,84.79
2015-05-01,20.23,8.66,14.68,1.03,20.06,0.86,1.94,82.31
2015-05-02,22.5,10.44,15.32,1.4,17.93,0.85,4.38,83.75
2015-05-03,22.06,10.76,16.57,0.54,19.97,0.85,3.23,79.56
2015-05-04,23.76,11.34,17.61,0.0,26.03,0.84,2.56,78.53
2015-05-05,26.23,13.52,19.95,0.0,24.69,0.84,1.59,69.53
2015-05-06,27.29,15.28,21.08,0.0,23.11,0.83,2.05,72.56
2015-05-07,26.37,13.53,19.77,7.44,21.25,0.82,2.74,79.57
2015-05-08,23.5,10.72,17.81,0.97,20.59,0.83,4.01,79.83
2015-05-09,22.52,9.6,15.81,0.0,27.53,0.82,3.31,69.64
2015-05-10,22.08,8.88,15.18,0.0,29.0,0.81,3.83,69.93
2015-05-11,20.76,9.53,14.68,0.73,27.29,0.81,3.78,66.46
2015-05-12,22.09,9.15,15.37,0.04,28.11,0.8,5.4,69.35
2015-05-13,23.29,9.21,17.04,0.0,26.38,0.79,2.87,67.0
2015-05-14,24.41,11.07,17.77,0.01,28.55,0.78,4.17,66.66
2015-05-15,25.33,12.11,19.04,0.31,24.85,0.78,3.83,74.33
2015-05-16,24.89,14.66,19.08,0.0,22.11,0.77,4.63,80.79
2015-05-17,25.59,13.78,19.57,0.06,25.35,0.77,2.21,82.15
2015-05-18,27.15,13.56,19.77,0.0,26.81,0.76,3.35,74.81
2015-05-19,26.45,12.3,19.08,0.03,27.76,0.75,4.38,73.09
2015-05-20,25.33,13.35,18.89,1.13,17.81,0.74,3.72,79.99
2015-05-21,25.02,12.28,18.77,0.29,22.7,0.74,4.41,71.26
2015-05-22,27.43,11.69,19.8,0.0,28.13,0.73,2.18,70.12
2015-05-23,27.13,13.15,19.88,0.0,29.0,0.72,2.52,69.36
2015-05-24,28.69,14.08,21.1,0.0,25.64,0.72,2.64,69.16
2015-05-25,26.86,14.15,20.27,0.02,27.58,0.71,3.06,73.58
2015-05-26,26.04,14.55,19.95,0.9,22.33,0.71,3.6,73.77
2015-05-27,23.32,14.63,18.54,5.9,12.48,0.7,1.89,80.49
2015-05-28,21.71,11.62,16.57,0.89,16.97,0.71,4.61,75.54
2015-05-29,20.32,12.17,16.04,0.53,19.39,0.71,3.77,75.12
2015-05-30,22.64,9.58,17.08,0.0,19.95,0.7,2.34,65.51
2015-05-31,25.54,13.05,19.21,0.0,26.84,0.7,1.59,60.43
2015-06-01,25.0,10.85,18.09,0.0,29.32,0.69,3.61,65.49
2015-06-02,26.09,11.39,18.66,0.0,29.63,0.68,4.88,67.95
2015-06-03,25.83,12.31,19.28,0.01,26.9,0.68,4.73,69.43
2015-06-04,28.64,14.22,20.91,5.05,26.05,0.68,3.6,66.81
2015-06-05,26.08,15.22,20.62,0.47,17.34,0.68,5.06,74.38
2015-06-06,26.76,15.45,20.81,0.78,18.03,0.67,7.12,65.7
2015-06-07,24.85,14.83,19.51,2.78,18.01,0.67,6.72,67.71
2015-06-08,23.96,14.88,18.47,0.5,14.74,0.67,3.98,71.79
2015-06-09,21.52,14.32,18.0,0.63,22.62,0.67,1.85,73.3
2015-06-10,24.09,15.1,19.44,3.62,21.19,0.67,2.03,76.17
2015-06-11,27.84,14.35,21.27,1.93,21.43,0.67,3.63,71.25
2015-06-12,29.83,16.46,22.5,0.0,28.02,0.67,4.3,63.04
2015-06-13,30.81,14.3,22.72,0.22,28.88,0.66,3.22,55.46
2015-06-14,32.57,16.66,24.95,0.0,29.1,0.65,0.98,54.24
2015-06-15,35.37,18.2,26.72,0.16,27.57,0.65,2.65,55.38
2015-06-16,31.41,19.43,24.83,0.49,21.62,0.64,3.6,65.03
2015-06-17,31.24,17.6,24.32,1.47,23.54,0.64,3.45,62.84
2015-06-18,22.38,16.45,19.51,34.29,11.04,0.68,4.29,88.06
2015-06-19,24.66,15.17,19.5,0.03,24.16,0.7,4.11,69.84
2015-06-20,27.28,14.28,21.85,0.03,24.43,0.69,1.24,61.15
2015-06-21,26.83,14.91,20.96,1.93,21.15,0.68,3.46,68.84
2015-06-22,23.42,12.53,17.9,2.89,17.11,0.68,3.71,74.33
2015-06-23,25.89,14.67,19.73,0.06,20.36,0.68,2.72,69.1
2015-06-24,29.06,15.12,22.3,0.0,28.7,0.67,1.21,61.42
2015-06-25,25.67,15.42,20.74,2.07,23.17,0.66,4.6,63.16
2015-06-26,25.62,12.31,19.37,0.0,26.29,0.66,3.97,58.67
2015-06-27,25.5,14.36,19.99,0.03,20.84,0.66,4.75,63.9
2015-06-28,26.89,14.03,20.99,1.02,19.47,0.65,2.72,65.9
2015-06-29,26.18,15.68,21.57,3.01,19.02,0.65,2.61,67.28
2015-06-30,28.99,15.73,22.28,0.03,25.36,0.65,2.39,58.76
2015-07-01,28.03,14.8,21.67,0.23,28.22,0.65,2.98,56.96
2015-07-02,30.91,14.28,23.09,1.35,26.91,0.65,3.41,59.73
2015-07-03,29.68,16.13,22.76,0.04,26.52,0.64,4.64,59.7
2015-07-04,28.06,15.11,21.36,0.29,23.04,0.64,4.41,65.36
2015-07-05,29.7,15.77,22.96,0.04,25.4,0.64,3.54,64.72
2015-07-06,32.68,16.61,25.02,0.0,28.82,0.63,2.98,57.35
2015-07-07,35.25,16.6,25.98,0.0,29.56,0.63,3.44,57.09
2015-07-08,34.02,16.78,25.12,0.0,30.08,0.62,3.95,59.89
2015-07-09,35.57,16.84,26.52,0.0,29.38,0.62,2.33,58.15
2015-07-10,33.58,19.09,25.86,2.58,25.65,0.62,3.96,64.08
2015-07-11,31.54,18.1,24.6,0.0,28.21,0.62,3.56,54.85
2015-07-12,32.01,15.75,23.76,0.0,28.77,0.62,2.13,57.81
2015-07-13,32.56,15.77,24.16,0.0,29.35,0.61,2.72,50.39
2015-07-14,31.2,17.21,23.86,0.07,20.78,0.61,3.15,57.64
2015-07-15,33.18,16.15,25.06,0.0,28.12,0.61,2.59,52.7
2015-07-16,34.2,18.96,26.4,0.0,28.41,0.61,3.46,53.05
2015-07-17,33.94,18.23,25.66,0.0,28.93,0.61,4.42,52.78
2015-07-18,34.77,17.23,25.83,0.0,28.85,0.6,4.55,48.97
2015-07-19,35.04,18.6,26.28,0.0,29.53,0.6,4.86,46.68
2015-07-20,36.96,16.16,26.15,0.0,29.93,0.6,3.72,49.62
2015-07-21,38.44,17.55,27.72,0.0,28.64,0.6,4.27,53.5
2015-07-22,34.35,19.71,26.45,0.0,29.44,0.6,5.79,52.18
2015-07-23,33.58,17.8,25.19,0.0,29.16,0.6,6.03,54.14
2015-07-24,36.26,16.88,26.51,0.0,24.73,0.6,3.07,53.74
2015-07-25,36.72,19.12,28.13,0.0,27.09,0.6,1.96,50.49
2015-07-26,38.64,21.29,30.19,0.0,26.32,0.6,2.34,40.12
2015-07-27,39.32,22.9,31.18,0.0,25.16,0.6,2.33,33.84
2015-07-28,40.13,22.68,31.81,0.0,25.54,0.6,2.09,38.63
2015-07-29,40.18,23.57,31.33,0.0,26.57,0.6,4.11,43.94
2015-07-30,41.01,21.83,30.91,0.01,27.29,0.6,4.64,49.82
2015-07-31,39.76,21.92,30.13,0.89,27.35,0.6,4.29,51.99
2015-08-01,34.8,22.89,28.08,0.1,21.34,0.6,4.92,55.03
2015-08-02,35.18,20.71,27.08,0.0,20.23,0.6,5.47,58.03
2015-08-03,36.48,20.4,27.74,0.0,23.14,0.6,5.12,51.21
2015-08-04,37.8,19.86,28.89,0.0,26.3,0.6,4.53,49.41
2015-08-05,37.24,22.34,29.5,0.06,23.84,0.6,5.14,43.9
2015-08-06,35.38,22.03,28.71,0.1,23.19,0.6,6.43,44.21
2015-08-07,32.2,22.18,26.96,0.01,20.23,0.6,7.32,51.8
2015-08-08,33.51,20.03,26.58,0.0,23.16,0.6,6.72,55.55
2015-08-09,35.21,21.23,27.67,0.0,21.78,0.6,5.59,50.51
2015-08-10,36.04,20.36,28.17,0.0,21.52,0.6,3.82,46.76
2015-08-11,37.37,20.68,29.03,0.0,24.02,0.6,2.69,37.69
2015-08-12,37.79,20.61,29.49,0.01,24.07,0.6,2.67,42.12
2015-08-13,37.54,22.16,29.83,0.0,24.47,0.59,3.05,42.86
2015-08-14,37.9,22.21,30.17,0.02,23.94,0.59,2.41,36.73
2015-08-15,37.67,21.86,29.73,0.0,23.59,0.59,2.98,43.79
2015-08-16,38.15,22.86,30.4,0.03,23.47,0.59,2.16,43.39
2015-08-17,37.71,22.76,29.95,0.8,22.31,0.59,2.73,42.68
2015-08-18,35.19,21.35,28.1,1.19,20.7,0.6,3.12,51.58
2015-08-19,34.93,20.97,27.16,2.19,21.98,0.6,3.74,60.48
2015-08-20,32.96,20.73,25.62,12.0,21.18,0.61,4.4,69.1
2015-08-21,31.0,20.06,24.59,1.87,14.78,0.62,4.69,71.1
2015-08-22,29.55,18.26,22.98,2.82,15.36,0.62,5.86,67.52
2015-08-23,29.57,14.94,21.9,0.27,22.32,0.62,4.34,59.77
2015-08-24,30.65,15.26,22.55,0.0,23.13,0.61,4.02,55.83
2015-08-25,31.9,16.33,23.44,0.0,23.96,0.61,3.98,53.49
2015-08-26,31.33,16.6,23.12,0.0,24.33,0.61,4.85,58.1
2015-08-27,32.32,14.83,22.81,0.0,23.74,0.61,4.23,54.76
2015-08-28,33.32,15.03,23.4,0.0,24.81,0.6,4.03,51.94
2015-08-29,34.58,15.5,24.92,0.0,23.67,0.6,3.79,45.86
2015-08-30,36.09,18.48,27.0,0.0,23.29,0.6,4.42,40.1
2015-08-31,34.9,19.35,26.07,0.0,23.82,0.6,4.65,56.91
2015-09-01,36.25,17.16,25.72,0.0,24.31,0.6,4.7,56.25
2015-09-02,38.34,17.37,27.24,0.0,23.87,0.6,2.3,52.61
2015-09-03,38.59,20.22,28.79,0.0,21.94,0.6,1.8,40.08
2015-09-04,37.89,19.63,28.28,0.0,22.92,0.6,2.73,47.81
2015-09-05,38.77,20.04,28.65,0.0,22.39,0.6,2.89,46.31
2015-09-06,39.52,21.53,29.95,0.0,20.89,0.6,4.5,40.94
2015-09-07,31.01,20.9,25.27,0.21,15.61,0.6,4.31,43.31
2015-09-08,27.03,17.38,22.11,0.56,13.34,0.6,3.31,47.87
2015-09-09,29.43,14.65,22.0,0.01,18.33,0.6,4.3,49.9
2015-09-10,31.21,19.4,23.97,0.08,12.21,0.6,5.53,58.54
2015-09-11,33.73,19.35,25.48,1.97,15.21,0.6,3.37,64.38
2015-09-12,25.35,15.63,20.67,16.76,10.87,0.62,5.39,75.04
2015-09-13,28.3,14.72,20.48,0.0,17.38,0.63,5.33,67.68
2015-09-14,28.55,14.88,20.84,0.0,17.35,0.62,4.12,69.41
2015-09-15,28.68,13.8,20.56,0.0,20.48,0.62,3.74,67.84
2015-09-16,29.42,14.62,20.77,0.0,20.58,0.62,3.42,64.42
2015-09-17,31.99,13.99,21.85,0.0,20.48,0.61,3.31,68.64
2015-09-18,33.31,15.41,22.87,0.0,20.17,0.61,3.43,67.84
2015-09-19,30.34,15.42,21.73,0.0,19.85,0.61,3.85,66.63
2015-09-20,27.52,14.26,20.46,0.0,17.85,0.61,1.59,66.19
2015-09-21,29.96,15.66,21.81,9.28,16.09,0.61,2.24,72.46
2015-09-22,28.89,16.01,21.12,0.64,13.73,0.62,4.01,70.62
2015-09-23,25.21,18.4,20.76,12.32,6.98,0.63,2.28,84.44
2015-09-24,22.48,16.67,19.35,4.32,9.89,0.65,3.0,88.43
2015-09-25,28.19,17.27,21.72,2.2,17.24,0.65,3.67,79.65
2015-09-26,29.45,17.32,22.67,0.0,16.68,0.64,1.81,73.03
2015-09-27,27.6,19.41,22.65,0.46,11.39,0.64,3.17,75.93
2015-09-28,23.03,17.61,20.17,22.55,3.45,0.66,4.19,88.0
2015-09-29,20.02,11.83,16.22,1.69,4.58,0.68,7.23,74.21
2015-09-30,20.1,9.28,13.68,0.0,10.68,0.67,6.17,67.58
2015-10-01,20.51,7.97,13.7,0.0,11.75,0.67,4.55,70.05
2015-10-02,21.85,9.42,14.77,0.0,13.08,0.66,4.28,72.85
2015-10-03,24.44,10.42,16.6,0.0,15.01,0.66,2.77,75.34
2015-10-04,25.74,11.13,17.71,0.01,16.47,0.66,1.83,75.3
2015-10-05,26.31,13.43,19.56,0.21,14.89,0.65,0.89,71.37
2015-10-06,22.79,14.05,17.85,10.64,9.51,0.67,2.55,80.44
2015-10-07,23.82,11.11,17.38,0.08,12.58,0.67,3.01,72.06
2015-10-08,18.55,11.64,15.07,0.2,10.78,0.66,5.73,77.22
2015-10-09,18.61,11.62,14.81,1.03,6.84,0.66,2.4,83.13
2015-10-10,21.57,11.29,15.65,1.12,11.63,0.66,3.12,80.06
2015-10-11,19.73,14.29,17.28,14.67,4.47,0.68,5.56,91.82
2015-10-12,24.92,11.55,18.32,3.53,7.6,0.69,4.14,83.4
2015-10-13,18.52,8.76,12.49,0.64,11.5,0.69,5.2,76.83
2015-10-14,20.21,8.1,13.22,0.0,11.34,0.68,3.14,79.49
2015-10-15,20.85,9.01,14.04,0.0,12.49,0.68,4.48,78.0
2015-10-16,18.64,11.22,14.55,0.0,8.74,0.68,4.76,78.99
2015-10-17,21.06,12.08,15.78,0.0,5.31,0.68,2.72,81.11
2015-10-18,21.4,9.87,14.95,0.0,9.92,0.67,1.87,82.84
2015-10-19,22.41,11.03,15.51,0.0,6.48,0.67,2.22,83.7
2015-10-20,23.18,11.29,16.7,0.04,10.29,0.67,3.17,84.34
2015-10-21,15.59,10.3,12.21,7.8,3.83,0.67,4.06,85.14
2015-10-22,15.67,9.45,12.97,12.77,3.31,0.69,4.84,89.5
2015-10-23,15.0,9.7,12.58,16.01,4.25,0.72,8.1,86.46
2015-10-24,12.99,6.46,9.32,9.5,5.37,0.74,6.07,83.63
2015-10-25,17.25,4.66,10.03,0.0,12.6,0.73,3.2,80.96
2015-10-26,17.73,4.36,10.38,0.0,12.9,0.73,2.21,81.32
2015-10-27,17.03,4.83,9.93,0.0,7.71,0.72,4.24,82.9
2015-10-28,15.73,3.49,8.87,0.0,9.48,0.72,4.5,78.73
2015-10-29,16.69,5.15,10.06,0.0,11.58,0.72,4.47,80.24
2015-10-30,16.69,8.74,11.94,0.0,8.68,0.71,6.11,78.67
2015-10-31,14.23,8.27,10.8,0.0,7.11,0.71,7.63,68.79
2015-11-01,14.79,5.11,9.69,0.0,10.29,0.71,7.24,72.1
2015-11-02,16.48,4.21,8.69,0.0,11.85,0.71,3.86,82.4
2015-11-03,16.67,2.14,8.28,0.0,12.49,0.71,2.7,69.67
2015-11-04,18.53,3.2,9.31,0.0,12.56,0.71,3.03,75.55
2015-11-05,17.13,5.09,9.46,0.0,11.3,0.7,2.34,87.04
2015-11-06,17.23,5.97,9.48,0.0,6.88,0.7,2.84,87.08
2015-11-07,16.77,5.72,10.4,0.0,7.58,0.7,2.93,84.27
2015-11-08,16.0,4.74,9.13,0.0,10.34,0.7,2.59,79.18
2015-11-09,20.43,6.44,12.26,0.01,10.76,0.7,3.49,79.05
2015-11-10,18.68,9.42,12.97,0.11,7.87,0.7,2.33,80.13
2015-11-11,22.52,9.07,14.76,0.0,10.02,0.7,3.62,75.26
2015-11-12,21.53,8.84,14.38,0.98,10.56,0.7,2.06,77.94
2015-11-13,20.2,8.17,12.72,0.0,10.32,0.7,3.06,86.76
2015-11-14,18.87,6.97,11.69,0.0,7.48,0.7,2.89,86.69
2015-11-15,16.06,5.62,10.4,0.0,8.11,0.69,2.72,67.15
2015-11-16,19.89,5.25,11.45,0.0,8.83,0.69,3.78,76.29
2015-11-17,16.46,7.19,11.38,0.0,6.51,0.69,2.4,74.42
2015-11-18,18.65,5.67,10.91,0.0,9.87,0.69,3.26,87.16
2015-11-19,19.95,6.44,11.86,0.0,9.17,0.69,3.06,74.74
2015-11-20,19.65,6.66,12.57,0.0,9.35,0.69,6.12,89.06
2015-11-21,20.26,13.91,16.3,0.0,3.77,0.69,10.33,85.64
2015-11-22,21.43,15.89,17.75,0.16,7.49,0.69,12.01,81.55
2015-11-23,19.28,13.13,16.35,7.29,3.61,0.69,5.87,91.25
2015-11-24,19.52,11.93,14.41,0.28,6.66,0.7,4.37,91.3
2015-11-25,18.94,10.79,13.89,2.78,6.27,0.7,4.58,87.29
2015-11-26,17.77,10.56,14.03,8.88,5.07,0.71,4.81,84.71
2015-11-27,14.88,9.21,12.0,24.22,4.5,0.72,4.66,90.88
2015-11-28,13.29,5.99,11.09,7.09,2.97,0.76,4.09,91.58
2015-11-29,10.27,1.91,5.43,0.13,5.37,0.75,4.33,75.55
2015-11-30,11.27,-0.91,4.28,0.0,8.2,0.74,3.3,78.76
2015-12-01,14.66,2.99,7.84,0.01,6.25,0.74,3.52,79.94
2015-12-02,12.22,4.21,7.56,0.0,6.59,0.74,3.79,71.48
2015-12-03,11.32,0.68,5.68,0.03,6.21,0.74,1.78,76.08
2015-12-04,12.21,0.96,5.82,0.0,7.49,0.74,2.28,78.06
2015-12-05,11.26,1.72,5.68,0.0,8.92,0.74,1.27,84.37
2015-12-06,8.14,1.42,3.88,0.0,8.75,0.74,1.41,93.31
2015-12-07,11.58,1.7,5.29,0.0,6.84,0.73,1.61,87.14
2015-12-08,11.87,3.54,6.89,0.0,4.56,0.73,4.47,90.8
2015-12-09,11.6,6.14,8.19,0.0,5.27,0.73,4.9,82.34
2015-12-10,10.01,3.66,6.88,0.06,2.93,0.73,5.93,79.41
2015-12-11,7.32,-1.29,2.53,0.04,4.26,0.73,5.01,82.91
2015-12-12,7.99,-2.01,1.81,0.0,7.9,0.73,3.04,83.2
2015-12-13,9.1,-3.0,2.13,0.0,8.0,0.73,2.19,85.88
2015-12-14,11.48,-0.96,3.45,0.0,8.02,0.73,2.8,88.21
2015-12-15,10.85,0.2,4.31,0.0,5.59,0.73,3.51,87.47
2015-12-16,8.58,-0.28,3.82,0.04,2.0,0.73,4.41,88.52
2015-12-17,8.29,-0.14,3.42,0.07,4.58,0.73,6.38,84.8
2015-12-18,7.36,-3.43,0.92,0.0,8.15,0.73,3.2,85.64
2015-12-19,8.87,-2.79,1.97,0.0,8.33,0.73,2.3,83.35
2015-12-20,10.3,-1.53,3.56,0.0,7.89,0.73,2.13,89.31
2015-12-21,9.75,1.66,4.23,0.0,7.88,0.73,1.45,93.49
2015-12-22,13.59,1.0,5.52,0.0,5.34,0.73,2.35,88.9
2015-12-23,13.11,1.35,6.41,0.0,8.08,0.73,2.13,86.56
2015-12-24,15.23,4.8,8.54,0.0,7.91,0.73,1.38,82.66
2015-12-25,12.22,2.04,5.63,0.0,7.03,0.72,2.9,92.98
2015-12-26,11.77,2.07,5.9,0.0,7.73,0.72,2.04,85.88
2015-12-27,13.72,2.43,7.38,0.0,7.71,0.72,1.05,78.16
2015-12-28,14.56,3.61,7.5,0.0,8.21,0.72,1.82,81.64
2015-12-29,10.98,0.59,4.79,0.0,4.38,0.72,4.79,89.42
2015-12-30,2.13,-5.22,-1.41,0.02,6.35,0.72,6.56,66.97
2015-12-31,-0.98,-6.44,-4.33,0.06,7.35,0.72,6.87,61.99
2016-01-01,1.04,-5.94,-3.53,0.0,8.9,0.72,2.76,65.83
2016-01-02,1.34,-7.96,-4.16,0.0,7.15,0.72,2.88,70.35
2016-01-03,0.06,-7.21,-2.77,14.0,2.12,0.72,5.22,88.22
2016-01-04,2.9,-1.41,0.34,5.14,4.21,0.72,4.42,92.45
2016-01-05,4.39,-0.68,1.86,6.45,3.31,0.75,3.48,93.56
2016-01-06,12.54,0.92,7.38,4.16,3.0,0.76,5.41,98.58
2016-01-07,12.97,-1.15,7.96,33.8,2.47,0.78,7.03,89.06
2016-01-08,9.36,-2.3,2.04,0.11,7.57,0.79,3.7,82.86
2016-01-09,12.45,-0.12,5.16,0.0,8.42,0.78,3.41,87.76
2016-01-10,13.98,6.53,10.18,0.34,4.32,0.78,5.75,95.76
2016-01-11,17.22,5.98,11.35,1.47,6.92,0.78,5.08,92.23
2016-01-12,17.47,8.65,12.67,5.3,7.11,0.78,8.07,90.93
2016-01-13,14.47,3.12,8.27,0.87,8.78,0.78,2.47,76.9
2016-01-14,11.26,1.94,6.14,0.24,9.33,0.78,2.95,75.04
2016-01-15,10.82,-0.35,5.59,0.52,4.61,0.78,5.31,91.01
2016-01-16,13.28,9.93,11.84,36.22,2.5,0.81,8.81,91.94
2016-01-17,12.95,-2.47,6.25,23.44,0.91,0.85,9.85,83.76
2016-01-18,-0.37,-4.36,-2.66,0.83,3.57,0.85,7.63,75.6
2016-01-19,1.61,-5.21,-2.2,0.0,8.51,0.84,2.28,78.94
2016-01-20,4.54,-3.91,-0.67,0.0,7.69,0.84,2.2,76.57
2016-01-21,6.5,-2.67,0.4,0.0,9.61,0.84,1.97,76.56
2016-01-22,2.75,-5.74,-2.09,0.0,7.98,0.84,4.96,81.52
2016-01-23,0.84,-7.64,-4.24,0.0,8.12,0.83,4.53,78.39
2016-01-24,0.65,-9.94,-5.37,0.0,9.82,0.83,3.61,78.47
2016-01-25,1.12,-10.19,-4.71,0.0,8.43,0.83,2.26,76.71
2016-01-26,5.5,-6.83,-1.49,1.5,2.91,0.83,3.75,89.06
2016-01-27,6.16,-4.48,0.7,0.0,8.93,0.83,3.04,91.26
2016-01-28,12.79,2.82,5.59,0.0,8.43,0.83,4.04,96.33
2016-01-29,13.9,2.09,6.43,0.0,8.18,0.83,2.54,92.38
2016-01-30,11.82,3.23,6.0,0.0,8.65,0.83,3.57,92.13
2016-01-31,14.49,3.9,7.92,0.0,6.48,0.83,4.47,93.72
2016-02-01,16.57,5.85,10.24,0.02,7.48,0.83,3.88,86.15
2016-02-02,15.47,3.9,8.29,0.0,11.39,0.83,2.93,90.02
2016-02-03,18.41,6.54,11.29,0.02,10.75,0.83,5.93,89.85
2016-02-04,15.03,8.89,11.68,8.62,3.72,0.82,6.98,93.0
2016-02-05,6.18,0.58,1.38,41.33,2.01,0.85,9.63,91.73
2016-02-06,2.42,-6.96,-0.97,0.15,10.27,0.87,5.42,89.14
2016-02-07,3.83,-8.63,-2.4,0.0,12.84,0.87,1.85,83.61
2016-02-08,5.74,-4.64,0.01,0.0,13.26,0.87,1.77,82.66
2016-02-09,9.25,-2.51,3.73,0.0,8.7,0.88,4.19,91.52
2016-02-10,12.18,6.24,9.71,0.26,6.68,0.88,9.19,92.86
2016-02-11,13.32,7.2,10.91,1.42,10.3,0.88,5.93,75.49
2016-02-12,17.16,6.84,11.75,7.09,9.36,0.87,4.66,87.72
2016-02-13,17.04,11.38,13.52,7.54,6.44,0.88,8.96,89.36
2016-02-14,19.0,7.35,13.33,3.38,8.14,0.89,6.24,91.44
2016-02-15,19.64,12.0,14.9,0.79,10.05,0.89,7.04,88.76
2016-02-16,19.12,10.29,13.46,0.0,9.77,0.88,3.94,90.87
2016-02-17,18.91,8.24,12.26,0.0,10.96,0.88,2.61,86.44
2016-02-18,12.9,5.06,8.3,0.12,7.22,0.88,6.09,88.25
2016-02-19,9.12,3.11,5.7,2.4,2.83,0.88,4.05,89.97
2016-02-20,9.61,1.87,4.98,3.01,6.82,0.88,2.28,89.52
2016-02-21,10.15,2.27,5.77,0.1,10.93,0.88,3.18,80.32
2016-02-22,16.74,1.46,8.37,0.0,14.86,0.88,2.83,84.68
2016-02-23,17.92,5.43,10.72,0.01,14.51,0.88,4.09,88.31
2016-02-24,15.17,6.98,11.84,8.56,6.15,0.88,5.7,93.81
2016-02-25,12.35,2.46,7.26,0.5,7.44,0.89,3.42,85.68
2016-02-26,14.94,4.92,8.8,0.01,6.74,0.88,3.8,92.82
2016-02-27,14.88,6.87,10.19,0.51,7.5,0.88,1.8,91.57
2016-02-28,13.25,6.37,8.81,0.02,6.25,0.88,3.34,92.71
2016-02-29,17.24,6.58,10.66,0.0,12.4,0.88,3.81,87.02
2016-03-01,19.03,6.95,12.2,0.04,11.82,0.88,4.62,88.72
2016-03-02,17.43,8.01,11.85,0.29,9.57,0.88,1.62,85.95
2016-03-03,14.95,6.23,10.39,0.36,9.19,0.87,2.75,85.19
2016-03-04,14.94,5.58,10.37,8.99,11.79,0.88,5.66,81.12
2016-03-05,12.78,1.77,7.17,0.05,15.2,0.88,3.74,82.58
2016-03-06,15.76,3.66,9.75,0.0,13.5,0.88,5.72,87.8
2016-03-07,17.34,7.1,11.68,0.01,16.32,0.87,5.5,85.54
2016-03-08,17.23,6.88,11.91,2.81,11.09,0.87,3.87,90.63
2016-03-09,13.25,5.89,9.83,0.95,8.76,0.87,3.98,87.32
2016-03-10,12.48,4.4,7.5,1.36,8.65,0.87,4.04,92.62
2016-03-11,15.56,5.8,9.74,0.47,12.88,0.87,3.84,86.22
2016-03-12,15.01,4.42,9.11,1.18,14.04,0.87,2.76,84.74
2016-03-13,11.11,5.53,7.53,3.61,7.63,0.87,6.74,89.06
2016-03-14,8.36,1.58,5.74,3.23,2.73,0.88,9.95,76.88
2016-03-15,8.97,-1.0,3.64,0.01,14.45,0.87,3.9,77.92
2016-03-16,9.28,-0.4,4.16,0.0,8.92,0.87,4.63,77.84
2016-03-17,10.59,-2.49,3.89,0.0,18.71,0.87,2.41,72.58
2016-03-18,13.73,-1.53,5.67,0.0,20.71,0.86,3.82,82.13
2016-03-19,15.51,3.54,8.32,0.27,15.89,0.86,3.83,77.67
2016-03-20,12.02,3.28,6.88,0.06,10.89,0.86,2.44,78.74
2016-03-21,17.82,3.66,10.11,0.0,18.64,0.85,4.65,82.87
2016-03-22,17.67,7.42,11.93,0.08,11.83,0.85,5.54,88.5
2016-03-23,19.51,9.63,13.48,2.96,10.54,0.85,6.81,81.88
2016-03-24,16.46,5.04,11.86,9.95,8.65,0.86,6.59,88.55
2016-03-25,10.9,3.44,6.49,5.55,5.53,0.86,2.46,83.87
2016-03-26,10.95,0.93,5.99,0.27,10.22,0.87,2.92,77.53
2016-03-27,8.78,2.44,5.31,0.0,14.48,0.86,2.5,78.25
2016-03-28,12.14,-0.14,6.0,0.0,19.32,0.86,2.17,77.3
2016-03-29,15.88,2.12,8.85,0.0,15.85,0.86,4.42,83.84
2016-03-30,19.97,6.14,12.53,0.0,18.8,0.85,2.85,80.31
2016-03-31,21.17,6.04,13.17,0.0,22.21,0.85,4.26,82.22
2016-04-01,22.53,7.96,14.59,0.0,21.2,0.84,4.31,85.39
2016-04-02,17.53,5.02,12.2,0.0,18.45,0.84,4.76,78.75
2016-04-03,17.99,3.81,9.92,0.0,23.17,0.83,3.75,70.61
2016-04-04,20.19,2.93,11.53,0.0,23.66,0.83,1.97,73.52
2016-04-05,23.16,7.27,14.78,0.0,21.87,0.82,1.66,65.71
2016-04-06,25.12,8.9,16.98,0.0,23.23,0.82,1.22,50.63
2016-04-07,26.1,12.3,17.93,0.0,22.9,0.81,2.32,58.08
2016-04-08,23.83,10.91,15.75,0.0,12.84,0.81,3.05,74.44
2016-04-09,22.12,10.74,15.8,0.02,17.3,0.8,3.92,83.04
2016-04-10,19.12,10.19,14.46,1.83,13.02,0.8,3.56,85.32
2016-04-11,17.79,9.35,13.14,3.13,17.12,0.8,3.38,83.77
2016-04-12,18.97,9.02,14.21,0.07,12.9,0.8,2.59,80.24
2016-04-13,23.99,8.31,15.96,0.0,24.47,0.8,2.99,74.66
2016-04-14,21.32,11.08,15.75,0.6,14.93,0.79,4.59,85.14
2016-04-15,21.51,10.46,15.79,0.38,23.78,0.79,4.11,70.15
2016-04-16,23.93,8.53,15.86,0.0,23.87,0.78,3.23,68.17
2016-04-17,26.32,8.12,16.8,0.0,25.67,0.78,2.94,74.07
2016-04-18,26.97,10.61,18.07,0.0,24.06,0.77,3.61,78.63
2016-04-19,23.34,11.03,17.24,0.0,18.78,0.76,3.7,76.36
2016-04-20,20.95,8.3,15.49,0.01,19.14,0.76,5.52,75.02
2016-04-21,18.09,5.3,11.88,0.06,24.6,0.76,2.33,67.19
2016-04-22,20.35,5.58,12.72,0.0,27.63,0.75,2.57,66.07
2016-04-23,21.43,8.72,14.56,0.0,13.57,0.74,3.36,73.22
2016-04-24,19.54,9.93,14.54,29.06,11.81,0.77,4.96,84.49
2016-04-25,18.65,10.21,14.1,7.68,19.49,0.79,3.88,80.33
2016-04-26,13.23,6.25,10.85,23.6,10.33,0.82,4.85,82.66
2016-04-27,18.0,3.66,11.02,0.0,26.94,0.81,2.5,69.26
2016-04-28,21.44,5.54,14.05,0.0,24.57,0.8,1.83,70.85
2016-04-29,18.45,9.64,13.76,0.26,13.84,0.79,2.21,70.02
2016-04-30,20.42,7.23,13.43,0.01,25.33,0.79,3.44,75.27
2016-05-01,19.25,7.02,12.37,0.0,25.28,0.78,4.1,77.33
2016-05-02,19.51,8.31,13.0,4.7,14.48,0.78,5.46,82.08
2016-05-03,20.01,9.93,14.73,11.95,16.98,0.8,4.63,77.63
2016-05-04,17.61,7.36,12.54,2.85,14.97,0.79,2.62,80.06
2016-05-05,15.65,6.88,11.63,2.9,9.11,0.79,4.58,86.12
2016-05-06,18.21,8.75,13.31,3.49,18.64,0.79,4.12,83.25
2016-05-07,19.12,7.92,14.31,0.23,24.1,0.79,1.72,75.65
2016-05-08,20.95,9.52,15.34,1.27,24.8,0.79,1.82,74.12
2016-05-09,22.4,9.31,15.75,0.63,24.93,0.78,2.02,78.09
2016-05-10,21.36,11.27,15.92,0.02,22.6,0.78,2.45,77.1
2016-05-11,21.75,10.39,16.29,0.01,19.13,0.77,1.61,75.3
2016-05-12,21.62,12.5,17.14,2.62,16.19,0.76,3.62,78.6
2016-05-13,25.65,14.73,19.65,5.61,18.42,0.77,4.67,81.36
2016-05-14,25.72,13.42,18.87,0.03,27.63,0.76,5.09,73.74
2016-05-15,25.48,12.22,18.41,0.16,28.04,0.75,3.16,71.51
2016-05-16,23.14,11.66,17.71,2.2,25.22,0.74,2.84,77.94
2016-05-17,20.33,9.16,14.34,0.64,16.44,0.74,3.15,72.24
2016-05-18,20.28,10.63,14.44,0.14,18.1,0.74,2.81,70.96
2016-05-19,21.89,10.41,15.82,0.0,25.34,0.73,2.61,60.46
2016-05-20,24.01,10.42,17.57,0.13,25.37,0.72,2.71,66.66
2016-05-21,23.0,12.96,17.34,7.44,11.16,0.72,4.64,65.22
2016-05-22,21.14,13.32,16.8,0.47,11.25,0.73,5.22,71.8
2016-05-23,25.14,10.52,18.71,0.0,23.22,0.72,2.71,64.67
2016-05-24,24.96,12.08,18.12,1.81,23.99,0.71,4.98,65.41
2016-05-25,21.29,11.25,16.35,6.78,20.18,0.71,3.9,74.65
2016-05-26,20.53,12.6,16.37,2.89,19.04,0.72,3.68,80.04
2016-05-27,20.93,12.18,16.54,4.01,15.01,0.72,4.39,82.05
2016-05-28,24.25,11.1,18.72,0.0,24.23,0.72,2.51,73.91
2016-05-29,28.42,14.19,21.01,0.0,27.43,0.71,3.23,66.9
2016-05-30,30.43,15.06,22.28,0.02,26.95,0.7,3.95,71.29
2016-05-31,30.91,15.92,23.46,0.26,27.6,0.69,2.41,70.23
2016-06-01,29.42,18.32,23.49,0.0,28.12,0.69,1.83,69.89
2016-06-02,30.82,18.04,23.87,0.13,25.51,0.68,2.79,62.47
2016-06-03,27.11,16.01,21.65,5.81,16.38,0.68,1.97,71.44
2016-06-04,25.73,15.62,20.72,1.05,23.17,0.68,2.87,69.69
2016-06-05,27.31,14.85,21.23,0.0,25.42,0.68,2.17,67.15
2016-06-06,23.2,16.4,19.22,4.45,14.51,0.68,1.5,80.54
2016-06-07,23.4,12.3,18.53,0.37,21.08,0.68,4.91,71.21
2016-06-08,22.75,9.76,16.42,0.0,27.95,0.67,4.38,60.08
2016-06-09,23.74,9.44,16.88,0.0,29.4,0.67,3.31,61.93
2016-06-10,26.35,9.85,18.27,0.0,29.7,0.66,2.88,63.54
2016-06-11,29.67,11.57,20.9,0.0,29.95,0.66,2.81,65.28
2016-06-12,31.6,15.18,22.95,1.35,28.55,0.65,4.81,59.71
2016-06-13,26.92,16.84,21.94,1.64,22.49,0.65,5.07,68.74
2016-06-14,25.04,17.62,21.04,3.5,12.44,0.66,4.47,74.38
2016-06-15,31.29,15.17,23.43,0.15,28.97,0.65,3.96,61.05
2016-06-16,33.06,17.0,25.33,0.03,29.52,0.65,2.61,59.93
2016-06-17,37.03,19.3,27.88,0.0,28.65,0.64,2.72,52.54
2016-06-18,38.53,20.07,28.63,0.0,27.77,0.64,2.48,48.53
2016-06-19,38.17,19.0,27.53,0.0,27.4,0.63,3.67,51.54
2016-06-20,37.84,19.13,27.24,0.0,28.32,0.63,5.08,58.33
2016-06-21,36.44,19.79,27.6,0.0,30.31,0.62,6.4,57.76
2016-06-22,36.3,19.86,27.84,0.0,30.09,0.62,5.69,55.0
2016-06-23,36.05,20.34,28.13,0.0,29.44,0.62,6.81,54.91
2016-06-24,35.74,22.03,28.32,0.0,29.75,0.61,7.08,55.31
2016-06-25,33.3,20.75,26.61,0.0,28.86,0.61,7.07,57.23
2016-06-26,31.61,19.88,25.53,2.22,22.71,0.61,5.38,65.53
2016-06-27,34.45,20.66,26.47,0.38,18.11,0.61,2.7,58.74
2016-06-28,31.04,19.14,25.15,1.18,21.76,0.61,3.9,57.81
2016-06-29,30.23,17.53,24.06,0.66,21.53,0.61,3.57,61.25
2016-06-30,33.09,18.59,25.88,0.08,22.91,0.61,2.66,60.85
2016-07-01,36.19,21.6,28.6,0.01,27.44,0.61,2.39,47.72
2016-07-02,35.95,20.36,28.24,2.18,27.55,0.61,3.22,49.21
2016-07-03,33.99,19.89,26.89,0.47,25.84,0.61,4.04,59.32
2016-07-04,34.24,20.05,26.77,7.3,25.41,0.61,3.76,59.07
2016-07-05,31.67,19.27,25.26,0.14,24.8,0.62,4.8,58.62
2016-07-06,32.33,17.02,24.51,0.0,29.87,0.61,3.7,52.07
2016-07-07,32.97,17.39,25.06,0.0,25.53,0.61,3.57,53.3
2016-07-08,31.21,16.79,24.07,0.0,25.64,0.61,4.14,55.3
2016-07-09,32.56,16.89,24.82,0.0,30.21,0.6,2.79,48.22
2016-07-10,33.67,17.09,25.63,0.0,28.38,0.6,4.16,47.08
2016-07-11,33.05,17.11,24.98,0.0,29.08,0.6,3.92,49.58
2016-07-12,32.6,17.26,24.81,0.0,26.43,0.6,4.8,56.89
2016-07-13,36.56,17.59,26.95,0.0,29.16,0.6,3.29,54.75
2016-07-14,38.54,17.95,28.44,0.0,29.78,0.6,1.88,49.84
2016-07-15,39.48,20.77,29.49,0.0,29.8,0.6,3.5,47.53
2016-07-16,38.82,19.24,28.87,0.0,29.17,0.6,3.77,50.95
2016-07-17,37.07,21.07,29.17,0.0,25.05,0.6,2.83,43.87
2016-07-18,32.57,20.77,26.24,0.0,22.2,0.6,6.09,39.92
2016-07-19,32.64,19.61,25.94,0.0,24.73,0.6,4.37,43.86
2016-07-20,30.22,18.03,24.15,0.01,23.3,0.6,4.46,46.1
2016-07-21,33.0,16.7,25.24,0.0,25.58,0.6,2.19,44.15
2016-07-22,34.95,18.35,27.09,0.0,27.53,0.6,1.51,39.36
2016-07-23,37.36,20.78,28.95,0.0,28.37,0.6,2.37,35.72
2016-07-24,37.57,20.91,28.85,0.0,27.15,0.6,3.21,36.42
2016-07-25,34.73,19.94,27.05,0.0,28.32,0.6,4.84,47.92
2016-07-26,34.17,18.78,26.21,0.0,25.33,0.6,5.08,56.77
2016-07-27,34.53,19.6,26.8,0.0,25.68,0.6,4.94,55.59
2016-07-28,34.86,19.63,26.92,0.0,26.66,0.59,4.89,55.9
2016-07-29,35.26,20.01,27.34,0.0,26.16,0.59,4.67,52.66
2016-07-30,36.18,19.64,27.79,0.0,25.5,0.59,4.08,44.31
2016-07-31,36.35,19.78,27.88,0.0,25.62,0.59,4.32,46.42
2016-08-01,37.32,19.88,28.6,0.0,26.56,0.59,4.09,47.93
2016-08-02,38.13,19.91,29.09,0.0,25.92,0.59,3.31,47.4
2016-08-03,35.11,22.65,28.32,0.38,21.91,0.59,3.9,46.07
2016-08-04,34.76,21.88,27.63,0.0,23.65,0.59,5.18,54.84
2016-08-05,35.95,20.74,27.89,0.0,24.4,0.59,5.37,57.29
2016-08-06,36.41,20.87,28.31,0.0,24.85,0.59,4.64,56.44
2016-08-07,37.69,20.6,29.06,0.0,25.52,0.59,5.22,49.91
2016-08-08,34.83,22.57,27.91,0.0,22.73,0.59,7.07,54.07
2016-08-09,34.73,21.2,27.45,0.01,22.54,0.59,6.43,54.58
2016-08-10,37.11,21.21,28.32,0.02,22.81,0.59,4.91,47.3
2016-08-11,38.8,20.67,29.57,0.0,25.5,0.59,2.89,45.43
2016-08-12,33.23,19.97,25.25,0.32,20.13,0.59,5.58,52.11
2016-08-13,28.13,16.24,21.89,0.01,18.18,0.59,6.4,45.31
2016-08-14,30.71,15.55,22.65,0.0,26.55,0.59,4.64,39.43
2016-08-15,32.14,15.4,23.41,0.0,26.91,0.59,4.75,47.03
2016-08-16,34.14,16.22,24.94,0.0,26.44,0.59,3.92,53.83
2016-08-17,35.84,17.35,26.49,0.0,25.83,0.59,2.34,52.87
2016-08-18,36.87,18.79,27.28,0.05,25.47,0.59,3.29,49.99
2016-08-19,34.88,19.86,26.42,0.17,23.98,0.59,4.58,57.92
2016-08-20,33.11,20.29,26.32,0.0,21.38,0.59,4.97,57.5
2016-08-21,35.15,20.84,27.96,0.0,16.55,0.59,4.41,50.46
2016-08-22,38.13,22.14,30.04,0.68,19.99,0.59,3.41,42.7
2016-08-23,35.04,20.72,27.52,0.65,22.74,0.59,5.05,49.65
2016-08-24,34.02,19.76,26.68,0.1,20.96,0.59,6.1,55.92
2016-08-25,31.14,19.93,25.24,0.26,19.41,0.59,6.62,53.76
2016-08-26,30.83,18.15,23.98,0.0,21.62,0.59,6.09,50.16
2016-08-27,30.89,17.23,23.65,0.0,20.81,0.59,5.24,56.05
2016-08-28,31.9,17.63,24.49,0.46,19.6,0.59,4.02,55.72
2016-08-29,30.16,17.98,24.05,2.95,18.25,0.6,2.63,61.38
2016-08-30,32.42,17.73,25.14,0.0,20.07,0.6,2.76,55.93
2016-08-31,32.42,19.67,25.39,0.0,19.89,0.6,4.5,55.8
2016-09-01,30.73,17.39,23.27,0.0,22.56,0.6,4.68,54.67
2016-09-02,29.94,15.08,22.24,0.0,13.55,0.6,5.21,60.05
2016-09-03,30.09,15.95,22.32,0.0,21.87,0.6,5.17,56.47
2016-09-04,31.48,15.35,22.76,0.03,22.73,0.6,4.13,56.19
2016-09-05,31.98,15.05,23.39,0.0,22.18,0.6,2.0,54.61
2016-09-06,32.96,16.82,24.62,0.0,19.92,0.6,3.77,53.24
2016-09-07,30.11,20.17,24.14,0.0,15.64,0.6,5.01,61.79
2016-09-08,30.9,20.42,24.61,0.0,19.56,0.6,5.44,54.85
2016-09-09,32.5,18.02,24.8,0.0,16.31,0.6,5.19,55.24
2016-09-10,26.94,19.07,22.57,0.0,17.97,0.6,5.88,63.65
2016-09-11,29.72,18.24,23.32,0.01,15.25,0.6,5.09,66.98
2016-09-12,30.01,18.42,23.38,0.0,15.13,0.6,5.31,60.12
2016-09-13,29.97,16.52,22.62,0.0,16.61,0.6,4.41,56.69
2016-09-14,32.44,15.41,23.99,0.19,18.23,0.6,3.17,47.68
2016-09-15,32.58,17.75,24.19,3.86,16.85,0.6,3.16,50.48
2016-09-16,30.93,16.62,23.14,0.0,20.06,0.6,2.49,59.52
2016-09-17,32.88,16.77,24.22,0.0,19.59,0.6,4.2,53.67
2016-09-18,33.11,18.07,24.86,0.0,18.71,0.6,3.77,58.57
2016-09-19,31.47,18.7,23.83,0.41,14.81,0.6,5.05,70.01
2016-09-20,28.62,14.39,21.29,1.95,11.35,0.6,4.43,63.1
2016-09-21,23.39,11.03,17.11,0.54,11.43,0.6,2.77,60.37
2016-09-22,22.52,12.16,16.84,1.25,8.25,0.6,2.13,63.05
2016-09-23,23.19,9.24,15.53,0.02,17.46,0.6,3.52,53.78
2016-09-24,24.49,9.43,16.6,0.0,17.29,0.6,3.03,52.23
2016-09-25,23.86,10.56,16.82,0.02,13.49,0.6,2.93,57.24
2016-09-26,22.56,10.3,15.92,0.05,13.6,0.6,3.81,66.95
2016-09-27,20.19,10.49,14.86,0.11,10.97,0.6,4.24,71.52
2016-09-28,25.1,8.65,16.18,0.0,17.67,0.6,3.15,56.6
2016-09-29,26.68,10.17,18.56,0.0,18.65,0.6,1.86,51.15
2016-09-30,29.3,11.72,19.84,0.0,18.26,0.6,2.6,46.65
2016-10-01,29.61,13.04,20.52,0.0,18.04,0.6,2.21,63.0
2016-10-02,30.07,13.96,20.8,0.0,17.67,0.6,2.08,65.23
2016-10-03,30.33,13.96,21.44,0.01,16.23,0.6,1.96,62.17
2016-10-04,26.18,15.47,19.83,7.19,13.2,0.6,3.56,65.96
2016-10-05,22.32,10.39,15.8,7.5,14.2,0.63,3.85,60.08
2016-10-06,22.48,7.28,14.44,0.0,14.4,0.62,3.85,59.11
2016-10-07,25.18,11.47,17.42,0.34,14.59,0.62,3.0,73.49
2016-10-08,19.41,8.82,15.22,9.8,8.45,0.63,4.64,72.02
2016-10-09,21.63,6.75,13.58,0.0,13.73,0.63,2.06,70.94
2016-10-10,21.74,10.28,15.25,0.02,11.29,0.63,3.37,77.72
2016-10-11,21.2,12.34,15.98,5.35,11.82,0.63,2.92,85.08
2016-10-12,24.85,11.63,18.31,5.11,9.94,0.64,5.47,80.44
2016-10-13,20.81,6.24,13.4,0.0,15.72,0.64,3.16,60.58
2016-10-14,20.26,6.12,12.05,0.0,11.95,0.64,3.42,66.05
2016-10-15,19.48,7.13,12.68,0.0,11.61,0.64,2.54,74.82
2016-10-16,22.01,8.93,14.81,1.91,8.82,0.63,3.27,79.23
2016-10-17,16.01,8.34,12.67,2.77,5.56,0.64,7.34,74.03
2016-10-18,16.05,6.52,10.57,0.03,8.04,0.64,5.67,65.88
2016-10-19,15.4,6.79,10.31,0.03,7.95,0.64,3.25,77.02
2016-10-20,18.93,8.1,12.18,0.15,8.17,0.64,3.7,81.32
2016-10-21,19.56,8.02,13.23,0.0,7.27,0.63,3.78,81.13
2016-10-22,19.49,9.26,14.44,0.06,9.39,0.63,2.1,81.41
2016-10-23,22.08,10.16,15.57,0.01,7.14,0.63,2.63,80.44
2016-10-24,20.61,9.39,14.24,0.0,8.6,0.63,4.15,80.85
2016-10-25,18.65,9.16,12.55,0.0,5.55,0.63,4.16,75.8
2016-10-26,16.8,7.61,12.07,0.02,7.13,0.63,1.89,78.08
2016-10-27,15.6,5.91,10.99,0.01,7.44,0.63,5.46,76.11
2016-10-28,12.15,4.71,8.01,0.04,5.53,0.63,6.81,76.03
2016-10-29,13.83,1.27,6.9,0.0,11.72,0.63,3.24,64.17
2016-10-30,16.5,3.59,8.97,0.0,10.48,0.63,4.07,66.86
2016-10-31,14.29,2.38,7.22,0.0,11.51,0.62,3.86,63.27
2016-11-01,12.88,0.92,5.75,0.0,11.21,0.62,3.97,66.32
2016-11-02,16.89,0.19,7.9,1.48,12.64,0.63,4.15,72.83
2016-11-03,21.05,6.84,12.38,0.02,9.37,0.63,4.71,82.7
2016-11-04,11.58,6.61,8.49,2.12,2.39,0.63,3.23,87.35
2016-11-05,15.27,7.38,11.03,0.11,4.06,0.63,1.95,91.34
2016-11-06,20.53,8.08,13.74,0.0,6.61,0.63,5.47,89.37
2016-11-07,21.84,13.42,17.02,0.01,5.8,0.63,8.1,86.58
2016-11-08,23.36,16.18,19.19,4.11,7.51,0.63,10.15,79.6
2016-11-09,23.73,13.3,18.93,20.69,6.81,0.64,9.57,80.57
2016-11-10,17.25,7.03,11.38,1.08,8.38,0.67,3.34,75.89
2016-11-11,18.86,8.55,13.34,0.55,7.4,0.67,3.19,82.41
2016-11-12,18.45,8.39,13.35,0.84,6.74,0.66,5.97,87.62
2016-11-13,17.31,3.46,11.88,1.99,11.09,0.66,6.12,62.47
2016-11-14,10.13,-0.13,4.17,0.0,9.29,0.66,3.33,67.99
2016-11-15,8.92,-0.95,3.22,0.0,8.17,0.66,4.27,72.12
2016-11-16,8.35,-3.52,2.14,0.03,9.97,0.66,2.33,71.39
2016-11-17,11.19,-0.58,4.25,0.0,10.68,0.66,1.75,63.7
2016-11-18,14.04,1.94,6.47,0.0,10.48,0.66,1.84,68.02
2016-11-19,16.33,2.15,7.55,0.0,10.49,0.65,2.9,76.83
2016-11-20,15.87,5.56,8.68,0.0,9.32,0.65,3.43,86.46
2016-11-21,15.26,6.47,9.67,0.0,4.73,0.65,3.97,84.17
2016-11-22,12.5,7.1,8.81,0.0,3.51,0.65,4.17,80.89
2016-11-23,13.06,6.74,9.04,0.0,3.88,0.65,3.38,81.64
2016-11-24,12.71,4.08,7.61,0.0,5.52,0.65,1.88,82.47
2016-11-25,13.13,3.43,6.46,0.0,9.13,0.65,1.68,89.53
2016-11-26,10.5,4.71,7.13,0.05,2.5,0.65,1.66,91.77
2016-11-27,14.93,6.01,10.44,2.75,2.45,0.65,3.88,96.26
2016-11-28,11.72,4.47,8.3,19.43,1.93,0.67,4.35,92.88
2016-11-29,4.23,0.13,3.01,4.63,2.86,0.69,7.56,85.21
2016-11-30,4.59,-5.55,-0.16,0.2,6.04,0.69,7.28,63.83
2016-12-01,2.52,-5.69,-2.17,0.0,4.84,0.69,2.58,79.4
2016-12-02,10.28,-3.08,3.5,0.05,3.88,0.68,5.03,79.92
2016-12-03,8.91,-1.73,3.43,0.0,9.16,0.68,3.07,61.47
2016-12-04,7.83,-3.21,0.93,0.0,8.62,0.68,2.68,73.11
2016-12-05,8.54,-2.79,0.85,0.0,8.73,0.68,3.73,80.56
2016-12-06,7.57,-2.27,1.49,0.0,9.17,0.68,2.07,85.01
2016-12-07,6.83,-3.66,0.53,0.02,5.14,0.68,4.74,86.58
2016-12-08,4.37,-4.42,-1.27,0.0,9.26,0.68,2.38,72.17
2016-12-09,11.74,-3.19,3.13,0.0,8.46,0.68,3.4,80.03
2016-12-10,13.17,-0.98,5.26,0.0,7.98,0.68,3.02,67.58
2016-12-11,14.16,2.16,6.42,0.2,6.47,0.68,2.96,85.59
2016-12-12,12.61,3.49,6.7,1.61,4.73,0.68,3.82,79.79
2016-12-13,3.16,-6.51,-0.42,0.79,3.36,0.68,6.36,76.6
2016-12-14,2.56,-6.61,-3.29,0.0,8.96,0.68,2.96,71.81
2016-12-15,3.86,-2.8,-0.16,0.19,3.44,0.68,3.16,83.15
2016-12-16,3.22,-3.74,-1.5,0.06,6.86,0.68,4.65,75.85
2016-12-17,3.32,-4.91,-1.69,0.05,8.02,0.68,3.73,64.48
2016-12-18,4.63,-3.65,-0.16,0.0,8.58,0.68,1.21,56.55
2016-12-19,5.78,-4.31,0.09,0.0,8.74,0.68,1.76,67.81
2016-12-20,4.96,-5.39,-0.74,0.34,5.37,0.68,3.21,81.67
2016-12-21,3.66,-3.13,-0.17,0.27,4.4,0.68,6.77,83.36
2016-12-22,4.45,-4.65,-0.64,0.02,3.66,0.68,7.14,78.91
2016-12-23,6.18,-1.53,0.7,0.33,3.36,0.68,6.38,79.38
2016-12-24,4.09,-2.78,-0.8,0.25,5.76,0.68,4.94,85.51
2016-12-25,6.01,-2.68,0.12,0.01,6.85,0.68,2.58,87.52
2016-12-26,4.46,-2.79,-0.16,1.15,3.79,0.68,2.84,94.01
2016-12-27,6.7,-1.47,1.73,0.0,4.03,0.68,3.04,90.45
2016-12-28,6.53,-2.34,0.73,0.08,7.07,0.68,3.57,84.35
2016-12-29,1.9,-0.68,0.81,2.75,1.14,0.68,11.24,74.78
2016-12-30,1.26,-2.1,-0.74,1.72,2.8,0.68,10.34,72.59
2016-12-31,-0.97,-2.74,-1.4,9.7,1.39,0.68,8.65,83.25
2017-01-01,1.9,-9.7,-3.89,0.16,7.58,0.68,2.25,76.08
2017-01-02,5.06,-5.29,-1.6,0.0,6.54,0.68,2.53,86.29
2017-01-03,7.56,-2.69,0.74,0.0,7.16,0.69,2.66,86.87
2017-01-04,6.4,-2.74,1.53,0.09,6.39,0.69,2.98,91.59
2017-01-05,5.99,3.14,4.18,7.47,3.52,0.7,3.63,95.19
2017-01-06,11.38,-6.71,2.31,33.73,2.16,0.74,8.44,84.56
2017-01-07,-6.82,-8.87,-7.83,4.28,2.72,0.74,9.03,71.34
2017-01-08,-4.35,-11.01,-8.05,0.05,5.37,0.74,4.65,68.97
2017-01-09,-5.99,-8.88,-7.67,0.86,3.9,0.73,5.66,77.74
2017-01-10,1.29,-5.41,-0.96,5.97,1.97,0.73,6.39,92.94
2017-01-11,-0.91,-11.62,-5.38,13.2,3.15,0.73,3.95,86.64
2017-01-12,-0.78,-11.24,-5.55,3.47,8.82,0.73,3.22,90.88
2017-01-13,2.75,-8.88,-2.14,0.0,7.18,0.74,4.18,90.79
2017-01-14,9.53,-1.52,4.0,4.91,4.73,0.77,5.81,97.58
2017-01-15,2.47,-3.66,-0.94,2.25,3.25,0.78,3.11,92.73
2017-01-16,3.2,-3.25,0.63,4.48,2.6,0.77,4.72,96.74
2017-01-17,4.67,1.05,2.75,8.95,2.32,0.78,4.54,98.35
2017-01-18,5.12,-0.05,2.22,2.36,3.26,0.79,5.94,93.1
2017-01-19,4.19,-0.06,1.95,4.42,2.64,0.79,7.61,92.44
2017-01-20,2.82,-5.49,-1.89,0.43,6.71,0.79,5.53,83.5
2017-01-21,2.73,-6.79,-3.31,0.0,10.35,0.79,2.61,80.55
2017-01-22,3.84,-6.48,-2.1,0.0,5.09,0.79,3.54,88.66
2017-01-23,5.68,-1.26,0.99,0.0,6.16,0.79,3.84,92.77
2017-01-24,3.71,-0.9,0.65,0.05,2.68,0.79,3.44,95.32
2017-01-25,3.33,-4.63,-0.75,0.02,5.5,0.79,6.13,83.98
2017-01-26,1.4,-6.69,-3.28,0.01,8.83,0.79,5.45,78.53
2017-01-27,0.24,-9.24,-4.57,0.0,8.63,0.79,3.52,80.08
2017-01-28,3.67,-7.87,-2.68,0.0,5.05,0.79,2.73,84.23
2017-01-29,5.21,-5.39,-0.52,0.0,7.32,0.79,2.78,87.52
2017-01-30,4.97,-2.5,0.35,0.01,3.95,0.79,5.16,84.49
2017-01-31,4.31,-3.6,-0.72,0.02,6.89,0.79,3.25,77.78
2017-02-01,4.65,-4.08,-0.49,0.0,12.36,0.79,1.53,77.37
2017-02-02,8.73,-1.93,2.22,0.0,9.5,0.78,2.91,92.98
2017-02-03,12.75,2.54,6.02,0.0,6.34,0.78,4.03,95.61
2017-02-04,16.3,4.35,8.83,0.04,9.75,0.78,4.83,89.75
2017-02-05,16.89,5.08,10.09,0.91,5.26,0.78,4.72,90.22
2017-02-06,15.41,4.92,10.14,0.06,5.52,0.78,4.8,92.9
2017-02-07,14.09,7.87,10.56,4.88,6.19,0.78,5.79,92.49
2017-02-08,9.8,4.63,7.61,3.08,6.4,0.79,3.5,91.61
2017-02-09,6.51,0.93,3.17,0.28,4.03,0.79,6.72,84.83
2017-02-10,7.25,-0.85,2.37,0.0,5.35,0.79,7.0,79.46
2017-02-11,6.07,-2.42,0.46,0.02,4.05,0.79,6.4,81.89
2017-02-12,4.6,-2.79,0.05,0.09,5.59,0.79,6.28,79.58
2017-02-13,3.51,-3.95,-1.34,0.01,7.52,0.79,5.97,79.9
2017-02-14,3.12,-5.42,-1.92,0.0,13.11,0.78,3.61,68.89
2017-02-15,7.43,-3.3,0.3,0.0,12.63,0.78,4.42,76.61
2017-02-16,6.13,-3.66,-0.07,0.0,14.19,0.78,3.61,79.21
2017-02-17,8.04,-3.76,0.7,0.0,15.08,0.78,2.26,80.35
2017-02-18,11.8,-1.78,4.34,0.12,12.14,0.78,3.58,92.55
2017-02-19,12.64,5.57,8.92,19.32,8.81,0.79,4.86,92.84
2017-02-20,10.41,1.31,5.74,5.75,9.64,0.82,4.45,77.75
2017-02-21,12.28,-2.76,4.22,0.0,14.58,0.81,3.34,77.5
2017-02-22,16.64,3.06,8.91,0.0,14.15,0.81,3.99,72.76
2017-02-23,18.66,4.73,10.48,0.0,13.68,0.8,5.53,84.34
2017-02-24,17.4,7.99,11.71,0.01,12.07,0.8,8.13,84.87
2017-02-25,15.79,6.82,11.15,2.91,5.23,0.8,7.02,88.51
2017-02-26,10.85,3.99,7.06,3.12,7.42,0.8,3.35,86.77
2017-02-27,12.91,4.43,7.74,0.0,11.24,0.8,1.1,88.61
2017-02-28,16.48,5.21,9.08,0.0,14.43,0.8,1.95,89.14
2017-03-01,15.17,5.79,9.44,0.15,7.43,0.8,5.43,90.17
2017-03-02,12.22,5.95,8.5,5.92,5.09,0.81,4.91,85.19
2017-03-03,16.68,3.99,9.55,0.0,14.28,0.8,1.67,77.6
2017-03-04,16.52,2.7,8.37,0.0,17.69,0.8,3.45,80.25
2017-03-05,17.95,0.87,8.19,0.0,18.03,0.8,3.47,78.71
2017-03-06,17.19,4.45,10.39,0.11,11.3,0.79,6.17,87.39
2017-03-07,17.67,6.33,11.53,0.94,11.62,0.79,4.43,84.79
2017-03-08,17.03,7.09,11.3,3.13,12.96,0.79,4.3,83.11
2017-03-09,13.8,5.67,8.56,4.96,6.71,0.79,5.61,83.46
2017-03-10,13.7,4.97,8.07,2.81,10.19,0.8,2.86,84.4
2017-03-11,12.72,5.25,8.55,1.61,6.64,0.8,6.31,85.25
2017-03-12,10.42,3.52,6.71,3.55,6.05,0.8,5.5,85.5
2017-03-13,6.47,2.5,4.63,5.55,6.91,0.81,3.99,89.7
2017-03-14,8.79,2.22,4.56,2.07,4.77,0.81,4.73,87.4
2017-03-15,12.46,0.65,6.84,0.21,9.6,0.81,3.04,74.17
2017-03-16,11.71,2.5,7.37,0.82,9.06,0.81,2.08,74.91
2017-03-17,8.72,2.56,5.15,1.16,11.27,0.81,4.31,73.47
2017-03-18,13.67,-2.53,6.27,0.0,18.66,0.8,5.65,77.25
2017-03-19,17.48,5.63,10.39,0.95,8.38,0.8,4.43,84.53
2017-03-20,18.09,3.31,10.34,0.0,16.62,0.8,3.06,77.11
2017-03-21,21.14,7.11,13.32,0.0,18.26,0.8,2.34,75.06
2017-03-22,18.05,3.56,10.2,0.13,21.36,0.79,4.42,72.35
2017-03-23,16.9,2.23,7.7,1.23,22.1,0.79,4.09,76.95
2017-03-24,19.03,0.67,9.11,0.0,20.67,0.79,2.71,74.19
2017-03-25,21.64,4.31,11.44,0.05,18.83,0.78,2.37,71.32
2017-03-26,17.74,5.72,10.5,4.96,13.56,0.78,2.82,84.12
2017-03-27,12.85,1.34,6.85,1.15,12.1,0.79,4.47,74.76
2017-03-28,17.04,0.05,8.07,0.0,20.43,0.78,2.27,71.63
2017-03-29,20.48,3.0,10.97,0.0,22.19,0.78,3.43,64.35
2017-03-30,21.98,4.9,12.74,0.0,21.64,0.77,4.31,65.2
2017-03-31,15.25,1.18,9.03,0.0,18.59,0.77,6.02,73.13
2017-04-01,16.78,-0.12,6.63,0.0,24.12,0.76,3.45,73.42
2017-04-02,17.23,0.53,7.75,0.0,23.94,0.76,3.57,72.0
2017-04-03,19.16,2.81,10.35,0.18,23.03,0.76,3.35,76.47
2017-04-04,17.75,6.96,11.6,0.36,10.96,0.75,3.55,82.74
2017-04-05,15.19,8.25,11.49,1.7,7.92,0.75,2.22,91.22
2017-04-06,16.54,7.21,11.43,2.85,15.41,0.76,1.7,84.68
2017-04-07,15.6,4.23,9.49,1.6,12.53,0.76,4.15,68.15
2017-04-08,13.97,1.31,7.76,1.31,16.61,0.76,3.54,73.22
2017-04-09,15.8,3.35,9.44,0.2,16.42,0.76,2.77,76.61
2017-04-10,17.63,4.16,10.1,0.0,23.25,0.75,2.5,68.68
2017-04-11,18.83,1.86,10.24,0.0,25.74,0.74,2.22,69.07
2017-04-12,20.38,4.28,11.21,0.0,20.32,0.74,3.27,67.35
2017-04-13,21.24,3.67,11.96,0.0,24.46,0.74,2.41,73.3
2017-04-14,22.45,9.21,15.35,0.5,20.35,0.73,2.53,67.47
2017-04-15,21.94,7.62,14.87,0.07,22.69,0.73,2.39,64.95
2017-04-16,22.32,8.08,14.79,0.2,21.33,0.72,3.88,75.29
2017-04-17,15.15,2.7,9.68,36.38,6.07,0.75,4.76,92.53
2017-04-18,13.2,3.36,7.54,5.4,11.81,0.79,3.95,76.14
2017-04-19,18.13,3.27,11.14,1.58,19.2,0.78,5.06,82.0
2017-04-20,15.95,3.17,10.03,2.72,8.04,0.77,5.32,84.14
2017-04-21,11.7,-0.23,6.07,0.13,18.09,0.77,3.53,70.2
2017-04-22,13.94,0.34,7.39,0.0,21.71,0.77,1.84,68.84
2017-04-23,16.48,2.59,10.0,3.29,15.58,0.76,3.25,72.06
2017-04-24,16.07,1.61,9.24,0.02,24.38,0.76,3.17,66.43
2017-04-25,18.94,3.17,10.93,0.0,23.16,0.76,3.12,67.81
2017-04-26,21.81,3.63,12.7,0.0,27.69,0.75,2.71,66.9
2017-04-27,23.86,8.21,15.59,0.0,27.61,0.74,2.28,63.72
2017-04-28,24.89,8.44,16.25,0.0,27.43,0.74,2.53,65.05
2017-04-29,24.69,10.57,17.16,0.0,24.39,0.73,2.2,66.07
2017-04-30,24.65,9.7,16.97,1.36,23.19,0.73,3.95,64.42
2017-05-01,21.33,8.68,14.58,0.0,20.33,0.72,5.0,65.76
2017-05-02,24.6,8.69,15.78,0.0,25.46,0.72,4.04,69.1
2017-05-03,25.07,8.62,16.55,0.0,26.38,0.71,3.71,67.42
2017-05-04,26.43,8.78,17.49,0.0,26.7,0.7,2.72,68.76
2017-05-05,24.47,10.1,16.9,0.02,25.32,0.7,2.84,75.88
2017-05-06,19.23,10.57,14.77,5.87,16.03,0.7,3.37,78.73
2017-05-07,22.08,8.71,15.67,0.81,21.06,0.7,3.46,75.43
2017-05-08,22.52,10.96,16.78,1.4,21.63,0.7,3.7,75.68
2017-05-09,22.9,10.69,16.57,8.66,18.19,0.7,3.05,78.6
2017-05-10,19.53,10.19,14.46,0.43,13.17,0.71,3.46,77.11
2017-05-11,23.0,8.38,15.74,0.0,26.67,0.71,2.35,72.42
2017-05-12,23.34,10.26,16.46,0.0,14.8,0.7,4.13,75.84
2017-05-13,29.56,12.54,20.93,1.6,25.2,0.7,4.34,69.96
2017-05-14,27.48,15.41,21.16,2.81,26.53,0.69,3.9,67.54
2017-05-15,24.0,12.37,17.94,0.39,24.95,0.69,3.61,71.82
2017-05-16,23.44,10.33,17.07,0.01,22.83,0.68,4.41,66.66
2017-05-17,20.87,11.91,15.74,1.73,14.71,0.68,6.89,66.97
2017-05-18,21.76,8.0,15.31,0.0,24.83,0.68,6.85,63.28
2017-05-19,21.62,6.17,14.12,0.0,28.23,0.67,4.59,59.57
2017-05-20,25.32,8.64,17.21,0.04,27.6,0.67,2.17,52.3
2017-05-21,22.94,12.25,16.69,2.42,16.1,0.67,3.84,64.98
2017-05-22,22.43,8.66,16.55,0.87,19.58,0.67,2.51,66.83
2017-05-23,24.62,11.07,17.51,0.01,28.48,0.66,4.02,65.59
2017-05-24,24.13,9.32,16.78,0.0,28.6,0.66,1.89,65.39
2017-05-25,24.58,12.38,18.08,0.86,22.03,0.66,2.97,68.9
2017-05-26,21.16,12.86,16.75,13.52,23.5,0.67,3.7,83.56
2017-05-27,20.55,12.83,16.41,5.94,17.38,0.69,2.88,81.33
2017-05-28,21.81,12.79,16.78,0.44,16.22,0.68,4.66,75.44
2017-05-29,25.87,11.32,18.44,0.0,28.42,0.68,5.29,66.47
2017-05-30,25.8,11.6,19.24,0.06,22.72,0.67,2.31,59.34
2017-05-31,30.16,13.3,22.23,0.01,23.23,0.66,2.63,58.33
2017-06-01,31.55,16.95,24.46,2.4,25.06,0.66,2.12,60.2
2017-06-02,29.83,18.82,23.64,9.12,21.75,0.66,1.82,70.64
2017-06-03,28.26,16.67,22.15,15.18,20.46,0.68,2.4,76.52
2017-06-04,23.16,14.75,18.24,4.18,20.04,0.7,4.86,76.43
2017-06-05,25.95,13.81,19.74,0.01,21.61,0.69,3.35,73.27
2017-06-06,28.75,12.66,21.13,0.0,26.54,0.68,2.17,69.47
2017-06-07,31.56,14.57,23.59,0.01,29.49,0.67,1.64,68.02
2017-06-08,29.79,16.56,22.4,6.09,16.01,0.67,3.46,72.14
2017-06-09,23.83,14.65,18.79,1.95,18.81,0.68,4.38,72.64
2017-06-10,26.46,14.09,20.25,0.02,19.69,0.67,3.51,68.61
2017-06-11,27.21,15.98,21.3,0.14,24.13,0.67,3.16,63.62
2017-06-12,28.03,14.08,20.95,0.0,29.06,0.66,4.64,63.76
2017-06-13,30.84,12.76,22.52,0.0,30.44,0.65,2.51,56.06
2017-06-14,32.92,16.47,24.79,0.0,27.35,0.65,4.04,57.4
2017-06-15,29.77,16.98,23.15,0.09,24.4,0.64,3.94,62.75
2017-06-16,30.42,14.4,22.52,0.0,29.72,0.64,2.99,56.96
2017-06-17,26.53,14.37,19.64,4.65,17.3,0.64,2.54,69.86
2017-06-18,25.2,13.76,19.18,1.02,22.05,0.64,4.05,60.63
2017-06-19,23.17,13.26,17.7,7.67,13.62,0.65,4.34,73.85
2017-06-20,28.8,14.51,22.11,2.51,24.52,0.65,3.96,58.97
2017-06-21,32.21,15.46,24.61,0.04,26.5,0.65,2.05,57.44
2017-06-22,33.65,17.89,26.02,2.26,26.03,0.65,2.85,55.22
2017-06-23,35.09,18.32,26.95,0.0,29.76,0.64,2.02,55.54
2017-06-24,36.01,20.12,27.73,0.0,27.16,0.64,2.95,54.85
2017-06-25,35.44,19.79,27.24,0.0,28.76,0.63,2.91,53.32
2017-06-26,35.25,17.88,26.54,0.0,30.39,0.63,2.92,52.64
2017-06-27,34.55,19.39,27.23,0.43,26.68,0.62,1.8,58.02
2017-06-28,36.05,21.47,28.62,0.0,27.21,0.62,1.66,56.17
2017-06-29,39.62,20.88,30.08,0.0,28.9,0.61,3.37,50.86
2017-06-30,41.16,21.21,31.54,0.0,29.4,0.61,2.24,44.04
2017-07-01,42.3,22.27,32.4,0.0,30.25,0.61,2.6,36.21
2017-07-02,41.95,23.33,31.66,0.06,29.71,0.6,3.82,40.92
2017-07-03,36.86,19.38,26.82,9.52,25.12,0.61,5.25,63.82
2017-07-04,27.72,17.22,22.06,1.24,18.5,0.62,6.17,61.92
2017-07-05,30.73,14.89,22.47,0.0,30.08,0.62,4.46,56.43
2017-07-06,31.52,14.77,23.34,0.0,30.47,0.61,4.33,53.26
2017-07-07,31.87,17.13,24.11,0.0,26.88,0.61,3.88,53.37
2017-07-08,33.9,15.18,24.82,0.0,28.77,0.61,2.0,51.26
2017-07-09,36.91,18.83,28.17,0.0,27.03,0.61,2.55,45.41
2017-07-10,35.24,20.48,27.37,0.0,29.67,0.6,4.68,48.68
2017-07-11,36.79,18.14,27.18,0.0,30.16,0.6,3.38,49.38
2017-07-12,38.99,17.9,28.54,0.03,29.83,0.6,1.62,48.97
2017-07-13,39.14,20.48,29.75,7.68,26.8,0.6,2.46,49.95
2017-07-14,32.02,19.09,25.94,0.44,27.12,0.61,5.65,55.55
2017-07-15,31.21,18.11,23.32,0.02,24.88,0.61,4.6,53.88
2017-07-16,29.97,16.6,23.25,0.4,24.75,0.61,6.21,58.21
2017-07-17,26.67,18.78,22.51,2.4,14.02,0.61,8.03,58.71
2017-07-18,21.07,16.56,18.79,29.26,7.44,0.66,6.34,78.43
2017-07-19,30.65,15.77,22.73,0.0,27.83,0.65,4.56,55.71
2017-07-20,31.08,15.04,22.96,0.0,28.28,0.65,4.36,53.83
2017-07-21,32.46,16.08,23.94,0.0,28.31,0.64,4.56,53.73
2017-07-22,34.03,15.8,25.04,0.0,29.23,0.63,3.0,52.63
2017-07-23,36.78,18.98,27.62,0.0,27.75,0.63,1.56,50.18
2017-07-24,37.09,20.3,28.47,0.0,27.44,0.62,2.49,50.23
2017-07-25,36.8,19.8,27.97,0.0,24.43,0.62,3.9,50.56
2017-07-26,37.0,20.8,27.83,0.01,26.67,0.61,3.6,54.04
2017-07-27,31.24,18.34,23.88,8.74,17.92,0.61,3.66,69.24
2017-07-28,30.16,17.19,23.56,0.03,20.51,0.62,4.02,58.1
2017-07-29,33.7,17.04,25.68,0.0,26.54,0.62,3.46,51.34
2017-07-30,34.58,18.25,26.33,0.0,27.96,0.62,4.24,51.51
2017-07-31,31.97,17.59,24.51,0.0,28.43,0.61,5.26,59.75
2017-08-01,32.33,17.67,24.57,0.0,28.25,0.61,6.67,59.44
2017-08-02,34.43,17.69,25.78,0.0,26.13,0.61,6.19,52.02
2017-08-03,36.37,19.97,27.53,0.0,25.36,0.6,5.35,44.58
2017-08-04,38.17,21.03,29.45,0.0,25.8,0.6,4.68,42.6
2017-08-05,39.12,20.7,30.0,0.0,25.75,0.6,4.78,38.89
2017-08-06,39.44,22.65,30.91,0.14,24.99,0.6,5.41,39.84
2017-08-07,39.49,22.79,30.68,0.0,25.28,0.6,4.63,44.23
2017-08-08,36.72,22.6,29.04,0.05,24.21,0.6,5.62,48.98
2017-08-09,36.07,21.6,27.7,0.0,24.11,0.6,6.49,56.71
2017-08-10,35.94,20.11,27.57,0.0,25.48,0.6,5.05,52.09
2017-08-11,38.19,21.1,28.82,0.0,25.35,0.6,4.32,51.93
2017-08-12,38.01,19.68,28.33,0.0,26.94,0.6,3.79,47.22
2017-08-13,36.97,18.64,28.06,0.0,25.3,0.6,3.21,35.24
2017-08-14,33.84,19.73,26.51,0.01,18.61,0.6,5.46,46.57
2017-08-15,33.71,19.74,26.78,0.0,17.89,0.6,5.03,44.67
2017-08-16,32.12,21.04,26.71,0.06,17.88,0.6,6.86,48.86
2017-08-17,34.96,20.54,27.27,0.01,23.37,0.6,6.26,39.91
2017-08-18,35.87,20.04,27.3,0.0,24.79,0.6,5.13,36.02
2017-08-19,35.89,19.72,27.36,0.0,24.78,0.6,4.46,35.5
2017-08-20,35.93,19.13,27.24,0.0,25.08,0.6,3.51,47.58
2017-08-21,30.67,19.45,25.27,0.51,13.07,0.6,3.04,55.42
2017-08-22,24.79,17.58,20.61,8.56,9.03,0.61,3.93,70.13
2017-08-23,29.33,14.71,22.05,0.0,21.63,0.61,1.6,53.21
2017-08-24,30.21,14.47,22.17,0.0,23.67,0.61,3.01,49.84
2017-08-25,30.13,16.06,22.31,0.0,24.62,0.61,4.85,52.96
2017-08-26,31.04,14.83,22.03,0.0,24.41,0.6,4.67,57.4
2017-08-27,31.74,15.43,22.76,0.0,23.77,0.6,4.77,60.86
2017-08-28,35.51,15.4,25.01,0.0,23.78,0.6,3.22,52.67
2017-08-29,28.59,17.61,22.34,2.67,11.78,0.6,5.13,66.64
2017-08-30,27.73,15.35,20.75,0.0,19.98,0.6,5.5,53.03
2017-08-31,28.88,12.96,20.54,0.0,23.67,0.6,3.85,55.53
2017-09-01,31.6,13.65,22.46,0.0,23.8,0.6,1.95,53.57
2017-09-02,34.19,16.39,24.8,0.0,23.88,0.6,2.05,48.21
2017-09-03,36.02,16.03,25.54,0.0,23.81,0.6,2.97,45.91
2017-09-04,31.23,19.05,24.5,0.0,18.74,0.6,4.45,44.08
2017-09-05,29.46,15.08,22.13,0.12,21.79,0.6,3.87,39.77
2017-09-06,28.26,13.99,21.21,0.01,19.01,0.6,3.62,41.39
2017-09-07,31.9,14.92,23.27,0.0,22.51,0.6,3.06,38.34
2017-09-08,33.27,17.11,24.47,0.0,22.78,0.6,2.12,39.5
2017-09-09,34.25,15.86,23.84,0.11,21.25,0.6,3.4,54.57
2017-09-10,34.42,18.9,25.45,0.48,19.97,0.6,2.75,54.71
2017-09-11,34.46,17.15,24.97,0.0,20.26,0.6,3.3,56.31
2017-09-12,33.07,19.59,25.79,0.0,20.12,0.6,6.58,50.53
2017-09-13,34.22,19.07,26.64,0.0,20.26,0.6,2.38,52.52
2017-09-14,33.52,19.72,25.9,0.0,21.18,0.6,3.82,40.07
2017-09-15,35.09,17.98,25.39,0.0,21.14,0.6,2.26,41.66
2017-09-16,34.5,17.13,24.74,0.0,18.93,0.6,3.52,59.36
2017-09-17,36.58,16.95,25.8,0.0,19.58,0.6,2.19,56.04
2017-09-18,37.81,18.7,27.27,0.0,20.03,0.59,3.14,49.97
2017-09-19,35.67,19.6,26.24,0.0,19.21,0.59,3.56,55.78
2017-09-20,35.53,18.16,25.68,0.01,19.29,0.59,4.64,56.29
2017-09-21,23.54,16.95,20.22,9.65,13.61,0.61,3.85,68.93
2017-09-22,23.96,12.89,17.42,0.21,16.4,0.61,4.07,54.86
2017-09-23,23.76,10.41,17.18,0.09,17.23,0.61,2.2,59.01
2017-09-24,27.1,11.88,19.28,0.0,18.86,0.61,2.42,50.21
2017-09-25,24.21,15.21,19.1,0.57,12.42,0.61,5.21,70.99
2017-09-26,22.64,16.11,19.17,7.11,9.86,0.61,4.41,84.54
2017-09-27,22.81,14.83,17.96,4.34,4.45,0.62,5.62,80.27
2017-09-28,22.05,12.93,16.69,0.61,5.93,0.63,6.92,66.98
2017-09-29,19.17,12.56,15.44,0.31,6.08,0.62,7.41,64.85
2017-09-30,18.16,11.91,14.12,12.99,2.72,0.63,7.49,78.78
2017-10-01,17.08,9.41,12.87,14.49,4.47,0.66,5.54,79.75
2017-10-02,20.44,8.82,13.51,0.01,12.0,0.66,4.28,71.65
2017-10-03,21.12,7.33,13.3,0.0,14.83,0.66,3.09,69.16
2017-10-04,23.22,7.55,14.72,0.0,17.5,0.65,2.07,71.22
2017-10-05,24.81,10.49,16.59,0.0,17.18,0.65,2.29,71.3
2017-10-06,26.45,11.27,17.78,0.0,16.85,0.65,3.45,74.88
2017-10-07,24.83,8.05,17.77,34.97,6.96,0.66,4.18,83.63
2017-10-08,16.39,5.56,10.33,1.5,14.34,0.7,5.53,70.89
2017-10-09,19.1,6.38,12.52,0.0,12.79,0.69,3.1,68.94
2017-10-10,21.18,7.05,14.11,0.0,16.39,0.69,2.29,64.99
2017-10-11,22.1,8.62,14.57,0.05,15.68,0.68,1.93,70.79
2017-10-12,22.26,8.68,15.2,0.0,16.04,0.68,1.31,68.82
2017-10-13,23.81,9.86,16.22,0.0,16.23,0.68,2.2,63.66
2017-10-14,20.69,9.52,14.44,0.0,9.81,0.67,4.1,72.89
2017-10-15,22.75,7.68,15.92,0.0,14.4,0.67,1.56,60.7
2017-10-16,24.34,10.94,16.39,0.0,13.61,0.67,3.55,70.79
2017-10-17,24.03,8.63,15.41,0.0,15.43,0.67,2.0,73.75
2017-10-18,26.09,9.37,16.17,0.0,15.59,0.66,2.96,67.28
2017-10-19,25.37,9.57,16.83,0.0,14.76,0.66,1.98,69.21
2017-10-20,25.39,13.04,18.34,0.0,14.6,0.66,0.99,55.75
2017-10-21,25.33,10.8,17.82,0.0,14.23,0.66,1.82,54.35
2017-10-22,24.04,10.09,16.3,0.01,13.13,0.66,3.36,64.76
2017-10-23,23.5,10.94,16.1,2.97,9.06,0.66,4.47,78.3
2017-10-24,19.12,13.74,16.13,20.92,4.74,0.69,5.07,89.17
2017-10-25,14.47,7.01,11.75,30.35,1.69,0.72,7.47,89.18
2017-10-26,15.37,5.69,9.98,1.68,10.53,0.74,3.23,70.62
2017-10-27,18.0,6.01,11.3,0.0,12.61,0.73,2.0,78.04
2017-10-28,10.76,5.19,9.18,10.1,3.17,0.73,4.2,92.04
2017-10-29,15.58,4.89,9.64,0.08,12.72,0.74,4.69,77.71
2017-10-30,14.42,3.66,8.99,0.19,13.31,0.73,6.1,63.74
2017-10-31,12.05,0.25,5.31,0.0,13.28,0.73,3.78,65.29
2017-11-01,11.72,-0.67,5.18,0.0,12.61,0.73,2.61,62.41
2017-11-02,12.7,0.83,6.21,0.0,12.88,0.72,1.48,63.24
2017-11-03,17.61,2.54,9.25,0.98,9.38,0.72,3.07,80.79
2017-11-04,15.51,5.74,9.86,0.33,6.3,0.72,3.81,86.02
2017-11-05,15.23,4.45,8.73,0.02,8.86,0.72,3.95,86.28
2017-11-06,15.76,7.01,10.61,0.02,9.58,0.72,2.09,86.45
2017-11-07,16.68,5.68,10.15,0.0,8.23,0.72,3.14,86.86
2017-11-08,17.38,6.72,11.2,0.24,8.67,0.72,4.23,85.87
2017-11-09,16.16,7.56,11.3,0.59,6.29,0.72,2.03,89.18
2017-11-10,15.4,5.68,9.99,0.06,7.91,0.72,2.26,81.46
2017-11-11,16.75,5.12,10.9,5.7,5.7,0.72,3.05,84.75
2017-11-12,19.74,12.15,14.69,4.57,6.66,0.73,5.39,90.76
2017-11-13,19.57,12.01,14.67,0.0,8.16,0.73,4.15,87.45
2017-11-14,19.49,10.3,14.23,0.0,8.63,0.73,2.09,83.88
2017-11-15,17.46,10.63,12.84,0.0,5.08,0.73,4.91,88.03
2017-11-16,14.17,10.64,11.78,0.04,3.45,0.72,5.09,87.35
2017-11-17,15.81,9.46,12.17,0.34,4.83,0.72,3.98,88.79
2017-11-18,15.61,10.2,12.18,3.87,4.54,0.73,1.97,89.97
2017-11-19,14.02,7.52,10.06,20.04,2.3,0.74,2.88,89.08
2017-11-20,7.73,1.65,4.37,13.95,1.81,0.78,5.98,88.83
2017-11-21,9.36,-0.58,3.73,0.06,9.33,0.77,4.08,78.61
2017-11-22,13.74,1.6,6.47,0.01,5.48,0.77,3.1,77.33
2017-11-23,14.93,2.86,8.16,0.0,8.51,0.76,2.28,83.21
2017-11-24,11.82,5.24,7.73,0.0,6.49,0.76,1.15,93.9
2017-11-25,15.14,6.09,9.04,0.01,7.66,0.76,2.32,89.1
2017-11-26,15.24,5.58,9.52,0.32,3.47,0.76,3.06,93.17
2017-11-27,13.89,7.83,11.27,18.45,4.39,0.77,4.07,95.24
2017-11-28,9.0,1.15,4.95,1.64,3.63,0.79,4.0,81.61
2017-11-29,10.86,0.12,4.23,0.06,7.8,0.79,2.73,83.02
2017-11-30,15.26,3.99,10.75,0.17,4.43,0.78,7.9,91.77
2017-12-01,18.65,13.8,15.26,0.39,3.56,0.78,9.61,83.29
2017-12-02,18.86,13.21,15.21,2.3,6.39,0.78,7.83,89.99
2017-12-03,19.65,12.74,14.91,1.82,6.79,0.78,6.03,92.37
2017-12-04,13.29,2.66,9.27,0.84,6.03,0.78,3.98,85.03
2017-12-05,7.46,-2.42,1.93,0.07,7.04,0.78,4.25,77.08
2017-12-06,7.54,-3.24,1.76,0.02,8.5,0.78,4.01,85.59
2017-12-07,10.27,-1.19,3.73,0.0,8.6,0.78,3.1,78.33
2017-12-08,14.25,0.52,6.2,0.0,7.9,0.78,4.14,90.86
2017-12-09,15.03,6.85,10.2,0.03,6.82,0.78,6.82,87.4
2017-12-10,12.39,-0.8,6.84,13.15,6.51,0.79,6.94,71.67
2017-12-11,14.39,-1.17,6.39,0.0,7.64,0.79,5.56,81.01
2017-12-12,15.91,5.09,9.08,0.02,8.32,0.79,4.71,90.0
2017-12-13,15.9,5.9,9.43,0.04,5.53,0.79,2.7,93.67
2017-12-14,16.4,7.75,10.85,0.11,6.47,0.79,2.81,90.18
2017-12-15,16.25,5.47,9.88,0.03,7.39,0.79,4.15,89.54
2017-12-16,17.85,9.49,13.19,5.06,6.18,0.78,8.12,89.99
2017-12-17,15.72,2.32,11.31,36.15,1.86,0.83,6.79,91.08
2017-12-18,7.33,-1.02,2.92,5.39,4.22,0.84,3.92,87.23
2017-12-19,3.26,-2.79,0.92,7.28,2.43,0.84,5.4,90.74
2017-12-20,4.69,-4.29,-1.09,0.05,7.04,0.84,3.51,88.4
2017-12-21,3.1,-3.69,-1.16,0.22,2.45,0.84,4.77,81.37
2017-12-22,2.0,-5.19,-1.84,2.19,4.0,0.84,5.26,85.21
2017-12-23,4.78,-2.98,-0.35,1.98,5.62,0.84,5.7,86.29
2017-12-24,4.9,-4.93,-0.15,0.0,5.01,0.84,3.01,94.64
2017-12-25,11.2,-0.62,3.48,0.0,8.37,0.84,2.81,95.4
2017-12-26,11.99,2.93,7.05,0.0,6.19,0.84,3.65,95.06
2017-12-27,14.79,6.03,9.7,0.02,6.11,0.84,5.05,92.6
2017-12-28,14.74,7.37,10.6,0.77,5.91,0.84,7.85,90.76
2017-12-29,12.05,6.2,9.97,9.78,1.45,0.85,5.43,95.01
2017-12-30,6.77,1.42,3.86,19.44,1.56,0.86,4.88,94.46
2017-12-31,7.67,-0.18,2.64,0.11,6.22,0.87,2.85,88.16
2018-01-01,11.95,-0.26,4.41,0.0,8.29,0.87,2.77,92.43
2018-01-02,13.58,4.62,7.27,0.1,5.56,0.87,4.1,95.06
2018-01-03,8.47,1.91,5.16,4.63,1.71,0.87,3.24,94.02
2018-01-04,7.15,1.15,3.58,1.1,3.32,0.87,2.81,94.07
2018-01-05,9.22,-0.08,3.13,0.0,8.57,0.87,2.13,88.46
2018-01-06,11.48,0.57,4.36,0.0,8.96,0.87,2.93,91.06
2018-01-07,14.37,1.13,6.59,0.01,7.13,0.87,3.78,94.05
2018-01-08,12.68,4.83,7.51,0.02,5.84,0.87,2.07,96.91
2018-01-09,9.93,4.84,6.91,0.0,3.23,0.87,3.6,94.16
2018-01-10,8.59,5.05,6.53,0.12,2.65,0.87,3.74,95.34
2018-01-11,7.09,4.64,5.62,5.14,1.82,0.88,2.73,96.23
2018-01-12,8.78,4.84,6.36,2.88,2.41,0.88,5.0,91.95
2018-01-13,7.24,2.71,4.52,0.37,3.15,0.88,8.17,86.42
2018-01-14,4.47,-3.6,1.02,0.05,4.96,0.88,6.89,83.12
2018-01-15,4.74,-3.7,0.42,0.95,5.62,0.87,2.8,89.84
2018-01-16,8.65,-0.66,4.42,0.48,3.86,0.88,2.15,94.07
2018-01-17,14.12,4.15,8.91,2.93,7.55,0.88,6.49,88.26
2018-01-18,11.76,-1.89,4.3,5.04,3.69,0.88,8.84,74.58
2018-01-19,11.3,-3.54,2.81,0.0,10.44,0.88,3.77,81.13
2018-01-20,13.08,2.58,8.01,6.97,4.4,0.88,5.54,94.21
2018-01-21,8.51,2.26,5.09,16.47,2.45,0.9,4.08,94.27
2018-01-22,8.03,-1.05,3.65,9.39,3.13,0.92,7.4,89.57
2018-01-23,4.91,-4.08,-0.7,0.01,8.1,0.91,4.99,81.18
2018-01-24,2.4,-4.63,-2.26,0.01,8.23,0.91,6.21,80.99
2018-01-25,4.49,-4.58,-1.43,0.0,7.97,0.91,4.77,83.97
2018-01-26,5.5,-3.56,-0.72,0.02,9.38,0.9,3.29,87.46
2018-01-27,6.02,-3.19,0.01,0.03,6.52,0.9,2.63,86.01
2018-01-28,6.65,-2.55,1.07,0.0,8.88,0.9,2.06,85.75
2018-01-29,9.13,-0.96,2.82,0.0,10.25,0.9,2.53,86.86
2018-01-30,14.24,0.76,5.71,0.0,8.19,0.9,3.58,90.08
2018-01-31,11.8,0.09,4.86,0.0,11.12,0.9,2.9,75.28
2018-02-01,12.94,-0.42,6.59,0.0,7.63,0.9,5.14,92.76
2018-02-02,14.58,8.22,10.96,0.01,5.19,0.9,7.19,91.86
2018-02-03,14.48,9.87,12.03,0.28,4.25,0.9,9.25,89.75
2018-02-04,14.18,2.76,10.48,15.32,3.29,0.9,7.8,89.72
2018-02-05,10.22,0.44,4.08,0.11,9.96,0.91,3.0,84.32
2018-02-06,10.55,1.1,4.35,0.0,12.06,0.91,2.72,86.54
2018-02-07,11.14,0.95,5.2,2.86,5.91,0.91,3.86,93.18
2018-02-08,15.7,5.53,10.39,1.82,7.25,0.91,4.04,88.33
2018-02-09,14.04,4.13,7.75,0.0,11.55,0.91,2.49,84.96
2018-02-10,11.29,3.91,6.32,4.66,5.72,0.91,6.69,85.3
2018-02-11,6.37,-0.66,3.65,23.15,1.87,0.93,6.49,92.56
2018-02-12,7.32,-1.73,2.39,0.48,6.0,0.93,1.73,84.18
2018-02-13,8.65,0.47,4.17,3.16,8.96,0.93,2.76,89.48
2018-02-14,11.29,0.48,6.66,12.9,4.89,0.94,5.76,91.44
2018-02-15,10.89,-1.72,3.94,0.57,8.02,0.95,4.24,81.54
2018-02-16,9.2,0.88,4.02,0.0,9.55,0.94,4.83,89.18
2018-02-17,10.91,-0.06,4.29,0.0,10.37,0.94,3.35,88.05
2018-02-18,11.12,-0.27,5.02,0.0,13.53,0.94,1.99,85.07
2018-02-19,8.21,3.2,5.07,0.35,5.48,0.94,5.71,88.83
2018-02-20,8.79,2.86,5.31,1.2,2.93,0.94,6.07,88.22
2018-02-21,7.48,4.28,5.43,2.2,4.05,0.94,5.44,92.42
2018-02-22,7.7,3.52,5.27,9.64,2.46,0.95,4.56,94.37
2018-02-23,9.22,1.91,4.94,0.0,6.48,0.95,5.39,87.49
2018-02-24,9.16,1.57,4.51,1.14,4.65,0.94,4.15,88.27
2018-02-25,5.37,-0.37,1.88,1.25,5.63,0.94,6.08,83.41
2018-02-26,3.98,0.06,1.53,10.33,4.11,0.94,8.48,90.47
2018-02-27,4.3,-3.35,0.58,0.81,4.83,0.95,3.92,89.87
2018-02-28,4.75,-6.89,-0.9,9.4,5.94,0.96,6.46,87.21
2018-03-01,1.76,-8.48,-3.2,0.24,15.84,0.95,2.01,74.48
2018-03-02,11.45,-1.23,5.86,7.75,6.36,0.95,4.89,92.13
2018-03-03,15.6,7.52,11.93,4.08,11.23,0.97,6.7,86.54
2018-03-04,14.66,0.6,7.88,1.71,7.0,0.96,5.16,89.84
2018-03-05,8.79,0.29,4.67,1.35,6.88,0.96,5.74,89.38
2018-03-06,14.81,4.93,9.99,7.6,6.33,0.97,5.45,92.96
2018-03-07,19.01,7.05,12.76,0.01,15.06,0.96,5.14,88.18
2018-03-08,14.28,6.84,9.83,6.58,4.98,0.96,2.6,91.8
2018-03-09,13.82,5.34,9.15,0.13,15.09,0.97,2.57,81.8
2018-03-10,16.54,5.37,10.18,0.0,17.07,0.96,2.25,80.41
2018-03-11,17.88,6.61,10.58,0.0,17.36,0.96,2.67,86.8
2018-03-12,18.35,6.26,11.9,1.63,15.13,0.95,4.84,89.69
2018-03-13,17.04,8.8,13.44,10.69,15.89,0.96,5.32,86.68
2018-03-14,16.05,7.06,10.9,0.6,15.61,0.96,2.23,85.75
2018-03-15,14.24,6.08,10.37,1.42,10.33,0.96,1.57,82.53
2018-03-16,15.8,4.92,10.44,0.0,11.89,0.96,5.05,88.87
2018-03-17,17.07,9.0,13.13,0.02,12.39,0.95,6.32,88.42
2018-03-18,18.49,11.19,13.94,6.99,8.96,0.95,6.27,85.99
2018-03-19,11.14,4.11,6.38,14.87,5.75,0.96,5.57,94.32
2018-03-20,13.57,5.71,9.61,8.9,15.85,0.97,4.69,87.42
2018-03-21,16.22,6.41,10.96,0.11,11.77,0.97,4.88,89.05
2018-03-22,7.3,1.86,3.75,7.01,4.32,0.97,7.91,88.82
2018-03-23,8.65,3.18,5.64,2.28,8.49,0.97,4.32,92.07
2018-03-24,5.42,0.65,2.86,10.84,4.48,0.98,4.6,89.85
2018-03-25,9.86,0.66,5.17,3.51,6.24,0.98,3.98,89.02
2018-03-26,15.58,4.91,10.47,17.77,7.66,0.98,5.82,91.83
2018-03-27,15.67,7.1,11.23,8.34,11.21,0.99,3.09,88.93
2018-03-28,6.75,4.19,5.8,11.53,4.49,1.0,4.85,92.14
2018-03-29,13.22,1.66,6.7,0.01,17.31,0.99,4.07,84.56
2018-03-30,16.84,3.32,9.4,0.0,21.89,0.99,3.78,85.64
2018-03-31,16.96,5.01,10.94,0.04,15.37,0.99,4.83,90.49
2018-04-01,19.02,9.53,13.31,1.31,13.45,0.98,7.3,88.36
2018-04-02,15.89,5.63,10.32,0.35,20.45,0.98,4.04,78.46
2018-04-03,17.6,3.79,10.45,0.0,23.85,0.97,2.05,72.37
2018-04-04,19.75,4.5,11.9,0.0,22.73,0.97,2.95,76.36
2018-04-05,20.73,5.95,13.51,0.0,21.44,0.96,2.6,73.58
2018-04-06,21.6,9.33,14.37,0.0,18.66,0.96,3.39,72.74
2018-04-07,18.05,7.33,11.48,0.33,20.55,0.95,6.91,74.04
2018-04-08,18.59,6.02,11.0,0.0,17.59,0.95,6.33,77.7
2018-04-09,20.53,4.0,11.94,0.0,22.42,0.94,3.09,79.19
2018-04-10,21.99,7.85,14.38,0.0,22.63,0.93,1.72,80.47
2018-04-11,19.72,10.98,14.82,0.0,14.24,0.93,2.38,80.94
2018-04-12,22.95,9.32,15.62,0.0,22.16,0.92,2.02,75.9
2018-04-13,23.63,8.22,15.53,0.0,23.17,0.92,2.88,81.61
2018-04-14,23.63,8.66,15.14,0.0,21.89,0.91,3.16,80.21
2018-04-15,21.95,7.23,13.38,0.0,21.21,0.91,5.45,74.95
2018-04-16,16.89,6.69,11.76,0.0,19.85,0.9,4.24,72.44
2018-04-17,21.03,8.84,13.69,0.0,15.11,0.9,3.17,77.99
2018-04-18,21.73,7.49,13.76,0.0,24.58,0.89,3.75,75.49
2018-04-19,22.16,7.63,15.18,0.01,24.72,0.88,3.48,72.64
2018-04-20,18.17,7.82,13.47,1.16,13.81,0.88,4.92,77.11
2018-04-21,19.8,6.22,12.87,0.0,24.97,0.87,3.91,70.71
2018-04-22,23.81,6.55,15.18,0.0,26.24,0.87,2.18,69.54
2018-04-23,26.56,9.38,17.67,0.0,26.37,0.86,2.27,69.1
2018-04-24,26.09,11.33,18.34,0.0,25.88,0.85,2.77,71.37
2018-04-25,24.33,14.5,19.28,0.0,20.64,0.85,2.25,66.52
2018-04-26,27.01,14.31,20.31,0.0,25.09,0.84,1.5,67.53
2018-04-27,27.82,14.48,20.46,1.13,22.91,0.83,2.36,65.94
2018-04-28,23.63,11.7,17.15,0.0,26.58,0.83,5.15,75.8
2018-04-29,22.66,9.57,15.45,0.0,27.6,0.82,4.96,76.21
2018-04-30,24.78,9.29,16.58,0.0,26.23,0.81,2.69,76.93
2018-05-01,24.41,9.04,16.23,0.0,25.33,0.81,2.33,75.58
2018-05-02,22.94,8.04,15.12,0.0,22.48,0.8,2.63,79.96
2018-05-03,25.0,8.82,16.6,0.0,24.24,0.79,2.62,81.79
2018-05-04,25.69,10.94,17.57,0.0,24.87,0.79,3.6,78.33
2018-05-05,26.12,11.2,18.13,0.01,23.59,0.78,3.31,78.19
2018-05-06,23.14,11.99,17.21,0.85,18.75,0.78,2.41,84.12
2018-05-07,23.9,13.34,18.47,4.12,14.35,0.78,2.92,82.02
2018-05-08,24.05,12.27,18.59,3.72,21.22,0.78,3.59,76.39
2018-05-09,23.41,12.5,18.49,1.98,15.19,0.78,1.86,77.76
2018-05-10,21.59,14.1,17.82,9.93,13.0,0.78,2.3,83.04
2018-05-11,22.2,12.72,16.87,1.67,15.78,0.79,4.65,80.94
2018-05-12,21.09,9.38,15.32,0.03,25.81,0.78,4.48,70.9
2018-05-13,21.89,8.53,15.16,0.0,28.38,0.77,1.63,66.88
2018-05-14,23.39,9.97,17.1,0.0,26.93,0.76,2.56,78.74
2018-05-15,26.63,12.03,19.29,0.51,27.05,0.76,3.61,75.69
2018-05-16,26.99,14.52,20.58,0.01,22.65,0.75,4.2,74.5
2018-05-17,26.48,16.24,20.69,0.72,18.18,0.74,3.53,73.47
2018-05-18,26.9,14.82,20.75,1.01,24.58,0.74,2.0,76.85
2018-05-19,25.2,15.64,20.38,3.09,20.43,0.73,2.86,79.75
2018-05-20,24.89,15.02,19.67,3.86,22.26,0.73,3.33,78.59
2018-05-21,24.72,13.22,18.89,0.0,25.6,0.73,4.46,76.1
2018-05-22,25.32,13.11,18.89,0.0,20.17,0.72,4.16,76.82
2018-05-23,26.16,12.55,19.32,0.0,25.86,0.71,3.33,74.9
2018-05-24,24.13,14.12,19.13,0.04,20.41,0.71,3.81,76.19
2018-05-25,23.4,15.45,18.86,2.09,15.86,0.71,4.41,77.69
2018-05-26,26.31,13.67,20.06,1.52,20.64,0.71,6.03,74.92
2018-05-27,25.27,15.3,19.82,0.24,11.05,0.7,6.23,73.65
2018-05-28,25.6,13.08,18.79,0.0,27.86,0.7,5.23,62.12
2018-05-29,25.89,11.68,18.93,0.06,16.2,0.69,5.49,66.48
2018-05-30,26.12,12.75,18.8,0.02,25.18,0.69,5.05,66.0
2018-05-31,26.82,10.16,19.2,0.0,30.44,0.68,3.52,55.62
2018-06-01,30.1,13.34,22.21,0.0,27.55,0.67,3.91,55.8
2018-06-02,27.89,13.27,20.74,0.0,29.08,0.67,4.53,64.26
2018-06-03,29.14,10.95,20.64,0.5,30.82,0.66,1.88,66.48
2018-06-04,28.93,16.58,22.87,11.71,24.36,0.67,2.11,68.44
2018-06-05,27.42,18.26,22.77,7.21,22.69,0.69,1.51,69.67
2018-06-06,29.92,19.31,24.15,1.79,22.75,0.69,1.38,65.78
2018-06-07,28.2,18.46,23.1,9.29,21.6,0.69,2.54,75.6
2018-06-08,30.05,16.74,23.42,0.0,28.62,0.69,3.05,71.76
2018-06-09,32.23,16.4,24.21,0.0,28.66,0.68,3.31,70.05
2018-06-10,28.06,17.23,22.3,0.0,25.98,0.67,5.34,65.16
2018-06-11,29.35,16.52,22.4,0.0,29.91,0.67,5.1,62.11
2018-06-12,30.98,15.18,23.0,0.0,30.62,0.66,2.98,59.98
2018-06-13,32.73,15.87,24.1,0.0,30.48,0.65,2.3,57.99
2018-06-14,31.16,16.7,23.83,0.38,28.17,0.65,2.52,62.25
2018-06-15,31.15,17.4,24.53,0.41,25.41,0.65,2.83,65.32
2018-06-16,30.06,19.34,23.7,6.94,20.21,0.65,2.61,71.43
2018-06-17,25.8,17.27,21.75,10.83,15.25,0.66,2.45,79.47
2018-06-18,26.47,16.97,22.01,2.49,22.06,0.67,2.65,77.21
2018-06-19,30.34,15.88,22.89,0.1,27.99,0.67,4.88,60.64
2018-06-20,31.48,15.96,23.74,0.0,28.78,0.66,4.95,54.8
2018-06-21,32.0,16.33,24.01,0.57,26.33,0.65,3.63,58.9
2018-06-22,30.76,18.45,24.85,0.01,22.54,0.65,1.44,61.0
2018-06-23,25.44,15.83,21.0,4.19,11.23,0.65,4.42,63.23
2018-06-24,23.31,13.05,18.94,0.93,7.33,0.65,3.29,66.74
2018-06-25,27.59,13.55,20.79,0.01,27.07,0.65,5.25,61.14
2018-06-26,25.5,17.2,20.82,15.51,9.08,0.65,5.7,78.68
2018-06-27,26.62,17.36,21.98,19.23,17.63,0.68,2.58,82.02
2018-06-28,25.97,17.27,21.43,10.64,19.29,0.71,3.46,80.61
2018-06-29,26.3,16.15,21.27,1.54,19.24,0.7,2.93,76.66
2018-06-30,25.38,17.83,21.45,3.41,17.17,0.69,3.47,81.05
2018-07-01,29.12,17.77,23.11,0.01,28.23,0.69,3.48,65.89
2018-07-02,31.05,16.03,24.0,0.0,26.59,0.68,1.81,67.74
2018-07-03,33.8,17.89,26.3,0.15,29.01,0.67,1.97,61.87
2018-07-04,33.71,19.54,26.69,0.82,28.92,0.66,2.44,63.11
2018-07-05,31.64,20.07,25.54,4.95,22.58,0.66,1.92,68.64
2018-07-06,31.97,18.43,25.33,0.0,28.37,0.66,2.35,64.01
2018-07-07,32.26,18.28,24.97,0.53,29.0,0.65,2.23,64.94
2018-07-08,30.49,18.63,24.4,2.67,19.16,0.65,2.49,68.06
2018-07-09,29.8,18.89,23.51,1.77,24.52,0.65,2.22,73.02
2018-07-10,29.26,18.6,24.04,7.32,22.26,0.66,2.14,71.96
2018-07-11,31.74,18.13,25.17,0.0,25.68,0.66,2.43,66.8
2018-07-12,33.15,19.07,26.17,0.0,25.72,0.65,2.52,63.18
2018-07-13,33.54,19.98,26.67,1.82,24.54,0.65,2.92,61.94
2018-07-14,32.72,19.61,25.93,0.25,25.44,0.64,3.96,61.19
2018-07-15,32.87,18.44,25.66,0.0,27.48,0.64,3.68,55.74
2018-07-16,33.27,18.95,26.0,0.0,27.28,0.63,3.54,54.43
2018-07-17,32.75,20.44,26.47,8.58,22.38,0.63,2.9,58.69
2018-07-18,32.28,20.13,25.4,0.74,21.6,0.64,3.97,61.54
2018-07-19,29.28,18.19,23.8,0.66,24.18,0.64,3.91,64.16
2018-07-20,32.34,19.31,25.75,0.3,22.59,0.64,3.84,66.71
2018-07-21,33.72,20.37,27.16,0.03,25.39,0.63,2.74,62.84
2018-07-22,35.73,20.56,28.23,0.17,27.96,0.63,2.01,55.63
2018-07-23,34.09,21.5,26.81,4.16,22.95,0.63,2.48,60.69
2018-07-24,27.94,20.02,22.84,8.08,16.65,0.64,3.8,78.3
2018-07-25,28.3,19.0,23.6,3.63,19.57,0.64,2.79,73.4
2018-07-26,29.46,19.13,24.43,6.4,21.74,0.65,2.12,73.58
2018-07-27,28.72,20.8,24.71,8.4,16.18,0.65,1.37,76.59
2018-07-28,31.35,21.01,26.13,1.07,23.85,0.66,1.08,67.54
2018-07-29,31.4,20.42,25.83,12.5,16.22,0.66,2.57,71.64
2018-07-30,30.77,20.17,25.62,1.73,23.98,0.67,2.34,74.15
2018-07-31,31.16,20.15,25.58,2.44,20.66,0.66,2.85,75.77
2018-08-01,33.52,20.08,26.69,0.19,23.3,0.66,3.04,68.93
2018-08-02,32.81,20.43,26.47,0.0,22.52,0.65,4.82,64.9
2018-08-03,32.8,18.12,25.17,0.14,24.67,0.65,5.64,60.49
2018-08-04,33.13,19.57,25.67,0.0,26.19,0.64,5.69,61.46
2018-08-05,33.74,18.98,25.88,0.0,26.57,0.64,4.66,60.51
2018-08-06,34.11,18.53,25.99,0.0,26.39,0.63,3.86,57.88
2018-08-07,35.03,18.35,26.45,0.0,26.45,0.63,3.04,56.49
2018-08-08,32.9,20.07,26.08,0.64,24.89,0.62,4.33,61.99
2018-08-09,32.5,18.59,25.12,0.0,25.39,0.62,5.59,61.31
2018-08-10,31.71,19.02,24.73,0.0,25.16,0.62,6.51,58.52
2018-08-11,31.14,18.5,24.16,0.0,23.01,0.62,5.59,57.14
2018-08-12,32.1,16.71,23.82,0.0,26.09,0.61,4.33,57.03
2018-08-13,32.23,16.12,23.63,0.0,26.54,0.61,4.21,58.72
2018-08-14,33.64,16.82,24.94,0.0,26.48,0.61,4.4,60.19
2018-08-15,34.31,18.68,25.97,0.0,25.57,0.61,4.88,58.85
2018-08-16,34.99,18.38,26.43,0.0,25.04,0.61,4.71,55.81
2018-08-17,35.24,20.87,27.5,0.0,23.73,0.61,4.85,53.03
2018-08-18,35.28,20.94,27.52,0.05,23.82,0.6,5.85,47.51
2018-08-19,35.45,19.99,27.37,0.34,24.6,0.6,6.24,50.77
2018-08-20,32.41,19.4,25.52,0.0,23.51,0.6,5.94,56.94
2018-08-21,33.28,17.39,24.6,0.0,23.59,0.6,4.79,51.45
2018-08-22,33.92,16.83,24.81,0.0,24.74,0.6,5.11,51.68
2018-08-23,33.93,18.68,25.83,0.0,23.26,0.6,6.46,60.87
2018-08-24,34.12,18.83,25.91,0.0,22.78,0.6,4.79,58.62
2018-08-25,35.43,18.78,26.6,0.0,23.17,0.6,3.29,55.11
2018-08-26,35.94,18.56,27.05,0.0,22.75,0.6,2.2,53.96
2018-08-27,35.17,19.34,26.75,0.12,20.11,0.6,3.89,60.23
2018-08-28,31.06,21.15,25.83,0.41,15.29,0.6,5.97,56.27
2018-08-29,34.62,19.58,26.4,0.0,21.61,0.6,5.47,42.61
2018-08-30,34.95,20.04,26.88,0.0,22.29,0.6,4.69,46.74
2018-08-31,35.38,18.45,26.56,0.0,22.99,0.6,4.23,51.23
2018-09-01,36.24,19.46,27.31,0.0,22.43,0.6,4.32,40.26
2018-09-02,36.6,19.78,27.55,0.0,22.3,0.6,4.82,49.11
2018-09-03,35.07,20.05,26.91,0.06,20.68,0.6,3.8,60.6
2018-09-04,34.96,18.77,27.18,0.65,21.2,0.6,1.77,52.36
2018-09-05,30.65,20.57,25.05,2.4,14.64,0.6,3.21,56.91
2018-09-06,29.18,17.35,23.2,0.17,15.85,0.6,3.55,56.68
2018-09-07,32.61,17.11,25.22,0.12,19.0,0.6,2.8,47.84
2018-09-08,31.67,18.74,24.71,1.28,17.01,0.6,2.68,53.25
2018-09-09,31.22,18.0,24.41,0.02,17.27,0.6,2.28,55.3
2018-09-10,29.28,17.1,22.85,0.46,19.37,0.6,2.92,50.72
2018-09-11,29.55,16.16,22.78,1.1,15.97,0.6,2.42,48.15
2018-09-12,25.91,15.74,20.75,2.42,12.83,0.6,4.11,60.81
2018-09-13,27.02,16.24,20.9,1.6,11.5,0.61,4.79,75.02
2018-09-14,30.17,15.74,22.82,0.48,17.52,0.61,2.84,63.56
2018-09-15,31.57,16.12,24.24,0.0,18.28,0.61,1.81,52.86
2018-09-16,31.15,18.31,23.87,0.05,16.12,0.6,4.09,55.96
2018-09-17,29.22,16.89,22.02,0.0,17.16,0.6,4.63,64.19
2018-09-18,27.68,14.63,20.23,0.0,20.38,0.6,4.74,61.96
2018-09-19,27.78,13.92,19.96,0.0,16.05,0.6,4.99,62.52
2018-09-20,29.06,12.92,20.22,0.0,17.92,0.6,5.02,64.67
2018-09-21,30.18,14.34,21.44,0.0,18.23,0.6,4.37,65.07
2018-09-22,31.53,15.08,22.35,0.0,19.58,0.6,2.66,61.73
2018-09-23,33.39,15.55,23.86,0.0,18.71,0.6,2.54,57.41
2018-09-24,34.07,16.51,24.46,0.0,19.34,0.6,4.59,54.35
2018-09-25,21.79,11.89,16.05,0.21,5.78,0.6,6.59,47.54
2018-09-26,18.53,9.08,13.48,0.17,15.84,0.6,8.52,49.91
2018-09-27,20.2,8.03,13.71,0.01,14.04,0.6,7.46,54.67
2018-09-28,23.28,8.95,15.87,0.02,14.85,0.6,5.12,61.68
2018-09-29,23.54,14.17,18.17,4.64,6.12,0.6,2.82,75.76
2018-09-30,21.69,14.31,17.11,14.26,3.65,0.62,7.53,78.48
2018-10-01,23.28,15.42,18.4,22.11,9.25,0.66,4.46,85.23
2018-10-02,24.89,12.15,18.12,0.43,11.44,0.67,3.18,78.01
2018-10-03,25.11,13.35,19.35,0.01,13.51,0.66,1.76,71.78
2018-10-04,22.92,11.02,16.65,0.01,13.4,0.65,3.99,53.65
2018-10-05,22.29,8.9,14.66,0.0,16.67,0.65,4.22,67.14
2018-10-06,22.45,8.61,14.59,0.0,16.58,0.65,4.46,73.77
2018-10-07,24.16,9.73,15.77,0.0,16.37,0.64,3.59,76.71
2018-10-08,23.6,8.59,15.2,0.0,14.36,0.64,3.15,75.54
2018-10-09,23.08,11.06,15.78,0.0,12.64,0.64,4.66,72.48
2018-10-10,23.43,9.01,15.09,0.0,12.69,0.64,4.96,76.8
2018-10-11,23.01,10.85,16.3,0.04,5.42,0.64,6.13,72.89
2018-10-12,22.24,12.92,16.72,0.58,6.44,0.63,6.57,75.89
2018-10-13,22.5,12.62,16.4,0.0,6.74,0.63,5.96,73.43
2018-10-14,21.47,11.23,15.32,0.09,5.3,0.63,5.39,74.82
2018-10-15,22.94,10.54,15.76,0.02,4.23,0.63,4.72,77.6
2018-10-16,24.34,10.24,15.99,0.05,11.73,0.63,3.51,77.6
2018-10-17,21.85,10.4,15.16,0.26,6.66,0.63,3.81,77.9
2018-10-18,23.1,11.67,16.52,0.53,6.84,0.63,2.56,81.06
2018-10-19,23.6,12.18,17.1,0.02,9.79,0.63,1.45,79.03
2018-10-20,22.4,11.26,16.29,3.11,7.33,0.63,2.65,78.36
2018-10-21,20.11,9.12,14.47,0.05,8.95,0.63,3.06,78.42
2018-10-22,20.01,10.01,14.2,0.0,8.14,0.63,4.61,80.58
2018-10-23,18.46,10.15,13.52,0.01,4.88,0.63,3.74,83.09
2018-10-24,21.5,7.86,13.81,0.06,12.26,0.63,4.2,67.55
2018-10-25,15.26,4.27,9.18,0.02,13.97,0.63,5.72,50.46
2018-10-26,21.22,3.45,11.3,0.0,9.95,0.63,3.61,61.3
2018-10-27,22.65,8.12,14.37,0.0,13.56,0.62,5.32,81.19
2018-10-28,23.04,12.1,16.23,0.0,11.08,0.62,5.65,84.42
2018-10-29,22.79,11.41,15.61,0.0,11.95,0.62,4.85,84.16
2018-10-30,20.66,11.14,14.84,0.0,9.67,0.62,4.12,90.68
2018-10-31,25.6,12.77,17.81,0.0,10.15,0.62,2.21,78.07
2018-11-01,25.09,11.53,17.17,0.0,9.83,0.62,2.88,79.02
2018-11-02,22.4,9.84,14.87,0.0,11.64,0.62,4.02,79.52
2018-11-03,20.31,9.61,13.79,0.0,10.24,0.62,4.96,80.01
2018-11-04,21.61,10.16,14.38,0.0,11.14,0.62,4.8,79.12
2018-11-05,20.55,8.86,13.22,0.0,7.83,0.62,3.83,80.66
2018-11-06,18.31,8.76,13.3,0.07,5.74,0.62,4.54,83.73
2018-11-07,17.71,8.05,12.35,0.17,7.86,0.62,4.19,79.7
2018-11-08,17.1,8.24,12.13,0.44,3.2,0.62,3.68,80.83
2018-11-09,17.41,6.1,10.93,0.01,9.7,0.62,3.55,83.53
2018-11-10,18.38,7.81,11.87,0.01,6.78,0.61,3.37,84.17
2018-11-11,18.7,5.87,11.07,0.0,9.71,0.61,2.66,83.16
2018-11-12,18.9,7.03,11.63,0.0,8.8,0.61,3.47,82.49
2018-11-13,14.7,6.58,9.47,0.02,4.82,0.61,4.78,81.51
2018-11-14,12.41,3.42,7.12,0.05,7.43,0.61,3.33,79.66
2018-11-15,10.72,3.29,6.45,3.1,3.76,0.62,4.2,85.05
2018-11-16,9.71,-0.94,3.67,0.08,4.69,0.62,5.12,76.46
2018-11-17,8.43,-2.03,2.94,0.11,3.95,0.62,5.58,83.74
2018-11-18,11.05,4.2,8.2,9.83,2.92,0.62,7.01,88.3
2018-11-19,16.04,3.98,11.21,12.94,2.79,0.65,4.78,87.72
2018-11-20,11.08,3.46,7.68,0.7,2.89,0.66,3.93,89.13
2018-11-21,15.47,9.28,11.86,8.78,2.38,0.66,3.73,96.08
2018-11-22,12.24,4.41,9.26,2.93,2.95,0.67,6.56,83.49
2018-11-23,10.94,0.64,4.55,0.0,4.75,0.67,4.22,76.21
2018-11-24,11.44,1.52,5.22,0.0,7.32,0.66,3.16,84.73
2018-11-25,12.81,3.22,7.0,0.0,8.61,0.66,1.9,84.64
2018-11-26,14.5,5.86,11.31,5.04,2.56,0.66,6.37,96.83
2018-11-27,17.89,12.66,14.93,38.22,3.51,0.69,6.0,91.67
2018-11-28,15.0,-0.04,8.42,40.76,2.68,0.76,7.51,85.69
2018-11-29,4.73,-1.59,0.97,1.24,3.21,0.75,9.89,79.01
2018-11-30,2.54,-6.15,-1.56,0.27,4.53,0.74,7.48,79.07
2018-12-01,3.2,-6.47,-2.28,0.0,7.91,0.74,1.77,76.55
2018-12-02,8.63,-0.9,2.39,0.0,5.91,0.73,2.59,80.01
2018-12-03,11.38,-0.38,4.16,0.0,3.87,0.73,2.71,91.39
2018-12-04,10.31,3.25,6.02,1.28,3.59,0.73,3.73,92.35
2018-12-05,8.82,1.66,4.56,3.3,2.56,0.74,5.29,87.97
2018-12-06,5.55,-3.74,0.82,0.75,7.59,0.74,6.09,79.71
2018-12-07,4.95,-4.54,-0.68,0.0,8.78,0.74,2.37,78.4
2018-12-08,10.07,-2.9,2.58,0.0,8.37,0.73,3.3,83.47
2018-12-09,6.2,1.31,3.55,5.2,2.38,0.74,1.99,96.8
2018-12-10,9.91,1.15,4.09,5.34,3.24,0.74,4.09,91.25
2018-12-11,8.71,1.54,3.92,1.46,4.77,0.75,3.96,83.31
2018-12-12,6.19,-1.3,1.79,0.86,6.02,0.75,2.84,77.19
2018-12-13,8.93,-1.83,2.43,0.04,7.21,0.75,3.1,81.86
2018-12-14,9.42,-0.41,3.9,0.82,4.03,0.75,2.66,89.08
2018-12-15,12.85,5.27,8.67,2.19,4.36,0.75,3.49,97.76
2018-12-16,13.86,6.65,9.21,5.22,3.4,0.75,3.18,93.35
2018-12-17,6.97,2.66,4.67,5.4,1.68,0.76,5.19,88.91
2018-12-18,5.36,-0.94,2.87,5.27,2.02,0.76,8.43,86.5
2018-12-19,-0.82,-3.38,-2.0,3.37,1.51,0.76,7.26,81.86
2018-12-20,2.58,-3.95,-1.22,0.0,5.4,0.76,2.11,86.1
2018-12-21,5.61,-0.96,1.1,0.0,2.95,0.76,1.39,93.19
2018-12-22,10.93,0.89,4.61,0.02,4.26,0.77,2.59,96.19
2018-12-23,13.38,2.76,6.71,0.04,6.7,0.77,3.87,86.81
2018-12-24,14.64,0.63,7.93,4.76,3.96,0.77,5.73,90.81
2018-12-25,7.52,-2.03,2.82,2.57,3.31,0.78,4.87,78.6
2018-12-26,4.74,-4.54,-0.53,0.0,8.72,0.77,3.18,74.11
2018-12-27,7.6,-3.2,0.76,0.0,5.88,0.77,3.13,80.66
2018-12-28,6.95,-2.1,1.25,0.04,8.16,0.77,2.32,85.84
2018-12-29,8.05,-0.74,2.57,1.08,2.78,0.77,3.3,92.39
2018-12-30,6.95,-0.94,2.56,0.06,4.89,0.77,1.37,87.29
2018-12-31,7.26,0.37,2.63,0.15,5.2,0.77,2.03,90.48
2019-01-01,6.5,0.48,2.86,0.01,6.66,0.77,6.16,90.3
2019-01-02,7.4,-2.91,1.69,0.01,7.22,0.77,2.85,80.13
2019-01-03,6.41,0.16,2.2,4.27,4.16,0.77,6.13,82.41
2019-01-04,3.3,-2.32,-0.34,1.3,6.57,0.77,6.6,70.88
2019-01-05,-0.06,-3.44,-1.78,3.23,1.79,0.77,6.18,83.94
2019-01-06,2.68,-6.15,-2.33,0.3,6.99,0.77,3.12,83.14
2019-01-07,1.66,-5.34,-2.5,0.12,6.92,0.77,3.87,82.21
2019-01-08,0.19,-6.4,-4.03,0.0,8.37,0.77,3.9,80.1
2019-01-09,6.09,-5.4,0.77,9.65,5.32,0.77,5.76,84.17
2019-01-10,12.23,5.19,9.73,28.15,2.12,0.82,9.74,94.3
2019-01-11,10.56,0.16,5.05,5.04,1.85,0.84,4.36,85.85
2019-01-12,2.54,-3.98,-0.43,0.91,1.77,0.83,3.58,83.62
2019-01-13,4.15,-5.08,-0.98,0.01,8.69,0.83,2.32,77.89
2019-01-14,8.72,-2.36,2.01,0.02,7.65,0.82,3.35,81.77
2019-01-15,4.29,-3.75,0.97,0.07,4.44,0.82,6.35,79.3
2019-01-16,7.07,-5.24,-0.33,0.0,8.89,0.82,3.97,82.16
2019-01-17,10.52,-1.65,3.07,0.0,9.54,0.82,3.01,83.15
2019-01-18,12.62,2.59,6.03,0.0,6.94,0.82,3.19,94.17
2019-01-19,8.82,2.65,5.33,0.48,6.29,0.82,3.4,91.8
2019-01-20,10.58,4.62,7.03,2.01,4.71,0.82,3.41,96.96
2019-01-21,10.49,0.6,5.58,1.01,5.32,0.82,3.82,88.64
2019-01-22,6.59,0.17,3.43,0.38,4.1,0.82,4.25,93.81
2019-01-23,11.38,4.72,8.41,9.7,3.11,0.83,6.52,96.31
2019-01-24,10.47,7.2,8.39,4.42,3.51,0.84,5.29,91.59
2019-01-25,11.78,5.35,8.33,3.36,3.91,0.84,6.31,90.11
2019-01-26,11.66,3.8,7.98,2.27,5.05,0.84,4.45,89.5
2019-01-27,6.31,0.29,2.49,0.64,2.55,0.84,3.61,86.97
2019-01-28,11.32,0.76,6.25,0.2,7.12,0.84,4.44,94.15
2019-01-29,14.13,7.02,10.02,4.78,5.26,0.84,5.69,92.41
2019-01-30,12.16,6.71,9.12,4.1,7.9,0.85,5.64,89.9
2019-01-31,12.5,6.57,8.88,6.09,5.22,0.85,4.14,90.0
2019-02-01,13.61,2.2,7.2,0.16,10.3,0.85,4.09,80.26
2019-02-02,15.02,5.06,9.74,0.0,7.5,0.85,5.25,91.19
2019-02-03,15.83,7.56,10.52,0.0,9.42,0.85,5.23,92.83
2019-02-04,17.52,7.43,11.49,0.0,11.57,0.85,2.22,87.88
2019-02-05,14.55,5.5,8.6,0.01,9.81,0.85,6.17,82.6
2019-02-06,6.06,2.24,4.92,6.14,2.98,0.85,6.9,89.24
2019-02-07,5.6,1.06,2.79,0.1,1.93,0.85,6.68,83.29
2019-02-08,8.22,-0.24,3.05,0.07,5.29,0.85,4.65,84.11
2019-02-09,7.69,-2.67,1.57,0.0,10.04,0.85,2.56,82.19
2019-02-10,10.15,-2.03,2.86,0.0,12.81,0.85,2.22,88.19
2019-02-11,13.46,1.61,7.97,0.11,6.34,0.85,6.12,88.68
2019-02-12,12.24,3.07,8.82,7.74,2.11,0.85,6.08,79.16
2019-02-13,4.13,1.7,2.77,1.86,3.15,0.85,7.92,82.09
2019-02-14,8.4,-2.12,2.43,0.04,12.71,0.85,6.21,72.87
2019-02-15,6.65,-0.69,2.13,1.48,5.05,0.85,7.04,85.01
2019-02-16,8.05,-2.3,1.49,0.0,6.11,0.85,5.17,83.74
2019-02-17,11.93,-2.32,4.39,0.0,13.73,0.85,2.14,78.3
2019-02-18,15.5,-0.65,6.7,0.0,12.96,0.85,2.18,79.1
2019-02-19,14.97,0.15,6.21,0.0,14.51,0.84,2.58,82.66
2019-02-20,16.05,1.45,7.01,0.0,14.64,0.84,2.34,82.29
2019-02-21,13.25,3.18,7.12,0.0,11.93,0.84,3.73,81.8
2019-02-22,12.4,1.43,6.35,1.65,9.98,0.84,3.1,83.81
2019-02-23,2.43,-3.99,-1.96,2.94,6.07,0.84,10.34,74.03
2019-02-24,-0.7,-4.8,-3.02,0.46,5.67,0.84,7.8,72.48
2019-02-25,4.77,-3.25,-0.36,0.36,5.0,0.84,7.2,80.64
2019-02-26,10.09,-4.16,2.04,0.05,14.58,0.84,3.52,75.78
2019-02-27,6.83,-2.07,1.91,0.08,7.56,0.84,4.82,80.96
2019-02-28,12.18,-1.72,4.67,0.0,16.1,0.84,3.68,76.35
2019-03-01,15.99,2.69,8.68,0.0,13.55,0.83,4.17,78.35
2019-03-02,15.99,3.51,8.09,0.04,7.26,0.83,3.95,76.6
2019-03-03,10.53,-0.09,4.54,0.01,13.27,0.83,2.95,77.03
2019-03-04,12.44,-1.67,4.62,0.0,17.69,0.83,2.47,78.79
2019-03-05,16.85,2.27,8.99,0.04,16.35,0.82,5.07,84.42
2019-03-06,16.71,5.39,10.78,0.57,11.97,0.82,2.82,78.35
2019-03-07,16.99,2.72,9.39,0.0,16.41,0.82,4.11,79.68
2019-03-08,19.34,6.59,12.2,0.0,15.84,0.82,4.28,85.27
2019-03-09,19.7,7.64,12.33,0.16,14.73,0.81,3.7,86.13
2019-03-10,20.14,6.89,12.8,0.0,14.63,0.81,4.12,76.07
2019-03-11,20.55,8.26,13.96,0.01,15.24,0.81,2.96,77.07
2019-03-12,10.62,4.23,7.68,7.53,3.85,0.8,6.04,84.89
2019-03-13,10.73,0.82,5.3,1.41,8.44,0.82,6.88,76.05
2019-03-14,10.96,-0.42,5.19,0.0,9.2,0.81,2.24,81.78
2019-03-15,11.44,2.93,6.85,0.02,10.32,0.81,1.98,77.52
2019-03-16,16.06,1.7,8.98,0.0,16.15,0.81,3.65,73.19
2019-03-17,20.74,7.75,12.93,0.0,18.9,0.8,2.66,75.73
2019-03-18,21.18,6.41,12.91,0.0,18.93,0.8,4.16,84.85
2019-03-19,19.99,7.05,13.2,0.01,16.93,0.8,3.24,84.27
2019-03-20,17.94,4.34,10.9,0.1,14.15,0.79,4.49,79.69
2019-03-21,14.51,2.71,7.49,0.0,14.15,0.79,5.01,80.78
2019-03-22,16.18,0.72,7.95,0.0,20.54,0.79,3.68,72.75
2019-03-23,17.48,2.49,9.15,0.0,17.48,0.78,4.05,69.22
2019-03-24,14.7,0.18,6.61,0.0,22.11,0.78,3.47,69.08
2019-03-25,17.64,1.4,8.31,0.0,22.22,0.78,1.91,69.8
2019-03-26,19.74,3.66,10.96,0.0,19.43,0.77,2.26,65.98
2019-03-27,13.79,3.82,8.55,0.04,12.0,0.77,2.99,78.56
2019-03-28,12.94,0.87,6.55,0.0,21.97,0.77,5.73,69.32
2019-03-29,10.86,-0.19,4.73,0.0,15.11,0.77,6.28,72.62
2019-03-30,12.29,-0.83,5.01,0.0,21.08,0.76,6.43,70.35
2019-03-31,14.52,0.55,6.82,0.0,22.71,0.76,5.92,75.06
2019-04-01,17.9,0.25,8.88,0.0,21.15,0.76,3.86,71.67
2019-04-02,16.53,2.61,9.07,0.0,22.03,0.75,5.63,65.98
2019-04-03,14.38,0.12,6.57,0.0,21.15,0.75,4.42,66.65
2019-04-04,15.06,0.93,7.07,0.0,20.35,0.75,3.53,74.22
2019-04-05,17.55,2.46,8.97,0.0,22.26,0.74,3.21,78.08
2019-04-06,15.91,4.81,9.57,0.1,15.49,0.74,4.56,79.66
2019-04-07,16.35,6.42,10.97,2.46,13.74,0.74,2.71,90.0
2019-04-08,18.63,10.14,13.92,8.21,15.16,0.75,3.68,85.42
2019-04-09,16.39,8.04,12.28,12.1,14.97,0.77,3.17,84.84
2019-04-10,14.66,7.6,11.31,1.13,8.38,0.77,2.41,85.16
2019-04-11,16.71,8.24,12.0,4.01,10.31,0.77,3.16,88.43
2019-04-12,17.24,7.39,12.42,2.45,7.23,0.77,4.17,88.5
2019-04-13,16.08,10.51,13.14,5.1,10.83,0.78,2.77,83.87
2019-04-14,14.84,7.75,10.98,11.64,7.53,0.79,3.04,85.85
2019-04-15,15.14,3.71,9.6,0.36,12.18,0.79,3.78,80.12
2019-04-16,15.94,1.91,8.99,0.02,22.61,0.78,2.84,67.68
2019-04-17,17.16,4.04,10.3,0.11,17.83,0.78,2.62,74.71
2019-04-18,14.45,4.56,8.79,0.92,13.26,0.77,4.34,79.8
2019-04-19,15.28,1.62,8.57,3.74,17.54,0.77,4.14,76.82
2019-04-20,12.39,1.85,7.08,0.14,16.36,0.77,4.31,71.38
2019-04-21,16.13,0.68,8.74,0.0,20.28,0.77,3.25,65.3
2019-04-22,17.93,3.18,10.44,0.0,25.63,0.76,3.33,68.39
2019-04-23,17.43,4.97,10.61,0.01,18.55,0.76,3.36,69.29
2019-04-24,21.86,6.33,13.7,0.33,23.48,0.75,3.02,72.59
2019-04-25,22.3,6.92,14.3,0.0,22.42,0.75,2.8,75.19
2019-04-26,23.62,8.88,15.51,0.0,22.55,0.74,1.95,70.28
2019-04-27,23.43,7.87,15.72,0.01,23.86,0.73,2.58,71.69
2019-04-28,22.5,11.55,17.07,0.05,22.55,0.73,2.1,74.3
2019-04-29,23.2,9.34,16.16,0.01,22.88,0.73,3.48,76.73
2019-04-30,23.52,9.58,16.22,0.0,27.07,0.72,5.89,73.74
2019-05-01,22.11,10.6,15.93,0.03,21.58,0.71,4.01,71.57
2019-05-02,18.73,10.14,14.13,7.23,15.56,0.72,2.64,77.04
2019-05-03,23.28,8.68,15.91,0.0,25.23,0.72,3.06,67.09
2019-05-04,22.75,9.43,16.21,0.42,21.66,0.71,4.6,74.94
2019-05-05,24.33,12.13,17.03,0.9,17.7,0.71,5.9,77.21
2019-05-06,23.16,12.27,17.3,2.1,18.06,0.71,5.67,72.95
2019-05-07,16.81,7.34,12.4,8.22,15.2,0.72,4.05,73.99
2019-05-08,17.41,6.36,12.2,0.47,12.34,0.71,2.54,66.0
2019-05-09,20.49,6.76,13.46,1.06,24.2,0.71,3.19,64.37
2019-05-10,20.6,10.74,15.47,8.52,12.38,0.71,2.51,77.58
2019-05-11,21.7,9.29,16.19,0.46,22.92,0.72,2.5,68.22
2019-05-12,24.15,11.56,17.52,0.0,25.37,0.71,2.5,66.29
2019-05-13,22.6,10.67,16.01,0.6,23.69,0.7,5.3,72.74
2019-05-14,21.95,11.7,16.12,0.71,9.6,0.7,5.4,80.96
2019-05-15,25.22,14.54,18.68,1.79,13.47,0.7,3.77,74.99
2019-05-16,24.96,13.54,19.1,2.58,23.05,0.7,3.27,74.66
2019-05-17,24.98,11.47,17.93,0.68,11.68,0.69,3.48,68.71
2019-05-18,27.76,12.44,20.21,0.0,22.09,0.69,2.94,66.47
2019-05-19,29.74,13.32,20.59,0.0,27.13,0.68,3.54,68.81
2019-05-20,27.51,15.15,20.15,0.0,19.61,0.67,4.82,68.8
2019-05-21,28.24,14.44,20.63,0.68,25.19,0.67,5.17,63.91
2019-05-22,27.01,12.63,20.08,0.01,24.55,0.67,2.46,64.25
2019-05-23,28.9,13.21,21.35,2.28,26.33,0.66,1.82,66.09
2019-05-24,20.53,14.53,17.32,7.95,10.37,0.67,2.53,76.59
2019-05-25,25.41,12.33,18.91,0.4,25.44,0.67,3.23,66.51
2019-05-26,28.52,14.05,21.55,0.0,27.15,0.67,1.92,60.79
2019-05-27,29.02,14.85,21.64,0.0,23.3,0.66,3.59,60.58
2019-05-28,32.49,14.2,22.57,0.0,27.85,0.66,4.19,60.64
2019-05-29,30.87,14.19,22.28,0.0,29.3,0.65,4.51,64.5
2019-05-30,32.06,14.88,23.48,0.0,29.33,0.65,2.97,61.05
2019-05-31,32.56,16.09,24.16,4.47,28.78,0.64,1.63,61.16
2019-06-01,28.2,16.28,21.89,4.63,22.97,0.65,2.33,72.44
2019-06-02,27.74,16.02,21.86,7.35,16.62,0.65,2.64,73.35
2019-06-03,27.32,15.53,21.27,2.53,23.86,0.66,3.38,70.99
2019-06-04,25.49,15.55,20.13,2.57,19.62,0.66,2.76,68.43
2019-06-05,28.33,13.59,21.27,0.01,28.06,0.66,2.79,64.01
2019-06-06,28.8,16.06,23.01,0.0,26.64,0.65,2.14,61.07
2019-06-07,31.58,17.65,24.72,0.01,26.16,0.65,2.1,57.72
2019-06-08,33.63,18.7,25.99,0.17,28.48,0.64,2.18,57.88
2019-06-09,31.3,18.95,24.78,2.86,24.29,0.64,3.73,62.08
2019-06-10,30.26,17.48,23.43,1.15,24.34,0.64,4.43,64.78
2019-06-11,29.02,17.25,23.26,1.32,18.24,0.64,2.48,69.86
2019-06-12,30.07,18.82,24.34,3.33,22.68,0.64,2.8,69.82
2019-06-13,35.04,17.62,26.36,0.32,27.41,0.64,3.88,57.03
2019-06-14,33.93,19.66,26.63,0.76,27.58,0.63,3.89,51.61
2019-06-15,26.81,18.74,22.84,2.54,15.2,0.63,5.09,69.53
2019-06-16,33.74,16.94,25.18,0.0,27.19,0.63,4.29,52.43
2019-06-17,34.26,16.86,25.74,0.01,20.3,0.63,4.31,50.35
2019-06-18,33.0,17.89,25.38,0.29,27.41,0.62,4.15,60.77
2019-06-19,30.91,17.55,24.75,0.7,23.81,0.62,3.11,60.1
2019-06-20,32.84,17.68,25.37,1.96,24.24,0.62,2.79,59.7
2019-06-21,34.26,18.42,26.59,0.97,21.33,0.62,2.54,54.03
2019-06-22,36.14,20.9,27.88,0.02,20.43,0.61,3.56,50.02
2019-06-23,36.76,20.63,28.7,0.0,28.67,0.61,2.07,45.76
2019-06-24,36.23,20.63,28.39,0.37,30.13,0.61,3.69,46.52
2019-06-25,34.04,20.65,26.91,0.29,27.6,0.61,6.18,59.54
2019-06-26,31.61,21.22,26.17,0.61,22.5,0.61,6.96,64.96
2019-06-27,35.59,19.87,27.64,0.0,29.87,0.61,4.71,51.85
2019-06-28,36.36,19.29,26.97,0.64,26.77,0.6,3.83,51.39
2019-06-29,30.85,17.46,23.65,0.23,24.02,0.6,4.62,49.77
2019-06-30,31.64,15.43,23.99,0.0,28.23,0.6,3.98,44.23
2019-07-01,35.6,17.05,25.97,0.0,30.28,0.6,3.32,44.12
2019-07-02,37.48,16.25,26.5,0.0,30.98,0.6,3.64,44.01
2019-07-03,40.15,17.07,28.65,0.0,31.04,0.6,3.4,41.62
2019-07-04,37.74,18.97,28.31,0.51,27.19,0.6,3.6,48.61
2019-07-05,34.82,20.6,27.52,0.83,24.65,0.6,3.08,49.64
2019-07-06,36.5,19.76,28.21,0.02,27.23,0.6,2.46,44.61
2019-07-07,36.88,20.1,28.98,0.0,30.0,0.6,2.29,41.55
2019-07-08,35.35,21.53,28.78,0.43,25.07,0.6,4.35,42.55
2019-07-09,36.83,21.23,29.47,0.38,25.58,0.6,2.33,42.43
2019-07-10,29.73,19.23,24.15,14.07,13.1,0.61,3.62,64.3
2019-07-11,28.31,15.71,21.11,3.5,19.03,0.63,5.24,60.56
2019-07-12,29.5,14.48,22.46,0.03,24.51,0.62,2.92,53.38
2019-07-13,29.4,16.8,23.38,1.03,20.57,0.62,2.14,55.19
2019-07-14,20.67,14.3,18.29,8.0,5.5,0.62,3.18,80.75
2019-07-15,27.94,12.98,21.56,0.34,20.45,0.63,2.01,65.82
2019-07-16,30.14,16.65,23.49,0.05,22.62,0.62,3.08,59.82
2019-07-17,31.01,16.85,23.47,0.0,26.04,0.62,4.72,57.85
2019-07-18,32.93,16.74,24.66,0.0,26.73,0.61,2.84,50.62
2019-07-19,32.84,16.5,24.38,0.0,28.94,0.61,3.9,56.25
2019-07-20,33.34,16.27,24.71,0.0,28.8,0.61,4.59,55.95
2019-07-21,34.91,17.25,25.99,0.0,28.74,0.61,3.62,52.65
2019-07-22,35.8,18.11,27.04,0.0,28.4,0.6,3.71,42.71
2019-07-23,35.9,18.88,27.03,6.04,23.53,0.6,3.23,49.03
2019-07-24,29.28,18.85,23.59,3.85,18.55,0.62,4.01,66.87
2019-07-25,32.39,16.62,24.6,0.02,27.26,0.61,3.61,53.77
2019-07-26,33.99,18.29,25.76,0.0,28.04,0.61,2.97,51.21
2019-07-27,35.04,17.92,26.16,0.0,28.78,0.61,3.41,50.89
2019-07-28,34.69,18.01,26.09,0.0,28.25,0.6,3.84,55.84
2019-07-29,36.22,19.0,27.21,1.65,24.28,0.6,2.68,59.88
2019-07-30,30.81,20.87,25.32,4.63,18.58,0.61,2.29,68.61
2019-07-31,35.69,20.35,28.14,0.0,22.25,0.61,2.34,52.75
2019-08-01,36.85,21.26,28.59,3.6,24.26,0.61,2.99,54.75
2019-08-02,34.53,21.24,27.88,0.47,24.8,0.61,2.86,59.33
2019-08-03,36.47,21.76,28.41,5.19,24.36,0.61,3.5,60.75
2019-08-04,31.34,19.3,24.93,0.02,22.62,0.61,4.28,55.04
2019-08-05,30.41,17.26,23.69,0.0,24.34,0.61,2.6,55.13
2019-08-06,32.94,17.37,24.7,0.0,26.54,0.61,2.74,49.52
2019-08-07,34.0,17.34,25.4,0.0,27.33,0.6,3.74,50.61
2019-08-08,36.58,17.09,26.46,0.0,27.71,0.6,3.23,52.98
2019-08-09,37.35,17.73,27.1,0.0,27.11,0.6,3.57,52.01
2019-08-10,37.83,19.46,28.21,0.0,26.55,0.6,4.07,53.13
2019-08-11,34.97,20.01,26.75,0.0,27.12,0.6,5.51,55.98
2019-08-12,34.33,19.16,26.38,0.0,27.13,0.6,6.99,56.25
2019-08-13,34.3,19.85,26.35,0.0,26.82,0.6,6.71,56.97
2019-08-14,37.21,18.54,27.4,0.0,23.95,0.6,3.84,54.72
2019-08-15,36.19,19.61,27.53,0.03,23.61,0.6,4.13,49.42
2019-08-16,29.46,19.98,23.93,11.83,19.75,0.61,3.55,67.24
2019-08-17,24.71,17.89,20.83,10.54,11.01,0.64,2.41,76.65
2019-08-18,30.98,14.91,22.6,0.0,24.07,0.63,3.14,58.41
2019-08-19,31.59,15.81,23.0,0.0,24.94,0.63,3.68,57.47
2019-08-20,31.62,15.88,23.25,0.0,23.62,0.62,4.23,62.19
2019-08-21,33.99,16.95,25.0,0.0,18.37,0.62,4.21,60.88
2019-08-22,35.85,19.75,27.1,0.0,23.44,0.61,4.99,50.58
2019-08-23,35.49,20.08,26.97,0.0,23.56,0.61,5.67,51.04
2019-08-24,35.89,20.36,27.28,0.0,23.89,0.61,5.68,54.29
2019-08-25,37.47,20.2,27.89,0.0,24.23,0.6,5.49,53.63
2019-08-26,36.02,21.09,27.55,0.0,24.03,0.6,6.67,55.55
2019-08-27,34.64,20.42,26.66,0.0,23.87,0.6,5.89,58.48
2019-08-28,33.42,19.29,25.46,0.0,24.41,0.6,6.16,56.34
2019-08-29,32.41,17.02,24.2,0.0,23.29,0.6,5.12,60.06
2019-08-30,32.21,17.63,24.34,0.0,21.53,0.6,4.85,61.2
2019-08-31,30.91,16.47,23.21,0.0,21.55,0.6,5.54,53.9
2019-09-01,32.39,16.78,23.91,0.0,20.18,0.6,5.28,55.72
2019-09-02,33.16,17.01,24.68,0.0,22.61,0.6,4.81,56.45
2019-09-03,32.42,18.25,24.6,0.0,22.12,0.6,5.42,54.35
2019-09-04,33.54,17.72,25.04,0.0,22.12,0.6,5.91,53.16
2019-09-05,31.19,18.8,24.16,0.0,19.31,0.6,5.23,63.75
2019-09-06,30.94,17.02,23.31,0.0,21.13,0.6,4.27,53.37
2019-09-07,31.05,15.33,22.82,0.0,18.23,0.6,4.01,56.52
2019-09-08,30.3,17.2,22.88,0.14,17.44,0.6,5.03,62.99
2019-09-09,30.91,15.79,22.78,0.0,18.07,0.6,4.59,56.23
2019-09-10,30.55,15.59,22.32,0.0,18.24,0.6,4.71,61.44
2019-09-11,30.74,16.16,22.68,0.0,19.57,0.6,5.19,60.26
2019-09-12,28.46,16.23,21.71,0.0,14.92,0.6,4.95,63.87
2019-09-13,29.13,17.09,22.3,0.01,19.16,0.6,6.98,53.3
2019-09-14,30.86,15.49,22.51,0.0,21.57,0.6,5.75,46.68
2019-09-15,28.94,15.69,21.75,0.0,18.56,0.6,5.49,59.28
2019-09-16,29.77,12.49,20.84,0.0,20.62,0.6,2.15,50.73
2019-09-17,33.88,15.55,24.08,0.0,20.58,0.6,2.77,47.39
2019-09-18,35.5,16.13,25.1,0.0,20.41,0.6,3.81,51.3
2019-09-19,26.12,17.47,21.32,0.07,12.44,0.6,4.47,57.39
2019-09-20,20.7,11.17,16.22,7.61,6.89,0.61,5.54,71.6
2019-09-21,22.87,9.05,15.37,0.0,16.84,0.61,3.59,54.18
2019-09-22,23.81,8.39,15.5,0.0,20.28,0.61,2.55,58.01
2019-09-23,26.64,10.56,17.54,0.01,18.25,0.61,1.27,59.04
2019-09-24,25.76,15.75,19.29,2.92,11.72,0.61,2.82,69.62
2019-09-25,26.48,14.91,19.88,0.39,10.45,0.61,3.34,74.01
2019-09-26,27.56,14.48,20.46,1.87,14.26,0.61,2.57,74.32
2019-09-27,27.4,14.31,19.85,0.52,17.35,0.61,4.17,64.71
2019-09-28,27.6,12.47,19.37,0.0,18.21,0.61,1.88,65.11
2019-09-29,30.49,14.0,21.53,0.0,18.44,0.61,1.61,60.74
2019-09-30,31.83,15.31,22.59,0.0,18.43,0.6,3.5,55.67
2019-10-01,31.74,15.99,22.82,0.06,16.17,0.6,3.4,58.93
2019-10-02,31.52,15.49,22.47,0.0,17.32,0.6,3.34,63.02
2019-10-03,28.23,16.42,21.61,3.24,16.6,0.6,5.11,75.38
2019-10-04,24.41,18.36,20.88,26.33,9.45,0.63,4.16,85.57
2019-10-05,19.91,11.19,15.45,12.85,8.9,0.68,4.15,74.42
2019-10-06,21.66,11.34,15.79,3.19,15.19,0.67,3.4,67.76
2019-10-07,19.72,8.98,14.22,0.52,10.7,0.67,3.15,67.9
2019-10-08,17.57,9.49,13.11,4.92,5.13,0.67,5.52,81.13
2019-10-09,22.53,8.74,14.69,0.0,15.59,0.67,2.42,78.39
2019-10-10,26.37,9.52,17.48,0.03,15.07,0.66,2.94,77.45
2019-10-11,24.61,12.35,17.96,0.4,8.83,0.66,3.6,77.49
2019-10-12,24.07,10.15,15.79,0.0,16.25,0.66,3.4,74.35
2019-10-13,25.41,8.73,15.66,0.0,16.5,0.65,2.97,77.02
2019-10-14,25.8,9.38,16.29,0.0,15.98,0.65,2.71,76.77
2019-10-15,25.23,9.75,16.41,0.0,14.85,0.65,2.37,78.52
2019-10-16,24.31,9.78,16.59,0.0,10.78,0.65,2.28,78.47
2019-10-17,24.29,10.9,16.66,0.0,11.69,0.65,2.28,77.81
2019-10-18,25.92,10.73,17.28,0.0,13.3,0.65,1.57,74.65
2019-10-19,25.9,12.14,17.75,0.0,12.68,0.64,1.92,77.98
2019-10-20,25.89,12.4,17.47,0.0,13.12,0.64,2.24,77.82
2019-10-21,26.04,11.06,16.83,0.0,13.42,0.64,2.79,78.69
2019-10-22,24.16,9.93,15.57,0.0,10.71,0.64,3.74,80.5
2019-10-23,24.43,9.67,15.07,0.0,14.1,0.64,3.59,78.38
2019-10-24,24.21,8.62,14.76,0.0,13.99,0.64,3.42,78.69
2019-10-25,23.84,8.3,14.55,0.0,13.47,0.64,3.12,78.4
2019-10-26,22.82,8.71,14.22,0.0,8.69,0.64,3.28,81.39
2019-10-27,21.25,7.9,13.25,0.0,12.12,0.63,2.83,82.11
2019-10-28,20.8,8.49,13.97,0.0,12.28,0.63,1.41,75.16
2019-10-29,21.69,9.54,14.63,0.0,12.46,0.63,1.38,76.65
2019-10-30,21.33,9.31,14.55,0.01,8.55,0.63,2.9,80.98
2019-10-31,14.99,10.18,12.65,1.41,3.58,0.63,4.08,90.32
2019-11-01,13.87,6.42,10.41,0.4,6.34,0.63,5.84,79.1
2019-11-02,17.01,4.49,9.7,0.05,11.86,0.63,3.22,76.28
2019-11-03,20.24,5.45,12.11,0.01,11.29,0.63,4.75,78.0
2019-11-04,19.32,12.01,15.99,3.57,5.56,0.64,6.73,93.89
2019-11-05,24.16,13.01,17.28,0.0,11.4,0.64,4.51,80.78
2019-11-06,23.42,13.06,17.36,0.0,8.26,0.64,6.46,85.32
2019-11-07,24.36,14.88,18.35,0.01,9.11,0.63,6.04,83.13
2019-11-08,24.76,13.83,17.88,0.34,10.59,0.63,4.19,77.22
2019-11-09,23.39,13.06,16.81,0.16,9.13,0.63,3.58,84.38
2019-11-10,22.73,11.18,16.42,0.75,9.84,0.63,4.46,84.86
2019-11-11,22.06,11.26,16.26,0.69,6.9,0.63,2.62,85.44
2019-11-12,23.93,12.04,16.26,0.0,9.93,0.63,3.85,80.24
2019-11-13,18.92,11.15,14.76,0.07,5.64,0.63,2.88,90.1
2019-11-14,16.41,12.79,14.27,5.38,4.56,0.64,1.84,93.33
2019-11-15,20.79,11.73,14.81,0.58,8.71,0.64,2.89,87.4
2019-11-16,21.38,9.87,14.12,0.0,9.5,0.64,2.29,82.86
2019-11-17,20.36,10.64,13.88,0.01,7.76,0.64,3.75,88.56
2019-11-18,17.86,10.14,13.19,0.73,7.33,0.64,3.13,91.2
2019-11-19,20.98,10.58,14.51,0.15,8.59,0.64,2.23,86.09
2019-11-20,19.91,9.99,13.33,1.18,7.28,0.64,3.93,76.97
2019-11-21,18.65,9.55,13.03,8.13,5.95,0.65,4.04,81.61
2019-11-22,15.17,10.34,12.23,4.33,4.13,0.65,6.38,83.75
2019-11-23,14.84,10.45,11.82,2.89,4.31,0.66,4.16,87.61
2019-11-24,16.75,9.54,12.12,0.87,6.74,0.66,3.12,88.92
2019-11-25,15.58,9.67,12.47,9.62,3.12,0.66,5.54,90.41
2019-11-26,15.95,5.63,11.39,3.26,4.07,0.68,4.68,87.77
2019-11-27,13.54,3.29,7.4,0.06,5.02,0.68,2.32,84.35
2019-11-28,18.65,5.56,12.01,0.36,5.58,0.67,4.26,89.86
2019-11-29,18.27,10.87,14.34,4.33,5.01,0.68,4.24,83.51
2019-11-30,18.83,5.38,11.2,0.17,6.45,0.68,4.55,75.17
2019-12-01,8.92,0.53,3.94,0.06,4.92,0.68,4.83,72.75
2019-12-02,11.41,-0.51,4.23,0.0,8.96,0.67,2.94,82.96
2019-12-03,10.2,1.37,5.24,5.63,4.16,0.67,4.1,83.68
2019-12-04,6.04,-1.13,2.26,6.15,3.16,0.69,6.03,83.09
2019-12-05,8.78,-3.6,1.24,0.0,8.02,0.69,3.83,84.51
2019-12-06,10.15,-0.97,3.15,0.0,9.06,0.69,1.98,87.09
2019-12-07,5.2,-0.18,2.2,0.09,5.44,0.69,1.46,94.34
2019-12-08,11.1,0.97,4.86,0.0,7.02,0.69,2.89,89.65
2019-12-09,11.25,1.82,4.72,0.0,8.3,0.69,1.51,87.56
2019-12-10,12.53,1.52,5.8,0.0,7.21,0.68,2.28,85.84
2019-12-11,11.78,3.18,7.18,0.98,4.52,0.68,4.78,90.21
2019-12-12,13.51,6.13,9.0,0.16,4.11,0.69,3.56,91.64
2019-12-13,12.48,7.7,9.14,0.37,4.15,0.69,3.03,96.09
2019-12-14,15.2,6.77,10.25,0.67,7.74,0.69,3.84,89.89
2019-12-15,15.08,5.6,9.74,0.41,7.7,0.69,3.22,76.95
2019-12-16,15.05,4.38,7.97,0.0,7.83,0.69,2.84,93.52
2019-12-17,15.87,6.05,9.64,0.0,4.33,0.68,3.36,92.73
2019-12-18,16.5,7.03,10.18,0.0,7.31,0.68,4.15,91.95
2019-12-19,15.46,6.37,9.57,0.0,5.94,0.68,3.19,92.97
2019-12-20,13.91,7.56,10.79,0.08,4.16,0.68,4.23,96.51
2019-12-21,17.89,9.31,12.97,0.33,4.4,0.68,6.44,90.97
2019-12-22,18.53,13.57,15.24,3.63,4.85,0.68,11.43,81.37
2019-12-23,15.15,8.64,12.74,9.05,3.56,0.7,6.11,90.47
2019-12-24,11.34,5.54,7.58,1.09,5.7,0.7,4.28,81.02
2019-12-25,10.83,3.31,6.16,0.05,3.16,0.7,3.56,83.18
2019-12-26,9.52,0.77,4.21,0.12,3.42,0.7,3.8,85.69
2019-12-27,8.69,-0.69,3.1,0.02,4.1,0.7,3.39,80.54
2019-12-28,6.67,-1.37,2.03,0.13,4.9,0.7,4.19,81.61
2019-12-29,6.28,-1.95,1.28,0.16,4.63,0.7,6.04,80.8
2019-12-30,6.18,-1.95,1.73,0.35,3.51,0.7,10.63,82.67
2019-12-31,5.62,-4.64,-0.7,0.02,8.13,0.69,4.58,75.54
2020-01-01,8.59,-1.83,2.23,0.18,6.78,0.69,5.1,72.06
2020-01-02,6.16,-3.24,-0.02,0.06,7.68,0.69,5.46,76.69
2020-01-03,4.8,-3.56,-0.49,0.01,7.95,0.69,2.96,80.29
2020-01-04,10.56,-2.48,2.2,0.0,8.63,0.69,2.69,65.71
2020-01-05,4.85,0.12,2.13,0.58,3.21,0.69,5.27,86.27
2020-01-06,3.72,0.25,1.81,0.85,2.59,0.69,12.04,78.37
2020-01-07,2.4,-4.01,-0.58,1.11,2.75,0.69,10.02,68.92
2020-01-08,3.3,-5.02,-2.35,0.03,8.09,0.69,6.19,72.67
2020-01-09,5.9,-4.11,0.26,0.03,8.58,0.69,2.63,67.78
2020-01-10,8.41,0.11,3.18,0.0,9.03,0.69,1.19,62.37
2020-01-11,11.63,0.41,4.36,0.04,8.95,0.69,1.89,77.95
2020-01-12,9.65,-0.37,3.77,0.83,3.7,0.69,3.66,89.48
2020-01-13,9.1,-1.64,2.59,0.0,9.4,0.69,2.13,83.77
2020-01-14,9.67,-1.12,3.04,0.0,7.71,0.69,1.44,82.71
2020-01-15,9.92,-0.37,2.66,0.0,6.76,0.69,3.04,91.57
2020-01-16,10.29,1.19,4.33,0.0,3.13,0.69,4.59,87.8
2020-01-17,7.24,-0.7,2.74,0.03,3.77,0.69,6.04,85.8
2020-01-18,8.5,-1.22,2.1,0.05,4.28,0.69,5.1,85.41
2020-01-19,7.73,-0.56,2.68,0.03,4.35,0.69,4.41,83.7
2020-01-20,5.47,-4.04,0.13,0.04,7.82,0.69,5.42,78.33
2020-01-21,4.88,-4.48,-1.14,0.0,6.66,0.69,3.29,81.52
2020-01-22,6.81,-4.14,0.05,0.0,10.15,0.69,2.65,79.47
2020-01-23,8.49,-3.06,1.21,0.0,8.37,0.69,4.78,68.18
2020-01-24,7.43,-4.13,0.16,0.0,10.78,0.69,2.86,75.71
2020-01-25,13.31,-1.11,4.36,0.0,10.5,0.69,3.91,89.34
2020-01-26,15.82,3.02,8.16,0.1,9.47,0.68,2.92,88.35
2020-01-27,15.23,8.12,10.57,13.09,3.43,0.69,4.52,93.24
2020-01-28,12.53,4.58,7.71,1.21,7.52,0.71,3.43,81.34
2020-01-29,16.78,4.67,9.43,0.81,8.12,0.7,4.91,85.15
2020-01-30,10.78,-0.05,5.1,1.78,8.36,0.71,5.12,74.22
2020-01-31,11.85,-2.66,4.3,0.0,10.72,0.7,4.15,73.84
2020-02-01,17.4,5.06,9.92,0.0,10.18,0.7,3.93,75.55
2020-02-02,19.02,5.68,11.0,0.0,10.09,0.7,4.6,85.98
2020-02-03,15.78,7.77,11.31,0.05,4.27,0.7,5.58,89.19
2020-02-04,17.35,4.49,11.07,0.25,7.97,0.7,5.42,80.09
2020-02-05,12.41,1.61,6.86,19.54,3.2,0.72,5.96,91.91
2020-02-06,2.25,-3.01,0.22,1.19,4.48,0.73,6.85,78.74
2020-02-07,6.85,-4.89,0.7,1.84,9.59,0.72,4.08,75.74
2020-02-08,2.8,-6.99,-2.19,0.05,8.95,0.72,4.03,65.43
2020-02-09,5.9,-5.43,-1.03,0.0,11.18,0.72,1.69,68.2
2020-02-10,13.09,-2.72,5.18,0.0,7.27,0.72,5.16,82.45
2020-02-11,17.06,4.36,9.72,2.32,9.1,0.72,4.32,80.66
2020-02-12,13.89,0.95,6.43,0.17,7.24,0.72,2.57,65.17
2020-02-13,12.5,0.82,5.71,0.0,14.08,0.72,2.78,63.37
2020-02-14,10.16,-1.53,4.41,0.02,9.1,0.72,3.17,76.81
2020-02-15,13.34,2.06,7.31,1.48,7.57,0.72,4.55,75.19
2020-02-16,11.81,-1.06,4.09,0.0,10.62,0.72,4.37,80.84
2020-02-17,11.88,-1.16,4.29,0.0,14.88,0.71,2.0,78.39
2020-02-18,14.79,0.5,6.88,0.0,14.97,0.71,1.2,64.4
2020-02-19,13.27,1.94,7.31,0.01,8.35,0.71,2.83,78.92
2020-02-20,7.97,3.98,5.26,1.74,5.52,0.71,4.01,89.75
2020-02-21,10.52,1.78,5.54,0.15,6.23,0.71,5.52,80.45
2020-02-22,9.25,0.74,4.27,0.0,7.7,0.71,4.18,82.38
2020-02-23,11.31,-2.41,4.27,0.0,15.57,0.71,2.56,74.27
2020-02-24,19.37,3.13,9.56,0.0,10.91,0.71,6.7,67.36
2020-02-25,14.82,0.16,7.11,0.0,16.1,0.71,4.26,73.09
2020-02-26,17.74,6.16,11.76,0.41,12.75,0.71,8.22,83.73
2020-02-27,17.86,4.71,12.4,6.63,7.58,0.71,8.82,74.48
2020-02-28,11.69,0.44,5.63,4.84,11.55,0.71,3.1,74.61
2020-02-29,10.52,0.53,4.87,3.89,7.27,0.72,6.2,78.5
2020-03-01,13.79,-0.27,5.96,0.0,15.69,0.72,3.5,81.12
2020-03-02,17.7,3.3,9.83,0.0,14.05,0.72,5.98,84.21
2020-03-03,20.33,8.13,13.08,0.04,15.9,0.72,6.76,80.26
2020-03-04,17.64,7.69,11.98,0.98,11.37,0.71,5.02,84.11
2020-03-05,13.57,5.31,10.33,4.38,6.68,0.72,3.64,85.74
2020-03-06,16.2,3.58,9.82,0.43,11.02,0.72,3.92,76.87
2020-03-07,19.23,8.53,12.8,0.03,14.34,0.72,6.14,83.82
2020-03-08,17.73,9.11,13.05,0.34,10.65,0.71,4.61,87.82
2020-03-09,19.29,8.23,12.87,0.0,14.96,0.71,3.06,78.45
2020-03-10,13.85,7.7,10.2,2.71,4.34,0.71,4.52,81.79
2020-03-11,17.04,7.69,11.35,0.66,16.49,0.71,2.16,74.1
2020-03-12,19.91,5.57,11.55,0.0,18.54,0.71,3.47,71.78
2020-03-13,21.07,3.03,10.99,0.0,19.85,0.71,2.6,72.29
2020-03-14,17.02,5.54,10.7,0.04,16.34,0.7,5.27,78.51
2020-03-15,8.03,3.03,5.57,9.48,3.37,0.71,7.17,81.53
2020-03-16,9.84,-2.37,3.55,0.0,16.34,0.72,6.21,64.06
2020-03-17,12.5,-4.22,3.73,0.0,21.2,0.71,2.39,65.12
2020-03-18,12.16,-3.04,3.87,0.01,16.57,0.71,4.38,72.37
2020-03-19,14.59,-1.9,5.43,0.0,20.62,0.71,3.98,64.9
2020-03-20,18.14,0.03,8.56,0.0,17.46,0.71,2.47,64.4
2020-03-21,18.41,4.42,10.34,0.0,20.7,0.7,2.27,63.7
2020-03-22,19.46,4.66,10.49,0.91,15.73,0.7,3.78,75.96
2020-03-23,10.87,5.57,7.3,1.88,5.37,0.7,6.17,82.68
2020-03-24,10.25,3.52,6.39,6.92,3.22,0.71,8.0,80.16
2020-03-25,10.69,3.66,6.26,0.39,4.29,0.71,7.56,77.44
2020-03-26,11.49,5.41,7.53,0.0,10.14,0.71,8.06,77.62
2020-03-27,16.4,5.45,9.73,0.01,14.95,0.71,5.76,73.25
2020-03-28,14.32,2.19,8.56,0.9,13.1,0.7,2.48,75.56
2020-03-29,14.34,6.96,10.03,2.08,9.3,0.71,3.47,79.72
2020-03-30,19.62,5.63,12.67,0.0,19.25,0.7,2.67,60.97
2020-03-31,14.46,2.73,8.49,0.06,14.62,0.7,6.38,71.87
2020-04-01,10.8,1.85,5.72,0.18,6.54,0.7,6.22,73.16
2020-04-02,9.61,2.49,5.06,13.07,2.51,0.71,6.87,84.66
2020-04-03,13.56,-1.37,6.24,0.01,19.76,0.72,2.47,75.65
2020-04-04,11.04,4.23,7.33,14.19,5.83,0.72,5.29,87.69
2020-04-05,10.4,6.46,8.21,18.09,2.72,0.75,11.27,81.96
2020-04-06,13.37,4.76,8.84,0.44,7.92,0.76,11.04,57.82
2020-04-07,14.31,3.76,8.39,0.01,25.11,0.75,9.95,53.32
2020-04-08,14.64,0.77,7.3,0.0,25.29,0.74,7.16,66.41
2020-04-09,18.34,-0.51,8.75,0.0,25.82,0.73,4.63,62.32
2020-04-10,22.81,2.37,12.77,0.0,23.91,0.73,2.62,57.04
2020-04-11,22.38,5.51,13.03,0.0,22.7,0.72,2.74,59.77
2020-04-12,17.61,3.64,10.0,0.0,24.89,0.72,4.18,60.96
2020-04-13,19.62,2.29,10.76,0.0,25.14,0.71,2.97,66.53
2020-04-14,23.01,7.24,14.28,1.95,20.85,0.71,5.51,66.97
2020-04-15,11.11,1.2,6.21,8.33,5.42,0.72,5.91,80.54
2020-04-16,17.45,-0.81,8.4,0.0,26.22,0.72,2.77,66.9
2020-04-17,22.45,3.12,12.69,0.0,24.98,0.72,2.9,71.76
2020-04-18,25.23,8.43,16.52,0.0,25.51,0.71,2.43,64.19
2020-04-19,25.34,8.81,16.42,0.0,23.4,0.7,3.77,66.35
2020-04-20,16.35,7.74,11.92,0.01,18.07,0.7,5.53,77.6
2020-04-21,12.71,6.09,8.74,0.34,6.58,0.7,5.28,69.65
2020-04-22,14.42,2.93,8.66,0.02,20.92,0.7,5.44,61.94
2020-04-23,16.79,1.46,8.67,0.0,26.93,0.69,5.46,64.85
2020-04-24,18.49,1.63,9.37,0.0,28.24,0.69,4.46,62.88
2020-04-25,21.45,2.32,11.57,0.0,28.61,0.69,2.16,62.43
2020-04-26,21.95,7.56,14.89,9.5,22.33,0.69,2.58,74.43
2020-04-27,22.55,8.32,15.14,0.1,20.55,0.7,2.29,70.09
2020-04-28,23.01,8.59,15.55,0.0,24.55,0.69,2.68,68.01
2020-04-29,24.39,10.32,16.6,0.04,23.28,0.69,3.61,70.07
2020-04-30,21.73,10.42,16.98,4.22,16.43,0.69,2.12,75.0
2020-05-01,23.99,13.4,18.44,0.66,23.81,0.69,2.05,67.5
2020-05-02,23.33,12.92,17.81,1.68,21.06,0.68,2.26,70.8
2020-05-03,19.63,10.38,14.63,13.18,6.88,0.7,2.63,82.8
2020-05-04,15.47,9.27,12.32,20.62,4.98,0.72,5.17,88.51
2020-05-05,20.76,9.05,14.87,0.75,19.24,0.73,3.33,76.18
2020-05-06,22.77,9.01,14.8,8.53,20.48,0.72,4.42,76.8
2020-05-07,19.82,4.94,12.85,0.16,24.21,0.73,3.5,67.01
2020-05-08,20.32,8.17,14.12,0.0,20.88,0.72,3.35,68.98
2020-05-09,22.87,6.82,15.2,0.0,28.84,0.71,2.74,68.6
2020-05-10,25.98,9.71,17.91,0.0,28.2,0.7,2.82,61.77
2020-05-11,27.3,12.2,19.38,0.0,25.38,0.69,4.96,59.25
2020-05-12,27.6,13.47,20.54,0.02,27.4,0.69,6.44,64.79
2020-05-13,25.14,11.5,18.76,0.06,26.14,0.68,4.62,63.55
2020-05-14,30.83,9.7,19.82,0.0,21.52,0.68,2.1,68.87
2020-05-15,32.26,15.58,22.29,0.0,24.06,0.67,4.26,64.58
2020-05-16,30.62,16.34,22.77,0.0,18.32,0.67,3.14,63.02
2020-05-17,31.4,14.98,23.06,0.0,21.08,0.66,2.99,61.19
2020-05-18,26.71,15.48,21.36,0.0,23.09,0.66,5.48,62.04
2020-05-19,28.47,13.85,20.5,0.0,22.13,0.66,4.38,54.96
2020-05-20,31.96,14.83,21.37,0.0,23.77,0.65,3.6,54.84
2020-05-21,25.49,11.14,17.8,1.5,12.81,0.65,6.54,67.71
2020-05-22,21.9,8.84,15.35,0.83,24.19,0.65,4.67,59.4
2020-05-23,20.23,8.5,14.2,0.39,23.21,0.65,4.48,56.86
2020-05-24,25.31,6.84,16.75,1.53,28.56,0.65,3.57,58.26
2020-05-25,22.96,11.94,17.04,0.75,19.9,0.65,3.55,64.51
2020-05-26,19.71,9.17,14.88,7.15,18.28,0.65,2.6,68.76
2020-05-27,20.07,9.61,14.67,3.34,16.81,0.66,5.13,71.46
2020-05-28,21.11,9.7,15.46,3.84,17.91,0.66,2.87,71.49
2020-05-29,18.43,9.27,14.37,2.95,18.39,0.66,2.35,73.08
2020-05-30,22.52,11.19,17.15,2.43,21.36,0.66,2.76,67.05
2020-05-31,22.61,11.12,17.2,0.89,22.34,0.66,3.83,72.09
2020-06-01,21.9,12.89,16.76,2.6,14.43,0.66,2.12,72.56
2020-06-02,21.03,10.96,16.17,6.16,19.03,0.66,2.62,71.15
2020-06-03,22.89,10.89,16.76,0.46,20.96,0.67,1.87,65.85
2020-06-04,25.26,10.53,18.52,1.8,25.44,0.66,4.23,66.36
2020-06-05,28.86,13.65,20.71,0.0,29.22,0.66,5.99,65.37
2020-06-06,31.09,12.59,22.03,0.0,24.73,0.65,3.19,57.13
2020-06-07,27.61,16.37,21.82,0.0,28.38,0.65,2.77,59.89
2020-06-08,31.5,14.55,23.14,0.0,25.13,0.64,2.94,64.67
2020-06-09,32.33,17.31,24.91,0.02,27.55,0.64,2.03,61.03
2020-06-10,33.72,17.7,24.8,1.63,24.77,0.64,2.79,57.45
2020-06-11,26.48,16.56,21.68,9.78,20.23,0.64,2.41,72.72
2020-06-12,23.82,15.24,19.52,1.31,24.36,0.65,2.68,75.29
2020-06-13,26.61,13.64,20.78,0.86,24.19,0.65,2.02,70.81
2020-06-14,27.66,17.15,21.86,8.34,21.25,0.65,2.4,78.27
2020-06-15,29.51,17.56,23.58,3.89,22.16,0.66,3.26,72.68
2020-06-16,28.34,17.59,22.99,5.18,21.3,0.66,2.7,71.46
2020-06-17,25.66,16.51,21.69,1.79,22.06,0.66,1.86,74.2
2020-06-18,26.22,17.77,22.17,8.22,21.33,0.67,1.45,72.23
2020-06-19,28.92,17.84,23.42,0.53,24.38,0.67,3.27,65.83
2020-06-20,30.37,16.33,23.77,3.44,28.36,0.66,3.89,61.36
2020-06-21,27.47,18.16,22.41,3.34,18.46,0.66,3.04,66.89
2020-06-22,26.7,16.27,22.04,1.86,21.58,0.66,1.9,65.71
2020-06-23,26.46,17.66,22.18,3.39,18.04,0.66,1.79,68.9
2020-06-24,28.91,17.46,23.05,1.14,23.26,0.66,2.08,65.31
2020-06-25,30.77,16.89,24.08,2.12,26.51,0.65,3.83,66.01
2020-06-26,29.98,18.1,23.57,0.01,23.66,0.65,5.56,65.89
2020-06-27,31.11,17.02,23.6,0.0,30.27,0.65,5.03,59.39
2020-06-28,32.95,15.82,24.37,0.0,30.94,0.64,4.0,56.91
2020-06-29,34.38,16.22,25.41,0.0,30.7,0.64,2.82,51.54
2020-06-30,36.42,19.15,27.66,0.6,28.93,0.63,1.9,51.85
2020-07-01,35.82,19.52,27.5,0.51,29.46,0.63,3.32,53.25
2020-07-02,34.88,19.87,27.01,0.0,28.74,0.62,3.97,62.57
2020-07-03,36.16,18.31,27.14,0.0,30.51,0.62,2.76,57.53
2020-07-04,36.83,19.06,27.81,0.0,28.83,0.62,2.51,57.84
2020-07-05,36.03,20.05,27.9,0.0,28.8,0.61,4.26,55.42
2020-07-06,36.21,20.78,28.22,0.01,28.39,0.61,5.5,55.31
2020-07-07,37.37,21.42,28.74,0.08,20.26,0.61,4.57,54.97
2020-07-08,28.69,17.83,22.38,0.0,24.74,0.61,5.44,54.39
2020-07-09,31.08,15.46,23.2,0.0,27.77,0.61,4.85,51.46
2020-07-10,31.34,16.09,23.57,0.0,28.66,0.61,5.72,55.99
2020-07-11,32.67,17.36,24.8,0.0,28.39,0.6,5.56,57.95
2020-07-12,35.07,16.77,25.94,0.0,30.06,0.6,3.96,50.79
2020-07-13,30.67,18.65,23.5,0.0,25.27,0.6,5.69,51.2
2020-07-14,29.02,15.87,22.05,0.0,29.07,0.6,5.31,43.84
2020-07-15,30.57,13.52,22.24,0.0,29.35,0.6,3.95,46.69
2020-07-16,32.98,14.92,23.79,0.0,29.24,0.6,3.05,48.71
2020-07-17,33.59,16.22,24.75,0.0,28.9,0.6,3.41,48.99
2020-07-18,32.88,16.97,24.98,0.0,28.74,0.6,4.75,51.97
2020-07-19,35.33,17.47,26.64,0.0,26.45,0.6,3.35,53.5
2020-07-20,34.34,19.58,26.69,0.78,24.28,0.6,3.76,51.4
2020-07-21,34.73,17.85,26.41,0.45,27.85,0.6,3.76,45.46
2020-07-22,34.74,19.03,26.63,0.0,28.69,0.6,5.23,48.92
2020-07-23,34.66,19.0,26.47,0.0,28.77,0.6,5.72,54.83
2020-07-24,33.99,19.06,26.19,0.0,28.36,0.6,5.55,53.99
2020-07-25,34.11,17.95,25.8,0.0,28.1,0.6,4.73,51.32
2020-07-26,36.32,18.43,27.74,0.0,28.09,0.6,2.81,46.23
2020-07-27,35.93,20.63,27.94,0.01,23.9,0.6,3.24,41.17
2020-07-28,36.22,21.22,28.59,0.0,26.38,0.6,3.91,42.32
2020-07-29,38.7,20.85,29.81,0.0,27.87,0.6,3.28,36.99
2020-07-30,38.35,21.29,29.64,0.0,28.42,0.6,4.22,41.23
2020-07-31,39.71,20.64,30.18,0.0,28.34,0.6,3.24,44.03
2020-08-01,35.36,22.59,28.56,0.21,24.74,0.6,4.92,49.52
2020-08-02,34.3,21.62,26.79,0.14,21.07,0.6,4.47,50.87
2020-08-03,32.56,19.64,25.41,0.0,28.1,0.6,4.9,49.43
2020-08-04,34.44,17.53,25.53,0.0,27.7,0.6,4.17,53.03
2020-08-05,33.87,18.12,25.69,0.0,26.41,0.6,4.41,53.11
2020-08-06,34.51,18.71,26.19,0.0,26.0,0.6,5.55,55.75
2020-08-07,36.46,20.08,27.79,0.0,26.63,0.59,6.04,55.12
2020-08-08,35.29,22.53,28.8,0.0,14.99,0.59,7.39,48.69
2020-08-09,34.07,22.01,27.56,0.01,21.27,0.59,7.1,48.18
2020-08-10,35.02,20.26,27.0,0.0,25.06,0.59,5.31,41.77
2020-08-11,36.1,18.6,27.17,2.34,26.32,0.6,3.48,45.48
2020-08-12,36.63,20.37,28.22,0.41,24.71,0.6,2.08,38.76
2020-08-13,34.46,20.3,27.06,0.37,19.31,0.6,3.99,49.14
2020-08-14,34.67,19.4,26.54,0.0,26.13,0.6,3.39,49.37
2020-08-15,34.12,19.91,26.14,0.0,25.71,0.6,4.46,46.39
2020-08-16,31.4,20.06,24.75,0.05,18.23,0.6,4.68,48.54
2020-08-17,31.61,17.75,24.32,0.0,22.93,0.6,4.83,50.5
2020-08-18,33.23,16.65,24.57,0.0,25.56,0.6,3.64,53.75
2020-08-19,34.8,17.78,26.18,0.74,25.14,0.6,1.54,52.31
2020-08-20,33.45,19.67,25.92,2.78,18.4,0.6,3.59,53.36
2020-08-21,34.87,19.19,26.42,0.0,23.84,0.6,4.64,46.73
2020-08-22,36.74,19.38,28.03,0.0,23.03,0.6,3.17,42.57
2020-08-23,35.47,19.99,27.1,0.0,23.13,0.6,3.62,53.58
2020-08-24,33.92,19.76,26.06,0.0,23.31,0.6,4.33,59.54
2020-08-25,35.12,17.94,26.25,0.36,24.69,0.6,3.07,50.92
2020-08-26,34.03,20.36,26.64,0.0,22.24,0.6,3.14,52.36
2020-08-27,34.88,19.24,26.94,0.0,23.77,0.6,2.28,54.89
2020-08-28,37.52,20.92,28.51,0.0,24.7,0.6,2.14,44.05
2020-08-29,35.93,19.41,26.9,0.0,24.68,0.6,4.89,56.47
2020-08-30,38.48,18.78,27.81,0.0,23.5,0.6,3.55,56.73
2020-08-31,37.74,19.04,27.12,0.0,23.84,0.6,3.46,56.29
2020-09-01,37.27,17.19,26.65,0.0,24.05,0.6,2.76,51.8
2020-09-02,37.96,18.17,27.69,0.0,23.71,0.59,2.7,51.03
2020-09-03,37.93,19.62,28.2,0.0,22.41,0.59,2.42,49.82
2020-09-04,29.21,18.08,24.07,0.99,14.76,0.6,6.17,53.95
2020-09-05,31.07,16.29,23.11,0.0,22.56,0.6,4.19,48.88
2020-09-06,33.04,16.11,24.48,0.0,22.31,0.6,3.32,40.4
2020-09-07,34.86,17.19,25.76,0.0,22.28,0.6,3.36,48.17
2020-09-08,34.1,17.97,25.57,0.0,21.83,0.59,4.77,56.29
2020-09-09,32.54,19.0,24.63,0.0,20.8,0.59,5.78,62.53
2020-09-10,32.42,16.1,23.22,0.0,22.27,0.59,4.76,58.27
2020-09-11,31.59,16.23,23.0,0.0,21.06,0.59,5.51,61.8
2020-09-12,32.55,17.05,23.98,0.0,20.69,0.59,6.05,61.48
2020-09-13,28.15,18.4,23.7,0.17,12.52,0.59,6.27,61.35
2020-09-14,31.58,18.29,24.02,0.04,14.59,0.59,6.54,48.15
2020-09-15,32.49,17.58,24.03,0.0,19.88,0.59,6.5,57.49
2020-09-16,30.52,17.66,23.21,0.0,18.95,0.59,6.3,62.99
2020-09-17,32.34,17.5,23.9,0.0,19.55,0.59,3.91,60.06
2020-09-18,29.11,18.37,22.76,0.0,13.61,0.59,5.15,64.2
2020-09-19,26.5,13.65,19.94,0.0,19.0,0.59,6.14,48.09
2020-09-20,26.67,11.97,18.99,0.04,11.84,0.59,5.48,57.85
2020-09-21,27.8,16.69,21.25,0.11,14.65,0.59,5.43,58.65
2020-09-22,29.61,14.3,21.3,0.0,18.26,0.59,3.9,56.11
2020-09-23,30.35,15.09,22.11,0.0,18.72,0.59,2.14,57.6
2020-09-24,30.93,16.45,23.13,0.49,17.63,0.59,2.79,59.84
2020-09-25,31.45,18.69,24.31,0.0,17.63,0.59,2.88,53.62
2020-09-26,30.71,18.24,23.97,3.81,11.59,0.59,7.37,61.01
2020-09-27,28.79,16.09,21.8,0.0,19.16,0.6,4.4,43.43
2020-09-28,29.98,15.2,22.08,0.19,16.82,0.6,3.62,50.42
2020-09-29,28.91,16.39,22.25,3.77,15.05,0.6,4.02,66.99
2020-09-30,23.49,12.71,17.57,0.02,14.78,0.61,3.81,54.96
2020-10-01,25.33,11.48,18.27,0.0,14.25,0.61,3.25,50.42
2020-10-02,28.03,12.75,19.78,0.0,16.69,0.6,3.35,66.93
2020-10-03,29.33,14.34,21.38,0.0,16.25,0.6,3.1,69.22
2020-10-04,31.9,15.41,22.82,0.0,16.43,0.6,3.58,63.44
2020-10-05,32.47,18.72,23.81,0.0,14.25,0.6,3.12,60.37
2020-10-06,34.13,18.76,24.54,0.01,13.66,0.6,2.71,63.8
2020-10-07,31.44,18.09,23.91,0.52,14.56,0.6,3.48,54.97
2020-10-08,21.14,15.41,19.26,38.96,2.2,0.64,4.11,82.62
2020-10-09,17.69,13.11,15.05,0.63,7.32,0.67,3.66,82.38
2020-10-10,23.31,12.19,17.67,0.0,11.35,0.66,2.11,76.75
2020-10-11,25.52,13.0,18.63,0.0,15.06,0.66,1.91,74.7
2020-10-12,25.55,12.64,18.16,0.13,15.16,0.65,2.93,77.22
2020-10-13,23.22,14.65,18.25,15.32,7.6,0.67,6.48,80.6
2020-10-14,24.8,12.86,17.7,0.33,13.93,0.67,3.96,76.12
2020-10-15,24.82,12.39,17.28,0.2,14.75,0.67,3.14,82.62
2020-10-16,23.13,13.63,17.65,0.01,14.5,0.67,4.11,83.73
2020-10-17,23.34,14.33,18.02,1.64,6.54,0.67,2.8,81.48
2020-10-18,19.74,10.27,14.4,0.33,11.62,0.66,3.89,67.93
2020-10-19,18.92,6.84,12.23,0.0,14.02,0.66,4.03,60.94
2020-10-20,19.9,8.79,13.6,0.49,6.14,0.66,5.02,70.61
2020-10-21,20.62,10.67,14.79,0.02,10.53,0.66,5.35,76.94
2020-10-22,23.49,10.07,15.9,0.0,13.14,0.66,2.46,80.4
2020-10-23,25.44,11.7,17.45,0.0,13.4,0.66,1.12,73.9
2020-10-24,26.43,13.71,18.17,0.0,13.24,0.65,1.77,62.27
2020-10-25,22.91,12.67,16.99,0.12,10.01,0.65,1.51,71.67
2020-10-26,21.77,10.63,16.2,0.03,11.36,0.65,2.15,72.47
2020-10-27,21.72,9.84,15.75,0.01,9.63,0.65,1.93,78.53
2020-10-28,21.04,11.73,15.83,0.91,6.71,0.65,3.54,87.11
2020-10-29,18.64,10.73,14.97,15.17,5.54,0.67,3.09,90.43
2020-10-30,16.67,8.21,11.91,8.37,2.63,0.69,3.38,82.36
2020-10-31,17.41,5.31,11.36,6.22,11.16,0.69,3.63,75.32
2020-11-01,16.16,4.4,10.06,0.03,12.52,0.69,3.15,68.74
2020-11-02,17.98,6.11,11.08,0.0,12.86,0.69,1.48,62.82
2020-11-03,18.18,9.01,12.2,0.13,4.64,0.68,2.46,81.3
2020-11-04,16.38,7.15,11.04,0.14,10.2,0.68,4.69,77.95
2020-11-05,16.31,5.59,10.71,0.12,6.0,0.68,6.24,80.98
2020-11-06,13.17,5.44,9.35,0.01,7.88,0.68,5.78,79.77
2020-11-07,15.54,4.71,9.35,0.01,6.53,0.68,4.5,84.09
2020-11-08,17.99,6.56,11.11,0.0,4.86,0.68,4.74,83.13
2020-11-09,18.19,10.69,13.27,0.0,6.63,0.68,4.6,81.91
2020-11-10,13.98,10.59,11.92,0.3,3.91,0.68,6.51,82.55
2020-11-11,15.13,7.57,10.65,0.53,6.31,0.68,5.86,82.64
2020-11-12,15.13,6.98,10.22,0.19,5.94,0.67,3.91,84.42
2020-11-13,15.8,6.65,10.35,0.59,3.85,0.67,2.47,82.65
2020-11-14,14.57,5.13,9.02,0.41,6.64,0.67,3.21,85.55
2020-11-15,13.86,3.46,7.4,0.01,8.69,0.67,2.57,84.46
2020-11-16,15.25,3.4,8.89,0.0,10.31,0.67,1.41,79.03
2020-11-17,16.37,5.68,9.62,0.0,9.55,0.67,1.98,84.53
2020-11-18,11.77,5.58,8.72,0.62,3.51,0.67,3.99,93.78
2020-11-19,12.54,5.41,8.33,0.44,4.83,0.67,6.5,79.92
2020-11-20,13.17,6.1,8.71,0.0,5.44,0.67,5.57,75.97
2020-11-21,11.15,3.01,6.25,0.01,5.57,0.67,6.01,78.64
2020-11-22,11.32,1.5,5.0,0.02,8.52,0.67,4.71,79.71
2020-11-23,13.05,0.21,6.01,0.0,9.97,0.67,1.89,79.0
2020-11-24,11.71,-0.64,5.27,0.0,7.65,0.67,4.18,80.68
2020-11-25,11.57,1.02,4.49,0.0,7.03,0.67,5.08,82.09
2020-11-26,12.67,-0.18,4.51,0.0,9.58,0.67,3.03,81.01
2020-11-27,13.56,1.73,6.63,0.0,9.71,0.67,1.6,83.5
2020-11-28,14.09,2.42,6.63,0.01,8.98,0.67,2.12,80.18
2020-11-29,13.08,5.54,9.02,0.37,6.61,0.67,2.72,93.69
2020-11-30,9.32,0.73,5.31,2.48,5.35,0.67,5.65,86.37
2020-12-01,5.48,-3.11,0.66,0.41,3.44,0.67,5.16,78.75
2020-12-02,5.89,-3.6,0.17,0.0,5.82,0.67,2.76,84.11
2020-12-03,7.37,-0.4,3.4,0.01,3.04,0.67,2.61,93.93
2020-12-04,15.91,5.65,9.04,0.01,7.42,0.67,3.15,89.51
2020-12-05,17.32,6.18,10.46,0.0,7.15,0.67,3.16,89.56
2020-12-06,13.98,7.36,9.77,0.18,4.1,0.67,4.51,88.94
2020-12-07,10.88,6.29,8.35,10.22,4.57,0.67,5.8,92.0
2020-12-08,12.04,1.24,7.2,0.5,6.2,0.69,3.38,86.99
2020-12-09,14.0,1.15,8.04,4.73,5.08,0.68,4.5,88.22
2020-12-10,15.1,10.59,12.4,8.22,3.42,0.7,7.62,86.99
2020-12-11,15.88,7.58,11.14,3.08,6.51,0.71,5.75,81.78
2020-12-12,14.26,8.07,10.44,14.19,2.33,0.72,4.96,93.78
2020-12-13,13.27,7.09,9.87,11.13,1.54,0.73,3.46,96.23
2020-12-14,8.81,5.41,6.78,9.34,1.4,0.75,8.55,87.05
2020-12-15,9.72,1.66,5.1,2.7,4.09,0.75,6.29,85.78
2020-12-16,7.95,1.91,4.66,0.0,3.84,0.75,3.05,91.63
2020-12-17,10.64,5.14,7.06,0.01,3.83,0.74,1.94,88.9
2020-12-18,10.31,0.38,5.12,0.0,6.34,0.74,2.56,88.16
2020-12-19,8.85,0.23,3.52,0.0,5.54,0.74,2.43,89.1
2020-12-20,10.19,1.28,4.79,0.0,3.65,0.74,3.25,88.6
2020-12-21,8.94,0.91,4.34,0.01,3.9,0.74,3.41,89.06
2020-12-22,8.84,0.11,3.19,0.01,4.78,0.74,2.36,87.84
2020-12-23,8.88,0.91,3.85,0.01,3.02,0.74,1.46,90.67
2020-12-24,14.39,2.22,7.73,0.0,4.32,0.74,3.29,94.76
2020-12-25,16.71,8.32,12.04,0.0,4.86,0.74,6.26,90.53
2020-12-26,17.67,9.58,12.67,0.14,3.63,0.74,5.53,92.62
2020-12-27,13.58,10.92,11.84,7.75,2.74,0.74,5.37,94.21
2020-12-28,15.0,8.33,11.2,12.02,3.89,0.77,6.46,89.41
2020-12-29,15.89,8.55,11.59,0.01,4.89,0.76,7.76,86.8
2020-12-30,16.6,9.21,11.7,0.09,7.23,0.76,6.49,89.43
2020-12-31,16.29,8.73,11.89,4.92,6.13,0.76,6.56,89.32
2021-01-01,15.03,5.02,9.97,1.37,7.39,0.77,3.25,84.49
2021-01-02,14.19,4.68,8.2,0.01,8.09,0.76,2.59,90.53
2021-01-03,11.2,6.29,8.82,0.92,4.51,0.76,3.64,96.77
2021-01-04,14.02,6.95,9.72,4.81,6.83,0.76,4.75,84.71
2021-01-05,14.75,4.91,9.87,3.42,7.55,0.77,4.46,86.95
2021-01-06,15.13,4.9,9.46,0.0,6.36,0.77,4.37,88.87
2021-01-07,16.36,9.41,11.74,0.31,5.62,0.77,5.95,90.19
2021-01-08,17.74,11.79,14.05,1.36,5.41,0.77,8.36,91.37
2021-01-09,14.55,3.72,8.28,15.48,1.3,0.78,6.99,87.51
2021-01-10,7.29,4.02,5.78,18.25,2.21,0.81,4.68,91.27
2021-01-11,15.04,8.05,12.1,9.81,2.62,0.82,3.4,98.59
2021-01-12,12.05,1.93,9.17,81.38,1.58,0.87,3.79,96.4
2021-01-13,6.6,-1.19,2.75,0.41,4.8,0.88,3.85,87.36
2021-01-14,5.65,-0.12,2.25,0.14,7.74,0.87,3.22,75.5
2021-01-15,5.02,-4.04,0.11,0.25,8.18,0.87,3.3,78.05
2021-01-16,1.97,-3.7,-1.0,0.23,2.23,0.86,4.37,83.53
2021-01-17,-0.74,-5.42,-3.63,0.13,7.35,0.86,4.56,75.87
2021-01-18,1.41,-5.99,-3.18,0.02,10.28,0.86,2.29,72.45
2021-01-19,1.68,-7.09,-3.16,0.0,9.04,0.86,2.71,75.03
2021-01-20,7.4,-5.57,-0.22,0.0,7.57,0.86,3.07,83.23
2021-01-21,9.28,-0.23,3.37,0.02,8.22,0.86,3.88,96.54
2021-01-22,14.4,2.74,8.31,0.1,6.75,0.86,5.55,93.47
2021-01-23,14.08,8.42,10.71,1.86,4.33,0.86,7.86,88.93
2021-01-24,14.82,8.69,10.92,8.01,8.78,0.87,7.56,85.25
2021-01-25,14.27,6.49,10.35,7.41,3.34,0.88,7.53,87.5
2021-01-26,13.79,2.93,9.98,26.91,4.04,0.88,6.95,84.76
2021-01-27,1.95,-2.27,0.13,19.02,1.65,0.9,8.73,88.27
2021-01-28,2.46,-6.98,-3.26,0.0,8.52,0.9,3.11,90.95
2021-01-29,7.02,-6.65,0.59,0.03,8.72,0.9,3.9,89.95
2021-01-30,10.03,1.48,6.07,10.27,2.44,0.92,5.22,95.56
2021-01-31,13.8,0.89,7.0,0.23,10.3,0.92,5.22,90.63
2021-02-01,16.02,8.08,12.25,49.12,2.36,0.93,7.93,94.44
2021-02-02,15.39,8.3,11.24,1.37,8.04,0.95,3.64,95.02
2021-02-03,15.87,6.9,10.6,0.0,9.38,0.94,1.72,90.43
2021-02-04,16.88,6.42,10.45,0.01,10.84,0.94,3.46,88.52
2021-02-05,16.36,4.35,9.41,0.01,11.19,0.94,2.45,81.91
2021-02-06,16.94,5.38,9.81,0.0,9.59,0.94,3.34,93.43
2021-02-07,17.61,6.67,11.69,0.3,7.09,0.93,4.06,92.7
2021-02-08,18.39,11.97,14.46,9.14,9.55,0.93,9.3,88.4
2021-02-09,17.05,8.84,12.72,1.49,11.24,0.94,6.9,88.13
2021-02-10,16.82,8.65,12.2,0.81,12.82,0.94,5.87,88.5
2021-02-11,16.68,4.84,12.8,8.67,6.84,0.94,8.64,88.07
2021-02-12,2.97,-5.68,-0.87,0.87,12.46,0.94,6.54,70.9
2021-02-13,0.2,-5.67,-2.82,0.78,12.22,0.94,3.53,71.49
2021-02-14,-0.17,-3.62,-2.22,6.97,5.42,0.94,8.2,83.21
2021-02-15,1.35,-4.85,-1.99,0.05,10.68,0.93,6.57,80.84
2021-02-16,-0.45,-8.3,-4.31,0.2,13.57,0.93,6.59,78.82
2021-02-17,1.46,-10.48,-4.59,0.0,14.66,0.93,3.43,79.81
2021-02-18,7.75,-2.64,2.12,0.64,4.25,0.94,3.4,88.37
2021-02-19,5.36,-0.77,1.41,0.5,6.36,0.94,2.92,87.35
2021-02-20,4.95,-1.02,1.6,0.04,7.34,0.94,2.8,89.96
2021-02-21,8.36,-2.48,1.92,0.01,12.96,0.93,3.45,86.61
2021-02-22,9.56,-1.95,3.53,0.0,15.17,0.93,1.13,84.64
2021-02-23,15.18,0.7,6.73,0.0,15.33,0.93,1.84,83.68
2021-02-24,11.31,1.55,4.92,0.0,9.64,0.93,4.16,89.54
2021-02-25,13.66,2.35,6.36,0.0,14.08,0.93,3.03,88.05
2021-02-26,15.76,2.37,7.55,0.0,15.61,0.92,1.6,85.35
2021-02-27,17.61,3.91,9.55,0.0,15.4,0.92,1.75,82.98
2021-02-28,10.47,3.57,6.54,0.01,11.55,0.92,4.59,78.12
2021-03-01,11.48,-0.53,4.91,0.19,12.88,0.92,3.38,81.83
2021-03-02,8.15,-0.34,3.1,0.07,11.74,0.92,4.4,82.77
2021-03-03,12.98,-2.08,4.49,0.0,16.52,0.91,3.56,83.95
2021-03-04,12.43,1.03,5.18,0.0,17.65,0.91,2.14,88.5
2021-03-05,17.72,4.38,9.87,0.02,16.21,0.91,4.84,87.21
2021-03-06,12.92,1.7,6.97,2.07,5.21,0.91,4.06,88.31
2021-03-07,8.73,-1.29,3.25,0.09,12.98,0.91,2.95,78.61
2021-03-08,11.64,-2.27,4.46,0.0,17.43,0.9,3.51,85.09
2021-03-09,13.71,1.3,6.83,0.0,14.58,0.9,3.43,77.52
2021-03-10,11.52,3.18,6.84,1.08,11.82,0.9,4.95,86.57
2021-03-11,6.84,-3.82,2.76,6.1,8.91,0.9,6.71,84.2
2021-03-12,8.98,-4.79,1.91,0.0,14.2,0.9,3.09,83.02
2021-03-13,14.42,0.13,6.84,0.0,14.56,0.9,3.21,86.95
2021-03-14,16.57,3.91,9.22,0.02,17.74,0.9,2.84,89.41
2021-03-15,16.69,6.1,11.17,6.41,13.96,0.9,4.96,87.15
2021-03-16,11.06,3.81,7.02,1.97,9.49,0.9,4.07,83.21
2021-03-17,8.29,2.95,5.07,1.43,7.16,0.9,5.05,85.05
2021-03-18,8.05,0.97,5.03,0.25,9.61,0.9,2.45,83.12
2021-03-19,7.72,1.32,4.53,3.61,6.01,0.9,2.25,88.76
2021-03-20,8.75,1.22,4.86,1.41,8.9,0.9,3.87,89.75
2021-03-21,4.81,2.56,3.69,9.54,3.22,0.91,6.17,91.58
2021-03-22,8.9,0.98,4.86,7.32,3.13,0.92,4.81,93.31
2021-03-23,7.45,-1.57,2.67,0.48,9.09,0.92,6.27,80.34
2021-03-24,3.27,-3.95,-0.57,0.42,12.79,0.92,4.03,84.34
2021-03-25,7.78,-3.97,1.54,0.03,16.78,0.91,3.44,76.51
2021-03-26,11.04,-2.71,5.11,0.0,14.89,0.91,2.35,67.79
2021-03-27,14.57,0.25,7.17,0.0,21.63,0.91,2.26,70.38
2021-03-28,18.12,1.0,9.78,0.0,21.96,0.9,3.05,78.21
2021-03-29,14.33,5.44,9.46,0.0,17.7,0.9,2.72,71.29
2021-03-30,12.46,1.43,6.74,0.05,15.12,0.9,5.86,75.69
2021-03-31,12.32,0.84,6.16,0.31,11.4,0.89,6.28,80.43
2021-04-01,13.9,0.11,6.42,0.19,17.51,0.89,3.38,79.58
2021-04-02,17.09,2.11,9.53,0.79,18.59,0.89,4.49,80.47
2021-04-03,18.76,7.13,12.67,0.42,16.05,0.88,4.81,87.65
2021-04-04,11.61,4.16,9.32,22.53,4.52,0.89,4.45,89.27
2021-04-05,12.92,2.69,7.2,2.71,10.19,0.91,3.49,81.77
2021-04-06,18.01,4.78,10.92,1.36,14.08,0.91,3.54,89.67
2021-04-07,18.7,3.93,12.12,4.44,21.73,0.9,6.47,83.73
2021-04-08,6.84,1.39,3.94,6.85,6.58,0.91,4.93,83.84
2021-04-09,11.34,-2.08,4.61,0.01,20.69,0.91,3.65,70.51
2021-04-10,13.45,-0.31,6.11,0.0,24.22,0.9,1.95,65.4
2021-04-11,14.88,0.27,6.95,0.0,24.78,0.9,2.23,67.59
2021-04-12,17.28,0.65,9.21,0.0,24.19,0.89,2.08,65.78
2021-04-13,18.39,4.06,10.67,0.44,17.7,0.89,3.71,79.15
2021-04-14,18.58,6.14,12.16,3.58,15.86,0.88,4.07,83.26
2021-04-15,14.11,5.57,9.32,2.36,7.96,0.89,2.23,77.83
2021-04-16,15.56,4.41,9.83,0.64,18.26,0.88,2.99,70.38
2021-04-17,12.63,5.59,8.55,2.81,13.02,0.88,5.29,83.26
2021-04-18,14.98,5.97,10.58,0.03,9.63,0.88,3.36,87.14
2021-04-19,13.56,7.7,10.46,5.51,7.88,0.88,3.57,91.78
2021-04-20,15.0,5.38,10.85,1.95,16.96,0.89,3.57,77.24
2021-04-21,17.1,6.08,12.19,1.09,18.27,0.88,1.78,71.43
2021-04-22,19.47,6.58,13.07,0.0,26.03,0.88,2.75,72.62
2021-04-23,18.43,9.16,13.25,0.02,13.17,0.87,2.99,84.73
2021-04-24,15.78,7.78,11.65,0.07,10.85,0.87,3.71,81.73
2021-04-25,16.09,4.59,10.26,0.15,12.95,0.86,5.06,74.45
2021-04-26,19.01,4.3,10.8,0.0,27.43,0.86,2.2,73.61
2021-04-27,20.89,6.16,13.23,0.0,21.55,0.85,2.33,68.04
2021-04-28,20.57,8.35,14.25,0.0,21.15,0.85,3.82,73.18
2021-04-29,23.69,7.92,15.8,0.0,25.72,0.84,2.29,77.95
2021-04-30,26.59,10.3,18.04,0.0,25.38,0.84,2.15,76.34
2021-05-01,26.81,12.69,19.29,0.0,22.34,0.83,3.38,79.53
2021-05-02,23.81,14.0,18.8,0.33,17.95,0.82,3.66,85.66
2021-05-03,26.89,15.73,20.36,0.78,22.37,0.82,4.66,71.8
2021-05-04,22.5,11.6,16.86,0.08,24.81,0.81,4.43,68.38
2021-05-05,23.15,10.61,16.44,0.0,19.83,0.8,2.77,73.13
2021-05-06,24.32,13.33,18.34,0.2,22.12,0.8,2.89,72.38
2021-05-07,24.69,12.21,18.35,0.0,22.51,0.79,3.81,74.59
2021-05-08,20.95,10.99,15.86,0.95,9.77,0.79,3.94,79.44
2021-05-09,18.99,6.75,12.84,0.03,26.15,0.79,4.38,71.98
2021-05-10,18.84,4.64,11.5,0.0,30.13,0.78,4.46,69.69
2021-05-11,20.06,4.22,11.81,0.0,27.61,0.77,3.82,70.27
2021-05-12,22.1,5.05,14.19,0.0,29.23,0.77,2.64,65.25
2021-05-13,23.67,7.75,15.66,0.0,28.66,0.76,3.12,72.32
2021-05-14,23.77,12.07,17.67,4.15,21.15,0.76,3.21,77.02
2021-05-15,24.39,11.7,17.21,1.13,24.5,0.75,3.23,74.5
2021-05-16,21.23,11.5,16.6,1.6,18.42,0.75,1.81,75.45
2021-05-17,23.7,10.57,17.86,0.1,24.96,0.75,4.05,74.36
2021-05-18,21.22,11.65,16.73,0.81,15.54,0.74,3.81,75.11
2021-05-19,25.96,9.59,18.17,0.0,29.75,0.73,2.73,66.35
2021-05-20,24.87,12.94,18.37,0.7,19.78,0.73,4.39,73.87
2021-05-21,17.44,11.02,14.19,15.91,4.41,0.74,4.86,83.6
2021-05-22,23.62,8.63,16.5,0.02,27.62,0.75,2.1,72.83
2021-05-23,26.04,10.21,18.67,0.0,28.1,0.74,2.39,70.85
2021-05-24,28.52,13.89,20.92,0.0,28.35,0.73,3.82,70.54
2021-05-25,26.15,14.03,19.57,0.0,28.87,0.72,3.88,68.58
2021-05-26,23.14,14.38,18.12,0.07,14.07,0.71,3.81,76.63
2021-05-27,23.57,13.87,18.42,0.05,24.15,0.71,5.26,72.31
2021-05-28,25.14,13.19,18.46,7.73,21.8,0.71,3.8,71.81
2021-05-29,22.88,11.86,18.06,5.4,16.34,0.71,3.24,75.5
2021-05-30,22.73,14.71,18.72,5.18,22.21,0.72,1.65,78.21
2021-05-31,18.24,13.04,15.63,13.38,7.31,0.73,3.5,87.91
2021-06-01,20.24,10.97,15.24,3.8,21.66,0.74,3.93,76.95
2021-06-02,19.76,8.31,14.72,0.42,14.81,0.73,3.29,73.42
2021-06-03,21.55,10.98,16.73,0.48,15.07,0.73,3.05,73.77
2021-06-04,22.59,12.12,17.85,0.03,16.51,0.72,2.56,70.05
2021-06-05,24.17,11.7,18.58,0.0,22.54,0.71,2.31,65.39
2021-06-06,27.56,12.25,20.61,0.01,28.14,0.71,2.52,64.54
2021-06-07,23.47,16.33,19.71,3.39,13.61,0.7,1.86,77.87
2021-06-08,25.63,15.15,20.28,0.23,21.39,0.7,1.21,71.07
2021-06-09,27.03,13.38,20.68,0.02,27.25,0.69,2.74,63.7
2021-06-10,27.56,14.16,21.11,0.49,25.74,0.69,3.44,67.3
2021-06-11,24.86,14.67,20.15,3.89,19.74,0.68,2.09,71.69
2021-06-12,23.34,15.16,19.15,1.87,19.84,0.69,1.82,78.73
2021-06-13,26.84,13.42,19.73,4.37,25.78,0.69,3.22,76.83
2021-06-14,22.41,11.95,17.46,4.42,19.65,0.69,2.91,67.66
2021-06-15,20.42,11.91,16.42,6.73,15.42,0.69,3.64,73.81
2021-06-16,24.23,14.35,18.94,8.78,18.97,0.71,4.69,80.45
2021-06-17,26.92,14.85,21.54,2.85,21.7,0.7,2.76,74.29
2021-06-18,23.87,15.49,19.95,4.14,14.7,0.7,3.33,80.25
2021-06-19,25.42,15.51,20.83,4.78,19.95,0.71,2.53,79.01
2021-06-20,26.53,15.71,21.1,1.33,17.08,0.7,2.79,77.41
2021-06-21,27.98,15.79,22.19,0.1,22.43,0.69,1.71,74.34
2021-06-22,30.31,17.22,24.13,0.19,25.34,0.68,1.34,69.45
2021-06-23,32.18,19.1,25.3,5.93,21.72,0.68,2.67,74.27
2021-06-24,31.65,20.06,26.01,0.19,28.07,0.68,2.26,72.31
2021-06-25,34.54,20.61,28.06,0.14,26.21,0.67,2.15,67.12
2021-06-26,32.99,21.73,27.61,4.72,16.78,0.67,1.72,69.0
2021-06-27,33.52,21.46,27.43,0.29,28.37,0.67,2.11,60.81
2021-06-28,33.17,20.05,26.26,0.17,24.86,0.66,2.4,63.74
2021-06-29,33.84,18.91,26.31,0.0,29.8,0.66,2.38,62.78
2021-06-30,35.71,18.07,26.7,0.0,29.8,0.65,2.46,55.59
2021-07-01,36.54,19.62,28.1,0.6,28.28,0.64,2.36,55.28
2021-07-02,31.53,19.92,25.46,9.44,26.04,0.65,3.37,69.08
2021-07-03,30.2,18.48,23.73,0.63,24.01,0.65,4.25,59.9
2021-07-04,30.98,16.34,24.08,0.25,23.57,0.65,3.65,56.78
2021-07-05,32.78,17.96,26.05,0.0,26.87,0.64,2.21,54.4
2021-07-06,31.71,19.44,25.09,0.58,13.14,0.64,3.29,64.83
2021-07-07,33.83,19.66,26.61,0.09,26.51,0.64,4.0,65.19
2021-07-08,32.81,19.54,25.67,0.61,22.12,0.63,4.57,67.22
2021-07-09,32.26,18.37,25.24,0.06,28.85,0.63,5.53,58.99
2021-07-10,32.44,16.3,24.43,2.03,30.31,0.63,4.63,57.65
2021-07-11,34.03,18.11,25.71,0.0,28.24,0.63,4.61,54.99
2021-07-12,35.09,17.76,26.08,0.0,27.82,0.62,3.99,55.19
2021-07-13,36.31,18.1,27.28,0.0,28.71,0.62,2.86,50.92
2021-07-14,35.4,19.89,27.35,0.0,28.23,0.61,4.06,58.08
2021-07-15,36.53,19.14,27.44,0.0,29.61,0.61,4.22,54.94
2021-07-16,36.22,19.72,27.57,0.0,30.56,0.61,5.08,52.85
2021-07-17,37.17,20.26,28.41,0.0,28.57,0.61,5.26,57.74
2021-07-18,37.41,21.17,28.9,0.0,27.48,0.61,5.52,56.32
2021-07-19,38.19,23.2,29.79,0.0,24.9,0.6,3.0,55.7
2021-07-20,37.45,21.53,29.8,0.0,26.26,0.6,2.93,50.01
2021-07-21,35.97,22.47,28.91,0.0,23.05,0.6,4.93,39.84
2021-07-22,32.14,19.84,25.42,0.0,24.5,0.6,4.97,43.35
2021-07-23,31.99,18.61,24.95,0.0,28.01,0.6,4.79,44.66
2021-07-24,31.09,16.46,23.7,0.0,24.02,0.6,5.06,49.71
2021-07-25,32.92,17.48,24.79,0.0,26.19,0.6,4.76,53.1
2021-07-26,35.38,17.74,26.35,0.0,27.89,0.6,3.87,50.94
2021-07-27,38.17,19.11,28.48,0.0,27.82,0.6,2.66,40.47
2021-07-28,39.51,20.39,29.8,0.0,27.56,0.6,2.85,38.8
2021-07-29,40.77,20.84,30.91,0.0,27.08,0.6,2.62,39.08
2021-07-30,42.07,22.74,32.64,0.0,27.14,0.6,2.0,33.23
2021-07-31,41.69,23.53,32.43,0.11,26.0,0.6,3.48,41.92
2021-08-01,39.41,23.4,30.95,5.29,26.35,0.61,3.36,49.04
2021-08-02,41.92,22.89,32.31,0.0,26.89,0.6,2.96,41.04
2021-08-03,40.55,24.63,32.01,0.0,26.48,0.6,4.65,39.83
2021-08-04,39.57,23.5,31.36,0.0,25.71,0.6,2.28,52.36
2021-08-05,41.17,23.47,31.93,0.0,25.73,0.6,3.5,44.11
2021-08-06,35.54,24.5,29.44,1.36,15.99,0.6,3.72,40.68
2021-08-07,34.06,20.71,26.88,0.15,24.13,0.6,5.13,39.39
2021-08-08,35.88,18.82,27.12,0.0,26.87,0.6,2.85,49.29
2021-08-09,38.6,19.8,28.82,0.0,27.06,0.6,2.13,41.89
2021-08-10,39.66,22.4,30.27,0.5,22.9,0.6,2.58,39.89
2021-08-11,37.49,23.1,29.64,0.66,20.53,0.6,2.76,46.64
2021-08-12,36.11,20.88,28.29,0.0,25.69,0.6,4.35,48.47
2021-08-13,33.79,20.41,26.57,0.04,20.67,0.6,4.1,55.53
2021-08-14,32.82,18.46,25.05,0.0,25.49,0.6,4.85,50.19
2021-08-15,33.04,17.85,24.64,0.0,26.06,0.6,4.37,53.05
2021-08-16,35.6,16.56,25.43,0.0,26.33,0.6,3.35,50.8
2021-08-17,36.55,17.56,26.78,0.0,26.22,0.6,3.03,56.07
2021-08-18,36.42,19.71,27.63,0.02,25.28,0.6,2.7,55.43
2021-08-19,31.75,20.24,25.54,1.81,21.36,0.6,4.4,55.57
2021-08-20,32.58,17.72,24.7,0.0,25.58,0.6,3.68,48.71
2021-08-21,32.83,16.87,24.54,0.0,25.5,0.6,4.31,49.79
2021-08-22,32.05,18.16,24.71,0.0,23.32,0.6,5.63,54.1
2021-08-23,32.2,17.69,24.44,0.0,23.64,0.6,5.33,57.16
2021-08-24,34.16,17.48,25.19,0.0,23.94,0.6,4.33,58.04
2021-08-25,34.64,18.79,26.21,0.0,22.82,0.6,2.82,58.83
2021-08-26,34.89,20.09,27.1,0.27,20.75,0.6,2.91,54.99
2021-08-27,36.42,22.87,28.97,0.35,22.0,0.6,3.25,43.32
2021-08-28,36.62,21.34,28.49,0.28,21.13,0.6,3.15,54.16
2021-08-29,35.55,21.85,28.33,0.0,20.36,0.6,1.7,53.87
2021-08-30,32.13,20.4,25.94,3.07,14.06,0.6,3.27,57.33
2021-08-31,33.54,19.28,26.15,0.01,20.82,0.6,2.6,43.22
2021-09-01,32.1,20.6,25.44,0.88,17.76,0.6,3.58,47.34
2021-09-02,29.57,16.44,23.19,0.0,20.95,0.6,3.77,42.82
2021-09-03,27.47,16.35,21.56,0.01,18.94,0.6,3.8,50.23
2021-09-04,29.4,13.71,21.38,0.0,20.4,0.6,3.09,49.21
2021-09-05,28.06,15.29,21.53,0.11,18.43,0.6,5.08,53.88
2021-09-06,26.12,15.59,20.18,1.63,17.68,0.6,7.43,62.34
2021-09-07,25.46,13.11,18.88,0.0,14.11,0.6,7.61,56.29
2021-09-08,25.19,14.28,19.5,0.02,15.1,0.6,7.28,57.42
2021-09-09,26.62,16.2,20.83,1.18,10.77,0.6,6.23,58.21
2021-09-10,26.26,15.87,20.43,0.27,11.65,0.6,4.52,58.88
2021-09-11,29.91,12.47,20.92,0.0,21.67,0.6,3.08,48.67
2021-09-12,29.82,14.0,21.93,0.0,19.46,0.6,3.42,44.08
2021-09-13,29.49,15.92,21.82,0.0,18.27,0.6,4.17,54.38
2021-09-14,29.73,16.39,22.05,0.0,19.43,0.6,3.93,48.91
2021-09-15,30.73,14.71,22.5,0.91,17.54,0.6,3.24,52.49
2021-09-16,31.3,15.9,23.49,0.0,17.92,0.6,2.4,57.0
2021-09-17,33.46,16.75,24.66,0.04,19.61,0.6,3.69,52.02
2021-09-18,33.2,19.42,24.87,3.08,16.0,0.6,3.24,57.94
2021-09-19,29.33,15.75,22.35,2.08,18.41,0.6,2.4,59.27
2021-09-20,33.5,18.01,25.14,0.11,18.63,0.61,2.78,59.11
2021-09-21,23.31,14.73,18.97,0.04,13.07,0.6,5.16,59.08
2021-09-22,22.15,11.94,16.37,1.56,9.63,0.6,3.46,54.91
2021-09-23,20.89,8.23,14.16,0.08,15.27,0.61,4.33,55.19
2021-09-24,25.0,8.76,16.64,0.0,18.21,0.6,3.41,52.8
2021-09-25,29.0,13.46,20.65,0.0,17.5,0.6,2.82,48.34
2021-09-26,30.41,13.55,21.21,0.0,19.09,0.6,2.23,57.63
2021-09-27,29.31,13.73,20.58,0.0,19.09,0.6,3.49,57.58
2021-09-28,25.83,14.84,19.06,0.0,15.37,0.6,4.49,63.91
2021-09-29,23.11,13.03,17.59,0.0,10.16,0.6,5.53,60.95
2021-09-30,22.16,11.75,16.09,0.04,10.59,0.6,5.83,65.18
2021-10-01,20.74,10.85,15.03,0.02,8.46,0.6,6.6,60.32
2021-10-02,21.05,10.1,15.02,0.01,8.88,0.6,5.77,60.31
2021-10-03,22.72,8.03,14.62,0.0,14.93,0.6,4.13,67.02
2021-10-04,23.85,10.31,15.83,0.0,15.47,0.6,3.96,68.59
2021-10-05,22.21,9.35,14.6,0.0,13.89,0.6,4.62,65.97
2021-10-06,21.52,8.06,14.09,0.01,9.6,0.6,4.33,69.27
2021-10-07,21.57,9.37,14.78,1.0,9.09,0.6,5.55,72.29
2021-10-08,19.15,12.51,14.73,3.59,6.81,0.6,6.23,77.83
2021-10-09,19.94,12.39,15.08,1.38,5.2,0.61,5.84,77.18
2021-10-10,19.76,12.09,14.64,1.15,4.5,0.61,5.93,77.84
2021-10-11,21.07,12.28,15.81,6.31,7.19,0.61,4.14,82.57
2021-10-12,21.43,11.38,15.82,26.54,5.93,0.65,4.29,85.39
2021-10-13,17.21,8.76,12.28,6.51,8.81,0.67,3.87,78.81
2021-10-14,20.03,9.2,14.07,1.77,8.3,0.67,4.55,82.51
2021-10-15,19.43,13.86,16.1,8.76,7.05,0.68,6.08,89.62
2021-10-16,17.75,13.57,15.6,5.92,7.03,0.68,4.57,91.47
2021-10-17,17.63,9.11,13.24,0.32,7.4,0.68,4.89,80.64
2021-10-18,18.31,7.09,12.2,0.0,7.87,0.68,2.34,81.5
2021-10-19,19.11,7.4,12.48,0.0,11.75,0.67,2.77,79.49
2021-10-20,19.17,6.74,11.84,0.0,12.03,0.67,2.7,77.87
2021-10-21,19.62,7.05,12.12,0.0,14.79,0.67,3.26,79.21
2021-10-22,22.08,8.4,14.27,0.0,13.24,0.67,3.26,81.48
2021-10-23,23.79,9.53,16.06,0.11,11.91,0.67,2.47,76.89
2021-10-24,15.71,6.67,11.96,4.69,3.56,0.67,6.07,75.21
2021-10-25,15.81,4.94,9.07,0.0,11.25,0.67,5.17,71.89
2021-10-26,16.47,6.74,10.45,0.0,6.85,0.67,4.81,74.19
2021-10-27,16.86,6.92,11.14,0.01,10.87,0.67,4.15,77.74
2021-10-28,16.87,5.77,9.89,0.0,10.54,0.67,4.1,80.47
2021-10-29,17.37,5.72,11.06,0.0,9.09,0.66,5.21,76.13
2021-10-30,18.04,8.65,12.41,0.0,9.61,0.66,5.85,76.33
2021-10-31,17.97,9.95,13.0,0.04,5.87,0.66,4.02,79.47
2021-11-01,17.91,9.29,12.77,0.28,3.85,0.66,1.9,83.42
2021-11-02,16.75,7.09,12.01,10.27,6.39,0.67,3.78,91.4
2021-11-03,22.11,9.97,15.09,0.04,7.82,0.68,2.36,86.44
2021-11-04,23.18,10.87,15.76,0.0,8.95,0.68,4.21,86.7
2021-11-05,23.88,11.72,16.17,0.0,9.94,0.67,4.05,85.76
2021-11-06,24.14,10.68,15.86,0.0,8.15,0.67,3.68,82.46
2021-11-07,20.37,11.26,14.66,0.01,5.2,0.67,3.2,85.36
2021-11-08,22.42,11.16,15.05,0.02,8.7,0.67,2.06,82.83
2021-11-09,18.31,6.78,12.49,0.96,4.96,0.67,3.72,85.87
2021-11-10,13.05,4.33,7.28,0.06,10.49,0.67,5.28,73.64
2021-11-11,14.42,4.19,8.01,0.0,11.14,0.67,4.41,75.49
2021-11-12,15.99,3.76,7.91,0.0,11.15,0.66,3.47,84.21
2021-11-13,14.84,4.79,8.66,0.0,10.45,0.66,2.08,83.33
2021-11-14,14.49,4.31,8.57,0.0,6.27,0.66,2.16,86.68
2021-11-15,16.02,7.01,10.1,0.0,4.98,0.66,4.5,82.42
2021-11-16,13.81,6.93,9.94,0.0,3.96,0.66,6.56,75.05
2021-11-17,13.24,4.05,8.23,0.0,3.53,0.66,3.5,75.84
2021-11-18,13.66,4.05,8.3,0.0,5.38,0.66,1.85,78.59
2021-11-19,13.16,3.12,7.38,0.0,3.17,0.66,3.24,75.52
2021-11-20,15.88,2.53,8.27,0.0,7.79,0.66,3.11,78.59
2021-11-21,16.04,3.75,8.83,0.0,10.05,0.66,2.66,84.15
2021-11-22,17.75,5.08,11.35,0.38,7.18,0.66,4.97,88.37
2021-11-23,15.34,8.17,12.52,13.09,1.84,0.67,4.93,91.18
2021-11-24,12.3,2.92,6.99,0.1,6.42,0.68,5.26,79.56
2021-11-25,12.15,0.97,5.67,0.0,5.05,0.68,3.1,83.77
2021-11-26,15.58,3.98,9.17,11.4,4.61,0.69,5.5,92.79
2021-11-27,17.17,10.14,13.09,1.15,5.53,0.7,5.19,93.15
2021-11-28,16.56,11.37,13.87,8.08,5.76,0.71,6.6,88.33
2021-11-29,20.87,11.83,15.51,1.54,3.77,0.7,9.03,78.43
2021-11-30,12.28,0.0,7.98,10.42,3.04,0.72,7.73,75.94
2021-12-01,11.39,-2.41,3.68,0.0,8.61,0.71,3.92,75.26
2021-12-02,15.15,2.3,8.18,0.01,6.79,0.71,5.39,87.28
2021-12-03,17.97,7.45,12.51,2.83,6.5,0.71,7.06,88.96
2021-12-04,12.78,2.56,9.1,23.85,2.59,0.74,4.97,91.76
2021-12-05,12.59,3.52,7.69,0.13,3.13,0.75,2.6,90.67
2021-12-06,17.41,9.87,13.19,1.8,5.65,0.74,6.85,89.89
2021-12-07,13.94,9.45,11.91,13.8,2.07,0.75,4.69,93.08
2021-12-08,8.92,2.11,5.17,3.36,2.6,0.77,3.96,83.91
2021-12-09,14.14,0.08,7.14,0.23,6.89,0.76,4.95,89.56
2021-12-10,16.89,8.72,12.16,7.37,4.59,0.76,8.47,89.07
2021-12-11,15.65,7.31,11.13,1.67,5.29,0.77,7.1,86.15
2021-12-12,14.33,9.09,12.32,11.34,1.62,0.78,6.32,90.46
2021-12-13,10.32,5.69,8.09,8.49,3.09,0.79,4.45,95.38
2021-12-14,6.99,2.55,5.46,8.55,2.88,0.8,7.23,87.21
2021-12-15,5.38,-0.58,2.26,0.15,2.74,0.8,6.25,82.62
2021-12-16,3.13,0.85,1.76,1.08,2.09,0.8,4.02,89.58
2021-12-17,6.56,-0.88,2.23,1.35,2.84,0.8,3.4,89.89
2021-12-18,5.75,-0.69,1.63,0.37,5.45,0.8,6.66,84.7
2021-12-19,5.75,-3.72,-0.34,0.01,8.36,0.8,4.71,84.58
2021-12-20,8.67,-2.84,2.09,0.46,4.23,0.79,4.5,83.85
2021-12-21,4.85,-4.22,-0.69,0.07,7.44,0.79,4.01,85.3
2021-12-22,3.68,-5.23,-1.8,0.01,5.38,0.79,2.24,76.71
2021-12-23,3.01,-4.58,-1.5,0.0,8.22,0.79,1.94,69.77
2021-12-24,8.88,-3.51,1.67,0.0,6.57,0.79,4.44,87.02
2021-12-25,13.7,1.7,6.41,0.0,6.4,0.79,4.83,92.01
2021-12-26,15.36,6.43,10.15,0.02,4.56,0.79,5.16,95.09
2021-12-27,16.44,8.94,12.37,1.08,3.92,0.79,6.64,92.04
2021-12-28,15.81,10.26,12.52,7.93,3.48,0.79,4.94,92.8
2021-12-29,11.47,9.12,10.31,29.92,2.21,0.83,4.07,94.21
2021-12-30,12.34,5.32,8.33,11.15,2.97,0.86,5.93,91.03
2021-12-31,10.82,2.11,5.61,0.0,4.31,0.85,3.54,87.7
2022-01-01,11.69,2.66,6.39,0.0,3.64,0.85,2.91,94.34
2022-01-02,13.42,4.5,7.27,0.01,4.4,0.84,3.34,92.81
2022-01-03,14.91,6.35,9.06,0.0,5.86,0.84,4.4,94.15
2022-01-04,14.81,3.22,8.09,0.0,7.23,0.84,3.0,88.12
2022-01-05,15.51,6.99,11.06,0.0,5.96,0.84,6.3,92.5
2022-01-06,16.32,8.56,12.07,0.08,7.08,0.84,6.51,92.49
2022-01-07,9.0,5.23,6.81,6.83,2.52,0.84,5.05,90.88
2022-01-08,10.46,6.1,8.05,3.29,3.07,0.85,4.02,95.02
2022-01-09,12.39,5.47,8.13,0.09,3.52,0.85,2.8,94.36
2022-01-10,9.88,5.68,7.63,1.75,2.27,0.85,4.61,95.41
2022-01-11,8.44,0.24,5.31,2.44,2.93,0.85,11.08,85.93
2022-01-12,0.46,-6.28,-2.17,1.93,2.55,0.85,9.19,73.22
2022-01-13,0.62,-7.45,-4.46,0.0,7.77,0.85,5.44,73.85
2022-01-14,4.55,-5.48,-1.27,0.0,9.66,0.85,3.0,87.28
2022-01-15,7.73,-1.62,1.05,0.0,7.29,0.85,4.22,81.3
2022-01-16,5.62,-3.99,-0.34,0.0,10.21,0.85,2.65,76.26
2022-01-17,8.66,-2.61,1.73,0.04,9.12,0.85,4.26,85.01
2022-01-18,6.2,-1.67,1.58,0.68,9.73,0.85,5.78,73.71
2022-01-19,4.09,-3.78,-0.88,0.0,9.71,0.84,3.59,74.37
2022-01-20,9.18,-3.05,2.05,0.0,9.44,0.84,4.71,85.84
2022-01-21,4.78,-0.91,1.27,3.2,2.23,0.84,3.99,92.4
2022-01-22,2.32,-4.79,-1.45,0.1,8.37,0.85,3.82,76.38
2022-01-23,1.91,-4.98,-2.04,0.02,9.64,0.84,4.31,77.08
2022-01-24,-0.31,-4.9,-2.87,0.05,5.62,0.84,7.04,80.13
2022-01-25,0.59,-7.22,-3.93,0.03,8.91,0.84,4.56,76.21
2022-01-26,3.48,-9.26,-3.0,0.0,8.7,0.84,3.32,81.3
2022-01-27,5.34,-4.95,-0.1,0.0,6.51,0.84,2.95,84.05
2022-01-28,8.81,-1.89,2.08,0.0,9.17,0.84,3.87,83.82
2022-01-29,7.96,-1.62,1.88,0.0,7.48,0.84,3.09,82.24
2022-01-30,6.71,-1.73,1.48,0.0,7.89,0.84,3.28,84.46
2022-01-31,8.92,-1.93,2.85,0.0,11.54,0.84,3.88,74.64
2022-02-01,7.87,1.57,4.68,10.21,2.92,0.84,4.97,90.89
2022-02-02,2.63,0.58,1.37,21.86,2.38,0.85,5.16,94.15
2022-02-03,3.28,-3.4,0.46,2.84,6.53,0.86,4.84,91.72
2022-02-04,4.85,-4.75,-0.78,0.0,10.34,0.87,2.5,82.86
2022-02-05,9.73,-3.78,1.97,0.0,11.0,0.87,3.69,87.62
2022-02-06,11.33,0.27,4.38,0.0,11.95,0.87,3.13,83.87
2022-02-07,14.05,2.14,8.14,2.59,5.3,0.87,5.79,93.06
2022-02-08,7.95,1.29,3.31,16.22,2.35,0.89,9.09,84.21
2022-02-09,9.62,-4.6,1.86,0.07,9.93,0.89,4.3,82.31
2022-02-10,10.66,-2.58,3.39,0.0,13.2,0.89,1.98,79.68
2022-02-11,13.92,-1.12,4.96,0.0,13.84,0.88,3.71,90.15
2022-02-12,14.97,2.53,6.65,0.0,8.53,0.88,3.76,86.19
2022-02-13,7.84,-0.32,4.05,0.0,8.04,0.88,5.55,82.52
2022-02-14,9.22,-0.49,3.16,0.0,8.4,0.88,2.32,83.5
2022-02-15,11.7,-0.57,4.44,0.0,13.73,0.88,2.98,87.74
2022-02-16,13.58,1.52,7.24,0.0,9.95,0.88,3.8,92.24
2022-02-17,15.27,4.25,9.0,0.11,12.62,0.87,4.25,88.67
2022-02-18,13.63,1.84,8.29,0.92,10.24,0.87,5.49,76.15
2022-02-19,13.59,-0.83,5.79,0.0,14.93,0.87,3.71,78.09
2022-02-20,13.62,3.74,8.33,0.0,9.0,0.87,3.09,93.94
2022-02-21,15.99,3.55,8.95,0.2,10.75,0.87,3.39,90.0
2022-02-22,16.27,7.64,12.13,16.62,4.93,0.88,3.8,91.99
2022-02-23,9.44,4.46,7.01,2.52,4.29,0.89,5.87,87.84
2022-02-24,8.22,2.86,5.0,2.28,4.75,0.89,5.46,85.87
2022-02-25,11.34,-0.06,5.49,0.01,11.89,0.89,3.6,74.31
2022-02-26,13.21,0.97,5.9,0.0,14.47,0.88,2.69,77.33
2022-02-27,10.04,1.25,4.56,14.49,7.34,0.88,6.91,84.6
2022-02-28,5.27,-2.86,1.77,4.81,6.08,0.9,6.4,86.12
2022-03-01,6.15,-3.87,0.29,0.01,6.06,0.9,4.18,85.12
2022-03-02,6.36,-4.56,0.47,0.01,11.58,0.89,3.82,81.94
2022-03-03,7.29,-3.91,1.91,0.01,9.34,0.89,3.16,81.29
2022-03-04,8.02,0.13,3.93,0.12,10.54,0.89,3.12,86.81
2022-03-05,9.15,1.37,4.99,0.68,8.18,0.89,4.26,87.79
2022-03-06,6.77,1.06,4.03,6.73,5.59,0.89,7.47,85.66
2022-03-07,8.37,0.27,3.38,0.42,6.13,0.9,4.3,84.28
2022-03-08,4.97,-0.94,1.54,0.24,8.37,0.89,4.75,85.7
2022-03-09,5.9,-3.31,0.89,0.02,12.72,0.89,4.69,77.67
2022-03-10,3.14,-4.23,-1.06,0.16,12.63,0.89,7.02,76.05
2022-03-11,0.72,-5.3,-2.48,0.02,15.12,0.89,5.31,69.75
2022-03-12,1.37,-3.64,-1.69,0.03,13.45,0.89,4.57,70.5
2022-03-13,6.2,-4.73,0.43,0.01,15.54,0.88,2.5,65.3
2022-03-14,7.53,-2.14,1.85,0.0,12.56,0.88,2.84,72.02
2022-03-15,10.53,-2.36,3.44,0.0,18.07,0.88,1.53,71.9
2022-03-16,11.67,-2.05,4.76,0.23,6.36,0.88,3.35,85.55
2022-03-17,8.93,-3.17,3.36,0.33,8.49,0.88,5.53,83.4
2022-03-18,4.3,-4.34,-0.82,0.02,19.42,0.87,5.37,72.54
2022-03-19,3.44,-4.45,-1.15,0.03,17.82,0.87,5.46,73.63
2022-03-20,6.84,-3.7,0.27,0.05,14.78,0.87,6.25,72.45
2022-03-21,8.09,-3.27,1.9,0.0,13.21,0.87,6.16,74.05
2022-03-22,11.3,-2.6,4.32,0.49,10.14,0.86,6.81,79.94
2022-03-23,10.74,-2.05,4.53,0.02,14.33,0.86,6.84,75.63
2022-03-24,16.73,-3.58,7.33,0.0,21.69,0.86,2.85,59.81
2022-03-25,16.16,1.63,8.51,0.0,19.0,0.85,3.75,68.38
2022-03-26,14.2,-0.72,6.61,0.0,21.06,0.85,2.82,74.5
2022-03-27,19.71,1.76,10.03,0.0,21.15,0.85,3.72,73.71
2022-03-28,19.43,5.38,11.19,0.0,19.82,0.84,2.05,82.22
2022-03-29,18.28,7.2,11.73,0.0,17.27,0.84,5.08,79.96
2022-03-30,19.49,7.22,12.66,0.0,17.47,0.84,5.39,83.2
2022-03-31,17.72,9.49,13.27,0.02,8.04,0.83,7.88,83.58
2022-04-01,20.81,9.49,14.99,0.02,14.0,0.83,8.59,73.19
2022-04-02,19.83,11.15,14.8,0.14,21.16,0.82,8.91,76.24
2022-04-03,17.04,7.65,11.91,0.7,15.5,0.82,5.56,73.53
2022-04-04,14.99,2.53,9.28,0.68,16.81,0.82,2.82,72.26
2022-04-05,14.72,5.89,9.35,5.61,10.3,0.82,1.56,82.66
2022-04-06,19.49,5.31,11.55,0.0,23.05,0.82,1.52,75.13
2022-04-07,19.72,3.95,11.56,0.36,13.35,0.82,4.53,78.42
2022-04-08,22.36,7.64,14.33,1.09,22.57,0.81,3.95,75.32
2022-04-09,22.36,7.84,14.61,0.0,23.98,0.81,5.8,80.6
2022-04-10,19.94,8.09,14.36,6.51,16.37,0.8,5.72,79.98
2022-04-11,12.17,2.74,7.33,5.14,7.39,0.81,6.96,73.02
2022-04-12,15.05,1.66,8.31,0.0,21.47,0.81,3.38,68.79
2022-04-13,16.39,1.79,9.27,0.0,20.74,0.8,1.78,69.98
2022-04-14,18.99,4.07,11.58,0.0,24.51,0.8,1.68,67.75
2022-04-15,21.31,7.74,13.84,0.0,24.53,0.79,1.88,63.88
2022-04-16,21.73,7.44,14.96,0.0,16.72,0.79,1.82,66.56
2022-04-17,15.61,4.97,10.45,22.52,2.36,0.8,6.22,77.4
2022-04-18,9.33,3.81,5.77,9.62,7.57,0.83,6.13,83.88
2022-04-19,11.11,3.26,6.64,0.94,8.16,0.83,2.69,77.51
2022-04-20,15.29,1.08,9.05,2.16,20.88,0.82,4.76,77.94
2022-04-21,17.59,1.3,9.7,0.02,21.48,0.82,2.7,73.87
2022-04-22,21.31,6.08,13.88,0.01,15.23,0.81,3.43,76.82
2022-04-23,23.42,10.06,16.15,0.0,21.17,0.8,3.83,75.97
2022-04-24,24.05,9.59,16.54,0.0,25.59,0.8,3.18,73.64
2022-04-25,23.93,8.78,16.0,0.01,25.24,0.79,2.69,73.89
2022-04-26,24.06,11.06,16.77,0.7,23.86,0.78,3.1,78.3
2022-04-27,23.09,8.83,15.29,0.02,26.0,0.78,3.6,70.64
2022-04-28,23.38,8.26,14.95,0.0,26.98,0.77,4.17,72.78
2022-04-29,21.7,7.72,14.46,0.0,24.78,0.76,5.49,71.97
2022-04-30,19.79,8.77,13.82,0.0,19.02,0.76,5.64,76.53
2022-05-01,18.81,6.89,12.53,0.0,19.98,0.76,4.25,77.43
2022-05-02,18.38,7.24,12.64,0.06,19.95,0.75,5.95,73.55
2022-05-03,15.17,6.65,11.17,4.19,5.29,0.75,4.28,82.39
2022-05-04,17.97,4.32,11.95,0.0,17.92,0.75,2.99,72.04
2022-05-05,20.88,7.59,14.27,0.3,23.2,0.75,2.38,70.18
2022-05-06,20.38,6.2,13.14,0.0,27.32,0.74,3.5,67.71
2022-05-07,20.09,6.76,12.56,0.0,27.7,0.73,3.97,73.26
2022-05-08,20.82,6.37,12.74,0.0,29.09,0.73,3.91,74.64
2022-05-09,20.97,6.7,12.81,0.0,28.77,0.72,3.87,70.41
2022-05-10,21.29,4.35,12.74,0.0,29.45,0.72,3.74,67.84
2022-05-11,22.79,6.39,15.31,0.0,25.83,0.71,2.41,63.83
2022-05-12,26.09,9.92,18.25,0.0,27.15,0.71,1.98,62.45
2022-05-13,26.84,12.95,19.64,0.0,27.92,0.7,2.28,54.24
2022-05-14,27.31,10.85,19.43,0.25,26.73,0.69,3.06,58.43
2022-05-15,25.0,14.27,19.31,5.27,18.81,0.7,2.48,74.49
2022-05-16,26.82,13.13,19.77,0.08,25.84,0.69,1.66,66.39
2022-05-17,28.83,13.3,21.0,0.02,27.35,0.69,1.62,61.89
2022-05-18,23.03,8.42,15.79,10.54,9.66,0.69,4.96,75.27
2022-05-19,20.75,5.8,13.41,0.01,27.19,0.7,4.56,61.74
2022-05-20,24.55,7.04,16.03,0.0,29.97,0.69,3.03,60.23
2022-05-21,27.72,10.97,19.1,0.0,29.5,0.68,1.51,51.82
2022-05-22,30.07,12.7,20.74,0.0,22.79,0.68,3.56,60.56
2022-05-23,27.83,12.49,19.83,0.05,25.62,0.67,4.54,56.26
2022-05-24,26.7,11.09,19.03,3.2,26.37,0.67,2.22,65.5
2022-05-25,30.0,12.77,21.34,0.1,28.19,0.67,2.36,65.59
2022-05-26,33.38,13.94,23.84,0.76,25.92,0.66,2.79,62.72
2022-05-27,32.06,17.38,24.89,0.05,27.3,0.66,2.48,57.35
2022-05-28,31.97,15.31,23.92,0.19,25.72,0.65,1.88,60.79
2022-05-29,31.24,17.93,23.32,0.0,23.07,0.65,4.88,59.84
2022-05-30,30.21,16.54,23.7,0.03,25.57,0.65,2.46,60.81
2022-05-31,31.72,16.73,24.09,0.89,27.25,0.64,2.51,58.87
2022-06-01,31.64,16.29,24.08,1.02,28.26,0.64,2.9,59.7
2022-06-02,32.44,15.95,23.96,0.0,27.95,0.64,4.35,59.35
2022-06-03,33.2,15.89,24.26,0.0,27.01,0.63,5.76,58.28
2022-06-04,32.46,17.0,24.24,0.0,26.69,0.63,5.56,58.23
2022-06-05,34.16,15.94,25.3,0.5,26.75,0.63,2.34,57.69
2022-06-06,28.6,16.19,22.81,2.87,19.1,0.63,2.58,63.54
2022-06-07,27.13,14.02,20.51,0.47,14.59,0.63,4.49,66.54
2022-06-08,26.94,14.36,20.58,2.14,20.17,0.63,2.77,69.51
2022-06-09,28.69,15.24,21.76,2.58,17.4,0.63,2.21,70.59
2022-06-10,25.11,17.76,20.87,8.35,13.53,0.64,2.81,81.93
2022-06-11,26.07,18.2,21.64,5.34,11.11,0.64,3.14,78.38
2022-06-12,24.69,16.61,19.98,9.8,8.08,0.66,5.98,82.36
2022-06-13,30.47,16.52,23.18,0.14,26.84,0.66,5.39,66.35
2022-06-14,31.13,16.7,23.99,5.18,26.48,0.65,3.77,63.53
2022-06-15,28.93,16.55,22.74,0.08,24.33,0.65,4.3,62.64
2022-06-16,28.52,14.17,21.02,0.05,29.82,0.65,4.29,57.87
2022-06-17,30.35,12.89,21.67,0.0,30.63,0.64,3.31,52.8
2022-06-18,30.39,13.17,21.73,0.13,27.84,0.64,4.58,59.58
2022-06-19,29.19,14.96,21.88,0.0,29.01,0.63,5.01,60.08
2022-06-20,30.64,14.26,22.66,0.0,26.55,0.63,3.09,62.42
2022-06-21,34.33,15.59,25.8,0.15,29.71,0.62,2.98,54.56
2022-06-22,34.91,20.03,27.41,0.73,25.82,0.62,4.8,49.93
2022-06-23,31.85,17.91,23.26,0.99,18.42,0.62,3.3,55.07
2022-06-24,30.46,15.3,23.61,0.11,25.62,0.62,3.16,53.24
2022-06-25,33.86,17.86,25.84,0.05,25.95,0.61,2.54,48.16
2022-06-26,31.86,18.5,24.55,1.66,26.34,0.61,2.14,57.25
2022-06-27,32.41,17.15,25.03,0.98,23.78,0.61,3.41,54.78
2022-06-28,31.74,18.98,25.26,0.93,21.16,0.61,5.38,56.06
2022-06-29,33.56,17.82,25.49,0.01,28.46,0.61,4.68,47.57
2022-06-30,34.14,17.33,25.71,0.01,29.29,0.61,4.26,51.39
2022-07-01,36.28,17.72,27.13,0.95,27.77,0.61,3.4,46.25
2022-07-02,35.34,18.41,26.61,0.0,30.2,0.6,4.41,54.37
2022-07-03,33.0,17.86,25.05,0.0,31.04,0.6,5.77,49.59
2022-07-04,33.3,15.34,24.26,0.0,31.01,0.6,5.26,49.21
2022-07-05,34.55,16.98,25.7,0.0,30.18,0.6,4.8,46.39
2022-07-06,34.74,16.47,25.93,0.0,30.06,0.6,3.83,46.44
2022-07-07,33.55,20.59,26.79,0.02,22.13,0.6,3.6,47.88
2022-07-08,33.01,19.46,26.42,0.01,23.91,0.6,3.45,47.89
2022-07-09,31.71,19.2,25.45,2.18,21.56,0.6,5.65,50.22
2022-07-10,31.93,19.59,25.41,1.48,18.95,0.6,4.82,46.71
2022-07-11,31.81,18.19,24.9,0.48,22.67,0.6,3.52,47.42
2022-07-12,31.38,17.17,24.21,0.0,26.69,0.6,3.13,39.75
2022-07-13,31.77,15.94,24.07,0.0,26.62,0.6,3.12,39.54
2022-07-14,33.4,16.72,25.3,0.0,29.49,0.6,4.5,39.47
2022-07-15,34.92,17.43,26.47,0.0,29.33,0.6,4.3,43.37
2022-07-16,37.67,19.47,27.92,0.0,29.07,0.6,2.93,47.16
2022-07-17,36.94,19.75,28.24,0.0,27.44,0.6,3.88,44.89
2022-07-18,30.69,18.58,24.67,0.0,21.34,0.6,5.06,52.92
2022-07-19,30.5,16.09,23.37,0.0,26.05,0.6,5.69,50.25
2022-07-20,32.14,16.5,24.4,0.0,28.92,0.6,5.17,46.91
2022-07-21,37.38,17.85,27.45,0.0,27.78,0.6,3.45,42.56
2022-07-22,37.8,19.42,28.5,0.0,28.23,0.6,2.35,46.47
2022-07-23,39.59,20.37,29.87,0.0,28.78,0.6,2.64,34.67
2022-07-24,39.78,20.62,30.55,0.0,28.05,0.6,2.47,40.2
2022-07-25,32.71,22.38,26.66,0.0,21.6,0.6,3.7,50.35
2022-07-26,37.19,19.12,28.42,0.0,28.18,0.6,2.87,46.21
2022-07-27,39.11,20.3,29.53,0.0,28.68,0.59,3.11,40.81
2022-07-28,36.6,21.69,28.09,0.01,28.52,0.59,5.87,51.37
2022-07-29,35.69,20.26,27.52,0.08,28.08,0.59,5.6,54.87
2022-07-30,36.88,20.79,28.48,0.21,27.57,0.59,4.65,54.79
2022-07-31,36.28,21.86,28.77,14.85,23.54,0.6,3.2,53.72
2022-08-01,33.66,20.71,26.77,0.72,26.58,0.62,4.11,50.71
2022-08-02,33.07,19.69,26.13,0.0,24.81,0.62,3.41,55.21
2022-08-03,33.63,18.98,25.92,0.0,26.9,0.61,4.56,56.57
2022-08-04,34.09,18.41,26.17,0.0,25.84,0.61,4.74,57.5
2022-08-05,35.31,19.8,27.28,0.0,25.95,0.61,4.57,56.07
2022-08-06,35.4,20.63,27.59,0.0,25.53,0.6,5.23,56.11
2022-08-07,34.77,20.71,27.3,0.19,23.28,0.6,6.01,56.09
2022-08-08,34.71,20.9,27.62,0.0,25.39,0.6,7.36,51.86
2022-08-09,36.11,20.93,28.08,0.0,25.95,0.6,6.41,46.18
2022-08-10,34.97,20.67,27.48,2.61,20.0,0.6,6.23,42.2
2022-08-11,34.12,19.66,26.41,0.0,23.37,0.6,4.58,47.68
2022-08-12,34.28,19.57,26.59,0.0,24.3,0.6,3.88,47.55
2022-08-13,32.31,20.38,26.03,0.07,22.8,0.6,2.94,54.8
2022-08-14,34.23,20.0,27.09,3.59,20.99,0.6,1.28,56.56
2022-08-15,31.8,21.02,25.66,1.79,19.36,0.61,2.15,62.23
2022-08-16,36.15,20.17,27.94,0.63,23.52,0.61,3.12,50.7
2022-08-17,36.25,22.52,28.34,0.67,19.4,0.6,1.47,50.62
2022-08-18,37.68,22.15,29.96,0.08,21.9,0.6,3.77,42.89
2022-08-19,37.19,22.83,29.6,0.0,21.96,0.6,3.12,48.89
2022-08-20,37.06,22.05,29.06,0.0,24.31,0.6,3.06,49.83
2022-08-21,35.13,21.38,27.69,0.34,20.01,0.6,3.79,59.74
2022-08-22,35.01,21.66,27.93,0.49,19.09,0.6,3.65,58.72
2022-08-23,32.72,21.92,27.16,0.6,13.19,0.6,2.92,60.74
2022-08-24,31.75,21.98,26.48,3.19,10.85,0.6,4.0,64.49
2022-08-25,30.59,20.83,25.43,22.57,14.1,0.62,2.51,71.05
2022-08-26,26.65,20.62,23.5,7.97,14.68,0.65,2.47,81.07
2022-08-27,33.28,19.67,26.16,0.0,19.68,0.65,1.52,61.88
2022-08-28,35.03,21.85,27.59,0.0,21.54,0.64,1.38,58.21
2022-08-29,35.91,20.72,27.06,0.0,23.18,0.64,3.17,58.56
2022-08-30,34.36,18.7,26.25,0.21,21.7,0.63,3.91,62.85
2022-08-31,30.67,20.21,25.05,1.08,14.62,0.63,3.11,71.46
2022-09-01,33.03,18.59,25.35,0.24,18.65,0.63,3.33,64.83
2022-09-02,29.64,20.57,24.58,15.17,17.52,0.64,2.89,78.84
2022-09-03,29.12,19.33,23.99,2.94,17.89,0.65,3.48,76.18
2022-09-04,29.23,17.36,22.17,0.0,12.87,0.65,3.79,66.73
2022-09-05,26.58,15.54,20.55,0.0,16.2,0.64,5.64,66.45
2022-09-06,27.37,13.26,19.46,0.0,21.67,0.64,4.81,60.73
2022-09-07,27.65,13.47,19.89,0.0,21.69,0.64,4.39,60.06
2022-09-08,29.68,13.74,21.06,0.0,22.63,0.63,2.96,61.64
2022-09-09,31.41,15.06,22.48,0.0,22.43,0.63,2.36,62.35
2022-09-10,33.33,16.65,24.3,0.71,21.35,0.62,2.69,65.39
2022-09-11,31.36,19.75,24.75,0.26,15.9,0.62,2.98,64.57
2022-09-12,28.77,17.0,21.66,2.17,16.8,0.62,4.27,61.2
2022-09-13,26.54,14.11,19.93,0.0,16.45,0.62,3.04,59.32
2022-09-14,28.5,15.06,20.77,0.0,21.57,0.62,2.04,57.43
2022-09-15,32.72,15.5,23.12,0.0,19.9,0.62,4.77,62.97
2022-09-16,30.87,17.55,23.86,0.2,19.17,0.61,4.37,72.87
2022-09-17,33.58,19.21,25.2,1.31,18.65,0.61,4.22,72.82
2022-09-18,25.67,14.63,20.94,0.71,13.08,0.61,5.57,61.39
2022-09-19,24.84,10.18,17.54,0.0,20.8,0.61,1.95,48.75
2022-09-20,23.62,10.91,16.47,0.0,17.77,0.61,3.7,55.65
2022-09-21,20.38,10.1,15.01,0.12,10.24,0.61,3.28,59.37
2022-09-22,20.28,9.26,14.56,0.15,14.86,0.61,3.48,59.04
2022-09-23,20.89,9.22,14.44,1.43,15.75,0.61,2.03,58.53
2022-09-24,23.22,8.76,15.57,0.07,18.52,0.61,1.7,56.95
2022-09-25,26.42,10.59,17.01,0.0,19.81,0.61,2.66,57.38
2022-09-26,27.51,10.66,18.8,0.0,17.83,0.61,4.8,66.93
2022-09-27,26.97,15.75,20.64,1.11,7.58,0.61,7.02,78.18
2022-09-28,30.43,17.28,22.6,0.99,16.15,0.61,4.58,68.13
2022-09-29,29.77,16.53,22.06,0.0,15.64,0.61,5.25,68.77
2022-09-30,31.71,16.1,22.82,0.0,17.82,0.61,3.65,65.31
2022-10-01,33.63,16.02,24.04,0.0,16.6,0.6,3.48,59.68
2022-10-02,27.49,14.3,20.87,1.14,13.1,0.6,5.28,54.19
2022-10-03,26.29,11.73,18.04,0.33,14.17,0.6,3.21,55.62
2022-10-04,21.59,10.48,15.31,0.13,12.69,0.6,4.05,53.74
2022-10-05,22.64,9.03,15.15,0.0,16.96,0.6,3.78,57.02
2022-10-06,22.27,10.32,15.35,0.0,15.3,0.6,4.63,64.53
2022-10-07,23.42,10.15,15.92,0.02,12.98,0.6,5.61,69.78
2022-10-08,24.83,10.97,16.74,0.0,12.11,0.6,4.38,69.57
2022-10-09,25.65,9.72,17.32,0.0,14.92,0.6,2.42,59.2
2022-10-10,24.76,11.57,17.59,0.0,11.88,0.6,4.05,67.83
2022-10-11,20.42,12.21,15.63,0.0,11.38,0.6,4.01,68.2
2022-10-12,22.58,11.6,16.0,0.0,12.28,0.6,4.28,56.31
2022-10-13,23.44,10.62,15.95,0.0,12.36,0.6,4.16,62.27
2022-10-14,21.0,12.73,16.09,0.76,9.85,0.6,6.15,63.14
2022-10-15,19.39,12.09,15.36,3.94,4.14,0.61,6.9,71.14
2022-10-16,20.4,9.66,13.94,0.01,7.63,0.61,5.25,73.41
2022-10-17,21.47,7.59,13.65,0.0,11.05,0.61,5.7,75.9
2022-10-18,22.5,10.03,15.07,0.0,12.26,0.61,5.13,71.06
2022-10-19,22.0,8.65,14.77,0.0,11.77,0.61,2.23,64.53
2022-10-20,20.94,8.69,13.54,0.0,10.51,0.6,4.11,64.89
2022-10-21,19.14,6.01,11.53,0.0,13.44,0.6,3.25,65.08
2022-10-22,20.0,5.95,11.82,0.0,14.75,0.6,2.09,63.02
2022-10-23,26.55,9.26,16.57,0.0,13.53,0.6,4.02,65.12
2022-10-24,26.5,10.53,17.8,0.0,13.69,0.6,1.7,60.68
2022-10-25,27.15,11.26,18.2,0.0,13.11,0.6,2.58,65.91
2022-10-26,25.99,13.23,18.36,0.0,12.07,0.6,3.73,63.97
2022-10-27,24.09,11.44,16.41,0.0,11.73,0.6,2.72,71.62
2022-10-28,22.22,9.19,14.47,0.0,11.38,0.6,4.18,75.98
2022-10-29,21.98,8.16,13.53,0.0,12.22,0.6,3.91,74.12
2022-10-30,23.61,6.66,14.56,0.0,13.3,0.6,2.0,63.12
2022-10-31,24.47,11.92,16.66,0.0,10.26,0.6,3.09,61.39
2022-11-01,24.53,9.36,15.69,0.0,12.73,0.6,2.14,72.72
2022-11-02,27.87,9.71,17.23,0.0,12.44,0.6,2.07,61.37
2022-11-03,23.86,11.17,16.13,0.0,8.92,0.6,3.62,63.58
2022-11-04,23.34,9.12,14.82,0.0,10.98,0.6,3.24,74.13
2022-11-05,24.54,11.6,16.23,0.0,11.62,0.6,4.52,71.85
2022-11-06,21.52,11.5,15.6,0.0,6.23,0.6,2.32,70.18
2022-11-07,20.09,7.78,13.51,0.0,5.93,0.6,4.56,76.53
2022-11-08,18.65,7.1,11.26,0.0,8.96,0.6,2.53,78.85
2022-11-09,18.92,7.41,11.57,0.0,4.65,0.6,2.46,79.45
2022-11-10,20.06,5.83,11.27,0.0,11.53,0.6,2.01,71.49
2022-11-11,18.58,5.13,11.13,0.62,8.87,0.6,2.91,76.84
2022-11-12,17.33,8.73,12.03,4.25,5.32,0.6,6.04,80.17
2022-11-13,18.3,7.11,11.71,0.0,9.73,0.61,3.38,81.26
2022-11-14,16.11,5.24,9.56,0.0,5.78,0.61,2.97,82.16
2022-11-15,13.91,6.2,9.6,0.0,5.61,0.61,2.26,85.88
2022-11-16,17.15,6.55,10.95,0.07,5.93,0.61,3.66,87.29
2022-11-17,19.06,12.08,14.67,2.28,3.4,0.61,6.24,91.73
2022-11-18,22.5,11.87,16.53,0.09,7.08,0.61,6.4,82.36
2022-11-19,24.39,14.99,18.6,0.0,6.44,0.61,7.06,82.17
2022-11-20,20.26,15.96,17.7,0.56,3.94,0.61,7.5,84.38
2022-11-21,21.02,12.46,16.63,4.05,6.02,0.61,8.14,75.39
2022-11-22,15.6,5.55,10.71,1.26,8.3,0.62,3.62,69.68
2022-11-23,14.76,11.09,13.2,22.08,2.26,0.65,6.12,91.24
2022-11-24,16.18,7.19,11.39,0.89,6.12,0.66,3.39,82.55
2022-11-25,13.27,3.85,7.81,0.12,5.86,0.65,3.99,74.33
2022-11-26,12.08,0.87,5.42,0.02,7.49,0.65,2.85,79.55
2022-11-27,11.23,0.92,5.39,0.08,5.37,0.65,4.69,77.47
2022-11-28,10.57,4.64,6.66,7.01,2.08,0.65,6.06,86.29
2022-11-29,12.92,3.45,8.01,2.87,3.98,0.66,5.76,87.22
2022-11-30,12.55,9.57,10.58,2.01,2.67,0.66,6.46,89.41
2022-12-01,11.81,8.76,10.11,9.2,3.52,0.66,6.23,88.48
2022-12-02,8.63,4.93,7.49,7.87,2.64,0.69,4.04,91.48
2022-12-03,10.67,4.58,6.52,0.04,3.77,0.68,3.85,86.64
2022-12-04,11.0,4.85,7.37,0.05,3.9,0.68,4.08,87.71
2022-12-05,11.47,5.71,7.83,0.33,4.52,0.68,3.58,90.83
2022-12-06,12.68,5.22,8.13,0.04,4.56,0.68,2.34,89.75
2022-12-07,13.14,5.18,8.34,0.21,5.4,0.68,2.55,89.6
2022-12-08,14.63,7.48,10.84,2.45,4.72,0.68,4.34,93.27
2022-12-09,17.14,10.27,13.49,0.53,3.84,0.68,5.27,94.14
2022-12-10,19.06,14.18,15.76,2.41,2.9,0.68,8.92,88.11
2022-12-11,18.29,13.59,15.99,6.18,3.17,0.69,10.32,87.05
2022-12-12,13.3,5.44,9.53,2.35,5.08,0.69,2.46,88.73
2022-12-13,10.02,-0.54,3.77,3.41,3.16,0.7,4.66,68.44
2022-12-14,10.99,-0.7,4.45,0.07,6.22,0.7,3.39,83.04
2022-12-15,17.2,5.13,10.79,1.47,2.89,0.7,4.4,93.55
2022-12-16,18.87,9.94,14.4,0.35,4.35,0.7,5.48,93.03
2022-12-17,19.78,11.91,14.78,0.2,5.68,0.69,5.85,91.42
2022-12-18,12.08,3.37,7.83,7.67,1.55,0.7,5.51,85.57
2022-12-19,6.71,-2.45,2.25,0.05,4.36,0.71,6.43,75.9
2022-12-20,8.14,-2.72,1.62,0.08,5.25,0.7,5.37,85.46
2022-12-21,9.18,-1.84,2.09,0.0,5.68,0.7,2.79,88.07
2022-12-22,8.59,0.7,3.31,0.0,8.28,0.7,1.55,87.59
2022-12-23,9.42,-0.74,2.93,0.0,6.7,0.7,1.88,87.0
2022-12-24,14.07,1.31,6.49,0.49,7.5,0.7,2.26,85.39
2022-12-25,14.6,2.94,7.14,0.16,8.0,0.7,3.8,86.58
2022-12-26,11.78,0.93,4.81,0.0,8.4,0.7,2.61,89.02
2022-12-27,15.97,2.7,8.08,0.0,6.58,0.7,3.39,89.34
2022-12-28,11.17,3.91,6.59,0.02,4.76,0.7,3.83,88.11
2022-12-29,12.8,2.69,6.65,0.0,8.23,0.7,1.92,85.83
2022-12-30,13.25,2.65,6.51,0.0,5.61,0.7,3.04,93.58
2022-12-31,14.96,5.51,9.12,0.0,5.41,0.7,1.36,79.34
2023-01-01,14.41,4.06,8.4,0.0,6.87,0.7,0.65,74.94
2023-01-02,12.1,1.99,6.18,0.0,7.11,0.69,1.29,80.56
2023-01-03,12.45,0.1,5.08,0.0,5.39,0.69,2.73,94.1
2023-01-04,12.76,3.1,6.9,0.0,5.02,0.69,3.02,92.0
2023-01-05,13.03,4.89,7.61,0.0,5.38,0.69,2.42,89.39
2023-01-06,14.78,4.38,8.06,0.0,8.02,0.69,4.1,78.75
2023-01-07,12.66,0.81,6.27,0.0,8.57,0.69,1.99,77.7
2023-01-08,11.92,1.88,5.07,0.0,8.23,0.69,2.21,87.85
2023-01-09,8.56,2.24,4.52,0.05,8.06,0.69,2.89,89.47
2023-01-10,13.21,7.72,10.3,15.78,3.05,0.7,8.27,91.58
2023-01-11,10.39,6.19,7.91,6.81,2.41,0.72,2.62,97.48
2023-01-12,11.87,3.5,7.39,2.43,2.38,0.73,3.82,86.76
2023-01-13,5.15,3.05,4.02,2.84,2.34,0.73,4.52,88.86
2023-01-14,10.83,3.04,5.91,0.79,3.31,0.73,3.19,88.4
2023-01-15,9.54,2.94,5.44,0.64,2.24,0.73,2.88,90.08
2023-01-16,11.25,2.58,6.57,0.02,6.44,0.73,3.89,87.73
2023-01-17,16.86,7.83,12.4,0.47,4.88,0.72,9.18,86.85
2023-01-18,18.13,12.97,14.66,0.1,5.57,0.72,11.06,79.59
2023-01-19,18.13,10.19,14.13,0.0,9.39,0.72,9.83,78.44
2023-01-20,15.97,8.22,10.95,8.32,3.75,0.72,7.24,85.97
2023-01-21,14.95,4.53,9.72,1.67,6.91,0.73,5.61,84.23
2023-01-22,14.31,7.96,10.16,5.97,7.15,0.73,3.53,91.05
2023-01-23,12.5,2.93,7.73,0.0,4.72,0.74,5.0,86.48
2023-01-24,9.25,-0.16,3.63,0.0,3.45,0.74,4.49,81.53
2023-01-25,6.32,-2.89,1.05,0.06,8.64,0.73,4.15,79.05
2023-01-26,10.12,1.26,5.44,3.57,5.13,0.73,5.84,87.52
2023-01-27,9.52,3.4,7.43,9.11,3.88,0.75,3.43,94.39
2023-01-28,7.54,-1.44,2.57,3.3,4.04,0.76,4.44,83.09
2023-01-29,5.48,-1.81,0.82,0.06,6.09,0.75,2.29,85.15
2023-01-30,5.25,-3.42,0.66,0.13,6.61,0.75,1.57,78.38
2023-01-31,5.57,-2.28,0.45,0.21,5.71,0.75,2.67,84.75
2023-02-01,7.47,-3.42,1.36,0.01,10.6,0.75,3.7,82.43
2023-02-02,11.92,-1.68,4.31,1.22,11.24,0.75,3.91,76.44
2023-02-03,8.06,-0.69,2.67,0.81,9.28,0.75,3.39,81.58
2023-02-04,9.99,-1.55,3.52,2.33,4.31,0.75,3.2,83.12
2023-02-05,2.77,-2.97,-0.04,0.17,5.1,0.75,9.56,69.75
2023-02-06,2.24,-2.66,-0.98,0.27,5.73,0.75,10.49,65.96
2023-02-07,2.35,-4.58,-1.75,0.02,9.51,0.75,7.09,67.24
2023-02-08,2.4,-4.47,-1.71,0.03,10.86,0.75,6.05,70.91
2023-02-09,3.12,-3.85,-1.45,0.03,6.93,0.74,6.42,73.66
2023-02-10,5.13,-5.27,-1.43,0.01,9.72,0.74,4.52,76.19
2023-02-11,5.48,-4.52,0.03,0.0,13.92,0.74,2.44,57.21
2023-02-12,7.41,-2.3,0.98,0.0,9.2,0.74,3.12,69.92
2023-02-13,7.85,-3.74,1.3,0.0,14.23,0.74,2.79,68.29
2023-02-14,10.06,-1.61,2.67,0.0,13.51,0.74,3.4,71.24
2023-02-15,9.12,-2.69,2.78,0.0,8.73,0.74,3.19,71.9
2023-02-16,10.8,-0.89,3.73,0.0,13.94,0.74,1.72,71.19
2023-02-17,15.92,-0.54,6.72,0.0,12.37,0.74,4.79,84.22
2023-02-18,17.64,4.46,9.91,0.0,9.01,0.74,5.3,82.85
2023-02-19,19.58,7.2,12.21,0.0,13.51,0.73,5.3,81.9
2023-02-20,15.26,5.29,10.29,0.0,12.09,0.73,4.66,73.64
2023-02-21,18.3,1.24,8.79,0.0,14.12,0.73,4.51,73.23
2023-02-22,19.42,5.05,10.99,0.0,14.28,0.73,2.53,77.68
2023-02-23,15.01,5.3,8.71,0.0,7.83,0.72,3.17,84.19
2023-02-24,15.94,3.94,8.63,0.0,13.3,0.72,3.45,80.85
2023-02-25,17.78,6.27,12.0,0.0,9.56,0.72,7.85,85.63
2023-02-26,17.51,10.48,13.19,0.0,8.58,0.72,8.18,79.49
2023-02-27,18.03,9.53,13.41,1.01,8.63,0.72,5.44,83.37
2023-02-28,12.37,5.86,9.69,4.62,6.68,0.72,4.93,83.93
2023-03-01,9.23,5.46,6.71,2.39,6.31,0.73,5.97,87.44
2023-03-02,9.06,4.57,6.2,0.05,5.26,0.73,4.81,80.78
2023-03-03,9.84,4.01,6.71,0.76,7.45,0.73,2.32,84.9
2023-03-04,13.75,2.79,7.56,0.3,10.25,0.73,2.22,84.75
2023-03-05,11.93,5.1,8.48,1.59,6.43,0.73,2.37,83.85
2023-03-06,12.56,2.18,6.8,0.95,9.22,0.73,3.04,76.6
2023-03-07,15.79,5.28,10.11,0.27,11.54,0.73,4.83,83.66
2023-03-08,17.77,7.02,11.27,0.31,14.25,0.72,4.15,82.79
2023-03-09,18.7,6.96,11.82,0.0,12.79,0.72,5.64,78.19
2023-03-10,18.16,8.42,13.34,0.02,8.7,0.72,5.86,84.79
2023-03-11,17.25,10.71,13.92,4.12,6.42,0.72,6.9,81.81
2023-03-12,14.28,2.68,8.22,0.22,13.92,0.72,5.54,63.95
2023-03-13,12.57,-0.01,5.53,0.0,18.88,0.72,5.2,68.12
2023-03-14,13.93,-1.33,5.11,0.0,20.22,0.72,2.78,74.21
2023-03-15,14.61,0.02,6.78,1.15,16.63,0.71,3.03,83.18
2023-03-16,11.61,4.46,8.33,13.88,2.88,0.73,3.91,88.8
2023-03-17,12.02,1.94,6.18,2.34,6.81,0.74,6.23,72.04
2023-03-18,12.67,-0.5,6.05,0.05,12.49,0.73,4.87,67.89
2023-03-19,13.62,3.59,7.71,0.02,10.2,0.73,4.5,82.51
2023-03-20,17.76,2.64,9.02,0.0,19.78,0.73,1.2,80.36
2023-03-21,17.82,4.86,11.16,0.01,16.39,0.72,2.17,77.52
2023-03-22,15.29,6.66,10.23,1.85,5.14,0.72,3.77,77.33
2023-03-23,14.97,5.74,9.67,0.15,5.9,0.72,1.88,81.91
2023-03-24,18.03,5.32,10.6,0.0,19.22,0.72,1.34,77.36
2023-03-25,20.72,5.71,12.39,0.24,21.17,0.72,2.66,77.66
2023-03-26,19.71,8.44,13.29,3.12,12.82,0.72,2.9,72.71
2023-03-27,21.14,6.3,13.71,4.66,20.26,0.72,6.52,77.24
2023-03-28,12.28,4.28,8.6,2.74,8.62,0.72,6.65,63.87
2023-03-29,10.62,0.33,4.82,0.2,17.34,0.72,5.62,57.46
2023-03-30,13.12,-2.83,5.6,0.0,23.27,0.72,2.94,52.65
2023-03-31,18.59,2.45,10.23,0.06,12.49,0.71,4.14,76.69
2023-04-01,20.59,8.36,14.0,2.05,13.51,0.71,7.07,81.5
2023-04-02,19.09,6.74,12.59,1.27,19.9,0.71,3.54,76.1
2023-04-03,17.67,8.39,11.85,1.3,8.74,0.71,4.02,87.51
2023-04-04,15.15,7.96,11.2,14.49,13.54,0.73,3.43,85.72
2023-04-05,11.01,5.23,8.01,9.06,8.24,0.74,3.81,80.43
2023-04-06,13.79,3.0,7.88,0.46,16.53,0.74,2.62,70.44
2023-04-07,14.52,1.59,8.47,0.32,14.67,0.74,2.41,71.22
2023-04-08,16.43,3.57,9.92,0.05,20.66,0.73,3.31,74.59
2023-04-09,16.38,5.33,9.99,0.0,20.41,0.73,4.58,73.35
2023-04-10,12.15,4.37,7.64,5.5,3.38,0.73,5.18,81.93
2023-04-11,11.74,6.42,8.99,5.43,5.53,0.73,5.31,85.58
2023-04-12,14.74,5.6,10.12,3.42,8.96,0.74,4.03,78.91
2023-04-13,19.28,3.89,11.6,0.0,24.31,0.74,3.94,68.83
2023-04-14,19.97,7.44,13.61,0.01,20.72,0.73,5.9,79.35
2023-04-15,21.62,11.62,15.53,2.4,10.88,0.73,5.03,74.3
2023-04-16,17.92,10.89,14.03,6.12,14.36,0.74,2.92,86.73
2023-04-17,17.02,9.79,13.33,4.49,16.68,0.74,2.57,84.79
2023-04-18,14.31,8.69,11.02,4.65,13.07,0.74,3.8,92.63
2023-04-19,16.14,8.27,11.72,2.2,9.01,0.75,2.12,83.75
2023-04-20,16.93,6.66,12.11,3.05,16.5,0.74,2.57,79.37
2023-04-21,18.46,8.44,13.04,0.8,16.48,0.74,2.1,76.6
2023-04-22,17.78,7.38,12.51,0.58,20.99,0.74,2.07,77.33
2023-04-23,19.23,5.73,12.03,0.0,24.77,0.73,3.2,71.87
2023-04-24,20.54,4.92,12.48,0.0,25.6,0.73,2.77,72.65
2023-04-25,20.55,8.58,14.51,9.5,16.19,0.73,4.22,80.91
2023-04-26,17.7,10.56,13.57,11.93,14.74,0.74,1.99,84.56
2023-04-27,16.47,7.39,11.75,5.18,12.17,0.76,4.87,74.05
2023-04-28,15.51,4.84,10.16,0.0,18.94,0.75,3.55,67.1
2023-04-29,18.36,3.14,11.88,0.0,26.28,0.74,2.06,57.56
2023-04-30,20.2,8.21,14.19,0.39,25.43,0.74,1.13,61.22
2023-05-01,21.22,8.89,15.11,3.27,22.35,0.73,2.15,67.72
2023-05-02,21.52,6.61,13.74,0.0,28.22,0.73,4.96,65.43
2023-05-03,19.88,8.6,13.79,1.5,11.67,0.72,4.68,68.45
2023-05-04,20.21,10.73,15.03,5.98,16.6,0.73,2.52,83.49
2023-05-05,20.38,10.0,14.48,0.11,18.05,0.73,4.5,75.79
2023-05-06,21.88,9.38,15.1,0.36,11.93,0.72,5.91,69.46
2023-05-07,22.41,9.21,15.23,0.0,26.57,0.71,4.21,69.53
2023-05-08,23.01,8.25,15.32,0.34,26.71,0.71,2.41,71.38
2023-05-09,17.48,9.48,13.19,0.76,13.03,0.7,5.27,75.14
2023-05-10,18.15,7.71,12.53,0.0,16.46,0.7,5.14,70.68
2023-05-11,18.1,5.94,11.79,0.0,22.63,0.7,5.44,69.03
2023-05-12,18.4,6.59,12.17,0.0,19.74,0.69,5.03,65.54
2023-05-13,22.04,5.93,13.91,0.0,28.46,0.69,2.78,66.7
2023-05-14,18.66,8.14,13.78,0.16,16.45,0.69,2.59,65.51
2023-05-15,22.29,8.99,16.0,0.0,19.31,0.68,2.8,74.65
2023-05-16,25.27,11.64,17.51,0.74,21.13,0.68,3.65,73.03
2023-05-17,21.86,11.77,16.25,16.98,8.42,0.7,2.41,85.98
2023-05-18,20.73,12.13,15.41,1.28,9.2,0.71,4.02,77.31
2023-05-19,23.63,11.19,16.88,0.4,20.85,0.7,5.1,69.1
2023-05-20,22.48,11.36,17.12,0.14,15.76,0.7,5.61,66.54
2023-05-21,22.95,11.3,17.47,0.25,20.2,0.69,5.07,72.89
2023-05-22,24.14,10.81,17.34,0.41,22.84,0.68,5.45,68.04
2023-05-23,21.44,11.97,16.88,1.13,12.48,0.68,4.07,77.21
2023-05-24,24.58,12.62,18.27,0.1,19.59,0.68,2.19,73.07
2023-05-25,26.46,11.17,19.19,2.65,22.7,0.68,2.43,69.93
2023-05-26,24.77,12.84,19.37,2.43,19.56,0.68,2.89,71.84
2023-05-27,25.05,13.58,19.48,0.24,20.11,0.67,4.04,72.99
2023-05-28,23.67,14.16,18.69,1.76,11.99,0.67,5.14,74.8
2023-05-29,24.16,14.72,19.12,1.81,14.37,0.67,4.49,74.51
2023-05-30,24.36,14.33,19.4,3.61,13.82,0.67,2.91,76.13
2023-05-31,27.17,14.31,20.71,0.1,24.68,0.67,2.64,66.08
2023-06-01,27.49,12.13,19.9,0.0,29.2,0.66,3.92,59.51
2023-06-02,28.96,12.22,20.53,0.0,26.56,0.66,3.93,54.84
2023-06-03,26.97,14.33,19.7,0.08,17.81,0.66,3.04,59.04
2023-06-04,26.48,13.54,19.83,0.19,20.39,0.65,4.31,70.05
2023-06-05,28.08,12.13,19.36,0.0,29.62,0.65,3.99,60.56
2023-06-06,28.43,10.15,19.28,0.0,29.49,0.64,4.37,62.53
2023-06-07,29.32,12.36,20.6,0.0,29.55,0.64,4.15,63.05
2023-06-08,28.77,13.49,20.97,0.0,27.55,0.64,4.55,63.9
2023-06-09,30.74,15.32,22.39,0.0,28.14,0.64,2.99,60.87
2023-06-10,32.26,15.18,23.52,0.0,26.5,0.63,2.15,56.47
2023-06-11,29.72,15.43,22.82,0.04,25.26,0.63,2.98,57.97
2023-06-12,28.76,15.02,21.65,1.05,23.55,0.63,3.83,62.22
2023-06-13,28.52,13.72,21.1,0.85,17.99,0.62,3.2,65.42
2023-06-14,29.53,14.02,22.23,0.01,23.32,0.62,2.67,62.14
2023-06-15,31.05,15.68,23.17,0.0,25.92,0.62,2.75,64.4
2023-06-16,31.5,17.41,23.6,0.59,17.91,0.62,4.58,64.01
2023-06-17,25.84,18.4,21.45,2.52,16.98,0.62,4.72,74.5
2023-06-18,27.21,16.63,21.92,3.03,20.81,0.62,3.22,68.15
2023-06-19,30.28,16.11,23.66,1.15,20.81,0.62,3.75,61.94
2023-06-20,31.21,16.12,23.44,6.2,19.71,0.62,2.54,56.58
2023-06-21,32.66,15.19,24.5,0.01,27.32,0.63,2.21,52.29
2023-06-22,33.77,17.95,25.78,0.0,27.61,0.62,3.29,51.42
2023-06-23,34.29,16.94,25.51,0.0,30.23,0.62,2.73,54.62
2023-06-24,35.28,16.43,25.89,0.0,30.95,0.61,2.91,51.35
2023-06-25,35.17,15.55,25.97,0.08,30.5,0.61,2.11,52.08
2023-06-26,28.79,18.73,23.5,12.18,13.37,0.62,3.43,70.44
2023-06-27,33.07,17.24,25.12,0.0,28.0,0.63,3.52,55.48
2023-06-28,33.76,19.59,26.22,2.06,27.32,0.62,2.26,56.28
2023-06-29,29.22,16.58,22.15,4.31,18.05,0.63,3.63,60.74
2023-06-30,31.31,14.92,23.8,0.0,27.29,0.62,1.9,51.6
2023-07-01,33.83,17.72,25.73,0.0,30.78,0.62,1.5,49.22
2023-07-02,35.43,18.07,26.85,0.35,27.19,0.61,3.21,53.99
2023-07-03,33.03,19.92,26.37,2.17,21.89,0.61,3.08,62.08
2023-07-04,36.19,19.45,27.61,0.0,28.11,0.61,3.31,55.23
2023-07-05,36.9,19.12,27.62,0.0,28.36,0.61,4.09,54.32
2023-07-06,32.42,19.43,25.98,0.43,26.9,0.61,3.65,57.27
2023-07-07,34.62,20.31,27.29,6.87,21.25,0.61,3.63,54.72
2023-07-08,29.22,19.28,24.09,3.41,21.09,0.62,4.95,63.31
2023-07-09,32.6,16.78,24.58,0.02,29.07,0.62,4.27,51.34
2023-07-10,34.15,17.9,26.58,0.0,27.06,0.61,2.17,47.33
2023-07-11,35.97,19.03,28.26,0.01,25.62,0.61,3.17,48.19
2023-07-12,37.93,20.81,29.86,0.0,26.91,0.61,2.54,45.98
2023-07-13,41.18,21.74,31.86,0.0,27.67,0.6,2.04,44.21
2023-07-14,41.56,24.53,33.03,0.0,27.63,0.6,2.92,37.96
2023-07-15,37.06,23.49,29.71,0.0,28.2,0.6,5.12,45.56
2023-07-16,36.76,21.21,28.36,0.0,29.62,0.6,4.64,47.66
2023-07-17,37.4,19.79,28.23,0.0,29.53,0.6,4.49,47.95
2023-07-18,38.09,19.62,28.82,0.0,29.13,0.6,3.82,46.01
2023-07-19,39.48,20.49,30.34,0.0,28.55,0.6,2.65,40.49
2023-07-20,40.24,22.22,31.42,0.59,27.68,0.6,1.97,39.44
2023-07-21,38.98,23.78,31.05,0.01,27.94,0.6,4.19,41.61
2023-07-22,41.65,21.98,32.14,0.64,28.17,0.6,2.17,46.84
2023-07-23,38.7,23.59,31.07,1.26,26.55,0.6,5.01,43.55
2023-07-24,36.44,20.47,28.4,0.0,28.04,0.6,3.1,49.86
2023-07-25,40.3,21.56,30.89,0.0,27.69,0.6,3.7,38.84
2023-07-26,42.13,22.48,31.83,0.05,27.48,0.6,5.46,37.52
2023-07-27,30.08,19.36,25.85,3.56,14.18,0.6,6.1,44.1
2023-07-28,32.56,15.69,24.41,0.0,28.6,0.6,2.37,37.57
2023-07-29,35.63,18.34,26.72,0.0,28.59,0.6,3.18,39.74
2023-07-30,35.99,18.36,27.04,0.0,28.45,0.6,3.52,44.5
2023-07-31,35.56,18.26,26.71,0.4,25.46,0.6,3.3,51.77
2023-08-01,34.65,19.57,26.94,0.0,23.5,0.6,2.61,52.93
2023-08-02,38.22,20.02,29.45,0.0,25.76,0.6,2.9,48.64
2023-08-03,40.39,24.3,32.11,0.0,26.14,0.6,2.25,39.09
2023-08-04,40.8,24.18,31.88,0.0,27.12,0.6,4.87,40.07
2023-08-05,40.24,21.8,30.66,0.05,26.85,0.6,4.32,51.67
2023-08-06,34.51,22.33,28.16,8.61,24.64,0.61,5.42,58.67
2023-08-07,33.28,20.46,26.3,0.0,25.61,0.61,3.67,49.05
2023-08-08,30.55,18.6,24.61,0.01,25.19,0.61,4.97,54.79
2023-08-09,30.42,16.47,23.04,0.0,22.43,0.6,5.17,52.28
2023-08-10,30.59,16.98,23.54,0.49,17.35,0.6,4.02,58.1
2023-08-11,32.12,16.87,24.43,0.05,22.93,0.6,4.68,51.32
2023-08-12,32.28,18.0,24.74,0.0,25.19,0.6,5.92,49.51
2023-08-13,32.43,18.99,24.8,0.03,23.26,0.6,7.48,58.21
2023-08-14,33.31,19.97,26.3,0.0,18.58,0.6,7.89,56.6
2023-08-15,36.1,22.38,28.21,0.05,10.64,0.6,5.98,58.42
2023-08-16,36.04,21.75,27.79,0.0,16.98,0.6,6.63,57.08
2023-08-17,36.41,21.26,27.92,0.0,23.39,0.6,6.85,54.24
2023-08-18,35.62,21.44,27.55,0.03,21.5,0.6,7.62,53.23
2023-08-19,34.43,21.44,26.8,0.0,22.27,0.6,7.42,51.43
2023-08-20,37.32,20.37,28.29,0.0,23.39,0.6,6.37,48.62
2023-08-21,38.59,22.04,29.68,0.0,25.23,0.6,6.47,33.29
2023-08-22,39.1,22.37,30.17,0.0,24.86,0.6,6.03,39.3
2023-08-23,38.06,22.34,29.61,0.0,24.56,0.6,5.15,45.02
2023-08-24,37.34,21.46,29.0,0.17,22.89,0.6,4.11,51.19
2023-08-25,37.8,21.02,28.63,0.0,23.61,0.6,3.86,52.5
2023-08-26,37.2,22.03,28.79,0.0,23.92,0.59,5.36,51.27
2023-08-27,34.34,20.4,26.52,0.0,22.28,0.59,5.16,58.45
2023-08-28,35.49,18.79,26.49,0.0,23.61,0.59,3.6,56.64
2023-08-29,36.78,19.39,27.98,0.0,23.36,0.59,3.67,52.43
2023-08-30,36.91,21.0,28.41,0.01,22.31,0.59,3.48,56.37
2023-08-31,35.13,20.8,27.49,0.98,19.33,0.59,3.0,55.85
2023-09-01,34.26,21.23,27.35,0.05,18.58,0.6,3.2,48.68
2023-09-02,33.31,21.2,26.47,0.01,18.37,0.59,5.14,52.13
2023-09-03,32.23,19.46,25.3,0.01,16.63,0.59,5.1,56.13
2023-09-04,29.76,17.7,23.64,0.78,14.91,0.59,5.36,61.53
2023-09-05,25.33,20.37,22.29,8.69,10.76,0.61,7.82,75.83
2023-09-06,29.99,20.07,24.13,0.07,14.95,0.61,7.15,63.25
2023-09-07,30.61,19.33,24.17,0.0,18.0,0.61,6.46,61.38
2023-09-08,29.96,17.83,23.36,0.02,17.96,0.61,6.93,60.75
2023-09-09,30.4,16.34,22.28,0.0,21.21,0.61,5.56,56.01
2023-09-10,28.83,16.04,21.56,0.01,17.89,0.6,6.32,56.4
2023-09-11,28.65,14.32,20.83,0.0,18.67,0.6,5.36,57.31
2023-09-12,30.21,14.21,21.69,0.0,22.02,0.6,3.55,57.74
2023-09-13,31.44,14.71,22.4,0.0,21.82,0.6,2.8,61.84
2023-09-14,32.79,14.68,23.42,0.0,21.17,0.6,2.25,55.39
2023-09-15,32.98,16.34,24.22,0.1,19.35,0.6,2.61,51.34
2023-09-16,31.37,18.43,23.72,0.07,19.71,0.6,3.77,58.13
2023-09-17,30.35,17.57,23.06,0.0,16.48,0.6,5.09,65.93
2023-09-18,28.91,17.41,22.03,0.0,14.66,0.6,5.79,56.97
2023-09-19,30.52,15.85,22.56,0.0,19.31,0.6,4.08,55.51
2023-09-20,32.22,15.23,22.79,0.0,19.72,0.6,2.86,60.33
2023-09-21,31.74,16.0,23.3,0.0,18.62,0.6,1.91,60.09
2023-09-22,34.43,17.56,25.14,0.0,18.71,0.6,3.01,52.79
2023-09-23,36.88,18.33,26.67,0.0,18.7,0.6,2.3,51.39
2023-09-24,36.03,19.07,26.28,0.0,19.14,0.6,4.21,56.31
2023-09-25,28.33,18.03,22.68,0.0,14.46,0.6,6.58,68.33
2023-09-26,30.39,19.13,23.79,0.0,15.83,0.6,7.35,60.14
2023-09-27,28.65,19.83,23.24,0.01,13.62,0.6,7.07,58.35
2023-09-28,24.46,17.92,20.69,2.03,6.32,0.6,3.89,73.43
2023-09-29,29.12,15.74,21.79,0.13,13.78,0.6,3.74,59.23
2023-09-30,29.13,15.05,21.3,0.93,12.79,0.6,4.27,61.82
2023-10-01,29.06,15.57,21.38,0.02,14.77,0.6,5.46,50.46
2023-10-02,26.46,15.09,19.83,0.02,11.3,0.6,4.85,53.85
2023-10-03,25.85,12.14,18.06,0.0,16.6,0.6,4.09,51.67
2023-10-04,27.14,11.61,18.52,0.0,16.86,0.6,2.1,58.54
2023-10-05,27.25,11.65,18.96,0.0,14.62,0.6,2.99,64.5
2023-10-06,28.74,13.22,20.65,0.03,15.61,0.6,2.85,62.73
2023-10-07,27.68,14.71,20.83,0.03,16.6,0.6,2.52,53.39
2023-10-08,29.58,13.06,21.38,0.0,16.96,0.6,3.34,38.4
2023-10-09,22.68,12.23,17.34,0.0,10.9,0.6,4.59,51.54
2023-10-10,25.46,10.72,17.65,0.0,14.28,0.6,3.51,56.27
2023-10-11,22.18,10.52,15.61,0.0,16.1,0.6,4.63,55.36
2023-10-12,25.01,8.93,15.97,0.0,16.41,0.6,3.07,65.98
2023-10-13,27.76,11.24,18.49,0.0,16.05,0.6,1.34,60.04
2023-10-14,28.23,12.1,19.12,0.0,15.51,0.6,2.96,61.75
2023-10-15,28.81,12.2,19.39,0.0,15.4,0.6,2.96,65.45
2023-10-16,19.66,10.01,15.49,0.51,3.07,0.6,5.37,57.83
2023-10-17,21.64,7.81,14.53,1.91,11.21,0.6,4.0,57.18
2023-10-18,20.56,10.2,14.56,1.85,7.8,0.6,3.51,68.61
2023-10-19,21.94,9.38,14.79,0.0,14.17,0.6,2.71,70.63
2023-10-20,26.61,11.81,18.13,0.0,12.02,0.6,6.57,79.63
2023-10-21,29.2,16.06,20.71,0.0,13.77,0.6,6.06,75.56
2023-10-22,29.6,15.1,20.32,0.0,11.79,0.6,4.21,73.5
2023-10-23,28.42,14.52,19.77,0.0,10.76,0.6,2.19,73.46
2023-10-24,28.81,14.87,20.63,0.0,11.31,0.6,1.7,65.34
2023-10-25,26.24,14.06,19.25,0.01,8.65,0.6,5.56,78.6
2023-10-26,23.19,17.96,20.01,0.44,7.99,0.6,5.94,81.62
2023-10-27,26.21,16.12,20.29,0.0,8.46,0.6,6.76,79.28
2023-10-28,29.25,17.11,21.67,0.0,11.72,0.6,5.16,74.12
2023-10-29,27.24,15.03,20.16,0.0,11.11,0.6,2.66,67.61
2023-10-30,27.23,13.33,18.79,0.0,12.11,0.6,2.93,56.01
2023-10-31,26.21,12.71,18.22,0.0,10.21,0.6,3.05,72.27
2023-11-01,24.04,15.12,18.75,0.07,7.63,0.6,3.23,79.24
2023-11-02,18.63,11.46,15.32,15.45,4.03,0.62,3.62,87.83
2023-11-03,24.02,11.15,17.69,0.56,7.6,0.63,5.79,83.2
2023-11-04,24.94,15.19,19.68,15.98,6.6,0.64,7.19,86.09
2023-11-05,22.4,10.08,16.22,0.0,11.41,0.65,6.27,77.17
2023-11-06,25.79,15.06,19.29,0.16,8.3,0.65,3.77,73.54
2023-11-07,23.93,13.39,17.8,0.82,10.79,0.65,1.94,80.95
2023-11-08,24.15,12.68,17.18,0.24,8.5,0.64,4.6,81.7
2023-11-09,18.01,7.7,11.79,2.69,10.23,0.65,3.68,72.71
2023-11-10,17.53,6.42,11.51,0.4,8.86,0.64,2.94,82.73
2023-11-11,21.7,10.84,16.65,4.11,4.34,0.65,7.24,81.66
2023-11-12,20.41,8.34,13.56,0.63,10.8,0.65,2.76,70.71
2023-11-13,15.31,8.24,11.5,12.75,2.5,0.67,4.13,82.71
2023-11-14,19.87,5.33,11.92,0.0,10.0,0.67,3.44,82.85
2023-11-15,22.46,10.61,15.55,0.59,6.91,0.66,5.01,83.04
2023-11-16,17.69,8.22,12.32,2.58,9.76,0.67,3.44,70.5
2023-11-17,17.73,7.24,12.12,0.44,7.35,0.67,4.09,76.63
2023-11-18,13.67,5.19,8.48,19.38,2.42,0.69,7.79,81.13
2023-11-19,11.21,2.42,6.16,5.0,4.99,0.7,7.62,67.56
2023-11-20,16.27,1.15,8.38,0.0,8.76,0.7,2.91,68.52
2023-11-21,15.84,6.09,10.79,0.07,7.63,0.69,3.3,80.76
2023-11-22,17.92,12.35,14.99,7.95,3.44,0.69,4.6,95.87
2023-11-23,13.75,7.82,11.19,6.55,3.5,0.71,3.44,88.65
2023-11-24,18.47,7.61,12.75,1.29,7.69,0.71,5.5,89.57
2023-11-25,17.07,12.31,14.7,15.05,3.65,0.72,7.39,87.33
2023-11-26,14.39,-1.23,4.05,17.62,5.28,0.75,7.77,78.03
2023-11-27,6.44,-1.75,1.44,0.03,9.28,0.74,4.54,69.94
2023-11-28,15.92,0.75,8.01,10.97,2.96,0.74,8.89,86.66
2023-11-29,16.24,7.86,13.14,7.13,5.26,0.76,4.58,81.61
2023-11-30,11.54,1.44,6.84,0.19,5.23,0.76,3.16,83.34
2023-12-01,18.35,7.79,12.98,0.0,5.24,0.76,6.48,91.3
2023-12-02,19.13,14.41,16.2,0.03,5.53,0.75,9.24,92.44
2023-12-03,19.32,6.49,14.98,5.65,5.3,0.75,7.06,89.17
2023-12-04,6.01,2.46,4.11,23.4,2.59,0.78,5.78,87.92
2023-12-05,9.08,4.22,6.59,0.18,3.17,0.79,3.78,92.39
2023-12-06,9.83,5.62,7.35,0.93,3.28,0.79,3.4,93.32
2023-12-07,9.81,4.76,7.35,0.84,3.11,0.79,3.56,93.96
2023-12-08,4.16,0.27,2.25,4.1,2.73,0.79,6.41,86.79
2023-12-09,4.11,-2.73,0.46,0.61,3.62,0.79,5.07,85.69
2023-12-10,6.8,-3.18,1.94,0.08,3.65,0.79,1.93,94.45
2023-12-11,9.8,2.22,4.89,0.35,6.02,0.79,1.82,88.27
2023-12-12,11.87,1.78,5.47,0.26,5.15,0.79,1.81,84.01
2023-12-13,13.8,0.53,8.1,0.0,5.95,0.79,4.64,91.74
2023-12-14,17.63,10.66,14.25,0.72,2.83,0.79,6.37,96.36
2023-12-15,13.56,4.28,8.28,15.56,1.15,0.8,5.67,91.22
2023-12-16,4.04,1.24,3.09,21.7,1.82,0.83,8.17,90.3
2023-12-17,6.46,-3.79,0.54,0.01,5.97,0.83,4.32,83.82
2023-12-18,7.33,-4.09,0.77,0.0,8.48,0.83,2.5,86.51
2023-12-19,10.79,-1.64,4.25,0.0,8.52,0.83,1.57,82.04
2023-12-20,5.54,0.6,3.59,0.21,7.9,0.83,2.37,96.19
2023-12-21,10.4,2.56,5.4,0.46,6.01,0.83,2.98,90.2
2023-12-22,8.84,0.18,4.82,0.58,3.44,0.83,3.17,94.67
2023-12-23,14.36,0.13,5.85,0.1,3.85,0.83,5.37,81.96
2023-12-24,14.36,4.69,8.93,0.0,7.86,0.82,4.9,80.49
2023-12-25,18.09,5.43,10.56,0.0,7.85,0.82,4.44,93.31
2023-12-26,17.73,7.92,11.96,0.0,7.08,0.82,5.19,94.05
2023-12-27,16.29,4.96,9.89,0.0,8.01,0.82,3.47,84.22
2023-12-28,14.2,1.87,7.23,0.0,8.49,0.82,2.01,81.01
2023-12-29,14.12,2.46,6.88,0.01,7.69,0.82,2.75,94.89
2023-12-30,13.13,7.3,9.63,0.0,4.39,0.82,1.6,92.32
2023-12-31,14.42,5.2,9.35,0.0,4.83,0.82,1.85,86.15
2024-01-01,15.68,7.23,10.74,0.0,5.01,0.82,3.87,93.35
2024-01-02,10.46,3.38,6.98,0.4,2.43,0.82,2.53,96.73
2024-01-03,10.98,2.04,6.3,0.26,2.88,0.82,2.49,97.93
2024-01-04,16.3,4.14,9.32,0.0,6.48,0.82,4.27,91.32
2024-01-05,15.54,3.5,8.35,0.0,8.82,0.82,3.24,82.53
2024-01-06,14.99,5.81,10.47,0.85,5.45,0.81,5.09,94.44
2024-01-07,15.13,10.68,12.93,12.34,4.62,0.83,8.33,89.8
2024-01-08,13.83,3.02,9.64,7.67,4.93,0.84,6.04,85.71
2024-01-09,2.4,-2.34,-1.09,3.21,1.58,0.84,9.57,78.95
2024-01-10,-0.91,-5.46,-3.7,0.62,5.33,0.83,6.99,78.27
2024-01-11,3.77,-5.23,-1.29,0.0,7.84,0.83,2.33,72.83
2024-01-12,3.75,-4.03,-1.47,0.0,7.25,0.83,4.08,80.4
2024-01-13,2.74,-4.18,-1.61,0.0,6.82,0.83,2.4,76.98
2024-01-14,5.24,-3.93,-0.57,0.0,8.8,0.83,2.93,84.14
2024-01-15,9.42,-0.76,3.59,0.2,6.14,0.83,3.57,95.15
2024-01-16,9.68,-1.07,5.2,0.34,4.04,0.83,4.69,83.6
2024-01-17,10.82,-1.98,3.6,0.0,8.77,0.83,3.18,87.36
2024-01-18,14.67,6.07,11.87,1.03,4.23,0.83,7.28,95.14
2024-01-19,18.19,9.79,13.32,0.12,5.39,0.83,5.12,90.28
2024-01-20,9.35,0.37,3.21,6.73,1.65,0.83,6.52,87.68
2024-01-21,4.22,-3.28,-0.13,1.1,7.37,0.84,6.73,80.81
2024-01-22,4.52,-4.5,-0.65,0.01,6.24,0.84,5.74,88.82
2024-01-23,7.03,-3.41,0.83,0.0,4.32,0.84,3.13,88.34
2024-01-24,6.8,-4.59,0.37,0.0,10.57,0.84,3.33,80.88
2024-01-25,11.4,-2.02,3.57,0.0,8.85,0.83,4.34,82.03
2024-01-26,10.69,-0.06,4.33,0.06,5.48,0.83,4.24,84.04
2024-01-27,7.32,-2.04,2.51,2.76,5.36,0.83,3.44,90.71
2024-01-28,7.42,-2.08,1.97,0.21,5.2,0.84,4.01,85.31
2024-01-29,4.98,-2.54,0.46,0.29,5.92,0.83,6.62,83.29
2024-01-30,5.08,-1.07,1.25,0.83,5.81,0.83,8.31,85.73
2024-01-31,6.76,-2.84,0.69,0.04,6.69,0.83,5.75,87.39
2024-02-01,7.95,-3.02,1.45,0.0,11.33,0.83,2.01,82.54
2024-02-02,8.52,-2.41,1.75,0.0,5.86,0.83,3.72,84.78
2024-02-03,9.15,-2.3,2.74,0.0,11.69,0.83,2.67,83.4
2024-02-04,12.7,-0.08,5.99,0.0,4.97,0.83,3.82,85.63
2024-02-05,17.93,2.21,9.1,0.0,10.35,0.83,4.67,78.46
2024-02-06,19.68,4.18,10.63,0.0,11.96,0.83,4.28,79.02
2024-02-07,18.58,5.92,11.29,0.0,7.7,0.82,4.03,89.34
2024-02-08,18.11,8.41,12.01,0.0,8.3,0.82,5.04,91.05
2024-02-09,17.73,6.37,11.18,0.0,10.78,0.82,5.19,90.42
2024-02-10,16.99,8.96,12.4,0.01,6.51,0.82,7.22,88.1
2024-02-11,17.37,11.57,13.71,0.97,6.25,0.82,8.8,87.63
2024-02-12,15.76,10.18,12.83,12.47,3.38,0.83,8.15,89.68
2024-02-13,12.71,6.01,9.45,3.43,4.84,0.84,2.36,85.1
2024-02-14,11.66,4.43,7.22,1.31,5.49,0.84,4.75,85.8
2024-02-15,6.75,2.24,4.62,2.32,5.22,0.83,5.79,85.94
2024-02-16,7.89,2.0,5.16,1.02,2.09,0.84,4.56,89.59
2024-02-17,10.37,0.26,3.92,0.0,5.74,0.84,3.56,87.63
2024-02-18,12.06,1.06,5.19,0.0,10.37,0.83,1.86,84.18
2024-02-19,11.11,0.72,4.9,0.0,5.58,0.83,2.89,87.0
2024-02-20,10.84,-0.05,4.87,0.03,10.82,0.83,2.03,84.26
2024-02-21,11.65,2.31,5.93,0.37,9.46,0.83,1.4,80.89
2024-02-22,12.26,3.71,6.76,0.1,13.56,0.83,2.95,88.4
2024-02-23,16.05,3.78,10.17,0.0,11.45,0.83,5.6,90.72
2024-02-24,19.05,7.81,12.3,0.04,14.68,0.82,5.24,85.66
2024-02-25,18.24,8.14,11.73,0.19,8.95,0.82,3.58,88.1
2024-02-26,14.88,5.25,9.3,0.0,9.92,0.82,2.9,82.63
2024-02-27,16.51,3.75,8.7,0.0,14.45,0.82,2.18,84.75
2024-02-28,14.99,4.29,8.49,0.0,12.98,0.82,2.27,88.04
2024-02-29,16.49,4.95,9.56,0.01,11.85,0.82,2.34,86.92
2024-03-01,14.05,5.76,9.27,0.07,5.9,0.82,2.2,86.26
2024-03-02,14.47,5.53,9.9,1.67,8.51,0.82,1.97,87.32
2024-03-03,14.51,5.93,9.55,0.56,6.35,0.82,1.71,85.01
2024-03-04,15.98,5.29,9.17,0.0,13.79,0.81,2.3,88.04
2024-03-05,13.13,6.24,8.39,11.38,3.97,0.82,4.31,91.51
2024-03-06,13.84,4.5,8.28,0.24,10.99,0.83,2.75,79.98
2024-03-07,10.41,3.92,6.78,1.85,10.44,0.83,3.44,88.63
2024-03-08,8.56,1.74,4.6,2.88,5.02,0.83,4.35,88.9
2024-03-09,12.28,1.56,5.91,0.05,9.63,0.83,1.77,79.65
2024-03-10,14.76,1.86,7.54,0.0,15.31,0.82,2.83,85.52
2024-03-11,17.3,5.75,10.89,0.2,13.98,0.82,4.57,88.41
2024-03-12,16.85,8.05,11.61,14.57,2.55,0.83,4.57,91.91
2024-03-13,14.2,8.41,11.0,5.11,9.76,0.84,1.32,84.9
2024-03-14,12.1,5.2,8.76,3.59,9.33,0.85,2.35,85.94
2024-03-15,12.57,3.92,7.94,1.73,12.05,0.84,2.15,80.78
2024-03-16,13.33,4.35,8.13,1.73,11.87,0.84,1.64,84.67
2024-03-17,15.25,4.11,8.69,0.0,16.98,0.84,2.06,80.79
2024-03-18,17.07,4.2,10.38,0.01,17.72,0.84,2.09,69.72
2024-03-19,16.78,5.5,9.92,2.8,10.22,0.83,3.25,79.95
2024-03-20,12.85,2.36,6.94,1.03,12.72,0.84,4.26,75.14
2024-03-21,13.47,0.06,6.92,1.0,14.94,0.83,2.7,79.71
2024-03-22,13.16,1.71,6.52,0.01,16.01,0.83,3.47,77.77
2024-03-23,16.12,1.61,8.16,0.0,20.53,0.83,2.29,78.0
2024-03-24,17.59,3.51,10.38,0.02,18.07,0.82,5.25,84.14
2024-03-25,12.77,3.43,9.15,1.66,8.1,0.82,5.39,80.67
2024-03-26,15.31,0.7,8.33,0.62,16.43,0.82,2.95,70.15
2024-03-27,20.56,5.17,12.54,0.25,15.15,0.82,3.98,82.84
2024-03-28,20.7,8.45,13.97,0.03,9.18,0.82,5.18,88.13
2024-03-29,24.07,8.32,15.6,0.0,20.99,0.81,2.42,74.46
2024-03-30,23.14,9.5,15.46,0.0,20.18,0.81,3.07,75.13
2024-03-31,23.76,8.16,15.24,0.0,21.42,0.8,4.56,82.69
2024-04-01,23.94,9.3,15.62,0.0,17.35,0.8,4.83,82.79
2024-04-02,24.33,9.63,16.36,0.0,17.28,0.79,5.61,79.05
2024-04-03,20.75,9.9,15.51,0.0,21.73,0.79,2.95,62.17
2024-04-04,22.33,9.69,16.15,0.04,22.14,0.78,1.41,60.79
2024-04-05,21.9,8.45,15.14,0.01,19.61,0.78,3.48,67.41
2024-04-06,22.47,10.56,17.23,0.02,19.12,0.77,1.0,58.8
2024-04-07,19.78,8.32,14.42,2.74,13.87,0.77,4.5,77.73
2024-04-08,20.35,6.75,12.55,0.0,24.08,0.77,4.91,74.29
2024-04-09,22.05,6.02,13.42,0.0,24.44,0.76,3.96,68.2
2024-04-10,22.64,5.58,13.55,0.0,24.91,0.76,3.14,65.64
2024-04-11,22.71,6.57,14.08,0.0,24.29,0.75,5.3,68.83
2024-04-12,24.74,9.19,16.35,0.03,23.08,0.75,4.69,73.87
2024-04-13,23.93,10.45,16.56,1.29,19.25,0.74,3.2,74.43
2024-04-14,25.2,11.63,17.86,0.0,22.88,0.74,1.59,59.77
2024-04-15,27.26,11.09,18.41,0.0,24.73,0.73,3.8,67.6
2024-04-16,25.89,10.99,18.13,0.0,21.81,0.72,5.68,70.33
2024-04-17,24.6,14.86,18.7,0.1,19.17,0.72,6.12,65.49
2024-04-18,17.77,9.75,14.01,5.1,12.45,0.72,3.69,77.28
2024-04-19,18.48,6.12,12.72,0.67,16.5,0.72,2.76,71.8
2024-04-20,11.31,5.27,9.27,11.69,3.74,0.73,6.67,84.11
2024-04-21,18.44,5.15,11.85,4.14,13.14,0.74,3.96,77.71
2024-04-22,18.52,7.66,13.61,2.32,22.52,0.74,3.19,71.14
2024-04-23,19.02,11.2,14.4,5.98,8.58,0.75,4.66,84.08
2024-04-24,22.55,11.55,17.09,0.0,14.39,0.74,2.61,80.7
2024-04-25,23.24,12.36,16.97,0.36,19.38,0.74,2.67,79.98
2024-04-26,20.94,9.69,14.72,0.0,18.51,0.73,2.74,71.1
2024-04-27,20.75,7.93,13.75,0.08,25.99,0.73,5.18,72.54
2024-04-28,18.39,7.54,13.13,2.94,12.02,0.73,4.82,80.06
2024-04-29,18.6,8.32,13.59,1.42,8.36,0.72,5.68,79.6
2024-04-30,21.59,11.68,15.72,2.24,7.44,0.72,6.55,82.15
2024-05-01,20.17,10.06,15.05,0.12,10.75,0.72,5.24,76.75
2024-05-02,22.02,8.68,15.27,0.05,13.06,0.71,2.98,75.24
2024-05-03,19.84,9.01,14.05,7.45,13.73,0.72,2.35,82.85
2024-05-04,17.08,9.76,12.33,7.34,14.07,0.73,3.06,85.88
2024-05-05,20.85,7.44,13.7,0.06,28.26,0.73,4.38,70.83
2024-05-06,23.17,7.16,15.24,0.0,28.42,0.72,1.57,70.0
2024-05-07,26.59,9.18,17.99,0.08,27.69,0.71,3.1,68.5
2024-05-08,26.09,12.42,18.66,2.92,21.83,0.71,2.96,74.96
2024-05-09,21.33,12.24,15.6,0.29,18.46,0.71,4.91,80.32
2024-05-10,17.72,11.5,13.93,1.05,12.1,0.71,7.56,74.09
2024-05-11,21.59,9.16,14.99,0.06,20.55,0.7,5.91,58.73
2024-05-12,22.91,9.07,15.9,6.25,18.81,0.7,3.2,68.53
2024-05-13,18.94,8.46,13.66,2.42,15.57,0.7,3.87,73.16
2024-05-14,20.35,6.81,13.61,0.0,27.31,0.7,1.93,64.8
2024-05-15,19.35,8.63,13.96,0.17,17.39,0.7,3.32,65.37
2024-05-16,21.2,8.22,14.59,1.0,20.71,0.69,3.38,69.35
2024-05-17,23.83,9.7,16.28,0.02,24.34,0.69,3.95,70.71
2024-05-18,27.13,9.4,18.49,0.0,27.46,0.68,1.94,70.73
2024-05-19,18.19,12.87,15.46,2.19,7.07,0.68,3.99,84.23
2024-05-20,25.37,10.89,17.62,0.0,21.76,0.68,3.82,65.72
2024-05-21,26.01,11.08,18.07,0.0,28.04,0.67,4.0,63.54
2024-05-22,28.17,11.37,19.79,0.34,26.93,0.67,2.98,70.44
2024-05-23,24.01,12.93,18.37,8.89,22.73,0.67,3.03,75.3
2024-05-24,27.72,12.69,19.58,0.05,24.7,0.68,3.99,65.34
2024-05-25,26.71,12.56,19.29,0.0,28.15,0.67,5.37,63.94
2024-05-26,24.49,11.13,17.62,0.0,27.89,0.66,5.88,64.43
2024-05-27,25.43,9.04,17.27,0.0,26.86,0.66,4.17,63.39
2024-05-28,23.88,10.24,17.8,0.32,22.36,0.66,2.44,63.12
2024-05-29,26.66,13.49,19.95,1.0,22.27,0.65,1.56,61.49
2024-05-30,27.48,13.41,20.66,0.78,25.73,0.65,2.89,62.21
2024-05-31,30.27,13.08,21.89,0.0,28.88,0.65,4.26,61.97
2024-06-01,33.03,14.95,23.81,0.0,29.73,0.64,4.35,58.33
2024-06-02,35.43,15.7,25.97,0.0,27.74,0.64,2.1,57.36
2024-06-03,37.0,20.88,28.43,0.03,28.26,0.63,2.55,49.63
2024-06-04,37.26,19.18,27.4,0.01,27.9,0.63,3.38,52.47
2024-06-05,35.33,19.43,27.17,0.28,28.09,0.62,3.14,53.8
2024-06-06,33.86,19.19,26.27,0.12,26.16,0.62,3.18,57.48
2024-06-07,33.56,19.6,25.9,0.0,28.41,0.62,4.24,57.59
2024-06-08,33.6,17.08,25.04,0.0,30.42,0.62,3.68,55.04
2024-06-09,35.02,16.35,25.96,0.0,30.1,0.61,2.72,49.69
2024-06-10,37.54,18.14,27.83,0.0,27.82,0.61,2.58,46.43
2024-06-11,39.42,21.03,29.93,0.0,27.89,0.61,4.36,40.54
2024-06-12,39.5,21.6,30.25,0.43,28.42,0.61,3.62,42.96
2024-06-13,38.16,21.51,30.02,0.06,23.67,0.61,2.57,49.87
2024-06-14,31.6,17.36,25.3,7.73,17.78,0.61,4.75,55.66
2024-06-15,31.15,15.12,23.31,0.01,27.79,0.62,3.13,53.4
2024-06-16,33.48,17.49,25.53,0.0,29.51,0.61,1.86,53.6
2024-06-17,36.22,18.41,27.54,0.0,30.19,0.61,2.07,47.01
2024-06-18,36.82,19.4,28.02,0.0,30.12,0.61,3.8,41.49
2024-06-19,35.57,19.5,27.25,0.0,30.51,0.61,4.61,46.18
2024-06-20,37.79,18.69,28.31,0.0,31.0,0.6,4.15,46.06
2024-06-21,35.95,20.41,27.82,0.0,28.99,0.6,5.68,51.46
2024-06-22,35.29,18.13,25.79,0.0,30.41,0.6,4.91,47.85
2024-06-23,35.66,16.7,25.75,0.0,30.64,0.6,4.46,52.4
2024-06-24,35.99,17.13,26.44,0.0,30.32,0.6,4.71,50.64
2024-06-25,33.92,18.62,26.51,0.07,28.79,0.6,5.33,55.66
2024-06-26,34.18,19.35,26.27,0.0,30.01,0.6,4.99,51.34
2024-06-27,34.21,17.74,25.73,0.0,29.8,0.6,4.68,50.56
2024-06-28,33.11,18.35,25.59,0.0,27.55,0.6,5.35,52.02
2024-06-29,33.48,19.44,26.13,0.0,29.26,0.6,6.36,51.07
2024-06-30,35.54,17.81,26.98,0.02,30.02,0.6,4.47,47.02
2024-07-01,36.06,18.83,27.56,0.04,30.54,0.6,3.63,48.38
2024-07-02,38.18,20.09,29.53,0.0,28.58,0.6,3.16,39.12
2024-07-03,33.65,22.46,26.65,6.24,22.02,0.6,3.68,50.66
2024-07-04,29.56,19.07,24.52,2.28,18.18,0.61,2.57,56.76
2024-07-05,33.28,19.36,26.22,0.42,23.78,0.61,3.07,52.47
2024-07-06,34.79,19.33,26.97,0.0,29.46,0.6,4.87,46.62
2024-07-07,36.13,18.15,26.97,0.0,29.24,0.6,4.65,48.43
2024-07-08,38.5,18.32,28.49,0.0,29.14,0.6,4.28,44.8
2024-07-09,39.64,21.97,30.81,0.0,28.3,0.6,6.09,37.42
2024-07-10,37.3,23.76,30.72,0.03,27.37,0.6,5.61,34.94
2024-07-11,36.98,23.66,30.08,0.0,23.19,0.6,5.34,35.72
2024-07-12,38.3,22.15,29.99,0.0,27.88,0.6,5.26,36.38
2024-07-13,39.27,22.63,30.6,0.01,26.95,0.6,5.32,35.33
2024-07-14,37.57,21.32,29.05,0.0,29.38,0.6,5.11,36.51
2024-07-15,38.2,19.35,28.99,0.0,28.64,0.6,4.97,35.51
2024-07-16,39.02,22.04,31.12,0.0,26.67,0.6,5.39,31.45
2024-07-17,40.86,23.45,32.07,0.28,27.69,0.6,5.1,38.43
2024-07-18,41.27,23.7,32.27,0.0,27.76,0.6,5.19,33.89
2024-07-19,39.49,23.23,31.14,3.85,25.65,0.6,5.17,38.69
2024-07-20,38.67,23.5,30.58,0.0,27.22,0.6,4.45,45.26
2024-07-21,39.39,22.59,31.14,0.23,26.68,0.6,3.31,48.0
2024-07-22,40.17,23.5,30.78,4.22,21.72,0.6,2.2,50.66
2024-07-23,33.55,23.1,28.17,1.53,21.72,0.61,3.7,60.99
2024-07-24,37.16,20.75,28.95,0.01,27.24,0.6,3.67,50.34
2024-07-25,27.88,20.98,24.75,0.94,16.55,0.6,4.12,66.98
2024-07-26,33.06,18.81,26.01,0.01,25.3,0.6,4.14,55.83
2024-07-27,34.98,21.4,27.75,0.0,25.99,0.6,3.53,47.03
2024-07-28,36.74,19.2,27.89,0.0,27.65,0.6,3.63,48.15
2024-07-29,38.86,20.06,29.62,0.0,28.06,0.6,3.97,45.29
2024-07-30,33.83,21.28,27.33,0.0,20.89,0.6,4.26,49.6
2024-07-31,34.48,18.34,26.52,0.0,26.48,0.6,3.88,45.13
2024-08-01,35.12,19.03,26.81,0.0,28.18,0.6,4.25,45.72
2024-08-02,38.06,18.19,27.91,0.0,28.21,0.6,3.11,47.78
2024-08-03,40.01,19.37,29.86,1.31,27.12,0.6,0.98,43.4
2024-08-04,35.85,21.85,29.01,0.87,18.26,0.6,3.43,40.95
2024-08-05,33.22,21.62,27.07,1.37,16.5,0.6,2.94,56.06
2024-08-06,35.97,20.1,28.46,0.04,23.92,0.6,2.81,47.77
2024-08-07,34.33,19.61,26.94,0.0,25.65,0.6,4.17,42.75
2024-08-08,35.24,19.11,26.93,0.0,25.93,0.6,3.67,51.26
2024-08-09,36.65,19.57,27.77,0.0,25.78,0.6,3.57,53.91
2024-08-10,34.9,20.82,27.82,0.01,23.37,0.6,3.53,51.52
2024-08-11,36.67,21.08,28.66,0.0,26.02,0.6,4.6,45.48
2024-08-12,37.08,20.61,28.63,0.0,26.32,0.6,4.26,50.72
2024-08-13,39.7,21.13,29.95,0.0,26.49,0.6,3.53,48.22
2024-08-14,37.75,21.8,29.05,0.0,26.1,0.6,5.81,52.08
2024-08-15,38.33,22.68,29.41,0.0,25.89,0.6,4.97,46.82
2024-08-16,36.73,20.95,27.84,0.0,25.92,0.59,4.49,49.99
2024-08-17,36.07,20.28,27.38,0.0,25.7,0.59,4.16,50.24
2024-08-18,35.1,19.78,26.91,0.0,25.1,0.59,3.98,48.82
2024-08-19,36.62,18.18,27.37,0.0,25.38,0.59,2.18,48.55
2024-08-20,38.22,20.85,29.56,0.17,22.76,0.59,2.28,53.16
2024-08-21,33.38,23.24,27.52,0.8,14.01,0.59,3.49,51.7
2024-08-22,38.69,22.02,29.97,0.0,23.0,0.59,4.05,39.07
2024-08-23,38.04,21.83,29.63,0.0,23.32,0.59,3.73,43.08
2024-08-24,37.23,21.88,28.72,0.0,22.58,0.59,4.05,53.12
2024-08-25,35.55,19.48,27.25,0.0,23.47,0.59,4.51,46.04
2024-08-26,33.52,22.33,27.05,0.0,20.69,0.59,5.22,55.05
2024-08-27,34.65,20.58,26.82,0.02,21.08,0.59,4.57,50.97
2024-08-28,31.15,21.38,26.05,0.01,13.56,0.59,3.12,54.82
2024-08-29,32.97,20.64,26.58,0.39,16.89,0.59,3.64,49.47
2024-08-30,32.57,20.16,25.89,0.09,15.14,0.59,4.09,57.57
2024-08-31,29.75,19.38,24.31,5.26,11.31,0.6,4.21,64.13
2024-09-01,28.98,19.74,24.13,2.54,16.76,0.61,3.72,66.41
2024-09-02,31.96,19.51,25.36,0.45,16.33,0.61,2.65,65.08
2024-09-03,35.85,20.67,27.72,0.0,21.09,0.6,2.55,51.83
2024-09-04,35.77,19.68,27.62,0.01,19.99,0.6,3.23,47.92
2024-09-05,34.55,20.51,26.9,0.0,20.33,0.6,2.68,51.59
2024-09-06,32.01,19.5,25.64,0.0,20.28,0.6,2.01,53.54
2024-09-07,31.21,18.92,24.37,0.07,15.46,0.6,4.58,63.16
2024-09-08,30.71,17.08,23.52,0.05,21.06,0.6,5.05,54.99
2024-09-09,32.52,16.73,24.33,0.0,20.94,0.6,2.75,55.05
2024-09-10,32.5,18.6,24.38,1.09,11.77,0.6,3.63,62.29
2024-09-11,25.28,18.75,21.98,24.74,12.96,0.63,3.33,78.87
2024-09-12,30.14,16.52,22.86,1.24,19.41,0.65,3.21,70.65
2024-09-13,28.92,18.46,23.51,0.09,18.02,0.64,3.85,75.34
2024-09-14,31.13,19.34,24.41,0.14,17.47,0.63,5.54,65.65
2024-09-15,25.32,15.64,19.94,1.15,8.26,0.63,2.81,68.1
2024-09-16,25.88,14.11,20.01,0.08,12.22,0.63,2.25,71.09
2024-09-17,25.48,15.86,20.25,0.38,14.45,0.63,2.68,73.55
2024-09-18,24.67,15.1,19.16,0.01,13.38,0.63,3.07,70.64
2024-09-19,27.17,14.38,20.07,0.0,18.43,0.62,3.41,64.47
2024-09-20,23.15,16.39,19.09,0.86,12.37,0.62,5.26,75.8
2024-09-21,25.11,13.47,18.4,0.6,13.52,0.62,5.33,63.04
2024-09-22,27.39,13.16,19.62,0.04,16.88,0.62,4.03,62.29
2024-09-23,28.12,13.9,20.42,0.01,18.93,0.62,2.57,60.33
2024-09-24,28.96,13.56,21.06,0.0,17.14,0.61,1.94,62.42
2024-09-25,30.26,15.75,22.16,0.0,18.34,0.61,1.52,62.25
2024-09-26,31.15,16.47,22.86,0.0,17.95,0.61,1.63,64.82
2024-09-27,31.78,15.76,22.73,0.0,18.63,0.61,2.38,66.55
2024-09-28,32.45,15.94,23.32,0.02,17.58,0.61,1.96,68.17
2024-09-29,32.08,15.15,22.32,14.73,17.0,0.61,3.67,68.13
2024-09-30,21.63,12.28,16.43,0.66,10.22,0.63,5.69,63.61
2024-10-01,22.45,9.52,15.27,0.0,12.52,0.63,4.68,57.59
2024-10-02,24.4,9.14,16.15,0.0,16.96,0.63,2.24,63.09
2024-10-03,26.95,11.79,18.08,0.0,16.97,0.62,2.82,64.27
2024-10-04,29.58,14.98,21.32,0.0,16.3,0.62,5.23,79.35
2024-10-05,26.31,16.67,21.01,0.38,14.85,0.62,3.14,84.84
2024-10-06,28.47,15.66,21.07,1.83,13.12,0.62,3.5,75.7
2024-10-07,25.05,11.89,17.77,0.0,15.53,0.62,3.08,65.69
2024-10-08,27.14,11.54,18.4,0.0,16.91,0.62,2.44,69.23
2024-10-09,25.88,12.66,18.66,0.0,14.19,0.62,3.85,74.7
2024-10-10,28.06,13.99,19.96,0.0,12.93,0.62,3.7,79.61
2024-10-11,30.04,16.33,22.21,0.01,10.99,0.61,3.94,78.72
2024-10-12,24.24,13.41,19.01,0.87,6.09,0.61,4.58,78.75
2024-10-13,21.96,9.91,15.44,0.0,12.2,0.61,2.13,70.15
2024-10-14,24.82,10.83,16.67,0.0,13.72,0.61,2.18,68.71
2024-10-15,25.11,9.61,16.26,0.0,15.37,0.61,2.21,68.23
2024-10-16,22.38,10.42,15.15,0.0,11.27,0.61,4.09,70.87
2024-10-17,17.82,6.57,11.23,0.0,13.81,0.61,5.02,65.17
2024-10-18,17.08,5.11,9.96,0.0,15.03,0.61,4.15,65.57
2024-10-19,18.46,4.49,10.48,0.0,14.77,0.61,3.67,67.5
2024-10-20,19.0,5.23,11.11,0.0,12.29,0.61,3.99,73.46
2024-10-21,19.35,5.28,11.0,0.0,14.67,0.61,3.21,69.07
2024-10-22,21.53,5.1,12.01,0.0,14.36,0.61,2.85,71.94
2024-10-23,22.38,6.91,13.24,0.0,13.98,0.6,2.71,73.92
2024-10-24,21.97,7.11,13.41,0.0,9.95,0.6,4.15,78.75
2024-10-25,21.03,7.83,13.38,0.0,12.11,0.6,3.79,73.07
2024-10-26,21.87,5.88,12.08,0.0,14.16,0.6,3.23,70.83
2024-10-27,22.72,6.51,13.07,0.0,12.97,0.6,2.74,75.15
2024-10-28,24.56,6.83,15.02,0.0,12.91,0.6,1.7,61.5
2024-10-29,24.38,9.12,15.65,0.0,10.69,0.6,3.67,71.79
2024-10-30,20.97,9.01,14.18,0.0,9.9,0.6,4.02,66.96
2024-10-31,21.6,7.48,13.24,0.0,10.2,0.6,3.56,71.34
2024-11-01,21.41,9.0,13.99,0.0,11.06,0.6,2.59,73.18
2024-11-02,22.32,6.95,14.1,0.0,12.01,0.6,1.87,62.52
2024-11-03,16.86,7.2,11.84,0.01,7.96,0.6,5.59,60.83
2024-11-04,16.59,2.89,9.12,0.0,12.31,0.6,2.93,53.57
2024-11-05,16.07,4.3,8.56,0.0,11.61,0.6,4.69,64.33
2024-11-06,16.05,3.2,8.12,0.0,9.57,0.6,4.17,71.34
2024-11-07,18.08,4.03,9.34,0.0,10.66,0.6,4.58,75.09
2024-11-08,19.54,5.52,10.51,0.0,11.75,0.6,4.58,74.98
2024-11-09,15.78,4.08,8.62,0.0,7.77,0.6,5.22,72.77
2024-11-10,13.0,1.67,6.25,0.01,8.41,0.6,5.38,74.01
2024-11-11,15.22,3.52,9.06,1.09,3.32,0.6,3.99,82.68
2024-11-12,13.75,10.31,11.46,2.42,3.7,0.6,4.61,86.81
2024-11-13,14.26,8.66,10.9,1.12,2.36,0.61,3.6,87.57
2024-11-14,15.9,6.78,10.73,1.54,4.08,0.61,3.67,84.99
2024-11-15,11.68,5.19,8.44,4.07,3.2,0.61,5.56,82.79
2024-11-16,12.24,2.61,6.19,0.04,6.67,0.62,6.31,71.85
2024-11-17,13.15,2.35,6.77,0.01,3.78,0.62,3.55,79.98
2024-11-18,13.81,0.9,6.91,0.0,9.15,0.61,1.82,70.01
2024-11-19,15.22,0.99,7.3,0.0,9.85,0.61,1.83,68.98
2024-11-20,17.38,3.67,11.05,3.02,4.99,0.62,6.38,92.1
2024-11-21,16.02,1.45,10.41,2.34,3.08,0.62,7.46,72.43
2024-11-22,17.07,1.01,10.04,0.05,8.36,0.62,7.33,78.09
2024-11-23,17.11,0.87,7.46,13.36,2.44,0.64,8.58,61.41
2024-11-24,8.89,-2.5,2.8,0.0,9.59,0.64,3.58,62.41
2024-11-25,10.37,-1.31,3.09,0.0,7.41,0.64,2.91,64.99
2024-11-26,11.47,0.25,4.35,0.0,9.36,0.64,1.84,76.13
2024-11-27,13.93,2.34,6.48,0.0,4.72,0.64,3.31,81.52
2024-11-28,13.3,2.38,6.66,0.0,8.16,0.63,1.84,85.14
2024-11-29,15.04,3.86,8.75,0.76,5.01,0.63,2.27,88.92
2024-11-30,13.7,8.63,10.13,2.47,6.1,0.64,5.82,85.75
2024-12-01,11.41,8.92,9.69,7.67,4.38,0.64,8.93,83.36
2024-12-02,11.55,7.55,9.09,4.78,2.36,0.66,6.3,84.84
2024-12-03,9.82,5.5,7.33,0.76,2.86,0.66,4.92,86.63
2024-12-04,11.21,3.11,6.14,0.18,3.95,0.65,3.35,89.77
2024-12-05,11.46,4.51,6.85,0.0,5.34,0.65,3.65,89.12
2024-12-06,14.51,5.23,8.41,0.09,6.52,0.65,3.2,85.53
2024-12-07,14.99,8.46,11.12,15.67,3.44,0.66,4.48,91.89
2024-12-08,13.34,5.36,8.26,4.74,4.37,0.69,2.59,88.26
2024-12-09,17.75,7.52,12.32,12.53,3.21,0.7,4.74,90.25
2024-12-10,16.98,5.03,11.21,17.25,6.44,0.72,5.2,89.43
2024-12-11,11.71,5.07,7.71,3.36,5.0,0.73,1.73,82.02
2024-12-12,10.49,1.19,5.65,0.0,6.81,0.72,4.19,79.02
2024-12-13,8.86,-1.74,2.54,0.0,3.65,0.72,3.57,82.43
2024-12-14,7.66,-2.65,2.32,0.12,7.84,0.72,3.22,82.25
2024-12-15,10.34,3.48,7.01,1.73,3.44,0.72,3.26,91.32
2024-12-16,9.46,-1.36,3.16,0.0,8.41,0.72,3.84,76.9
2024-12-17,14.85,1.07,6.35,0.0,8.31,0.71,3.74,84.12
2024-12-18,14.81,3.03,8.4,0.0,7.77,0.71,2.37,73.66
2024-12-19,12.69,4.32,7.49,0.0,5.96,0.71,1.73,80.14
2024-12-20,14.92,4.99,9.05,0.16,4.73,0.71,4.02,92.43
2024-12-21,15.13,2.79,8.42,14.34,3.23,0.72,4.58,92.76
2024-12-22,9.28,1.36,4.15,0.38,6.09,0.73,3.41,83.94
2024-12-23,12.2,2.4,7.23,0.67,4.53,0.73,4.59,87.9
2024-12-24,11.98,7.49,9.73,10.42,1.8,0.75,5.25,95.48
2024-12-25,14.16,7.14,9.85,4.89,2.42,0.75,6.87,89.69
2024-12-26,7.86,2.95,5.89,7.42,2.2,0.76,10.62,86.75
2024-12-27,3.96,-1.08,1.34,0.89,3.63,0.76,7.8,82.85
2024-12-28,4.92,-2.21,0.6,0.17,4.74,0.76,7.47,85.93
2024-12-29,6.43,-1.26,1.37,0.06,4.07,0.75,6.2,85.24
2024-12-30,7.11,-2.07,1.17,0.0,5.13,0.75,3.17,88.59
2024-12-31,9.06,-1.89,3.02,0.0,8.34,0.75,1.51,84.12
2025-01-01,9.04,0.35,3.29,3.09,8.84,0.76,1.39,90.03
2025-01-02,11.53,1.09,5.42,0.0,5.99,0.76,4.02,95.33
2025-01-03,15.0,5.46,9.44,0.01,6.09,0.75,5.72,90.36
2025-01-04,9.06,-0.49,5.77,0.23,2.66,0.75,4.39,81.43
2025-01-05,8.79,-1.87,2.89,0.0,4.99,0.75,1.86,81.53
2025-01-06,12.48,-0.96,5.36,0.0,5.86,0.75,3.34,92.28
2025-01-07,14.46,8.71,11.46,0.01,4.75,0.75,6.1,93.55
2025-01-08,17.01,8.95,11.97,0.01,6.36,0.75,5.24,92.21
2025-01-09,17.04,7.01,11.0,0.0,5.73,0.75,3.93,92.68
2025-01-10,16.63,7.59,10.85,0.06,5.76,0.75,4.08,91.9
2025-01-11,7.9,3.18,4.48,5.76,1.1,0.76,4.06,88.13
2025-01-12,3.24,0.98,2.02,7.76,2.29,0.76,5.18,90.1
2025-01-13,3.35,0.58,1.6,5.6,2.29,0.77,6.51,87.38
2025-01-14,5.49,0.0,2.29,2.13,3.11,0.77,7.13,87.35
2025-01-15,2.41,-2.22,0.53,5.12,2.32,0.77,5.89,90.93
2025-01-16,6.79,-3.84,-0.12,0.01,8.1,0.77,4.03,84.97
2025-01-17,6.82,-4.62,-0.39,0.0,9.96,0.77,2.94,84.41
2025-01-18,8.45,-3.41,0.71,0.0,9.8,0.77,3.26,85.3
2025-01-19,11.03,-2.64,2.84,0.0,9.84,0.77,2.37,79.49
2025-01-20,10.32,-2.97,2.57,0.0,8.99,0.77,3.04,86.17
2025-01-21,9.17,0.17,3.51,0.03,7.07,0.77,2.4,92.05
2025-01-22,11.76,-0.13,5.1,0.02,8.5,0.77,1.89,82.99
2025-01-23,9.4,1.97,4.51,0.0,6.92,0.77,2.12,96.02
2025-01-24,11.32,3.89,6.52,0.55,6.9,0.77,2.51,96.01
2025-01-25,12.21,2.31,6.83,1.46,5.25,0.77,3.81,83.43
2025-01-26,10.97,0.92,4.16,0.0,10.05,0.77,2.2,90.84
2025-01-27,13.59,2.82,6.67,0.0,7.22,0.77,2.94,91.11
2025-01-28,14.85,6.36,10.37,0.06,6.24,0.77,6.06,91.28
2025-01-29,17.58,8.68,12.35,0.0,6.66,0.77,6.01,88.65
2025-01-30,15.32,8.93,11.55,0.0,6.11,0.77,3.91,93.33
2025-01-31,17.52,7.03,10.75,0.0,9.37,0.77,2.37,85.16
2025-02-01,16.95,4.35,9.27,0.0,9.21,0.76,2.73,83.76
2025-02-02,11.72,5.58,8.09,0.05,5.25,0.76,3.08,88.77
2025-02-03,11.41,3.35,6.86,0.22,4.34,0.76,2.69,87.25
2025-02-04,7.27,-2.32,1.98,0.04,7.94,0.76,5.42,75.01
2025-02-05,5.26,-3.85,0.12,0.0,9.39,0.76,4.91,76.01
2025-02-06,5.04,-3.9,-0.64,0.02,12.1,0.76,5.4,77.47
2025-02-07,4.95,-3.62,-0.67,0.07,11.0,0.76,5.56,77.53
2025-02-08,4.57,-4.09,-0.83,0.06,5.46,0.76,6.66,80.44
2025-02-09,3.94,-4.87,-1.52,0.03,3.27,0.76,6.93,76.18
2025-02-10,5.17,-4.1,-0.94,0.03,10.7,0.76,4.71,81.43
2025-02-11,4.32,-5.13,-1.66,0.05,12.29,0.76,4.29,81.14
2025-02-12,5.74,-3.27,-0.51,0.06,8.72,0.75,4.69,83.46
2025-02-13,7.82,-3.25,1.33,0.0,13.64,0.75,2.68,81.19
2025-02-14,10.06,0.78,5.57,0.14,7.55,0.75,4.08,94.85
2025-02-15,13.83,4.66,8.69,2.56,6.96,0.75,3.82,86.81
2025-02-16,5.63,2.82,4.13,7.31,3.61,0.76,4.37,89.36
2025-02-17,5.7,0.96,2.68,11.08,4.28,0.78,4.96,90.54
2025-02-18,7.27,-0.07,2.89,3.01,5.44,0.78,4.63,86.51
2025-02-19,3.7,-3.16,-0.06,2.06,6.62,0.78,6.17,85.89
2025-02-20,2.82,-5.63,-2.14,0.0,14.15,0.78,4.62,74.58
2025-02-21,1.71,-5.84,-2.86,0.02,14.58,0.78,5.3,72.01
2025-02-22,2.12,-5.91,-2.59,0.0,14.43,0.77,4.23,74.57
2025-02-23,3.16,-4.18,-1.48,0.03,12.03,0.77,2.43,76.57
2025-02-24,5.92,-4.47,-0.32,0.0,15.75,0.77,2.29,75.33
2025-02-25,9.53,-2.42,1.89,0.03,12.59,0.77,2.22,82.06
2025-02-26,11.14,-1.1,3.73,0.0,7.86,0.77,2.26,90.63
2025-02-27,14.2,1.66,7.83,0.03,8.22,0.77,2.08,91.3
2025-02-28,12.98,5.65,8.92,0.01,10.58,0.77,2.95,89.78
2025-03-01,14.04,3.96,8.58,0.09,12.7,0.77,2.2,82.71
2025-03-02,13.11,3.79,7.01,2.84,7.42,0.77,2.65,85.85
2025-03-03,9.34,-0.62,4.3,0.23,11.58,0.77,4.43,78.15
2025-03-04,11.55,-2.36,3.56,0.01,12.96,0.77,3.82,79.57
2025-03-05,15.72,-1.25,5.79,0.0,18.34,0.77,3.23,75.86
2025-03-06,18.41,0.0,8.87,0.0,18.34,0.76,1.76,63.05
2025-03-07,18.98,0.57,8.2,0.0,18.83,0.76,3.2,60.0
2025-03-08,17.84,-0.19,7.08,0.0,18.42,0.76,4.43,65.73
2025-03-09,17.94,-0.47,8.02,0.0,18.2,0.75,3.19,70.24
2025-03-10,19.23,3.57,10.03,0.0,18.36,0.75,4.04,68.79
2025-03-11,18.53,6.12,12.64,0.04,15.19,0.75,7.0,85.66
2025-03-12,20.44,11.73,14.64,0.24,8.61,0.75,6.48,82.51
2025-03-13,21.58,10.51,15.24,0.09,13.14,0.74,6.56,72.3
2025-03-14,22.87,10.21,15.44,0.0,17.95,0.74,5.32,80.16
2025-03-15,23.87,10.72,15.79,0.0,13.93,0.73,5.21,75.91
2025-03-16,21.18,10.03,14.75,0.22,13.64,0.73,5.06,78.32
2025-03-17,16.81,7.66,12.0,7.3,7.28,0.73,3.7,86.87
2025-03-18,8.8,-0.51,4.12,1.56,5.63,0.74,6.08,72.83
2025-03-19,9.32,-4.36,2.21,0.0,20.75,0.74,5.57,59.24
2025-03-20,13.47,-2.13,5.04,0.0,14.55,0.74,4.17,64.92
2025-03-21,14.52,-1.31,6.36,0.0,20.66,0.73,2.27,68.62
2025-03-22,16.31,0.18,7.81,0.0,20.88,0.73,3.24,71.56
2025-03-23,18.15,3.91,10.68,1.3,15.4,0.73,4.95,79.47
2025-03-24,19.64,10.85,14.27,2.36,9.77,0.73,6.77,80.97
2025-03-25,21.54,11.01,14.95,0.29,8.67,0.73,5.18,78.0
2025-03-26,21.92,9.38,14.86,0.03,13.98,0.73,3.4,75.55
2025-03-27,22.08,9.61,14.71,0.0,13.61,0.72,4.32,70.67
2025-03-28,18.67,9.25,12.92,5.06,8.93,0.72,4.0,79.73
2025-03-29,17.71,8.93,13.12,4.25,13.77,0.73,1.95,81.29
2025-03-30,17.01,8.28,12.75,3.7,12.25,0.73,1.86,85.6
2025-03-31,17.08,8.24,12.4,1.06,12.74,0.73,2.54,85.4
2025-04-01,16.95,8.81,11.88,3.96,6.55,0.74,5.82,84.6
2025-04-02,13.63,8.98,10.8,10.5,4.67,0.75,4.52,87.91
2025-04-03,16.28,7.59,11.85,1.91,12.37,0.75,1.5,80.57
2025-04-04,17.3,6.29,11.91,2.12,16.46,0.75,2.34,81.19
2025-04-05,16.94,6.37,11.73,1.19,11.74,0.75,2.71,81.25
2025-04-06,17.11,2.66,9.1,14.68,8.7,0.75,5.95,84.34
2025-04-07,5.68,-1.86,1.95,11.86,6.56,0.78,5.29,83.52
2025-04-08,11.34,-3.74,4.04,0.0,20.84,0.77,2.52,70.58
2025-04-09,11.88,-1.55,6.11,0.0,18.24,0.77,2.67,64.23
2025-04-10,15.39,1.54,8.69,0.35,17.57,0.76,5.03,66.1
2025-04-11,12.06,-2.8,5.62,0.02,21.0,0.76,3.9,61.11
2025-04-12,13.88,4.41,8.2,1.76,12.06,0.76,4.01,74.82
2025-04-13,16.49,1.41,9.35,0.0,20.39,0.76,1.56,68.46
2025-04-14,16.29,3.37,9.53,0.0,17.72,0.75,2.94,75.34
2025-04-15,19.34,4.11,11.38,0.0,19.05,0.75,2.75,72.22
2025-04-16,22.16,6.3,13.61,0.0,24.25,0.74,2.3,67.32
2025-04-17,23.48,7.35,14.56,0.0,23.44,0.74,3.61,69.11
2025-04-18,21.69,7.6,13.62,0.05,21.54,0.73,3.55,78.51
2025-04-19,17.36,7.22,12.05,0.57,16.32,0.73,2.38,85.57
2025-04-20,22.62,6.29,14.66,0.0,24.73,0.73,2.03,73.73
2025-04-21,25.15,9.82,17.06,0.0,25.27,0.72,1.83,70.14
2025-04-22,25.17,10.15,17.07,0.0,25.17,0.71,2.5,66.97
2025-04-23,23.96,8.04,15.34,0.0,24.71,0.71,3.06,72.54
2025-04-24,22.48,8.11,14.55,0.0,23.05,0.7,3.21,76.68
2025-04-25,23.36,8.87,16.59,0.11,20.66,0.7,1.89,68.51
2025-04-26,24.4,10.37,17.09,2.45,18.47,0.7,2.22,70.47
2025-04-27,19.51,6.22,13.68,0.64,21.7,0.7,6.56,68.65
2025-04-28,17.01,4.07,10.04,0.0,28.14,0.69,6.91,61.99
2025-04-29,17.06,3.12,9.4,0.0,27.84,0.69,6.53,63.82
2025-04-30,20.07,3.38,10.95,0.0,27.87,0.69,5.54,64.31
2025-05-01,21.47,5.06,12.28,0.05,20.87,0.68,5.69,59.84
2025-05-02,23.75,7.08,14.5,0.0,24.61,0.68,4.98,57.07
2025-05-03,25.34,5.04,15.47,0.0,28.09,0.67,2.2,55.21
2025-05-04,27.88,9.73,18.55,0.0,27.88,0.67,2.82,52.39
2025-05-05,28.89,11.25,18.67,0.0,23.53,0.67,3.66,60.52
2025-05-06,29.49,11.74,20.37,0.01,24.68,0.66,3.75,65.16
2025-05-07,27.5,13.9,20.17,4.34,21.92,0.66,2.54,65.53
2025-05-08,28.08,13.02,20.68,0.08,24.64,0.66,3.09,62.52
2025-05-09,23.33,14.14,18.37,4.03,18.55,0.66,3.33,68.0
2025-05-10,17.55,8.67,13.69,9.41,6.57,0.68,4.57,79.84
2025-05-11,21.62,7.0,14.44,0.01,24.38,0.68,2.36,69.03
2025-05-12,20.83,10.23,15.35,3.07,17.59,0.68,2.41,73.02
2025-05-13,20.18,9.17,14.17,0.24,19.91,0.67,4.11,66.52
2025-05-14,20.73,7.66,14.05,0.14,23.22,0.67,2.63,63.19
2025-05-15,24.35,7.2,15.99,0.0,29.25,0.67,3.88,59.9
2025-05-16,18.52,11.57,15.13,4.79,9.06,0.66,3.24,71.88
2025-05-17,21.54,11.91,17.42,11.25,11.66,0.68,4.02,70.63
2025-05-18,22.9,10.81,16.43,1.02,24.6,0.68,3.14,61.21
2025-05-19,25.83,9.3,17.81,0.0,27.06,0.67,3.71,60.2
2025-05-20,25.56,11.29,18.83,0.0,27.19,0.67,3.33,60.82
2025-05-21,28.03,13.49,20.41,0.0,27.09,0.66,2.6,55.02
2025-05-22,29.21,13.25,20.67,0.24,22.4,0.66,4.05,52.26
2025-05-23,31.58,13.9,22.81,0.06,26.24,0.65,3.33,55.86
2025-05-24,28.91,15.13,21.67,0.31,24.36,0.65,3.19,69.64
2025-05-25,28.09,15.27,19.62,12.28,13.61,0.65,3.99,79.4
2025-05-26,21.71,10.64,16.13,4.53,18.67,0.67,5.17,68.25
2025-05-27,25.88,9.94,18.47,0.0,19.68,0.67,4.07,60.21
2025-05-28,26.03,12.33,19.6,0.35,21.64,0.66,3.6,62.38
2025-05-29,26.58,13.89,20.29,0.99,20.74,0.66,2.4,59.61
2025-05-30,24.82,13.5,19.17,1.02,18.08,0.65,3.82,69.0
2025-05-31,26.74,13.17,19.7,0.06,27.69,0.65,4.58,62.45
2025-06-01,27.89,12.64,20.46,0.0,25.71,0.65,3.84,57.01
2025-06-02,29.01,13.43,21.94,0.0,26.24,0.64,2.51,57.03
2025-06-03,32.71,16.58,24.55,0.0,27.69,0.64,1.31,51.0
2025-06-04,35.35,17.64,26.44,0.01,29.09,0.63,2.16,51.01
2025-06-05,34.92,17.93,25.94,0.0,29.71,0.63,3.65,51.04
2025-06-06,32.58,17.74,24.22,0.0,29.43,0.62,3.75,56.71
2025-06-07,33.09,15.48,23.58,0.0,29.48,0.62,3.49,57.59
2025-06-08,34.23,13.34,23.13,0.0,29.95,0.62,3.26,56.91
2025-06-09,36.03,13.17,24.17,0.0,30.12,0.62,3.08,56.48
2025-06-10,32.21,16.47,23.76,0.0,27.5,0.61,5.64,55.13
2025-06-11,34.3,15.24,24.76,0.0,29.4,0.61,3.81,49.8
2025-06-12,34.38,16.82,25.54,0.0,27.49,0.61,3.49,48.8
2025-06-13,32.39,16.03,24.25,0.0,28.61,0.61,4.05,51.87
2025-06-14,27.87,16.9,22.02,0.09,21.54,0.61,3.07,58.73
2025-06-15,29.74,13.84,22.46,0.0,27.0,0.61,3.03,50.0
2025-06-16,32.58,16.19,24.39,0.0,28.17,0.6,1.87,43.22
2025-06-17,35.72,17.55,26.97,0.0,29.69,0.6,2.7,38.59
2025-06-18,35.34,18.3,27.06,0.17,29.31,0.6,3.67,43.48
2025-06-19,36.49,19.19,28.42,0.0,29.01,0.6,2.08,44.6
2025-06-20,36.5,20.15,27.78,3.0,23.18,0.6,4.55,45.9
2025-06-21,30.71,17.48,23.45,0.38,28.73,0.61,4.64,49.19
2025-06-22,31.1,14.77,23.2,0.03,29.98,0.6,3.72,45.39
2025-06-23,35.42,15.47,26.1,0.0,30.38,0.6,2.82,37.4
2025-06-24,37.46,19.59,28.85,0.0,30.59,0.6,1.48,32.69
2025-06-25,39.12,21.33,30.34,0.0,29.63,0.6,3.41,32.29
2025-06-26,40.89,22.08,31.6,0.0,30.0,0.6,2.75,30.98
2025-06-27,39.92,22.64,31.23,0.0,29.52,0.6,3.49,34.06
2025-06-28,33.23,21.96,27.47,1.18,19.73,0.6,4.29,47.45
2025-06-29,31.25,20.15,25.27,0.8,28.73,0.6,5.88,41.91
2025-06-30,36.06,18.66,28.13,0.0,25.15,0.6,2.33,38.04
2025-07-01,33.93,20.36,27.68,0.0,22.98,0.6,3.85,46.78
2025-07-02,34.2,17.34,25.6,0.0,29.66,0.6,3.56,45.91
2025-07-03,35.68,16.34,26.24,0.0,30.38,0.6,4.1,37.82
2025-07-04,36.02,17.37,27.05,0.0,29.91,0.6,3.75,42.85
2025-07-05,38.74,19.99,28.8,0.0,30.23,0.6,3.26,34.97
2025-07-06,38.29,19.4,28.83,0.01,30.11,0.6,3.78,39.28
2025-07-07,39.72,20.07,29.79,0.0,29.87,0.6,3.71,37.2
2025-07-08,41.11,20.35,30.95,0.0,29.65,0.6,2.51,40.05
2025-07-09,40.28,21.48,30.95,0.0,29.37,0.6,5.5,35.43
2025-07-10,33.3,18.17,25.75,0.0,27.74,0.59,5.18,36.49
2025-07-11,34.5,18.91,26.82,0.0,26.45,0.59,3.64,37.97
2025-07-12,35.57,19.62,27.27,0.0,28.87,0.59,3.99,44.66
2025-07-13,37.38,18.87,28.45,0.0,29.53,0.59,3.82,35.57
2025-07-14,37.48,19.87,28.79,0.0,29.39,0.59,4.7,32.63
2025-07-15,37.52,20.8,28.94,0.0,28.38,0.59,5.28,36.13
2025-07-16,38.5,21.77,30.22,0.0,27.32,0.59,3.7,28.15
2025-07-17,38.81,23.23,31.11,0.01,26.41,0.59,1.8,30.05
2025-07-18,33.95,20.63,26.88,1.54,18.32,0.59,3.49,40.97
2025-07-19,31.32,20.42,26.48,0.0,23.55,0.6,2.1,40.66
2025-07-20,37.88,21.69,29.84,0.0,27.0,0.6,2.28,33.41
2025-07-21,40.11,23.32,32.07,0.0,26.86,0.59,1.76,32.93
2025-07-22,42.9,23.97,33.28,0.0,27.93,0.59,3.64,29.36
2025-07-23,44.23,25.72,34.06,0.0,27.2,0.59,3.27,32.73
2025-07-24,40.89,24.35,31.68,0.0,26.82,0.59,5.26,47.78
2025-07-25,40.81,23.56,31.35,0.0,27.75,0.59,4.47,44.46
2025-07-26,39.87,22.18,30.73,0.01,28.09,0.59,4.56,40.21
2025-07-27,40.21,22.7,31.14,0.0,27.87,0.59,4.84,38.95
2025-07-28,41.11,22.83,31.94,0.02,26.32,0.59,2.27,42.87
2025-07-29,39.93,24.52,32.08,0.09,25.49,0.59,3.14,38.17
2025-07-30,37.06,24.31,30.08,0.0,20.93,0.59,4.27,42.18
2025-07-31,35.73,22.17,27.9,2.48,21.49,0.59,4.67,50.95
2025-08-01,34.71,20.59,27.05,0.0,23.68,0.6,5.65,47.87
2025-08-02,34.33,20.86,27.37,0.25,18.63,0.6,5.38,48.31
2025-08-03,36.17,20.29,28.03,0.01,22.45,0.6,3.91,47.85
2025-08-04,36.78,20.0,28.16,0.01,26.74,0.6,3.77,48.37
2025-08-05,36.0,20.21,27.82,0.01,25.76,0.6,5.09,49.87
2025-08-06,31.13,21.86,26.76,0.19,18.89,0.6,6.48,56.64
2025-08-07,35.85,22.15,28.2,0.23,22.38,0.6,6.67,49.39
2025-08-08,34.55,20.78,27.61,0.04,23.14,0.59,6.76,50.08
2025-08-09,35.7,18.05,26.35,0.0,26.79,0.59,5.38,43.88
2025-08-10,36.51,19.34,27.66,0.0,26.85,0.59,6.13,45.81
2025-08-11,38.37,20.38,28.78,0.0,26.81,0.59,5.48,45.64
2025-08-12,35.2,21.7,27.48,0.0,26.15,0.59,6.62,48.96
2025-08-13,33.78,18.58,25.47,0.0,24.56,0.59,6.14,53.2
2025-08-14,32.48,18.99,25.42,0.0,22.28,0.59,7.02,52.68
2025-08-15,32.47,20.04,25.78,0.0,23.59,0.59,7.14,50.35
2025-08-16,32.72,20.21,25.73,0.0,25.07,0.59,6.79,49.24
2025-08-17,33.61,17.81,25.4,0.28,21.25,0.59,4.17,49.64
2025-08-18,36.32,18.27,27.04,2.56,23.44,0.59,2.62,47.65
2025-08-19,30.73,19.77,24.24,12.61,15.56,0.61,4.03,62.48
2025-08-20,31.16,17.63,24.11,0.0,21.28,0.62,2.63,61.13
2025-08-21,34.62,18.35,26.06,0.0,25.32,0.61,2.15,57.59
2025-08-22,36.43,19.23,27.35,0.15,24.46,0.61,4.35,53.09
2025-08-23,32.39,20.06,25.85,0.06,22.16,0.61,4.11,47.83
2025-08-24,31.52,18.69,24.61,0.0,22.88,0.6,4.42,41.57
2025-08-25,30.88,16.61,23.32,0.44,18.81,0.6,3.82,51.22
2025-08-26,30.76,16.18,23.34,0.24,22.46,0.6,3.26,51.78
2025-08-27,31.25,18.21,23.54,0.0,22.86,0.6,4.78,50.29
2025-08-28,31.43,16.31,23.2,0.0,23.72,0.6,4.99,57.51
2025-08-29,34.18,16.49,24.98,0.0,23.07,0.6,4.15,56.97
2025-08-30,36.02,17.29,26.45,0.0,23.58,0.6,2.51,54.93
2025-08-31,33.59,19.04,25.89,1.14,20.36,0.6,3.84,55.16
2025-09-01,33.34,17.45,25.57,0.01,22.74,0.6,3.17,46.6
2025-09-02,35.46,19.57,27.13,0.0,21.37,0.6,3.36,44.5
2025-09-03,36.66,20.14,27.83,0.0,22.29,0.6,3.54,44.32
2025-09-04,33.21,19.52,25.74,0.0,21.23,0.6,6.26,62.18
2025-09-05,32.82,19.47,25.33,0.0,20.39,0.6,5.91,59.77
2025-09-06,28.08,19.8,23.42,0.19,10.21,0.6,4.18,59.3
2025-09-07,28.2,18.14,22.72,0.01,15.05,0.6,4.23,58.66
2025-09-08,31.59,16.9,23.71,0.0,18.3,0.6,4.33,53.41
2025-09-09,33.06,15.88,24.33,0.0,20.87,0.6,2.61,54.96
2025-09-10,34.63,17.92,25.88,0.0,21.09,0.6,2.17,53.41
2025-09-11,33.99,19.34,26.18,0.01,18.74,0.6,2.97,56.3
2025-09-12,32.54,20.02,25.39,1.67,16.82,0.6,2.95,64.4
2025-09-13,31.07,19.34,24.2,0.0,18.41,0.6,5.19,59.72
2025-09-14,29.27,17.15,22.41,0.0,19.23,0.6,4.89,55.25
2025-09-15,30.38,16.47,22.26,0.0,19.8,0.6,3.77,54.58
2025-09-16,32.82,16.46,23.76,0.0,21.06,0.6,2.32,54.9
2025-09-17,30.97,16.53,22.34,0.86,12.06,0.6,4.07,59.59
2025-09-18,26.86,13.47,19.69,0.0,17.84,0.6,4.58,45.28
2025-09-19,27.46,12.13,19.28,0.0,20.32,0.6,3.63,42.13
2025-09-20,29.45,12.98,20.94,0.0,19.47,0.6,4.07,52.79
2025-09-21,29.76,15.1,21.42,0.0,17.38,0.6,4.61,65.31
2025-09-22,29.75,14.45,21.02,0.0,19.59,0.6,4.41,62.58
2025-09-23,30.64,13.04,21.16,0.0,20.03,0.6,2.44,62.27
2025-09-24,31.68,14.0,21.84,0.0,19.6,0.6,2.8,62.52
2025-09-25,28.22,14.16,20.22,0.0,13.29,0.6,5.46,68.28
2025-09-26,24.51,15.82,19.05,0.0,8.84,0.6,7.37,59.86
2025-09-27,22.69,13.85,17.76,0.0,10.22,0.6,6.18,49.55
2025-09-28,22.72,12.33,16.86,0.91,11.76,0.6,3.96,56.42
2025-09-29,22.5,13.39,16.89,0.97,6.29,0.6,2.09,68.07
2025-09-30,23.25,11.06,16.53,0.91,13.34,0.6,2.74,59.83
2025-10-01,24.1,9.8,16.54,0.0,14.19,0.6,2.65,57.48
2025-10-02,19.32,13.17,15.73,6.32,7.98,0.6,6.93,74.54
2025-10-03,22.27,11.05,16.99,13.69,5.45,0.63,5.27,83.68
2025-10-04,18.45,9.98,13.03,4.8,10.25,0.64,3.58,75.02
2025-10-05,23.37,7.98,15.21,0.01,15.46,0.64,3.69,69.52
2025-10-06,23.62,10.65,16.45,15.38,8.66,0.64,3.8,81.14
2025-10-07,17.4,8.44,12.75,28.12,3.56,0.7,6.47,87.64
2025-10-08,15.82,7.24,11.53,1.93,9.43,0.7,4.04,85.32
2025-10-09,19.84,10.03,14.27,3.77,8.14,0.7,3.99,78.13
2025-10-10,21.33,7.4,14.27,0.02,15.6,0.69,2.83,71.83
2025-10-11,17.19,9.88,13.0,0.31,4.0,0.69,3.86,78.59
2025-10-12,19.9,7.04,13.89,0.01,11.55,0.69,2.71,73.34
2025-10-13,20.52,10.46,14.8,0.0,8.18,0.68,2.6,71.42
2025-10-14,20.32,9.9,14.69,0.02,8.79,0.68,2.56,74.88
2025-10-15,20.18,10.4,14.04,0.26,9.72,0.68,3.12,77.38
2025-10-16,19.41,9.63,13.5,1.31,8.65,0.68,4.31,80.65
2025-10-17,19.95,9.19,14.2,0.08,8.55,0.68,3.81,80.74
2025-10-18,20.38,11.85,15.86,3.05,4.29,0.68,1.46,83.78
2025-10-19,19.16,8.31,13.75,6.11,8.96,0.69,3.91,71.94
2025-10-20,19.72,7.24,12.71,0.0,13.59,0.69,2.03,71.38
2025-10-21,20.51,7.7,13.89,0.0,12.82,0.68,2.35,76.76
2025-10-22,21.48,10.32,15.26,0.03,11.94,0.68,2.58,81.11
2025-10-23,22.78,13.12,17.02,0.17,8.34,0.68,3.28,85.76
2025-10-24,24.45,13.4,18.55,3.83,6.58,0.68,6.24,84.91
2025-10-25,20.54,9.58,14.39,0.64,9.18,0.68,2.32,69.19
2025-10-26,21.96,9.15,15.14,0.25,7.7,0.68,4.47,83.91
2025-10-27,21.72,10.06,16.08,13.16,4.46,0.69,5.07,90.97
2025-10-28,18.89,7.55,12.09,0.1,7.1,0.7,3.0,76.7
2025-10-29,18.92,4.89,11.05,0.0,13.49,0.7,2.34,69.51
2025-10-30,20.09,8.1,12.38,0.0,13.54,0.69,1.81,80.48
2025-10-31,19.27,6.91,12.09,0.0,10.71,0.69,1.91,76.3
2025-11-01,22.14,7.4,13.71,0.0,11.41,0.69,2.34,76.82
2025-11-02,21.38,9.9,13.78,0.0,11.75,0.69,2.68,85.06
2025-11-03,20.96,9.59,14.01,0.01,10.29,0.69,2.27,85.43
2025-11-04,13.74,10.3,12.05,6.63,7.34,0.69,3.72,91.8
2025-11-05,14.96,10.38,12.12,1.63,3.06,0.7,5.77,84.16
2025-11-06,13.5,9.78,11.31,3.74,3.32,0.7,5.58,89.25
2025-11-07,19.08,11.13,14.39,0.67,2.79,0.7,2.55,90.47
2025-11-08,20.17,12.79,15.44,0.95,5.51,0.7,3.95,88.71
2025-11-09,21.27,13.67,16.38,3.91,5.17,0.7,3.35,89.6
2025-11-10,18.71,12.74,15.13,4.12,6.91,0.71,3.23,95.33
2025-11-11,19.25,10.95,14.97,4.88,3.86,0.72,3.95,87.38
2025-11-12,16.74,8.2,12.11,0.03,8.26,0.71,2.53,78.64
2025-11-13,16.18,5.55,9.96,0.0,10.62,0.71,2.5,77.24
2025-11-14,16.44,4.12,9.61,0.0,10.39,0.71,1.77,79.23
2025-11-15,16.31,5.94,9.54,0.01,10.37,0.71,2.1,88.02
2025-11-16,18.17,6.13,10.28,0.04,7.81,0.71,2.63,90.21
2025-11-17,19.56,9.79,14.93,0.05,7.27,0.71,7.63,88.42
2025-11-18,19.36,15.37,16.85,0.32,5.64,0.7,8.47,91.91
2025-11-19,18.69,15.65,16.62,0.6,4.99,0.7,6.2,92.86
2025-11-20,20.41,12.95,15.91,0.07,6.79,0.7,5.51,88.24
2025-11-21,21.38,12.11,15.68,0.01,6.18,0.7,5.48,89.92
2025-11-22,22.12,15.05,17.45,1.08,7.1,0.7,5.83,87.11
2025-11-23,17.75,8.77,14.34,4.44,3.22,0.71,4.36,89.55
2025-11-24,14.53,4.33,8.69,0.06,7.57,0.71,2.81,77.13
2025-11-25,15.38,3.76,9.44,0.08,9.16,0.71,3.97,85.17
2025-11-26,19.58,10.23,13.96,5.39,5.99,0.71,5.86,90.43
2025-11-27,18.58,10.91,13.6,5.57,7.61,0.72,4.84,89.99
2025-11-28,16.23,10.4,12.78,12.14,5.87,0.73,3.27,93.15
2025-11-29,12.67,5.66,10.35,7.04,2.3,0.75,2.1,95.1
2025-11-30,12.86,5.54,8.08,0.28,4.99,0.75,2.22,83.28
2025-12-01,12.42,4.2,7.82,0.18,7.22,0.74,1.84,77.49
2025-12-02,13.52,2.33,7.72,0.01,7.43,0.74,1.47,82.38
2025-12-03,13.67,4.37,8.35,0.01,7.1,0.74,1.96,88.35
2025-12-04,14.71,5.09,8.97,0.0,6.8,0.74,3.37,89.93
2025-12-05,16.56,8.17,11.82,2.4,4.97,0.74,6.03,86.84
2025-12-06,17.86,10.77,13.23,3.14,6.0,0.74,4.23,89.5
2025-12-07,11.21,4.78,8.49,1.29,2.13,0.74,6.92,88.25
2025-12-08,9.96,1.5,4.99,0.8,3.65,0.74,4.24,87.17
2025-12-09,9.96,0.22,4.19,0.0,4.48,0.74,2.54,84.96
2025-12-10,12.43,1.37,6.11,0.0,4.66,0.74,1.79,84.76
2025-12-11,13.79,3.74,7.79,0.0,7.32,0.74,1.73,86.44
2025-12-12,14.23,3.19,7.46,0.06,7.24,0.74,2.31,89.17
2025-12-13,11.66,2.47,5.71,0.0,6.45,0.74,3.74,88.18
2025-12-14,10.76,1.48,4.67,0.0,8.16,0.74,2.97,88.65
2025-12-15,9.95,-0.12,4.1,0.0,7.38,0.74,2.5,81.17
2025-12-16,10.98,0.26,3.85,0.0,8.37,0.74,2.14,87.22
2025-12-17,12.41,0.71,5.26,0.0,8.51,0.74,2.07,89.66
2025-12-18,11.05,2.19,5.78,0.01,7.14,0.74,1.52,80.35
2025-12-19,15.08,1.94,7.05,0.0,7.77,0.74,2.28,80.57
2025-12-20,13.21,4.98,8.36,0.03,3.1,0.74,3.55,89.82
2025-12-21,11.75,6.34,8.84,0.18,3.07,0.74,3.46,93.91
2025-12-22,12.72,6.36,8.61,0.03,3.23,0.73,5.02,89.12
2025-12-23,11.02,3.22,6.24,0.02,5.31,0.73,3.44,89.62
2025-12-24,9.73,3.73,6.78,3.57,3.37,0.73,3.34,94.65
2025-12-25,10.02,5.67,8.7,11.99,1.46,0.75,7.52,90.44
2025-12-26,6.71,0.07,2.82,0.25,6.36,0.76,3.98,85.09
2025-12-27,6.87,-2.95,0.57,0.0,4.24,0.75,3.95,84.34
2025-12-28,7.06,-3.56,0.71,0.17,2.87,0.75,5.17,81.34
2025-12-29,6.83,-3.61,0.17,0.0,8.58,0.75,4.25,79.55
2025-12-30,13.58,-1.87,3.74,1.31,5.71,0.75,4.89,82.68
2025-12-31,2.97,-5.3,-1.92,0.79,8.05,0.75,4.13,75.11
