date,T2M_MAX,T2M_MIN,T2M,PRECTOTCORR,ALLSKY_SFC_SW_DWN,GWETROOT,WS10M,RH2M
2004-01-01,8.86,4.24,5.9,1.03,4.4,0.75,2.97,95.29
2004-01-02,9.6,4.67,5.89,2.61,1.91,0.75,2.63,96.72
2004-01-03,7.82,2.59,5.22,1.11,3.32,0.75,5.08,92.39
2004-01-04,2.49,-4.67,-0.89,7.62,2.02,0.76,7.44,89.27
2004-01-05,-1.85,-6.15,-4.4,2.62,2.08,0.76,3.15,85.2
2004-01-06,-3.27,-7.57,-5.65,1.05,4.81,0.75,3.91,75.17
2004-01-07,-3.55,-10.15,-6.73,0.02,6.8,0.75,4.16,79.22
2004-01-08,-1.47,-11.25,-7.23,0.0,6.08,0.75,2.11,85.86
2004-01-09,-0.69,-11.14,-6.68,0.0,7.64,0.75,2.03,87.2
2004-01-10,1.77,-6.2,-2.71,0.0,4.15,0.75,2.83,90.63
2004-01-11,2.18,-4.59,-1.75,0.12,2.52,0.75,6.16,91.93
2004-01-12,3.8,-5.89,-2.17,0.0,7.85,0.75,2.32,88.06
2004-01-13,3.94,-3.92,-0.19,0.06,4.66,0.76,3.11,98.3
2004-01-14,6.08,-0.53,2.96,0.03,4.35,0.76,3.56,99.55
2004-01-15,9.34,0.1,4.9,1.6,2.18,0.76,4.27,89.53
2004-01-16,6.52,-2.62,1.75,0.07,7.66,0.76,4.53,88.5
2004-01-17,8.64,-2.95,1.07,0.0,9.58,0.76,3.78,92.0
2004-01-18,11.92,1.56,4.8,0.0,9.33,0.76,3.4,91.67
2004-01-19,12.59,3.88,6.69,0.0,7.21,0.76,3.15,95.27
2004-01-20,13.84,7.17,9.96,3.69,6.72,0.76,6.48,91.84
2004-01-21,9.63,-0.55,4.0,6.4,2.85,0.77,4.54,90.61
2004-01-22,-0.84,-6.46,-4.33,9.5,1.33,0.77,10.93,83.42
2004-01-23,-4.9,-7.3,-6.0,0.99,4.08,0.77,8.23,77.2
2004-01-24,-3.93,-7.64,-5.64,0.07,4.08,0.77,2.88,80.89
2004-01-25,-1.19,-10.1,-6.23,0.16,4.43,0.77,3.12,86.71
2004-01-26,-1.47,-8.41,-5.57,0.26,5.94,0.77,2.65,91.66
2004-01-27,0.63,-8.32,-3.44,0.53,4.99,0.77,3.63,94.98
2004-01-28,10.42,0.75,6.05,1.73,2.99,0.78,7.19,99.17
2004-01-29,12.16,-1.58,8.4,18.02,2.48,0.8,8.46,92.8
2004-01-30,6.24,-3.66,0.25,0.49,3.36,0.81,4.56,83.79
2004-01-31,3.56,-4.62,-1.81,0.0,10.63,0.8,5.43,81.05
2004-02-01,5.79,-4.36,-0.33,0.0,10.92,0.8,2.55,80.87
2004-02-02,10.67,-1.49,2.25,0.0,10.26,0.8,3.93,84.25
2004-02-03,7.71,-0.23,2.55,3.52,3.99,0.8,4.21,92.42
2004-02-04,6.19,-2.78,0.53,0.0,8.02,0.8,3.14,84.63
2004-02-05,11.14,-2.24,4.0,0.0,7.97,0.8,3.41,90.23
2004-02-06,16.93,3.44,8.36,0.0,10.31,0.8,4.02,81.47
2004-02-07,17.11,3.07,8.65,0.0,11.96,0.79,3.79,84.25
2004-02-08,13.98,2.19,7.74,0.0,8.76,0.79,2.79,79.66
2004-02-09,12.46,-0.76,6.06,0.06,10.18,0.79,3.41,83.25
2004-02-10,4.64,-4.75,-0.34,0.0,12.79,0.79,5.18,72.43
2004-02-11,4.15,-5.99,-1.1,0.01,13.15,0.79,3.54,68.33
2004-02-12,0.14,-8.82,-3.34,1.2,5.22,0.79,6.6,73.08
2004-02-13,-6.7,-9.81,-8.38,0.34,8.24,0.79,8.95,57.31
2004-02-14,-4.37,-9.25,-6.68,0.09,8.56,0.79,3.52,71.73
2004-02-15,3.55,-6.39,-2.35,1.08,6.65,0.79,3.82,82.78
2004-02-16,4.18,-4.44,-0.31,0.0,9.87,0.79,1.42,78.26
2004-02-17,3.17,-3.69,-0.71,0.0,9.38,0.79,2.44,80.06
2004-02-18,5.26,-3.92,-0.43,0.0,13.3,0.79,1.6,69.19
2004-02-19,9.07,-2.91,1.66,0.0,13.39,0.78,2.44,78.17
2004-02-20,3.24,-6.38,-0.41,1.04,6.2,0.78,3.63,90.05
2004-02-21,-1.93,-8.94,-6.03,0.0,14.93,0.78,5.01,69.19
2004-02-22,2.34,-10.12,-3.86,0.0,6.1,0.78,3.07,80.22
2004-02-23,3.51,-2.3,0.93,1.14,3.07,0.78,4.17,93.87
2004-02-24,9.58,2.48,4.87,1.17,7.08,0.79,2.8,97.98
2004-02-25,14.53,1.44,7.09,0.25,8.97,0.79,4.3,87.48
2004-02-26,15.13,-0.47,8.65,0.22,7.83,0.78,5.88,85.87
2004-02-27,16.9,9.66,12.65,2.58,8.3,0.78,8.96,90.63
2004-02-28,18.34,7.78,12.1,1.76,14.53,0.79,5.31,82.63
2004-02-29,15.8,4.81,10.48,0.04,14.4,0.78,5.2,77.46
2004-03-01,14.9,0.87,6.96,0.0,16.14,0.78,2.51,72.02
2004-03-02,12.39,0.34,5.93,0.07,14.69,0.78,3.2,83.84
2004-03-03,7.14,-0.07,2.79,0.37,6.56,0.78,2.95,83.52
2004-03-04,4.26,-1.02,1.35,2.06,3.68,0.78,4.26,81.82
2004-03-05,2.15,-5.3,-1.9,0.14,12.73,0.78,4.46,75.88
2004-03-06,0.82,-5.78,-2.6,0.65,10.96,0.78,1.89,78.97
2004-03-07,4.94,-6.01,-1.65,0.0,17.65,0.78,2.59,70.44
2004-03-08,8.95,-4.11,1.59,1.1,16.61,0.78,3.55,69.62
2004-03-09,9.97,0.63,5.35,11.48,5.04,0.79,4.64,92.93
2004-03-10,9.33,-0.22,4.51,3.37,5.79,0.8,4.42,84.48
2004-03-11,7.06,-1.83,1.83,0.01,10.48,0.79,4.0,82.66
2004-03-12,7.99,-1.44,2.37,0.06,10.81,0.79,3.87,83.65
2004-03-13,7.4,-0.51,2.43,0.35,12.29,0.79,4.25,86.16
2004-03-14,10.3,-3.12,2.32,0.0,18.42,0.79,2.64,79.14
2004-03-15,12.05,-2.83,4.82,0.0,15.84,0.78,1.48,73.52
2004-03-16,12.96,-0.19,5.84,0.0,14.28,0.78,2.83,81.77
2004-03-17,13.62,0.16,7.1,0.0,15.11,0.78,1.99,83.36
2004-03-18,13.99,4.75,8.49,0.01,8.46,0.78,3.6,86.82
2004-03-19,17.6,5.16,10.02,0.0,18.22,0.78,1.97,81.88
2004-03-20,21.03,5.44,11.68,0.0,17.53,0.77,3.92,80.08
2004-03-21,20.47,6.38,12.44,0.0,17.84,0.77,4.89,78.4
2004-03-22,19.01,8.69,12.57,0.0,17.95,0.77,6.28,81.92
2004-03-23,16.04,8.67,11.92,0.0,14.55,0.76,6.04,83.76
2004-03-24,17.28,6.7,11.13,1.77,10.38,0.76,6.78,79.25
2004-03-25,15.18,5.67,9.81,0.13,19.49,0.76,6.46,74.21
2004-03-26,16.2,4.01,10.2,0.4,5.78,0.76,4.36,83.05
2004-03-27,18.26,7.28,13.12,1.49,13.12,0.76,4.04,85.68
2004-03-28,9.08,4.43,7.14,1.35,6.03,0.76,2.38,84.89
2004-03-29,12.84,1.42,7.05,0.66,15.73,0.76,3.74,74.18
2004-03-30,12.75,0.28,5.57,0.0,17.73,0.76,2.71,73.62
2004-03-31,13.28,-1.36,5.32,0.0,20.64,0.75,3.02,74.21
2004-04-01,11.07,-1.28,4.69,0.02,11.11,0.75,2.12,78.37
2004-04-02,10.99,-2.37,4.06,0.01,17.22,0.75,4.56,74.46
2004-04-03,9.71,-3.81,2.12,0.0,23.41,0.75,3.61,67.92
2004-04-04,11.84,-4.53,3.26,0.0,23.08,0.75,1.69,69.72
2004-04-05,16.37,-2.25,7.26,0.0,21.85,0.74,3.31,70.95
2004-04-06,17.9,4.51,10.36,0.02,19.04,0.74,3.91,83.95
2004-04-07,18.29,8.52,12.71,0.0,18.89,0.74,6.06,78.0
2004-04-08,20.03,8.63,13.64,1.02,20.26,0.73,5.33,79.46
2004-04-09,19.67,9.12,13.56,0.42,18.77,0.73,3.05,78.36
2004-04-10,23.01,7.57,14.93,0.0,17.72,0.73,5.15,70.5
2004-04-11,22.27,11.4,15.77,0.06,8.9,0.72,4.89,63.67
2004-04-12,21.02,9.76,14.76,0.16,5.62,0.72,3.35,80.54
2004-04-13,23.07,11.0,15.93,0.24,14.05,0.72,3.86,76.45
2004-04-14,17.59,5.91,11.82,2.91,13.27,0.72,3.32,75.43
2004-04-15,12.06,1.1,6.63,1.26,13.58,0.72,5.35,64.88
2004-04-16,16.92,-0.23,8.42,0.0,25.94,0.72,1.96,57.47
2004-04-17,16.57,4.82,10.1,0.21,15.05,0.71,2.87,60.1
2004-04-18,15.87,5.58,10.36,2.68,14.7,0.71,3.18,80.22
2004-04-19,15.59,4.18,9.33,0.32,12.37,0.71,3.93,74.42
2004-04-20,16.99,3.42,10.21,0.01,22.26,0.71,2.28,76.85
2004-04-21,11.83,5.79,8.7,0.86,11.19,0.71,4.65,82.35
2004-04-22,17.81,3.97,10.37,0.0,20.26,0.71,4.96,68.14
2004-04-23,20.56,2.71,12.39,0.02,24.47,0.7,2.3,61.16
2004-04-24,19.26,7.14,12.98,0.49,20.71,0.7,2.6,69.96
2004-04-25,18.23,4.53,11.2,0.0,19.55,0.7,2.8,69.25
2004-04-26,19.18,5.74,11.19,0.12,12.53,0.69,3.36,71.45
2004-04-27,14.01,7.15,9.53,1.54,9.36,0.69,6.45,78.79
2004-04-28,16.82,4.59,10.86,0.79,10.63,0.69,3.01,72.86
2004-04-29,20.54,6.66,13.36,0.0,25.42,0.69,1.63,69.17
2004-04-30,22.54,6.18,13.8,0.0,27.11,0.68,2.1,55.83
2004-05-01,21.98,5.14,13.49,0.0,25.34,0.68,2.56,61.52
2004-05-02,21.71,6.66,13.79,0.02,16.69,0.68,2.39,68.71
2004-05-03,23.21,7.28,14.48,0.0,24.21,0.67,2.07,68.56
2004-05-04,25.02,7.68,16.15,0.08,25.1,0.67,2.78,66.43
2004-05-05,22.16,10.98,16.15,8.89,7.79,0.68,5.73,80.95
2004-05-06,22.87,12.23,17.44,0.9,19.66,0.68,6.41,73.64
2004-05-07,23.87,10.86,17.06,0.05,28.18,0.68,5.46,62.32
2004-05-08,23.78,9.19,16.08,0.0,26.89,0.67,3.26,59.68
2004-05-09,25.7,9.25,17.31,0.47,23.5,0.67,2.74,65.67
2004-05-10,20.81,12.84,16.56,10.18,20.41,0.67,1.31,77.17
2004-05-11,19.84,8.57,14.17,1.54,23.23,0.68,4.13,71.71
2004-05-12,23.12,8.1,16.22,0.0,27.15,0.68,2.54,59.1
2004-05-13,24.4,10.21,17.47,0.05,25.23,0.67,3.16,56.81
2004-05-14,19.13,10.3,14.09,4.2,13.3,0.67,2.01,79.61
2004-05-15,17.23,6.68,12.27,1.3,8.87,0.68,3.78,75.85
2004-05-16,18.6,5.7,12.65,0.44,18.03,0.67,1.24,68.67
2004-05-17,17.76,6.83,12.13,3.07,22.01,0.67,1.9,73.07
2004-05-18,17.55,7.77,12.61,1.28,14.17,0.67,2.8,71.42
2004-05-19,20.51,6.0,13.89,0.0,25.42,0.67,2.07,66.56
2004-05-20,22.88,8.59,17.03,0.0,20.51,0.67,1.98,59.7
2004-05-21,27.07,11.07,19.46,0.0,27.4,0.66,1.75,54.35
2004-05-22,26.88,11.65,19.52,0.04,28.96,0.66,3.52,54.34
2004-05-23,25.52,12.76,19.38,0.21,25.16,0.65,2.35,63.04
2004-05-24,15.43,5.13,11.8,10.44,5.72,0.66,3.93,81.84
2004-05-25,19.18,2.67,11.24,0.0,29.41,0.67,2.4,61.18
2004-05-26,21.04,3.96,12.74,0.0,30.17,0.66,2.68,59.63
2004-05-27,21.58,5.07,13.41,0.0,30.96,0.66,2.95,63.19
2004-05-28,21.66,6.92,13.5,0.0,30.45,0.66,3.29,65.65
2004-05-29,21.56,8.52,15.15,0.0,23.29,0.65,4.13,69.11
2004-05-30,23.32,10.64,16.75,3.31,22.08,0.65,3.35,65.9
2004-05-31,18.27,12.94,15.03,11.41,11.28,0.66,4.25,86.47
2004-06-01,22.77,12.05,17.6,4.78,21.32,0.67,2.48,72.22
2004-06-02,21.39,12.74,17.1,0.99,21.01,0.67,2.02,76.95
2004-06-03,21.11,11.17,15.93,0.62,17.2,0.67,3.53,76.08
2004-06-04,21.23,10.61,15.79,0.03,22.51,0.67,3.91,73.29
2004-06-05,19.6,12.78,16.16,6.14,8.46,0.67,3.63,86.44
2004-06-06,22.54,13.8,17.75,6.55,23.79,0.68,3.19,75.58
2004-06-07,21.18,11.55,16.5,1.17,13.14,0.68,1.79,78.87
2004-06-08,23.57,11.4,17.86,2.55,19.92,0.68,3.23,72.21
2004-06-09,26.97,12.16,20.06,0.3,28.07,0.67,3.11,65.85
2004-06-10,22.43,13.18,18.44,4.44,14.38,0.67,2.77,74.88
2004-06-11,26.93,11.78,19.71,0.12,27.05,0.67,1.3,63.6
2004-06-12,31.55,14.68,23.53,0.01,28.42,0.66,2.13,61.47
2004-06-13,33.53,16.53,25.48,0.06,28.82,0.65,2.26,56.19
2004-06-14,26.9,17.03,22.09,2.47,21.38,0.65,2.49,69.36
2004-06-15,27.97,14.3,21.68,0.2,25.73,0.65,2.09,66.84
2004-06-16,29.94,15.2,23.03,0.59,24.01,0.65,1.99,65.91
2004-06-17,27.81,15.94,22.3,0.93,21.91,0.65,3.17,64.82
2004-06-18,26.07,14.98,20.36,6.13,15.15,0.65,3.3,77.7
2004-06-19,23.35,15.89,19.39,16.91,17.8,0.67,3.25,83.66
2004-06-20,27.65,14.96,21.35,0.12,26.35,0.67,1.76,71.93
2004-06-21,27.47,15.27,21.68,4.89,24.86,0.67,2.07,71.79
2004-06-22,27.55,16.65,22.32,7.71,18.55,0.67,2.23,68.25
2004-06-23,21.69,14.91,18.36,6.89,14.99,0.69,3.34,80.14
2004-06-24,27.46,12.96,20.5,0.0,27.29,0.68,2.22,62.68
2004-06-25,29.97,13.75,22.43,0.0,29.22,0.67,1.51,59.12
2004-06-26,28.18,16.92,22.61,3.32,21.22,0.67,2.64,65.29
2004-06-27,25.82,13.93,19.93,1.57,26.92,0.67,2.62,69.08
2004-06-28,28.62,13.53,21.43,0.0,29.41,0.66,1.71,61.46
2004-06-29,31.84,15.15,24.49,4.12,25.88,0.66,1.65,57.54
2004-06-30,27.3,15.0,21.08,1.6,27.51,0.66,3.94,65.19
2004-07-01,28.18,13.41,20.89,0.0,27.47,0.65,1.94,60.09
2004-07-02,30.39,13.45,22.2,0.0,30.03,0.65,1.88,61.21
2004-07-03,32.94,14.51,23.8,0.0,27.27,0.64,2.67,60.69
2004-07-04,28.7,15.99,22.27,0.0,25.0,0.64,3.48,65.34
2004-07-05,29.26,13.93,21.28,0.0,30.94,0.64,3.68,57.65
2004-07-06,29.04,12.99,20.75,0.0,30.82,0.63,4.18,64.24
2004-07-07,28.97,13.0,20.67,0.0,31.22,0.63,4.31,62.65
2004-07-08,30.31,13.79,22.21,0.0,30.1,0.63,4.32,65.86
2004-07-09,32.76,16.47,24.31,0.0,28.61,0.63,2.89,64.85
2004-07-10,35.75,15.55,25.34,0.0,28.35,0.62,1.97,55.34
2004-07-11,34.81,17.65,26.16,0.07,28.54,0.62,1.9,51.67
2004-07-12,29.26,17.43,23.6,7.79,25.08,0.62,2.18,60.12
2004-07-13,27.87,14.67,21.5,6.77,21.62,0.64,3.53,65.96
2004-07-14,25.63,12.47,19.23,0.24,25.71,0.64,3.14,60.14
2004-07-15,24.64,12.53,18.68,2.9,22.91,0.64,2.77,60.78
2004-07-16,21.97,12.15,17.26,0.81,21.95,0.64,3.32,66.75
2004-07-17,26.1,12.22,18.99,0.38,27.25,0.63,2.7,64.73
2004-07-18,28.97,12.61,20.58,0.0,29.68,0.63,3.04,58.03
2004-07-19,30.53,13.41,21.69,0.0,29.62,0.63,3.33,56.24
2004-07-20,29.56,14.83,21.63,0.0,28.97,0.62,4.26,63.53
2004-07-21,29.51,14.42,21.6,0.0,29.2,0.62,3.74,64.71
2004-07-22,32.29,14.27,23.29,0.09,28.77,0.62,2.57,56.19
2004-07-23,33.01,17.43,25.48,0.09,25.73,0.62,2.91,54.85
2004-07-24,32.1,18.49,24.56,4.37,24.52,0.62,1.83,61.97
2004-07-25,29.51,16.44,22.99,0.11,23.97,0.62,2.16,66.92
2004-07-26,30.42,16.29,23.28,0.17,25.13,0.62,2.22,66.33
2004-07-27,33.88,16.64,25.28,0.06,25.8,0.61,2.66,60.52
2004-07-28,29.34,20.1,24.23,6.28,20.45,0.62,2.41,70.98
2004-07-29,27.24,18.02,22.02,2.06,16.67,0.62,2.43,75.24
2004-07-30,24.66,16.92,20.31,11.33,11.26,0.64,3.43,78.91
2004-07-31,29.09,13.85,21.74,0.0,25.62,0.64,2.48,61.17
2004-08-01,29.8,15.08,22.68,0.18,25.15,0.63,2.49,59.73
2004-08-02,28.89,16.69,22.99,0.05,23.33,0.63,2.54,62.25
2004-08-03,29.82,15.93,23.42,0.36,23.15,0.62,1.98,58.57
2004-08-04,30.73,16.36,23.51,0.01,21.75,0.62,2.34,55.01
2004-08-05,30.84,16.52,23.55,0.0,23.65,0.62,2.31,59.27
2004-08-06,30.62,16.79,23.54,1.57,21.49,0.62,1.8,66.58
2004-08-07,26.68,17.97,21.39,6.97,17.27,0.62,2.29,79.9
2004-08-08,28.95,16.74,22.23,2.84,23.57,0.63,2.14,72.86
2004-08-09,30.44,16.94,23.26,3.28,21.71,0.63,1.26,68.17
2004-08-10,26.71,18.27,21.86,2.45,18.88,0.63,2.46,75.08
2004-08-11,28.19,15.63,21.81,0.2,20.25,0.63,3.12,67.33
2004-08-12,30.64,16.79,23.81,0.01,24.21,0.63,1.76,57.52
2004-08-13,33.02,16.94,24.96,0.0,25.14,0.62,2.32,61.43
2004-08-14,35.77,19.26,26.66,4.49,23.94,0.62,2.91,59.65
2004-08-15,23.6,17.13,20.04,3.54,17.42,0.63,4.62,75.35
2004-08-16,24.91,14.75,19.49,0.75,17.42,0.63,5.6,70.57
2004-08-17,22.09,11.59,17.02,6.24,14.08,0.63,3.91,79.19
2004-08-18,28.69,11.46,20.91,0.0,26.12,0.63,2.04,55.92
2004-08-19,32.18,14.07,23.36,0.0,23.92,0.63,2.63,48.7
2004-08-20,33.42,16.27,25.22,0.0,23.9,0.62,1.9,54.0
2004-08-21,35.38,20.93,27.3,0.0,23.73,0.62,1.59,50.27
2004-08-22,35.87,16.77,24.91,2.81,21.03,0.62,3.58,56.47
2004-08-23,25.95,14.69,19.92,6.82,20.68,0.63,3.47,68.11
2004-08-24,27.7,13.09,19.92,0.0,23.93,0.63,2.69,61.5
2004-08-25,30.19,13.96,21.36,0.0,25.05,0.62,1.45,58.88
2004-08-26,33.42,14.93,23.57,0.0,23.02,0.62,2.85,59.9
2004-08-27,34.68,16.05,24.4,0.92,22.75,0.62,2.76,60.33
2004-08-28,23.78,15.18,18.8,4.09,15.49,0.62,4.82,72.25
2004-08-29,26.34,16.11,20.78,0.23,14.95,0.62,4.54,73.57
2004-08-30,29.35,16.28,22.33,0.1,18.42,0.62,2.89,69.1
2004-08-31,29.8,15.84,22.56,0.0,21.01,0.62,2.44,67.93
2004-09-01,30.46,15.42,22.6,0.03,21.82,0.61,2.45,65.11
2004-09-02,30.1,16.13,22.95,0.0,20.71,0.61,3.47,62.23
2004-09-03,28.8,16.81,21.94,0.14,19.74,0.61,4.17,71.98
2004-09-04,27.47,15.37,21.05,0.0,15.76,0.61,3.11,68.74
2004-09-05,24.8,15.37,19.23,0.02,18.06,0.61,4.94,61.73
2004-09-06,22.36,13.98,17.37,0.08,18.02,0.61,6.48,64.22
2004-09-07,22.74,12.4,16.86,0.0,16.58,0.61,5.13,56.95
2004-09-08,25.06,11.92,17.3,0.0,21.87,0.61,2.97,58.05
2004-09-09,20.04,10.78,15.41,0.29,14.53,0.61,3.77,59.24
2004-09-10,19.62,7.64,13.1,0.01,19.24,0.61,3.68,50.69
2004-09-11,20.56,6.25,12.97,0.0,22.83,0.61,3.13,50.93
2004-09-12,24.07,7.02,14.48,0.0,23.12,0.61,2.04,54.15
2004-09-13,27.28,8.25,16.75,0.0,22.68,0.6,1.77,62.5
2004-09-14,27.34,9.97,17.79,0.0,21.59,0.6,2.72,65.47
2004-09-15,28.36,10.66,18.59,0.0,21.17,0.6,2.27,65.29
2004-09-16,28.66,11.56,19.21,0.0,20.47,0.6,2.34,67.08
2004-09-17,26.13,12.54,18.73,0.02,20.52,0.6,4.0,67.92
2004-09-18,21.82,13.48,16.94,0.0,11.23,0.6,4.36,74.13
2004-09-19,25.06,13.27,18.28,0.0,18.15,0.6,3.42,74.9
2004-09-20,29.34,13.31,20.35,0.0,18.9,0.6,2.14,67.01
2004-09-21,30.86,13.62,21.04,0.0,19.39,0.6,2.08,61.31
2004-09-22,31.76,14.32,21.98,0.71,16.28,0.6,3.22,55.01
2004-09-23,27.35,13.12,19.99,0.67,16.72,0.6,2.98,52.98
2004-09-24,28.76,14.19,20.88,0.0,17.71,0.6,5.69,71.79
2004-09-25,27.21,18.05,22.06,0.42,12.67,0.6,6.18,73.49
2004-09-26,27.62,18.34,21.47,3.3,16.21,0.6,3.88,73.55
2004-09-27,27.75,17.14,22.06,1.14,14.56,0.61,3.64,67.21
2004-09-28,27.42,14.58,20.84,0.58,15.01,0.61,2.02,72.75
2004-09-29,26.34,14.62,19.5,3.16,7.21,0.61,3.18,78.26
2004-09-30,24.23,10.89,16.89,0.0,18.12,0.61,2.68,67.21
2004-10-01,25.45,10.68,17.66,0.0,17.65,0.61,2.25,64.32
2004-10-02,24.13,11.71,17.5,0.53,14.47,0.61,2.18,60.77
2004-10-03,21.13,11.77,15.53,0.22,11.65,0.61,2.43,70.03
2004-10-04,20.17,9.14,13.97,0.15,14.45,0.61,3.56,73.39
2004-10-05,18.92,9.36,14.05,0.03,10.91,0.61,4.61,75.24
2004-10-06,18.46,11.31,14.02,0.35,9.25,0.61,5.5,69.59
2004-10-07,17.3,10.34,13.3,0.47,11.5,0.61,4.78,72.86
2004-10-08,20.97,8.65,13.8,0.02,14.43,0.61,2.94,66.42
2004-10-09,23.34,7.69,14.85,0.0,16.03,0.61,1.93,59.45
2004-10-10,26.74,10.37,17.69,0.0,14.45,0.6,3.76,71.39
2004-10-11,25.38,11.34,17.64,2.94,7.69,0.6,4.78,79.21
2004-10-12,12.62,8.71,10.49,8.65,3.63,0.62,7.01,77.39
2004-10-13,14.31,8.08,10.28,0.24,7.95,0.62,6.5,65.88
2004-10-14,13.25,7.95,10.1,0.27,5.93,0.62,4.07,78.45
2004-10-15,17.16,8.13,11.79,0.18,11.21,0.62,1.69,84.8
2004-10-16,21.97,7.4,14.62,0.75,9.72,0.62,3.81,84.38
2004-10-17,25.48,13.25,18.32,0.04,12.5,0.62,4.81,80.47
2004-10-18,23.03,12.25,16.75,0.02,12.39,0.62,2.22,77.0
2004-10-19,24.3,11.61,17.27,0.06,12.35,0.62,1.9,76.7
2004-10-20,22.83,12.54,16.86,0.03,8.49,0.61,3.12,77.42
2004-10-21,22.1,9.75,15.65,0.0,11.63,0.61,1.87,78.2
2004-10-22,20.55,10.65,15.12,0.4,3.64,0.61,1.93,84.68
2004-10-23,21.13,8.45,13.82,0.0,12.07,0.61,1.63,79.43
2004-10-24,22.43,9.95,15.32,0.0,10.73,0.61,1.72,75.78
2004-10-25,23.63,10.24,15.51,0.01,13.1,0.61,1.74,75.96
2004-10-26,25.08,9.71,15.95,0.0,12.34,0.61,1.79,72.42
2004-10-27,21.26,10.64,14.88,0.01,8.29,0.61,1.84,81.49
2004-10-28,23.74,10.11,15.9,0.0,11.29,0.61,2.33,74.34
2004-10-29,23.22,11.9,16.51,0.01,11.02,0.61,1.54,79.8
2004-10-30,23.89,9.83,15.85,0.01,11.68,0.61,2.56,77.62
2004-10-31,24.26,10.45,16.11,0.01,9.82,0.61,2.53,80.41
2004-11-01,25.57,11.07,16.88,0.05,10.11,0.61,1.86,74.61
2004-11-02,22.45,11.4,15.56,0.02,10.39,0.61,2.98,77.86
2004-11-03,16.45,9.84,12.22,0.11,2.81,0.61,4.68,81.67
2004-11-04,15.42,7.61,11.04,0.0,7.6,0.6,5.36,68.48
2004-11-05,17.82,6.35,10.77,0.0,12.08,0.6,3.99,78.27
2004-11-06,16.89,7.52,11.29,0.0,10.7,0.6,1.92,75.67
2004-11-07,16.72,6.84,10.69,0.01,10.93,0.6,1.81,77.36
2004-11-08,17.96,9.14,13.12,0.45,6.32,0.6,4.55,81.72
2004-11-09,21.62,13.16,15.85,1.27,6.05,0.6,3.94,77.08
2004-11-10,19.05,10.73,14.47,8.22,6.05,0.62,1.3,86.47
2004-11-11,20.18,10.22,14.0,0.01,7.0,0.62,2.8,84.31
2004-11-12,20.01,9.97,13.85,0.01,4.75,0.62,2.25,84.51
2004-11-13,20.21,10.06,13.87,0.0,6.63,0.62,2.53,85.23
2004-11-14,20.59,10.69,15.39,0.8,3.17,0.62,5.32,78.91
2004-11-15,18.48,5.28,13.93,1.18,5.99,0.62,4.74,84.03
2004-11-16,7.75,2.49,4.74,3.56,2.66,0.62,4.21,84.79
2004-11-17,9.79,0.61,4.79,0.08,5.21,0.62,3.61,79.91
2004-11-18,12.61,-0.26,4.96,0.0,10.35,0.62,3.36,79.19
2004-11-19,16.48,4.2,9.6,0.07,9.19,0.62,5.85,79.25
2004-11-20,12.55,-3.3,4.3,4.62,6.09,0.63,6.25,60.02
2004-11-21,5.14,-5.78,-1.07,0.0,10.09,0.63,3.23,69.44
2004-11-22,4.53,-4.33,-1.33,0.0,9.32,0.63,3.47,71.35
2004-11-23,7.49,-3.94,1.23,0.0,4.73,0.62,3.35,69.07
2004-11-24,7.13,-3.26,2.64,0.49,4.18,0.62,4.94,70.78
2004-11-25,2.63,-4.71,-1.63,0.02,6.48,0.62,4.47,77.45
2004-11-26,5.21,-6.69,-1.39,0.0,7.22,0.62,2.99,65.81
2004-11-27,11.7,-1.91,3.06,0.0,9.32,0.62,2.99,72.85
2004-11-28,12.17,0.54,5.26,0.0,6.62,0.62,2.57,81.46
2004-11-29,13.77,4.82,8.0,0.0,7.19,0.62,3.36,92.99
2004-11-30,14.64,4.94,8.39,0.0,6.3,0.62,2.07,84.17
2004-12-01,11.7,6.4,8.55,0.05,3.5,0.62,3.0,92.37
2004-12-02,17.31,7.43,11.24,0.0,5.36,0.62,3.81,89.69
2004-12-03,19.38,7.35,11.84,0.01,7.05,0.62,3.53,86.61
2004-12-04,16.39,8.08,10.88,0.23,4.83,0.62,1.99,88.66
2004-12-05,11.24,5.47,8.1,1.66,2.86,0.62,2.43,89.87
2004-12-06,11.71,3.77,6.74,0.79,6.69,0.62,2.71,90.39
2004-12-07,8.63,0.3,4.19,4.29,7.4,0.63,3.56,79.04
2004-12-08,8.5,-1.65,2.28,0.0,7.79,0.63,1.93,81.52
2004-12-09,7.39,-3.08,0.77,0.0,7.92,0.63,2.77,86.86
2004-12-10,5.16,-4.37,-0.78,0.0,7.62,0.63,2.97,87.51
2004-12-11,4.49,-3.96,-1.02,0.0,7.79,0.63,2.9,86.61
2004-12-12,7.16,-2.64,0.73,0.0,8.29,0.63,1.69,79.82
2004-12-13,7.19,-2.93,0.39,0.0,8.01,0.63,2.69,88.16
2004-12-14,3.74,-4.43,-1.27,0.0,4.59,0.63,3.8,83.42
2004-12-15,3.36,-4.72,-2.42,0.0,8.43,0.63,3.18,82.7
2004-12-16,4.65,-3.93,-1.03,0.0,8.6,0.63,1.92,80.69
2004-12-17,4.81,-3.2,1.03,0.01,7.27,0.63,4.08,94.73
2004-12-18,11.6,3.65,7.36,0.47,3.96,0.63,7.24,91.6
2004-12-19,9.61,4.68,8.09,3.79,1.8,0.63,5.36,90.53
2004-12-20,4.05,0.75,2.85,1.66,1.53,0.64,3.6,91.08
2004-12-21,1.54,-0.31,0.43,11.05,1.64,0.64,5.62,91.74
2004-12-22,-0.26,-5.14,-2.23,12.57,1.9,0.64,6.68,93.84
2004-12-23,-0.4,-9.38,-5.6,0.23,3.2,0.64,2.5,93.59
2004-12-24,1.13,-8.03,-4.28,0.01,4.05,0.64,1.76,91.97
2004-12-25,4.31,-5.1,-1.3,0.0,6.97,0.65,2.84,95.08
2004-12-26,7.44,-1.28,3.33,0.0,5.98,0.66,4.65,95.3
2004-12-27,15.27,5.5,9.8,0.04,5.57,0.67,5.94,93.92
2004-12-28,14.82,9.02,11.66,2.01,3.98,0.67,6.18,95.22
2004-12-29,11.67,9.16,10.49,34.29,1.55,0.71,3.92,96.13
2004-12-30,8.81,0.53,4.12,0.66,7.62,0.72,4.11,86.7
2004-12-31,4.46,-0.79,1.95,2.19,2.5,0.71,4.58,91.9
2005-01-01,3.03,-1.06,0.8,14.04,2.15,0.72,3.9,95.71
2005-01-02,4.68,-2.96,-0.12,0.3,4.73,0.72,2.48,91.4
2005-01-03,5.42,-3.23,0.65,0.28,4.26,0.72,3.11,91.82
2005-01-04,5.49,-1.93,0.76,0.21,8.4,0.72,3.62,86.99
2005-01-05,9.24,-2.05,2.16,0.0,8.38,0.72,3.9,86.29
2005-01-06,11.12,-2.16,3.24,0.0,8.86,0.72,2.95,79.94
2005-01-07,7.77,-1.48,3.54,0.16,4.47,0.72,4.48,85.17
2005-01-08,8.27,-2.79,1.56,0.0,8.84,0.72,2.33,78.94
2005-01-09,12.65,-0.45,4.2,0.0,9.15,0.72,2.78,78.89
2005-01-10,12.08,-0.24,4.56,0.0,8.15,0.72,2.86,77.49
2005-01-11,11.66,-0.44,4.01,0.0,9.23,0.72,2.15,82.04
2005-01-12,12.49,0.38,4.75,0.0,8.92,0.71,1.44,76.26
2005-01-13,10.36,0.49,4.34,0.0,7.02,0.71,1.01,86.37
2005-01-14,7.92,-0.35,2.77,0.01,6.54,0.71,2.19,86.58
2005-01-15,2.99,-2.28,0.05,0.28,3.31,0.71,4.51,86.57
2005-01-16,2.27,-2.0,-0.17,0.59,3.84,0.71,8.39,82.61
2005-01-17,2.38,-2.31,0.09,1.57,2.3,0.72,8.55,83.03
2005-01-18,3.66,-3.45,-1.02,0.01,5.26,0.71,3.67,86.27
2005-01-19,6.78,-1.01,1.88,0.0,5.37,0.71,1.74,91.29
2005-01-20,6.87,0.59,2.77,0.01,4.66,0.71,1.68,94.38
2005-01-21,9.77,2.04,5.71,2.81,4.17,0.71,4.95,95.73
2005-01-22,7.12,-3.04,2.58,1.58,3.07,0.72,3.03,81.87
2005-01-23,4.79,-3.91,-0.82,0.01,9.55,0.72,4.11,78.78
2005-01-24,3.86,-4.27,-0.71,3.83,4.63,0.72,3.55,78.67
2005-01-25,7.97,0.08,3.77,15.36,2.08,0.73,3.86,98.16
2005-01-26,13.89,8.08,10.96,15.84,5.36,0.76,8.8,91.5
2005-01-27,11.68,2.42,8.17,3.33,8.5,0.77,6.84,82.74
2005-01-28,4.33,0.97,2.96,0.88,4.77,0.77,3.94,93.55
2005-01-29,4.56,2.65,3.76,6.16,2.34,0.77,4.25,94.89
2005-01-30,2.92,-6.47,-2.41,1.99,4.05,0.77,5.63,83.44
2005-01-31,0.54,-6.68,-3.77,0.19,7.53,0.77,2.88,77.4
2005-02-01,3.34,-4.65,-0.96,0.22,8.88,0.77,2.45,82.67
2005-02-02,3.79,-2.39,0.2,3.14,5.57,0.77,3.33,88.2
2005-02-03,-0.31,-3.32,-2.33,14.97,2.0,0.77,10.49,90.64
2005-02-04,-3.33,-6.97,-4.73,4.06,2.44,0.77,9.71,92.87
2005-02-05,-5.02,-11.04,-8.18,2.58,5.61,0.76,7.36,92.46
2005-02-06,-7.81,-17.07,-11.78,0.07,9.07,0.76,6.03,92.22
2005-02-07,-5.88,-13.43,-10.19,0.05,8.41,0.76,5.99,91.54
2005-02-08,-5.85,-16.17,-11.53,0.01,9.33,0.76,4.94,88.7
2005-02-09,-2.93,-17.34,-10.46,0.01,9.76,0.76,4.3,93.34
2005-02-10,-2.08,-12.72,-8.46,0.0,8.73,0.76,3.83,93.03
2005-02-11,-0.87,-12.9,-7.57,0.0,10.48,0.77,1.75,87.23
2005-02-12,1.7,-12.12,-4.36,0.0,5.07,0.77,3.04,94.19
2005-02-13,6.89,-2.05,2.91,0.06,7.07,0.78,5.99,96.37
2005-02-14,14.17,5.36,9.75,0.51,9.48,0.79,8.94,89.07
2005-02-15,13.07,8.94,10.46,12.27,4.78,0.79,10.93,86.54
2005-02-16,10.56,6.06,8.25,8.22,8.76,0.81,5.23,93.36
2005-02-17,6.47,3.32,5.27,12.24,5.62,0.83,1.94,96.02
2005-02-18,8.68,-0.86,3.37,0.65,7.92,0.82,2.51,83.86
2005-02-19,7.42,-2.31,2.16,0.36,8.52,0.82,1.57,83.57
2005-02-20,7.71,-1.52,2.13,0.54,12.25,0.82,2.63,85.3
2005-02-21,7.85,0.95,3.7,0.09,9.4,0.82,3.0,93.52
2005-02-22,12.54,2.88,6.13,0.0,11.64,0.81,3.42,89.44
2005-02-23,10.54,4.07,6.6,6.67,4.39,0.82,3.61,93.3
2005-02-24,13.38,3.54,6.92,0.04,11.15,0.82,2.4,91.47
2005-02-25,12.27,3.69,7.1,0.02,11.14,0.82,2.44,89.03
2005-02-26,11.26,5.43,8.25,17.47,5.4,0.83,4.11,93.74
2005-02-27,12.88,0.21,8.11,19.3,11.41,0.86,5.12,88.92
2005-02-28,5.8,-3.04,0.76,0.91,13.06,0.86,3.43,72.05
2005-03-01,-0.99,-4.5,-3.3,5.31,4.36,0.86,5.73,85.02
2005-03-02,2.21,-3.64,-0.81,6.8,2.93,0.85,6.26,91.71
2005-03-03,2.19,-5.64,-1.45,2.6,8.66,0.86,4.25,89.82
2005-03-04,5.68,-6.3,-0.27,0.0,8.78,0.86,3.48,90.91
2005-03-05,9.91,1.84,6.47,1.23,4.07,0.87,6.84,95.5
2005-03-06,12.48,1.2,8.09,4.91,16.27,0.87,5.38,77.97
2005-03-07,10.72,-4.16,3.43,2.18,11.1,0.87,3.38,82.16
2005-03-08,4.43,-5.1,-0.9,2.28,9.56,0.87,4.64,76.18
2005-03-09,4.34,-5.32,-0.69,0.01,17.18,0.87,3.04,78.36
2005-03-10,3.82,-3.05,-0.26,0.48,12.72,0.86,3.34,79.87
2005-03-11,0.26,-5.69,-3.14,0.03,16.5,0.86,4.05,69.49
2005-03-12,9.07,-5.15,1.38,0.0,19.41,0.86,5.26,75.31
2005-03-13,13.06,-0.36,6.78,0.62,16.87,0.86,5.91,87.62
2005-03-14,12.87,-0.53,5.58,0.32,11.72,0.86,2.34,78.96
2005-03-15,14.38,0.5,7.53,0.0,16.18,0.86,1.45,74.27
2005-03-16,15.76,2.09,8.17,0.0,17.05,0.85,2.78,77.14
2005-03-17,16.94,1.68,8.88,0.0,18.47,0.85,2.46,73.46
2005-03-18,19.66,3.61,11.26,0.0,17.98,0.85,4.28,73.38
2005-03-19,19.32,4.54,11.72,0.25,16.7,0.84,5.0,81.45
2005-03-20,6.49,-4.3,1.34,0.16,8.21,0.84,3.95,71.33
2005-03-21,9.58,-5.02,1.79,0.0,19.7,0.84,1.56,70.33
2005-03-22,10.15,-4.46,2.47,0.0,19.84,0.84,1.91,74.06
2005-03-23,12.04,-2.85,3.87,0.0,20.47,0.83,2.13,73.68
2005-03-24,14.53,-2.08,5.74,0.0,20.12,0.83,1.95,72.28
2005-03-25,15.47,1.28,8.44,0.06,17.08,0.83,3.09,68.78
2005-03-26,17.27,2.23,9.83,0.0,15.6,0.82,2.75,79.74
2005-03-27,19.01,7.09,12.47,0.42,10.33,0.82,3.07,85.61
2005-03-28,18.69,9.69,13.12,2.07,13.68,0.82,4.75,85.15
2005-03-29,9.37,4.13,7.33,0.43,7.69,0.82,4.34,90.19
2005-03-30,13.03,4.1,7.36,0.03,10.54,0.82,3.16,81.66
2005-03-31,7.79,0.85,4.37,0.01,12.17,0.82,7.03,74.26
2005-04-01,6.49,-1.0,2.24,0.01,11.77,0.82,6.88,70.88
2005-04-02,5.37,-2.87,1.05,0.06,12.9,0.81,5.79,76.78
2005-04-03,9.4,-3.24,2.86,0.02,16.3,0.81,3.62,71.74
2005-04-04,9.62,-1.91,3.55,0.03,17.9,0.81,2.25,76.54
2005-04-05,12.64,-3.13,4.01,0.0,22.66,0.81,2.44,75.88
2005-04-06,15.14,-1.44,6.28,0.0,21.12,0.8,1.41,70.28
2005-04-07,12.71,0.8,6.45,0.0,22.1,0.8,1.28,69.95
2005-04-08,18.8,0.74,9.51,0.0,22.94,0.8,2.2,70.26
2005-04-09,19.72,2.69,11.22,0.0,21.73,0.79,3.48,75.3
2005-04-10,20.26,6.08,12.75,0.0,20.33,0.79,3.53,73.88
2005-04-11,24.76,8.65,15.38,0.0,15.82,0.79,2.67,66.72
2005-04-12,18.82,6.72,12.17,0.0,19.28,0.78,4.44,69.63
2005-04-13,21.08,6.45,12.34,0.0,22.13,0.78,2.98,79.59
2005-04-14,14.11,6.56,10.84,2.82,10.99,0.78,3.78,85.97
2005-04-15,15.23,6.61,10.9,2.46,9.07,0.78,3.03,88.73
2005-04-16,20.36,8.0,14.06,0.19,22.34,0.78,3.5,72.57
2005-04-17,20.04,9.21,15.14,0.13,7.94,0.77,5.2,78.68
2005-04-18,18.16,8.37,13.95,0.07,23.59,0.77,6.43,66.36
2005-04-19,18.63,7.97,12.66,0.27,20.44,0.76,3.38,74.23
2005-04-20,20.61,7.59,13.88,0.0,22.05,0.76,4.58,74.24
2005-04-21,18.44,10.53,14.49,0.32,12.85,0.75,5.13,82.43
2005-04-22,16.66,6.79,12.44,2.79,22.56,0.75,3.62,74.97
2005-04-23,13.99,4.11,8.04,3.43,13.45,0.76,2.02,74.98
2005-04-24,17.07,4.62,9.91,0.0,26.23,0.76,1.68,72.19
2005-04-25,18.78,3.17,11.36,0.0,21.86,0.75,2.88,72.44
2005-04-26,21.7,6.79,14.05,1.1,24.35,0.74,3.79,72.9
2005-04-27,18.92,8.08,13.83,2.19,20.26,0.74,3.48,78.27
2005-04-28,20.24,8.39,14.98,0.12,25.4,0.74,1.92,73.53
2005-04-29,15.97,9.3,12.58,1.14,20.19,0.74,4.06,67.01
2005-04-30,11.91,6.89,9.49,3.24,9.08,0.74,4.59,88.47
2005-05-01,17.44,6.61,12.06,0.11,19.84,0.74,2.69,76.24
2005-05-02,19.99,8.83,15.09,0.0,23.36,0.73,1.58,64.07
2005-05-03,19.87,8.62,14.86,0.03,21.13,0.73,2.73,74.64
2005-05-04,22.11,6.43,14.64,0.07,22.17,0.72,2.32,71.82
2005-05-05,23.19,9.74,16.54,1.81,21.2,0.72,2.0,78.45
2005-05-06,20.83,11.21,16.39,0.83,15.37,0.72,2.01,80.64
2005-05-07,20.97,9.91,15.51,6.52,16.0,0.72,5.32,78.15
2005-05-08,20.0,7.42,13.5,2.76,27.53,0.73,3.24,70.55
2005-05-09,20.35,8.11,14.03,0.03,25.5,0.72,2.41,69.04
2005-05-10,22.11,8.52,15.53,0.07,24.26,0.72,2.23,73.73
2005-05-11,23.37,10.53,17.04,0.14,19.62,0.71,2.99,71.96
2005-05-12,18.33,11.47,14.22,1.9,8.72,0.71,2.51,86.87
2005-05-13,19.93,9.68,14.67,0.12,15.38,0.71,2.78,73.69
2005-05-14,20.99,6.05,13.08,0.0,28.83,0.7,3.1,64.05
2005-05-15,21.88,6.22,13.67,0.02,25.55,0.7,2.41,65.43
2005-05-16,23.46,7.15,15.11,0.0,28.14,0.69,2.53,66.63
2005-05-17,26.46,8.1,17.11,0.0,28.39,0.69,1.9,66.65
2005-05-18,27.44,9.06,18.32,0.0,27.21,0.68,2.75,61.71
2005-05-19,28.23,12.02,19.47,0.35,17.01,0.68,3.3,63.19
2005-05-20,24.78,14.49,18.31,0.34,18.28,0.67,3.36,72.98
2005-05-21,19.73,12.43,16.09,0.78,12.75,0.67,4.43,77.31
2005-05-22,18.08,13.42,14.92,13.84,7.99,0.69,3.49,91.01
2005-05-23,22.08,13.07,17.28,4.98,16.26,0.7,2.39,80.79
2005-05-24,22.25,11.72,17.77,3.96,21.62,0.7,2.96,86.58
2005-05-25,23.62,14.73,18.53,0.76,16.5,0.7,3.68,79.23
2005-05-26,25.39,12.48,19.11,0.79,18.9,0.69,4.9,75.05
2005-05-27,24.44,14.33,19.4,1.3,19.18,0.69,4.78,75.96
2005-05-28,23.74,12.71,18.33,4.04,15.09,0.69,4.13,77.84
2005-05-29,24.83,12.99,18.36,4.51,19.87,0.69,3.23,79.59
2005-05-30,27.19,13.19,20.47,0.1,26.21,0.69,3.04,70.74
2005-05-31,26.75,14.08,20.84,2.19,18.99,0.68,2.99,70.61
2005-06-01,23.11,14.15,18.92,1.49,13.37,0.68,3.08,80.57
2005-06-02,23.11,11.47,17.34,0.12,22.2,0.68,2.38,65.02
2005-06-03,24.95,9.85,17.42,0.0,29.29,0.67,2.45,58.26
2005-06-04,25.4,9.8,17.36,0.0,30.39,0.67,2.42,60.14
2005-06-05,26.63,8.89,17.84,0.0,30.88,0.66,2.4,60.96
2005-06-06,27.69,9.95,19.08,0.02,28.28,0.66,1.86,63.28
2005-06-07,27.59,13.6,20.12,0.3,24.17,0.66,2.97,68.74
2005-06-08,22.91,15.08,18.34,8.09,8.9,0.66,2.89,82.98
2005-06-09,21.81,13.86,17.93,0.77,19.38,0.67,2.0,76.51
2005-06-10,17.34,11.2,14.03,1.29,16.38,0.67,2.39,79.08
2005-06-11,19.39,10.42,14.32,3.32,23.15,0.67,3.16,72.23
2005-06-12,23.58,8.24,16.56,0.0,28.28,0.67,2.25,63.85
2005-06-13,24.06,11.23,18.0,0.0,24.13,0.66,2.05,64.53
2005-06-14,25.46,9.96,17.8,0.0,29.64,0.66,3.25,64.1
2005-06-15,28.47,11.55,19.9,0.0,30.76,0.65,2.56,57.16
2005-06-16,30.86,14.84,22.61,0.0,30.42,0.65,1.51,49.71
2005-06-17,31.54,16.28,23.96,0.01,27.7,0.64,2.23,52.41
2005-06-18,32.04,17.68,25.14,0.79,28.12,0.64,2.0,54.37
2005-06-19,26.35,15.97,21.01,0.41,14.58,0.64,3.41,62.32
2005-06-20,24.89,14.72,20.08,0.51,22.37,0.63,2.33,60.61
2005-06-21,26.46,13.24,20.16,1.56,25.47,0.63,2.3,58.8
2005-06-22,27.24,14.37,20.89,1.11,28.29,0.63,1.7,58.14
2005-06-23,30.44,12.81,22.17,0.72,29.88,0.63,2.55,56.58
2005-06-24,23.18,14.71,18.68,2.08,21.09,0.63,4.96,70.02
2005-06-25,26.56,13.86,19.49,0.06,26.26,0.63,3.86,62.57
2005-06-26,30.59,12.78,21.65,0.0,30.89,0.63,1.66,49.04
2005-06-27,31.97,14.71,23.27,0.81,28.87,0.62,2.57,55.3
2005-06-28,24.61,15.03,20.21,2.38,16.46,0.62,3.08,76.92
2005-06-29,29.15,14.13,22.22,0.0,28.5,0.62,1.86,62.64
2005-06-30,33.99,15.0,25.16,0.0,29.62,0.62,2.56,53.69
2005-07-01,33.41,20.01,26.23,3.76,27.27,0.62,2.17,56.99
2005-07-02,30.29,18.27,23.47,12.61,23.51,0.63,3.03,69.22
2005-07-03,23.5,17.52,19.84,41.47,7.2,0.68,3.68,86.34
2005-07-04,19.52,15.69,18.34,15.66,7.27,0.72,4.97,91.01
2005-07-05,25.88,13.78,20.13,0.01,25.81,0.71,2.82,70.41
2005-07-06,28.16,14.07,22.08,0.09,26.23,0.69,2.24,66.43
2005-07-07,26.67,16.85,21.69,9.4,21.33,0.69,2.11,76.45
2005-07-08,29.84,15.74,22.64,0.0,28.31,0.69,1.96,71.97
2005-07-09,30.48,15.91,22.9,0.01,28.49,0.68,2.67,68.86
2005-07-10,32.1,15.67,23.87,0.21,28.18,0.67,1.57,66.82
2005-07-11,32.41,16.96,24.55,0.94,25.45,0.67,1.59,66.02
2005-07-12,30.02,18.85,23.6,2.46,26.06,0.66,2.8,73.3
2005-07-13,26.73,18.26,21.83,3.95,22.24,0.66,3.84,76.34
2005-07-14,23.63,16.94,20.15,1.13,12.62,0.67,3.79,75.69
2005-07-15,25.43,15.55,20.55,1.09,20.88,0.66,4.02,70.69
2005-07-16,27.96,16.14,21.78,0.01,25.39,0.66,3.27,67.1
2005-07-17,30.67,16.01,23.8,0.23,27.17,0.66,2.69,64.09
2005-07-18,31.17,17.76,24.55,0.0,26.61,0.65,3.22,61.69
2005-07-19,34.74,20.07,26.97,0.0,26.68,0.65,1.3,51.61
2005-07-20,32.35,18.52,25.21,0.0,26.59,0.64,3.42,58.78
2005-07-21,31.1,18.44,24.29,0.7,21.94,0.64,2.57,65.5
2005-07-22,28.36,17.17,22.49,0.45,23.71,0.64,2.21,68.91
2005-07-23,32.13,15.68,24.07,0.38,27.25,0.63,1.55,62.48
2005-07-24,31.16,17.62,24.16,4.08,23.04,0.63,1.55,68.25
2005-07-25,30.15,17.12,23.61,2.91,26.12,0.64,2.87,64.27
2005-07-26,31.25,15.11,22.92,0.4,28.9,0.64,2.06,60.74
2005-07-27,31.96,15.15,23.04,0.0,29.0,0.63,3.16,63.18
2005-07-28,30.54,16.89,23.23,0.0,26.34,0.63,4.41,68.74
2005-07-29,32.43,17.43,24.86,0.0,27.54,0.63,4.92,62.92
2005-07-30,32.1,19.08,24.91,0.0,28.08,0.62,4.4,62.65
2005-07-31,33.71,18.52,25.7,0.0,26.42,0.62,3.82,60.9
2005-08-01,34.85,18.42,26.5,0.04,26.65,0.62,2.9,59.15
2005-08-02,33.75,20.82,27.07,0.01,26.03,0.62,2.89,61.47
2005-08-03,34.91,20.85,27.41,0.0,26.2,0.61,2.95,58.35
2005-08-04,35.76,19.44,26.88,0.0,26.4,0.61,3.57,58.58
2005-08-05,32.88,21.19,26.06,0.49,21.24,0.61,5.08,65.93
2005-08-06,29.11,20.54,23.96,18.78,11.03,0.62,3.96,78.96
2005-08-07,26.38,18.83,22.35,10.48,17.61,0.66,2.21,75.98
2005-08-08,30.43,16.75,22.7,0.0,24.45,0.65,4.69,67.92
2005-08-09,20.42,13.52,17.07,0.01,15.81,0.65,2.37,61.51
2005-08-10,28.18,11.98,20.06,0.0,27.17,0.64,2.81,57.14
2005-08-11,30.52,13.59,21.97,0.0,24.7,0.64,1.81,58.16
2005-08-12,33.31,14.79,23.99,0.0,24.81,0.63,1.59,58.73
2005-08-13,35.05,17.97,25.97,0.51,24.2,0.63,2.44,53.31
2005-08-14,30.33,18.4,23.5,0.37,24.51,0.63,3.86,73.14
2005-08-15,30.16,18.86,23.46,0.67,22.72,0.63,3.06,70.5
2005-08-16,31.8,17.13,24.0,0.07,24.68,0.62,3.2,65.75
2005-08-17,31.81,17.49,24.4,2.78,20.65,0.62,2.41,67.76
2005-08-18,28.9,16.44,22.29,0.96,22.52,0.62,2.77,63.99
2005-08-19,28.61,15.12,21.75,1.39,23.8,0.62,2.49,63.74
2005-08-20,26.19,17.68,22.03,4.15,17.13,0.63,2.26,67.39
2005-08-21,28.14,15.6,21.35,0.01,20.91,0.63,3.38,72.88
2005-08-22,30.41,15.79,22.75,0.01,24.26,0.62,2.99,68.22
2005-08-23,31.1,16.86,23.74,0.11,19.97,0.62,2.11,65.45
2005-08-24,27.87,17.28,22.36,2.88,19.28,0.62,2.13,69.7
2005-08-25,27.1,17.46,21.97,2.54,20.76,0.62,1.79,67.66
2005-08-26,30.71,16.3,23.08,0.06,21.96,0.62,2.23,61.4
2005-08-27,29.7,16.37,22.77,0.07,21.44,0.62,3.36,66.79
2005-08-28,29.74,17.1,22.82,0.03,22.24,0.62,3.52,71.0
2005-08-29,30.15,18.08,23.08,0.0,21.0,0.62,4.09,69.96
2005-08-30,29.96,16.55,22.8,0.0,22.33,0.61,4.29,68.78
2005-08-31,29.08,16.98,22.23,0.01,20.24,0.61,4.48,68.7
2005-09-01,28.84,14.95,21.33,2.79,19.7,0.61,4.03,70.12
2005-09-02,23.5,14.46,18.98,5.63,14.74,0.62,3.11,71.5
2005-09-03,23.85,12.85,18.17,0.03,19.76,0.62,3.97,61.62
2005-09-04,24.43,10.98,17.3,0.03,20.81,0.62,3.92,58.54
2005-09-05,24.7,11.6,17.79,0.03,18.58,0.62,2.85,64.97
2005-09-06,24.28,12.27,17.97,0.0,16.99,0.62,2.71,72.7
2005-09-07,27.05,11.51,19.08,0.0,20.86,0.62,2.57,70.54
2005-09-08,26.74,14.0,19.56,0.0,19.32,0.61,3.04,71.65
2005-09-09,27.5,11.46,19.1,0.0,20.07,0.61,3.01,63.44
2005-09-10,28.63,14.11,20.52,0.0,21.6,0.61,1.72,58.22
2005-09-11,30.7,12.92,21.51,0.0,21.02,0.61,1.98,59.61
2005-09-12,31.18,14.92,22.6,0.0,19.87,0.61,1.61,55.24
2005-09-13,30.64,15.87,23.0,0.11,17.4,0.61,1.44,54.01
2005-09-14,26.87,18.04,21.55,12.23,12.23,0.62,2.27,66.73
2005-09-15,23.99,17.06,19.64,6.03,9.03,0.64,3.73,82.05
2005-09-16,24.48,15.22,19.06,5.22,12.25,0.64,3.89,82.5
2005-09-17,28.35,14.94,20.7,0.0,18.58,0.64,1.32,70.49
2005-09-18,30.46,16.62,22.46,0.0,18.82,0.63,2.18,67.41
2005-09-19,28.89,17.47,21.88,2.01,15.89,0.63,4.23,75.87
2005-09-20,22.93,15.94,19.29,20.78,8.59,0.66,2.58,86.86
2005-09-21,21.8,14.99,18.08,2.53,7.24,0.67,3.69,87.13
2005-09-22,20.6,12.36,15.39,1.03,9.81,0.66,4.43,82.13
2005-09-23,21.16,11.34,15.85,0.16,13.79,0.66,2.75,81.13
2005-09-24,22.61,10.88,16.5,1.12,16.09,0.66,2.8,79.4
2005-09-25,20.69,13.13,16.0,0.72,13.91,0.66,3.61,82.38
2005-09-26,22.43,11.12,16.55,0.38,14.69,0.65,3.73,79.11
2005-09-27,23.29,11.35,16.73,0.0,17.7,0.65,3.78,71.66
2005-09-28,22.18,10.1,15.54,0.01,17.1,0.65,3.85,71.47
2005-09-29,23.18,10.38,16.11,0.03,17.22,0.65,3.91,67.21
2005-09-30,24.77,11.01,17.65,0.0,15.94,0.65,2.11,71.5
2005-10-01,21.98,12.18,16.94,8.95,10.21,0.65,3.36,83.94
2005-10-02,19.19,11.51,16.32,24.02,8.56,0.7,2.51,83.71
2005-10-03,23.23,10.7,16.16,0.13,15.89,0.7,2.07,82.9
2005-10-04,22.94,10.14,15.62,0.0,15.67,0.69,3.69,78.22
2005-10-05,22.07,10.9,15.7,0.06,13.14,0.68,4.06,78.02
2005-10-06,20.81,10.33,14.69,0.06,14.49,0.68,4.0,78.33
2005-10-07,18.69,10.33,13.69,0.0,13.61,0.67,5.08,68.43
2005-10-08,19.58,9.68,14.06,0.0,14.71,0.67,4.94,70.2
2005-10-09,18.5,13.05,15.03,0.01,12.17,0.67,5.98,68.5
2005-10-10,16.43,10.8,13.36,1.13,8.23,0.67,5.54,74.82
2005-10-11,14.99,10.7,12.48,4.28,2.9,0.67,4.75,86.26
2005-10-12,16.02,8.96,11.89,3.43,7.52,0.68,2.96,79.75
2005-10-13,18.94,6.63,12.17,0.06,14.64,0.68,1.76,77.4
2005-10-14,19.67,7.31,12.99,2.23,14.6,0.68,1.47,77.67
2005-10-15,14.98,7.6,11.01,7.22,9.26,0.68,3.82,84.77
2005-10-16,15.85,6.82,10.48,0.74,13.07,0.69,3.64,78.39
2005-10-17,12.77,3.32,7.42,0.28,13.55,0.69,3.38,73.17
2005-10-18,11.93,1.82,5.88,0.03,11.29,0.68,3.09,72.77
2005-10-19,13.04,2.25,6.85,0.01,10.86,0.68,3.18,77.97
2005-10-20,15.63,1.22,7.7,0.01,14.86,0.68,1.91,77.42
2005-10-21,16.77,4.83,9.33,0.0,14.21,0.68,2.39,80.3
2005-10-22,18.94,4.69,11.08,0.0,13.26,0.68,3.33,82.69
2005-10-23,22.57,8.66,14.4,0.0,12.73,0.68,3.53,84.78
2005-10-24,22.93,11.1,16.03,0.0,10.91,0.67,3.04,81.67
2005-10-25,20.58,8.15,13.54,0.06,11.42,0.67,2.99,84.06
2005-10-26,21.43,7.8,13.63,0.0,12.36,0.67,1.73,77.27
2005-10-27,23.23,7.72,14.39,0.0,12.75,0.67,2.48,78.56
2005-10-28,17.42,5.65,11.48,0.0,9.95,0.67,4.1,75.75
2005-10-29,8.74,1.99,5.27,0.42,11.63,0.67,5.47,76.06
2005-10-30,7.81,-0.04,3.36,1.29,10.68,0.67,5.19,84.92
2005-10-31,5.71,-1.63,1.45,0.01,8.66,0.67,3.47,80.19
2005-11-01,3.97,-1.68,1.29,0.35,3.96,0.67,1.71,87.81
2005-11-02,8.71,0.71,3.76,0.64,4.03,0.67,1.95,88.38
2005-11-03,11.41,0.67,5.43,0.26,9.25,0.67,3.53,85.68
2005-11-04,12.14,2.46,6.33,0.09,8.91,0.67,3.46,86.83
2005-11-05,9.77,4.02,6.02,0.11,6.85,0.67,2.73,90.8
2005-11-06,13.81,3.39,7.04,0.0,9.79,0.67,3.82,83.51
2005-11-07,14.12,1.49,5.97,0.0,11.46,0.67,2.94,82.09
2005-11-08,13.98,3.27,8.28,0.0,8.6,0.67,2.73,86.78
2005-11-09,13.42,6.9,8.96,0.0,7.15,0.67,2.62,86.53
2005-11-10,13.43,6.77,8.87,0.0,10.46,0.67,3.0,87.21
2005-11-11,11.88,3.0,6.94,0.0,8.06,0.67,2.83,85.59
2005-11-12,6.45,3.28,4.31,0.04,6.43,0.66,2.21,88.92
2005-11-13,9.04,4.15,6.0,1.46,4.03,0.67,3.27,91.18
2005-11-14,12.56,4.15,7.75,0.08,5.32,0.67,3.41,86.61
2005-11-15,11.94,2.65,6.08,0.0,8.69,0.67,2.18,82.5
2005-11-16,15.57,3.13,9.12,0.01,7.74,0.66,5.04,87.82
2005-11-17,18.03,8.24,13.45,4.12,3.67,0.67,6.6,90.46
2005-11-18,9.95,5.57,7.44,3.26,4.47,0.68,3.83,90.9
2005-11-19,7.56,-0.73,4.07,21.21,1.67,0.69,4.65,95.53
2005-11-20,2.58,-4.79,-0.59,1.46,3.69,0.7,4.93,87.38
2005-11-21,2.39,-4.44,-1.52,0.04,9.15,0.7,2.22,78.27
2005-11-22,3.58,-3.12,-0.23,0.13,6.77,0.7,2.32,84.63
2005-11-23,4.61,0.02,1.97,10.86,1.39,0.71,5.69,90.98
2005-11-24,10.6,3.53,7.67,14.36,1.92,0.73,4.31,97.71
2005-11-25,13.09,4.78,10.36,6.63,3.65,0.75,6.76,92.82
2005-11-26,14.93,4.39,8.43,0.0,7.55,0.74,3.67,89.57
2005-11-27,15.99,7.47,11.41,3.87,4.46,0.74,4.55,95.73
2005-11-28,17.45,8.21,12.95,0.48,6.9,0.74,4.92,89.02
2005-11-29,15.04,4.46,8.66,0.14,9.18,0.74,1.82,80.07
2005-11-30,13.13,4.41,8.61,0.08,4.99,0.74,3.78,90.92
2005-12-01,14.68,8.38,11.37,5.41,2.4,0.74,5.09,95.86
2005-12-02,18.18,7.1,12.5,3.58,4.09,0.75,4.78,87.29
2005-12-03,12.94,3.41,7.38,0.26,6.65,0.75,1.92,85.51
2005-12-04,13.14,4.19,8.18,0.38,4.69,0.74,3.37,92.44
2005-12-05,13.34,1.83,6.97,0.0,8.67,0.74,2.94,89.04
2005-12-06,13.18,6.51,9.66,0.0,6.26,0.74,5.07,91.75
2005-12-07,16.76,10.82,12.81,0.02,5.26,0.74,5.96,89.79
2005-12-08,11.85,1.13,6.68,11.79,2.66,0.75,3.38,94.5
2005-12-09,8.69,-0.44,2.47,0.02,7.87,0.76,2.01,83.27
2005-12-10,8.16,0.73,3.95,0.47,4.04,0.75,5.52,89.35
2005-12-11,4.72,0.11,2.05,0.21,2.87,0.75,6.18,88.77
2005-12-12,7.82,-0.52,1.98,0.0,5.84,0.75,3.21,89.03
2005-12-13,8.79,-1.54,2.29,0.0,5.01,0.75,2.72,89.8
2005-12-14,6.53,0.67,3.4,0.12,4.72,0.75,4.6,88.11
2005-12-15,5.58,0.0,3.48,2.04,1.9,0.75,4.12,93.7
2005-12-16,4.71,-0.92,0.75,1.72,3.6,0.75,2.63,89.95
2005-12-17,7.41,-0.12,2.76,4.59,3.97,0.75,3.8,91.88
2005-12-18,-0.39,-3.83,-1.75,30.97,1.59,0.76,6.41,95.26
2005-12-19,-2.06,-9.09,-6.02,0.31,7.97,0.76,3.32,97.83
2005-12-20,-1.27,-12.99,-8.13,0.0,8.5,0.76,2.32,97.77
2005-12-21,-2.02,-11.11,-6.6,0.25,8.03,0.76,1.98,98.41
2005-12-22,-0.82,-11.62,-5.09,0.3,6.55,0.76,2.61,98.13
2005-12-23,-0.84,-11.84,-6.9,0.04,4.52,0.76,2.14,98.11
2005-12-24,-1.39,-8.75,-5.99,0.05,5.25,0.76,2.84,98.39
2005-12-25,0.29,-9.2,-4.53,0.0,3.06,0.76,2.99,96.7
2005-12-26,1.92,-5.23,-1.32,0.01,5.36,0.77,3.08,96.42
2005-12-27,8.48,1.94,5.2,2.62,3.36,0.8,5.17,99.85
2005-12-28,11.66,8.69,10.0,1.59,2.83,0.81,8.52,94.23
2005-12-29,14.04,7.6,10.27,1.08,7.35,0.8,5.39,93.51
2005-12-30,11.73,7.36,9.91,3.96,3.53,0.8,7.31,94.65
2005-12-31,8.06,-0.29,4.85,0.93,8.61,0.8,2.25,79.59
2006-01-01,7.56,0.1,3.32,0.06,6.07,0.8,2.64,92.38
2006-01-02,9.89,4.67,7.41,0.2,6.92,0.8,3.59,95.52
2006-01-03,11.91,7.19,9.47,16.05,2.06,0.82,4.01,96.59
2006-01-04,8.03,4.51,6.27,1.66,2.42,0.83,3.94,95.91
2006-01-05,7.11,5.19,6.06,6.86,2.72,0.82,5.87,94.46
2006-01-06,7.02,0.62,4.85,13.95,2.1,0.84,4.59,95.64
2006-01-07,0.44,-5.24,-2.11,2.19,3.12,0.85,6.09,85.17
2006-01-08,-0.59,-5.64,-3.99,0.24,2.21,0.84,5.69,78.44
2006-01-09,0.23,-5.68,-2.97,0.05,4.59,0.84,5.6,87.09
2006-01-10,0.91,-3.79,-2.23,0.13,5.01,0.84,5.77,90.73
2006-01-11,0.73,-3.74,-1.95,0.35,6.01,0.84,6.7,90.35
2006-01-12,0.66,-5.16,-2.52,0.92,3.67,0.84,6.72,90.19
2006-01-13,-0.87,-7.47,-4.79,0.02,6.8,0.84,5.33,91.42
2006-01-14,-0.01,-6.11,-3.83,0.01,6.28,0.84,4.91,89.34
2006-01-15,1.25,-6.53,-3.62,0.0,2.75,0.84,3.83,89.79
2006-01-16,1.44,-7.49,-3.87,0.0,7.68,0.83,2.08,85.9
2006-01-17,2.9,-7.22,-3.04,0.0,9.18,0.83,1.52,88.66
2006-01-18,6.24,-4.59,0.35,0.01,8.48,0.84,4.07,92.62
2006-01-19,4.47,-2.35,1.71,0.97,2.11,0.84,4.66,96.72
2006-01-20,2.21,-4.28,-1.95,0.0,8.64,0.84,3.08,80.95
2006-01-21,6.51,-4.29,0.3,0.0,8.88,0.84,3.1,88.67
2006-01-22,6.07,-1.88,0.79,0.15,6.98,0.83,3.54,88.96
2006-01-23,-1.03,-14.38,-8.01,0.79,4.21,0.83,10.35,80.63
2006-01-24,-7.54,-15.08,-11.45,0.61,4.51,0.83,10.41,86.32
2006-01-25,-7.63,-10.55,-8.92,1.28,4.27,0.83,10.19,85.18
2006-01-26,-4.66,-11.73,-9.33,0.01,9.67,0.83,5.74,77.45
2006-01-27,-0.75,-13.55,-7.84,0.0,10.41,0.83,2.63,76.86
2006-01-28,1.61,-10.49,-5.27,0.0,10.02,0.83,1.98,74.96
2006-01-29,4.59,-9.21,-2.9,0.0,10.64,0.83,2.1,77.74
2006-01-30,7.72,-4.36,0.37,0.0,9.64,0.83,1.34,87.04
2006-01-31,7.1,-2.01,0.71,0.0,8.87,0.83,2.52,91.6
2006-02-01,7.14,-2.11,0.51,0.0,10.37,0.83,2.63,89.33
2006-02-02,7.55,-2.22,1.22,0.0,11.04,0.83,1.99,83.7
2006-02-03,6.74,-1.42,1.59,0.0,10.6,0.83,1.85,81.2
2006-02-04,7.85,-1.27,1.96,0.0,9.5,0.83,1.33,87.7
2006-02-05,0.24,-1.9,-1.09,3.55,2.79,0.83,5.87,89.58
2006-02-06,-1.98,-10.42,-6.17,6.21,5.94,0.83,9.56,85.79
2006-02-07,-7.56,-11.56,-9.69,0.06,4.39,0.83,7.54,85.05
2006-02-08,-1.51,-13.81,-8.08,0.0,9.49,0.83,3.49,77.41
2006-02-09,0.04,-11.28,-4.48,0.11,5.71,0.83,3.48,85.83
2006-02-10,3.67,-1.35,0.57,1.84,6.63,0.83,2.16,90.49
2006-02-11,5.23,-5.93,-0.87,0.16,10.86,0.83,2.18,82.72
2006-02-12,2.04,-4.45,-2.01,0.83,8.87,0.83,2.81,90.24
2006-02-13,1.4,-6.25,-2.89,0.01,10.76,0.83,2.23,84.85
2006-02-14,0.45,-7.44,-4.02,0.01,11.12,0.83,2.26,84.32
2006-02-15,-0.78,-8.33,-4.88,0.0,11.47,0.83,1.76,84.37
2006-02-16,3.39,-8.19,-1.65,0.0,10.33,0.83,4.78,90.68
2006-02-17,10.54,1.55,4.65,0.11,10.57,0.83,4.6,96.07
2006-02-18,14.39,1.19,6.07,0.8,13.16,0.83,3.29,85.49
2006-02-19,11.85,3.56,7.08,0.0,5.73,0.83,3.98,96.4
2006-02-20,13.53,3.66,6.69,0.0,9.93,0.83,2.46,93.92
2006-02-21,14.68,4.8,8.06,0.0,10.93,0.83,3.8,91.13
2006-02-22,14.39,4.01,7.03,0.0,12.53,0.83,3.09,91.23
2006-02-23,14.22,2.26,6.42,0.1,10.9,0.83,2.86,85.8
2006-02-24,5.48,2.1,3.24,6.7,2.17,0.83,6.64,93.62
2006-02-25,3.57,0.54,1.54,5.97,4.31,0.84,4.17,94.03
2006-02-26,6.36,-0.21,2.47,10.47,6.01,0.85,2.79,96.73
2006-02-27,10.0,-2.65,3.17,0.33,10.99,0.85,2.15,87.11
2006-02-28,10.83,2.17,6.39,10.67,4.32,0.86,5.61,94.19
2006-03-01,13.05,-2.0,5.92,0.2,14.48,0.86,4.16,77.11
2006-03-02,10.35,-1.57,5.35,1.2,6.97,0.86,3.79,89.85
2006-03-03,9.41,-3.31,3.79,0.76,16.55,0.86,6.04,66.91
2006-03-04,11.88,-3.4,4.2,0.0,13.98,0.85,5.22,75.66
2006-03-05,15.62,3.49,8.39,0.0,13.43,0.85,6.57,84.02
2006-03-06,16.84,7.86,11.83,0.16,12.19,0.85,8.6,84.86
2006-03-07,10.9,-0.95,4.59,20.93,2.5,0.86,7.02,88.67
2006-03-08,0.37,-4.29,-1.84,2.64,4.84,0.87,7.83,81.18
2006-03-09,3.29,-7.15,-2.72,0.0,17.03,0.87,3.29,69.12
2006-03-10,7.53,-5.26,1.53,0.0,15.94,0.87,4.98,83.5
2006-03-11,12.22,4.82,8.7,2.7,7.56,0.87,6.57,95.5
2006-03-12,12.15,7.9,10.14,38.67,3.49,0.9,6.23,95.28
2006-03-13,11.58,3.6,8.11,2.41,7.23,0.91,4.23,91.07
2006-03-14,2.86,-0.25,1.12,4.23,4.14,0.91,6.32,91.8
2006-03-15,6.79,-2.41,2.21,0.36,10.43,0.91,2.05,84.79
2006-03-16,7.7,-0.08,3.14,0.88,6.35,0.91,1.52,86.39
2006-03-17,8.59,-0.26,3.39,0.02,12.9,0.91,1.62,85.62
2006-03-18,9.25,0.23,3.65,0.11,10.03,0.9,2.45,84.8
2006-03-19,9.24,-1.27,3.68,0.0,14.01,0.9,1.87,84.84
2006-03-20,13.57,0.99,6.0,0.0,16.06,0.9,2.8,84.03
2006-03-21,15.59,3.02,8.57,0.0,17.99,0.9,2.54,81.76
2006-03-22,18.68,5.99,11.3,0.01,17.74,0.89,4.36,85.83
2006-03-23,17.75,9.22,12.35,0.69,12.71,0.89,6.44,87.78
2006-03-24,8.71,-0.75,3.77,4.55,4.44,0.89,5.05,85.59
2006-03-25,9.41,-1.98,2.88,0.0,15.79,0.89,3.03,80.9
2006-03-26,14.02,-0.93,5.93,0.0,21.44,0.89,1.53,74.22
2006-03-27,16.24,0.22,8.58,0.0,14.18,0.89,1.59,74.03
2006-03-28,19.59,4.94,11.77,0.0,19.74,0.88,2.88,80.23
2006-03-29,19.8,7.36,12.9,0.2,20.59,0.88,5.27,84.55
2006-03-30,16.55,5.62,10.38,0.7,18.11,0.87,3.72,73.06
2006-03-31,18.22,2.72,10.48,0.0,22.05,0.87,3.15,72.74
2006-04-01,18.04,8.15,12.6,0.01,19.48,0.86,3.26,73.51
2006-04-02,18.97,4.66,11.79,0.02,20.99,0.86,2.18,75.23
2006-04-03,15.81,4.99,9.76,0.2,13.15,0.86,3.06,74.7
2006-04-04,14.06,4.83,8.51,0.06,11.3,0.85,3.3,81.69
2006-04-05,17.18,3.99,10.13,0.0,22.26,0.85,1.75,77.8
2006-04-06,18.48,5.52,11.25,0.45,18.03,0.85,5.14,82.78
2006-04-07,17.1,9.71,12.86,2.88,6.41,0.85,3.63,87.36
2006-04-08,10.58,3.04,6.18,9.62,6.06,0.86,3.99,94.15
2006-04-09,15.04,2.4,7.87,0.03,19.53,0.86,2.28,76.97
2006-04-10,16.27,1.73,8.46,0.0,22.68,0.85,1.54,69.19
2006-04-11,15.87,3.51,10.07,0.0,13.79,0.85,4.74,82.05
2006-04-12,19.69,5.87,12.01,1.37,14.69,0.85,6.33,82.94
2006-04-13,16.61,4.05,10.59,0.01,21.9,0.84,3.66,71.26
2006-04-14,14.29,5.41,9.61,0.03,17.41,0.84,1.89,76.74
2006-04-15,20.41,5.17,12.57,0.0,24.84,0.84,2.62,69.81
2006-04-16,19.39,5.44,12.72,0.0,19.09,0.83,2.64,79.22
2006-04-17,19.37,6.06,13.91,0.01,22.14,0.83,2.32,74.88
2006-04-18,20.3,10.71,15.35,0.02,10.31,0.82,1.89,74.81
2006-04-19,21.69,10.69,14.99,0.24,19.82,0.82,3.96,76.98
2006-04-20,13.66,8.81,11.07,0.24,15.98,0.82,2.67,88.43
2006-04-21,19.01,7.16,13.23,0.1,15.51,0.82,1.87,77.46
2006-04-22,18.63,8.32,13.49,2.83,18.35,0.81,2.6,78.19
2006-04-23,19.75,7.05,13.18,0.15,22.75,0.81,3.24,77.25
2006-04-24,18.17,5.7,11.46,1.33,15.04,0.81,3.62,80.87
2006-04-25,17.15,3.14,9.52,0.0,25.07,0.8,2.85,66.64
2006-04-26,18.22,3.88,10.55,0.19,23.15,0.8,1.77,62.58
2006-04-27,18.84,3.01,10.79,0.0,21.32,0.79,2.08,66.89
2006-04-28,14.68,5.86,9.36,0.0,21.8,0.79,3.59,74.66
2006-04-29,9.16,6.12,7.68,0.95,6.96,0.79,3.46,86.35
2006-04-30,13.18,6.54,9.26,0.12,9.66,0.79,3.62,78.12
2006-05-01,12.08,5.98,8.81,0.04,16.5,0.79,2.46,83.81
2006-05-02,16.07,5.87,10.0,0.0,20.23,0.79,3.59,80.93
2006-05-03,14.66,4.28,9.35,0.0,17.83,0.78,4.47,73.37
2006-05-04,14.46,3.33,8.37,0.0,20.72,0.78,4.76,73.88
2006-05-05,15.03,4.32,9.58,0.0,17.01,0.77,3.52,78.5
2006-05-06,16.25,4.41,9.89,0.01,22.54,0.77,2.36,77.17
2006-05-07,16.9,5.2,11.43,0.15,21.2,0.77,1.36,69.05
2006-05-08,15.82,5.63,11.23,9.26,18.76,0.77,2.47,80.1
2006-05-09,17.54,7.6,12.67,0.24,20.84,0.78,2.53,78.36
2006-05-10,20.19,7.37,14.24,0.66,20.45,0.77,4.11,78.34
2006-05-11,18.35,10.46,14.48,2.71,21.47,0.77,3.59,77.12
2006-05-12,13.74,8.9,11.6,4.74,9.28,0.77,1.88,85.77
2006-05-13,20.03,6.81,14.02,1.02,24.71,0.77,2.37,72.38
2006-05-14,21.89,8.33,15.17,0.01,28.33,0.76,1.73,64.31
2006-05-15,21.2,8.61,14.28,0.27,27.18,0.76,2.5,67.0
2006-05-16,21.29,6.7,14.3,0.03,27.71,0.75,3.04,69.08
2006-05-17,23.02,10.11,17.03,0.0,26.44,0.74,1.68,68.81
2006-05-18,18.53,12.59,15.47,2.25,11.28,0.74,2.3,87.39
2006-05-19,23.14,11.46,17.76,0.0,26.21,0.74,2.05,78.69
2006-05-20,23.53,12.93,18.4,0.11,18.67,0.73,3.09,75.38
2006-05-21,27.74,12.26,20.11,0.0,25.93,0.72,2.46,73.84
2006-05-22,27.34,16.38,21.39,0.36,25.67,0.72,1.28,73.29
2006-05-23,28.78,15.57,22.04,0.0,27.12,0.71,1.65,69.74
2006-05-24,29.05,13.71,21.2,0.0,28.56,0.7,2.25,65.71
2006-05-25,28.75,13.36,20.5,0.07,27.15,0.7,2.97,63.72
2006-05-26,23.99,13.76,18.48,0.34,18.07,0.69,3.25,73.6
2006-05-27,25.76,11.27,19.39,0.04,27.97,0.69,2.38,66.4
2006-05-28,26.6,12.49,19.81,0.0,28.77,0.68,2.68,61.21
2006-05-29,27.35,13.79,20.8,0.0,27.17,0.68,3.09,66.92
2006-05-30,29.61,13.26,21.32,0.0,29.82,0.67,4.84,64.31
2006-05-31,29.13,15.52,21.73,0.61,25.8,0.67,4.16,68.46
2006-06-01,25.86,12.32,18.32,0.04,23.47,0.67,3.66,62.91
2006-06-02,31.17,13.84,22.07,0.17,20.14,0.66,3.94,65.92
2006-06-03,30.65,13.87,21.49,0.14,30.26,0.66,3.89,60.79
2006-06-04,27.73,12.98,20.01,0.15,30.09,0.66,3.64,59.7
2006-06-05,23.04,11.62,17.48,3.38,20.74,0.65,1.8,62.59
2006-06-06,24.64,10.11,17.58,0.29,27.56,0.66,1.85,54.35
2006-06-07,21.14,10.69,15.77,8.88,19.38,0.66,2.26,71.56
2006-06-08,19.58,10.9,15.16,12.43,11.49,0.67,3.2,78.5
2006-06-09,18.42,11.77,14.48,6.45,12.63,0.7,4.45,77.26
2006-06-10,23.24,9.36,16.87,0.01,25.81,0.69,1.73,62.21
2006-06-11,24.42,9.57,17.17,0.01,26.87,0.68,2.92,62.07
2006-06-12,24.68,10.28,17.94,0.1,21.26,0.67,2.32,65.39
2006-06-13,18.22,12.29,15.57,5.46,10.67,0.67,2.66,79.29
2006-06-14,22.71,10.75,17.04,0.14,25.35,0.68,2.4,63.41
2006-06-15,19.04,11.23,15.52,10.65,16.65,0.68,2.41,77.1
2006-06-16,23.76,12.21,18.34,0.92,22.85,0.69,3.37,71.86
2006-06-17,28.28,13.41,21.83,0.02,29.03,0.68,1.72,60.83
2006-06-18,31.49,16.1,24.69,0.01,28.87,0.67,1.26,56.05
2006-06-19,29.57,19.27,24.21,0.1,25.4,0.66,1.89,64.26
2006-06-20,30.82,18.35,24.28,1.57,27.45,0.66,1.59,62.02
2006-06-21,29.18,16.63,22.68,0.63,25.53,0.66,2.65,66.16
2006-06-22,28.83,15.58,22.3,0.58,25.86,0.65,1.92,65.21
2006-06-23,30.75,16.85,23.56,0.36,27.02,0.65,1.92,61.9
2006-06-24,30.96,16.75,23.76,0.02,26.97,0.65,2.89,61.53
2006-06-25,30.72,16.52,23.29,0.01,28.57,0.64,4.03,62.25
2006-06-26,31.48,16.52,24.08,0.34,28.52,0.64,4.22,61.7
2006-06-27,33.29,17.25,25.54,0.04,28.89,0.64,3.56,57.85
2006-06-28,32.89,18.18,25.39,0.51,28.58,0.63,3.22,58.28
2006-06-29,34.29,18.02,26.23,0.85,27.72,0.63,2.81,58.65
2006-06-30,32.37,20.28,26.52,1.07,25.0,0.63,2.1,61.45
2006-07-01,31.54,20.97,25.96,1.25,26.35,0.63,2.51,63.82
2006-07-02,25.37,17.87,21.34,25.43,10.51,0.65,5.25,83.36
2006-07-03,21.4,15.76,18.21,0.61,12.39,0.67,6.82,69.34
2006-07-04,22.76,13.46,18.48,0.0,20.46,0.66,5.9,58.96
2006-07-05,25.11,12.93,19.2,0.01,25.39,0.66,4.65,66.99
2006-07-06,26.87,14.19,20.11,0.0,25.53,0.65,4.08,64.26
2006-07-07,28.84,11.75,20.37,0.0,30.79,0.65,2.56,56.11
2006-07-08,29.17,13.0,21.52,0.09,28.89,0.64,2.72,54.5
2006-07-09,27.81,14.17,21.11,1.24,25.11,0.64,2.89,67.75
2006-07-10,26.76,13.81,20.78,0.49,24.59,0.64,3.76,68.41
2006-07-11,27.57,16.9,21.69,0.0,21.15,0.64,5.26,66.31
2006-07-12,30.63,15.56,22.82,0.14,25.48,0.63,5.2,61.63
2006-07-13,29.75,16.45,23.43,0.23,24.06,0.63,4.52,63.44
2006-07-14,31.39,17.98,24.29,0.0,25.73,0.63,4.34,57.65
2006-07-15,31.28,17.07,24.33,1.04,22.92,0.62,3.0,60.09
2006-07-16,25.92,16.11,21.87,0.68,21.35,0.62,1.89,69.51
2006-07-17,28.28,13.74,21.2,0.0,28.1,0.62,3.34,55.36
2006-07-18,26.63,13.64,20.61,0.0,26.9,0.62,3.49,59.48
2006-07-19,29.25,13.89,21.44,0.0,28.86,0.62,3.82,58.48
2006-07-20,31.22,14.98,22.78,0.0,28.16,0.62,4.26,58.52
2006-07-21,29.05,15.32,21.51,0.0,28.77,0.61,5.33,61.05
2006-07-22,27.25,14.07,20.37,0.0,27.37,0.61,4.89,63.6
2006-07-23,30.61,13.07,21.82,0.0,27.43,0.61,3.43,59.68
2006-07-24,33.52,16.15,24.58,0.01,28.73,0.61,2.76,50.69
2006-07-25,32.26,17.21,24.36,0.0,28.34,0.61,3.76,51.77
2006-07-26,32.82,15.82,23.96,0.0,28.9,0.61,3.34,56.76
2006-07-27,33.91,15.2,24.69,0.0,28.38,0.61,3.11,51.34
2006-07-28,34.36,19.45,26.25,1.26,22.89,0.61,2.81,42.32
2006-07-29,31.99,17.85,24.79,18.25,26.62,0.62,2.58,60.57
2006-07-30,33.47,18.23,25.46,0.07,26.18,0.64,2.03,63.25
2006-07-31,30.42,19.18,24.68,0.81,21.56,0.63,1.86,68.66
2006-08-01,31.07,18.52,24.56,0.0,23.49,0.63,2.39,65.56
2006-08-02,32.91,17.33,25.11,0.0,26.3,0.62,1.35,61.59
2006-08-03,35.05,18.03,26.16,0.0,26.59,0.62,2.21,58.74
2006-08-04,36.32,18.31,27.07,0.0,27.23,0.61,2.45,56.68
2006-08-05,37.56,19.11,28.32,0.02,26.59,0.61,3.5,48.41
2006-08-06,34.35,21.49,27.34,0.02,24.18,0.61,3.21,61.41
2006-08-07,31.8,19.2,24.92,2.82,16.59,0.61,2.17,65.6
2006-08-08,29.84,17.73,23.17,1.13,22.33,0.61,2.79,60.83
2006-08-09,30.4,16.25,23.52,0.0,25.35,0.61,2.21,55.73
2006-08-10,33.69,17.39,25.73,0.01,23.09,0.61,3.32,53.78
2006-08-11,30.84,18.86,24.8,0.09,23.43,0.61,3.47,50.59
2006-08-12,32.57,17.34,24.95,0.0,23.77,0.6,1.97,47.99
2006-08-13,34.48,17.94,25.7,0.0,25.26,0.6,2.7,54.96
2006-08-14,35.54,17.0,26.09,0.0,25.99,0.6,1.78,53.79
2006-08-15,35.7,18.49,26.76,0.0,25.27,0.6,2.43,49.31
2006-08-16,33.35,18.97,25.67,0.0,25.23,0.6,3.81,47.92
2006-08-17,34.43,18.49,26.13,0.0,24.12,0.6,4.19,52.0
2006-08-18,35.25,18.97,26.64,0.0,24.25,0.6,3.44,52.06
2006-08-19,37.18,19.99,27.91,0.0,24.51,0.6,2.25,41.59
2006-08-20,39.92,20.61,29.98,0.0,24.25,0.6,1.87,33.51
2006-08-21,40.61,22.5,30.82,0.99,22.97,0.6,2.14,37.7
2006-08-22,32.04,20.16,25.46,0.53,23.9,0.6,3.42,51.28
2006-08-23,32.24,17.55,24.64,0.0,22.95,0.6,2.05,45.53
2006-08-24,32.78,18.04,24.95,0.0,24.7,0.6,1.81,50.33
2006-08-25,33.93,17.27,25.05,0.0,24.43,0.6,2.96,55.13
2006-08-26,34.52,17.55,25.64,0.07,23.92,0.6,1.72,53.84
2006-08-27,32.41,19.21,25.95,0.12,22.53,0.6,2.17,51.28
2006-08-28,26.64,17.56,22.09,11.56,12.24,0.61,2.43,76.35
2006-08-29,28.94,13.78,20.93,0.01,22.95,0.62,4.07,59.76
2006-08-30,31.41,14.33,22.63,0.12,22.66,0.61,4.83,63.54
2006-08-31,24.28,13.04,17.59,1.76,16.84,0.61,4.73,55.33
2006-09-01,23.01,10.5,16.37,1.59,15.63,0.61,3.41,65.03
2006-09-02,23.74,11.85,17.1,0.56,18.68,0.61,2.56,64.8
2006-09-03,27.0,11.18,19.89,0.0,21.59,0.61,1.93,53.96
2006-09-04,31.36,14.82,23.15,0.0,22.67,0.61,2.37,49.05
2006-09-05,32.84,17.63,25.14,0.0,21.64,0.61,3.97,50.68
2006-09-06,29.36,16.26,22.16,0.0,22.51,0.6,3.01,48.94
2006-09-07,29.91,13.61,21.17,0.0,22.88,0.6,1.88,56.69
2006-09-08,30.04,13.48,21.14,0.0,22.72,0.6,2.19,59.61
2006-09-09,29.33,14.25,20.74,0.0,20.69,0.6,3.89,64.69
2006-09-10,22.92,12.67,17.43,0.0,18.92,0.6,5.59,59.27
2006-09-11,23.65,11.74,16.82,0.0,17.02,0.6,4.91,62.9
2006-09-12,24.57,12.22,17.51,0.0,17.36,0.6,4.01,67.53
2006-09-13,24.76,11.99,18.05,0.0,17.83,0.6,4.35,68.29
2006-09-14,24.85,12.16,17.77,0.0,18.53,0.6,3.77,65.66
2006-09-15,26.12,10.61,17.86,0.0,20.62,0.6,2.92,64.63
2006-09-16,25.6,11.76,17.96,0.0,17.6,0.6,3.45,68.21
2006-09-17,26.23,13.78,19.06,0.0,16.9,0.6,4.18,71.45
2006-09-18,22.2,13.34,17.3,7.98,8.46,0.61,2.16,82.67
2006-09-19,25.84,13.59,19.5,0.26,17.75,0.62,1.66,74.43
2006-09-20,23.75,15.22,19.09,3.91,12.33,0.61,1.78,81.0
2006-09-21,23.74,14.55,18.68,2.78,9.17,0.62,3.04,75.53
2006-09-22,20.47,10.32,14.55,14.8,7.17,0.63,3.48,86.88
2006-09-23,20.32,8.95,14.23,3.72,9.43,0.65,3.59,78.69
2006-09-24,20.7,13.22,16.27,3.3,6.47,0.65,3.94,85.07
2006-09-25,23.74,11.87,16.73,0.6,16.42,0.65,3.18,79.14
2006-09-26,25.35,10.91,17.63,0.0,16.48,0.64,1.7,73.34
2006-09-27,21.06,14.86,17.42,2.62,8.37,0.64,3.3,85.91
2006-09-28,21.26,14.94,17.58,14.97,7.89,0.66,2.15,91.53
2006-09-29,20.32,13.92,16.63,29.04,5.29,0.7,2.06,90.8
2006-09-30,22.92,11.4,16.95,0.02,13.95,0.71,1.69,80.66
2006-10-01,22.64,11.73,16.41,0.59,14.43,0.7,2.13,80.96
2006-10-02,23.38,10.92,16.01,0.0,17.67,0.69,1.7,75.99
2006-10-03,24.15,9.81,16.49,0.0,16.41,0.69,2.61,81.81
2006-10-04,26.26,12.23,18.14,0.0,14.61,0.68,3.18,82.38
2006-10-05,26.6,12.2,18.28,0.03,15.46,0.68,3.58,81.24
2006-10-06,25.26,13.69,18.54,0.01,13.33,0.68,2.06,80.97
2006-10-07,21.21,13.16,16.56,0.08,6.59,0.67,3.15,81.83
2006-10-08,18.97,14.53,16.18,1.31,2.95,0.67,5.42,88.46
2006-10-09,17.53,12.96,14.89,7.38,4.04,0.68,5.68,85.94
2006-10-10,19.9,12.26,15.04,5.97,5.15,0.69,5.47,79.78
2006-10-11,19.33,11.67,14.7,0.05,10.45,0.69,4.89,78.6
2006-10-12,18.9,11.92,14.72,0.22,5.2,0.69,4.8,76.83
2006-10-13,17.72,10.23,13.5,0.0,9.67,0.68,4.82,71.95
2006-10-14,16.3,9.46,12.47,0.01,8.43,0.68,5.59,75.31
2006-10-15,16.65,7.24,11.25,0.01,11.92,0.68,3.72,69.2
2006-10-16,14.09,5.09,8.98,1.07,8.36,0.68,3.99,75.15
2006-10-17,12.11,3.42,6.65,0.02,14.54,0.68,5.19,73.09
2006-10-18,11.55,2.06,6.95,0.26,11.67,0.68,5.56,72.98
2006-10-19,12.65,7.58,10.23,6.85,4.5,0.68,3.99,90.56
2006-10-20,18.45,10.66,13.58,1.13,10.67,0.69,1.84,89.36
2006-10-21,18.42,7.63,12.63,0.02,10.37,0.69,3.21,86.97
2006-10-22,20.09,10.77,14.93,13.53,5.4,0.7,1.94,87.53
2006-10-23,21.84,9.82,14.86,0.06,5.87,0.71,1.85,85.1
2006-10-24,21.94,10.43,15.11,0.06,5.93,0.7,3.09,88.1
2006-10-25,23.98,10.83,16.02,0.0,8.71,0.7,2.46,84.17
2006-10-26,20.99,9.29,14.48,0.8,9.69,0.7,2.31,85.25
2006-10-27,18.39,6.98,11.54,0.0,13.53,0.69,2.41,81.68
2006-10-28,19.72,6.84,12.07,0.0,13.27,0.69,1.35,78.45
2006-10-29,17.99,9.67,12.83,0.31,6.17,0.69,1.82,86.74
2006-10-30,13.34,4.21,10.5,8.54,2.18,0.69,5.37,86.16
2006-10-31,6.08,0.69,3.07,8.69,3.58,0.71,8.55,69.4
2006-11-01,9.73,1.15,4.61,0.53,7.58,0.71,3.48,84.12
2006-11-02,14.46,1.33,7.45,4.64,5.37,0.71,2.91,81.91
2006-11-03,2.58,-3.48,-0.03,12.2,4.47,0.72,5.46,86.41
2006-11-04,1.51,-4.89,-2.54,0.05,9.9,0.72,3.5,84.76
2006-11-05,5.37,-8.15,-1.48,0.0,10.63,0.72,3.49,82.45
2006-11-06,9.62,-0.97,3.68,0.49,4.53,0.72,3.53,88.28
2006-11-07,13.46,1.08,6.34,0.0,8.71,0.72,3.54,87.54
2006-11-08,14.98,2.4,7.32,0.0,11.01,0.72,2.69,83.75
2006-11-09,16.66,2.9,8.58,0.03,8.98,0.72,2.82,78.36
2006-11-10,12.48,4.48,7.85,0.03,4.08,0.72,3.66,75.62
2006-11-11,10.04,-0.7,4.7,0.06,10.46,0.72,3.81,72.6
2006-11-12,10.08,-1.72,3.28,0.0,8.79,0.72,3.56,82.09
2006-11-13,7.22,0.32,4.15,4.85,1.57,0.72,3.66,85.8
2006-11-14,12.4,-2.42,4.23,0.0,10.72,0.72,3.43,77.74
2006-11-15,16.65,2.43,8.27,0.0,10.25,0.72,2.5,75.18
2006-11-16,16.62,4.53,8.95,0.0,10.28,0.72,3.12,84.05
2006-11-17,18.99,5.33,11.16,0.0,8.88,0.72,1.52,72.18
2006-11-18,16.52,3.82,9.25,0.0,8.92,0.72,2.33,86.45
2006-11-19,12.83,4.47,7.89,0.0,4.47,0.72,2.59,89.12
2006-11-20,10.04,4.07,6.35,0.0,3.32,0.71,1.66,85.96
2006-11-21,10.95,4.33,6.68,0.03,7.01,0.71,1.5,89.67
2006-11-22,11.85,5.13,8.72,0.49,4.26,0.71,4.26,96.21
2006-11-23,15.53,9.8,11.66,2.61,3.41,0.72,6.09,90.88
2006-11-24,16.67,7.97,11.4,0.94,6.8,0.72,3.76,89.68
2006-11-25,16.46,7.09,10.86,1.75,4.72,0.72,2.0,88.16
2006-11-26,14.74,2.98,8.12,0.0,7.89,0.72,2.35,90.03
2006-11-27,14.39,3.02,6.99,0.0,4.67,0.72,1.98,83.63
2006-11-28,12.08,3.91,6.41,0.36,4.39,0.72,2.21,93.75
2006-11-29,8.98,4.74,6.82,0.49,3.34,0.72,4.08,93.44
2006-11-30,10.3,5.16,7.17,0.04,5.39,0.72,4.56,87.03
2006-12-01,9.95,2.91,6.12,0.0,3.25,0.72,2.96,88.17
2006-12-02,10.24,1.17,4.45,0.0,4.98,0.72,1.93,90.61
2006-12-03,10.59,1.46,5.53,0.0,6.18,0.71,1.15,84.97
2006-12-04,9.54,1.2,4.09,0.0,6.67,0.71,1.55,85.49
2006-12-05,12.61,1.62,6.4,0.03,3.23,0.71,1.68,81.72
2006-12-06,13.45,2.97,7.68,0.0,7.31,0.71,1.26,83.31
2006-12-07,11.01,0.68,4.49,0.0,6.3,0.71,1.89,90.61
2006-12-08,10.0,3.73,5.82,0.4,3.8,0.71,2.42,95.53
2006-12-09,11.69,4.91,7.03,0.13,3.53,0.71,2.82,93.8
2006-12-10,9.66,4.64,6.21,0.15,2.59,0.71,2.31,95.14
2006-12-11,9.06,4.61,5.99,0.36,4.29,0.71,2.1,93.03
2006-12-12,7.48,4.41,5.68,1.85,1.16,0.71,4.5,94.89
2006-12-13,9.0,2.38,4.82,0.0,6.88,0.72,2.24,87.67
2006-12-14,9.44,-1.23,3.27,0.0,8.15,0.71,1.95,78.46
2006-12-15,11.84,-0.21,5.14,0.0,8.04,0.71,1.1,70.03
2006-12-16,11.87,0.07,4.47,0.0,8.23,0.71,2.86,84.99
2006-12-17,11.09,2.84,5.73,0.01,5.36,0.71,2.87,92.79
2006-12-18,9.37,2.03,5.95,0.24,4.33,0.71,1.73,93.18
2006-12-19,11.38,6.46,8.26,4.22,1.62,0.71,1.64,98.56
2006-12-20,6.56,0.57,4.24,17.5,1.18,0.74,5.21,95.56
2006-12-21,3.0,-2.67,0.03,0.65,3.36,0.75,4.97,85.84
2006-12-22,1.99,-5.01,-2.68,0.09,6.64,0.74,4.51,82.88
2006-12-23,4.35,-4.95,-1.88,0.0,7.39,0.74,2.92,89.68
2006-12-24,4.33,-3.64,-1.08,0.0,3.67,0.74,2.34,92.32
2006-12-25,3.99,-3.43,-0.94,0.0,5.12,0.74,2.93,92.13
2006-12-26,-0.54,-5.62,-2.69,0.42,6.65,0.73,5.8,69.0
2006-12-27,0.69,-8.32,-4.64,0.0,8.58,0.73,2.89,76.9
2006-12-28,3.72,-7.9,-2.94,0.0,8.61,0.73,2.46,81.43
2006-12-29,6.03,-4.5,-0.58,0.0,6.7,0.73,2.93,85.44
2006-12-30,4.34,-2.06,0.03,0.0,5.33,0.73,2.86,86.23
2006-12-31,5.04,-2.67,-0.26,0.0,8.18,0.73,1.86,87.57
2007-01-01,7.97,-3.44,1.45,0.0,8.23,0.73,3.61,89.14
2007-01-02,10.04,0.68,4.46,0.05,5.46,0.73,4.2,96.54
2007-01-03,8.55,-1.4,4.92,8.02,4.51,0.75,5.09,86.0
2007-01-04,7.34,-3.29,1.07,0.0,6.98,0.74,1.75,78.74
2007-01-05,6.33,-1.73,0.86,0.0,8.51,0.74,1.45,79.15
2007-01-06,8.32,-2.23,1.17,0.0,7.98,0.74,2.74,88.53
2007-01-07,9.54,-1.89,2.46,0.02,8.66,0.74,2.77,89.95
2007-01-08,12.31,0.14,4.56,0.0,6.95,0.74,2.89,87.25
2007-01-09,10.58,1.97,5.33,0.12,6.63,0.74,2.27,91.71
2007-01-10,13.46,-0.14,5.32,0.08,7.44,0.74,1.88,87.0
2007-01-11,12.17,0.93,5.39,0.09,5.11,0.74,3.08,88.32
2007-01-12,8.1,2.83,5.13,4.42,5.87,0.74,3.2,95.01
2007-01-13,11.09,1.87,5.2,0.51,9.0,0.74,3.3,81.07
2007-01-14,14.19,-0.1,5.44,0.0,9.3,0.74,2.8,83.18
2007-01-15,12.63,1.23,5.95,0.0,8.71,0.74,3.23,85.91
2007-01-16,11.74,-1.85,3.29,0.0,9.45,0.74,2.89,78.67
2007-01-17,12.57,-1.45,3.85,0.04,8.77,0.74,2.64,72.07
2007-01-18,13.07,0.1,5.25,0.02,7.38,0.74,2.99,79.86
2007-01-19,13.69,2.5,7.53,2.65,6.23,0.74,5.15,88.94
2007-01-20,12.0,1.41,5.97,0.02,9.41,0.74,4.76,73.37
2007-01-21,14.54,1.33,7.15,0.0,9.84,0.74,4.83,78.44
2007-01-22,17.0,5.99,9.63,0.0,9.73,0.74,2.75,88.07
2007-01-23,15.27,9.2,11.4,0.03,3.9,0.74,6.38,89.95
2007-01-24,14.51,10.53,12.07,0.12,5.57,0.73,10.3,84.97
2007-01-25,15.36,10.76,12.29,5.92,4.44,0.73,7.78,83.68
2007-01-26,12.27,1.66,8.17,25.43,2.75,0.76,4.83,93.02
2007-01-27,7.49,-0.39,3.39,24.1,5.07,0.81,3.47,87.64
2007-01-28,2.42,-4.98,-1.2,1.03,9.13,0.8,6.61,70.36
2007-01-29,8.96,-5.0,1.84,0.07,10.27,0.8,5.81,72.93
2007-01-30,4.17,-2.6,0.81,0.0,10.33,0.79,4.26,72.19
2007-01-31,7.2,-1.18,1.7,0.0,7.75,0.79,3.0,80.33
2007-02-01,12.7,-0.89,4.78,0.0,11.12,0.79,5.47,80.77
2007-02-02,7.05,-1.25,1.95,0.09,7.08,0.79,4.26,76.67
2007-02-03,3.38,-5.58,-1.52,0.54,11.44,0.78,3.13,66.29
2007-02-04,2.15,-2.74,-0.59,2.92,3.89,0.78,3.67,88.8
2007-02-05,3.65,-3.65,-0.57,0.02,9.53,0.78,3.89,77.28
2007-02-06,7.8,-4.16,0.25,0.0,12.49,0.79,3.4,83.22
2007-02-07,10.43,-0.63,4.25,0.0,6.35,0.79,4.91,93.6
2007-02-08,14.07,5.59,8.95,0.02,9.25,0.79,5.43,91.54
2007-02-09,14.47,7.11,9.82,0.04,9.27,0.78,5.27,90.01
2007-02-10,14.41,7.24,9.67,0.05,7.63,0.78,3.4,90.09
2007-02-11,13.89,7.17,9.48,0.02,6.91,0.78,3.54,91.01
2007-02-12,12.41,6.07,8.81,5.16,4.73,0.78,3.75,94.6
2007-02-13,14.01,5.19,9.77,3.88,6.08,0.79,5.44,91.09
2007-02-14,11.3,5.65,8.12,1.88,7.08,0.79,2.99,89.52
2007-02-15,11.32,4.39,7.08,0.34,8.14,0.79,2.6,88.51
2007-02-16,10.57,2.97,5.74,0.13,5.12,0.79,3.29,87.2
2007-02-17,5.34,0.85,2.53,0.92,4.29,0.79,7.04,87.86
2007-02-18,5.84,-1.24,2.4,0.14,4.02,0.79,5.12,86.72
2007-02-19,6.7,-3.04,1.56,0.0,9.97,0.79,2.86,86.58
2007-02-20,12.55,1.22,5.89,0.0,12.0,0.79,2.95,89.45
2007-02-21,15.64,4.02,8.04,0.02,12.57,0.79,1.42,83.87
2007-02-22,14.03,3.7,7.65,0.0,8.89,0.78,2.9,82.1
2007-02-23,10.35,-1.59,4.18,0.02,5.73,0.78,4.64,86.69
2007-02-24,1.45,-3.23,-1.45,0.0,6.18,0.78,6.88,77.63
2007-02-25,5.22,-3.87,-0.19,0.23,7.87,0.78,4.33,79.69
2007-02-26,7.42,-3.63,0.57,0.24,12.53,0.78,2.5,81.59
2007-02-27,6.12,-2.61,2.2,6.43,8.92,0.78,2.62,88.16
2007-02-28,8.27,-0.94,2.97,3.68,11.05,0.79,3.43,83.28
2007-03-01,14.46,-0.84,6.2,0.04,11.7,0.79,4.42,85.92
2007-03-02,15.4,5.65,9.61,0.07,12.57,0.79,4.84,89.28
2007-03-03,14.85,5.74,9.49,1.21,16.77,0.79,4.3,70.18
2007-03-04,15.66,4.78,9.08,0.11,12.98,0.78,5.03,75.17
2007-03-05,9.83,0.6,5.07,0.01,14.51,0.78,3.29,83.58
2007-03-06,11.99,-0.23,4.7,0.0,17.68,0.78,1.85,80.08
2007-03-07,13.35,0.98,5.8,0.0,15.67,0.78,2.21,81.14
2007-03-08,11.98,1.71,5.44,0.0,16.24,0.78,3.54,80.32
2007-03-09,10.98,-0.05,5.08,0.0,6.15,0.77,3.33,79.65
2007-03-10,9.74,-0.92,3.47,0.0,5.23,0.77,3.95,81.14
2007-03-11,8.05,1.69,4.08,0.0,4.8,0.77,5.18,83.45
2007-03-12,13.55,-0.6,5.77,0.0,17.62,0.77,3.74,78.92
2007-03-13,8.69,2.07,5.1,0.03,11.9,0.77,5.53,75.49
2007-03-14,8.43,-1.69,3.24,0.02,11.53,0.77,6.17,75.86
2007-03-15,13.01,-2.59,4.93,0.0,17.71,0.76,3.36,69.15
2007-03-16,12.67,-0.34,5.28,0.0,12.59,0.76,3.01,73.05
2007-03-17,16.1,-1.07,7.08,0.0,18.41,0.76,3.12,78.2
2007-03-18,17.24,3.43,9.98,0.0,14.32,0.76,3.44,67.49
2007-03-19,17.94,5.26,10.49,0.0,18.38,0.75,4.85,80.43
2007-03-20,16.2,7.96,11.92,0.08,12.36,0.75,7.51,81.73
2007-03-21,16.66,7.91,12.66,4.38,9.52,0.75,8.7,84.26
2007-03-22,12.86,5.76,10.12,25.02,3.19,0.77,4.42,92.5
2007-03-23,13.75,6.29,10.5,5.51,10.63,0.8,6.1,81.51
2007-03-24,14.25,5.96,9.48,2.34,14.74,0.8,1.87,74.19
2007-03-25,13.48,1.7,7.19,0.42,15.15,0.79,2.4,80.38
2007-03-26,11.1,-0.45,5.36,0.03,14.38,0.79,3.97,79.53
2007-03-27,9.02,-2.5,2.5,0.0,13.35,0.78,4.14,75.5
2007-03-28,10.19,-2.95,3.39,0.0,13.72,0.78,3.16,78.98
2007-03-29,12.1,0.55,5.61,0.0,15.82,0.78,2.5,77.47
2007-03-30,11.16,2.68,6.14,0.1,12.61,0.78,3.36,81.79
2007-03-31,7.35,3.5,5.07,7.41,4.9,0.78,4.35,93.73
2007-04-01,14.52,1.42,7.39,0.23,15.41,0.79,3.89,70.24
2007-04-02,15.06,0.85,7.85,0.0,16.73,0.78,3.4,63.03
2007-04-03,14.98,1.84,8.21,0.0,17.65,0.78,2.12,63.91
2007-04-04,16.09,2.79,9.59,0.26,19.7,0.77,3.21,76.36
2007-04-05,11.87,5.09,8.18,3.11,8.62,0.78,2.52,91.07
2007-04-06,16.61,4.53,9.64,0.03,20.15,0.77,2.1,75.03
2007-04-07,19.25,4.5,12.29,0.0,22.3,0.77,1.9,65.77
2007-04-08,19.1,4.14,11.82,0.0,18.66,0.76,2.53,66.58
2007-04-09,16.84,4.42,10.32,0.0,19.03,0.76,2.11,70.47
2007-04-10,20.01,4.11,12.54,0.0,22.91,0.76,1.68,58.69
2007-04-11,14.19,6.18,10.34,0.54,12.85,0.75,5.2,73.71
2007-04-12,17.05,4.87,10.61,0.0,20.68,0.75,3.21,73.06
2007-04-13,18.21,4.81,11.33,0.0,19.38,0.75,2.39,74.36
2007-04-14,18.96,4.86,11.65,0.0,23.18,0.74,1.63,61.53
2007-04-15,15.05,3.56,9.56,0.47,15.06,0.74,3.68,67.51
2007-04-16,13.72,0.31,6.73,0.04,19.22,0.74,3.13,65.14
2007-04-17,12.72,-0.64,6.15,0.0,20.18,0.73,2.67,63.76
2007-04-18,15.39,-0.06,7.42,0.02,18.86,0.73,2.84,65.79
2007-04-19,16.72,2.62,9.27,0.01,17.33,0.73,4.11,69.87
2007-04-20,17.52,2.09,9.88,0.0,26.21,0.73,2.14,64.17
2007-04-21,22.49,3.94,13.33,0.0,25.93,0.72,2.53,63.5
2007-04-22,19.79,5.12,11.97,0.0,22.25,0.72,3.62,68.51
2007-04-23,18.54,2.72,10.49,0.0,25.93,0.71,2.09,58.94
2007-04-24,20.28,2.79,11.54,0.0,26.07,0.71,2.05,55.39
2007-04-25,18.9,4.13,10.68,0.0,26.11,0.7,3.72,58.9
2007-04-26,16.05,4.6,9.84,0.0,24.68,0.7,4.65,70.14
2007-04-27,18.11,4.5,10.46,0.0,25.73,0.7,3.74,68.9
2007-04-28,18.45,3.52,10.64,0.0,25.66,0.69,2.94,61.33
2007-04-29,21.48,5.34,13.79,0.02,25.12,0.69,1.72,57.56
2007-04-30,20.02,8.17,14.31,2.23,18.11,0.69,2.58,72.36
2007-05-01,16.95,9.31,12.93,2.65,13.55,0.69,1.5,83.81
2007-05-02,15.87,4.66,10.79,4.64,6.77,0.7,3.23,84.47
2007-05-03,19.75,3.9,11.64,0.0,21.76,0.7,1.74,71.67
2007-05-04,20.78,8.55,14.34,0.0,19.01,0.69,2.36,67.52
2007-05-05,25.1,6.67,15.49,0.0,20.51,0.69,2.77,57.08
2007-05-06,25.84,12.03,18.03,0.0,17.45,0.68,2.6,59.63
2007-05-07,25.48,9.94,16.58,0.02,19.31,0.68,2.85,70.85
2007-05-08,24.8,10.11,17.68,0.08,25.13,0.68,2.73,67.47
2007-05-09,27.7,11.3,19.89,0.0,27.65,0.67,2.61,55.92
2007-05-10,26.6,12.52,19.29,0.01,26.52,0.67,3.02,55.03
2007-05-11,26.88,9.76,18.12,0.0,28.66,0.66,2.06,52.55
2007-05-12,28.94,9.19,18.93,0.0,29.01,0.66,1.77,49.74
2007-05-13,28.71,11.84,19.58,0.0,27.45,0.65,3.32,54.72
2007-05-14,26.94,9.32,17.55,0.0,28.89,0.65,3.43,50.76
2007-05-15,26.66,8.49,17.07,0.0,28.92,0.65,3.62,63.32
2007-05-16,30.5,8.63,19.3,0.0,27.56,0.65,1.58,60.8
2007-05-17,30.72,11.29,20.7,0.0,29.36,0.64,2.74,53.84
2007-05-18,25.31,14.32,19.5,0.89,20.49,0.64,4.06,58.8
2007-05-19,24.33,13.45,17.92,2.55,13.53,0.64,3.0,77.53
2007-05-20,26.04,14.3,18.82,11.7,16.8,0.65,3.91,76.41
2007-05-21,19.29,14.16,16.13,24.48,4.77,0.69,2.87,88.91
2007-05-22,20.53,13.59,16.78,6.47,15.85,0.7,2.44,84.48
2007-05-23,20.98,13.71,17.22,7.22,11.43,0.71,1.98,84.63
2007-05-24,23.44,13.64,18.74,0.19,24.34,0.7,1.61,79.72
2007-05-25,25.89,14.49,20.51,0.76,20.52,0.7,1.42,74.06
2007-05-26,26.83,16.04,21.92,0.18,25.69,0.69,0.99,67.34
2007-05-27,27.16,16.0,21.32,0.11,26.58,0.68,2.4,69.59
2007-05-28,26.29,14.11,19.97,0.0,22.36,0.68,4.48,75.76
2007-05-29,25.47,15.56,20.11,0.01,22.79,0.67,4.92,71.44
2007-05-30,26.32,13.67,19.89,0.05,24.5,0.67,3.13,66.47
2007-05-31,25.2,12.7,18.74,1.02,23.03,0.66,2.33,64.28
2007-06-01,25.59,11.17,19.21,0.01,27.15,0.66,2.05,61.39
2007-06-02,28.23,13.28,21.61,0.0,27.56,0.66,1.46,55.27
2007-06-03,29.79,14.25,22.09,0.0,28.06,0.65,1.91,58.1
2007-06-04,28.84,14.46,21.54,0.0,23.91,0.65,2.73,54.22
2007-06-05,25.79,15.74,20.32,0.77,7.55,0.65,5.04,76.66
2007-06-06,24.2,16.55,19.58,3.04,13.78,0.65,6.31,74.85
2007-06-07,23.71,13.68,18.8,0.64,24.05,0.65,4.34,68.1
2007-06-08,26.0,11.42,18.43,0.0,28.45,0.65,3.7,55.84
2007-06-09,27.94,10.17,19.47,0.0,30.43,0.64,3.67,56.8
2007-06-10,28.03,12.85,20.24,0.06,26.52,0.64,3.2,58.25
2007-06-11,28.89,12.64,21.5,0.0,27.38,0.64,1.87,49.69
2007-06-12,30.57,14.09,23.17,2.06,26.88,0.63,2.28,52.92
2007-06-13,29.01,18.1,23.56,3.37,22.35,0.64,0.91,60.84
2007-06-14,31.57,15.7,23.58,0.84,26.21,0.64,1.87,58.75
2007-06-15,31.14,16.46,23.68,0.26,27.15,0.63,1.68,56.36
2007-06-16,32.83,15.28,24.2,0.03,26.31,0.63,1.06,58.22
2007-06-17,30.3,16.91,23.83,1.89,25.22,0.63,1.78,64.36
2007-06-18,32.24,17.55,25.35,0.21,27.46,0.63,2.15,58.69
2007-06-19,33.58,18.08,26.26,0.73,26.17,0.62,2.34,53.74
2007-06-20,32.33,18.83,25.22,0.49,24.67,0.62,3.13,56.2
2007-06-21,31.95,18.71,24.98,0.12,27.18,0.62,2.05,55.45
2007-06-22,33.73,16.59,26.04,0.37,27.96,0.62,2.03,58.34
2007-06-23,38.92,20.93,29.89,0.0,27.85,0.61,3.64,48.62
2007-06-24,35.82,21.8,28.24,1.63,28.84,0.61,3.22,47.82
2007-06-25,36.72,21.15,28.9,0.0,28.43,0.61,2.02,41.3
2007-06-26,41.13,20.42,31.16,0.0,29.16,0.61,2.87,38.44
2007-06-27,41.98,24.66,32.79,0.41,28.84,0.6,3.94,27.44
2007-06-28,35.93,21.72,28.54,0.0,29.53,0.6,3.81,37.21
2007-06-29,30.54,17.53,23.81,0.0,24.81,0.6,3.81,45.97
2007-06-30,29.13,15.88,22.7,0.0,24.63,0.6,3.07,51.97
2007-07-01,29.53,15.39,22.65,0.1,28.33,0.6,3.3,52.01
2007-07-02,31.67,15.68,23.64,0.0,30.16,0.6,2.77,46.54
2007-07-03,33.53,15.26,24.6,0.0,30.86,0.6,2.53,48.79
2007-07-04,36.25,15.28,26.38,0.0,29.98,0.6,1.19,45.54
2007-07-05,36.27,19.33,25.97,0.01,25.14,0.6,4.91,42.55
2007-07-06,29.63,17.87,23.21,0.17,25.89,0.6,3.63,34.82
2007-07-07,32.85,14.94,24.78,0.0,30.33,0.6,3.52,33.29
2007-07-08,34.72,17.66,26.4,0.0,29.3,0.6,2.5,31.46
2007-07-09,35.75,17.92,26.69,0.0,30.49,0.6,2.84,35.33
2007-07-10,36.19,16.63,26.98,0.0,30.19,0.6,2.7,48.27
2007-07-11,37.42,17.23,27.64,0.04,29.16,0.6,1.94,44.62
2007-07-12,28.22,18.31,22.77,0.35,20.67,0.6,4.27,50.67
2007-07-13,29.65,15.4,22.23,0.0,28.53,0.6,3.93,40.92
2007-07-14,29.72,15.06,22.39,0.0,25.02,0.6,2.73,45.54
2007-07-15,32.38,15.16,24.51,0.0,27.53,0.6,3.24,42.91
2007-07-16,33.17,17.56,25.17,0.0,28.99,0.6,3.69,44.79
2007-07-17,36.6,17.01,27.05,0.0,28.47,0.6,2.9,39.59
2007-07-18,37.88,18.28,28.49,0.0,28.93,0.6,2.88,33.2
2007-07-19,37.73,21.55,29.42,0.0,29.01,0.6,3.38,29.65
2007-07-20,34.6,18.81,26.35,0.0,29.45,0.6,4.04,51.08
2007-07-21,36.36,16.72,26.76,0.0,28.2,0.6,3.39,46.15
2007-07-22,38.01,18.97,28.56,0.0,29.07,0.6,2.81,35.25
2007-07-23,40.83,22.51,31.39,0.0,28.29,0.59,1.77,29.13
2007-07-24,42.43,22.43,32.84,0.0,27.28,0.59,2.38,23.13
2007-07-25,43.57,23.85,33.5,0.0,24.71,0.59,3.42,23.74
2007-07-26,31.38,19.88,25.86,0.0,24.17,0.59,5.39,41.13
2007-07-27,31.5,17.86,24.32,0.0,26.53,0.59,4.17,51.29
2007-07-28,32.29,16.79,24.42,0.0,27.79,0.59,4.0,54.0
2007-07-29,32.84,16.58,24.32,0.0,28.46,0.59,3.67,56.11
2007-07-30,35.24,16.08,25.88,0.0,28.42,0.59,2.59,55.5
2007-07-31,32.62,18.19,24.94,0.0,26.56,0.59,3.67,62.35
2007-08-01,30.5,15.33,22.97,3.27,21.0,0.59,4.8,63.12
2007-08-02,28.18,12.86,20.42,0.1,26.72,0.6,4.03,52.15
2007-08-03,31.73,13.77,22.9,0.0,28.33,0.6,2.86,46.0
2007-08-04,30.34,15.29,22.37,0.0,27.59,0.6,3.35,58.35
2007-08-05,26.87,15.47,21.29,1.77,12.12,0.6,4.59,70.13
2007-08-06,28.43,18.71,22.96,22.34,16.23,0.62,3.17,77.11
2007-08-07,26.01,14.69,20.31,3.23,21.0,0.64,3.23,70.42
2007-08-08,30.51,16.3,23.55,0.08,23.1,0.64,2.79,62.84
2007-08-09,32.82,17.58,25.25,0.0,24.93,0.63,2.31,57.68
2007-08-10,34.53,18.64,26.12,0.0,24.77,0.62,2.91,57.13
2007-08-11,31.55,18.57,24.63,0.0,20.91,0.62,2.88,67.62
2007-08-12,31.48,18.6,24.66,1.04,19.85,0.62,2.42,66.75
2007-08-13,30.25,18.24,24.03,0.62,24.08,0.62,3.29,55.65
2007-08-14,32.2,17.58,24.69,0.0,24.9,0.61,3.28,53.81
2007-08-15,32.34,17.96,24.95,0.0,23.32,0.61,3.04,54.09
2007-08-16,32.66,18.03,25.06,0.0,23.8,0.61,2.43,56.17
2007-08-17,34.73,19.02,26.11,0.0,24.13,0.61,2.13,48.99
2007-08-18,32.66,18.1,24.9,0.0,25.81,0.6,3.58,59.28
2007-08-19,32.43,17.66,24.7,0.0,23.22,0.6,3.13,62.73
2007-08-20,34.88,17.97,26.36,0.0,24.25,0.6,2.26,53.1
2007-08-21,36.44,19.17,27.67,0.0,22.92,0.6,2.03,49.83
2007-08-22,38.16,20.3,28.84,0.0,23.17,0.6,2.12,46.84
2007-08-23,36.84,20.57,27.8,0.0,24.79,0.6,2.98,44.57
2007-08-24,36.86,19.38,27.55,0.0,24.72,0.6,4.06,45.79
2007-08-25,36.22,18.82,27.17,0.0,24.72,0.6,4.37,33.76
2007-08-26,36.25,18.45,26.92,3.11,23.42,0.6,3.49,39.57
2007-08-27,27.6,17.76,22.24,2.15,17.69,0.6,3.76,68.35
2007-08-28,30.31,17.07,23.11,0.01,21.31,0.61,3.89,60.34
2007-08-29,32.57,16.42,24.26,0.0,23.25,0.6,2.62,58.69
2007-08-30,36.28,17.3,26.81,0.0,22.53,0.6,1.99,54.12
2007-08-31,37.94,20.62,28.59,0.0,21.22,0.6,3.3,42.86
2007-09-01,32.14,20.3,25.02,2.22,17.91,0.6,3.65,69.26
2007-09-02,22.19,17.91,19.73,16.97,12.11,0.63,4.19,82.67
2007-09-03,25.57,17.77,21.22,0.13,14.69,0.63,3.34,77.53
2007-09-04,29.31,15.14,22.16,0.0,19.24,0.63,2.01,68.6
2007-09-05,30.48,18.06,23.22,0.02,20.81,0.62,4.05,69.36
2007-09-06,22.05,12.42,16.77,1.33,20.42,0.62,3.25,65.5
2007-09-07,23.41,11.37,16.98,7.3,15.73,0.62,3.24,61.46
2007-09-08,18.69,9.89,13.88,6.93,15.83,0.64,3.58,71.25
2007-09-09,22.39,9.69,15.81,0.0,14.26,0.64,2.74,65.64
2007-09-10,25.18,10.98,17.53,0.0,21.02,0.64,2.96,62.3
2007-09-11,27.39,11.92,19.35,0.02,21.27,0.63,3.19,62.93
2007-09-12,22.37,11.48,16.02,0.95,13.99,0.63,3.83,62.87
2007-09-13,24.01,9.2,16.37,0.0,18.31,0.63,3.96,61.72
2007-09-14,25.74,10.39,17.66,0.0,21.28,0.62,1.47,60.81
2007-09-15,25.96,12.45,18.31,0.0,19.69,0.62,2.18,64.5
2007-09-16,24.71,12.36,17.73,0.0,20.12,0.62,3.05,63.24
2007-09-17,27.58,10.4,18.01,0.0,20.93,0.62,1.37,64.25
2007-09-18,29.11,10.47,19.2,0.0,21.27,0.62,1.76,59.45
2007-09-19,31.51,13.52,21.5,1.09,20.1,0.62,2.72,61.49
2007-09-20,17.62,12.07,14.9,10.59,7.71,0.62,5.58,81.63
2007-09-21,16.88,9.98,12.99,5.12,4.69,0.64,5.81,70.55
2007-09-22,19.72,7.09,12.92,0.04,18.2,0.64,4.74,59.32
2007-09-23,21.03,7.09,13.02,0.0,19.59,0.63,4.27,58.09
2007-09-24,22.53,6.82,14.06,0.0,19.13,0.63,4.0,63.6
2007-09-25,24.82,8.92,16.06,0.0,19.52,0.63,1.73,65.85
2007-09-26,25.97,9.64,17.0,0.0,17.55,0.63,2.84,68.34
2007-09-27,28.4,12.2,19.41,0.0,16.55,0.62,3.03,67.9
2007-09-28,29.47,14.14,20.8,0.0,18.38,0.62,2.4,71.24
2007-09-29,29.69,13.34,20.31,0.0,18.16,0.62,2.35,72.23
2007-09-30,25.58,12.95,18.16,0.0,17.98,0.62,3.75,74.91
2007-10-01,23.97,12.51,17.16,0.0,16.48,0.62,4.93,73.77
2007-10-02,23.39,10.01,16.04,0.0,17.08,0.62,4.21,75.94
2007-10-03,24.26,10.68,16.45,0.0,17.49,0.62,3.25,74.98
2007-10-04,24.06,9.05,15.27,0.0,17.61,0.61,3.25,74.17
2007-10-05,25.53,9.47,16.23,0.0,17.16,0.61,2.47,66.61
2007-10-06,27.56,10.98,18.35,0.02,16.33,0.61,2.19,67.27
2007-10-07,24.62,15.17,18.62,2.57,13.13,0.61,1.93,78.01
2007-10-08,21.12,14.16,17.21,1.08,9.01,0.62,2.18,86.24
2007-10-09,22.81,14.16,17.49,0.09,11.26,0.62,3.4,80.27
2007-10-10,21.24,13.99,16.52,0.0,7.15,0.62,4.88,81.21
2007-10-11,21.99,13.63,16.82,0.01,6.23,0.62,4.22,81.86
2007-10-12,21.31,13.97,16.76,0.15,6.03,0.61,2.89,79.26
2007-10-13,20.53,10.73,15.58,1.73,9.03,0.61,3.25,74.94
2007-10-14,12.48,3.29,7.53,1.24,10.03,0.62,5.37,62.75
2007-10-15,14.6,1.02,7.2,0.0,15.52,0.62,2.97,60.71
2007-10-16,17.9,1.58,9.17,0.0,14.83,0.62,1.91,55.67
2007-10-17,23.3,5.6,13.71,0.0,15.87,0.61,1.35,44.21
2007-10-18,24.35,7.72,14.87,0.0,15.65,0.61,1.78,51.26
2007-10-19,22.51,8.55,13.85,0.0,13.67,0.61,3.27,58.54
2007-10-20,11.21,6.94,9.12,4.98,3.33,0.61,3.66,83.81
2007-10-21,18.06,11.3,13.71,12.98,3.73,0.64,3.21,87.85
2007-10-22,17.99,9.86,13.65,5.88,4.53,0.65,4.81,92.5
2007-10-23,17.62,10.02,13.17,4.6,5.17,0.65,4.41,87.9
2007-10-24,17.32,9.12,12.57,0.03,8.99,0.65,1.06,79.88
2007-10-25,18.89,9.29,13.67,0.02,11.29,0.65,1.01,72.34
2007-10-26,19.63,7.81,12.58,0.0,8.7,0.65,1.34,81.11
2007-10-27,16.91,8.01,11.18,0.01,6.46,0.64,1.78,86.04
2007-10-28,17.63,8.29,12.48,1.98,9.32,0.64,2.39,86.19
2007-10-29,16.16,9.89,12.45,2.54,5.2,0.65,2.54,88.01
2007-10-30,16.46,7.3,11.0,0.21,11.13,0.65,2.28,80.18
2007-10-31,16.47,7.18,11.64,0.1,8.47,0.65,2.45,86.36
2007-11-01,20.86,11.32,14.64,0.09,8.59,0.65,2.57,87.1
2007-11-02,14.29,7.91,10.87,0.56,2.74,0.65,2.57,85.9
2007-11-03,13.33,5.5,8.82,0.0,6.9,0.65,2.54,85.79
2007-11-04,14.59,4.99,10.04,0.22,6.25,0.65,1.74,85.4
2007-11-05,8.43,1.73,6.0,6.73,4.59,0.65,4.55,89.98
2007-11-06,6.43,-2.39,1.41,0.47,8.05,0.66,5.67,68.03
2007-11-07,6.76,-4.21,1.0,0.0,11.36,0.65,2.48,70.11
2007-11-08,10.18,-1.66,3.79,0.0,9.4,0.65,2.97,75.0
2007-11-09,13.74,-0.08,6.2,0.0,11.51,0.65,3.27,75.18
2007-11-10,12.76,1.97,7.14,27.13,2.05,0.67,7.09,93.24
2007-11-11,8.83,-0.53,3.77,0.12,8.54,0.7,5.51,66.48
2007-11-12,16.19,2.38,7.87,7.33,9.12,0.69,5.23,85.06
2007-11-13,8.86,-0.43,3.12,0.95,9.34,0.7,2.47,69.41
2007-11-14,7.25,-2.44,2.35,0.68,5.09,0.69,3.43,76.79
2007-11-15,18.09,9.08,13.5,5.36,5.26,0.69,7.03,87.39
2007-11-16,12.98,7.28,9.17,11.07,5.51,0.71,3.67,89.84
2007-11-17,13.67,8.38,11.29,18.34,4.0,0.74,4.4,96.48
2007-11-18,11.28,9.34,10.43,17.86,1.97,0.75,5.79,95.72
2007-11-19,11.07,3.02,8.57,35.7,2.15,0.79,5.43,95.5
2007-11-20,3.71,0.09,1.6,6.18,4.08,0.81,6.49,89.45
2007-11-21,7.96,-2.05,1.8,0.66,9.94,0.8,2.91,87.78
2007-11-22,9.85,-0.67,3.16,0.0,9.14,0.8,2.09,92.14
2007-11-23,9.02,1.11,3.95,0.0,4.79,0.79,1.81,92.33
2007-11-24,9.83,1.97,4.99,0.0,4.51,0.79,2.59,94.61
2007-11-25,13.12,5.75,8.22,0.07,4.52,0.79,3.43,93.76
2007-11-26,15.22,5.85,10.99,0.71,2.53,0.79,6.47,93.85
2007-11-27,7.47,-2.86,2.89,2.57,7.33,0.79,4.27,69.52
2007-11-28,5.2,-4.25,-0.94,0.0,9.4,0.79,3.65,74.99
2007-11-29,6.3,-3.39,0.27,0.0,9.28,0.79,2.0,78.24
2007-11-30,10.37,-1.58,3.79,0.02,5.55,0.79,4.22,86.92
2007-12-01,8.22,0.4,3.38,0.37,9.14,0.79,3.44,80.61
2007-12-02,10.32,-1.48,3.05,0.0,8.93,0.79,2.44,85.01
2007-12-03,12.22,2.13,6.57,0.03,6.48,0.78,4.32,94.03
2007-12-04,14.02,3.33,9.18,15.94,3.64,0.79,5.27,91.68
2007-12-05,4.98,0.76,2.62,12.29,1.94,0.81,7.32,89.45
2007-12-06,1.87,0.36,0.97,25.3,1.26,0.83,6.49,95.66
2007-12-07,5.8,-1.39,1.8,1.79,3.94,0.84,3.22,93.95
2007-12-08,7.89,2.33,5.45,0.06,3.49,0.85,4.01,98.8
2007-12-09,12.37,6.37,8.51,2.48,4.16,0.85,4.53,94.81
2007-12-10,11.56,6.46,8.08,1.39,4.11,0.85,3.28,96.57
2007-12-11,12.49,3.58,6.9,0.17,7.82,0.85,1.7,86.72
2007-12-12,6.81,3.33,5.21,0.82,3.11,0.84,4.0,94.11
2007-12-13,3.32,-2.03,0.46,0.48,4.13,0.84,4.65,88.39
2007-12-14,-0.87,-4.01,-2.79,4.86,1.58,0.84,6.01,86.7
2007-12-15,0.38,-4.1,-1.79,3.55,1.83,0.84,4.92,92.36
2007-12-16,3.1,-1.76,0.97,1.31,3.1,0.85,3.0,97.7
2007-12-17,0.13,-6.87,-3.4,0.18,4.26,0.85,5.07,90.44
2007-12-18,-0.98,-8.23,-5.19,0.0,4.65,0.85,3.55,87.83
2007-12-19,-0.97,-6.17,-4.5,0.0,4.8,0.84,3.51,89.96
2007-12-20,0.83,-6.58,-3.78,0.0,5.48,0.84,3.3,91.68
2007-12-21,2.15,-7.33,-3.56,0.0,7.32,0.84,2.59,93.29
2007-12-22,3.39,-5.51,-1.7,0.0,7.8,0.85,1.02,90.21
2007-12-23,4.78,-4.13,-0.23,0.0,6.41,0.85,0.75,88.62
2007-12-24,5.5,-2.57,0.41,0.0,5.34,0.85,1.56,94.39
2007-12-25,4.33,-0.14,1.32,0.03,3.14,0.85,2.19,97.41
2007-12-26,5.69,0.58,1.89,0.18,5.22,0.85,2.19,96.47
2007-12-27,4.92,0.63,1.94,0.32,5.03,0.85,3.01,97.76
2007-12-28,4.64,-1.5,1.04,0.01,4.42,0.85,3.19,93.66
2007-12-29,2.96,-3.8,-1.67,0.0,6.32,0.85,2.1,92.61
2007-12-30,5.21,-3.21,-0.35,0.0,4.94,0.85,1.73,92.74
2007-12-31,5.52,-0.58,1.38,0.03,4.08,0.85,2.99,94.14
2008-01-01,6.18,0.67,2.72,1.83,4.33,0.85,4.08,90.47
2008-01-02,4.62,-2.45,1.82,9.31,2.98,0.86,3.16,94.81
2008-01-03,-2.66,-6.38,-5.08,1.99,5.09,0.86,5.99,87.85
2008-01-04,-2.87,-11.4,-6.5,0.0,6.85,0.86,5.77,82.5
2008-01-05,-2.95,-13.21,-8.4,0.0,6.69,0.85,2.62,88.18
2008-01-06,1.9,-6.82,-2.19,0.06,4.41,0.85,2.31,92.39
2008-01-07,3.49,-2.13,-0.54,1.28,5.7,0.85,2.37,96.48
2008-01-08,4.49,-4.08,-0.65,0.0,4.89,0.86,1.8,92.43
2008-01-09,3.35,-3.74,-1.02,0.0,5.19,0.86,2.42,95.12
2008-01-10,3.43,-2.96,-0.49,0.0,6.23,0.86,1.92,92.72
2008-01-11,4.24,-2.01,-0.12,0.0,5.45,0.86,1.3,91.37
2008-01-12,3.74,-3.5,-1.12,0.0,6.0,0.86,1.49,92.53
2008-01-13,4.44,-4.92,-1.19,0.02,3.72,0.85,2.55,94.4
2008-01-14,4.51,-0.53,0.83,0.56,5.3,0.85,2.88,93.4
2008-01-15,2.84,-0.49,0.72,6.21,2.94,0.86,2.84,96.67
2008-01-16,4.36,-1.24,0.89,0.01,4.06,0.86,1.96,95.68
2008-01-17,3.44,-0.05,1.71,0.05,4.74,0.86,1.82,98.63
2008-01-18,8.99,2.69,4.6,0.0,5.01,0.86,1.36,96.91
2008-01-19,8.1,1.5,3.93,0.0,7.11,0.86,1.96,94.77
2008-01-20,7.11,0.95,3.23,0.0,5.11,0.86,1.79,95.43
2008-01-21,12.08,2.4,5.51,0.02,5.45,0.86,2.75,93.87
2008-01-22,13.38,2.73,7.16,0.1,7.39,0.86,4.69,94.09
2008-01-23,8.28,-0.42,4.62,1.11,1.79,0.86,4.57,93.39
2008-01-24,3.96,-4.52,-0.65,0.51,9.03,0.86,4.84,82.8
2008-01-25,5.26,-4.5,-0.85,0.0,10.92,0.86,2.16,80.84
2008-01-26,7.28,-2.83,0.62,0.0,10.46,0.86,3.23,89.06
2008-01-27,7.25,-3.04,1.94,0.13,5.93,0.86,4.33,81.15
2008-01-28,2.99,-2.1,0.82,5.68,3.64,0.86,6.47,87.89
2008-01-29,1.48,-5.25,-2.27,0.0,8.21,0.86,6.02,79.28
2008-01-30,3.75,-5.4,-2.17,0.0,11.37,0.86,3.12,81.9
2008-01-31,6.21,-4.67,-0.3,0.0,11.24,0.86,3.61,85.72
2008-02-01,5.97,-1.55,1.99,0.0,8.33,0.86,2.44,95.52
2008-02-02,8.68,2.84,5.14,0.0,10.15,0.86,3.4,98.31
2008-02-03,11.11,3.07,6.38,0.0,9.42,0.86,1.75,90.75
2008-02-04,9.59,1.63,5.19,0.0,5.79,0.86,1.7,93.84
2008-02-05,10.03,3.84,5.78,0.0,4.97,0.86,1.76,93.14
2008-02-06,8.32,3.16,4.76,0.0,5.45,0.85,2.23,93.39
2008-02-07,6.73,0.76,3.39,0.08,3.67,0.85,2.47,91.1
2008-02-08,4.57,-1.7,1.32,0.77,4.82,0.85,6.31,91.12
2008-02-09,3.19,-2.97,-0.67,0.21,6.11,0.85,6.76,86.52
2008-02-10,0.21,-1.98,-1.0,3.23,3.92,0.85,7.68,91.71
2008-02-11,1.31,-3.24,-1.5,1.28,3.84,0.85,7.47,87.91
2008-02-12,2.84,-4.01,-1.53,0.0,6.04,0.85,6.69,87.66
2008-02-13,1.59,-4.79,-2.41,0.01,10.73,0.85,4.77,84.4
2008-02-14,4.74,-4.41,-0.36,0.0,12.6,0.85,2.33,82.02
2008-02-15,5.17,-2.4,0.74,0.05,7.69,0.85,2.64,83.73
2008-02-16,0.26,-6.14,-2.52,0.24,7.62,0.85,6.78,68.81
2008-02-17,-3.39,-9.54,-6.04,0.02,10.26,0.85,9.49,69.92
2008-02-18,0.2,-12.74,-6.02,0.01,13.89,0.85,3.26,70.6
2008-02-19,7.0,-7.45,-0.88,0.0,11.56,0.85,4.05,82.54
2008-02-20,9.6,-2.12,2.88,0.0,14.59,0.85,3.05,87.59
2008-02-21,12.68,0.04,4.37,0.0,13.12,0.84,2.96,89.86
2008-02-22,14.57,1.63,6.65,0.0,12.98,0.84,2.52,79.87
2008-02-23,15.14,-0.15,7.32,0.0,13.54,0.84,3.42,78.11
2008-02-24,11.96,0.58,5.83,0.0,13.59,0.84,2.52,75.93
2008-02-25,13.8,-0.58,5.47,0.0,15.92,0.84,2.31,76.19
2008-02-26,16.65,1.79,7.66,0.0,15.29,0.83,2.67,84.12
2008-02-27,16.43,2.54,8.71,0.0,13.62,0.83,3.53,81.93
2008-02-28,12.94,5.17,8.81,0.53,7.68,0.83,3.24,93.72
2008-02-29,15.47,0.45,7.71,0.0,15.17,0.83,2.55,74.5
2008-03-01,15.84,4.23,9.22,0.29,13.66,0.83,6.46,86.26
2008-03-02,13.46,5.56,9.11,1.94,14.58,0.83,5.95,68.54
2008-03-03,17.11,4.93,10.05,0.0,16.04,0.82,4.61,72.68
2008-03-04,19.27,5.42,11.67,0.0,17.01,0.82,5.54,84.88
2008-03-05,16.55,9.72,12.65,0.13,7.86,0.82,5.56,88.88
2008-03-06,9.49,3.97,7.19,0.31,4.99,0.82,3.34,93.72
2008-03-07,14.02,4.2,7.29,0.03,6.63,0.82,4.44,87.4
2008-03-08,16.01,3.75,9.0,0.28,18.16,0.82,3.94,79.45
2008-03-09,14.37,1.18,7.44,0.06,16.88,0.81,3.16,80.29
2008-03-10,13.51,2.75,7.77,0.55,15.54,0.81,2.95,82.8
2008-03-11,14.27,5.06,9.11,0.0,14.0,0.81,5.51,83.85
2008-03-12,13.95,5.87,9.6,1.64,13.52,0.81,2.25,88.29
2008-03-13,15.4,4.87,8.78,1.74,10.78,0.81,4.97,85.16
2008-03-14,11.67,1.9,6.5,0.14,15.51,0.81,4.83,68.48
2008-03-15,17.78,1.64,9.28,0.0,17.25,0.81,4.67,77.6
2008-03-16,16.5,1.4,9.61,0.0,16.53,0.8,4.31,78.63
2008-03-17,17.91,8.86,12.23,0.01,13.03,0.8,6.74,82.94
2008-03-18,16.03,7.93,11.23,0.49,15.08,0.8,2.59,81.59
2008-03-19,11.89,2.49,7.15,7.3,9.48,0.8,3.07,83.24
2008-03-20,10.14,-0.37,5.09,0.62,8.69,0.81,1.62,81.82
2008-03-21,8.93,2.68,5.47,4.08,6.17,0.81,2.67,87.43
2008-03-22,15.45,2.82,8.64,0.02,17.66,0.81,5.01,80.83
2008-03-23,13.59,7.55,10.57,0.78,3.51,0.81,3.84,94.81
2008-03-24,18.08,8.42,13.07,0.86,15.62,0.81,7.3,79.59
2008-03-25,12.1,4.1,7.99,2.83,12.86,0.8,4.08,77.24
2008-03-26,9.35,-1.22,3.98,0.23,19.63,0.8,4.65,60.04
2008-03-27,14.33,-2.4,5.94,0.0,21.19,0.8,3.81,65.79
2008-03-28,12.23,2.83,6.35,0.03,11.48,0.8,4.87,80.1
2008-03-29,13.06,1.46,6.36,0.0,19.31,0.79,5.16,76.66
2008-03-30,12.3,1.13,6.72,0.0,16.46,0.79,5.0,73.06
2008-03-31,12.84,0.42,6.31,0.02,17.62,0.79,3.97,70.09
2008-04-01,11.38,2.68,6.51,0.14,9.42,0.79,1.67,81.68
2008-04-02,13.57,4.51,9.21,0.07,14.91,0.79,1.9,77.45
2008-04-03,14.11,5.49,9.71,0.76,11.9,0.78,1.29,78.68
2008-04-04,12.86,4.95,8.86,2.14,8.02,0.78,1.55,85.37
2008-04-05,15.47,4.96,9.77,3.27,12.33,0.79,2.55,82.97
2008-04-06,13.12,6.54,10.15,9.76,5.26,0.8,4.85,89.74
2008-04-07,16.92,4.86,9.59,1.21,16.16,0.8,4.2,79.14
2008-04-08,22.04,5.62,12.99,0.0,24.21,0.79,2.95,75.02
2008-04-09,15.09,7.67,11.11,0.81,6.24,0.79,3.73,90.32
2008-04-10,18.84,6.95,12.93,0.05,18.53,0.79,3.72,82.04
2008-04-11,21.89,8.9,14.68,0.04,7.44,0.78,4.19,84.34
2008-04-12,22.67,11.02,15.92,0.0,13.41,0.78,5.11,81.99
2008-04-13,21.33,12.39,16.9,0.0,13.49,0.78,2.78,81.23
2008-04-14,15.8,9.05,12.92,0.04,7.95,0.77,3.78,86.23
2008-04-15,19.16,8.26,12.79,0.39,20.58,0.77,3.95,77.66
2008-04-16,15.32,6.15,10.76,1.19,16.82,0.77,4.08,76.13
2008-04-17,18.3,4.63,11.29,0.0,16.98,0.77,3.56,69.25
2008-04-18,18.89,7.1,12.62,0.02,19.48,0.76,4.46,77.84
2008-04-19,21.47,7.49,14.3,0.0,19.0,0.76,4.1,78.11
2008-04-20,24.12,9.7,16.4,0.0,24.75,0.75,3.22,76.81
2008-04-21,24.75,9.53,16.78,0.0,23.89,0.75,3.28,77.31
2008-04-22,23.93,12.44,17.67,0.0,17.11,0.74,5.15,79.48
2008-04-23,21.59,9.07,15.61,0.0,26.27,0.74,2.78,67.64
2008-04-24,13.86,6.04,10.95,1.6,14.63,0.73,3.31,83.76
2008-04-25,15.91,4.19,9.42,0.04,17.2,0.73,3.77,73.95
2008-04-26,13.68,5.17,9.4,1.22,6.37,0.73,6.26,75.85
2008-04-27,12.34,6.32,9.57,4.28,4.74,0.73,4.51,86.54
2008-04-28,12.6,5.94,9.23,1.75,14.86,0.74,3.56,86.59
2008-04-29,17.28,6.99,11.89,2.69,20.95,0.74,3.39,75.71
2008-04-30,19.09,7.15,13.09,0.0,21.58,0.74,3.47,76.12
2008-05-01,21.46,7.02,14.27,0.0,25.22,0.73,3.17,74.62
2008-05-02,21.89,8.21,14.97,3.71,22.66,0.73,2.55,76.34
2008-05-03,17.55,8.21,12.72,4.51,21.26,0.73,3.07,82.43
2008-05-04,16.29,8.25,11.82,9.95,11.43,0.74,3.57,85.78
2008-05-05,15.79,6.2,11.06,1.86,16.57,0.74,3.56,82.1
2008-05-06,17.93,2.4,10.69,0.0,24.76,0.74,2.63,66.5
2008-05-07,14.68,5.98,10.59,1.05,11.71,0.73,2.57,71.66
2008-05-08,17.84,5.62,11.79,0.81,23.48,0.73,2.08,74.31
2008-05-09,16.75,6.99,11.74,1.12,18.03,0.73,2.61,76.75
2008-05-10,16.52,6.45,11.58,0.11,19.07,0.73,2.03,68.76
2008-05-11,16.91,5.37,11.48,0.0,25.71,0.72,2.68,68.75
2008-05-12,19.07,6.2,12.66,0.03,27.59,0.72,1.34,66.63
2008-05-13,21.37,6.62,14.13,0.0,26.86,0.71,1.65,65.49
2008-05-14,20.61,8.72,14.1,0.01,22.29,0.71,2.11,63.14
2008-05-15,22.41,6.68,14.69,0.0,26.04,0.7,2.4,65.75
2008-05-16,23.69,7.81,16.22,0.0,28.34,0.7,2.41,67.95
2008-05-17,26.4,10.51,18.54,0.0,28.22,0.69,2.56,59.25
2008-05-18,27.66,12.2,19.87,0.0,27.58,0.68,2.76,57.89
2008-05-19,28.55,11.69,19.89,0.0,28.22,0.68,3.05,56.94
2008-05-20,28.96,13.55,20.51,0.0,22.38,0.67,4.02,61.22
2008-05-21,30.27,15.83,22.58,0.15,19.79,0.67,3.43,61.34
2008-05-22,27.23,14.17,21.08,3.89,24.72,0.67,3.03,65.76
2008-05-23,25.35,11.82,19.04,0.29,26.47,0.67,2.58,67.91
2008-05-24,25.16,12.79,19.67,0.71,24.14,0.66,1.76,63.34
2008-05-25,27.06,12.33,20.48,0.08,27.47,0.66,2.3,60.39
2008-05-26,25.88,13.91,19.9,5.19,24.11,0.66,2.88,66.43
2008-05-27,27.25,12.3,20.18,0.0,25.85,0.66,2.22,68.65
2008-05-28,33.07,14.68,23.95,0.0,28.78,0.66,2.82,59.1
2008-05-29,22.72,10.37,17.14,0.01,21.02,0.65,4.96,52.88
2008-05-30,26.35,8.45,17.58,0.0,29.06,0.65,2.45,62.4
2008-05-31,28.78,10.53,19.69,0.0,25.79,0.65,1.55,64.88
2008-06-01,27.55,13.11,20.12,0.8,22.37,0.65,1.7,64.17
2008-06-02,24.74,11.22,17.94,0.56,25.71,0.64,3.84,63.62
2008-06-03,23.25,8.9,16.03,0.0,27.88,0.64,3.57,62.45
2008-06-04,27.18,8.31,17.65,0.0,30.44,0.64,1.46,56.46
2008-06-05,28.69,11.02,19.87,0.67,24.2,0.64,1.9,64.64
2008-06-06,23.19,13.53,17.89,10.55,14.38,0.65,2.34,82.24
2008-06-07,21.15,14.18,17.48,0.91,14.03,0.65,1.98,78.85
2008-06-08,21.74,13.67,17.96,6.87,15.12,0.66,1.73,78.39
2008-06-09,22.58,13.65,17.72,10.3,15.3,0.68,2.87,74.35
2008-06-10,26.13,10.93,19.49,0.21,26.33,0.67,2.92,60.44
2008-06-11,28.63,12.78,21.45,0.0,27.7,0.66,1.75,57.61
2008-06-12,30.03,14.43,22.38,0.33,26.83,0.66,2.83,54.72
2008-06-13,28.37,15.3,21.92,0.89,21.16,0.65,3.62,58.21
2008-06-14,27.74,14.95,21.68,0.54,26.43,0.65,2.33,63.21
2008-06-15,20.89,14.15,17.93,10.23,17.13,0.65,2.12,78.9
2008-06-16,27.16,11.93,20.87,0.13,27.27,0.66,1.72,60.69
2008-06-17,30.06,14.87,23.23,0.75,29.56,0.65,1.94,56.29
2008-06-18,34.26,16.56,25.78,0.3,27.5,0.65,1.99,54.78
2008-06-19,33.48,20.04,26.51,0.11,26.8,0.64,2.34,54.68
2008-06-20,29.77,16.54,23.61,0.19,26.02,0.64,3.2,59.69
2008-06-21,29.49,16.48,23.15,0.0,26.37,0.64,3.52,64.08
2008-06-22,31.29,16.8,23.95,0.0,28.25,0.63,3.15,59.96
2008-06-23,32.65,16.8,24.78,0.0,29.61,0.63,2.37,57.05
2008-06-24,35.37,17.53,26.74,0.0,29.93,0.62,1.52,51.45
2008-06-25,35.89,19.9,27.16,0.0,27.17,0.62,2.21,50.35
2008-06-26,33.56,18.37,25.6,0.0,29.64,0.62,3.46,55.46
2008-06-27,33.07,16.81,24.84,0.01,29.78,0.62,3.63,52.98
2008-06-28,34.37,17.41,25.72,2.5,29.41,0.62,2.57,58.97
2008-06-29,29.6,18.35,24.13,0.18,25.99,0.62,3.55,60.55
2008-06-30,32.39,17.01,24.55,0.0,29.32,0.61,2.36,55.54
2008-07-01,33.24,16.95,25.21,0.0,29.51,0.61,2.33,47.46
2008-07-02,32.86,17.58,24.99,0.65,26.78,0.61,2.78,56.48
2008-07-03,30.29,17.47,23.93,0.01,26.41,0.61,2.47,56.49
2008-07-04,32.68,15.58,24.93,0.02,27.05,0.61,1.39,48.92
2008-07-05,34.0,19.81,26.81,0.03,27.1,0.61,3.82,43.62
2008-07-06,31.29,19.62,24.94,0.05,29.48,0.6,3.94,41.29
2008-07-07,34.06,17.48,25.77,0.0,30.32,0.6,0.95,35.99
2008-07-08,37.43,17.24,27.86,0.01,28.32,0.6,2.69,40.94
2008-07-09,29.01,19.63,25.46,2.1,24.23,0.6,3.96,47.51
2008-07-10,31.26,16.29,23.85,0.0,29.66,0.6,3.36,41.37
2008-07-11,30.7,17.06,23.44,0.0,27.44,0.6,3.12,48.7
2008-07-12,29.7,14.34,22.05,0.0,30.47,0.6,3.93,52.73
2008-07-13,31.83,14.43,23.12,0.0,30.22,0.6,3.47,60.1
2008-07-14,35.18,15.88,25.43,0.0,30.26,0.6,2.01,51.17
2008-07-15,37.25,18.11,26.2,1.3,26.58,0.6,4.21,51.22
2008-07-16,26.83,15.67,20.35,3.58,21.67,0.61,4.45,61.48
2008-07-17,29.76,14.35,22.6,0.0,25.17,0.61,3.28,52.9
2008-07-18,34.13,17.51,25.99,0.0,29.28,0.6,1.38,41.74
2008-07-19,35.67,17.71,26.96,0.0,27.21,0.6,1.98,41.96
2008-07-20,35.77,20.01,27.66,0.0,27.12,0.6,2.5,41.74
2008-07-21,35.38,17.49,26.5,0.0,29.33,0.6,3.2,52.59
2008-07-22,33.04,17.85,25.37,0.05,28.43,0.6,3.33,53.96
2008-07-23,30.11,15.54,23.35,6.27,19.99,0.6,3.25,64.1
2008-07-24,27.64,13.94,20.59,2.75,23.54,0.61,2.43,62.28
2008-07-25,27.73,13.48,21.09,0.65,23.82,0.61,1.84,55.59
2008-07-26,28.45,16.81,21.69,6.49,14.96,0.61,1.77,56.12
2008-07-27,29.16,14.57,22.53,0.08,21.27,0.62,2.11,59.11
2008-07-28,26.87,16.47,21.31,6.14,21.2,0.62,3.95,74.06
2008-07-29,29.96,15.64,22.54,0.0,26.29,0.62,3.41,61.57
2008-07-30,30.42,15.27,22.7,0.0,27.71,0.62,3.65,61.87
2008-07-31,29.7,16.72,22.82,0.0,27.88,0.61,4.53,65.43
2008-08-01,28.98,15.84,22.07,0.0,27.4,0.61,4.5,60.85
2008-08-02,28.9,15.72,21.8,0.0,24.84,0.61,4.41,60.78
2008-08-03,29.19,14.63,21.39,0.0,27.86,0.61,4.0,55.75
2008-08-04,31.9,14.37,22.87,0.0,28.03,0.61,3.16,51.38
2008-08-05,35.65,16.35,25.79,0.0,26.73,0.6,1.51,46.87
2008-08-06,34.57,19.05,26.06,0.0,24.92,0.6,3.86,51.82
2008-08-07,31.64,17.54,23.94,0.0,25.49,0.6,3.86,58.3
2008-08-08,29.7,16.15,22.38,0.0,27.17,0.6,3.67,61.18
2008-08-09,34.57,15.65,25.16,0.01,25.47,0.6,1.8,57.06
2008-08-10,25.13,19.0,22.03,6.1,12.43,0.6,2.84,66.47
2008-08-11,28.0,16.72,22.03,2.61,15.37,0.61,3.83,68.39
2008-08-12,32.3,16.52,24.12,0.0,25.4,0.61,2.61,59.5
2008-08-13,33.49,17.25,24.97,0.0,25.38,0.61,3.14,55.51
2008-08-14,35.03,17.34,25.96,0.0,25.39,0.61,3.61,52.44
2008-08-15,35.15,18.13,26.21,0.0,25.56,0.6,4.02,42.15
2008-08-16,36.72,18.11,27.1,0.0,26.21,0.6,2.83,35.85
2008-08-17,39.37,19.46,29.15,0.0,24.92,0.6,2.05,34.68
2008-08-18,37.95,20.34,29.24,0.33,24.0,0.6,1.9,38.23
2008-08-19,32.4,20.43,25.47,0.06,22.98,0.6,4.46,56.49
2008-08-20,33.1,17.36,24.59,0.0,24.8,0.6,3.41,57.7
2008-08-21,34.04,16.68,24.99,0.0,25.0,0.6,3.46,60.48
2008-08-22,33.93,19.91,26.33,0.0,23.35,0.6,4.23,55.16
2008-08-23,35.69,19.7,27.48,0.0,22.43,0.6,3.4,51.43
2008-08-24,37.62,19.04,28.53,0.0,23.35,0.6,1.58,46.48
2008-08-25,32.09,19.56,25.67,0.0,21.89,0.6,4.39,44.73
2008-08-26,31.6,18.33,24.05,0.01,22.46,0.6,4.32,57.88
2008-08-27,29.96,17.49,23.04,0.0,23.14,0.6,4.53,59.86
2008-08-28,29.42,16.38,22.48,0.0,22.31,0.6,4.36,62.25
2008-08-29,32.35,16.36,24.28,0.01,21.45,0.6,2.02,59.02
2008-08-30,32.78,17.51,25.01,0.0,21.05,0.6,3.2,51.8
2008-08-31,25.23,14.88,20.17,0.0,16.52,0.6,5.19,55.59
2008-09-01,25.92,12.47,19.0,0.0,22.23,0.6,4.32,57.1
2008-09-02,28.55,15.62,21.22,0.0,19.59,0.6,3.71,60.87
2008-09-03,30.31,13.91,21.71,0.0,21.27,0.6,2.52,61.22
2008-09-04,31.39,15.12,22.73,0.0,22.25,0.6,2.0,55.54
2008-09-05,32.86,15.4,23.29,0.0,21.09,0.59,1.98,56.33
2008-09-06,33.47,15.63,23.66,0.0,22.93,0.59,2.64,54.04
2008-09-07,31.37,15.15,22.55,0.0,22.61,0.59,3.32,59.97
2008-09-08,32.81,16.04,23.71,0.0,22.22,0.59,2.76,59.38
2008-09-09,32.46,17.02,23.95,0.0,20.85,0.59,2.53,52.74
2008-09-10,29.42,16.49,22.5,0.0,18.98,0.59,3.41,54.07
2008-09-11,30.15,14.95,22.14,0.0,21.02,0.59,1.59,51.43
2008-09-12,33.44,15.15,24.39,0.0,20.35,0.59,2.15,44.89
2008-09-13,28.92,19.69,24.29,1.04,15.34,0.59,2.65,52.77
2008-09-14,25.15,14.07,18.98,4.52,12.27,0.6,4.65,70.45
2008-09-15,26.44,15.8,20.73,1.44,13.31,0.6,4.01,71.48
2008-09-16,29.74,16.87,22.35,1.41,17.38,0.61,2.3,63.38
2008-09-17,20.54,11.72,16.15,16.82,10.52,0.62,4.24,82.53
2008-09-18,17.8,8.29,12.73,0.46,17.28,0.64,4.16,70.85
2008-09-19,17.27,5.94,11.85,0.0,15.02,0.63,2.35,69.65
2008-09-20,18.99,9.54,13.57,0.14,9.61,0.63,2.78,61.25
2008-09-21,15.82,9.13,11.65,3.38,13.15,0.63,4.37,77.42
2008-09-22,20.87,6.73,13.8,0.03,10.16,0.63,1.3,68.0
2008-09-23,16.9,9.6,12.68,5.43,10.76,0.63,1.51,85.98
2008-09-24,21.52,6.89,14.05,0.18,16.59,0.64,1.76,71.11
2008-09-25,17.8,11.79,14.55,17.45,4.62,0.65,4.02,88.35
2008-09-26,15.16,9.43,12.75,21.07,3.18,0.68,7.45,88.91
2008-09-27,14.53,7.9,11.08,8.38,7.95,0.7,5.88,81.11
2008-09-28,17.96,5.55,11.19,1.43,14.1,0.7,3.49,76.74
2008-09-29,17.7,7.88,11.84,1.14,11.44,0.69,2.8,74.39
2008-09-30,20.08,5.44,12.23,0.0,16.95,0.68,2.26,69.11
2008-10-01,21.93,7.9,14.21,0.0,15.26,0.68,3.5,76.75
2008-10-02,23.91,9.77,16.54,0.04,14.38,0.68,3.27,77.75
2008-10-03,22.85,15.37,18.28,3.25,10.38,0.68,3.74,87.4
2008-10-04,25.05,12.55,17.87,0.14,14.81,0.68,3.38,78.82
2008-10-05,20.62,9.59,14.65,8.29,12.48,0.69,6.08,72.67
2008-10-06,19.03,7.05,12.42,0.06,14.05,0.68,5.09,53.79
2008-10-07,21.38,6.47,14.0,0.0,13.78,0.68,2.75,69.17
2008-10-08,21.03,10.02,15.21,0.87,14.95,0.68,1.69,73.16
2008-10-09,19.09,9.16,13.29,1.04,11.31,0.68,2.83,83.88
2008-10-10,18.93,8.08,12.61,0.82,12.95,0.68,3.48,77.78
2008-10-11,18.91,6.05,12.12,0.0,15.51,0.68,4.01,73.94
2008-10-12,18.82,7.87,12.07,0.0,15.06,0.67,3.91,80.12
2008-10-13,20.48,7.49,12.51,0.0,15.47,0.67,2.78,80.2
2008-10-14,21.17,6.72,12.95,0.0,13.85,0.67,2.16,83.33
2008-10-15,18.64,10.01,13.56,0.0,12.35,0.67,2.11,80.65
2008-10-16,22.52,9.16,15.18,0.0,13.65,0.67,1.9,75.03
2008-10-17,23.68,9.95,15.86,0.0,13.16,0.67,4.0,80.82
2008-10-18,15.36,8.77,11.91,0.01,3.72,0.66,3.37,82.28
2008-10-19,19.97,7.78,13.01,0.0,6.84,0.66,2.22,79.8
2008-10-20,21.19,8.82,13.74,0.0,12.69,0.66,1.98,75.04
2008-10-21,18.76,7.78,11.98,0.0,13.44,0.66,3.42,78.89
2008-10-22,18.06,7.71,12.06,0.08,11.88,0.66,3.58,85.55
2008-10-23,17.94,6.24,10.8,0.0,10.95,0.66,3.01,79.97
2008-10-24,15.77,5.56,9.5,0.01,12.41,0.66,3.64,81.04
2008-10-25,13.73,5.33,8.81,0.48,8.75,0.66,4.76,81.21
2008-10-26,12.87,4.35,8.4,2.37,8.24,0.66,5.24,85.59
2008-10-27,15.95,5.94,9.92,0.01,12.16,0.66,3.17,82.86
2008-10-28,18.0,7.02,11.21,0.0,12.87,0.66,1.42,78.04
2008-10-29,18.12,4.88,10.58,0.0,11.85,0.66,3.32,77.45
2008-10-30,20.8,7.88,13.33,0.0,10.72,0.66,4.35,86.31
2008-10-31,24.34,11.89,16.68,0.0,11.57,0.66,2.44,79.23
2008-11-01,23.59,11.6,16.5,0.0,9.1,0.66,2.73,81.05
2008-11-02,24.78,12.41,17.43,0.0,11.12,0.65,2.28,72.85
2008-11-03,21.09,10.46,14.7,0.0,9.66,0.65,2.78,85.54
2008-11-04,20.18,8.9,13.06,0.0,10.82,0.65,2.08,84.61
2008-11-05,19.81,8.18,12.62,0.0,6.39,0.65,1.19,78.12
2008-11-06,17.77,7.69,11.49,0.02,4.24,0.65,1.29,86.77
2008-11-07,17.24,8.98,12.35,0.0,3.31,0.65,4.1,86.96
2008-11-08,13.42,8.85,10.36,0.0,7.58,0.65,4.9,72.56
2008-11-09,13.4,8.18,10.01,0.0,3.11,0.65,4.6,77.37
2008-11-10,13.13,7.96,9.91,0.0,6.1,0.65,4.61,78.7
2008-11-11,13.28,6.45,9.63,0.0,6.82,0.65,4.2,82.3
2008-11-12,13.95,4.22,7.45,0.0,7.57,0.65,2.31,80.23
2008-11-13,14.17,4.05,7.45,0.0,9.48,0.65,2.11,81.32
2008-11-14,13.96,5.36,8.45,0.0,7.81,0.65,2.46,81.56
2008-11-15,13.71,4.31,7.15,0.0,8.75,0.65,2.58,85.02
2008-11-16,14.58,4.68,8.07,0.0,9.3,0.65,0.81,77.89
2008-11-17,14.95,3.11,7.85,0.01,7.73,0.65,2.84,80.17
2008-11-18,8.68,4.12,5.72,0.69,3.52,0.65,5.38,83.67
2008-11-19,10.3,4.97,7.51,1.61,2.21,0.65,3.45,90.5
2008-11-20,12.36,0.68,5.83,0.13,7.05,0.65,3.35,84.91
2008-11-21,15.64,3.98,9.08,0.0,7.17,0.65,4.32,74.74
2008-11-22,16.44,-0.27,9.47,15.49,2.88,0.66,9.21,82.79
2008-11-23,6.7,-3.94,1.6,0.16,9.51,0.67,2.61,60.55
2008-11-24,8.02,-3.87,2.11,0.06,6.41,0.67,3.11,81.65
2008-11-25,16.86,2.27,10.88,0.26,6.28,0.67,6.13,90.83
2008-11-26,18.61,3.11,12.0,5.8,7.85,0.67,5.31,84.0
2008-11-27,6.85,-3.31,1.53,1.25,7.8,0.68,3.52,80.81
2008-11-28,7.78,-4.38,0.36,0.0,9.2,0.67,2.37,85.41
2008-11-29,8.09,-1.03,3.86,2.11,2.24,0.68,3.35,92.64
2008-11-30,11.92,2.67,6.55,0.0,5.21,0.67,2.82,93.51
2008-12-01,15.4,7.27,9.91,0.05,5.48,0.67,4.03,90.57
2008-12-02,16.66,8.71,11.76,0.07,5.15,0.67,3.96,92.83
2008-12-03,18.23,10.74,13.45,0.13,6.23,0.67,4.51,87.71
2008-12-04,19.31,10.08,13.49,0.01,6.71,0.67,4.88,76.82
2008-12-05,17.35,8.89,13.03,0.0,6.58,0.67,5.54,87.28
2008-12-06,15.32,7.92,11.1,0.7,4.24,0.67,3.94,92.79
2008-12-07,14.63,3.18,10.57,16.69,4.06,0.69,3.39,87.28
2008-12-08,8.07,-0.59,3.06,0.56,6.16,0.7,3.5,84.02
2008-12-09,6.78,-1.11,2.01,0.05,6.75,0.69,2.54,81.08
2008-12-10,8.29,-2.98,1.32,0.0,8.26,0.69,3.35,81.8
2008-12-11,9.6,-0.6,2.66,0.0,7.69,0.69,3.58,82.38
2008-12-12,10.41,-0.36,5.11,1.14,5.65,0.69,4.38,79.41
2008-12-13,10.19,5.36,7.12,2.39,3.87,0.69,2.85,96.09
2008-12-14,10.59,6.18,8.15,0.23,3.06,0.69,3.21,94.78
2008-12-15,9.25,5.6,7.39,0.06,4.54,0.69,4.51,89.64
2008-12-16,10.01,2.96,5.41,0.02,3.92,0.69,2.38,89.37
2008-12-17,10.32,3.16,6.0,0.03,4.62,0.69,2.46,92.95
2008-12-18,11.23,6.57,8.89,2.59,5.31,0.69,4.64,95.26
2008-12-19,13.16,5.36,8.57,2.54,3.74,0.7,2.9,94.66
2008-12-20,8.13,0.5,4.75,0.25,3.94,0.7,3.81,84.98
2008-12-21,6.33,-0.48,2.31,1.0,3.44,0.7,3.3,87.47
2008-12-22,5.11,-2.37,1.32,0.65,4.39,0.7,5.4,86.44
2008-12-23,7.17,-2.65,1.09,0.93,3.79,0.7,3.06,88.56
2008-12-24,4.14,-2.79,0.5,1.27,7.44,0.7,5.82,74.53
2008-12-25,3.45,-5.71,-1.5,0.93,7.25,0.7,2.72,77.64
2008-12-26,0.11,-6.6,-2.38,3.89,2.82,0.7,2.81,92.3
2008-12-27,-0.44,-6.58,-4.2,0.01,5.21,0.7,3.99,82.03
2008-12-28,-0.4,-5.77,-3.34,0.14,4.75,0.7,6.72,85.36
2008-12-29,-2.21,-8.46,-5.48,0.01,6.86,0.7,5.19,82.66
2008-12-30,-1.66,-8.48,-5.52,0.01,7.82,0.7,5.02,85.19
2008-12-31,0.41,-7.29,-4.53,0.0,3.73,0.69,3.31,87.52
2009-01-01,3.9,-8.34,-2.75,0.0,8.79,0.7,3.18,91.87
2009-01-02,0.93,-7.06,-1.64,3.85,1.68,0.7,2.6,91.56
2009-01-03,-0.22,-8.06,-4.22,3.45,2.3,0.7,4.07,87.81
2009-01-04,0.63,-3.42,-1.65,12.61,2.16,0.7,3.72,95.65
2009-01-05,-1.27,-6.18,-3.67,3.2,1.93,0.7,3.53,94.02
2009-01-06,0.89,-1.94,-0.4,2.91,2.38,0.71,5.0,97.24
2009-01-07,2.22,-5.0,-2.04,1.05,4.5,0.71,2.16,92.87
2009-01-08,1.25,-5.41,-2.43,1.37,4.92,0.72,2.76,95.33
2009-01-09,-0.07,-11.12,-6.06,0.05,6.23,0.72,3.25,84.27
2009-01-10,-0.08,-11.88,-7.08,0.0,9.12,0.72,2.05,92.06
2009-01-11,0.82,-9.09,-5.71,0.0,8.94,0.72,3.85,92.57
2009-01-12,1.65,-9.35,-4.78,0.0,9.59,0.72,2.58,93.0
2009-01-13,4.53,-4.66,-1.61,0.0,5.12,0.72,2.27,93.21
2009-01-14,3.7,-1.69,1.34,5.0,3.02,0.73,4.17,95.99
2009-01-15,11.75,2.34,6.21,1.42,5.15,0.74,4.14,98.7
2009-01-16,6.97,-0.95,3.98,4.76,2.97,0.74,2.79,95.02
2009-01-17,3.93,-3.73,-0.5,0.18,5.77,0.75,2.81,86.66
2009-01-18,7.03,-3.75,0.12,0.0,8.65,0.74,2.96,85.87
2009-01-19,9.72,-0.99,2.48,0.0,7.47,0.74,3.03,92.09
2009-01-20,12.93,2.38,6.17,0.09,6.97,0.74,3.2,95.73
2009-01-21,10.29,6.74,8.12,0.21,5.43,0.74,4.42,96.58
2009-01-22,13.57,6.05,9.0,0.07,6.94,0.74,4.62,93.11
2009-01-23,10.48,6.43,8.49,1.38,3.21,0.74,5.37,93.01
2009-01-24,13.29,6.56,8.76,0.05,5.9,0.74,4.74,87.52
2009-01-25,15.08,7.91,9.89,13.55,5.52,0.75,3.79,94.4
2009-01-26,7.69,2.44,5.35,8.16,5.08,0.77,3.55,92.57
2009-01-27,14.5,2.79,7.87,0.41,7.7,0.77,3.55,89.82
2009-01-28,10.59,3.84,7.92,2.35,4.27,0.77,5.69,92.16
2009-01-29,9.25,2.21,4.97,0.06,7.69,0.77,2.55,89.11
2009-01-30,3.76,-0.34,1.79,3.57,5.86,0.77,4.16,91.87
2009-01-31,3.98,-3.87,-0.25,0.94,5.51,0.77,3.47,87.24
2009-02-01,6.61,-4.21,0.13,0.0,6.41,0.77,2.25,86.03
2009-02-02,7.04,-2.29,1.26,0.02,6.79,0.77,2.21,89.84
2009-02-03,6.15,0.55,3.65,0.05,4.44,0.77,2.91,96.95
2009-02-04,15.32,5.87,10.34,4.52,6.92,0.77,6.22,92.12
2009-02-05,15.74,5.67,9.77,0.52,10.62,0.77,2.78,87.68
2009-02-06,14.97,5.36,8.86,0.01,9.58,0.77,3.59,86.2
2009-02-07,14.93,6.77,10.32,0.09,8.28,0.77,4.24,91.43
2009-02-08,15.94,7.29,11.32,1.28,6.71,0.77,5.83,90.18
2009-02-09,12.72,1.94,7.1,2.64,4.84,0.77,3.92,81.91
2009-02-10,8.47,0.78,3.44,0.5,11.55,0.77,4.12,82.66
2009-02-11,12.99,2.82,7.62,7.25,9.22,0.77,5.57,87.88
2009-02-12,10.07,4.18,7.7,11.57,7.42,0.79,4.75,83.71
2009-02-13,7.67,-2.25,2.98,5.81,7.89,0.8,3.16,77.78
2009-02-14,0.67,-2.92,-1.42,4.33,2.72,0.8,5.3,83.74
2009-02-15,3.06,-3.35,-0.86,0.39,5.6,0.79,3.88,81.94
2009-02-16,3.05,-3.72,-0.77,0.22,8.14,0.79,2.35,85.63
2009-02-17,3.7,-5.83,-1.4,0.07,10.55,0.79,2.83,81.18
2009-02-18,7.42,-3.07,2.06,0.69,10.45,0.79,3.21,86.73
2009-02-19,8.4,2.34,4.75,18.48,2.05,0.81,4.31,92.84
2009-02-20,6.18,-0.42,2.47,8.39,3.93,0.83,5.43,90.77
2009-02-21,2.17,-2.08,-0.25,1.72,8.33,0.82,6.71,83.94
2009-02-22,0.1,-3.57,-2.12,0.03,6.89,0.82,4.49,84.64
2009-02-23,1.84,-4.78,-2.6,0.06,10.4,0.82,4.29,80.75
2009-02-24,4.96,-4.64,-1.14,0.0,12.77,0.82,2.76,81.95
2009-02-25,3.62,-3.51,-0.95,0.0,10.42,0.82,4.88,83.97
2009-02-26,3.31,-4.72,-1.65,0.01,12.72,0.82,5.47,81.4
2009-02-27,5.68,-4.29,-0.01,0.0,13.92,0.82,2.75,81.16
2009-02-28,6.84,-2.02,1.47,0.02,11.41,0.82,3.47,86.43
2009-03-01,11.04,-2.26,3.96,0.0,11.87,0.81,2.83,80.97
2009-03-02,8.78,1.98,4.66,0.26,9.27,0.81,2.36,89.83
2009-03-03,6.78,0.95,3.75,0.78,3.54,0.81,1.53,89.65
2009-03-04,12.2,2.1,6.49,0.0,5.85,0.81,2.28,89.09
2009-03-05,11.36,3.58,8.2,1.08,4.91,0.81,5.87,90.77
2009-03-06,15.6,9.17,12.17,0.74,12.18,0.81,6.23,83.24
2009-03-07,11.44,5.19,8.7,5.78,7.34,0.82,6.6,90.14
2009-03-08,10.99,2.18,6.87,1.87,12.78,0.82,2.29,86.2
2009-03-09,12.51,-0.63,5.83,0.04,14.95,0.82,4.11,78.88
2009-03-10,9.8,1.42,4.75,10.4,4.82,0.82,5.07,92.66
2009-03-11,9.53,-1.42,3.84,0.64,13.17,0.83,3.04,78.73
2009-03-12,6.66,-1.64,2.52,0.95,9.09,0.83,2.42,88.94
2009-03-13,9.6,0.15,4.38,0.27,15.32,0.82,2.98,78.05
2009-03-14,6.87,-0.92,2.94,1.77,10.33,0.82,3.53,86.03
2009-03-15,9.37,-2.79,3.49,0.15,17.97,0.82,2.79,71.92
2009-03-16,10.66,-1.36,5.04,0.01,17.96,0.82,1.99,69.86
2009-03-17,7.16,0.67,3.51,2.13,4.39,0.82,2.2,90.74
2009-03-18,7.03,-0.39,2.98,1.07,10.13,0.82,3.16,86.05
2009-03-19,4.51,-2.24,1.44,3.56,11.33,0.82,3.86,83.67
2009-03-20,7.58,-3.95,2.19,0.25,14.96,0.82,2.19,74.73
2009-03-21,6.81,1.25,3.2,1.07,11.26,0.82,6.19,77.86
2009-03-22,3.28,1.27,2.46,14.56,4.97,0.84,5.7,93.35
2009-03-23,9.55,-1.2,3.93,0.01,14.59,0.84,3.31,80.38
2009-03-24,13.25,-1.5,5.65,0.0,20.92,0.83,5.59,76.16
2009-03-25,13.04,0.72,7.16,5.83,10.6,0.83,5.04,81.15
2009-03-26,6.52,-1.69,2.19,1.27,9.35,0.84,2.71,72.28
2009-03-27,9.86,-2.29,3.86,0.01,21.04,0.83,2.15,67.73
2009-03-28,14.82,-1.41,6.44,0.0,21.24,0.83,2.43,74.78
2009-03-29,14.6,1.39,7.66,0.03,11.58,0.83,4.37,78.58
2009-03-30,20.87,5.7,12.49,0.0,11.7,0.82,3.1,84.08
2009-03-31,24.39,9.72,16.07,0.04,17.73,0.82,1.68,78.77
2009-04-01,15.61,7.74,10.98,3.15,13.41,0.82,2.72,84.39
2009-04-02,14.09,5.77,9.43,0.0,9.7,0.82,3.38,86.96
2009-04-03,15.31,1.08,7.82,0.0,23.26,0.82,3.82,74.47
2009-04-04,17.66,0.62,8.06,0.0,23.97,0.81,2.23,72.63
2009-04-05,18.61,1.16,8.73,0.0,24.25,0.81,3.12,61.37
2009-04-06,14.2,2.75,7.29,0.45,8.96,0.8,4.41,72.71
2009-04-07,13.91,4.01,7.86,0.57,11.1,0.8,3.51,80.42
2009-04-08,20.32,2.92,11.41,0.0,18.07,0.8,2.43,72.7
2009-04-09,20.48,5.84,13.14,0.0,19.06,0.79,1.7,67.02
2009-04-10,19.44,3.81,10.96,0.01,21.96,0.79,1.78,70.89
2009-04-11,17.32,3.05,9.19,0.0,22.74,0.79,3.56,71.12
2009-04-12,14.14,3.94,7.89,0.0,23.43,0.78,4.18,73.72
2009-04-13,15.91,4.25,8.9,1.64,15.54,0.78,3.66,79.29
2009-04-14,15.22,6.39,9.76,2.47,10.44,0.78,2.05,88.25
2009-04-15,15.68,4.88,9.73,0.19,14.95,0.78,3.75,76.59
2009-04-16,18.09,3.63,11.88,0.44,21.0,0.78,2.2,69.58
2009-04-17,18.77,5.65,12.02,0.33,23.85,0.78,2.68,64.57
2009-04-18,21.03,5.19,13.08,0.0,23.45,0.77,2.52,72.97
2009-04-19,22.29,9.99,15.42,0.73,17.04,0.77,1.73,72.06
2009-04-20,21.89,9.1,14.53,0.36,20.92,0.76,2.73,70.96
2009-04-21,21.19,8.36,13.46,0.01,20.38,0.76,3.29,66.94
2009-04-22,10.5,4.67,8.02,4.18,4.49,0.76,7.22,79.49
2009-04-23,12.82,0.17,6.47,0.05,22.74,0.76,4.6,67.03
2009-04-24,16.53,-0.74,7.56,0.0,27.38,0.76,1.91,69.46
2009-04-25,15.82,0.56,7.35,0.06,22.07,0.75,2.4,79.55
2009-04-26,12.69,1.69,6.99,0.3,12.38,0.75,3.01,78.85
2009-04-27,13.2,2.12,7.61,1.29,13.97,0.75,3.47,80.5
2009-04-28,16.82,1.92,9.38,0.0,20.58,0.75,2.03,76.65
2009-04-29,16.02,6.49,10.72,0.23,10.0,0.74,1.32,82.29
2009-04-30,19.87,6.11,12.97,1.89,22.19,0.74,2.59,73.61
2009-05-01,14.19,9.0,11.34,7.04,5.47,0.74,1.59,90.9
2009-05-02,17.28,8.28,12.94,2.26,15.82,0.75,1.6,77.84
2009-05-03,18.78,7.79,13.29,0.05,21.71,0.75,1.76,76.2
2009-05-04,17.57,6.42,11.87,0.0,17.22,0.74,4.11,79.21
2009-05-05,18.51,8.25,13.02,0.11,16.09,0.74,3.73,77.02
2009-05-06,20.1,7.96,14.17,3.09,20.49,0.74,2.23,73.44
2009-05-07,19.69,7.48,13.99,0.12,18.54,0.73,3.32,70.53
2009-05-08,20.72,7.64,14.87,0.0,26.38,0.73,2.03,62.69
2009-05-09,23.19,8.18,15.75,0.0,27.16,0.72,1.67,63.02
2009-05-10,23.89,9.03,16.51,0.0,26.56,0.71,1.68,60.04
2009-05-11,24.49,10.29,17.3,0.0,27.04,0.71,1.64,59.03
2009-05-12,25.79,10.33,18.1,0.01,26.49,0.7,3.4,61.28
2009-05-13,23.11,12.81,18.28,6.87,20.87,0.7,1.56,75.62
2009-05-14,23.79,12.98,18.59,0.8,23.83,0.71,1.71,76.06
2009-05-15,28.39,12.96,20.37,0.0,27.33,0.7,3.53,64.04
2009-05-16,28.9,14.83,21.91,0.0,24.79,0.69,2.39,54.08
2009-05-17,29.68,14.72,22.44,0.02,25.46,0.68,2.23,63.77
2009-05-18,25.3,12.65,18.76,0.11,25.35,0.68,4.89,63.17
2009-05-19,23.33,11.09,16.8,0.0,27.22,0.68,5.05,67.46
2009-05-20,21.42,10.17,15.15,0.0,26.61,0.67,4.79,71.12
2009-05-21,24.01,8.18,16.31,0.0,27.06,0.67,4.62,65.23
2009-05-22,26.87,12.67,19.64,0.0,26.99,0.67,3.06,63.87
2009-05-23,28.34,12.72,20.83,0.0,25.13,0.66,2.93,61.89
2009-05-24,26.87,14.38,20.02,0.08,28.06,0.66,2.7,59.44
2009-05-25,27.26,11.56,19.15,0.04,24.13,0.66,3.42,56.74
2009-05-26,25.38,10.75,17.66,0.0,21.84,0.65,2.71,59.65
2009-05-27,24.56,9.31,16.63,0.0,29.49,0.65,2.7,58.89
2009-05-28,26.4,10.07,17.69,0.0,31.02,0.65,1.75,50.39
2009-05-29,24.97,9.93,16.2,1.07,13.28,0.65,2.02,67.86
2009-05-30,23.13,12.53,17.59,0.62,24.3,0.65,3.45,72.63
2009-05-31,26.47,7.79,17.42,0.01,28.77,0.64,2.09,54.6
2009-06-01,28.46,10.83,19.62,0.0,26.23,0.64,2.62,61.6
2009-06-02,29.0,12.52,21.23,0.01,19.23,0.64,3.07,63.12
2009-06-03,26.74,14.24,20.05,3.83,23.51,0.64,1.92,65.73
2009-06-04,26.46,15.03,20.52,1.0,20.74,0.64,1.53,56.58
2009-06-05,27.64,13.05,20.85,0.18,27.77,0.64,2.19,51.32
2009-06-06,31.29,13.87,22.95,0.0,27.05,0.63,2.29,54.59
2009-06-07,34.45,15.45,24.83,0.0,28.57,0.63,3.03,49.52
2009-06-08,34.91,16.29,25.42,0.02,27.59,0.63,2.49,44.82
2009-06-09,31.76,15.53,22.84,1.04,29.67,0.62,3.22,57.92
2009-06-10,33.79,13.97,23.55,0.0,30.49,0.62,2.45,52.4
2009-06-11,34.51,15.6,25.14,0.01,27.87,0.62,1.96,49.81
2009-06-12,27.33,16.71,22.49,0.04,22.42,0.62,3.55,52.54
2009-06-13,28.25,13.21,20.7,0.0,30.23,0.61,3.4,41.99
2009-06-14,27.71,11.39,19.96,0.0,31.05,0.61,2.94,42.61
2009-06-15,30.73,12.21,21.78,0.0,29.98,0.61,1.98,42.33
2009-06-16,33.7,13.2,23.93,0.0,28.79,0.61,1.38,41.0
2009-06-17,35.45,16.34,24.92,2.0,26.93,0.61,3.43,49.9
2009-06-18,27.44,14.72,20.39,0.51,23.81,0.61,4.05,61.0
2009-06-19,29.34,12.54,20.63,0.0,31.71,0.61,3.14,55.8
2009-06-20,31.86,11.4,21.67,0.0,31.09,0.61,2.46,58.43
2009-06-21,32.74,13.75,23.7,0.28,28.51,0.61,1.89,54.35
2009-06-22,30.83,16.75,24.06,1.62,28.53,0.61,3.73,56.25
2009-06-23,29.5,17.13,22.88,3.76,29.12,0.61,3.9,58.44
2009-06-24,31.53,14.81,23.42,0.05,29.08,0.61,3.68,54.29
2009-06-25,26.94,15.58,21.34,0.75,18.22,0.61,2.82,63.53
2009-06-26,26.73,14.91,21.22,1.29,20.95,0.61,2.61,60.07
2009-06-27,26.79,15.55,21.38,7.29,23.02,0.62,1.3,63.5
2009-06-28,26.67,15.91,22.06,0.14,18.48,0.62,1.75,62.38
2009-06-29,27.66,16.98,23.06,1.64,19.75,0.62,0.98,58.9
2009-06-30,29.38,17.74,23.48,0.07,24.49,0.62,1.18,56.01
2009-07-01,30.42,17.15,24.05,3.06,24.4,0.62,1.69,62.41
2009-07-02,29.94,16.83,23.47,3.13,24.9,0.62,2.07,66.23
2009-07-03,28.95,17.34,23.24,0.07,26.0,0.62,1.74,67.3
2009-07-04,28.64,18.19,23.7,2.88,16.89,0.62,2.16,63.55
2009-07-05,30.05,17.93,24.51,0.07,24.13,0.62,2.15,59.31
2009-07-06,33.64,18.7,26.14,0.05,21.9,0.61,1.13,52.09
2009-07-07,34.3,19.6,27.07,0.0,27.22,0.61,1.29,49.62
2009-07-08,34.3,19.81,27.0,0.05,28.13,0.61,1.72,50.25
2009-07-09,33.57,21.44,26.58,6.17,21.02,0.61,1.88,56.13
2009-07-10,31.06,19.42,24.87,7.16,24.29,0.62,2.21,64.46
2009-07-11,26.06,18.58,22.16,23.56,21.99,0.65,2.13,80.69
2009-07-12,25.9,17.3,21.0,3.54,24.99,0.66,4.11,68.69
2009-07-13,26.55,14.92,21.28,0.0,24.37,0.65,3.76,65.47
2009-07-14,29.44,15.15,22.68,0.0,28.39,0.65,3.61,57.14
2009-07-15,30.8,16.51,24.02,0.0,28.77,0.64,4.33,55.09
2009-07-16,33.08,18.27,25.73,0.04,25.33,0.63,4.72,52.55
2009-07-17,34.65,19.29,26.88,0.8,26.07,0.63,3.47,53.87
2009-07-18,35.45,19.32,27.19,0.3,26.55,0.63,2.36,51.73
2009-07-19,36.15,18.89,27.26,0.04,24.28,0.62,3.12,48.3
2009-07-20,31.83,18.36,24.38,0.0,23.98,0.62,3.42,47.52
2009-07-21,31.13,16.89,23.82,0.0,26.43,0.61,2.62,53.01
2009-07-22,30.48,16.35,23.1,0.0,28.89,0.61,3.42,53.05
2009-07-23,33.7,16.03,24.56,0.0,29.29,0.61,2.89,47.76
2009-07-24,38.05,17.95,28.34,0.0,27.53,0.61,1.25,38.97
2009-07-25,39.75,20.66,30.41,0.0,27.32,0.61,1.8,38.57
2009-07-26,25.04,17.78,22.8,0.54,20.83,0.6,4.51,63.02
2009-07-27,28.32,16.18,22.29,0.0,25.09,0.6,3.71,58.2
2009-07-28,30.22,14.77,22.37,0.0,28.7,0.6,3.11,51.93
2009-07-29,30.82,14.87,22.8,0.0,27.88,0.6,3.36,55.81
2009-07-30,31.28,15.98,23.65,0.0,24.8,0.6,3.39,53.5
2009-07-31,31.37,16.52,24.07,0.09,22.66,0.6,3.79,51.95
2009-08-01,32.27,18.43,25.45,0.01,23.66,0.6,3.94,54.89
2009-08-02,33.02,19.36,25.78,0.0,24.35,0.6,3.34,54.45
2009-08-03,35.83,18.5,26.7,0.0,27.99,0.6,1.91,51.94
2009-08-04,37.04,18.04,27.24,0.0,27.62,0.6,2.4,53.26
2009-08-05,33.63,17.65,25.41,0.03,26.24,0.6,3.32,59.41
2009-08-06,30.12,19.19,24.53,0.14,19.01,0.6,4.01,62.88
2009-08-07,28.44,19.55,23.45,7.81,19.71,0.6,4.69,68.5
2009-08-08,29.22,18.19,22.82,0.03,20.61,0.61,3.84,63.29
2009-08-09,28.24,16.33,21.85,0.0,24.21,0.61,3.86,59.99
2009-08-10,26.74,15.02,20.68,1.23,22.1,0.61,3.45,60.43
2009-08-11,27.8,13.72,20.58,0.0,23.65,0.61,3.19,55.08
2009-08-12,27.33,13.77,20.16,0.0,22.35,0.61,2.91,58.19
2009-08-13,30.2,14.4,22.02,0.0,25.65,0.6,2.34,56.74
2009-08-14,33.44,15.34,24.35,0.0,23.7,0.6,1.72,52.82
2009-08-15,30.54,17.7,23.0,0.93,23.91,0.6,3.11,59.86
2009-08-16,29.09,17.22,22.51,0.27,22.23,0.6,5.06,65.17
2009-08-17,29.98,16.63,22.58,0.0,20.93,0.6,4.38,63.26
2009-08-18,31.34,15.61,23.18,0.0,25.4,0.6,3.16,54.69
2009-08-19,33.19,18.34,24.96,0.0,25.27,0.6,3.21,40.84
2009-08-20,31.73,18.39,24.15,0.0,22.62,0.6,4.57,61.44
2009-08-21,29.57,15.55,22.13,0.0,24.78,0.6,3.64,53.49
2009-08-22,29.99,14.51,22.07,0.0,24.98,0.6,3.07,55.43
2009-08-23,31.01,15.22,22.51,0.0,24.63,0.6,3.3,52.79
2009-08-24,27.59,15.48,21.04,0.0,20.19,0.6,4.32,67.17
2009-08-25,27.75,15.95,21.17,0.0,18.53,0.6,3.67,63.92
2009-08-26,29.8,14.72,21.65,0.0,23.65,0.6,3.59,62.82
2009-08-27,30.07,13.89,21.3,0.0,24.86,0.6,3.36,58.6
2009-08-28,32.37,13.29,22.18,0.0,24.77,0.6,2.61,58.76
2009-08-29,33.13,14.21,23.4,0.0,24.22,0.6,2.26,56.45
2009-08-30,33.43,16.53,24.27,0.44,22.83,0.6,1.87,55.15
2009-08-31,28.66,16.06,21.98,0.04,17.29,0.6,3.01,66.13
2009-09-01,26.32,14.69,20.28,0.02,21.13,0.6,4.43,62.29
2009-09-02,29.75,12.86,20.86,0.0,22.87,0.6,1.69,51.31
2009-09-03,31.03,13.63,22.53,0.0,22.43,0.6,1.89,48.47
2009-09-04,34.78,16.34,25.34,0.0,22.12,0.6,1.89,44.51
2009-09-05,36.04,18.65,26.91,0.0,21.95,0.6,2.16,38.23
2009-09-06,29.28,13.49,21.3,4.13,16.15,0.6,4.44,65.13
2009-09-07,16.36,12.5,13.97,46.8,4.44,0.65,7.08,85.56
2009-09-08,20.33,12.73,15.91,20.69,3.18,0.71,6.36,86.34
2009-09-09,21.97,13.22,17.4,5.03,11.8,0.71,4.5,81.67
2009-09-10,25.63,13.92,19.46,0.03,18.23,0.7,3.15,72.63
2009-09-11,22.31,16.28,18.79,2.32,7.74,0.69,4.26,86.05
2009-09-12,21.79,16.26,18.81,6.8,6.51,0.7,5.68,83.35
2009-09-13,21.34,13.8,16.95,1.46,8.6,0.69,3.23,76.84
2009-09-14,24.57,12.87,18.26,0.04,11.95,0.69,1.53,71.48
2009-09-15,25.69,14.22,19.12,0.0,17.04,0.69,1.76,74.84
2009-09-16,25.96,13.17,18.91,0.0,19.62,0.68,2.26,73.84
2009-09-17,24.93,12.69,18.63,0.0,16.77,0.68,1.43,75.48
2009-09-18,21.99,14.83,17.86,0.12,9.91,0.68,2.07,81.82
2009-09-19,22.05,11.8,16.89,0.68,12.89,0.67,3.71,79.37
2009-09-20,20.6,8.9,14.14,0.05,19.99,0.67,3.95,66.42
2009-09-21,20.37,8.18,13.5,0.07,18.72,0.67,3.43,71.49
2009-09-22,22.23,7.61,14.23,0.0,19.97,0.67,2.78,71.06
2009-09-23,24.12,8.95,15.54,0.0,20.02,0.67,2.33,63.07
2009-09-24,25.14,10.73,16.73,0.0,18.8,0.66,1.53,65.98
2009-09-25,25.29,11.15,17.07,0.0,17.86,0.66,1.44,70.13
2009-09-26,22.96,11.03,16.61,0.0,14.49,0.66,3.79,78.22
2009-09-27,19.85,10.28,14.32,0.0,16.52,0.66,4.18,77.01
2009-09-28,22.07,9.56,14.56,0.0,17.71,0.66,2.9,72.58
2009-09-29,23.67,8.83,15.77,0.0,16.9,0.65,1.58,66.7
2009-09-30,25.6,11.24,17.85,0.0,16.14,0.65,2.69,61.16
2009-10-01,26.22,12.3,18.54,0.15,16.13,0.65,2.04,59.66
2009-10-02,26.16,12.0,18.37,0.0,16.21,0.65,3.72,68.5
2009-10-03,20.98,14.27,17.05,10.75,8.22,0.65,3.46,90.16
2009-10-04,20.68,11.38,16.67,31.38,6.84,0.7,2.98,88.27
2009-10-05,22.23,10.66,15.53,0.01,10.01,0.71,2.13,80.63
2009-10-06,23.27,9.4,15.46,0.0,16.31,0.7,2.38,75.75
2009-10-07,24.19,10.41,16.27,0.0,16.94,0.7,1.75,72.45
2009-10-08,24.37,10.66,16.36,0.0,15.45,0.69,1.6,74.34
2009-10-09,25.42,10.32,17.19,0.0,15.33,0.69,1.7,72.56
2009-10-10,25.61,12.27,17.88,0.0,15.05,0.68,2.01,71.73
2009-10-11,24.17,11.03,16.38,0.0,16.06,0.68,2.07,78.35
2009-10-12,24.28,11.29,17.13,0.0,13.89,0.68,4.49,80.96
2009-10-13,23.31,6.85,16.45,6.85,5.64,0.68,7.77,77.48
2009-10-14,13.1,3.01,7.24,0.01,12.19,0.69,3.47,61.04
2009-10-15,13.69,1.67,7.78,0.06,5.19,0.68,2.58,73.54
2009-10-16,17.24,7.09,12.87,15.82,4.11,0.69,3.19,92.26
2009-10-17,11.84,5.03,8.39,20.59,5.09,0.73,3.24,91.73
2009-10-18,18.63,10.49,14.31,19.91,5.17,0.77,2.56,90.72
2009-10-19,21.01,10.97,15.06,0.42,10.8,0.76,3.27,90.87
2009-10-20,20.5,8.64,14.25,0.12,12.65,0.75,2.78,84.82
2009-10-21,17.94,6.45,11.22,0.03,13.72,0.74,1.86,76.25
2009-10-22,18.42,5.89,11.24,0.0,12.91,0.74,2.79,83.81
2009-10-23,20.29,7.61,12.9,0.0,12.64,0.74,3.1,85.86
2009-10-24,21.74,8.89,14.48,0.0,12.39,0.73,2.76,80.18
2009-10-25,19.55,11.4,15.04,0.21,5.68,0.73,4.3,90.7
2009-10-26,18.26,12.6,14.32,0.43,5.67,0.73,4.65,89.04
2009-10-27,17.03,10.99,13.33,0.11,5.01,0.73,2.72,83.96
2009-10-28,16.34,9.59,12.41,2.72,9.66,0.73,3.01,85.76
2009-10-29,15.53,7.72,10.9,0.33,7.79,0.73,1.81,83.09
2009-10-30,9.67,3.14,7.25,9.45,2.93,0.74,4.97,90.85
2009-10-31,8.31,0.11,4.42,5.3,3.8,0.75,7.37,75.9
2009-11-01,6.95,-2.37,1.21,0.37,11.59,0.75,6.2,67.46
2009-11-02,6.18,-4.4,0.29,2.39,12.05,0.75,3.58,81.13
2009-11-03,6.16,0.71,3.49,13.72,4.45,0.75,3.72,93.91
2009-11-04,10.21,2.47,5.96,10.17,3.53,0.79,4.08,94.83
2009-11-05,14.45,2.52,7.48,0.02,6.84,0.78,3.09,92.69
2009-11-06,19.01,8.34,13.43,0.05,8.29,0.78,3.74,92.64
2009-11-07,19.36,10.94,14.44,0.0,10.36,0.77,3.89,92.8
2009-11-08,19.85,9.03,13.58,0.0,9.05,0.77,2.78,85.69
2009-11-09,18.58,9.22,13.19,0.01,8.53,0.77,3.69,89.72
2009-11-10,19.54,11.42,14.53,12.28,9.27,0.77,6.04,86.88
2009-11-11,15.83,9.14,12.27,3.71,6.4,0.79,2.82,87.19
2009-11-12,10.51,3.67,7.25,0.23,4.83,0.78,3.11,82.3
2009-11-13,11.93,1.52,6.11,0.0,8.7,0.78,2.67,78.88
2009-11-14,13.06,2.58,6.68,0.01,8.75,0.78,1.93,77.65
2009-11-15,10.84,4.01,7.17,1.99,5.52,0.78,2.39,92.14
2009-11-16,10.85,5.29,7.66,0.65,5.97,0.78,2.35,91.31
2009-11-17,13.91,5.25,8.31,0.15,6.26,0.78,2.82,92.23
2009-11-18,13.1,6.08,8.34,0.0,5.65,0.78,1.84,94.05
2009-11-19,15.67,6.13,9.34,0.0,7.47,0.78,2.04,92.3
2009-11-20,15.93,5.44,9.33,0.0,8.26,0.78,2.26,85.28
2009-11-21,15.74,4.18,9.42,0.0,8.97,0.78,1.64,72.9
2009-11-22,15.91,4.24,8.78,0.04,8.97,0.77,1.55,73.35
2009-11-23,15.29,4.31,8.14,0.07,5.63,0.77,1.83,89.46
2009-11-24,15.6,4.76,9.0,0.07,5.13,0.77,1.16,81.77
2009-11-25,14.29,2.0,7.82,0.02,8.18,0.77,2.27,81.73
2009-11-26,15.34,4.08,8.07,0.02,9.27,0.77,2.44,84.72
2009-11-27,14.67,5.24,8.46,0.03,6.07,0.77,2.86,92.27
2009-11-28,15.22,7.84,10.21,0.07,6.12,0.77,3.38,91.21
2009-11-29,13.22,3.25,8.44,0.9,8.96,0.77,2.84,87.19
2009-11-30,14.1,3.0,8.47,0.02,6.34,0.77,3.62,93.8
2009-12-01,15.87,9.02,11.58,0.0,5.79,0.77,4.77,92.6
2009-12-02,15.59,7.61,10.99,0.01,5.34,0.77,4.01,90.18
2009-12-03,12.91,6.89,8.86,0.21,5.19,0.77,2.3,92.23
2009-12-04,11.66,5.55,7.91,0.61,5.49,0.77,1.67,91.84
2009-12-05,13.3,6.98,9.5,0.54,3.85,0.77,2.39,93.71
2009-12-06,9.14,3.98,7.11,2.01,3.97,0.77,3.72,91.75
2009-12-07,9.66,2.51,5.22,0.02,4.72,0.77,1.87,87.97
2009-12-08,9.24,2.02,4.96,0.13,5.77,0.77,1.25,87.45
2009-12-09,8.51,4.11,6.12,5.45,3.23,0.77,2.86,95.47
2009-12-10,7.6,2.13,5.62,1.4,2.13,0.78,6.48,93.9
2009-12-11,3.3,-1.29,0.92,4.16,2.2,0.78,6.78,85.28
2009-12-12,0.68,-3.52,-1.26,9.99,1.56,0.78,6.18,91.58
2009-12-13,-0.5,-7.56,-3.93,2.13,4.42,0.78,5.08,91.55
2009-12-14,1.66,-7.67,-3.09,0.01,2.55,0.78,2.02,93.25
2009-12-15,6.33,-0.38,2.62,10.42,2.17,0.79,3.6,98.65
2009-12-16,7.4,-1.79,4.45,7.01,2.94,0.82,3.87,96.69
2009-12-17,2.3,-4.21,-1.83,2.67,1.81,0.81,2.78,91.91
2009-12-18,5.43,-8.23,-0.44,14.69,3.04,0.82,5.26,94.08
2009-12-19,3.05,-9.7,-3.52,0.62,5.96,0.82,3.17,86.67
2009-12-20,12.02,-7.03,4.83,37.3,2.81,0.85,7.32,95.14
2009-12-21,-1.44,-14.25,-8.6,0.01,7.15,0.85,2.66,84.98
2009-12-22,2.34,-9.86,-1.93,0.0,4.74,0.85,3.45,95.26
2009-12-23,8.06,1.34,4.94,0.0,1.64,0.86,4.5,99.92
2009-12-24,14.04,5.91,9.77,0.14,4.7,0.87,4.45,98.13
2009-12-25,14.65,10.91,12.72,1.65,2.03,0.86,7.39,95.11
2009-12-26,17.02,7.67,12.13,0.3,6.77,0.86,4.42,87.31
2009-12-27,15.98,7.32,11.52,4.7,4.21,0.87,5.73,93.96
2009-12-28,14.08,0.68,7.55,22.86,3.13,0.89,6.2,86.77
2009-12-29,9.16,-1.04,3.13,0.0,7.97,0.89,2.86,80.67
2009-12-30,10.11,-1.44,4.77,0.0,7.36,0.89,3.42,89.96
2009-12-31,15.36,6.82,10.6,0.02,5.22,0.88,5.91,95.17
2010-01-01,17.08,9.65,12.93,0.02,7.85,0.88,6.74,90.3
2010-01-02,11.14,4.37,8.47,0.32,6.06,0.88,4.81,89.37
2010-01-03,3.72,-3.06,0.72,7.42,2.91,0.88,3.79,90.05
2010-01-04,0.69,-5.19,-3.05,0.03,8.09,0.88,3.16,84.45
2010-01-05,1.77,-5.6,-1.98,1.05,3.48,0.88,3.59,93.17
2010-01-06,13.97,1.08,8.58,0.07,5.13,0.89,7.36,94.04
2010-01-07,15.34,9.1,12.21,0.44,3.64,0.89,5.69,94.74
2010-01-08,15.48,5.9,10.08,0.03,4.52,0.89,3.24,93.53
2010-01-09,13.59,7.93,10.0,0.01,4.68,0.89,4.65,94.39
2010-01-10,14.96,5.6,10.55,3.72,3.6,0.89,5.44,93.16
2010-01-11,10.58,3.74,6.19,0.27,8.83,0.89,2.98,86.21
2010-01-12,9.91,3.33,4.99,0.41,7.16,0.89,1.84,88.92
2010-01-13,3.47,0.07,2.18,27.37,2.47,0.91,5.05,95.48
2010-01-14,5.28,-1.82,0.98,1.95,4.59,0.92,3.27,92.52
2010-01-15,4.51,-3.66,-0.68,0.0,7.09,0.91,2.64,90.65
2010-01-16,1.33,-3.92,-1.87,0.02,5.37,0.91,4.57,91.05
2010-01-17,2.78,-2.25,0.34,1.33,4.0,0.91,4.78,94.61
2010-01-18,1.95,-4.04,0.21,20.77,2.9,0.92,4.72,96.05
2010-01-19,-4.56,-8.89,-6.49,16.02,2.42,0.93,6.64,94.37
2010-01-20,-3.72,-12.6,-9.02,1.12,6.35,0.93,3.26,96.13
2010-01-21,-2.05,-12.9,-8.71,0.03,6.78,0.92,2.33,97.84
2010-01-22,-7.06,-9.94,-8.63,1.97,3.16,0.92,6.9,96.69
2010-01-23,-10.26,-15.03,-11.71,2.86,5.25,0.92,6.78,95.78
2010-01-24,-11.43,-20.37,-15.25,0.37,4.87,0.92,4.9,96.31
2010-01-25,-12.68,-23.58,-19.57,0.01,10.4,0.92,4.17,97.27
2010-01-26,-6.45,-20.41,-13.88,0.0,7.64,0.92,2.65,98.9
2010-01-27,-0.49,-11.23,-5.18,0.02,3.76,0.92,2.29,96.66
2010-01-28,-1.69,-8.18,-5.24,0.63,5.01,0.92,2.55,98.08
2010-01-29,-0.51,-7.35,-3.76,3.64,4.76,0.92,2.25,96.97
2010-01-30,1.1,-6.65,-0.58,0.78,4.47,0.93,2.2,98.84
2010-01-31,6.09,1.23,3.01,7.15,3.29,0.95,4.39,99.89
2010-02-01,10.77,-3.97,2.88,3.07,6.92,0.96,5.35,92.16
2010-02-02,-1.65,-4.98,-3.48,4.29,2.47,0.96,5.62,88.62
2010-02-03,1.4,-5.79,-3.22,0.08,11.83,0.96,4.33,82.42
2010-02-04,4.26,-5.2,-1.52,0.0,7.23,0.96,3.57,85.74
2010-02-05,2.51,-5.65,-2.74,0.0,12.05,0.96,1.66,87.62
2010-02-06,1.42,-6.86,-2.22,1.34,5.5,0.96,3.39,93.09
2010-02-07,0.87,-0.78,0.46,28.48,2.01,0.96,5.05,96.94
2010-02-08,7.03,-7.76,-0.46,14.44,3.41,0.99,4.73,95.4
2010-02-09,0.39,-8.41,-4.66,1.02,8.12,0.98,2.5,90.29
2010-02-10,2.31,-5.93,-1.15,9.27,3.31,0.98,4.47,97.16
2010-02-11,9.27,2.48,5.69,9.46,4.36,0.99,5.0,99.32
2010-02-12,11.4,2.5,6.62,7.11,9.2,0.99,4.43,94.77
2010-02-13,10.35,1.41,6.92,10.36,11.91,0.99,6.33,85.73
2010-02-14,9.84,-0.68,4.15,9.18,8.07,0.99,2.89,88.19
2010-02-15,7.24,-1.99,3.3,17.28,3.66,1.0,5.05,94.34
2010-02-16,6.43,-2.45,1.28,0.0,12.18,1.0,2.63,93.23
2010-02-17,10.74,0.9,5.68,2.57,6.21,1.0,2.85,94.84
2010-02-18,13.87,6.29,9.13,0.57,8.81,1.0,2.55,96.46
2010-02-19,15.1,3.01,8.84,0.02,14.6,0.99,3.2,87.5
2010-02-20,16.93,7.78,11.7,0.0,8.12,0.99,6.09,90.89
2010-02-21,11.27,0.67,8.01,1.37,7.85,0.99,5.3,88.14
2010-02-22,8.0,-2.68,2.77,0.01,13.15,0.99,2.61,84.85
2010-02-23,11.58,0.34,6.07,0.0,13.39,0.99,3.21,91.82
2010-02-24,13.95,6.59,8.88,0.23,13.04,0.99,1.93,91.38
2010-02-25,9.54,4.0,6.91,12.2,3.68,0.99,4.18,95.85
2010-02-26,8.6,1.75,4.78,0.6,7.08,0.99,3.29,93.12
2010-02-27,7.54,2.33,4.81,9.62,3.61,0.99,3.45,95.97
2010-02-28,10.6,1.74,5.73,1.62,13.15,0.99,2.8,89.68
2010-03-01,12.68,4.42,7.7,0.01,8.51,0.99,4.04,92.64
2010-03-02,11.23,5.81,7.68,16.62,4.32,1.0,2.48,93.52
2010-03-03,11.55,3.22,6.95,0.37,14.72,1.0,2.61,86.43
2010-03-04,9.11,4.2,5.82,3.6,7.03,0.99,3.25,90.36
2010-03-05,9.98,0.41,5.68,1.86,11.72,0.99,2.64,89.86
2010-03-06,2.15,-5.09,-1.39,4.08,3.43,0.99,3.93,87.81
2010-03-07,5.52,-5.22,-0.18,0.04,14.4,0.99,2.33,81.32
2010-03-08,0.72,-0.89,0.07,19.12,2.13,0.99,6.74,94.86
2010-03-09,0.58,-6.06,-0.78,12.23,4.05,1.0,6.31,96.64
2010-03-10,1.41,-6.58,-1.54,1.17,4.49,1.0,4.72,96.76
2010-03-11,5.54,0.56,2.41,2.11,4.22,1.0,2.53,96.34
2010-03-12,8.77,0.84,4.05,0.06,11.72,1.0,2.38,95.39
2010-03-13,7.88,-3.53,2.06,0.0,16.72,1.0,2.74,81.54
2010-03-14,8.36,-2.09,2.78,0.0,16.67,1.0,3.0,82.7
2010-03-15,8.51,-2.71,2.53,0.0,15.45,0.99,3.47,85.87
2010-03-16,8.09,-2.89,2.32,0.0,20.13,0.99,3.39,78.32
2010-03-17,5.36,-2.52,1.74,0.02,12.24,0.99,3.67,84.93
2010-03-18,8.11,-3.63,1.76,0.0,15.06,0.99,2.73,84.68
2010-03-19,12.09,-1.28,4.72,0.0,19.27,0.98,1.67,77.43
2010-03-20,13.86,0.03,6.33,0.0,18.36,0.98,3.36,86.88
2010-03-21,17.41,3.14,9.65,0.0,18.05,0.98,3.72,84.79
2010-03-22,19.39,6.55,12.66,0.0,17.89,0.97,2.68,84.19
2010-03-23,15.46,6.27,11.17,0.04,9.76,0.97,4.41,86.02
2010-03-24,8.82,5.75,6.94,0.22,12.81,0.97,4.59,93.96
2010-03-25,13.5,2.34,7.77,0.13,9.14,0.97,4.14,82.28
2010-03-26,13.09,1.26,5.46,0.0,20.32,0.96,2.77,84.81
2010-03-27,13.77,-0.87,6.07,0.0,20.65,0.96,2.37,81.28
2010-03-28,11.27,2.36,6.55,4.1,7.25,0.96,3.23,91.5
2010-03-29,9.42,2.66,6.26,5.68,9.14,0.96,3.4,92.24
2010-03-30,17.09,2.66,9.63,0.0,21.66,0.96,2.99,78.31
2010-03-31,15.65,7.01,11.27,0.22,10.95,0.96,4.98,89.19
2010-04-01,18.4,8.42,13.2,0.45,18.67,0.95,2.24,74.02
2010-04-02,17.23,6.99,11.59,0.87,11.9,0.95,1.15,82.89
2010-04-03,15.23,6.27,9.93,2.7,16.63,0.95,2.01,85.71
2010-04-04,18.56,5.28,11.4,0.0,23.03,0.95,1.33,69.1
2010-04-05,17.36,2.93,10.83,0.65,21.55,0.94,2.42,73.03
2010-04-06,11.93,5.84,8.85,5.43,10.18,0.94,2.66,89.33
2010-04-07,13.68,5.98,8.93,0.26,13.0,0.94,5.77,79.39
2010-04-08,15.49,3.39,9.23,0.05,18.45,0.94,4.0,77.48
2010-04-09,14.51,3.54,8.73,0.01,15.46,0.93,2.6,78.35
2010-04-10,14.89,2.49,8.73,0.01,22.13,0.93,1.85,76.26
2010-04-11,13.75,4.02,8.08,0.04,16.84,0.93,3.11,79.64
2010-04-12,13.92,3.63,8.41,0.0,17.45,0.92,2.48,81.12
2010-04-13,16.7,2.84,9.72,0.0,24.19,0.92,2.21,73.86
2010-04-14,13.16,5.41,8.56,0.37,8.12,0.91,2.44,81.54
2010-04-15,17.84,5.64,11.23,0.03,18.51,0.91,3.08,83.72
2010-04-16,19.57,8.11,13.69,1.71,16.11,0.91,1.78,85.36
2010-04-17,15.09,7.49,11.27,2.3,10.49,0.91,3.36,91.08
2010-04-18,16.83,6.47,10.54,0.79,17.8,0.91,4.01,79.96
2010-04-19,18.0,6.14,12.52,7.5,15.48,0.9,3.14,86.16
2010-04-20,17.36,9.55,13.73,5.5,14.63,0.91,3.0,88.38
2010-04-21,16.5,8.24,11.56,11.64,15.22,0.92,2.83,81.1
2010-04-22,20.02,5.58,13.07,0.04,24.03,0.92,2.47,74.71
2010-04-23,21.11,8.02,14.47,0.05,24.46,0.91,2.45,76.18
2010-04-24,19.86,9.44,14.13,0.0,18.37,0.9,1.9,74.64
2010-04-25,18.82,7.61,12.3,0.0,20.42,0.9,4.31,73.72
2010-04-26,16.52,6.23,10.45,0.0,21.49,0.89,6.27,76.64
2010-04-27,13.86,3.93,8.19,0.0,26.04,0.89,5.36,76.08
2010-04-28,15.69,1.96,8.33,0.0,28.18,0.88,3.63,71.86
2010-04-29,16.36,0.67,8.47,0.0,28.7,0.88,3.74,68.72
2010-04-30,17.42,3.81,10.99,0.0,25.55,0.87,2.82,66.21
2010-05-01,20.85,6.6,13.09,0.0,27.83,0.87,1.41,65.05
2010-05-02,22.08,5.26,13.54,0.0,28.01,0.86,1.74,69.67
2010-05-03,23.19,6.99,14.82,0.0,27.48,0.86,2.07,73.35
2010-05-04,23.25,7.72,15.14,0.0,27.53,0.85,1.79,75.62
2010-05-05,22.9,7.69,14.96,0.0,24.86,0.84,1.36,80.05
2010-05-06,22.63,8.3,14.88,0.0,23.34,0.84,2.33,79.49
2010-05-07,23.4,8.92,16.48,2.01,26.76,0.83,2.07,73.62
2010-05-08,19.81,9.29,14.76,0.15,14.37,0.83,1.87,75.24
2010-05-09,20.4,10.92,15.05,3.61,20.82,0.83,2.66,79.33
2010-05-10,21.96,8.55,15.96,0.0,28.08,0.83,2.34,72.0
2010-05-11,25.06,10.81,18.72,0.0,27.01,0.82,1.34,67.06
2010-05-12,25.5,13.74,19.45,0.13,24.87,0.81,2.22,72.47
2010-05-13,24.97,12.07,18.66,0.08,23.08,0.8,2.97,72.27
2010-05-14,25.43,13.02,19.34,0.09,27.68,0.8,2.09,71.03
2010-05-15,19.95,12.75,16.56,2.19,10.84,0.8,4.72,84.72
2010-05-16,22.06,11.34,16.76,0.25,29.29,0.79,6.19,70.61
2010-05-17,18.16,9.43,12.78,0.74,15.41,0.79,3.55,74.75
2010-05-18,16.29,7.28,12.01,1.05,20.82,0.78,2.72,76.55
2010-05-19,17.13,6.67,11.85,0.28,16.25,0.78,2.59,76.28
2010-05-20,17.63,6.22,12.93,1.5,20.62,0.78,1.93,71.67
2010-05-21,19.4,9.11,14.62,1.9,18.43,0.78,1.33,73.17
2010-05-22,17.87,9.05,13.83,1.4,17.98,0.78,2.05,81.04
2010-05-23,20.52,8.09,15.03,3.65,23.27,0.78,1.35,73.61
2010-05-24,19.46,11.48,15.72,8.85,18.63,0.78,2.42,80.37
2010-05-25,24.04,10.13,17.52,0.0,27.44,0.78,2.43,74.91
2010-05-26,26.61,13.03,20.1,0.0,29.1,0.77,1.9,69.89
2010-05-27,27.77,13.9,20.83,0.0,27.46,0.76,2.47,65.45
2010-05-28,28.39,14.47,21.66,1.27,22.38,0.75,2.23,67.09
2010-05-29,26.31,17.04,21.51,0.03,23.67,0.74,1.35,70.55
2010-05-30,25.27,16.29,20.98,4.86,19.34,0.74,1.77,75.54
2010-05-31,27.64,15.32,21.11,0.95,22.83,0.74,3.32,71.45
2010-06-01,26.97,14.86,20.79,3.37,11.1,0.73,3.62,72.55
2010-06-02,21.76,11.79,16.34,3.83,24.14,0.74,1.83,74.1
2010-06-03,22.91,11.61,17.25,0.02,24.2,0.73,2.43,73.51
2010-06-04,24.77,12.0,18.77,0.4,26.03,0.72,3.05,73.97
2010-06-05,25.09,13.32,19.36,2.0,20.6,0.72,2.02,76.65
2010-06-06,21.08,13.6,17.45,5.42,10.32,0.72,4.9,78.24
2010-06-07,23.7,11.5,17.61,0.12,25.79,0.72,3.93,67.19
2010-06-08,23.33,13.61,18.79,4.47,15.81,0.72,2.83,75.85
2010-06-09,25.15,14.65,20.11,2.45,23.01,0.72,2.43,80.39
2010-06-10,27.59,13.71,20.86,0.0,27.3,0.71,2.9,69.5
2010-06-11,28.56,14.68,21.89,0.0,30.1,0.7,2.67,60.61
2010-06-12,30.92,15.86,23.31,0.0,26.49,0.69,1.96,53.82
2010-06-13,31.74,17.28,24.04,0.0,29.52,0.68,1.72,58.68
2010-06-14,33.43,16.94,25.23,0.0,28.21,0.68,1.32,62.52
2010-06-15,34.57,19.0,26.8,0.05,24.37,0.67,1.95,61.62
2010-06-16,31.28,20.09,25.0,3.48,17.31,0.67,2.8,65.4
2010-06-17,30.02,18.53,24.05,0.02,26.5,0.67,2.76,71.05
2010-06-18,28.05,17.07,22.26,0.05,19.4,0.66,2.6,72.69
2010-06-19,28.49,14.65,21.95,0.05,21.71,0.66,1.53,70.14
2010-06-20,28.81,17.02,22.2,8.09,20.62,0.66,2.78,72.96
2010-06-21,29.38,16.46,22.73,0.04,26.52,0.67,3.85,64.52
2010-06-22,24.25,15.03,19.36,3.21,17.68,0.67,2.31,73.02
2010-06-23,19.51,14.55,16.98,8.4,13.2,0.67,2.75,87.7
2010-06-24,20.56,13.62,16.67,8.59,12.89,0.69,3.14,82.5
2010-06-25,22.2,12.68,17.53,0.16,15.84,0.69,1.53,74.7
2010-06-26,24.54,12.61,19.35,0.04,17.91,0.68,2.53,65.65
2010-06-27,24.38,14.47,19.81,0.1,20.54,0.68,1.4,69.87
2010-06-28,25.56,14.79,20.76,0.72,22.5,0.67,1.42,71.64
2010-06-29,21.95,16.86,19.08,22.65,13.58,0.69,2.04,84.88
2010-06-30,25.66,16.7,21.32,2.83,22.83,0.71,2.79,75.71
2010-07-01,27.54,16.5,22.47,3.41,24.44,0.7,2.06,75.39
2010-07-02,29.26,17.48,23.55,0.44,23.49,0.69,2.61,74.09
2010-07-03,23.6,18.4,20.96,8.04,23.16,0.7,2.46,82.2
2010-07-04,28.67,16.24,22.52,0.19,26.57,0.7,1.82,69.18
2010-07-05,27.72,16.84,22.13,0.07,27.4,0.69,2.41,66.37
2010-07-06,28.75,17.24,22.77,0.01,28.48,0.68,2.23,61.38
2010-07-07,28.99,15.39,22.42,0.0,26.46,0.67,3.21,62.58
2010-07-08,18.02,14.75,16.19,38.55,7.26,0.7,4.44,83.78
2010-07-09,21.55,14.71,18.15,20.63,12.53,0.75,5.64,88.7
2010-07-10,23.87,16.48,19.8,0.91,12.2,0.75,4.11,85.46
2010-07-11,27.12,15.12,21.93,0.4,26.18,0.73,2.13,77.25
2010-07-12,28.59,17.38,23.69,0.54,25.34,0.72,1.27,74.4
2010-07-13,29.49,17.53,24.5,0.04,27.84,0.71,1.78,70.49
2010-07-14,30.0,18.45,24.71,0.74,26.07,0.7,2.45,71.88
2010-07-15,28.72,18.99,24.12,1.57,21.71,0.7,2.89,76.18
2010-07-16,30.06,18.66,24.26,2.16,27.53,0.69,3.57,75.48
2010-07-17,30.9,17.58,24.05,0.0,28.99,0.69,3.1,69.7
2010-07-18,31.16,17.56,24.07,0.09,27.7,0.68,2.97,65.74
2010-07-19,32.0,17.33,24.77,0.07,27.7,0.67,3.45,59.56
2010-07-20,28.2,19.21,23.0,0.91,19.52,0.67,3.66,73.59
2010-07-21,30.31,18.39,24.38,2.7,23.19,0.67,3.53,73.1
2010-07-22,32.83,18.85,25.81,0.09,23.97,0.67,3.35,67.27
2010-07-23,32.82,19.88,25.94,0.15,25.46,0.66,3.25,66.99
2010-07-24,32.97,19.24,25.97,0.0,27.79,0.66,1.9,62.35
2010-07-25,30.45,18.61,24.6,1.47,20.04,0.65,2.25,65.19
2010-07-26,29.43,19.24,23.5,16.21,12.61,0.66,2.71,78.86
2010-07-27,27.7,18.0,22.56,1.88,23.44,0.68,1.74,74.14
2010-07-28,26.9,16.11,21.36,0.31,25.71,0.67,2.74,67.17
2010-07-29,28.93,14.17,21.63,0.0,27.73,0.67,2.53,61.31
2010-07-30,29.46,15.23,22.15,0.0,26.67,0.66,3.39,68.61
2010-07-31,32.64,17.6,25.11,0.0,15.05,0.66,3.04,74.98
2010-08-01,33.97,19.63,26.59,0.0,23.42,0.65,2.81,67.08
2010-08-02,34.03,19.76,26.61,0.0,24.8,0.65,3.63,64.91
2010-08-03,34.83,21.23,27.18,0.0,25.64,0.64,3.5,60.45
2010-08-04,35.25,19.53,26.82,0.0,26.25,0.64,3.16,60.34
2010-08-05,31.64,20.16,25.78,0.01,18.32,0.64,2.27,71.47
2010-08-06,36.64,20.78,28.32,0.0,25.02,0.63,2.14,63.58
2010-08-07,37.02,21.34,28.85,0.0,24.37,0.63,1.58,59.42
2010-08-08,35.1,21.92,28.04,0.02,22.31,0.63,2.73,63.47
2010-08-09,35.02,21.16,27.42,0.06,24.11,0.62,4.17,57.23
2010-08-10,35.39,21.05,27.22,0.0,24.83,0.62,3.82,54.07
2010-08-11,36.71,20.2,27.79,0.0,25.27,0.62,3.22,52.36
2010-08-12,37.69,20.71,28.65,0.0,25.18,0.61,3.12,54.41
2010-08-13,37.04,21.44,28.47,0.0,24.8,0.61,2.91,59.64
2010-08-14,36.34,21.53,28.32,0.0,24.98,0.61,3.39,63.78
2010-08-15,36.62,21.43,28.14,0.0,24.57,0.61,2.89,55.86
2010-08-16,36.29,19.94,27.3,0.0,23.39,0.61,3.2,59.54
2010-08-17,37.6,20.86,28.78,0.09,22.83,0.61,2.11,54.16
2010-08-18,33.62,21.31,26.67,1.24,22.41,0.61,3.09,57.89
2010-08-19,35.5,21.18,27.67,0.0,24.19,0.61,1.77,44.49
2010-08-20,33.83,20.43,26.81,0.0,22.5,0.6,3.13,50.19
2010-08-21,29.42,17.86,23.62,0.0,20.45,0.6,4.04,55.91
2010-08-22,28.35,16.62,21.82,0.0,22.49,0.6,5.46,55.41
2010-08-23,30.06,16.58,22.44,0.0,19.01,0.6,4.2,57.85
2010-08-24,32.1,14.53,22.69,0.0,25.34,0.6,2.59,61.56
2010-08-25,34.9,15.44,24.95,0.0,23.93,0.6,1.85,52.82
2010-08-26,32.42,19.6,25.1,0.0,22.1,0.6,3.94,57.79
2010-08-27,34.62,17.64,25.69,0.0,23.88,0.6,1.71,55.06
2010-08-28,37.09,17.32,27.09,0.0,23.3,0.6,2.52,47.52
2010-08-29,32.72,19.96,25.74,0.0,22.41,0.6,4.31,51.7
2010-08-30,28.64,17.94,22.72,0.01,12.45,0.6,3.63,65.52
2010-08-31,32.09,14.06,23.28,2.97,18.66,0.6,3.65,67.15
2010-09-01,23.72,11.6,16.73,9.4,19.07,0.62,4.93,53.49
2010-09-02,24.77,9.85,16.9,0.0,24.05,0.62,3.72,55.92
2010-09-03,27.07,11.91,18.9,0.0,23.2,0.62,1.6,50.81
2010-09-04,27.25,13.42,19.9,4.4,19.44,0.61,3.41,64.09
2010-09-05,25.07,14.69,19.33,6.64,17.28,0.63,2.99,75.68
2010-09-06,25.76,12.84,19.02,0.0,16.95,0.63,2.9,69.93
2010-09-07,27.3,13.38,19.82,0.0,20.88,0.62,2.05,68.1
2010-09-08,30.09,13.2,21.03,0.0,21.96,0.62,2.16,64.14
2010-09-09,30.48,14.1,21.68,0.0,21.89,0.62,3.15,64.32
2010-09-10,25.75,16.15,20.01,0.21,14.99,0.62,6.18,76.24
2010-09-11,23.33,15.38,18.46,0.02,9.94,0.61,5.61,67.67
2010-09-12,20.85,14.67,17.2,2.19,7.69,0.62,4.65,76.98
2010-09-13,25.92,12.15,18.57,0.0,19.43,0.62,3.35,58.03
2010-09-14,27.08,11.89,19.22,0.0,16.74,0.61,2.7,59.2
2010-09-15,27.98,13.6,19.93,0.0,19.97,0.61,2.35,55.37
2010-09-16,29.45,14.54,20.71,0.0,20.84,0.61,1.0,50.74
2010-09-17,30.66,13.62,21.39,0.0,20.67,0.61,1.4,59.35
2010-09-18,32.31,14.99,23.01,0.0,19.24,0.61,2.25,53.05
2010-09-19,31.7,17.17,23.79,0.0,17.64,0.6,2.13,46.24
2010-09-20,23.29,15.06,19.17,3.12,13.85,0.6,3.28,67.94
2010-09-21,23.81,10.55,16.61,1.07,19.23,0.61,3.9,64.73
2010-09-22,23.16,9.67,15.52,0.0,19.75,0.61,3.99,61.65
2010-09-23,22.95,10.61,16.23,0.0,16.96,0.61,4.87,69.88
2010-09-24,22.58,12.84,17.13,0.0,10.39,0.61,3.86,73.12
2010-09-25,26.83,13.71,19.93,0.0,11.93,0.61,3.09,71.72
2010-09-26,28.21,17.54,21.47,3.67,13.12,0.61,5.42,74.64
2010-09-27,27.67,16.47,21.38,0.01,15.99,0.61,3.9,67.22
2010-09-28,28.78,14.28,20.6,0.0,18.01,0.61,3.45,60.49
2010-09-29,24.66,13.71,18.61,12.39,9.87,0.61,3.12,78.39
2010-09-30,21.43,9.65,14.76,0.95,15.69,0.63,3.71,66.76
2010-10-01,19.98,6.9,13.3,0.0,16.24,0.63,2.41,61.45
2010-10-02,20.01,8.96,13.76,0.0,14.86,0.62,2.19,66.54
2010-10-03,17.84,6.78,11.61,1.25,8.36,0.62,3.18,78.8
2010-10-04,17.37,8.05,11.74,1.09,8.38,0.62,3.32,76.5
2010-10-05,18.27,8.05,12.87,0.27,9.88,0.62,2.86,75.82
2010-10-06,14.39,10.06,11.68,9.74,5.53,0.63,3.87,84.86
2010-10-07,15.18,5.35,10.55,1.92,9.0,0.64,5.79,75.65
2010-10-08,8.5,1.64,5.11,0.29,10.52,0.64,6.81,75.67
2010-10-09,12.96,2.54,7.35,0.43,13.78,0.64,4.18,70.06
2010-10-10,15.34,4.68,9.32,0.08,13.77,0.63,2.83,70.49
2010-10-11,16.47,5.34,10.27,0.0,12.12,0.63,1.89,71.06
2010-10-12,16.74,8.16,12.0,1.15,5.36,0.63,1.61,84.81
2010-10-13,20.09,9.43,14.25,4.56,5.85,0.63,1.49,84.93
2010-10-14,14.42,11.29,12.64,14.44,3.49,0.66,4.91,90.86
2010-10-15,15.9,9.95,12.52,4.53,3.89,0.67,3.0,86.18
2010-10-16,17.35,8.72,12.67,2.08,3.39,0.67,2.58,91.15
2010-10-17,20.75,11.41,14.98,0.52,7.69,0.66,1.99,84.38
2010-10-18,17.6,11.4,14.74,14.31,3.9,0.67,3.92,93.74
2010-10-19,22.37,13.88,16.71,5.67,11.08,0.69,5.38,85.96
2010-10-20,20.02,13.07,15.43,6.45,9.63,0.7,4.66,86.46
2010-10-21,19.59,8.16,13.47,0.08,10.71,0.69,3.42,75.57
2010-10-22,13.86,3.2,7.7,0.0,13.71,0.69,3.71,71.24
2010-10-23,15.61,1.44,7.48,0.08,14.75,0.68,2.3,78.74
2010-10-24,17.92,6.61,10.96,0.0,10.2,0.68,1.69,83.35
2010-10-25,16.98,7.02,11.37,0.39,9.54,0.68,2.3,84.44
2010-10-26,18.35,8.76,13.02,1.53,9.35,0.68,2.59,94.75
2010-10-27,12.4,7.58,9.62,12.53,2.93,0.68,4.9,92.39
2010-10-28,7.0,3.76,5.91,12.2,2.31,0.72,8.19,85.45
2010-10-29,9.39,0.89,3.93,0.56,12.7,0.72,4.6,67.0
2010-10-30,11.78,-0.5,4.54,0.0,13.13,0.71,1.53,72.75
2010-10-31,15.47,1.35,7.41,0.0,13.15,0.71,1.77,85.52
2010-11-01,16.18,5.23,8.89,0.0,12.58,0.71,1.31,85.41
2010-11-02,16.8,4.47,9.32,0.02,10.45,0.71,1.27,82.01
2010-11-03,16.07,4.59,8.95,0.07,6.87,0.7,1.99,86.83
2010-11-04,21.27,5.57,12.35,0.04,9.37,0.7,1.64,76.44
2010-11-05,21.78,8.25,13.5,0.02,11.37,0.7,1.99,75.36
2010-11-06,21.47,6.77,12.78,0.02,11.16,0.7,2.34,76.71
2010-11-07,20.52,7.85,12.17,0.0,10.56,0.7,2.43,83.61
2010-11-08,18.52,8.94,14.56,0.02,7.42,0.7,6.68,90.85
2010-11-09,20.8,15.47,17.46,0.93,5.39,0.7,9.77,82.56
2010-11-10,21.7,15.76,17.89,0.0,7.43,0.69,9.51,82.78
2010-11-11,21.77,15.27,17.64,0.0,7.53,0.69,5.68,85.39
2010-11-12,16.99,11.41,14.49,0.14,5.57,0.69,3.15,95.0
2010-11-13,20.81,9.78,13.98,0.0,8.56,0.69,1.72,82.71
2010-11-14,22.77,10.6,15.17,0.0,9.8,0.69,1.39,76.17
2010-11-15,24.03,11.1,15.17,0.07,8.63,0.69,1.9,70.69
2010-11-16,19.95,9.62,13.47,0.05,8.37,0.69,1.55,82.7
2010-11-17,18.64,8.74,12.8,0.25,7.08,0.69,2.83,90.53
2010-11-18,18.34,8.39,13.23,4.88,9.15,0.69,4.06,85.41
2010-11-19,18.3,7.59,11.88,0.0,8.39,0.69,2.5,86.02
2010-11-20,16.97,8.24,11.82,0.0,8.84,0.69,1.84,84.67
2010-11-21,16.14,5.43,9.85,0.04,5.17,0.69,1.75,85.67
2010-11-22,13.73,6.23,9.26,0.01,3.89,0.69,3.37,89.2
2010-11-23,17.83,8.22,12.29,9.81,5.91,0.7,6.21,87.18
2010-11-24,15.6,7.27,10.76,0.91,9.21,0.71,4.77,82.16
2010-11-25,12.98,5.51,8.26,0.78,8.65,0.7,1.78,85.74
2010-11-26,14.21,5.66,10.71,5.14,2.78,0.7,5.29,94.18
2010-11-27,15.65,10.46,13.05,3.23,2.94,0.71,4.05,93.29
2010-11-28,16.43,8.87,12.34,9.66,3.26,0.72,3.96,94.27
2010-11-29,19.12,13.85,15.97,0.31,6.85,0.73,7.48,89.99
2010-11-30,19.08,11.17,13.74,0.01,3.88,0.72,2.94,87.48
2010-12-01,18.16,13.23,15.61,0.06,4.15,0.72,5.87,92.7
2010-12-02,20.55,15.93,17.42,0.04,6.35,0.72,6.91,88.38
2010-12-03,19.64,13.94,15.82,0.07,7.41,0.72,6.2,82.44
2010-12-04,18.39,13.7,15.76,2.69,5.08,0.72,6.43,89.94
2010-12-05,9.25,-1.44,2.78,1.06,6.46,0.72,4.99,77.02
2010-12-06,8.5,-1.5,2.47,0.0,8.74,0.72,2.26,81.15
2010-12-07,12.34,1.61,5.67,0.0,7.19,0.72,2.95,92.98
2010-12-08,15.52,6.2,9.85,0.06,5.3,0.72,3.54,94.09
2010-12-09,16.34,8.69,11.82,0.18,5.46,0.72,4.25,95.76
2010-12-10,11.31,-0.52,2.66,4.31,2.67,0.72,6.5,67.35
2010-12-11,-0.51,-4.95,-2.06,0.11,4.71,0.72,6.96,72.04
2010-12-12,1.79,-6.32,-3.13,0.0,8.87,0.72,3.06,68.86
2010-12-13,1.0,-2.25,-0.74,2.64,1.38,0.72,3.19,89.87
2010-12-14,3.55,-2.72,-0.61,2.09,5.62,0.72,2.96,85.91
2010-12-15,-0.99,-4.88,-3.04,2.62,3.69,0.72,3.31,75.78
2010-12-16,0.79,-4.59,-1.66,11.31,1.22,0.72,6.59,86.51
2010-12-17,-1.2,-8.4,-4.35,10.35,3.06,0.73,4.54,92.05
2010-12-18,4.23,-9.86,-2.19,0.58,4.41,0.74,4.51,94.66
2010-12-19,4.55,-3.69,0.52,1.3,6.7,0.76,3.62,84.93
2010-12-20,8.44,-2.28,3.44,0.04,3.06,0.75,3.18,97.92
2010-12-21,15.0,7.1,9.94,0.05,5.03,0.76,4.42,96.44
2010-12-22,15.87,7.74,10.38,0.02,6.97,0.75,4.05,93.6
2010-12-23,15.5,7.37,10.28,0.09,5.13,0.75,3.59,93.46
2010-12-24,15.87,9.54,12.0,0.45,5.25,0.75,5.44,92.62
2010-12-25,17.43,9.37,12.66,2.15,4.64,0.75,6.49,86.98
2010-12-26,10.49,4.31,8.02,4.06,3.4,0.75,3.36,91.88
2010-12-27,6.01,2.33,4.44,9.24,2.19,0.77,4.2,93.29
2010-12-28,1.55,-7.47,-1.54,11.04,2.22,0.77,5.15,87.11
2010-12-29,0.32,-8.68,-5.57,0.0,4.71,0.77,3.5,90.06
2010-12-30,0.29,-8.72,-5.59,0.0,8.89,0.77,2.61,87.05
2010-12-31,3.07,-7.04,-3.0,0.0,8.75,0.77,1.27,74.33
2011-01-01,4.57,-5.32,-1.31,0.0,8.73,0.77,2.26,86.62
2011-01-02,5.24,-0.83,1.54,0.21,4.98,0.77,1.87,97.67
2011-01-03,1.08,-2.59,-0.23,11.61,1.92,0.77,5.02,95.36
2011-01-04,-0.17,-7.21,-4.23,0.4,4.9,0.77,5.08,89.83
2011-01-05,1.93,-6.88,-2.46,0.43,5.5,0.78,3.3,92.8
2011-01-06,2.48,-6.12,-2.56,1.96,7.98,0.78,2.73,92.21
2011-01-07,4.5,-3.15,-0.39,1.31,8.66,0.78,1.47,86.06
2011-01-08,6.56,-2.64,0.78,0.0,8.39,0.79,2.45,94.0
2011-01-09,6.11,1.01,2.5,0.1,6.22,0.79,1.65,97.63
2011-01-10,6.73,0.84,2.87,0.03,6.26,0.79,1.31,97.72
2011-01-11,9.97,2.23,4.36,0.02,4.75,0.79,1.95,93.85
2011-01-12,8.77,2.4,4.94,0.0,3.5,0.79,1.26,93.65
2011-01-13,6.71,2.63,4.18,0.0,3.41,0.79,1.7,95.32
2011-01-14,10.54,2.47,5.3,0.0,5.31,0.79,2.22,90.77
2011-01-15,13.07,2.05,6.4,1.92,6.66,0.79,2.44,92.81
2011-01-16,9.95,2.27,5.99,12.85,3.63,0.81,5.54,87.14
2011-01-17,7.11,-2.35,1.54,0.0,8.93,0.8,3.01,84.65
2011-01-18,9.79,-0.9,2.89,0.0,8.9,0.8,0.99,84.41
2011-01-19,9.51,-0.58,2.88,0.0,6.94,0.8,1.13,89.29
2011-01-20,6.67,0.76,2.95,0.02,4.26,0.8,2.0,91.05
2011-01-21,7.44,2.02,5.01,1.47,3.65,0.8,2.23,96.66
2011-01-22,10.42,5.5,7.44,7.59,5.09,0.81,3.25,94.36
2011-01-23,11.3,-1.64,5.5,5.28,8.49,0.82,4.12,86.84
2011-01-24,1.46,-2.28,-0.92,3.3,3.04,0.81,3.23,87.75
2011-01-25,-1.1,-4.61,-2.7,6.64,2.19,0.81,5.77,90.36
2011-01-26,1.85,-7.57,-3.13,0.11,5.61,0.81,2.4,87.27
2011-01-27,4.05,-5.29,-1.97,0.0,7.68,0.82,2.08,85.07
2011-01-28,3.1,-3.91,-0.74,0.03,4.26,0.82,4.95,92.31
2011-01-29,1.12,-5.44,-2.0,0.14,7.29,0.82,6.69,87.84
2011-01-30,2.09,-7.12,-3.33,0.0,11.31,0.82,2.46,74.21
2011-01-31,0.76,-7.04,-3.54,0.0,10.77,0.82,2.57,81.04
2011-02-01,0.66,-8.63,-4.63,0.0,11.63,0.82,3.11,83.36
2011-02-02,4.43,-7.74,-2.52,0.0,12.1,0.81,1.53,77.0
2011-02-03,1.67,-7.97,-3.47,0.0,9.5,0.81,4.16,86.14
2011-02-04,3.49,-5.03,-1.86,0.0,11.13,0.81,4.49,89.06
2011-02-05,6.93,-6.2,-0.17,0.0,12.18,0.81,2.49,82.52
2011-02-06,11.96,-0.66,3.69,0.0,12.35,0.81,3.35,77.42
2011-02-07,12.23,-1.58,4.07,0.0,12.3,0.81,2.01,81.98
2011-02-08,13.56,0.53,5.17,0.0,11.98,0.81,2.48,84.3
2011-02-09,10.17,-0.59,3.67,0.0,12.3,0.81,3.31,72.16
2011-02-10,8.2,-2.86,1.6,0.0,12.85,0.81,2.97,75.29
2011-02-11,8.55,-3.05,1.9,0.0,13.08,0.81,3.51,83.58
2011-02-12,14.66,-2.11,5.5,0.0,13.15,0.81,4.75,74.53
2011-02-13,8.21,-4.58,1.45,0.0,11.83,0.8,2.2,75.96
2011-02-14,8.4,-1.75,2.56,0.03,9.23,0.8,2.41,83.64
2011-02-15,3.21,-3.89,-0.43,0.07,3.59,0.8,4.24,83.84
2011-02-16,3.08,-4.33,-1.49,0.02,7.87,0.8,2.87,83.12
2011-02-17,6.57,-3.46,1.38,0.09,6.23,0.8,2.76,88.42
2011-02-18,10.2,3.05,5.96,0.69,6.22,0.8,2.27,97.65
2011-02-19,8.32,3.1,5.61,14.78,3.44,0.82,6.26,93.96
2011-02-20,2.86,-3.1,0.19,0.89,6.16,0.82,4.8,90.33
2011-02-21,4.24,-3.93,-0.44,0.0,11.71,0.82,2.65,88.44
2011-02-22,2.23,-1.29,0.48,6.38,3.22,0.82,3.83,96.8
2011-02-23,5.52,0.01,1.93,5.35,3.34,0.83,5.0,92.87
2011-02-24,1.5,-2.65,-0.54,5.69,3.99,0.83,7.09,90.73
2011-02-25,1.37,-3.11,-1.55,2.03,2.33,0.83,7.89,88.1
2011-02-26,-0.4,-6.33,-3.73,0.58,8.14,0.83,6.74,81.36
2011-02-27,0.63,-6.74,-3.91,0.01,7.28,0.83,4.41,79.32
2011-02-28,3.18,-6.2,-2.3,0.01,5.82,0.83,3.51,85.59
2011-03-01,2.28,-5.07,-2.35,0.0,6.49,0.83,3.93,81.78
2011-03-02,2.26,-4.9,-1.69,0.68,4.89,0.83,4.79,86.28
2011-03-03,4.42,-1.31,0.62,0.25,6.57,0.83,4.2,87.42
2011-03-04,5.85,-3.65,0.12,0.18,6.98,0.83,3.12,84.74
2011-03-05,7.68,-3.5,1.32,0.0,13.26,0.83,1.1,76.58
2011-03-06,6.38,-0.63,2.08,0.49,7.1,0.83,2.59,81.77
2011-03-07,3.16,-2.55,-0.17,0.21,6.76,0.83,6.91,73.03
2011-03-08,0.2,-4.61,-2.28,0.05,12.83,0.82,8.86,72.85
2011-03-09,-0.14,-4.81,-2.76,0.12,13.07,0.82,7.76,72.54
2011-03-10,3.95,-3.98,-0.69,0.13,9.17,0.82,4.11,75.36
2011-03-11,10.47,-3.59,2.76,0.0,18.6,0.82,2.18,64.27
2011-03-12,14.54,-0.06,5.51,0.0,18.07,0.82,2.24,70.59
2011-03-13,15.27,-0.04,6.5,0.0,18.87,0.81,3.84,75.45
2011-03-14,17.36,0.52,7.52,0.0,18.87,0.81,3.67,81.36
2011-03-15,17.13,3.49,9.44,0.02,17.39,0.81,3.44,82.39
2011-03-16,19.13,5.79,10.97,0.0,18.25,0.81,3.28,84.06
2011-03-17,17.76,7.17,10.92,0.71,6.59,0.8,4.56,88.38
2011-03-18,16.58,6.61,10.32,5.34,6.99,0.8,2.09,87.49
2011-03-19,7.72,3.91,5.73,2.26,5.71,0.81,4.3,91.16
2011-03-20,6.56,0.35,3.69,1.51,4.42,0.81,5.45,89.86
2011-03-21,8.3,-0.34,3.09,0.09,7.0,0.81,6.08,81.03
2011-03-22,6.77,-3.08,1.36,0.0,18.98,0.81,4.86,76.65
2011-03-23,12.19,-3.16,4.74,0.02,15.63,0.81,2.82,76.22
2011-03-24,15.19,2.26,8.31,0.01,20.12,0.8,3.56,72.56
2011-03-25,17.91,1.63,9.5,0.0,21.16,0.8,3.3,73.69
2011-03-26,20.25,5.05,11.5,0.0,20.94,0.79,4.78,75.86
2011-03-27,16.98,5.71,11.21,2.63,12.71,0.79,3.49,82.58
2011-03-28,14.96,4.94,8.93,0.0,11.34,0.79,2.74,86.2
2011-03-29,15.67,7.26,10.66,3.35,8.28,0.79,3.96,91.54
2011-03-30,13.4,5.24,9.94,3.05,13.38,0.8,1.89,89.25
2011-03-31,16.41,2.83,9.37,0.06,16.23,0.8,3.12,80.59
2011-04-01,10.55,6.69,8.0,0.94,7.09,0.8,4.42,89.63
2011-04-02,9.03,5.87,7.27,18.21,4.24,0.81,6.07,93.09
2011-04-03,8.36,3.78,5.53,7.27,6.41,0.83,5.09,88.34
2011-04-04,12.15,2.93,6.47,0.46,16.71,0.83,2.63,85.59
2011-04-05,16.1,3.17,8.83,0.0,17.53,0.82,1.63,83.34
2011-04-06,12.27,4.57,8.34,0.0,9.65,0.82,3.38,85.46
2011-04-07,17.93,4.75,11.09,0.0,21.22,0.81,2.63,74.43
2011-04-08,19.61,7.94,13.13,0.08,12.15,0.81,5.01,71.57
2011-04-09,19.12,5.2,12.11,0.16,16.03,0.8,5.21,65.96
2011-04-10,13.29,4.76,8.75,0.14,21.79,0.8,4.32,65.81
2011-04-11,8.91,2.32,5.6,1.24,16.01,0.8,3.43,69.53
2011-04-12,13.36,0.7,7.7,0.0,14.62,0.79,2.52,66.55
2011-04-13,18.62,6.52,12.56,0.49,16.1,0.79,5.32,79.87
2011-04-14,12.03,2.64,7.53,17.5,9.48,0.81,5.13,82.43
2011-04-15,13.33,0.58,7.12,0.0,16.89,0.81,3.56,71.11
2011-04-16,13.19,1.81,7.13,0.0,18.65,0.81,2.97,74.67
2011-04-17,13.01,1.1,6.87,0.12,20.9,0.8,4.48,67.98
2011-04-18,9.73,2.96,5.32,4.02,3.76,0.8,6.33,80.96
2011-04-19,11.55,2.38,6.89,2.93,6.76,0.8,3.88,86.1
2011-04-20,14.94,1.44,9.1,1.81,17.51,0.81,5.2,72.07
2011-04-21,15.6,-0.04,7.17,0.0,24.98,0.8,3.25,59.0
2011-04-22,14.33,-1.39,6.13,0.0,27.51,0.79,3.52,69.41
2011-04-23,14.13,1.54,7.07,0.0,26.18,0.79,3.47,72.13
2011-04-24,15.55,-0.41,7.52,0.0,27.28,0.79,3.35,75.56
2011-04-25,13.54,3.16,7.82,0.0,14.91,0.78,3.37,81.77
2011-04-26,16.77,3.64,9.65,0.02,23.37,0.78,3.44,76.24
2011-04-27,13.09,5.38,8.57,1.99,5.98,0.78,2.87,89.88
2011-04-28,12.54,6.55,8.97,2.29,8.89,0.78,2.35,91.68
2011-04-29,16.72,6.82,11.86,0.04,16.71,0.78,2.5,83.11
2011-04-30,18.76,9.17,13.61,0.62,20.83,0.78,1.84,81.57
2011-05-01,17.71,9.12,13.28,0.09,13.61,0.78,3.06,85.46
2011-05-02,20.99,9.54,15.61,1.59,20.84,0.77,2.61,79.63
2011-05-03,19.51,11.12,15.01,9.83,11.22,0.78,2.47,84.31
2011-05-04,18.74,11.71,14.75,2.56,13.09,0.79,2.91,86.96
2011-05-05,15.7,8.99,12.42,4.2,13.71,0.78,3.28,84.75
2011-05-06,15.89,4.64,10.6,3.93,21.21,0.79,3.59,73.22
2011-05-07,17.67,2.11,10.39,0.08,28.45,0.78,2.88,66.85
2011-05-08,11.67,6.51,8.72,2.57,11.27,0.78,2.78,85.41
2011-05-09,16.4,6.31,10.85,0.07,17.97,0.78,3.22,73.99
2011-05-10,19.58,7.26,12.76,0.02,24.85,0.77,3.75,74.87
2011-05-11,17.56,6.21,12.02,0.21,21.3,0.77,3.93,76.6
2011-05-12,16.8,7.99,11.86,0.67,18.3,0.76,3.51,78.14
2011-05-13,20.72,5.79,13.88,0.11,20.92,0.76,2.81,72.75
2011-05-14,22.09,8.49,16.09,0.49,24.41,0.75,2.06,70.75
2011-05-15,24.01,9.23,16.88,0.0,27.29,0.75,2.9,71.18
2011-05-16,25.66,10.68,17.77,0.09,28.61,0.74,3.79,66.21
2011-05-17,25.03,10.88,17.2,0.08,25.38,0.73,3.18,67.79
2011-05-18,20.54,10.05,14.41,0.24,22.54,0.72,3.94,71.52
2011-05-19,20.2,9.9,14.64,0.31,12.45,0.72,2.92,77.92
2011-05-20,24.01,9.72,17.01,0.56,21.94,0.72,3.06,73.61
2011-05-21,25.03,11.24,18.41,0.0,26.69,0.71,2.79,69.67
2011-05-22,25.1,11.77,18.42,0.63,25.35,0.71,2.75,71.39
2011-05-23,25.92,11.72,18.56,0.01,26.67,0.7,2.52,67.99
2011-05-24,25.86,12.01,18.91,0.02,27.02,0.7,2.78,67.01
2011-05-25,26.21,11.26,18.62,0.05,25.8,0.69,2.9,70.57
2011-05-26,25.69,12.52,18.57,0.09,27.97,0.69,4.67,71.5
2011-05-27,23.56,12.0,17.52,0.0,23.17,0.68,4.69,73.85
2011-05-28,23.11,11.91,17.0,0.0,23.33,0.68,3.43,72.85
2011-05-29,24.8,10.63,17.73,0.02,26.59,0.68,2.64,68.05
2011-05-30,21.42,12.11,16.23,0.45,20.19,0.67,2.93,77.96
2011-05-31,23.84,10.57,18.04,0.22,20.94,0.67,1.78,75.13
2011-06-01,23.83,13.3,18.78,0.07,21.1,0.67,1.49,75.86
2011-06-02,26.6,12.7,20.42,3.94,24.32,0.67,2.02,71.11
2011-06-03,25.59,14.66,20.14,2.86,17.24,0.67,3.11,73.56
2011-06-04,28.33,12.37,21.06,0.1,27.44,0.67,2.51,59.42
2011-06-05,28.42,14.8,21.63,1.99,24.54,0.67,2.39,62.65
2011-06-06,27.74,13.48,20.38,0.0,28.77,0.66,2.95,62.36
2011-06-07,28.24,11.54,19.99,0.0,29.23,0.66,2.61,61.9
2011-06-08,31.08,13.11,22.28,0.0,26.72,0.65,2.45,59.38
2011-06-09,33.16,16.75,24.45,2.49,26.78,0.65,3.31,55.36
2011-06-10,27.91,16.21,21.5,2.88,22.61,0.65,3.51,59.62
2011-06-11,23.73,15.43,18.91,0.41,13.69,0.65,3.26,72.93
2011-06-12,21.51,14.01,18.29,7.33,7.54,0.66,1.55,79.66
2011-06-13,23.39,13.0,18.66,2.36,19.83,0.66,2.14,74.56
2011-06-14,24.59,14.03,19.68,1.63,20.56,0.66,2.02,69.71
2011-06-15,26.52,13.16,19.87,0.37,24.31,0.66,3.14,66.87
2011-06-16,27.63,13.1,20.95,0.27,24.83,0.65,2.7,60.96
2011-06-17,29.98,15.52,22.39,0.0,26.87,0.65,2.18,55.93
2011-06-18,30.75,16.02,23.13,0.0,29.17,0.64,1.74,52.77
2011-06-19,32.27,14.58,23.92,0.0,28.35,0.64,2.56,55.22
2011-06-20,28.79,16.57,22.5,0.0,21.59,0.64,3.39,60.17
2011-06-21,29.44,13.37,21.62,0.0,28.72,0.63,2.12,52.37
2011-06-22,30.08,13.69,21.72,0.0,30.89,0.63,2.67,56.62
2011-06-23,32.17,15.25,23.52,0.0,28.82,0.63,2.65,47.85
2011-06-24,32.6,15.52,23.7,0.0,28.24,0.62,2.69,54.17
2011-06-25,30.33,14.88,21.76,5.28,22.32,0.62,3.98,65.26
2011-06-26,23.84,12.5,18.1,1.74,26.02,0.63,4.4,57.39
2011-06-27,24.26,11.86,18.41,0.05,24.25,0.63,4.0,46.92
2011-06-28,25.65,11.6,18.68,2.39,20.87,0.63,3.01,52.62
2011-06-29,22.56,13.06,17.81,0.39,18.55,0.63,1.67,68.09
2011-06-30,26.21,13.99,20.67,5.32,20.99,0.63,2.39,64.56
2011-07-01,25.58,15.6,19.88,6.42,16.65,0.63,2.65,78.81
2011-07-02,28.37,13.35,21.17,0.02,27.49,0.64,2.24,58.16
2011-07-03,28.39,14.55,20.44,7.49,22.76,0.64,3.65,71.37
2011-07-04,27.42,12.29,20.34,1.58,29.32,0.65,2.29,59.77
2011-07-05,31.08,17.95,24.35,0.06,26.43,0.64,1.88,50.21
2011-07-06,26.6,17.3,21.33,3.7,17.98,0.64,1.74,73.93
2011-07-07,30.8,14.3,23.16,0.0,28.25,0.64,2.24,58.15
2011-07-08,33.43,18.37,25.45,0.0,28.55,0.63,1.68,51.75
2011-07-09,33.58,17.51,24.97,0.0,29.83,0.63,2.81,52.5
2011-07-10,34.74,16.83,25.61,0.0,28.69,0.62,3.33,49.24
2011-07-11,32.78,17.54,24.88,0.0,29.92,0.62,3.56,56.63
2011-07-12,33.53,16.62,25.01,0.02,27.56,0.62,3.13,53.13
2011-07-13,31.44,17.57,24.59,1.01,26.57,0.61,3.57,57.02
2011-07-14,32.97,18.14,24.97,0.0,26.89,0.61,3.36,62.69
2011-07-15,34.39,17.75,25.79,0.0,27.63,0.61,2.88,55.15
2011-07-16,35.39,18.56,26.9,0.0,29.24,0.61,2.42,44.19
2011-07-17,37.23,20.13,28.22,1.46,28.06,0.61,1.97,45.57
2011-07-18,35.52,18.69,27.24,0.17,27.8,0.61,2.07,49.48
2011-07-19,36.01,19.79,28.09,0.0,27.27,0.61,2.36,47.94
2011-07-20,38.25,20.1,29.39,0.07,27.38,0.6,2.77,42.6
2011-07-21,31.67,19.77,25.57,0.13,23.7,0.6,3.97,47.27
2011-07-22,33.47,17.7,25.67,0.29,23.14,0.6,1.9,41.64
2011-07-23,32.17,18.5,25.65,0.19,25.33,0.6,2.38,50.13
2011-07-24,34.54,18.82,26.06,0.26,26.33,0.6,2.91,55.17
2011-07-25,34.76,18.09,26.2,0.41,26.73,0.6,2.81,59.12
2011-07-26,34.01,20.06,26.54,2.5,25.85,0.6,3.4,57.94
2011-07-27,34.05,19.39,26.91,0.0,25.39,0.6,1.87,49.55
2011-07-28,34.62,20.24,27.23,0.0,24.64,0.6,3.12,50.02
2011-07-29,32.35,18.46,25.3,0.0,26.71,0.6,3.03,51.05
2011-07-30,31.77,18.01,24.98,5.84,22.48,0.6,2.63,55.8
2011-07-31,32.17,16.93,24.41,0.0,26.41,0.61,2.56,49.07
2011-08-01,33.24,18.06,25.33,0.66,24.26,0.61,1.26,55.49
2011-08-02,28.62,18.8,22.54,2.32,17.46,0.61,2.35,63.9
2011-08-03,29.83,17.34,23.66,0.95,21.12,0.61,2.92,59.67
2011-08-04,32.08,16.35,24.29,0.0,25.93,0.61,2.18,56.96
2011-08-05,27.09,18.41,22.61,1.4,18.76,0.61,3.34,64.85
2011-08-06,28.76,16.88,22.27,0.0,23.63,0.61,4.07,58.33
2011-08-07,30.43,14.7,22.28,0.0,27.38,0.6,3.18,57.18
2011-08-08,32.69,15.39,23.49,0.0,26.29,0.6,2.79,56.13
2011-08-09,35.09,15.43,24.53,0.0,26.22,0.6,2.4,54.73
2011-08-10,32.64,16.7,24.28,0.24,24.19,0.6,3.93,60.16
2011-08-11,20.38,15.28,17.44,14.43,8.9,0.62,6.69,75.42
2011-08-12,28.14,13.43,20.32,0.07,24.93,0.62,4.78,54.85
2011-08-13,30.58,13.73,22.06,0.0,25.74,0.62,3.0,54.87
2011-08-14,31.56,15.73,23.61,0.0,24.0,0.62,2.3,56.63
2011-08-15,33.28,17.8,25.07,0.01,23.83,0.61,1.91,51.28
2011-08-16,33.81,19.04,25.83,0.0,23.56,0.61,1.87,49.09
2011-08-17,33.98,18.75,26.13,0.0,22.37,0.61,2.37,50.63
2011-08-18,31.06,18.23,23.94,0.0,21.5,0.61,3.41,58.22
2011-08-19,30.63,16.86,23.09,0.0,24.68,0.6,3.16,51.85
2011-08-20,31.71,15.24,23.02,0.0,25.48,0.6,3.09,56.07
2011-08-21,31.86,16.97,23.59,0.0,23.62,0.6,3.34,56.66
2011-08-22,32.0,14.89,22.97,0.0,25.18,0.6,3.23,54.01
2011-08-23,32.22,15.3,23.29,0.0,24.56,0.6,3.3,56.15
2011-08-24,33.81,16.36,24.68,0.0,24.62,0.6,3.11,50.38
2011-08-25,32.78,17.44,24.14,0.0,24.23,0.6,3.74,56.65
2011-08-26,29.7,15.98,22.05,0.0,23.43,0.6,5.03,65.25
2011-08-27,27.94,15.87,21.11,0.0,20.15,0.6,4.9,59.61
2011-08-28,27.63,14.75,20.54,0.0,21.03,0.6,5.09,62.68
2011-08-29,29.09,14.45,20.71,0.0,20.69,0.6,4.29,61.95
2011-08-30,31.34,11.94,21.94,0.0,25.18,0.6,2.47,44.85
2011-08-31,33.67,14.59,24.65,0.0,23.83,0.6,1.88,32.96
2011-09-01,34.22,18.59,25.71,0.0,18.88,0.6,2.41,37.39
2011-09-02,33.94,16.86,25.3,0.0,18.93,0.6,1.87,49.9
2011-09-03,28.66,17.79,23.04,0.01,16.12,0.6,2.99,57.15
2011-09-04,30.21,15.74,22.26,0.0,21.79,0.6,3.2,61.61
2011-09-05,31.45,14.48,22.25,0.0,22.58,0.6,2.66,60.21
2011-09-06,31.61,14.87,22.31,0.0,21.7,0.6,2.69,58.28
2011-09-07,28.48,14.94,20.99,0.65,20.62,0.6,3.15,61.96
2011-09-08,31.77,15.13,22.82,0.0,20.35,0.6,1.69,55.16
2011-09-09,31.21,18.23,23.91,0.0,16.61,0.6,3.14,46.41
2011-09-10,29.78,14.23,21.82,0.0,21.41,0.6,2.29,44.9
2011-09-11,31.91,14.47,22.63,0.0,22.06,0.6,2.04,53.91
2011-09-12,32.08,14.91,22.44,0.0,21.35,0.6,2.15,48.57
2011-09-13,33.33,13.81,22.77,0.0,22.35,0.6,2.56,53.14
2011-09-14,34.09,16.61,24.37,0.0,22.0,0.6,1.9,41.8
2011-09-15,32.89,16.76,23.88,0.0,21.68,0.6,3.07,42.59
2011-09-16,33.82,17.3,24.2,0.0,20.16,0.59,2.5,55.61
2011-09-17,31.61,17.59,23.52,0.0,17.88,0.59,2.85,65.77
2011-09-18,29.86,16.31,21.85,0.01,19.67,0.59,3.95,65.97
2011-09-19,27.32,14.93,20.25,0.0,17.2,0.59,3.29,69.25
2011-09-20,29.19,13.89,20.73,0.01,16.93,0.59,3.15,67.12
2011-09-21,24.39,16.67,19.31,16.7,8.1,0.6,4.96,76.1
2011-09-22,25.26,14.69,19.25,4.3,8.23,0.63,5.43,73.27
2011-09-23,26.45,11.46,17.75,0.0,19.37,0.63,4.06,58.16
2011-09-24,27.88,11.62,18.96,0.0,18.93,0.63,2.16,62.09
2011-09-25,25.25,12.79,18.28,0.6,15.22,0.62,3.29,74.61
2011-09-26,22.61,11.83,16.19,0.0,18.95,0.62,4.18,69.68
2011-09-27,22.42,11.77,16.38,0.0,12.89,0.62,4.43,67.71
2011-09-28,23.3,11.58,16.94,0.0,14.64,0.62,4.37,70.69
2011-09-29,24.76,10.19,16.78,0.0,17.68,0.62,3.15,71.84
2011-09-30,20.65,9.35,14.99,1.7,14.11,0.62,4.09,69.73
2011-10-01,22.58,9.2,15.36,0.0,11.02,0.62,2.56,66.78
2011-10-02,24.38,11.03,16.73,0.0,15.69,0.61,2.5,69.68
2011-10-03,23.07,9.66,15.58,0.0,14.03,0.61,2.54,66.53
2011-10-04,24.73,9.45,15.78,0.0,17.74,0.61,1.49,61.68
2011-10-05,26.87,10.38,17.44,0.0,15.35,0.61,1.56,54.25
2011-10-06,27.56,12.18,18.3,0.0,14.92,0.61,1.63,52.81
2011-10-07,26.18,11.33,17.9,0.0,15.02,0.61,4.07,55.91
2011-10-08,26.22,14.06,19.39,0.84,14.15,0.61,5.17,70.37
2011-10-09,17.47,7.95,13.99,19.03,7.3,0.63,4.7,81.03
2011-10-10,10.04,5.46,7.39,41.25,2.94,0.66,7.09,88.53
2011-10-11,8.82,4.76,7.23,9.19,5.8,0.72,5.81,89.13
2011-10-12,17.38,3.75,10.93,0.0,9.42,0.71,2.57,78.77
2011-10-13,18.66,10.14,13.7,7.1,10.12,0.7,3.17,83.73
2011-10-14,14.91,6.32,9.91,12.25,8.37,0.72,3.8,75.76
2011-10-15,12.73,3.63,7.78,1.86,5.76,0.72,3.42,79.13
2011-10-16,6.27,1.64,4.15,6.26,5.61,0.72,5.84,86.86
2011-10-17,5.07,1.21,2.73,40.54,2.16,0.75,8.33,93.99
2011-10-18,7.18,0.73,2.89,5.07,7.52,0.78,5.38,81.39
2011-10-19,14.51,0.44,6.53,0.0,14.07,0.77,2.38,72.22
2011-10-20,18.03,3.08,9.14,0.0,14.63,0.76,2.3,80.44
2011-10-21,18.36,4.54,10.08,0.0,13.77,0.76,1.77,79.23
2011-10-22,16.58,5.42,10.16,0.0,12.24,0.76,3.38,87.58
2011-10-23,15.2,7.62,10.88,0.09,7.85,0.75,4.01,84.65
2011-10-24,12.96,9.04,10.54,0.82,6.42,0.75,4.63,90.18
2011-10-25,14.43,7.12,9.94,0.1,5.73,0.75,4.19,83.98
2011-10-26,12.34,4.48,8.53,0.01,5.46,0.75,4.59,84.4
2011-10-27,12.12,4.51,7.26,0.0,6.63,0.75,4.26,78.33
2011-10-28,12.43,6.17,8.17,0.0,8.95,0.75,3.8,81.05
2011-10-29,11.78,5.48,7.89,0.0,5.79,0.74,3.86,83.91
2011-10-30,12.7,2.82,7.52,0.0,5.73,0.74,3.26,82.24
2011-10-31,13.2,1.63,6.18,0.0,9.55,0.74,1.97,84.17
2011-11-01,12.45,2.36,5.68,0.0,12.51,0.74,1.68,84.91
2011-11-02,12.71,1.78,6.44,0.0,11.07,0.74,3.16,87.02
2011-11-03,12.41,4.19,7.08,0.0,11.16,0.74,3.28,87.14
2011-11-04,14.16,3.52,7.8,0.0,10.35,0.74,1.95,84.27
2011-11-05,15.34,5.84,8.86,0.0,12.0,0.74,1.52,84.44
2011-11-06,14.9,7.26,9.55,0.01,9.73,0.74,2.6,85.2
2011-11-07,11.91,5.78,8.35,0.01,4.18,0.73,3.84,80.65
2011-11-08,12.44,2.17,6.55,0.0,10.55,0.73,1.8,82.26
2011-11-09,14.76,2.33,7.61,0.0,10.72,0.73,1.91,85.41
2011-11-10,10.96,3.22,6.7,0.05,4.62,0.73,3.63,90.09
2011-11-11,6.89,-1.03,2.72,0.13,5.59,0.73,5.32,76.83
2011-11-12,4.76,-1.61,0.58,0.0,4.73,0.73,5.17,79.39
2011-11-13,5.66,-0.78,2.32,0.67,4.5,0.73,6.34,86.81
2011-11-14,6.87,1.68,4.0,0.05,4.74,0.73,6.77,86.34
2011-11-15,6.98,-0.21,2.35,0.09,3.83,0.73,4.8,86.22
2011-11-16,8.2,-2.02,2.13,0.0,9.11,0.73,2.69,84.83
2011-11-17,7.4,-2.72,1.25,0.02,6.97,0.73,3.64,81.22
2011-11-18,7.6,-3.11,1.2,0.0,10.3,0.73,1.88,71.6
2011-11-19,8.53,-1.02,2.6,0.0,10.28,0.73,0.81,69.53
2011-11-20,9.71,-0.96,2.69,0.0,8.93,0.73,1.64,83.32
2011-11-21,9.77,0.93,4.21,0.0,7.25,0.73,2.05,88.89
2011-11-22,8.79,2.13,4.16,0.0,6.0,0.73,1.16,88.12
2011-11-23,10.03,-0.6,3.76,0.05,7.36,0.73,2.5,90.83
2011-11-24,5.99,0.52,2.99,0.41,5.3,0.73,3.97,95.46
2011-11-25,7.22,-0.06,2.91,0.06,4.4,0.73,3.64,85.49
2011-11-26,6.27,-3.04,0.99,0.0,4.79,0.72,2.26,86.29
2011-11-27,6.73,-4.12,0.35,0.0,8.2,0.72,2.02,84.6
2011-11-28,11.6,-2.32,2.92,0.0,9.1,0.72,2.59,77.81
2011-11-29,11.21,-1.5,3.24,0.0,8.74,0.72,2.88,88.92
2011-11-30,9.33,-1.02,3.1,0.0,9.21,0.72,1.32,77.86
2011-12-01,9.78,-1.95,2.49,0.0,8.69,0.72,1.95,81.33
2011-12-02,8.94,-2.8,1.62,0.0,7.62,0.72,2.32,89.96
2011-12-03,10.64,-0.77,3.62,0.0,7.34,0.72,2.66,91.37
2011-12-04,12.9,3.52,6.78,0.0,6.68,0.72,4.19,91.3
2011-12-05,15.74,6.45,10.34,0.0,7.56,0.72,6.11,89.49
2011-12-06,14.78,6.29,11.16,0.74,3.07,0.72,5.28,92.69
2011-12-07,7.03,2.18,5.3,3.56,2.96,0.72,3.65,93.41
2011-12-08,9.96,-0.82,2.93,0.18,7.71,0.73,3.23,84.88
2011-12-09,9.06,-2.48,1.78,0.0,8.88,0.72,3.07,81.65
2011-12-10,10.93,-1.2,3.87,0.0,7.73,0.72,4.15,87.8
2011-12-11,13.55,5.35,8.0,0.0,6.85,0.72,3.3,91.64
2011-12-12,14.11,6.13,9.35,0.0,4.83,0.72,2.92,95.03
2011-12-13,15.62,7.68,10.34,0.0,4.63,0.72,3.36,92.45
2011-12-14,11.36,5.69,8.18,0.0,4.18,0.72,1.81,95.05
2011-12-15,12.7,6.23,9.17,0.17,4.93,0.72,3.84,93.14
2011-12-16,9.01,3.01,6.7,4.95,2.55,0.73,4.19,90.72
2011-12-17,14.44,4.26,9.96,3.99,6.01,0.73,7.49,89.31
2011-12-18,7.05,2.0,4.4,0.5,3.89,0.73,2.49,79.84
2011-12-19,7.41,2.35,4.61,22.67,1.96,0.75,3.23,97.1
2011-12-20,10.08,5.03,7.1,7.75,3.58,0.77,2.61,96.73
2011-12-21,5.62,-1.86,2.09,1.35,5.63,0.77,2.77,80.65
2011-12-22,3.86,0.58,2.69,15.5,1.61,0.78,5.67,93.81
2011-12-23,3.2,-4.22,0.23,6.05,2.62,0.79,8.46,85.97
2011-12-24,-0.22,-7.12,-4.68,0.01,4.56,0.79,3.75,84.27
2011-12-25,2.27,-6.52,-3.05,0.0,8.01,0.79,1.67,79.84
2011-12-26,2.61,-5.31,-1.82,0.0,3.87,0.78,2.86,88.19
2011-12-27,4.68,-2.85,-0.71,0.0,7.73,0.78,1.97,92.69
2011-12-28,4.73,-3.87,-0.64,0.0,7.79,0.78,1.71,90.38
2011-12-29,4.9,-0.19,1.99,0.41,2.51,0.78,1.23,97.68
2011-12-30,2.68,-1.67,0.56,0.01,4.81,0.78,1.79,97.28
2011-12-31,3.34,-1.21,0.87,7.88,1.69,0.79,4.1,97.46
2012-01-01,3.63,-4.27,-1.3,0.3,7.24,0.79,4.46,90.25
2012-01-02,3.98,-4.7,-1.49,0.0,8.81,0.79,2.16,90.55
2012-01-03,6.76,-1.73,1.0,0.0,8.71,0.79,2.83,95.12
2012-01-04,8.46,-0.99,2.23,0.07,4.63,0.79,2.78,93.48
2012-01-05,8.09,0.48,3.55,0.11,4.53,0.79,3.75,94.98
2012-01-06,10.13,5.96,8.8,20.48,1.33,0.8,8.62,94.26
2012-01-07,10.77,1.16,7.06,4.43,3.8,0.82,4.56,87.4
2012-01-08,4.58,-1.33,1.08,1.65,3.83,0.82,3.64,86.14
2012-01-09,3.76,-3.62,-0.71,0.15,4.44,0.82,2.25,88.67
2012-01-10,4.18,-3.99,-0.84,0.0,6.83,0.82,3.39,89.89
2012-01-11,2.76,-3.43,-1.0,0.01,4.92,0.82,5.95,87.17
2012-01-12,5.49,-4.11,-0.67,0.0,8.26,0.81,2.63,88.11
2012-01-13,7.64,-2.71,0.83,0.0,9.28,0.81,3.68,87.84
2012-01-14,3.52,-3.08,0.05,0.52,1.69,0.81,3.37,83.85
2012-01-15,2.26,-4.19,-1.79,0.0,8.36,0.81,3.14,80.93
2012-01-16,-0.31,-4.19,-2.43,0.01,6.8,0.81,3.47,81.77
2012-01-17,0.06,-5.49,-3.26,0.0,8.84,0.81,2.48,77.08
2012-01-18,1.17,-8.08,-4.15,0.01,7.4,0.81,2.27,78.99
2012-01-19,3.05,-8.57,-2.68,0.0,8.94,0.81,2.89,82.35
2012-01-20,4.81,-1.48,1.35,0.76,2.57,0.81,3.44,91.7
2012-01-21,3.55,-1.3,1.31,9.16,2.38,0.82,4.78,95.42
2012-01-22,6.11,-3.88,-0.2,0.01,6.11,0.82,4.1,81.39
2012-01-23,9.59,-2.28,2.04,0.0,9.58,0.82,3.08,87.03
2012-01-24,7.38,0.75,3.24,0.86,5.78,0.82,2.92,94.08
2012-01-25,4.89,2.29,2.97,14.66,2.21,0.83,2.67,98.5
2012-01-26,5.04,-7.4,1.68,19.66,1.98,0.85,5.83,95.03
2012-01-27,-4.4,-8.4,-7.06,0.93,6.68,0.85,7.06,83.06
2012-01-28,-2.13,-9.03,-6.25,0.03,3.36,0.85,5.15,88.91
2012-01-29,-3.37,-12.26,-7.25,0.03,8.19,0.85,5.75,85.22
2012-01-30,-7.32,-12.41,-10.74,0.6,10.78,0.85,7.1,81.81
2012-01-31,-7.58,-13.12,-10.79,0.01,11.53,0.85,7.09,82.6
2012-02-01,-5.75,-13.59,-10.07,0.24,11.54,0.84,5.07,83.33
2012-02-02,-0.38,-8.15,-4.02,2.26,3.76,0.84,3.33,91.48
2012-02-03,1.54,-5.02,-1.08,0.13,3.62,0.85,3.34,94.31
2012-02-04,7.41,0.44,2.97,0.51,6.79,0.85,3.77,98.5
2012-02-05,6.37,1.45,3.45,8.88,7.01,0.86,3.35,99.23
2012-02-06,5.62,1.87,3.24,5.03,6.68,0.87,5.74,95.77
2012-02-07,3.07,-2.38,1.23,8.99,1.18,0.88,9.53,92.05
2012-02-08,-1.72,-4.23,-2.67,1.42,6.18,0.87,9.09,82.69
2012-02-09,-4.68,-9.34,-6.79,0.36,8.49,0.87,7.63,82.8
2012-02-10,-2.93,-9.98,-7.26,0.04,11.59,0.87,5.13,84.56
2012-02-11,0.79,-9.12,-3.73,0.28,7.62,0.87,3.39,90.56
2012-02-12,4.96,-2.68,0.42,0.98,8.0,0.87,3.76,93.81
2012-02-13,6.0,-3.8,1.54,5.95,3.62,0.87,4.33,94.72
2012-02-14,2.16,-6.93,-3.05,0.47,10.45,0.88,3.09,81.18
2012-02-15,2.42,-7.38,-2.7,0.37,10.63,0.88,3.18,80.38
2012-02-16,4.62,-3.45,-0.56,0.16,10.63,0.88,2.87,83.55
2012-02-17,-0.2,-8.0,-4.16,0.42,11.14,0.87,5.68,81.22
2012-02-18,2.22,-8.79,-3.17,0.01,7.74,0.87,1.74,85.1
2012-02-19,5.34,-4.3,-0.25,0.0,10.64,0.87,2.02,88.46
2012-02-20,7.77,-2.7,1.22,0.0,11.91,0.87,3.1,90.62
2012-02-21,10.61,-1.17,3.25,0.0,14.02,0.87,2.09,84.86
2012-02-22,10.6,-0.81,3.01,0.0,8.14,0.87,2.31,89.83
2012-02-23,10.1,-1.54,2.99,0.0,10.98,0.87,2.03,84.98
2012-02-24,10.46,-1.87,3.15,0.01,11.96,0.87,3.98,85.1
2012-02-25,14.81,-0.33,5.83,0.01,12.86,0.87,5.03,86.12
2012-02-26,11.93,-1.97,4.54,0.24,14.18,0.86,3.29,79.91
2012-02-27,3.79,-1.91,0.94,2.12,5.99,0.86,5.2,83.96
2012-02-28,0.77,-4.91,-2.31,0.22,11.37,0.86,4.47,72.78
2012-02-29,0.11,-5.17,-2.4,0.42,8.14,0.86,2.69,78.77
2012-03-01,2.03,-4.2,-1.68,0.08,10.85,0.86,4.89,78.55
2012-03-02,6.75,-5.58,0.68,0.01,12.8,0.86,2.88,87.18
2012-03-03,8.27,-0.48,3.51,1.3,9.25,0.86,5.12,79.04
2012-03-04,9.4,-2.81,1.92,0.0,17.54,0.86,3.53,76.39
2012-03-05,6.21,-2.75,0.79,0.0,12.4,0.86,2.81,90.18
2012-03-06,8.19,-2.93,1.57,0.0,14.83,0.86,2.18,78.15
2012-03-07,7.73,-3.04,1.67,0.05,13.17,0.86,2.34,81.92
2012-03-08,7.41,-1.03,2.88,0.43,6.99,0.85,1.66,84.23
2012-03-09,9.48,-1.24,3.07,0.15,9.0,0.85,2.77,85.75
2012-03-10,7.17,-3.3,1.15,0.0,8.73,0.85,3.57,82.29
2012-03-11,4.38,-3.47,0.0,0.58,5.57,0.85,2.9,86.91
2012-03-12,4.69,-1.86,0.98,0.77,5.55,0.85,4.77,88.57
2012-03-13,6.42,-2.18,1.66,0.0,11.75,0.85,5.89,81.02
2012-03-14,11.61,-2.71,4.18,0.03,17.3,0.85,3.62,78.0
2012-03-15,7.82,-0.71,3.42,1.15,7.18,0.85,3.48,85.74
2012-03-16,9.24,-3.93,2.84,0.0,19.29,0.85,2.35,66.8
2012-03-17,15.19,-1.35,6.05,0.0,19.6,0.84,3.69,83.7
2012-03-18,17.37,3.64,9.03,0.0,18.75,0.84,4.2,81.55
2012-03-19,19.83,5.11,10.81,0.0,19.24,0.84,3.78,82.88
2012-03-20,19.65,4.87,11.04,0.0,18.47,0.83,3.11,77.84
2012-03-21,18.13,3.94,10.04,0.0,18.95,0.83,3.16,70.42
2012-03-22,17.57,2.27,10.08,0.0,20.05,0.83,2.57,74.29
2012-03-23,19.09,4.43,11.01,0.0,20.31,0.82,1.67,70.9
2012-03-24,20.45,6.43,12.59,0.0,20.11,0.82,1.88,62.66
2012-03-25,18.82,4.97,11.42,0.01,16.38,0.82,1.82,72.31
2012-03-26,15.38,2.59,9.25,0.11,15.14,0.81,4.09,76.29
2012-03-27,11.7,-0.57,5.92,0.13,20.44,0.81,2.6,68.26
2012-03-28,12.48,3.04,7.67,0.72,13.37,0.81,3.27,74.22
2012-03-29,17.71,2.07,9.71,0.0,21.13,0.81,4.01,72.67
2012-03-30,12.03,5.52,8.56,2.62,6.3,0.81,5.05,80.84
2012-03-31,15.45,0.67,8.75,0.01,16.92,0.8,4.56,72.18
2012-04-01,16.25,0.96,7.94,8.76,13.32,0.8,5.29,83.99
2012-04-02,12.37,-0.38,5.21,0.04,22.52,0.81,2.05,71.2
2012-04-03,15.53,-0.2,7.58,0.0,18.72,0.81,3.91,80.58
2012-04-04,18.03,4.2,11.01,0.0,19.61,0.81,4.3,86.57
2012-04-05,21.18,7.75,13.68,0.88,19.01,0.8,3.7,80.77
2012-04-06,19.58,9.53,13.75,1.77,17.06,0.8,3.5,84.05
2012-04-07,20.23,8.38,14.05,1.25,19.33,0.8,3.08,78.71
2012-04-08,20.18,4.89,13.24,4.81,20.91,0.8,4.75,77.57
2012-04-09,6.12,1.03,3.13,16.33,9.51,0.81,4.68,86.94
2012-04-10,9.7,0.18,4.11,0.14,16.81,0.82,4.69,78.55
2012-04-11,14.49,0.03,6.66,0.0,25.09,0.81,1.85,72.43
2012-04-12,17.93,2.36,9.97,0.0,22.34,0.81,3.87,79.7
2012-04-13,20.19,6.35,12.85,0.0,17.3,0.8,2.85,78.81
2012-04-14,18.56,10.14,14.17,1.85,13.98,0.8,6.13,83.19
2012-04-15,16.66,9.71,12.88,0.55,20.64,0.8,6.0,80.34
2012-04-16,20.51,7.54,13.95,0.03,24.32,0.79,3.62,71.58
2012-04-17,19.11,9.56,13.68,0.3,13.13,0.79,3.79,76.0
2012-04-18,16.63,9.87,12.71,1.51,8.25,0.79,3.77,80.47
2012-04-19,19.2,8.05,13.01,1.95,22.13,0.79,5.01,73.05
2012-04-20,17.41,9.54,13.21,0.87,15.1,0.78,6.17,78.64
2012-04-21,16.57,9.66,12.71,3.86,19.92,0.78,2.47,85.52
2012-04-22,19.57,7.26,13.24,0.0,24.78,0.78,3.27,71.87
2012-04-23,21.89,6.63,14.3,0.0,26.03,0.78,2.34,70.87
2012-04-24,20.7,8.12,14.1,0.0,17.87,0.77,3.67,74.27
2012-04-25,23.47,9.41,15.84,0.15,25.45,0.76,4.64,68.68
2012-04-26,20.82,6.74,14.12,0.72,27.13,0.76,2.74,71.91
2012-04-27,19.18,9.21,13.56,2.05,16.8,0.76,2.37,76.68
2012-04-28,22.83,7.64,14.84,0.09,25.44,0.75,4.78,69.84
2012-04-29,23.4,8.4,15.25,0.0,25.51,0.74,4.29,67.59
2012-04-30,24.33,7.8,15.73,0.0,26.47,0.74,3.46,64.41
2012-05-01,25.1,8.01,16.37,0.0,25.37,0.73,3.22,64.06
2012-05-02,26.41,10.16,17.87,0.0,27.47,0.72,3.03,62.39
2012-05-03,25.94,10.03,18.05,0.0,25.72,0.72,3.05,57.24
2012-05-04,26.12,13.41,19.1,0.0,25.84,0.71,1.33,53.17
2012-05-05,24.08,12.06,17.85,1.04,23.06,0.71,2.18,73.32
2012-05-06,26.32,11.36,19.63,0.01,24.08,0.7,1.61,63.49
2012-05-07,27.57,14.28,20.75,0.0,25.15,0.7,2.0,58.29
2012-05-08,23.1,14.23,18.31,2.27,18.25,0.7,2.42,73.76
2012-05-09,18.97,13.54,16.03,2.43,19.82,0.7,3.11,87.4
2012-05-10,23.24,12.71,17.59,0.77,19.03,0.7,4.09,78.02
2012-05-11,25.23,12.53,19.04,1.84,19.69,0.7,4.41,73.88
2012-05-12,25.53,13.81,19.16,0.37,21.74,0.69,4.6,68.71
2012-05-13,26.4,11.62,18.6,0.4,21.81,0.69,3.45,66.34
2012-05-14,23.19,10.81,16.55,0.08,24.08,0.68,3.04,65.95
2012-05-15,20.87,10.53,15.03,6.4,12.72,0.68,4.74,71.7
2012-05-16,18.41,9.55,14.24,3.15,18.88,0.69,3.11,76.8
2012-05-17,20.81,11.2,16.02,3.87,18.89,0.69,3.05,76.12
2012-05-18,17.41,11.14,14.33,5.31,5.01,0.7,5.74,84.35
2012-05-19,20.43,11.39,15.13,14.14,10.13,0.71,3.39,81.93
2012-05-20,21.08,10.23,15.87,3.91,19.36,0.72,1.01,76.31
2012-05-21,24.87,10.31,18.12,0.0,24.41,0.71,1.24,71.43
2012-05-22,25.53,11.54,18.27,4.09,23.61,0.7,3.87,70.47
2012-05-23,21.24,9.29,16.0,0.8,24.75,0.7,2.62,68.98
2012-05-24,21.15,11.46,16.31,1.08,17.57,0.7,1.72,74.13
2012-05-25,17.29,10.8,14.37,8.69,15.11,0.7,2.25,90.15
2012-05-26,22.97,9.8,16.6,0.45,24.58,0.71,2.1,75.62
2012-05-27,17.91,11.77,15.1,9.06,10.05,0.71,2.12,89.75
2012-05-28,16.05,10.26,14.0,30.27,8.01,0.75,3.52,90.47
2012-05-29,21.59,9.31,15.62,0.87,21.13,0.75,2.71,74.8
2012-05-30,19.43,10.89,15.79,5.12,21.64,0.75,1.89,78.97
2012-05-31,21.03,11.48,17.14,0.82,24.8,0.74,1.63,73.98
2012-06-01,22.69,13.35,18.32,0.08,24.42,0.73,1.9,74.14
2012-06-02,26.02,12.83,19.76,0.0,28.34,0.73,2.19,76.04
2012-06-03,28.15,13.67,21.51,0.0,28.91,0.72,2.06,68.04
2012-06-04,28.83,14.79,21.98,0.0,29.81,0.71,2.35,61.65
2012-06-05,27.06,14.26,20.83,3.01,27.87,0.7,3.49,68.95
2012-06-06,23.82,13.44,18.78,0.42,24.96,0.7,3.45,68.98
2012-06-07,24.63,10.6,18.57,0.04,29.54,0.69,2.31,65.79
2012-06-08,28.45,13.32,21.45,0.0,29.99,0.69,1.59,63.55
2012-06-09,30.78,14.44,22.52,0.0,29.58,0.68,2.12,62.23
2012-06-10,30.23,12.93,21.55,0.0,30.65,0.67,2.35,64.26
2012-06-11,32.06,13.79,23.19,0.0,28.83,0.67,2.27,69.92
2012-06-12,34.27,17.84,25.65,0.0,30.1,0.66,3.04,60.3
2012-06-13,36.09,18.08,27.58,0.01,30.49,0.66,2.29,55.07
2012-06-14,33.23,19.81,26.3,0.01,28.91,0.65,3.45,59.63
2012-06-15,31.24,17.74,24.62,0.0,28.28,0.65,2.74,55.45
2012-06-16,29.27,15.61,22.14,0.0,29.24,0.64,4.13,61.21
2012-06-17,28.68,13.84,21.12,0.0,31.66,0.64,4.42,60.47
2012-06-18,29.97,14.07,21.79,0.0,31.46,0.64,5.04,61.74
2012-06-19,30.27,15.73,22.97,0.0,30.61,0.64,5.57,62.34
2012-06-20,32.32,17.0,24.24,0.0,30.98,0.63,4.72,56.03
2012-06-21,33.06,15.8,24.48,0.0,30.81,0.63,4.0,53.17
2012-06-22,34.85,16.69,25.79,0.0,29.66,0.63,3.2,48.26
2012-06-23,35.04,17.67,26.25,0.0,30.05,0.62,3.29,47.42
2012-06-24,33.82,17.41,25.23,0.65,27.55,0.62,3.82,64.4
2012-06-25,32.47,19.56,25.76,0.0,27.7,0.62,2.48,62.0
2012-06-26,32.95,18.57,25.51,1.0,24.32,0.62,3.39,60.76
2012-06-27,26.86,16.36,21.58,1.81,20.98,0.62,3.4,65.47
2012-06-28,28.88,14.73,22.04,0.13,27.68,0.62,1.6,59.54
2012-06-29,31.85,14.64,23.78,0.0,28.61,0.62,1.85,51.26
2012-06-30,30.56,16.41,23.74,0.0,27.15,0.61,3.16,57.21
2012-07-01,29.64,15.78,22.6,0.0,30.46,0.61,3.68,54.46
2012-07-02,29.41,16.19,22.19,0.0,28.14,0.61,4.5,56.51
2012-07-03,31.73,13.93,23.1,0.0,30.26,0.61,2.8,48.52
2012-07-04,36.04,15.24,26.65,0.0,28.78,0.61,1.91,37.37
2012-07-05,36.03,20.16,28.11,0.6,26.62,0.61,3.13,42.39
2012-07-06,32.47,19.62,25.73,0.0,28.18,0.61,3.35,56.16
2012-07-07,34.79,18.57,27.4,0.52,27.72,0.6,2.51,45.15
2012-07-08,34.6,20.04,27.04,0.05,27.06,0.6,3.5,55.26
2012-07-09,36.33,19.76,28.03,0.0,27.18,0.6,2.42,50.18
2012-07-10,38.41,21.37,29.67,0.27,26.19,0.6,1.64,43.62
2012-07-11,37.36,22.06,29.7,0.07,25.5,0.6,2.43,41.46
2012-07-12,39.01,20.74,30.2,0.0,27.2,0.6,1.6,38.29
2012-07-13,32.6,21.33,26.84,0.0,23.58,0.6,3.96,50.39
2012-07-14,37.16,20.85,28.78,0.0,27.68,0.6,2.25,53.22
2012-07-15,39.91,20.35,30.45,0.0,28.58,0.6,1.68,44.88
2012-07-16,40.79,20.74,30.87,0.0,27.94,0.6,2.99,43.31
2012-07-17,31.62,19.65,25.87,0.03,24.57,0.6,5.12,55.2
2012-07-18,32.19,17.36,24.88,0.0,27.94,0.6,3.0,50.67
2012-07-19,31.85,17.34,24.46,0.0,27.8,0.6,3.64,48.52
2012-07-20,34.27,16.05,24.95,0.0,29.39,0.6,3.34,53.37
2012-07-21,35.16,16.06,25.31,0.0,29.26,0.6,3.43,56.58
2012-07-22,34.97,15.79,25.66,0.0,29.29,0.6,3.66,59.26
2012-07-23,34.07,20.11,26.87,0.0,26.31,0.6,5.74,51.73
2012-07-24,35.53,21.82,27.99,0.0,22.73,0.6,5.17,54.03
2012-07-25,37.63,19.84,28.27,0.0,27.27,0.6,4.14,57.22
2012-07-26,37.0,20.9,28.21,0.01,26.46,0.6,3.7,59.83
2012-07-27,37.2,19.13,28.32,0.01,27.78,0.6,3.79,48.29
2012-07-28,36.4,21.54,28.42,0.0,25.4,0.6,4.25,39.8
2012-07-29,36.64,21.1,28.5,0.0,26.62,0.6,4.05,35.29
2012-07-30,37.07,20.14,28.43,0.0,26.73,0.6,4.23,41.07
2012-07-31,34.07,21.4,27.0,0.06,23.97,0.6,4.08,54.26
2012-08-01,33.52,18.83,25.87,0.08,24.14,0.6,3.41,47.51
2012-08-02,33.83,18.7,26.2,0.06,24.24,0.59,3.74,41.66
2012-08-03,31.06,19.14,25.21,0.71,24.75,0.6,3.3,61.73
2012-08-04,35.77,18.62,27.54,0.0,23.83,0.6,3.09,42.32
2012-08-05,37.41,21.23,29.32,0.0,25.16,0.6,3.02,33.65
2012-08-06,38.59,21.48,30.19,0.0,25.96,0.6,2.75,33.42
2012-08-07,39.26,22.18,31.0,0.0,25.3,0.59,2.67,30.75
2012-08-08,38.64,24.33,30.82,0.0,25.0,0.59,2.62,34.53
2012-08-09,34.56,20.59,27.11,0.0,24.4,0.59,3.63,52.15
2012-08-10,28.55,18.74,23.63,0.13,18.98,0.59,3.21,60.74
2012-08-11,30.25,19.09,23.87,1.87,18.55,0.6,4.04,63.14
2012-08-12,24.31,16.21,20.66,3.36,15.26,0.6,3.3,71.72
2012-08-13,29.84,13.25,21.53,0.0,21.9,0.6,2.97,47.33
2012-08-14,31.24,17.08,23.88,0.0,24.48,0.6,2.58,36.6
2012-08-15,32.78,18.45,25.33,0.0,24.02,0.6,2.87,36.29
2012-08-16,33.38,15.37,24.59,0.0,25.94,0.6,2.8,32.44
2012-08-17,32.64,15.86,24.35,0.0,24.21,0.6,2.38,55.5
2012-08-18,30.46,16.6,23.13,0.0,21.89,0.6,3.14,59.7
2012-08-19,30.32,15.99,22.91,0.0,22.68,0.6,3.7,51.36
2012-08-20,30.45,16.27,23.07,0.0,25.04,0.6,3.57,51.21
2012-08-21,36.52,16.61,26.67,0.0,23.5,0.6,1.87,41.53
2012-08-22,38.25,20.92,29.02,0.01,24.2,0.6,1.79,34.61
2012-08-23,38.03,19.33,28.68,0.0,24.02,0.6,1.55,47.89
2012-08-24,38.48,20.2,28.72,0.0,23.14,0.6,2.17,39.5
2012-08-25,38.51,19.81,28.22,0.0,25.09,0.6,2.51,37.99
2012-08-26,37.01,18.26,27.18,0.0,24.6,0.59,3.04,46.49
2012-08-27,34.23,18.91,24.69,0.26,18.24,0.59,4.14,61.38
2012-08-28,27.23,15.93,21.39,0.39,18.2,0.59,5.14,48.82
2012-08-29,29.79,13.42,21.34,0.0,24.71,0.59,2.47,40.25
2012-08-30,31.01,13.46,21.54,0.0,23.34,0.59,2.73,48.15
2012-08-31,29.21,14.11,21.13,0.0,23.45,0.59,3.68,54.02
2012-09-01,29.29,13.5,20.69,0.0,24.39,0.59,3.71,63.72
2012-09-02,29.44,13.98,20.82,0.0,23.13,0.59,3.85,66.06
2012-09-03,29.04,13.02,20.12,0.0,23.44,0.59,3.72,66.89
2012-09-04,30.79,13.36,20.94,0.0,23.43,0.59,3.45,66.48
2012-09-05,32.68,13.26,21.96,0.0,22.89,0.59,3.06,64.1
2012-09-06,32.41,13.92,22.24,0.0,22.43,0.59,2.4,61.48
2012-09-07,27.24,15.59,20.63,0.0,19.67,0.59,4.12,70.84
2012-09-08,28.78,13.72,20.61,0.0,21.38,0.59,2.72,58.41
2012-09-09,30.71,13.91,21.69,0.0,21.37,0.59,2.12,55.86
2012-09-10,26.49,14.69,19.66,0.0,17.38,0.59,4.14,66.98
2012-09-11,24.89,14.09,18.5,0.14,16.5,0.59,4.49,63.94
2012-09-12,25.72,11.8,18.62,0.0,19.29,0.59,3.32,64.52
2012-09-13,29.14,13.07,20.68,0.0,19.87,0.59,2.04,61.27
2012-09-14,31.14,14.93,22.73,0.0,18.27,0.59,3.85,53.84
2012-09-15,29.5,17.13,23.14,0.07,17.57,0.59,2.58,51.06
2012-09-16,27.76,18.13,21.67,1.1,14.85,0.59,5.46,65.4
2012-09-17,25.72,17.23,20.49,3.07,13.92,0.6,5.92,75.24
2012-09-18,24.77,15.43,19.47,0.63,8.65,0.6,3.94,70.51
2012-09-19,27.14,14.4,19.73,0.43,13.84,0.6,2.79,67.88
2012-09-20,27.75,14.85,20.72,4.07,17.55,0.6,1.75,65.8
2012-09-21,19.07,11.33,14.08,3.3,15.39,0.61,4.81,63.22
2012-09-22,23.24,8.45,15.6,0.0,19.96,0.61,2.27,58.94
2012-09-23,27.88,10.58,18.44,0.0,19.47,0.61,1.79,51.91
2012-09-24,30.21,11.9,20.2,0.0,18.75,0.61,2.35,51.13
2012-09-25,33.27,13.72,22.33,0.0,18.98,0.61,3.1,53.27
2012-09-26,31.71,16.44,23.09,0.0,17.64,0.6,2.39,54.64
2012-09-27,32.28,15.43,22.65,0.0,18.04,0.6,2.42,59.94
2012-09-28,32.87,16.0,22.94,0.0,18.27,0.6,1.88,51.85
2012-09-29,32.42,15.19,22.39,0.0,18.47,0.6,2.51,54.49
2012-09-30,32.86,14.22,21.97,0.0,18.32,0.6,2.57,61.15
2012-10-01,30.57,14.18,20.9,0.0,18.06,0.6,3.46,69.22
2012-10-02,30.85,15.72,21.75,0.0,15.08,0.6,1.49,64.21
2012-10-03,30.49,15.45,22.22,0.0,14.91,0.6,1.73,54.7
2012-10-04,24.68,15.31,19.52,1.55,10.27,0.6,2.77,68.25
2012-10-05,26.68,13.17,19.3,0.07,15.58,0.6,2.25,67.9
2012-10-06,28.21,13.98,20.06,0.0,16.22,0.6,1.69,63.72
2012-10-07,27.75,12.43,19.0,0.0,16.53,0.6,2.25,60.09
2012-10-08,22.0,9.81,16.27,0.02,8.46,0.6,4.4,54.61
2012-10-09,20.74,6.9,13.44,0.0,15.11,0.6,2.01,54.75
2012-10-10,22.19,7.4,14.44,0.0,12.62,0.6,1.67,63.6
2012-10-11,23.9,11.64,16.44,0.0,14.32,0.6,1.47,57.36
2012-10-12,25.57,9.37,16.84,0.0,14.32,0.6,3.16,58.51
2012-10-13,23.91,12.19,17.54,0.16,11.12,0.6,3.6,75.06
2012-10-14,24.24,14.51,18.98,1.94,8.45,0.6,4.2,80.23
2012-10-15,24.22,15.44,18.83,6.51,12.17,0.61,3.63,85.25
2012-10-16,27.96,13.53,19.79,0.0,12.8,0.61,3.92,74.92
2012-10-17,25.91,13.25,18.92,0.0,14.0,0.61,2.6,72.23
2012-10-18,23.73,9.76,15.62,0.0,14.41,0.61,3.08,67.08
2012-10-19,23.72,8.32,14.43,0.0,15.02,0.61,2.59,71.27
2012-10-20,19.77,7.85,13.24,1.98,14.64,0.61,3.94,78.41
2012-10-21,18.8,11.97,14.66,17.03,5.29,0.63,5.8,86.61
2012-10-22,17.01,12.03,14.23,8.63,6.14,0.65,5.06,91.07
2012-10-23,16.18,12.12,13.61,2.85,5.45,0.66,4.58,88.4
2012-10-24,17.58,7.55,11.58,0.02,9.56,0.65,3.74,79.51
2012-10-25,19.03,6.35,11.81,0.0,12.88,0.65,1.8,77.2
2012-10-26,21.64,6.94,12.82,0.0,12.44,0.64,2.58,76.04
2012-10-27,19.53,9.78,14.79,0.18,8.16,0.64,5.53,85.35
2012-10-28,20.65,17.4,18.68,13.85,3.34,0.65,9.1,88.37
2012-10-29,19.94,17.47,18.41,31.04,1.78,0.69,8.29,91.8
2012-10-30,17.69,4.9,10.3,1.79,8.2,0.72,3.32,80.05
2012-10-31,15.38,4.24,9.23,0.01,9.91,0.71,2.36,84.2
2012-11-01,16.67,8.06,12.64,1.91,4.43,0.7,3.83,90.73
2012-11-02,21.85,12.77,16.73,1.81,5.94,0.7,1.98,85.37
2012-11-03,21.1,10.12,14.62,0.0,11.91,0.7,1.89,81.19
2012-11-04,18.2,9.36,13.36,0.0,6.51,0.69,2.16,87.8
2012-11-05,20.48,9.74,14.2,0.0,8.67,0.69,4.72,85.97
2012-11-06,20.28,11.32,15.39,0.09,3.36,0.69,3.72,80.15
2012-11-07,16.11,8.09,11.71,2.93,4.17,0.69,2.74,76.33
2012-11-08,12.72,3.23,7.02,0.03,11.51,0.69,4.26,73.52
2012-11-09,13.17,1.3,6.86,0.31,11.09,0.69,1.96,74.16
2012-11-10,12.63,5.43,8.02,1.48,6.38,0.69,4.23,85.32
2012-11-11,14.61,5.32,8.91,1.07,10.78,0.69,2.77,86.76
2012-11-12,15.75,5.05,8.9,0.0,10.3,0.69,1.53,81.97
2012-11-13,12.97,4.55,7.6,0.0,9.7,0.69,1.6,89.0
2012-11-14,11.72,5.5,7.99,2.37,4.42,0.69,5.37,90.01
2012-11-15,10.95,5.93,7.81,8.81,3.77,0.7,5.41,91.06
2012-11-16,12.96,4.76,7.67,1.27,5.63,0.71,3.6,89.73
2012-11-17,12.03,4.89,7.63,0.0,6.61,0.71,3.69,87.81
2012-11-18,12.6,5.97,8.83,0.2,7.2,0.7,3.23,91.48
2012-11-19,13.13,8.91,10.78,0.04,5.45,0.7,2.31,94.26
2012-11-20,14.68,9.68,11.5,0.16,3.72,0.7,4.53,90.23
2012-11-21,12.01,6.75,9.2,1.51,6.33,0.7,5.19,90.56
2012-11-22,11.67,4.21,7.21,0.01,6.91,0.7,4.81,86.76
2012-11-23,9.4,2.34,4.69,0.0,5.44,0.7,2.74,86.07
2012-11-24,9.91,1.1,4.44,0.0,7.8,0.7,2.37,87.78
2012-11-25,9.84,0.14,4.61,0.0,7.04,0.7,1.39,86.14
2012-11-26,11.31,1.88,6.05,0.0,9.22,0.7,0.95,83.94
2012-11-27,10.94,1.42,5.06,0.0,7.23,0.7,2.76,91.15
2012-11-28,14.47,6.43,10.57,0.07,2.92,0.7,5.12,95.45
2012-11-29,17.64,11.31,13.92,0.51,5.22,0.7,8.11,86.85
2012-11-30,18.26,12.37,14.86,8.88,4.56,0.71,5.5,86.31
2012-12-01,15.06,9.9,13.1,8.29,4.13,0.72,4.66,94.75
2012-12-02,14.65,6.47,11.01,13.65,4.02,0.72,4.3,92.31
2012-12-03,15.07,2.39,9.87,11.91,8.69,0.74,4.54,82.68
2012-12-04,2.81,-4.89,-0.02,13.74,7.52,0.76,5.24,87.69
2012-12-05,6.86,-4.89,3.15,8.4,3.87,0.76,5.37,92.81
2012-12-06,5.13,-2.65,1.16,0.98,3.1,0.78,3.11,85.38
2012-12-07,4.58,-1.96,0.29,2.6,2.86,0.77,2.76,87.17
2012-12-08,6.09,-3.66,1.13,0.02,5.63,0.77,3.55,92.5
2012-12-09,8.92,-1.4,3.85,23.62,1.05,0.79,5.8,91.36
2012-12-10,2.18,-5.99,-2.37,0.54,3.13,0.8,3.01,85.13
2012-12-11,4.87,-6.0,0.22,9.04,3.11,0.8,3.56,83.68
2012-12-12,2.8,-5.31,-2.09,0.13,8.56,0.81,4.06,82.15
2012-12-13,1.19,-6.35,-3.55,0.0,8.07,0.8,2.67,75.41
2012-12-14,2.6,-4.63,-1.82,0.0,8.38,0.8,1.72,73.14
2012-12-15,5.09,-3.33,-0.05,0.0,8.29,0.8,1.82,89.06
2012-12-16,3.56,-0.58,0.94,0.89,2.63,0.8,1.93,97.63
2012-12-17,2.48,0.37,1.29,11.73,1.78,0.81,2.98,97.84
2012-12-18,6.45,2.17,4.22,2.04,3.2,0.82,5.24,96.55
2012-12-19,4.94,-6.36,0.37,22.71,2.69,0.84,9.63,91.98
2012-12-20,-5.1,-8.39,-7.15,4.2,3.77,0.84,7.69,85.83
2012-12-21,-1.87,-9.44,-6.25,0.06,4.7,0.83,2.93,89.17
2012-12-22,-1.56,-9.25,-6.33,0.0,3.21,0.83,3.17,93.09
2012-12-23,0.89,-9.66,-4.84,0.0,3.57,0.83,3.09,93.6
2012-12-24,3.33,-4.96,-1.71,0.0,7.17,0.83,1.65,94.79
2012-12-25,6.51,-2.35,1.14,0.01,8.01,0.84,3.36,97.03
2012-12-26,8.73,1.02,3.87,0.07,6.11,0.84,3.73,98.99
2012-12-27,10.35,3.65,6.24,0.04,5.51,0.84,2.36,96.78
2012-12-28,9.2,3.75,5.44,0.21,4.12,0.84,1.77,97.87
2012-12-29,5.23,-2.41,1.69,3.68,1.52,0.85,6.86,90.0
2012-12-30,5.35,-3.62,-0.09,0.0,4.3,0.84,4.57,90.82
2012-12-31,6.08,-2.41,0.72,0.0,5.51,0.84,3.31,91.47
2013-01-01,6.34,-2.65,0.69,0.0,6.73,0.84,1.83,88.21
2013-01-02,5.9,0.91,3.04,0.0,3.34,0.84,1.79,96.55
2013-01-03,8.59,-2.19,2.84,0.0,5.42,0.84,2.13,93.14
2013-01-04,8.11,-2.88,2.36,0.0,6.73,0.84,3.56,85.23
2013-01-05,6.96,-0.37,2.74,0.41,6.61,0.84,2.26,87.33
2013-01-06,3.72,-2.77,0.65,1.26,5.56,0.84,3.75,88.66
2013-01-07,0.23,-4.61,-2.32,0.95,6.08,0.84,4.01,82.93
2013-01-08,-2.21,-6.78,-4.39,0.14,6.69,0.84,4.6,77.06
2013-01-09,0.69,-7.62,-4.44,0.01,8.66,0.84,2.39,83.34
2013-01-10,3.18,-7.65,-2.7,0.0,6.38,0.84,3.44,92.7
2013-01-11,3.55,-0.83,1.92,2.19,2.61,0.84,3.12,99.76
2013-01-12,3.52,-1.93,1.04,7.13,1.98,0.84,3.27,98.51
2013-01-13,4.42,-3.77,-0.8,0.21,8.99,0.85,2.34,89.24
2013-01-14,4.32,-1.41,0.68,0.0,7.79,0.85,2.87,96.37
2013-01-15,8.23,1.71,4.46,0.04,6.54,0.85,4.12,97.16
2013-01-16,12.71,5.25,9.1,6.41,3.54,0.85,7.9,93.84
2013-01-17,12.04,6.69,8.26,1.13,8.58,0.86,5.0,85.08
2013-01-18,11.06,7.75,9.2,8.84,3.19,0.86,7.37,94.0
2013-01-19,7.94,1.11,5.24,1.21,7.69,0.87,4.43,85.67
2013-01-20,13.0,0.37,6.29,0.0,7.32,0.86,4.51,89.33
2013-01-21,13.93,8.19,10.72,0.05,6.47,0.86,6.23,92.75
2013-01-22,14.82,7.75,10.53,4.7,9.59,0.86,5.65,88.23
2013-01-23,13.16,3.33,8.27,0.06,8.98,0.86,3.1,84.45
2013-01-24,11.87,0.42,6.84,8.27,4.81,0.86,4.81,92.22
2013-01-25,11.99,0.96,7.17,7.51,9.56,0.88,3.59,85.76
2013-01-26,-0.19,-6.09,-1.78,18.58,1.68,0.88,7.96,92.19
2013-01-27,-4.17,-9.58,-6.48,5.79,3.92,0.88,4.86,95.03
2013-01-28,-0.6,-10.64,-6.28,1.05,4.35,0.88,1.88,97.75
2013-01-29,-0.37,-8.85,-5.55,0.0,6.42,0.88,2.32,97.77
2013-01-30,0.9,-7.01,-3.68,0.04,5.72,0.88,1.78,97.08
2013-01-31,2.86,-4.22,-0.35,3.6,3.53,0.89,3.54,97.43
2013-02-01,5.58,-5.34,0.25,0.1,8.43,0.9,3.36,91.57
2013-02-02,10.03,-2.25,4.83,0.0,6.91,0.9,5.56,94.62
2013-02-03,16.0,9.63,12.47,1.09,7.07,0.9,9.99,88.16
2013-02-04,11.87,0.13,4.84,13.72,4.97,0.92,3.03,93.2
2013-02-05,11.27,-1.18,3.6,0.0,10.64,0.91,1.72,74.27
2013-02-06,7.12,-2.0,2.97,0.09,8.77,0.91,3.39,95.27
2013-02-07,13.23,6.82,9.3,9.14,6.0,0.91,6.96,92.28
2013-02-08,10.99,3.71,8.32,6.88,6.39,0.93,5.51,88.37
2013-02-09,8.15,0.63,4.35,1.6,8.83,0.92,2.29,91.59
2013-02-10,9.92,2.11,5.87,7.23,8.37,0.93,3.67,94.87
2013-02-11,4.08,-1.96,0.87,0.61,5.29,0.93,2.9,87.39
2013-02-12,8.49,-3.48,2.2,0.01,10.39,0.93,2.96,85.98
2013-02-13,9.03,-0.44,4.41,0.48,7.14,0.93,3.77,87.31
2013-02-14,7.38,3.76,5.11,0.88,5.14,0.93,5.43,92.0
2013-02-15,5.11,-1.85,2.3,0.57,5.97,0.93,5.58,88.38
2013-02-16,5.96,-3.89,0.17,0.0,7.26,0.92,1.79,85.76
2013-02-17,5.26,-2.92,0.36,0.01,5.51,0.92,2.35,88.81
2013-02-18,6.19,-3.71,0.37,0.0,9.68,0.92,2.05,84.17
2013-02-19,6.71,-3.33,1.09,4.19,6.87,0.92,3.0,87.77
2013-02-20,7.56,-0.32,2.8,1.15,11.5,0.92,2.63,86.15
2013-02-21,8.35,-0.99,2.95,1.18,6.52,0.92,2.75,90.11
2013-02-22,6.18,2.18,4.05,10.36,2.54,0.93,3.3,96.06
2013-02-23,7.94,3.67,5.48,5.96,4.78,0.94,2.06,95.65
2013-02-24,9.23,4.42,6.42,0.0,8.33,0.94,3.3,95.05
2013-02-25,14.68,4.65,8.3,0.3,12.84,0.94,3.41,90.63
2013-02-26,8.59,4.63,6.05,4.89,5.75,0.94,4.08,94.66
2013-02-27,4.9,0.72,3.39,4.38,5.52,0.94,3.95,91.36
2013-02-28,6.86,-2.26,1.68,1.51,11.68,0.94,4.41,79.0
2013-03-01,9.86,-3.79,2.32,0.0,15.14,0.94,2.64,82.86
2013-03-02,11.35,1.04,5.1,0.0,13.14,0.94,3.27,84.06
2013-03-03,8.82,-0.45,3.06,0.0,13.43,0.94,3.05,82.12
2013-03-04,10.45,-2.75,3.1,0.0,16.82,0.93,2.55,80.73
2013-03-05,7.51,-4.64,1.02,0.0,15.51,0.93,2.96,78.53
2013-03-06,7.88,-4.9,1.04,0.0,16.85,0.93,3.2,79.04
2013-03-07,12.66,-1.2,5.41,0.02,6.82,0.93,5.23,84.25
2013-03-08,11.17,6.67,8.57,0.44,10.09,0.92,4.52,93.99
2013-03-09,16.43,6.59,10.58,0.21,12.35,0.92,4.2,90.7
2013-03-10,16.98,7.38,11.24,1.6,16.85,0.92,4.08,86.67
2013-03-11,16.02,7.84,11.7,2.29,11.77,0.92,4.46,91.76
2013-03-12,17.04,6.51,11.07,2.53,15.72,0.92,2.04,81.1
2013-03-13,14.04,4.87,9.47,1.9,14.67,0.92,4.05,85.06
2013-03-14,16.13,8.57,12.03,0.19,11.19,0.92,7.34,84.62
2013-03-15,13.96,0.45,9.82,9.74,13.3,0.92,7.48,80.92
2013-03-16,2.66,-1.91,0.4,5.86,6.19,0.92,3.72,83.44
2013-03-17,4.85,-4.49,0.08,0.04,14.12,0.92,2.65,74.41
2013-03-18,8.47,-4.22,2.22,0.02,17.0,0.92,3.88,81.68
2013-03-19,15.21,2.53,9.23,0.56,14.08,0.92,6.81,86.47
2013-03-20,16.28,3.51,9.76,0.29,16.36,0.92,2.09,81.82
2013-03-21,17.27,7.92,12.11,1.2,10.46,0.91,5.01,85.23
2013-03-22,10.76,2.01,6.4,6.29,5.78,0.92,6.93,77.67
2013-03-23,10.5,1.04,4.77,0.0,20.0,0.91,5.56,69.79
2013-03-24,11.79,-0.78,5.63,0.0,16.63,0.91,2.65,79.43
2013-03-25,10.36,3.09,5.46,0.13,10.66,0.91,4.95,86.22
2013-03-26,14.92,3.58,8.36,9.7,9.38,0.91,3.64,90.42
2013-03-27,8.43,1.37,4.0,8.27,5.65,0.92,4.37,88.94
2013-03-28,10.45,0.02,4.78,0.09,7.12,0.92,2.75,83.62
2013-03-29,11.76,1.05,5.95,0.41,8.61,0.92,3.07,87.48
2013-03-30,16.24,4.52,10.13,0.3,10.96,0.92,3.34,88.79
2013-03-31,19.13,10.77,13.94,0.0,13.35,0.91,5.42,82.8
2013-04-01,20.0,7.77,13.97,1.1,21.71,0.91,3.4,78.86
2013-04-02,18.44,6.18,12.15,0.75,19.69,0.91,2.9,77.81
2013-04-03,14.82,9.01,11.83,6.26,3.63,0.9,3.89,88.29
2013-04-04,16.33,6.78,11.55,0.92,18.91,0.91,2.69,77.6
2013-04-05,18.19,5.05,11.72,0.0,15.07,0.91,3.82,79.76
2013-04-06,21.42,8.44,14.22,0.01,18.2,0.9,2.54,81.24
2013-04-07,11.74,5.41,9.47,7.68,6.76,0.9,6.27,91.92
2013-04-08,5.32,2.58,4.43,9.47,6.51,0.92,4.99,91.67
2013-04-09,9.94,1.39,5.65,0.07,12.51,0.91,1.97,85.97
2013-04-10,14.64,3.36,8.86,0.1,20.01,0.91,2.6,84.47
2013-04-11,16.63,6.21,10.83,0.86,18.97,0.91,2.59,78.53
2013-04-12,18.5,4.27,11.8,0.0,22.11,0.9,3.33,79.25
2013-04-13,21.19,6.94,14.05,1.74,23.45,0.9,3.38,82.17
2013-04-14,16.97,8.94,12.76,1.51,14.69,0.9,3.11,84.88
2013-04-15,13.38,6.8,9.81,2.54,10.35,0.89,5.59,83.56
2013-04-16,13.19,6.36,9.05,3.64,10.03,0.9,7.26,74.76
2013-04-17,14.54,2.12,7.97,0.0,25.23,0.89,5.5,66.57
2013-04-18,11.93,0.83,6.35,0.0,21.92,0.89,3.6,70.66
2013-04-19,12.17,3.0,7.25,0.02,14.57,0.88,4.17,84.49
2013-04-20,16.18,4.05,9.65,0.0,15.07,0.88,3.74,73.13
2013-04-21,18.24,4.01,11.16,0.28,16.82,0.88,3.63,74.82
2013-04-22,16.89,4.97,10.95,0.1,18.74,0.87,2.95,79.29
2013-04-23,19.28,2.77,11.49,0.0,22.59,0.87,1.65,71.8
2013-04-24,22.4,7.84,16.15,0.06,23.9,0.86,1.37,66.25
2013-04-25,24.08,10.48,17.98,0.0,26.31,0.85,1.74,58.37
2013-04-26,25.16,12.69,18.35,0.0,26.66,0.85,1.44,60.6
2013-04-27,24.42,10.07,17.0,0.0,27.3,0.84,2.98,69.37
2013-04-28,25.07,9.56,17.09,0.0,25.41,0.83,3.47,69.52
2013-04-29,27.41,13.09,19.66,0.0,26.03,0.83,1.95,69.72
2013-04-30,25.63,11.05,17.62,0.0,26.55,0.82,2.85,71.08
2013-05-01,24.58,9.16,16.4,0.0,27.21,0.81,2.78,73.72
2013-05-02,24.15,8.82,16.22,0.0,27.72,0.8,3.12,76.97
2013-05-03,25.23,8.87,16.86,0.0,27.23,0.8,1.99,78.07
2013-05-04,26.0,12.28,18.77,4.0,23.07,0.8,1.27,72.64
2013-05-05,25.12,13.93,19.34,0.05,24.94,0.79,2.61,76.99
2013-05-06,23.92,11.22,17.56,0.0,25.6,0.79,3.52,76.36
2013-05-07,23.25,8.79,15.63,0.0,26.66,0.78,4.07,77.64
2013-05-08,20.09,10.72,14.82,0.0,22.23,0.78,4.73,77.86
2013-05-09,20.68,10.19,14.61,0.0,16.11,0.77,4.53,75.43
2013-05-10,21.75,9.12,14.7,0.0,27.12,0.77,3.99,71.65
2013-05-11,22.64,6.52,15.11,0.0,28.66,0.76,2.58,68.16
2013-05-12,23.93,10.23,17.3,0.0,25.31,0.75,1.21,69.37
2013-05-13,22.46,11.97,17.39,0.53,19.53,0.75,1.7,74.98
2013-05-14,18.33,12.51,15.53,0.67,8.4,0.75,3.62,83.69
2013-05-15,22.0,9.32,15.8,0.0,26.09,0.74,2.76,67.48
2013-05-16,24.56,10.27,17.66,0.0,25.6,0.74,3.45,73.29
2013-05-17,24.76,13.25,18.57,0.25,21.7,0.73,4.74,73.3
2013-05-18,27.67,13.61,20.91,0.73,27.86,0.72,2.4,72.89
2013-05-19,27.45,16.05,21.89,0.2,22.91,0.72,1.32,66.55
2013-05-20,28.71,14.43,21.67,0.06,27.31,0.71,2.57,68.22
2013-05-21,28.06,14.26,21.39,0.06,26.4,0.7,1.42,67.69
2013-05-22,29.29,13.9,21.53,0.01,25.15,0.7,3.22,58.12
2013-05-23,27.63,15.56,21.63,0.34,27.87,0.69,6.63,61.07
2013-05-24,22.06,13.7,18.63,3.84,22.42,0.69,5.27,70.16
2013-05-25,25.45,12.68,19.19,0.09,28.32,0.69,4.05,63.98
2013-05-26,26.65,11.83,19.27,0.23,30.12,0.68,4.87,62.78
2013-05-27,22.69,9.42,16.45,0.12,28.65,0.68,2.49,58.7
2013-05-28,25.9,9.5,17.87,0.0,28.26,0.67,3.25,59.91
2013-05-29,26.26,12.87,18.97,0.0,23.44,0.67,3.95,51.37
2013-05-30,27.91,13.09,20.57,0.03,24.29,0.66,3.89,64.12
2013-05-31,25.84,14.11,19.28,4.96,24.99,0.66,4.01,65.85
2013-06-01,25.46,9.96,17.78,0.3,30.37,0.67,2.85,51.15
2013-06-02,18.38,11.43,14.47,7.56,7.18,0.67,2.74,82.96
2013-06-03,23.71,10.08,17.28,0.16,23.0,0.67,2.79,68.51
2013-06-04,20.86,11.55,16.82,7.27,19.82,0.68,1.61,73.11
2013-06-05,22.15,12.18,18.01,0.3,18.44,0.68,1.55,67.02
2013-06-06,23.48,11.54,18.89,0.27,23.29,0.68,1.25,61.36
2013-06-07,23.19,14.91,19.35,2.47,17.41,0.67,1.37,62.69
2013-06-08,22.63,13.3,18.17,3.34,18.92,0.68,1.2,71.28
2013-06-09,25.87,11.68,19.27,0.01,25.7,0.67,1.38,68.02
2013-06-10,29.1,12.71,21.36,0.02,29.07,0.67,2.36,64.74
2013-06-11,30.28,15.95,22.77,0.9,26.05,0.66,2.39,58.59
2013-06-12,19.96,15.97,17.75,8.18,13.89,0.67,2.33,82.99
2013-06-13,21.89,15.11,18.27,15.72,10.56,0.68,3.88,85.8
2013-06-14,23.88,15.14,19.51,6.48,17.5,0.7,3.89,79.37
2013-06-15,25.09,15.0,20.45,4.96,23.5,0.7,2.76,76.69
2013-06-16,28.34,15.28,22.46,0.17,27.16,0.69,3.03,70.64
2013-06-17,30.72,16.93,23.95,0.0,28.89,0.68,3.27,63.51
2013-06-18,31.14,17.27,24.08,0.0,28.89,0.67,3.14,61.21
2013-06-19,31.52,16.34,23.76,0.01,29.37,0.66,2.54,56.81
2013-06-20,29.42,16.89,22.64,0.0,27.01,0.66,3.64,62.24
2013-06-21,29.15,13.74,21.12,0.0,30.12,0.65,2.89,59.62
2013-06-22,32.28,13.58,22.64,0.0,29.7,0.65,2.27,58.16
2013-06-23,35.5,14.92,25.11,0.0,31.17,0.64,1.15,48.57
2013-06-24,33.64,17.78,24.57,0.54,25.99,0.64,2.36,64.35
2013-06-25,35.13,18.48,26.37,0.0,29.58,0.64,2.16,54.45
2013-06-26,31.81,17.99,24.03,0.0,29.33,0.63,3.79,63.55
2013-06-27,31.03,15.95,23.23,0.0,27.65,0.63,3.92,61.12
2013-06-28,29.13,15.93,22.28,0.0,23.41,0.63,3.93,62.29
2013-06-29,31.01,16.45,23.61,0.17,27.46,0.63,2.76,50.55
2013-06-30,25.2,15.83,19.93,16.95,20.12,0.64,3.06,73.01
2013-07-01,25.17,14.88,20.39,0.11,23.98,0.65,4.93,64.66
2013-07-02,26.59,13.77,20.83,0.65,27.79,0.65,1.99,62.41
2013-07-03,28.13,14.35,21.63,0.0,27.54,0.64,2.27,60.09
2013-07-04,29.21,14.32,22.09,0.0,28.61,0.64,3.17,62.95
2013-07-05,27.73,16.48,21.48,1.01,19.85,0.64,3.56,70.36
2013-07-06,30.55,15.96,23.18,0.26,26.61,0.63,5.0,58.64
2013-07-07,31.54,16.7,23.96,0.13,27.29,0.63,5.0,54.33
2013-07-08,32.33,17.22,24.44,0.09,27.87,0.63,4.67,56.43
2013-07-09,30.91,17.97,23.97,1.36,26.32,0.62,4.95,60.15
2013-07-10,30.89,16.76,23.04,0.0,27.54,0.62,4.15,55.84
2013-07-11,31.02,16.01,23.22,0.0,26.99,0.62,3.15,56.0
2013-07-12,32.74,16.84,24.66,0.05,25.44,0.62,2.2,53.28
2013-07-13,32.84,16.21,24.63,0.0,27.63,0.61,2.74,50.07
2013-07-14,31.38,16.43,23.79,0.0,28.5,0.61,3.54,49.23
2013-07-15,30.28,16.78,23.4,0.0,25.37,0.61,2.5,51.85
2013-07-16,28.3,16.48,21.88,4.63,22.54,0.61,2.58,65.47
2013-07-17,27.98,15.69,21.36,0.01,24.88,0.61,4.72,64.1
2013-07-18,28.47,14.84,21.29,0.0,26.9,0.61,4.21,62.62
2013-07-19,30.21,14.63,22.35,0.0,25.89,0.61,3.22,58.23
2013-07-20,31.85,14.78,23.57,0.0,28.94,0.61,2.79,52.11
2013-07-21,29.04,16.46,22.26,0.04,23.31,0.61,3.57,58.0
2013-07-22,28.84,14.6,21.67,0.05,24.84,0.61,3.31,53.11
2013-07-23,32.6,14.86,24.22,0.0,28.6,0.61,1.28,45.83
2013-07-24,34.58,17.13,25.99,0.0,28.07,0.6,2.03,38.94
2013-07-25,35.4,17.52,26.6,0.0,27.01,0.6,2.95,39.78
2013-07-26,33.97,19.77,26.29,0.01,24.94,0.6,2.37,44.49
2013-07-27,32.58,18.57,25.41,0.0,23.81,0.6,2.6,50.6
2013-07-28,33.64,17.75,25.45,0.0,25.52,0.6,2.29,50.49
2013-07-29,36.83,18.22,27.83,0.0,27.07,0.6,1.47,43.89
2013-07-30,37.74,20.7,29.32,0.59,26.02,0.6,2.03,39.89
2013-07-31,27.8,20.41,23.86,4.07,19.67,0.6,3.19,65.91
2013-08-01,30.85,18.62,24.35,0.02,21.91,0.61,4.08,59.01
2013-08-02,32.23,18.3,24.84,0.0,25.05,0.6,3.54,52.32
2013-08-03,34.66,18.27,26.37,0.0,26.37,0.6,1.91,49.39
2013-08-04,32.91,18.3,25.22,0.0,26.09,0.6,3.61,49.2
2013-08-05,31.34,16.03,23.19,0.0,28.22,0.6,3.52,55.74
2013-08-06,31.99,16.37,24.18,0.0,25.39,0.6,3.96,53.26
2013-08-07,31.95,16.88,24.11,0.0,26.9,0.6,3.74,53.46
2013-08-08,33.93,17.1,25.35,0.0,26.89,0.6,3.61,48.58
2013-08-09,33.42,17.85,25.01,0.0,25.99,0.6,3.59,61.8
2013-08-10,32.62,17.39,24.76,0.0,25.58,0.6,4.28,62.4
2013-08-11,31.28,17.8,24.19,0.0,23.82,0.6,4.23,57.65
2013-08-12,32.63,17.25,25.44,0.0,24.04,0.6,3.4,46.74
2013-08-13,34.6,19.04,26.41,0.0,24.17,0.6,2.88,45.97
2013-08-14,35.07,18.12,26.07,0.0,24.65,0.6,3.4,42.82
2013-08-15,33.95,18.01,25.51,0.0,24.66,0.6,4.3,61.53
2013-08-16,31.73,19.13,24.72,0.0,23.47,0.6,5.74,60.16
2013-08-17,30.74,17.36,23.75,0.0,23.18,0.6,5.03,52.99
2013-08-18,32.67,15.82,24.0,0.0,25.21,0.6,3.91,50.0
2013-08-19,33.62,17.82,25.11,0.0,22.78,0.6,3.59,57.94
2013-08-20,31.58,17.06,23.8,0.0,24.34,0.6,3.79,59.58
2013-08-21,30.47,17.67,23.32,0.0,21.93,0.6,4.55,61.82
2013-08-22,29.43,17.35,22.73,0.0,22.45,0.6,4.24,61.18
2013-08-23,31.09,16.86,23.36,0.0,22.98,0.6,3.44,52.95
2013-08-24,32.52,16.37,24.58,0.0,23.01,0.6,2.76,48.18
2013-08-25,32.43,17.22,24.77,0.0,22.81,0.6,1.93,57.52
2013-08-26,34.91,16.92,25.92,0.0,23.43,0.59,1.74,51.58
2013-08-27,35.89,18.16,27.02,0.2,22.73,0.59,2.61,48.51
2013-08-28,35.61,19.72,27.06,0.35,22.53,0.59,2.48,56.23
2013-08-29,31.18,19.59,25.23,0.31,19.71,0.6,2.92,58.18
2013-08-30,29.89,17.12,23.11,0.0,19.14,0.6,3.28,51.2
2013-08-31,25.96,15.09,20.45,0.11,19.18,0.59,2.22,55.68
2013-09-01,29.12,14.53,21.53,0.0,21.13,0.59,1.77,47.12
2013-09-02,29.63,15.05,22.02,0.0,21.23,0.59,1.86,46.43
2013-09-03,28.9,14.83,21.89,0.32,19.82,0.59,4.24,37.13
2013-09-04,26.72,14.93,20.38,0.03,21.2,0.59,3.99,45.22
2013-09-05,27.81,12.84,20.13,0.0,22.86,0.59,2.05,43.41
2013-09-06,28.63,13.47,20.65,0.0,19.85,0.59,2.8,48.11
2013-09-07,29.55,13.34,21.13,0.0,20.33,0.59,2.06,52.43
2013-09-08,27.31,14.15,20.2,0.0,20.23,0.59,2.83,55.47
2013-09-09,28.26,13.93,20.73,0.0,20.78,0.59,1.7,54.84
2013-09-10,29.18,15.18,21.78,0.04,18.6,0.59,1.8,48.58
2013-09-11,32.1,17.02,24.01,0.25,16.35,0.59,3.82,45.49
2013-09-12,33.22,16.96,24.91,0.02,20.88,0.59,2.27,47.48
2013-09-13,30.74,18.12,24.42,6.73,18.51,0.59,2.91,51.76
2013-09-14,22.97,12.35,16.98,7.73,20.61,0.62,4.33,61.65
2013-09-15,26.38,11.32,18.35,0.0,20.95,0.62,3.41,53.11
2013-09-16,26.4,13.61,18.74,0.24,11.49,0.62,1.89,60.77
2013-09-17,24.98,13.62,19.06,0.02,17.85,0.61,2.67,67.7
2013-09-18,23.24,12.32,17.05,0.5,16.33,0.61,3.33,60.95
2013-09-19,27.6,12.11,18.84,0.03,20.51,0.61,2.58,47.07
2013-09-20,22.86,11.29,15.98,0.06,9.8,0.61,3.35,55.49
2013-09-21,23.24,8.84,15.75,0.0,19.46,0.61,2.87,49.86
2013-09-22,23.07,10.09,16.18,0.0,16.55,0.61,3.47,56.76
2013-09-23,24.03,10.65,16.7,0.0,18.74,0.6,2.8,55.91
2013-09-24,24.91,10.6,17.16,0.0,12.28,0.6,3.91,55.59
2013-09-25,28.11,11.42,18.88,0.0,19.43,0.6,3.06,51.57
2013-09-26,30.21,12.81,20.47,0.0,18.73,0.6,3.65,65.35
2013-09-27,25.88,13.62,18.6,0.0,13.99,0.6,3.18,67.89
2013-09-28,23.39,11.76,17.2,0.03,12.17,0.6,2.05,68.71
2013-09-29,25.78,11.02,18.32,0.12,15.72,0.6,2.61,70.58
2013-09-30,26.26,14.1,19.07,2.43,10.04,0.6,3.53,74.73
2013-10-01,20.61,6.9,15.89,4.51,7.17,0.61,6.04,78.37
2013-10-02,13.63,3.83,8.08,0.39,9.21,0.61,6.23,68.1
2013-10-03,11.81,0.93,5.77,0.01,13.02,0.61,4.65,61.04
2013-10-04,10.15,0.43,4.67,0.0,10.72,0.61,3.67,61.36
2013-10-05,13.17,-1.78,5.01,0.0,17.98,0.61,2.6,61.47
2013-10-06,16.76,1.78,8.48,0.0,17.94,0.61,1.42,64.42
2013-10-07,19.27,3.3,10.09,0.0,17.22,0.61,1.93,71.75
2013-10-08,20.2,3.6,10.72,0.0,17.12,0.61,2.6,73.32
2013-10-09,22.12,7.76,13.99,0.03,14.16,0.61,1.8,67.98
2013-10-10,24.5,9.05,15.76,0.02,15.72,0.61,3.34,74.39
2013-10-11,23.8,10.83,16.33,0.0,12.25,0.6,2.66,77.71
2013-10-12,26.3,10.3,17.2,0.0,14.71,0.6,2.14,75.83
2013-10-13,23.53,10.25,15.24,0.01,7.18,0.6,2.31,75.85
2013-10-14,23.44,9.18,15.41,0.0,13.86,0.6,1.25,74.18
2013-10-15,24.43,9.51,16.36,0.0,13.0,0.6,2.52,69.26
2013-10-16,18.63,11.58,15.26,3.43,10.79,0.6,3.52,89.42
2013-10-17,14.61,8.42,12.33,20.17,3.9,0.63,5.06,88.5
2013-10-18,17.77,10.92,13.6,3.98,10.46,0.65,6.4,73.81
2013-10-19,17.89,6.54,11.56,0.0,14.1,0.65,2.77,71.71
2013-10-20,18.82,5.64,11.04,0.0,13.51,0.64,2.58,74.51
2013-10-21,20.96,5.69,11.93,0.0,14.53,0.64,2.2,76.05
2013-10-22,24.54,8.76,15.2,0.0,13.72,0.64,2.44,71.32
2013-10-23,22.6,8.34,13.74,0.0,13.73,0.63,2.94,75.48
2013-10-24,20.18,6.62,11.61,0.0,14.21,0.63,2.71,79.03
2013-10-25,19.09,5.55,10.22,0.0,10.26,0.63,1.73,76.35
2013-10-26,19.28,5.09,10.15,0.0,12.2,0.63,1.84,76.39
2013-10-27,19.84,6.17,11.17,0.0,13.17,0.63,0.92,70.92
2013-10-28,22.75,6.51,13.79,0.0,12.97,0.63,2.19,63.4
2013-10-29,25.58,13.06,17.79,0.0,10.92,0.63,0.72,63.14
2013-10-30,24.07,10.08,15.59,0.0,11.75,0.63,1.76,74.03
2013-10-31,20.03,7.95,13.09,0.0,11.28,0.62,3.81,82.37
2013-11-01,18.03,11.29,13.25,0.01,5.89,0.62,3.28,83.49
2013-11-02,17.55,8.27,12.69,0.0,6.97,0.62,1.3,82.4
2013-11-03,20.76,7.18,12.48,0.0,9.54,0.62,2.85,83.17
2013-11-04,21.6,9.85,14.68,0.0,8.09,0.62,4.12,85.29
2013-11-05,20.42,14.14,16.3,0.04,5.59,0.62,6.87,84.88
2013-11-06,17.99,12.53,14.93,3.95,5.13,0.62,6.44,87.04
2013-11-07,17.04,6.9,11.53,5.57,11.18,0.64,3.14,71.29
2013-11-08,18.23,5.87,10.47,0.0,11.33,0.64,1.79,71.15
2013-11-09,18.39,4.02,9.71,0.0,11.69,0.63,2.17,76.24
2013-11-10,18.39,5.83,10.75,0.0,9.73,0.63,2.64,82.41
2013-11-11,19.26,9.38,14.29,0.09,5.25,0.63,4.0,91.01
2013-11-12,18.23,10.91,13.7,0.02,7.2,0.63,2.97,87.86
2013-11-13,14.0,8.13,10.33,0.11,3.2,0.63,3.51,85.89
2013-11-14,11.28,8.14,9.16,0.99,3.88,0.63,3.97,88.61
2013-11-15,10.82,5.97,8.32,0.97,2.56,0.63,5.94,80.88
2013-11-16,12.27,1.9,6.62,0.01,7.82,0.63,3.79,75.01
2013-11-17,12.7,0.6,5.74,0.0,10.23,0.63,2.38,75.3
2013-11-18,12.86,2.19,6.48,0.0,9.45,0.63,2.99,86.59
2013-11-19,13.68,5.2,8.27,0.02,5.65,0.63,2.14,87.17
2013-11-20,16.88,4.44,10.85,3.81,3.66,0.63,4.4,90.51
2013-11-21,17.61,9.39,12.56,5.74,6.33,0.64,3.75,90.37
2013-11-22,14.81,6.88,10.95,5.99,4.33,0.66,2.7,91.84
2013-11-23,16.18,6.68,10.27,0.27,5.51,0.65,2.57,87.79
2013-11-24,15.18,9.67,12.06,7.63,3.45,0.65,5.77,89.61
2013-11-25,15.93,5.14,11.31,0.41,7.92,0.66,4.17,76.86
2013-11-26,6.16,2.77,4.13,4.66,1.2,0.66,4.95,87.94
2013-11-27,9.15,1.83,6.65,1.61,2.24,0.67,5.73,92.96
2013-11-28,5.82,-3.21,0.66,0.14,5.88,0.67,3.65,81.14
2013-11-29,6.37,-3.96,-0.26,0.0,7.57,0.66,3.86,79.78
2013-11-30,7.32,-3.86,0.69,0.0,8.27,0.66,2.11,81.96
2013-12-01,12.01,-0.8,4.99,0.16,3.35,0.66,1.84,76.55
2013-12-02,6.69,0.26,4.11,2.44,2.76,0.66,3.28,88.09
2013-12-03,4.05,-3.4,-0.61,0.0,9.29,0.66,5.85,67.23
2013-12-04,6.64,-2.6,0.23,0.0,4.03,0.66,4.05,81.6
2013-12-05,8.85,-3.85,0.3,0.0,9.08,0.66,2.99,68.81
2013-12-06,8.62,-3.57,1.6,0.0,8.25,0.66,3.23,84.24
2013-12-07,6.05,-2.57,1.56,0.07,6.97,0.66,5.44,61.56
2013-12-08,5.01,-4.41,-0.24,0.0,8.61,0.66,3.85,72.71
2013-12-09,8.54,-3.98,1.67,0.01,8.09,0.66,3.43,77.84
2013-12-10,3.73,-5.24,0.57,0.19,2.37,0.66,5.86,69.78
2013-12-11,0.52,-6.78,-3.73,0.06,8.87,0.66,4.92,61.38
2013-12-12,1.19,-3.06,-1.42,0.46,2.38,0.66,2.66,81.06
2013-12-13,2.63,-2.85,-0.58,0.65,2.73,0.66,2.53,92.22
2013-12-14,6.54,-2.81,0.36,0.0,8.24,0.66,2.06,87.59
2013-12-15,3.55,-1.72,0.41,0.0,4.62,0.66,1.37,95.66
2013-12-16,3.52,-2.29,-0.32,0.01,3.55,0.66,4.09,81.7
2013-12-17,4.64,-2.57,0.18,0.01,4.61,0.66,4.72,86.63
2013-12-18,7.14,-0.76,1.68,0.0,4.64,0.66,3.88,90.57
2013-12-19,7.44,-1.82,2.07,0.0,6.7,0.66,1.39,88.21
2013-12-20,6.86,-1.93,0.6,0.0,8.58,0.66,1.89,86.8
2013-12-21,8.85,-3.6,0.82,0.0,6.28,0.66,2.16,82.82
2013-12-22,7.08,-2.05,1.5,0.01,7.84,0.66,1.82,94.17
2013-12-23,7.11,-1.31,2.31,0.01,4.14,0.66,1.15,87.7
2013-12-24,7.11,-2.64,0.86,0.0,4.28,0.66,1.91,86.63
2013-12-25,12.79,0.27,4.15,0.0,6.72,0.66,2.19,79.68
2013-12-26,12.32,-0.83,4.97,0.05,5.88,0.66,3.09,81.79
2013-12-27,12.48,4.76,7.5,0.08,2.87,0.66,4.24,78.68
2013-12-28,11.69,4.4,6.95,0.0,6.04,0.66,4.19,83.28
2013-12-29,9.2,1.42,4.6,0.0,5.78,0.65,3.61,89.09
2013-12-30,7.64,-2.1,2.25,0.0,3.62,0.65,3.33,83.72
2013-12-31,3.84,-3.51,-0.69,0.0,2.43,0.65,3.37,85.49
2014-01-01,3.87,-1.07,1.11,0.07,2.01,0.65,2.43,91.85
2014-01-02,6.78,0.72,3.06,0.02,2.37,0.65,1.4,93.39
2014-01-03,8.09,2.51,4.28,0.0,4.49,0.65,0.75,91.41
2014-01-04,9.76,-0.07,3.57,0.0,4.8,0.65,0.82,87.37
2014-01-05,5.16,1.07,2.93,0.0,3.96,0.65,3.67,95.37
2014-01-06,9.56,4.72,6.92,0.0,4.86,0.65,2.93,98.09
2014-01-07,12.57,3.69,6.27,0.02,6.48,0.65,1.32,89.23
2014-01-08,11.79,2.45,5.38,0.0,5.01,0.65,1.62,90.12
2014-01-09,12.46,2.12,5.61,0.0,5.86,0.65,1.32,89.32
2014-01-10,11.6,2.08,5.51,0.0,4.57,0.65,3.7,91.65
2014-01-11,12.18,1.72,5.58,0.0,7.93,0.65,2.23,72.04
2014-01-12,11.0,0.5,4.72,0.0,6.31,0.65,2.96,84.86
2014-01-13,11.74,-2.2,3.52,0.0,9.51,0.65,3.13,73.77
2014-01-14,11.77,-1.21,3.92,0.0,7.34,0.65,2.5,86.51
2014-01-15,9.83,0.66,5.54,1.45,5.76,0.65,3.74,97.44
2014-01-16,10.5,3.41,7.91,8.79,3.38,0.67,3.02,96.25
2014-01-17,10.21,2.58,5.9,0.02,4.19,0.67,2.94,95.01
2014-01-18,13.63,5.79,8.85,0.0,4.61,0.67,4.47,90.31
2014-01-19,15.62,4.89,9.28,0.0,7.77,0.66,3.82,86.68
2014-01-20,15.84,9.19,11.65,0.12,6.87,0.66,6.36,89.38
2014-01-21,15.9,7.48,11.53,1.09,4.33,0.66,6.3,86.93
2014-01-22,12.75,3.95,7.65,0.24,7.55,0.66,2.71,87.05
2014-01-23,11.81,4.0,6.72,0.11,7.83,0.66,1.4,83.92
2014-01-24,10.08,3.35,6.38,5.93,4.39,0.66,3.48,92.96
2014-01-25,13.24,6.33,7.96,9.73,5.55,0.68,4.89,89.11
2014-01-26,7.18,-0.02,4.97,15.79,1.63,0.71,4.27,94.19
2014-01-27,-0.29,-6.04,-3.85,1.16,3.39,0.71,5.09,79.29
2014-01-28,1.73,-5.01,-1.34,2.05,3.06,0.7,3.09,88.03
2014-01-29,1.59,-6.86,-0.82,11.27,2.8,0.72,5.78,92.48
2014-01-30,1.98,-7.76,-4.06,0.01,8.63,0.72,3.41,81.55
2014-01-31,1.2,-5.43,-2.9,0.03,3.04,0.71,5.1,82.92
2014-02-01,4.68,-4.76,-0.74,0.03,3.86,0.71,4.9,86.97
2014-02-02,6.11,-0.62,2.3,0.0,6.64,0.71,6.63,85.23
2014-02-03,5.55,0.27,2.05,0.0,4.17,0.71,5.98,88.04
2014-02-04,5.19,-2.12,0.68,0.0,4.44,0.71,3.7,86.07
2014-02-05,6.6,-2.13,0.95,0.0,5.82,0.71,1.42,85.03
2014-02-06,7.66,-1.48,1.54,0.0,10.0,0.71,1.68,86.84
2014-02-07,8.19,-1.26,2.27,0.0,9.28,0.71,2.0,89.87
2014-02-08,12.77,2.78,7.51,0.12,8.78,0.71,5.18,92.88
2014-02-09,15.38,6.22,10.56,2.17,10.09,0.71,5.85,88.03
2014-02-10,15.22,4.36,9.5,1.91,13.26,0.71,4.57,74.28
2014-02-11,15.79,4.15,10.03,0.0,10.3,0.71,4.79,90.15
2014-02-12,16.6,9.85,11.86,0.13,8.56,0.71,6.07,88.22
2014-02-13,14.39,8.33,11.07,0.97,8.03,0.71,4.63,87.24
2014-02-14,13.73,6.33,9.82,0.42,9.61,0.71,2.26,78.75
2014-02-15,11.97,1.88,6.08,0.15,11.83,0.71,3.45,85.12
2014-02-16,10.73,2.74,5.04,0.0,10.8,0.71,3.35,90.59
2014-02-17,18.24,4.1,9.29,0.0,12.47,0.71,4.21,83.75
2014-02-18,19.6,5.96,10.8,0.0,11.53,0.7,2.23,80.08
2014-02-19,17.25,5.67,9.75,0.0,9.66,0.7,4.81,87.99
2014-02-20,18.03,7.14,10.97,0.0,12.85,0.7,4.54,84.36
2014-02-21,15.49,6.18,10.03,0.01,8.02,0.7,2.57,86.13
2014-02-22,13.78,4.84,7.8,0.06,7.09,0.7,2.15,83.3
2014-02-23,9.01,3.46,5.8,0.49,4.2,0.7,2.49,85.11
2014-02-24,5.68,-0.16,2.56,0.82,4.21,0.7,5.46,84.45
2014-02-25,6.14,-2.99,1.37,0.04,7.03,0.7,4.51,83.01
2014-02-26,8.35,-3.66,1.57,0.0,13.12,0.7,1.78,76.64
2014-02-27,10.88,-1.46,3.69,0.0,13.54,0.7,1.82,80.51
2014-02-28,11.68,1.67,5.87,2.76,9.31,0.7,3.41,88.67
2014-03-01,8.6,4.68,6.75,3.56,3.99,0.71,2.24,94.97
2014-03-02,14.12,5.69,8.4,3.03,5.13,0.71,4.75,85.23
2014-03-03,13.4,4.28,8.57,2.66,8.3,0.71,4.25,85.63
2014-03-04,12.07,3.81,8.5,1.57,5.64,0.71,3.63,87.9
2014-03-05,14.73,3.47,9.11,13.39,8.42,0.71,3.36,89.33
2014-03-06,12.41,4.36,7.83,3.55,9.44,0.74,2.59,84.92
2014-03-07,12.22,4.23,7.34,1.51,9.5,0.73,3.78,87.62
2014-03-08,6.42,3.46,4.87,0.66,4.64,0.73,6.05,88.77
2014-03-09,6.87,0.1,3.17,0.37,7.84,0.73,6.76,76.55
2014-03-10,3.69,1.0,2.43,6.74,2.14,0.73,6.97,92.49
2014-03-11,7.17,-0.78,2.93,1.55,7.64,0.74,5.19,78.58
2014-03-12,13.15,-1.47,4.88,0.0,16.96,0.74,5.2,66.52
2014-03-13,12.04,-0.96,5.24,0.0,19.15,0.73,3.87,60.03
2014-03-14,15.95,-1.2,7.05,0.0,19.08,0.73,2.09,64.18
2014-03-15,16.77,1.82,8.41,0.0,19.74,0.73,4.98,73.96
2014-03-16,13.18,5.64,8.59,0.01,10.37,0.72,4.6,62.76
2014-03-17,18.03,4.4,10.97,0.0,14.99,0.72,3.17,69.49
2014-03-18,20.55,4.93,12.22,0.0,19.56,0.72,3.09,64.09
2014-03-19,21.2,5.53,12.7,0.16,20.39,0.71,5.07,65.57
2014-03-20,17.44,5.11,10.76,1.99,19.36,0.71,3.41,69.11
2014-03-21,19.16,3.4,10.51,0.0,19.23,0.71,2.28,67.4
2014-03-22,20.05,2.78,10.92,0.0,21.21,0.71,2.15,69.45
2014-03-23,19.45,4.83,11.17,0.0,17.88,0.71,3.3,72.15
2014-03-24,19.17,6.41,12.18,0.01,18.19,0.7,5.29,81.43
2014-03-25,12.64,5.52,9.82,11.91,6.16,0.71,2.38,88.52
2014-03-26,11.99,3.84,7.99,1.47,8.5,0.72,2.46,86.56
2014-03-27,14.88,5.19,9.88,1.31,9.82,0.72,2.8,85.1
2014-03-28,16.98,7.29,11.5,0.95,14.69,0.72,2.91,79.27
2014-03-29,16.65,0.33,9.08,0.39,13.69,0.72,4.64,70.53
2014-03-30,12.99,-2.26,4.95,0.0,23.01,0.71,1.89,59.11
2014-03-31,18.01,-1.15,8.14,0.0,23.07,0.71,2.69,68.14
2014-04-01,20.94,5.16,12.64,0.02,19.48,0.71,2.84,67.08
2014-04-02,16.74,5.96,10.34,0.02,17.43,0.7,3.55,74.35
2014-04-03,16.2,4.74,9.23,0.0,17.87,0.7,2.12,76.15
2014-04-04,21.18,4.65,12.08,0.0,18.86,0.7,4.35,75.33
2014-04-05,16.34,9.85,12.45,0.01,8.31,0.7,3.95,85.32
2014-04-06,14.78,5.41,10.31,0.0,16.4,0.7,5.21,80.43
2014-04-07,15.52,4.64,9.21,0.09,17.23,0.7,3.79,67.35
2014-04-08,18.24,6.65,12.01,0.39,20.14,0.69,2.28,70.49
2014-04-09,21.64,5.64,13.34,0.04,22.76,0.69,3.08,70.48
2014-04-10,9.61,3.78,7.36,10.94,4.38,0.7,3.19,86.79
2014-04-11,11.48,2.98,7.43,1.29,13.27,0.71,2.08,74.93
2014-04-12,13.02,3.28,8.67,1.65,17.12,0.71,2.02,73.89
2014-04-13,12.44,4.54,8.73,0.29,16.67,0.71,2.14,76.04
2014-04-14,17.88,4.03,10.76,0.0,22.66,0.7,2.0,66.61
2014-04-15,19.59,5.85,12.08,0.04,20.55,0.7,4.43,69.05
2014-04-16,17.47,6.41,12.14,0.29,12.16,0.7,4.42,76.1
2014-04-17,18.7,8.03,13.38,0.76,16.88,0.69,3.79,72.09
2014-04-18,13.3,6.66,10.1,4.55,10.41,0.7,4.59,83.76
2014-04-19,15.04,7.0,10.82,2.25,16.89,0.7,6.09,79.66
2014-04-20,15.08,7.84,11.47,11.63,11.83,0.71,3.13,87.92
2014-04-21,20.55,5.81,13.23,0.26,20.06,0.71,2.75,77.81
2014-04-22,22.96,9.5,15.79,0.08,24.05,0.71,2.96,76.15
2014-04-23,24.83,11.02,17.55,0.0,15.55,0.7,2.17,70.44
2014-04-24,21.38,10.31,15.13,2.03,18.49,0.7,4.21,80.44
2014-04-25,20.62,9.38,13.6,2.06,10.4,0.7,3.75,80.09
2014-04-26,16.6,7.43,11.5,0.18,15.16,0.7,3.66,75.6
2014-04-27,19.39,6.27,12.66,0.01,16.8,0.69,1.97,77.02
2014-04-28,15.07,9.11,11.58,5.46,9.71,0.7,1.64,88.68
2014-04-29,18.41,8.95,13.78,1.45,18.12,0.7,1.97,80.27
2014-04-30,17.37,9.97,13.39,8.55,17.44,0.71,3.89,78.16
2014-05-01,19.21,8.72,13.92,2.92,15.45,0.71,2.27,79.63
2014-05-02,17.51,9.82,13.84,2.27,17.92,0.71,1.94,81.56
2014-05-03,21.24,9.4,15.46,0.01,18.8,0.71,2.53,73.6
2014-05-04,21.37,10.17,15.74,1.89,22.81,0.7,4.11,74.33
2014-05-05,16.68,8.76,12.33,6.31,16.86,0.7,3.02,82.89
2014-05-06,16.78,5.34,11.3,0.16,15.38,0.71,3.74,71.92
2014-05-07,17.85,3.58,10.67,0.0,28.24,0.7,3.36,69.7
2014-05-08,21.09,6.4,12.44,0.0,28.16,0.7,3.07,70.54
2014-05-09,14.82,6.14,11.24,8.02,13.03,0.69,5.05,81.15
2014-05-10,17.59,10.02,13.75,8.77,11.22,0.71,3.26,83.43
2014-05-11,21.75,11.15,16.22,3.37,24.65,0.72,1.79,78.27
2014-05-12,24.18,10.41,17.06,0.08,21.21,0.71,3.67,74.54
2014-05-13,20.81,10.43,15.46,2.8,21.77,0.7,2.75,76.67
2014-05-14,23.35,12.24,17.53,2.14,19.46,0.7,5.65,73.22
2014-05-15,19.73,10.3,15.09,0.63,23.37,0.7,5.35,70.31
2014-05-16,20.18,9.21,14.4,5.16,24.05,0.7,4.0,72.4
2014-05-17,18.89,8.23,13.98,2.4,23.22,0.7,2.98,75.21
2014-05-18,19.1,9.12,14.95,0.34,23.89,0.7,1.47,70.66
2014-05-19,23.75,11.55,17.66,0.0,27.92,0.69,1.46,60.45
2014-05-20,22.42,9.92,16.22,0.0,24.83,0.69,2.02,65.82
2014-05-21,25.18,11.29,18.13,0.0,27.04,0.68,2.76,60.6
2014-05-22,25.98,12.64,18.57,0.28,23.6,0.68,3.85,63.96
2014-05-23,24.49,10.31,17.59,0.84,21.67,0.67,2.9,63.33
2014-05-24,23.05,13.02,18.85,4.31,19.12,0.68,0.89,70.85
2014-05-25,27.45,14.58,21.45,0.43,24.26,0.68,0.99,59.2
2014-05-26,28.61,14.97,22.42,0.05,24.31,0.67,1.39,56.27
2014-05-27,26.25,17.44,21.61,1.57,25.16,0.67,1.78,65.89
2014-05-28,27.07,15.79,21.64,3.1,23.65,0.67,1.82,69.04
2014-05-29,28.27,15.41,21.18,10.55,22.92,0.67,2.64,68.11
2014-05-30,18.14,15.52,16.89,27.75,14.22,0.71,3.53,91.84
2014-05-31,17.77,12.02,15.3,3.12,14.77,0.73,4.1,85.97
2014-06-01,20.55,10.28,15.89,1.42,19.0,0.72,1.7,74.67
2014-06-02,19.45,10.73,15.3,18.23,10.04,0.73,1.57,83.63
2014-06-03,21.36,10.68,16.62,0.67,21.8,0.73,1.8,79.76
2014-06-04,18.39,11.76,14.93,11.05,5.36,0.74,2.97,90.82
2014-06-05,18.06,12.74,15.35,6.67,13.89,0.75,4.92,91.28
2014-06-06,23.68,13.5,18.78,1.26,18.3,0.74,3.81,80.99
2014-06-07,25.47,15.71,20.38,0.85,27.0,0.73,4.16,78.44
2014-06-08,25.4,15.28,20.29,0.68,17.51,0.73,4.62,77.0
2014-06-09,27.2,16.1,21.19,0.0,28.29,0.72,4.5,71.13
2014-06-10,27.9,15.26,21.75,0.0,27.81,0.71,3.4,70.55
2014-06-11,27.78,15.77,21.87,0.35,24.51,0.7,2.41,70.65
2014-06-12,27.03,14.46,21.09,0.0,26.39,0.69,3.21,61.95
2014-06-13,28.81,14.38,22.6,0.04,28.37,0.68,1.57,63.12
2014-06-14,27.63,17.34,21.88,3.11,19.88,0.68,1.7,72.56
2014-06-15,25.07,16.97,20.7,9.82,23.21,0.69,1.84,79.38
2014-06-16,23.41,16.16,19.63,10.73,24.03,0.71,1.97,85.13
2014-06-17,25.72,14.24,20.93,4.71,19.93,0.71,2.25,78.68
2014-06-18,26.95,17.79,22.04,7.27,21.4,0.71,1.55,76.08
2014-06-19,22.6,14.9,19.0,38.68,18.37,0.74,1.99,88.14
2014-06-20,20.24,13.32,16.56,3.39,21.55,0.77,3.97,82.42
2014-06-21,22.74,12.51,17.65,0.55,18.51,0.75,2.82,70.96
2014-06-22,23.27,10.99,18.15,0.22,29.38,0.74,2.21,65.32
2014-06-23,25.73,13.16,19.88,0.0,30.67,0.73,1.83,62.62
2014-06-24,27.91,12.68,20.89,1.39,27.73,0.72,2.67,65.25
2014-06-25,29.58,15.7,22.88,8.17,25.98,0.72,2.31,72.33
2014-06-26,28.94,17.31,22.89,0.02,27.78,0.72,3.21,73.58
2014-06-27,27.91,15.0,21.11,0.02,20.63,0.71,3.86,73.82
2014-06-28,24.46,13.32,18.68,0.0,26.72,0.7,3.85,70.04
2014-06-29,24.94,11.83,18.36,0.0,30.35,0.69,3.29,69.36
2014-06-30,27.78,11.17,19.88,0.0,30.95,0.69,2.23,69.68
2014-07-01,26.86,14.57,20.55,0.51,26.35,0.68,2.85,72.22
2014-07-02,27.93,13.75,20.86,0.0,29.38,0.68,2.86,67.03
2014-07-03,28.78,13.69,21.36,1.25,30.13,0.67,2.41,65.93
2014-07-04,24.15,14.68,19.37,0.53,20.55,0.67,5.12,67.18
2014-07-05,27.97,13.58,20.57,0.0,28.7,0.67,3.44,64.79
2014-07-06,30.26,14.09,21.91,0.0,29.78,0.66,2.04,58.85
2014-07-07,31.02,15.06,22.8,0.02,29.56,0.66,2.32,60.59
2014-07-08,32.14,16.2,23.93,0.0,28.77,0.65,2.28,52.48
2014-07-09,33.32,17.19,24.78,0.01,28.31,0.65,2.51,62.53
2014-07-10,33.61,16.76,25.18,0.07,28.96,0.65,2.64,61.35
2014-07-11,32.13,16.68,24.15,3.14,27.07,0.64,3.33,63.9
2014-07-12,29.0,17.24,23.43,0.63,22.54,0.64,1.79,62.53
2014-07-13,31.04,17.12,23.97,0.02,27.1,0.64,1.93,54.76
2014-07-14,30.0,16.62,23.4,0.52,22.37,0.64,1.77,60.69
2014-07-15,30.79,16.25,23.24,0.34,24.04,0.64,3.49,62.44
2014-07-16,24.75,18.76,21.13,22.83,6.18,0.67,2.79,83.31
2014-07-17,27.96,15.29,22.05,0.02,24.9,0.67,3.03,66.68
2014-07-18,29.1,16.23,22.65,0.19,22.16,0.66,2.65,66.69
2014-07-19,26.02,17.21,21.58,21.24,17.0,0.67,3.6,77.57
2014-07-20,28.37,16.28,22.39,0.84,25.76,0.69,3.66,72.96
2014-07-21,30.84,16.48,23.9,0.0,28.14,0.68,2.07,63.26
2014-07-22,32.49,16.87,24.66,0.1,28.1,0.67,2.05,61.58
2014-07-23,30.4,17.13,24.02,3.47,22.65,0.66,2.0,70.75
2014-07-24,27.47,18.28,22.52,1.07,22.34,0.66,1.78,77.25
2014-07-25,29.78,16.8,23.15,0.01,25.17,0.66,2.91,69.98
2014-07-26,31.5,17.34,24.31,0.0,26.18,0.65,2.94,66.23
2014-07-27,32.68,18.86,25.19,0.05,25.38,0.65,2.56,66.29
2014-07-28,33.76,18.5,25.82,0.05,26.23,0.65,3.17,67.17
2014-07-29,32.64,19.14,25.26,1.66,22.09,0.64,2.46,69.71
2014-07-30,33.2,19.04,25.44,0.69,26.7,0.64,2.18,65.68
2014-07-31,33.26,18.3,25.32,0.0,23.41,0.64,2.7,62.55
2014-08-01,32.76,18.78,25.14,0.04,25.67,0.63,3.45,67.24
2014-08-02,28.14,20.31,23.58,3.75,15.81,0.64,3.43,75.78
2014-08-03,34.26,17.79,25.72,0.16,25.98,0.64,3.12,57.46
2014-08-04,33.96,18.16,25.33,0.0,26.28,0.63,3.56,54.78
2014-08-05,34.02,17.41,25.35,0.0,25.93,0.63,3.51,52.81
2014-08-06,32.19,18.06,24.62,0.18,22.45,0.62,3.09,65.61
2014-08-07,26.52,19.11,22.18,6.58,12.73,0.63,3.37,78.04
2014-08-08,29.99,17.57,23.41,0.06,18.8,0.63,2.56,63.83
2014-08-09,31.57,17.37,24.25,0.2,23.5,0.63,2.71,62.71
2014-08-10,34.3,17.88,25.72,0.0,24.83,0.63,2.26,56.69
2014-08-11,34.73,19.67,26.79,0.0,24.79,0.62,1.55,53.14
2014-08-12,35.64,19.82,27.14,0.0,25.17,0.62,0.9,56.73
2014-08-13,36.1,19.76,26.93,0.0,25.11,0.62,2.15,54.95
2014-08-14,35.36,17.99,26.2,0.0,26.47,0.61,2.64,62.85
2014-08-15,36.87,19.55,28.13,0.18,24.82,0.61,1.11,60.79
2014-08-16,35.68,21.98,27.9,2.31,23.75,0.61,2.43,62.71
2014-08-17,28.69,15.9,22.23,12.69,12.42,0.62,5.32,78.53
2014-08-18,27.26,14.17,20.05,0.0,25.09,0.63,4.55,61.97
2014-08-19,29.89,14.9,21.99,0.0,25.13,0.63,2.4,59.7
2014-08-20,31.71,15.22,22.9,0.0,25.21,0.62,1.74,61.84
2014-08-21,33.29,16.57,24.8,0.0,24.03,0.62,2.23,63.85
2014-08-22,33.08,19.09,25.42,0.04,22.95,0.62,2.33,59.0
2014-08-23,32.24,19.4,25.11,0.77,21.77,0.62,2.85,70.01
2014-08-24,33.53,18.63,25.72,0.68,22.26,0.61,2.47,63.88
2014-08-25,29.57,17.77,23.1,0.62,19.36,0.61,3.6,60.65
2014-08-26,31.66,15.88,23.3,0.0,23.65,0.61,2.3,60.91
2014-08-27,34.16,16.24,25.33,0.0,24.07,0.61,1.93,54.45
2014-08-28,31.12,19.47,24.54,0.0,21.3,0.61,3.83,55.31
2014-08-29,27.54,14.94,21.03,0.0,21.95,0.61,4.25,58.21
2014-08-30,27.52,12.98,19.79,0.0,24.31,0.61,4.07,59.23
2014-08-31,26.46,14.63,20.24,0.0,18.39,0.61,3.66,66.44
2014-09-01,30.17,14.68,21.86,0.0,19.15,0.6,2.64,63.27
2014-09-02,31.84,14.34,22.84,0.0,19.5,0.6,2.37,64.22
2014-09-03,29.54,18.4,23.32,14.69,15.27,0.61,2.84,75.15
2014-09-04,27.63,18.56,22.35,15.94,16.73,0.65,2.32,77.58
2014-09-05,27.28,18.06,21.74,8.56,12.86,0.66,3.63,80.58
2014-09-06,24.13,17.99,20.52,23.61,9.19,0.68,4.08,85.0
2014-09-07,27.08,16.55,20.9,0.12,15.46,0.69,2.68,73.05
2014-09-08,23.74,16.81,20.08,0.05,18.65,0.68,2.1,75.57
2014-09-09,27.19,14.56,20.11,1.28,17.55,0.67,2.54,68.24
2014-09-10,27.89,13.69,20.18,0.84,19.18,0.67,2.15,67.89
2014-09-11,27.9,14.71,20.17,0.0,20.97,0.66,2.69,66.11
2014-09-12,28.01,13.27,20.16,0.0,20.18,0.66,2.24,70.87
2014-09-13,27.28,14.39,19.98,0.0,20.12,0.66,2.92,72.96
2014-09-14,26.35,14.12,19.99,0.09,19.33,0.65,3.07,76.06
2014-09-15,26.33,15.36,20.01,0.0,16.31,0.65,3.09,73.16
2014-09-16,25.4,14.49,19.2,0.83,12.74,0.65,4.18,73.97
2014-09-17,21.42,14.36,17.06,2.75,12.81,0.65,4.88,76.01
2014-09-18,20.73,13.47,16.23,1.89,13.58,0.65,3.86,80.62
2014-09-19,23.54,10.74,16.22,0.0,19.72,0.65,3.03,68.12
2014-09-20,25.65,10.75,17.37,0.0,19.6,0.65,1.33,61.05
2014-09-21,21.49,13.79,17.05,1.19,8.25,0.65,1.91,81.94
2014-09-22,26.76,13.66,19.97,3.8,16.17,0.65,2.87,76.92
2014-09-23,18.84,8.94,14.55,20.91,10.62,0.68,4.27,80.3
2014-09-24,20.09,6.03,12.69,0.0,20.1,0.68,2.8,70.24
2014-09-25,22.01,9.2,14.94,0.0,18.38,0.68,1.57,63.56
2014-09-26,16.17,10.33,12.76,13.37,2.49,0.68,2.55,82.02
2014-09-27,13.34,9.88,11.38,15.19,4.5,0.71,6.94,84.42
2014-09-28,18.88,8.31,13.3,0.02,15.6,0.71,6.23,65.37
2014-09-29,19.9,6.91,12.49,0.0,18.05,0.7,3.36,73.69
2014-09-30,22.41,6.6,14.52,0.0,19.15,0.7,1.09,68.27
2014-10-01,23.98,8.0,15.23,0.0,16.94,0.69,2.6,71.25
2014-10-02,21.39,11.39,15.49,0.0,7.94,0.69,4.27,78.37
2014-10-03,15.04,10.54,12.51,0.0,9.94,0.69,4.24,75.25
2014-10-04,17.23,8.36,12.43,0.0,10.53,0.69,4.07,74.69
2014-10-05,18.43,8.37,12.58,0.0,9.51,0.68,2.99,77.43
2014-10-06,18.64,8.27,13.11,0.0,13.53,0.68,2.41,78.26
2014-10-07,21.76,9.99,15.57,0.28,10.33,0.68,2.64,84.08
2014-10-08,20.92,10.58,15.09,0.39,8.61,0.68,3.7,84.9
2014-10-09,21.25,8.73,13.85,0.0,16.0,0.68,3.39,81.27
2014-10-10,21.31,8.51,13.55,0.0,15.41,0.68,3.25,80.41
2014-10-11,21.3,7.46,13.04,0.0,15.54,0.67,2.85,77.92
2014-10-12,18.04,7.93,12.11,0.0,13.99,0.67,2.06,80.38
2014-10-13,17.76,8.63,12.29,0.0,11.7,0.67,1.21,80.39
2014-10-14,21.45,8.73,14.17,0.0,14.54,0.67,1.43,78.78
2014-10-15,23.98,9.67,16.09,0.0,13.81,0.67,3.29,81.75
2014-10-16,26.75,13.63,18.74,0.04,9.17,0.67,3.47,78.17
2014-10-17,24.84,14.65,19.24,0.43,11.52,0.67,2.92,72.14
2014-10-18,20.1,11.54,16.14,1.78,12.94,0.67,5.06,75.65
2014-10-19,15.25,4.63,9.64,0.0,15.16,0.67,3.75,67.25
2014-10-20,18.46,4.1,10.21,0.0,15.12,0.67,1.77,66.02
2014-10-21,23.62,6.6,13.96,0.0,14.77,0.66,2.83,70.55
2014-10-22,21.47,9.54,15.43,0.25,9.42,0.66,5.79,82.17
2014-10-23,21.09,11.86,17.17,13.16,4.82,0.67,6.94,83.85
2014-10-24,18.57,7.82,12.37,3.57,9.51,0.68,3.05,77.34
2014-10-25,13.54,9.9,12.03,56.21,4.08,0.75,7.38,92.48
2014-10-26,9.48,6.56,7.91,10.25,2.6,0.78,7.16,89.09
2014-10-27,6.13,1.76,3.16,5.16,3.09,0.77,6.3,88.31
2014-10-28,7.45,1.76,4.12,0.16,5.89,0.77,4.55,88.85
2014-10-29,9.14,3.62,6.32,3.79,4.2,0.76,4.68,93.56
2014-10-30,7.67,4.59,5.89,17.7,3.08,0.78,4.81,92.61
2014-10-31,8.42,2.9,5.45,6.41,5.45,0.8,4.31,89.33
2014-11-01,10.34,1.29,4.54,0.0,5.89,0.79,3.82,86.03
2014-11-02,10.96,0.27,4.39,0.0,9.71,0.79,2.88,86.54
2014-11-03,11.72,0.18,5.18,0.0,9.2,0.78,2.28,83.24
2014-11-04,12.99,0.25,5.46,0.0,12.54,0.78,1.85,85.17
2014-11-05,12.87,1.05,5.98,0.0,11.32,0.78,2.74,88.15
2014-11-06,17.15,5.67,10.12,0.0,9.12,0.78,3.62,92.65
2014-11-07,18.19,7.6,11.91,0.0,6.23,0.78,2.81,92.25
2014-11-08,19.29,9.26,13.01,0.0,5.06,0.77,2.45,84.33
2014-11-09,17.46,7.18,11.38,0.02,6.25,0.77,2.09,86.79
2014-11-10,16.61,8.96,12.04,0.92,5.67,0.77,1.14,89.83
2014-11-11,16.57,7.54,11.53,0.01,3.93,0.77,1.77,91.41
2014-11-12,13.68,8.72,11.1,0.24,3.87,0.77,2.3,94.61
2014-11-13,13.79,9.79,11.45,1.52,3.33,0.77,2.65,95.42
2014-11-14,13.62,8.36,11.33,6.8,2.95,0.78,4.91,92.98
2014-11-15,8.69,5.87,6.99,0.54,3.11,0.78,4.9,90.67
2014-11-16,11.04,5.68,7.9,0.0,3.96,0.78,2.38,92.32
2014-11-17,11.61,7.4,9.09,0.0,5.17,0.78,2.34,95.39
2014-11-18,17.56,7.93,11.49,0.07,4.0,0.78,2.62,92.59
2014-11-19,15.43,9.36,12.8,22.84,2.8,0.79,4.11,97.73
2014-11-20,12.0,4.65,7.94,5.23,3.98,0.82,4.12,89.79
2014-11-21,9.66,2.01,5.37,0.75,5.72,0.81,3.33,89.42
2014-11-22,7.4,-0.03,2.62,1.0,6.91,0.81,3.45,87.64
2014-11-23,6.02,-0.43,1.93,0.0,5.88,0.81,3.53,89.17
2014-11-24,5.92,-1.74,1.73,0.8,6.08,0.8,4.57,87.65
2014-11-25,4.29,-3.03,-0.06,0.24,7.04,0.8,5.49,88.51
2014-11-26,2.83,-4.88,-2.27,0.01,5.97,0.8,4.05,84.95
2014-11-27,4.3,-5.07,-1.15,0.01,5.04,0.8,1.83,88.02
2014-11-28,8.49,-1.2,2.66,0.0,3.91,0.8,2.37,92.99
2014-11-29,10.66,2.61,5.48,0.31,4.53,0.8,1.32,94.17
2014-11-30,7.33,2.03,4.02,2.54,1.79,0.81,3.18,94.7
2014-12-01,4.23,0.95,2.63,3.5,2.05,0.81,3.61,94.37
2014-12-02,7.25,4.02,5.63,4.68,1.74,0.81,3.58,96.44
2014-12-03,11.57,6.62,8.9,25.3,1.59,0.84,4.68,96.07
2014-12-04,10.59,6.87,8.81,20.49,1.52,0.87,3.62,96.94
2014-12-05,8.28,5.37,6.79,1.78,3.21,0.87,3.3,96.91
2014-12-06,10.82,7.06,8.84,5.89,2.38,0.87,3.31,97.43
2014-12-07,12.24,8.18,9.54,5.33,3.94,0.88,1.83,94.37
2014-12-08,9.9,7.56,8.29,7.76,1.96,0.88,3.86,96.43
2014-12-09,11.91,6.45,8.74,3.36,2.1,0.89,3.73,95.18
2014-12-10,5.77,1.58,3.5,0.93,2.61,0.88,3.59,89.95
2014-12-11,5.93,-0.31,3.27,1.78,1.16,0.88,1.1,97.16
2014-12-12,7.66,-1.14,3.84,1.05,2.36,0.88,4.6,90.84
2014-12-13,8.64,-2.87,2.19,0.0,8.41,0.88,1.57,84.08
2014-12-14,7.07,-0.28,2.29,0.0,7.05,0.88,1.0,92.94
2014-12-15,8.23,-0.95,2.22,0.0,4.28,0.88,1.29,91.98
2014-12-16,7.74,2.03,4.83,0.01,5.12,0.88,3.76,96.82
2014-12-17,12.51,7.92,10.19,12.96,2.27,0.89,5.28,97.84
2014-12-18,10.39,3.69,6.97,0.82,5.25,0.9,2.38,95.47
2014-12-19,10.16,2.27,4.69,0.0,6.2,0.9,2.11,90.43
2014-12-20,9.44,3.79,5.79,0.0,4.42,0.89,2.81,94.9
2014-12-21,8.18,0.16,3.96,0.02,2.71,0.89,4.35,89.82
2014-12-22,7.0,-2.04,1.39,0.0,8.63,0.89,3.49,84.93
2014-12-23,12.05,-0.12,4.88,0.0,8.12,0.89,3.81,79.57
2014-12-24,13.35,2.53,6.47,0.0,8.78,0.89,3.13,81.27
2014-12-25,12.86,5.15,7.9,0.07,6.9,0.89,2.86,90.01
2014-12-26,6.69,1.91,4.8,5.15,2.93,0.89,2.62,93.08
2014-12-27,2.94,-4.71,0.57,4.56,3.5,0.9,3.56,93.22
2014-12-28,4.73,-4.82,0.22,0.5,6.64,0.9,4.26,91.4
2014-12-29,10.93,-3.05,4.1,7.79,2.32,0.91,6.98,86.23
2014-12-30,-1.42,-5.6,-3.79,0.5,3.01,0.9,5.71,79.25
2014-12-31,-2.43,-8.13,-4.73,0.91,0.86,0.9,10.44,84.38
2015-01-01,-3.77,-11.54,-8.3,0.02,5.76,0.9,7.25,77.42
2015-01-02,0.65,-12.05,-6.32,0.0,8.47,0.9,2.62,89.3
2015-01-03,5.15,-5.39,-1.09,0.0,4.52,0.9,3.12,93.11
2015-01-04,5.49,-1.24,1.13,0.38,2.53,0.9,4.43,91.43
2015-01-05,3.04,-2.73,-0.91,0.03,8.22,0.9,4.07,86.69
2015-01-06,-0.21,-6.23,-3.12,0.0,6.3,0.9,5.22,86.17
2015-01-07,-5.61,-12.17,-8.67,0.0,8.42,0.9,5.96,77.39
2015-01-08,-3.97,-13.55,-9.39,0.0,8.49,0.89,2.24,75.0
2015-01-09,1.12,-11.28,-4.89,0.0,7.62,0.89,3.43,81.78
2015-01-10,7.25,-1.7,1.86,0.65,5.17,0.89,4.13,93.67
2015-01-11,11.89,1.57,6.06,0.21,8.5,0.89,5.32,97.56
2015-01-12,9.67,-3.26,1.19,10.78,1.35,0.9,5.03,95.95
2015-01-13,4.2,-3.7,-1.25,0.0,9.44,0.9,2.74,87.39
2015-01-14,6.54,-3.43,0.16,0.0,9.42,0.9,1.38,83.07
2015-01-15,8.07,-1.66,1.41,0.01,6.75,0.9,3.23,92.34
2015-01-16,6.42,-1.81,1.12,0.03,9.1,0.9,1.76,92.78
2015-01-17,3.66,-1.56,0.84,0.0,4.87,0.9,3.06,96.39
2015-01-18,8.51,1.63,4.92,0.05,5.28,0.9,3.81,98.97
2015-01-19,12.86,6.28,8.34,0.29,6.37,0.9,4.98,95.6
2015-01-20,12.2,5.68,8.22,0.04,6.69,0.9,3.61,97.15
2015-01-21,12.04,6.19,7.83,3.12,4.6,0.9,2.86,97.0
2015-01-22,13.8,5.98,8.43,3.11,6.46,0.91,3.12,95.85
2015-01-23,14.35,4.49,7.94,0.03,9.28,0.91,4.08,83.84
2015-01-24,9.53,4.85,6.7,5.62,4.44,0.91,3.66,95.38
2015-01-25,11.63,5.92,7.71,13.54,3.75,0.92,4.3,93.8
2015-01-26,5.9,0.91,2.35,5.83,3.19,0.93,3.64,93.93
2015-01-27,4.22,0.83,2.56,4.62,2.14,0.93,3.34,96.54
2015-01-28,3.3,-0.21,1.49,8.09,5.41,0.94,4.24,94.9
2015-01-29,6.68,-0.5,2.88,0.32,4.0,0.94,2.28,94.33
2015-01-30,10.41,3.99,7.85,1.38,3.71,0.94,7.67,93.83
2015-01-31,12.03,7.14,9.87,38.86,2.13,0.95,7.78,92.33
2015-02-01,15.52,9.66,12.41,8.91,5.3,0.97,11.6,85.81
2015-02-02,11.69,4.01,8.52,1.98,10.1,0.97,4.56,87.84
2015-02-03,7.18,-1.64,3.62,0.63,7.93,0.96,3.83,80.3
2015-02-04,9.74,-2.28,4.56,0.05,7.29,0.96,4.85,91.3
2015-02-05,13.16,6.18,8.55,0.01,7.07,0.96,3.16,94.48
2015-02-06,10.39,4.3,6.93,8.25,8.89,0.96,5.28,93.68
2015-02-07,5.21,-3.88,1.63,0.97,8.16,0.96,4.07,91.13
2015-02-08,1.37,-4.17,-1.86,1.38,5.94,0.96,2.09,91.7
2015-02-09,1.22,-3.53,-1.66,0.18,5.5,0.96,4.77,86.4
2015-02-10,-1.03,-4.7,-3.2,0.02,9.43,0.96,8.02,79.09
2015-02-11,-1.6,-5.76,-3.89,0.01,13.25,0.96,8.35,78.04
2015-02-12,2.04,-5.08,-2.02,0.01,7.12,0.95,6.02,86.47
2015-02-13,4.09,-5.31,-0.92,0.0,11.08,0.95,4.75,89.51
2015-02-14,4.52,-1.27,0.95,0.02,10.17,0.95,3.81,93.91
2015-02-15,6.45,0.0,2.03,0.05,7.25,0.95,3.34,93.77
2015-02-16,4.75,-3.54,0.65,0.0,6.15,0.95,4.53,89.48
2015-02-17,-1.34,-5.96,-3.68,0.02,9.5,0.95,6.87,78.5
2015-02-18,-2.99,-6.92,-5.41,0.01,12.46,0.95,6.54,74.94
2015-02-19,3.26,-9.21,-2.61,0.0,13.24,0.94,4.56,74.39
2015-02-20,5.47,-2.76,0.69,0.0,7.93,0.94,3.43,86.44
2015-02-21,7.55,-1.67,1.62,0.0,13.81,0.94,2.63,89.38
2015-02-22,8.62,-2.02,2.83,0.74,11.99,0.94,3.7,89.63
2015-02-23,8.14,4.67,6.36,13.22,2.86,0.95,5.2,97.38
2015-02-24,11.93,5.46,7.85,4.94,4.71,0.96,2.45,95.24
2015-02-25,11.58,5.69,7.91,5.12,7.44,0.96,2.73,95.77
2015-02-26,13.11,5.39,8.14,0.68,13.38,0.96,4.05,91.24
2015-02-27,12.69,4.3,7.25,0.35,10.12,0.96,3.1,87.57
2015-02-28,12.92,3.88,6.64,0.25,11.52,0.96,3.27,88.93
2015-03-01,12.07,2.29,6.12,0.0,10.13,0.95,2.31,89.02
2015-03-02,12.14,1.59,5.88,0.01,14.45,0.95,3.24,90.48
2015-03-03,11.52,1.81,7.28,0.45,8.84,0.95,4.97,86.28
2015-03-04,10.03,-1.51,3.46,0.0,17.76,0.95,3.08,74.71
2015-03-05,6.94,-2.12,2.16,1.35,5.21,0.94,3.64,86.07
2015-03-06,11.93,1.69,5.74,16.71,2.55,0.95,4.6,96.37
2015-03-07,3.45,1.17,2.22,16.66,2.21,0.97,7.94,94.67
2015-03-08,7.13,2.29,3.95,0.31,7.95,0.97,7.64,82.03
2015-03-09,8.08,1.44,3.89,0.23,5.83,0.97,5.52,86.84
2015-03-10,7.4,1.17,3.92,0.54,5.87,0.97,2.84,91.68
2015-03-11,9.28,0.83,4.81,0.01,13.97,0.96,1.66,83.91
2015-03-12,11.66,0.03,5.79,0.11,11.43,0.96,1.23,84.38
2015-03-13,10.72,2.26,6.13,0.06,12.01,0.96,1.44,83.95
2015-03-14,6.22,2.21,4.38,5.54,4.19,0.96,4.62,94.17
2015-03-15,8.04,1.77,4.9,3.32,4.25,0.97,4.71,93.77
2015-03-16,11.04,0.04,4.54,0.0,12.1,0.96,4.77,82.98
2015-03-17,8.51,-3.48,1.92,0.0,17.58,0.96,5.18,79.95
2015-03-18,5.3,-4.03,0.53,0.0,17.51,0.96,2.57,74.99
2015-03-19,7.38,-2.27,2.0,0.14,15.69,0.95,1.38,75.11
2015-03-20,5.01,-1.28,1.61,0.46,10.56,0.95,4.3,85.26
2015-03-21,10.15,0.2,4.44,0.1,17.04,0.95,4.14,78.75
2015-03-22,13.86,-1.42,5.84,0.0,20.66,0.95,3.86,81.43
2015-03-23,12.68,1.84,5.84,0.04,8.8,0.94,3.21,84.94
2015-03-24,13.11,0.19,5.68,0.0,15.55,0.94,1.66,80.69
2015-03-25,13.95,-0.79,6.32,0.0,14.67,0.94,2.7,82.31
2015-03-26,17.8,2.8,10.39,2.71,13.1,0.93,2.93,85.6
2015-03-27,16.05,8.93,11.94,10.83,5.99,0.94,3.49,93.39
2015-03-28,14.63,7.38,10.94,10.68,7.82,0.95,2.16,91.91
2015-03-29,13.24,5.47,9.17,0.64,12.25,0.95,2.07,86.53
2015-03-30,14.35,5.04,9.23,0.41,17.72,0.95,3.56,84.48
2015-03-31,14.72,6.58,9.93,0.39,14.88,0.95,3.11,78.5
2015-04-01,14.74,5.3,9.82,5.11,15.03,0.94,4.1,83.65
2015-04-02,10.59,0.89,6.01,0.5,22.41,0.94,4.38,73.08
2015-04-03,8.46,0.27,4.19,0.0,10.9,0.94,4.87,74.44
2015-04-04,10.73,-2.79,4.49,0.0,23.48,0.94,2.81,73.31
2015-04-05,10.39,2.02,5.74,0.06,14.31,0.93,2.68,73.11
2015-04-06,14.17,1.26,8.02,25.79,5.49,0.95,5.71,90.79
2015-04-07,8.72,0.75,4.03,1.56,9.47,0.96,4.74,85.97
2015-04-08,8.62,-1.36,4.17,0.07,13.44,0.95,3.46,77.03
2015-04-09,9.77,1.73,5.29,0.8,7.41,0.95,7.0,78.92
2015-04-10,12.64,-0.53,6.07,0.0,25.4,0.94,4.43,67.52
2015-04-11,17.63,-0.73,8.83,0.0,21.26,0.94,3.0,66.15
2015-04-12,19.93,7.03,12.52,0.0,23.99,0.93,1.99,59.88
2015-04-13,21.26,5.75,14.03,0.0,21.86,0.93,2.2,66.99
2015-04-14,18.03,6.0,11.44,0.0,17.72,0.92,3.48,77.9
2015-04-15,16.05,5.0,10.82,0.02,23.04,0.92,1.41,70.92
2015-04-16,19.36,5.2,11.94,0.0,24.64,0.91,4.24,72.69
2015-04-17,21.94,6.32,13.66,0.0,25.0,0.91,5.24,79.73
2015-04-18,21.25,8.73,14.19,1.95,21.43,0.9,4.4,79.01
2015-04-19,11.03,2.52,8.03,5.17,5.34,0.9,3.59,83.32
2015-04-20,14.12,1.11,7.47,0.01,24.58,0.9,2.85,73.9
2015-04-21,10.68,3.98,7.2,0.57,17.97,0.9,3.87,75.14
2015-04-22,10.18,0.99,5.97,1.58,17.29,0.9,3.53,81.6
2015-04-23,14.73,-1.32,6.94,0.0,25.71,0.89,2.21,70.2
2015-04-24,18.5,2.19,10.47,0.0,24.73,0.89,3.77,79.92
2015-04-25,17.56,8.21,12.24,0.58,17.22,0.88,3.75,87.52
2015-04-26,20.47,7.19,13.45,0.07,23.39,0.88,2.25,80.15
2015-04-27,21.9,7.56,14.77,0.0,24.17,0.88,2.93,79.16
2015-04-28,20.95,9.72,14.77,0.0,17.62,0.87,3.95,75.86
2015-04-29,18.8,8.72,13.14,6.18,17.64,0.87,2.72,83.92
2015-04-30,17.15,7.04,11.93,0.19,21.13,0.87,2.12,85.31
2015-05-01,19.58,7.94,13.9,1.51,21.87,0.87,1.9,83.2
2015-05-02,21.29,10.52,14.77,4.36,17.54,0.87,3.88,83.57
2015-05-03,20.43,9.92,15.09,1.6,22.86,0.87,2.95,82.48
2015-05-04,22.43,10.13,16.48,0.0,24.43,0.86,2.33,80.25
2015-05-05,25.62,11.95,18.98,0.0,24.57,0.85,1.59,72.04
2015-05-06,26.49,14.65,20.1,0.0,24.45,0.85,1.93,74.65
2015-05-07,24.0,12.47,18.16,6.55,19.34,0.84,2.45,81.43
2015-05-08,21.91,9.77,16.61,0.46,21.79,0.85,3.73,79.0
2015-05-09,21.59,9.47,14.87,0.01,25.33,0.84,2.4,67.67
2015-05-10,20.7,7.85,14.28,0.01,27.96,0.83,2.83,70.01
2015-05-11,19.29,9.61,14.2,2.37,18.69,0.83,2.66,66.66
2015-05-12,20.67,8.88,14.6,0.18,25.62,0.82,4.43,72.09
2015-05-13,22.21,8.28,16.26,0.0,25.58,0.82,2.35,67.76
2015-05-14,23.65,10.6,17.16,0.13,28.11,0.81,3.88,67.77
2015-05-15,24.23,12.05,18.73,0.3,26.53,0.8,2.77,77.85
2015-05-16,24.51,13.5,18.39,0.03,21.27,0.8,3.59,81.99
2015-05-17,23.91,13.81,18.71,0.31,24.8,0.79,1.93,84.07
2015-05-18,25.76,12.85,19.23,0.0,26.24,0.79,2.3,75.52
2015-05-19,25.11,11.18,17.86,0.12,27.86,0.78,3.38,73.77
2015-05-20,22.77,13.1,17.05,0.76,20.03,0.77,4.04,80.08
2015-05-21,23.59,11.68,17.2,0.01,26.6,0.77,4.22,71.35
2015-05-22,26.12,10.43,18.42,0.0,28.07,0.76,2.07,73.38
2015-05-23,26.53,12.09,19.13,0.0,27.99,0.75,2.0,71.17
2015-05-24,27.13,14.11,20.16,0.0,27.93,0.74,2.19,70.74
2015-05-25,25.86,12.2,18.96,0.03,28.15,0.74,2.55,74.75
2015-05-26,23.9,12.83,18.43,2.91,22.87,0.73,2.5,76.52
2015-05-27,21.72,13.7,17.38,6.47,16.26,0.74,1.46,80.89
2015-05-28,18.26,10.15,14.4,0.44,14.83,0.74,3.67,80.58
2015-05-29,18.33,10.73,14.43,0.09,16.37,0.74,3.14,76.0
2015-05-30,21.23,9.05,15.89,0.0,22.15,0.73,2.04,67.3
2015-05-31,23.71,11.58,17.57,0.03,24.94,0.72,1.55,64.17
2015-06-01,23.72,10.29,16.81,0.02,28.41,0.72,2.66,65.19
2015-06-02,24.29,9.9,17.07,0.0,28.86,0.71,3.61,70.46
2015-06-03,25.03,10.81,18.19,0.13,27.09,0.7,3.61,68.68
2015-06-04,26.27,13.26,19.62,11.98,24.24,0.71,3.26,71.75
2015-06-05,25.02,14.95,19.77,0.07,19.78,0.71,4.66,77.72
2015-06-06,24.72,14.09,19.38,0.47,18.73,0.71,5.88,67.32
2015-06-07,22.71,13.4,17.95,0.6,17.03,0.7,5.34,66.83
2015-06-08,22.15,13.63,17.44,0.26,17.64,0.7,3.29,71.15
2015-06-09,22.07,13.44,17.79,0.25,19.32,0.69,1.28,73.44
2015-06-10,22.72,14.65,18.44,5.54,18.21,0.7,1.99,79.72
2015-06-11,26.39,13.92,20.0,2.06,19.4,0.7,3.48,75.1
2015-06-12,27.83,15.35,21.13,0.0,26.66,0.69,3.43,65.11
2015-06-13,28.89,14.78,21.92,1.27,28.79,0.68,2.12,56.23
2015-06-14,30.42,14.65,23.41,0.0,29.25,0.68,1.47,57.43
2015-06-15,33.2,18.67,26.11,0.32,26.64,0.67,1.38,56.3
2015-06-16,28.2,17.65,23.06,0.76,23.17,0.67,2.81,70.55
2015-06-17,28.44,16.51,22.29,1.08,23.27,0.66,3.03,69.33
2015-06-18,19.02,15.03,17.44,29.71,12.74,0.69,3.76,91.68
2015-06-19,22.97,14.16,18.29,0.02,23.52,0.71,3.56,71.8
2015-06-20,25.41,12.32,19.64,0.06,23.52,0.7,1.8,69.32
2015-06-21,23.66,13.08,18.41,4.11,15.74,0.7,2.82,79.57
2015-06-22,22.51,11.14,16.46,1.07,16.73,0.7,3.16,75.13
2015-06-23,24.95,12.23,18.59,0.01,22.08,0.69,2.27,67.83
2015-06-24,27.59,12.65,20.69,0.0,30.0,0.68,1.48,63.78
2015-06-25,23.52,13.93,18.71,1.85,22.2,0.68,3.88,67.38
2015-06-26,24.11,10.68,17.68,0.0,24.6,0.67,3.31,62.06
2015-06-27,23.63,12.48,18.41,0.11,18.15,0.67,3.91,68.16
2015-06-28,25.22,12.97,19.52,2.03,16.86,0.67,2.34,70.64
2015-06-29,25.0,14.18,19.75,1.35,20.5,0.67,2.32,72.01
2015-06-30,27.11,13.93,20.85,0.16,22.03,0.66,2.28,60.16
2015-07-01,28.08,14.0,21.08,0.15,25.86,0.66,2.37,57.56
2015-07-02,28.25,14.05,21.57,1.82,22.56,0.66,2.87,61.74
2015-07-03,27.1,14.75,20.95,0.02,26.01,0.65,4.36,62.76
2015-07-04,24.29,14.47,19.27,1.38,22.05,0.65,4.03,73.44
2015-07-05,27.14,14.91,21.11,0.26,23.78,0.65,3.17,69.21
2015-07-06,30.76,14.72,23.34,0.0,28.36,0.65,2.86,61.19
2015-07-07,33.95,16.1,25.26,0.0,28.69,0.64,2.76,55.86
2015-07-08,33.63,17.8,24.87,0.0,29.76,0.64,2.59,53.69
2015-07-09,34.73,16.35,25.58,0.0,29.52,0.63,1.71,55.81
2015-07-10,30.98,17.83,23.83,1.11,21.58,0.63,3.62,68.37
2015-07-11,29.32,15.88,22.36,0.0,28.42,0.63,3.1,58.2
2015-07-12,30.71,14.19,22.3,0.0,28.79,0.63,1.69,59.05
2015-07-13,31.71,14.28,23.12,0.0,29.11,0.63,1.61,52.56
2015-07-14,27.58,15.48,21.52,0.32,19.38,0.62,3.12,62.19
2015-07-15,31.54,14.65,23.37,0.0,26.8,0.62,2.18,57.13
2015-07-16,32.05,16.72,24.18,0.0,26.16,0.62,3.0,58.44
2015-07-17,31.91,15.85,23.66,0.0,28.31,0.62,3.07,57.41
2015-07-18,33.13,15.72,24.23,0.0,29.32,0.61,3.23,52.54
2015-07-19,33.59,17.3,24.92,0.0,29.18,0.61,3.43,50.17
2015-07-20,34.33,14.84,24.37,0.0,29.84,0.61,2.86,53.0
2015-07-21,36.02,17.89,26.2,0.0,27.01,0.61,3.35,54.51
2015-07-22,32.44,18.0,24.67,0.0,29.3,0.61,4.16,56.13
2015-07-23,31.23,16.89,23.43,0.0,29.21,0.61,4.39,60.12
2015-07-24,33.58,15.57,24.37,0.0,27.82,0.61,2.83,61.42
2015-07-25,35.08,17.51,26.44,0.0,27.39,0.6,1.53,53.53
2015-07-26,36.53,20.1,28.49,0.0,26.47,0.6,2.09,42.0
2015-07-27,37.59,20.59,29.33,0.0,25.63,0.6,2.13,39.27
2015-07-28,38.29,21.64,29.68,0.0,25.38,0.6,2.34,44.24
2015-07-29,38.49,22.18,29.92,0.0,26.13,0.6,3.06,42.74
2015-07-30,39.54,20.27,29.54,0.15,27.45,0.6,3.28,49.57
2015-07-31,36.84,20.83,27.88,4.97,26.53,0.61,2.98,59.0
2015-08-01,31.35,20.9,25.42,0.55,22.85,0.61,3.76,67.12
2015-08-02,31.71,18.92,24.58,0.0,21.01,0.61,4.17,64.37
2015-08-03,33.73,18.36,25.29,0.0,25.1,0.6,3.9,58.47
2015-08-04,35.65,18.16,26.69,0.0,26.37,0.6,3.77,53.88
2015-08-05,33.76,20.95,27.24,0.05,21.64,0.6,4.5,47.39
2015-08-06,33.71,20.6,26.99,0.06,20.94,0.6,5.32,44.67
2015-08-07,31.43,20.9,25.93,0.0,18.46,0.6,5.94,51.02
2015-08-08,31.2,19.43,24.75,0.0,21.54,0.6,5.19,58.59
2015-08-09,32.49,18.64,25.23,0.0,23.1,0.6,4.59,57.14
2015-08-10,33.68,19.08,25.85,0.0,24.51,0.6,3.24,49.77
2015-08-11,35.03,18.32,26.7,0.0,25.75,0.6,2.81,44.4
2015-08-12,36.15,18.61,27.46,0.04,23.83,0.6,2.5,45.91
2015-08-13,35.5,20.28,27.74,0.0,23.4,0.6,2.77,48.44
2015-08-14,35.86,20.98,28.32,0.03,24.01,0.6,2.19,38.56
2015-08-15,36.13,20.44,28.16,0.0,23.76,0.6,2.27,43.83
2015-08-16,36.77,20.82,29.08,0.03,23.74,0.6,1.93,44.71
2015-08-17,35.7,21.65,27.92,3.94,19.47,0.6,2.02,48.24
2015-08-18,32.11,19.15,25.33,4.46,22.84,0.61,2.21,62.73
2015-08-19,31.62,19.05,24.76,2.74,22.55,0.61,2.52,66.63
2015-08-20,29.89,19.84,23.7,11.71,20.98,0.62,3.24,75.56
2015-08-21,28.18,18.61,22.5,3.91,18.19,0.63,3.95,77.39
2015-08-22,26.55,16.4,20.54,2.72,13.81,0.63,4.87,73.45
2015-08-23,27.48,13.22,20.05,0.23,22.33,0.63,3.68,63.53
2015-08-24,28.85,13.63,21.01,0.0,23.82,0.62,3.36,59.18
2015-08-25,29.98,14.62,21.69,0.0,24.15,0.62,3.18,58.43
2015-08-26,29.14,14.71,21.31,0.0,24.0,0.62,3.84,63.93
2015-08-27,30.21,13.13,20.82,0.0,24.61,0.61,3.21,61.12
2015-08-28,31.49,13.18,21.72,0.0,25.05,0.61,3.04,56.31
2015-08-29,32.98,15.33,23.95,0.0,23.7,0.61,2.73,44.98
2015-08-30,34.74,17.42,25.89,0.0,22.77,0.61,3.43,46.52
2015-08-31,32.98,17.17,24.4,0.0,22.79,0.6,3.34,62.27
2015-09-01,35.19,15.37,24.16,0.0,24.17,0.6,3.28,59.48
2015-09-02,37.28,15.63,26.06,0.0,23.57,0.6,1.63,53.84
2015-09-03,37.36,19.8,27.5,0.0,21.45,0.6,1.82,41.27
2015-09-04,35.73,17.8,26.32,0.0,22.28,0.6,2.44,51.98
2015-09-05,37.55,18.43,27.56,0.0,20.06,0.6,2.71,46.1
2015-09-06,37.46,20.64,28.27,0.01,20.24,0.6,4.17,39.8
2015-09-07,26.6,17.55,21.99,0.89,17.7,0.6,3.15,50.81
2015-09-08,25.29,15.04,19.71,0.67,11.08,0.6,2.12,49.58
2015-09-09,27.68,13.52,20.32,0.01,19.48,0.6,3.26,51.85
2015-09-10,26.22,17.88,21.01,0.2,11.13,0.6,4.78,66.37
2015-09-11,30.84,17.88,23.08,0.8,15.71,0.6,3.21,71.45
2015-09-12,22.18,14.41,18.34,12.3,13.38,0.61,5.0,79.49
2015-09-13,26.53,13.32,18.94,0.0,19.07,0.62,4.35,70.88
2015-09-14,26.75,14.1,19.35,0.0,19.15,0.62,3.23,72.59
2015-09-15,27.16,12.18,18.98,0.0,21.2,0.62,3.03,70.19
2015-09-16,27.99,12.37,19.07,0.0,20.88,0.61,2.56,67.95
2015-09-17,31.68,12.21,20.68,0.0,20.84,0.61,2.37,68.94
2015-09-18,32.41,14.48,21.98,0.0,19.1,0.61,2.62,67.05
2015-09-19,29.63,13.92,20.55,0.0,20.41,0.61,3.19,67.81
2015-09-20,28.75,13.17,19.8,0.02,20.23,0.61,1.46,65.31
2015-09-21,29.51,13.84,20.71,7.37,17.43,0.62,1.76,68.35
2015-09-22,27.1,14.97,19.62,0.24,12.93,0.62,3.28,71.45
2015-09-23,23.77,17.15,19.57,5.99,8.72,0.62,2.22,86.45
2015-09-24,23.37,16.76,19.08,6.92,12.37,0.63,3.12,87.19
2015-09-25,27.16,16.82,20.91,1.94,15.12,0.64,3.42,79.26
2015-09-26,27.55,15.62,21.3,0.0,12.83,0.63,1.96,74.11
2015-09-27,24.79,18.05,20.65,0.09,12.2,0.63,2.46,82.11
2015-09-28,22.27,16.09,18.83,18.86,2.92,0.64,4.22,88.97
2015-09-29,16.1,9.95,13.5,1.76,3.43,0.66,6.39,78.39
2015-09-30,18.51,8.09,12.39,0.0,11.04,0.66,5.58,68.9
2015-10-01,18.41,7.02,12.77,0.0,10.91,0.65,4.19,68.97
2015-10-02,18.72,9.6,13.24,0.0,15.44,0.65,3.7,73.66
2015-10-03,23.81,8.17,15.26,0.0,16.79,0.65,1.71,74.37
2015-10-04,25.25,10.79,16.86,0.04,16.26,0.64,1.05,74.26
2015-10-05,26.12,12.06,18.57,0.88,14.63,0.64,0.84,73.25
2015-10-06,21.73,12.51,16.73,9.98,13.09,0.66,2.39,79.88
2015-10-07,22.65,10.34,16.2,0.29,13.9,0.66,2.79,73.74
2015-10-08,16.28,10.55,13.47,0.23,8.23,0.65,4.77,77.49
2015-10-09,17.76,10.8,13.59,4.28,6.58,0.66,1.81,86.47
2015-10-10,19.84,11.57,14.55,3.53,8.51,0.66,2.38,84.44
2015-10-11,18.37,13.25,15.85,9.33,3.56,0.67,4.8,93.76
2015-10-12,22.77,9.42,16.26,5.27,6.7,0.68,3.31,85.32
2015-10-13,15.41,7.32,10.35,0.24,14.86,0.68,4.68,80.91
2015-10-14,19.06,7.03,11.8,0.0,13.16,0.67,2.27,80.38
2015-10-15,19.31,7.41,12.61,0.02,12.06,0.67,3.34,79.75
2015-10-16,17.36,10.87,13.4,0.05,8.74,0.67,3.66,81.16
2015-10-17,20.69,10.99,14.8,0.0,7.27,0.67,2.25,80.93
2015-10-18,21.77,9.35,14.42,0.0,9.22,0.67,1.36,81.93
2015-10-19,21.57,9.57,14.59,0.0,6.34,0.66,2.36,83.31
2015-10-20,22.02,11.68,15.83,0.12,8.92,0.66,2.79,84.91
2015-10-21,13.55,8.32,10.59,6.74,3.25,0.67,3.41,84.16
2015-10-22,13.9,7.42,11.08,10.39,3.17,0.68,4.15,90.5
2015-10-23,12.56,7.9,10.19,9.93,3.68,0.7,7.22,88.64
2015-10-24,13.36,6.3,8.47,7.43,6.63,0.71,4.9,83.08
2015-10-25,16.28,3.27,8.9,0.0,13.18,0.71,2.31,79.66
2015-10-26,17.22,4.03,9.43,0.0,13.3,0.7,1.39,77.89
2015-10-27,15.45,3.49,8.44,0.0,9.87,0.7,3.45,85.07
2015-10-28,13.78,2.03,7.03,0.0,12.54,0.7,3.46,82.18
2015-10-29,15.4,2.26,8.19,0.0,11.47,0.7,3.46,82.04
2015-10-30,14.8,8.0,10.45,0.02,7.64,0.69,4.76,82.25
2015-10-31,12.19,7.9,9.47,0.0,7.9,0.69,6.54,69.41
2015-11-01,13.25,5.27,8.53,0.0,9.85,0.69,5.86,73.44
2015-11-02,15.08,3.89,7.63,0.0,12.96,0.69,2.85,80.22
2015-11-03,17.0,1.89,7.91,0.0,12.41,0.69,2.42,63.73
2015-11-04,17.72,2.28,8.47,0.0,11.52,0.69,2.47,72.95
2015-11-05,16.8,4.2,8.49,0.0,12.01,0.69,1.7,86.35
2015-11-06,16.64,6.13,9.27,0.0,10.84,0.69,2.31,85.12
2015-11-07,15.03,4.43,9.15,0.0,9.72,0.68,2.38,84.88
2015-11-08,15.9,3.25,8.35,0.0,10.23,0.68,2.19,78.36
2015-11-09,19.76,6.53,11.64,0.0,10.83,0.68,3.46,78.79
2015-11-10,17.96,9.09,12.23,0.09,6.49,0.68,2.2,78.0
2015-11-11,21.85,8.93,13.65,0.0,10.26,0.68,3.53,77.36
2015-11-12,20.85,7.47,13.09,1.15,10.64,0.68,1.97,80.77
2015-11-13,18.65,7.05,11.45,0.0,10.43,0.68,2.74,87.91
2015-11-14,17.64,6.13,10.54,0.0,5.67,0.68,2.75,86.16
2015-11-15,14.98,3.48,8.9,0.0,7.98,0.68,2.38,65.03
2015-11-16,18.89,4.58,10.73,0.0,9.23,0.68,3.81,71.78
2015-11-17,15.26,5.85,9.86,0.0,9.07,0.68,2.05,76.82
2015-11-18,17.43,5.58,10.1,0.0,9.74,0.68,2.91,81.81
2015-11-19,19.21,6.33,10.94,0.0,9.71,0.67,3.08,72.43
2015-11-20,18.96,5.99,11.56,0.0,9.51,0.67,5.23,86.76
2015-11-21,18.75,12.38,15.03,0.0,3.16,0.67,8.5,86.07
2015-11-22,20.35,14.82,16.68,0.08,6.99,0.67,10.49,82.8
2015-11-23,15.99,12.79,14.66,10.29,3.21,0.68,3.21,94.94
2015-11-24,19.13,11.29,13.98,0.88,7.08,0.69,3.47,89.65
2015-11-25,17.34,9.96,12.71,4.5,6.76,0.69,3.33,88.95
2015-11-26,16.34,7.87,12.5,7.55,7.2,0.71,4.1,82.58
2015-11-27,11.48,5.19,8.55,23.91,3.23,0.71,4.56,89.11
2015-11-28,12.18,3.22,9.91,6.4,3.67,0.75,3.72,91.46
2015-11-29,8.17,0.3,3.49,0.21,7.02,0.74,4.08,78.87
2015-11-30,9.97,-1.54,3.44,0.0,8.83,0.73,3.23,79.22
2015-12-01,12.69,2.35,6.84,0.02,7.19,0.73,3.26,73.78
2015-12-02,10.63,1.37,5.91,0.0,6.11,0.73,3.74,76.12
2015-12-03,10.37,0.21,4.73,0.0,3.75,0.73,1.98,77.41
2015-12-04,10.96,0.77,4.7,0.0,5.36,0.72,2.05,81.06
2015-12-05,10.49,0.17,4.07,0.0,8.54,0.72,1.6,88.9
2015-12-06,9.4,0.72,3.63,0.0,7.56,0.72,1.4,90.04
2015-12-07,11.98,0.18,4.8,0.0,6.15,0.72,1.8,86.79
2015-12-08,7.59,3.1,5.28,0.0,5.0,0.72,3.87,93.75
2015-12-09,9.89,5.01,6.75,0.0,4.63,0.72,4.14,86.7
2015-12-10,7.41,1.16,4.93,0.01,3.88,0.72,4.94,83.86
2015-12-11,5.01,-1.75,1.13,0.0,3.81,0.72,4.27,85.99
2015-12-12,6.87,-1.85,1.01,0.0,8.07,0.72,2.46,85.65
2015-12-13,9.1,-2.94,1.53,0.0,8.19,0.72,1.96,87.05
2015-12-14,10.27,-1.77,2.64,0.0,7.93,0.72,2.73,88.85
2015-12-15,9.35,-0.68,3.05,0.0,5.95,0.72,2.73,88.4
2015-12-16,6.79,-0.54,2.97,0.08,1.83,0.72,3.83,90.77
2015-12-17,5.83,-2.07,1.73,0.03,6.63,0.72,5.22,87.5
2015-12-18,5.58,-4.49,-0.61,0.0,8.56,0.72,1.87,84.75
2015-12-19,8.26,-2.83,1.44,0.0,8.63,0.72,1.58,81.83
2015-12-20,9.66,-1.56,3.02,0.0,8.42,0.72,1.75,88.8
2015-12-21,11.25,0.46,3.88,0.0,8.25,0.72,1.81,91.51
2015-12-22,13.06,-0.48,4.77,0.0,6.74,0.72,2.8,89.47
2015-12-23,13.28,1.39,5.92,0.0,8.12,0.72,1.96,87.5
2015-12-24,14.77,2.7,6.96,0.0,8.13,0.72,1.99,87.44
2015-12-25,11.43,2.81,5.49,0.0,7.66,0.71,2.67,91.95
2015-12-26,11.22,1.84,5.19,0.0,7.6,0.71,2.05,85.61
2015-12-27,13.67,0.62,6.33,0.0,7.83,0.71,1.58,78.06
2015-12-28,15.41,3.77,7.28,0.0,8.16,0.71,1.75,78.99
2015-12-29,6.59,-0.76,2.88,0.0,6.65,0.71,4.47,93.33
2015-12-30,0.12,-6.04,-3.07,0.0,7.77,0.71,6.29,62.63
2015-12-31,-2.87,-7.6,-5.48,0.02,8.27,0.71,6.36,61.71
2016-01-01,-0.11,-10.19,-5.92,0.0,9.08,0.71,2.49,71.57
2016-01-02,-1.37,-10.9,-6.87,0.0,6.99,0.71,2.71,75.41
2016-01-03,-1.73,-9.28,-4.59,12.25,2.04,0.71,4.19,89.02
2016-01-04,1.34,-2.4,-0.91,3.72,3.26,0.71,4.2,94.56
2016-01-05,2.15,-2.18,0.19,6.3,2.2,0.72,2.54,92.19
2016-01-06,7.8,-0.46,3.48,6.66,1.78,0.74,3.61,99.09
2016-01-07,9.7,-2.52,4.52,29.43,2.45,0.78,5.59,95.54
2016-01-08,7.3,-3.14,0.45,0.02,8.43,0.78,3.38,87.45
2016-01-09,9.75,-2.08,3.15,0.0,8.04,0.77,3.25,90.92
2016-01-10,12.79,5.13,8.82,0.27,3.61,0.77,4.45,97.28
2016-01-11,15.01,5.25,9.23,1.34,7.88,0.77,3.9,92.97
2016-01-12,16.34,7.02,11.23,3.9,6.66,0.77,6.52,91.88
2016-01-13,12.29,2.09,6.95,0.7,8.01,0.77,2.37,78.23
2016-01-14,9.78,0.09,4.43,0.15,9.54,0.77,3.1,76.85
2016-01-15,9.16,-1.57,4.07,0.33,3.61,0.77,5.08,92.27
2016-01-16,10.67,4.22,8.49,46.51,2.29,0.8,5.59,96.34
2016-01-17,10.94,-4.62,4.0,22.53,1.82,0.86,8.24,89.12
2016-01-18,-2.7,-5.95,-4.29,0.27,4.99,0.85,7.25,80.6
2016-01-19,0.44,-5.36,-3.06,0.0,8.67,0.84,2.24,79.87
2016-01-20,3.0,-4.74,-1.55,0.0,8.04,0.84,2.09,78.88
2016-01-21,4.46,-4.01,-1.15,0.0,9.81,0.83,1.75,83.61
2016-01-22,0.41,-7.88,-3.91,0.0,8.95,0.83,4.29,85.17
2016-01-23,-0.67,-10.21,-6.61,0.0,9.97,0.83,3.42,82.35
2016-01-24,-0.69,-11.79,-7.31,0.0,10.6,0.83,2.93,82.16
2016-01-25,0.44,-11.37,-6.05,0.0,8.71,0.83,2.08,79.97
2016-01-26,3.92,-6.71,-1.95,1.47,4.28,0.83,4.0,88.05
2016-01-27,5.93,-5.08,0.27,0.0,8.7,0.83,3.08,91.86
2016-01-28,10.84,0.34,3.57,0.0,9.86,0.83,2.98,93.53
2016-01-29,12.79,1.13,5.56,0.0,8.63,0.83,2.25,91.48
2016-01-30,9.93,1.29,4.11,0.0,10.05,0.83,2.97,94.12
2016-01-31,13.32,2.34,6.25,0.0,6.44,0.83,3.82,94.47
2016-02-01,14.52,3.68,8.06,0.01,8.03,0.83,3.55,86.09
2016-02-02,14.48,2.87,7.3,0.0,11.43,0.83,2.72,92.0
2016-02-03,18.21,5.88,10.39,0.03,10.91,0.83,4.91,89.97
2016-02-04,14.35,2.37,10.49,6.69,3.55,0.82,6.84,92.63
2016-02-05,1.6,-0.38,0.27,30.46,1.86,0.84,8.48,93.83
2016-02-06,1.52,-7.84,-2.22,0.02,9.97,0.85,4.96,92.05
2016-02-07,1.65,-7.91,-4.0,0.0,12.88,0.85,1.83,91.34
2016-02-08,3.25,-7.48,-2.79,0.0,12.25,0.85,2.6,90.02
2016-02-09,8.35,-4.01,2.33,0.0,11.28,0.86,4.01,94.35
2016-02-10,10.55,4.33,8.24,0.39,3.3,0.86,8.23,95.36
2016-02-11,11.45,4.98,8.91,3.05,11.26,0.86,5.06,76.73
2016-02-12,14.72,4.76,9.34,9.16,11.81,0.86,2.92,87.04
2016-02-13,15.89,10.24,12.29,7.58,7.36,0.88,7.73,90.29
2016-02-14,18.0,7.15,11.98,1.64,10.85,0.88,5.13,90.7
2016-02-15,18.02,11.68,14.12,0.78,8.54,0.88,7.2,89.74
2016-02-16,18.55,10.24,13.17,0.0,9.75,0.87,4.27,89.57
2016-02-17,17.97,6.92,11.32,0.0,10.39,0.87,2.76,85.65
2016-02-18,10.33,3.75,6.89,0.03,9.08,0.87,5.35,89.49
2016-02-19,6.6,2.09,4.3,1.59,2.74,0.87,3.98,91.44
2016-02-20,9.67,1.36,4.78,3.8,4.92,0.87,1.69,89.03
2016-02-21,9.09,2.22,4.82,0.14,12.14,0.87,3.06,82.05
2016-02-22,16.51,0.86,7.96,0.0,14.83,0.87,2.78,83.75
2016-02-23,17.97,5.73,10.47,0.01,14.05,0.87,3.9,87.38
2016-02-24,14.46,5.47,10.68,8.57,4.8,0.87,4.6,93.4
2016-02-25,11.44,2.21,6.3,0.55,7.1,0.88,2.94,85.31
2016-02-26,13.13,4.22,7.54,0.01,7.43,0.87,3.56,94.18
2016-02-27,12.67,6.19,8.85,0.22,7.95,0.87,1.63,92.52
2016-02-28,12.65,6.16,8.36,0.02,5.53,0.87,2.88,91.58
2016-02-29,15.44,5.3,9.84,0.0,10.39,0.87,3.94,86.57
2016-03-01,17.9,7.08,11.46,0.17,9.59,0.87,4.42,88.53
2016-03-02,17.1,5.44,10.55,0.06,11.56,0.86,1.76,83.38
2016-03-03,14.39,5.43,9.57,0.13,13.56,0.86,2.48,82.56
2016-03-04,13.5,3.97,8.96,9.72,12.54,0.87,4.71,84.02
2016-03-05,11.42,0.78,5.78,0.02,16.1,0.87,3.2,84.04
2016-03-06,14.91,2.99,8.77,0.0,13.64,0.87,5.39,88.22
2016-03-07,16.31,7.03,11.14,0.0,16.76,0.86,5.81,86.23
2016-03-08,16.12,6.9,11.54,0.95,9.51,0.86,4.12,89.71
2016-03-09,12.4,4.99,9.18,1.03,3.92,0.86,3.5,88.0
2016-03-10,11.58,4.79,7.4,1.78,5.89,0.86,3.85,90.42
2016-03-11,13.13,6.44,8.93,1.15,14.39,0.86,2.67,87.17
2016-03-12,13.45,2.36,7.84,1.16,14.47,0.86,2.45,84.93
2016-03-13,7.32,4.56,5.75,4.96,6.56,0.86,5.71,92.05
2016-03-14,6.79,0.73,4.17,1.43,4.11,0.87,8.56,78.88
2016-03-15,7.99,-2.24,2.34,0.0,16.58,0.86,3.29,78.4
2016-03-16,7.35,-1.29,2.33,0.0,11.13,0.86,3.91,82.19
2016-03-17,9.93,-2.98,2.93,0.0,19.01,0.86,2.09,72.68
2016-03-18,13.08,-2.01,4.92,0.0,20.38,0.86,3.37,80.81
2016-03-19,14.23,2.02,7.1,0.13,17.98,0.85,3.49,76.78
2016-03-20,10.93,1.51,5.51,0.21,15.44,0.85,2.24,79.45
2016-03-21,17.26,2.25,9.23,0.0,19.11,0.85,3.15,79.43
2016-03-22,17.08,5.86,10.56,0.15,9.08,0.85,4.59,88.75
2016-03-23,17.84,7.88,11.84,3.7,9.69,0.85,6.22,84.36
2016-03-24,15.13,3.67,10.09,13.91,8.71,0.86,5.28,91.22
2016-03-25,9.99,2.34,5.16,2.78,4.85,0.87,2.28,84.43
2016-03-26,10.26,1.58,5.32,0.1,12.27,0.86,2.41,76.68
2016-03-27,7.63,1.76,4.46,0.01,12.29,0.86,1.92,79.57
2016-03-28,11.66,0.21,5.68,0.0,18.29,0.86,1.93,76.12
2016-03-29,15.09,1.69,8.28,0.0,15.66,0.85,3.42,82.84
2016-03-30,19.02,6.03,12.01,0.0,20.09,0.85,2.31,78.22
2016-03-31,21.06,6.17,12.87,0.0,20.79,0.85,3.69,78.27
2016-04-01,22.88,7.33,14.27,0.0,21.15,0.84,3.35,82.74
2016-04-02,16.34,4.08,11.05,0.0,16.37,0.84,3.77,77.26
2016-04-03,17.94,2.11,9.36,0.0,22.64,0.83,2.39,69.98
2016-04-04,19.93,2.48,11.02,0.0,23.26,0.83,1.58,69.81
2016-04-05,22.91,5.86,14.34,0.0,20.24,0.82,2.19,68.02
2016-04-06,24.73,8.1,16.0,0.0,22.35,0.82,2.27,57.77
2016-04-07,25.68,10.1,16.97,0.0,22.99,0.81,2.66,60.92
2016-04-08,22.88,9.41,15.16,0.0,13.44,0.81,2.99,69.4
2016-04-09,21.03,10.37,15.02,0.07,16.49,0.8,3.64,83.57
2016-04-10,17.92,10.12,13.8,2.46,13.93,0.8,3.15,83.64
2016-04-11,16.6,8.64,12.4,0.59,16.77,0.8,2.95,84.26
2016-04-12,17.88,9.84,13.41,0.05,16.38,0.8,2.35,81.91
2016-04-13,23.06,7.56,15.16,0.0,24.55,0.8,2.51,75.58
2016-04-14,21.59,10.28,15.07,3.43,14.03,0.79,3.74,84.49
2016-04-15,20.0,8.86,13.88,1.28,24.78,0.8,3.93,74.16
2016-04-16,23.04,6.73,15.01,0.0,25.96,0.79,3.12,66.92
2016-04-17,26.04,8.59,16.93,0.0,25.38,0.78,2.48,68.21
2016-04-18,27.5,11.21,18.66,0.0,23.28,0.78,3.25,73.3
2016-04-19,22.93,12.14,17.25,0.0,19.92,0.77,3.47,71.6
2016-04-20,18.33,7.27,13.32,0.04,18.36,0.77,4.72,78.01
2016-04-21,17.22,4.49,10.86,0.01,26.23,0.76,2.22,67.16
2016-04-22,19.45,3.19,11.64,0.0,26.66,0.76,2.89,66.18
2016-04-23,20.09,8.31,13.65,0.0,13.42,0.75,2.27,73.48
2016-04-24,17.54,9.46,13.33,26.99,14.72,0.77,3.55,86.46
2016-04-25,17.48,9.64,12.8,3.43,20.41,0.79,2.96,82.14
2016-04-26,10.22,3.76,8.35,28.78,11.84,0.81,4.04,87.03
2016-04-27,17.16,1.48,9.57,0.0,25.41,0.81,2.42,70.06
2016-04-28,20.39,4.76,13.07,0.01,25.29,0.8,1.77,70.98
2016-04-29,17.47,8.87,12.99,0.55,11.94,0.8,2.05,71.08
2016-04-30,18.04,6.11,11.88,0.12,22.72,0.79,2.75,77.91
2016-05-01,18.57,4.92,11.18,0.0,26.1,0.79,3.15,77.31
2016-05-02,17.22,7.84,11.91,1.98,15.18,0.78,4.9,82.13
2016-05-03,19.08,8.76,13.46,16.98,17.21,0.8,3.92,79.17
2016-05-04,15.11,6.27,10.85,1.28,16.77,0.8,2.71,83.87
2016-05-05,13.57,7.12,10.61,3.41,7.42,0.8,4.56,89.18
2016-05-06,16.94,8.57,12.15,3.69,15.87,0.8,3.8,86.09
2016-05-07,17.6,7.43,13.04,0.14,22.29,0.8,1.64,77.05
2016-05-08,17.81,7.96,13.16,4.31,22.64,0.8,1.92,82.09
2016-05-09,20.8,7.9,14.27,0.88,23.02,0.8,1.65,79.17
2016-05-10,19.91,9.81,14.52,0.05,24.99,0.79,2.11,77.99
2016-05-11,20.31,9.34,15.25,0.05,19.9,0.78,1.39,75.66
2016-05-12,20.7,11.89,16.29,0.69,15.59,0.78,3.18,80.24
2016-05-13,23.5,14.26,18.44,8.85,21.36,0.79,3.5,82.42
2016-05-14,24.53,12.61,17.88,0.07,28.88,0.78,3.87,72.35
2016-05-15,23.46,11.18,17.12,1.31,27.96,0.77,2.74,73.62
2016-05-16,21.45,9.24,16.02,6.25,26.08,0.77,2.19,81.68
2016-05-17,19.02,6.46,13.0,0.19,20.03,0.77,2.67,72.18
2016-05-18,19.12,9.23,13.24,0.02,21.63,0.77,2.52,69.05
2016-05-19,20.59,8.25,14.56,0.0,25.26,0.76,2.32,62.65
2016-05-20,21.96,8.61,15.82,0.65,22.88,0.75,2.7,73.52
2016-05-21,20.9,11.55,15.71,4.84,5.3,0.75,3.47,69.06
2016-05-22,19.9,11.61,15.48,1.12,10.71,0.75,4.19,74.14
2016-05-23,23.78,10.46,17.68,0.0,23.74,0.74,2.34,66.79
2016-05-24,23.36,11.01,16.83,3.7,22.65,0.74,4.31,66.54
2016-05-25,18.39,9.96,13.96,7.38,17.13,0.74,3.44,81.13
2016-05-26,19.21,11.66,15.06,3.59,17.2,0.75,3.27,81.69
2016-05-27,18.98,11.17,15.17,4.24,15.82,0.75,4.14,86.08
2016-05-28,22.96,10.3,17.7,0.0,26.05,0.75,2.19,75.45
2016-05-29,27.0,12.78,20.0,0.0,25.56,0.74,2.55,69.96
2016-05-30,28.68,14.22,21.19,0.33,26.9,0.73,2.57,74.96
2016-05-31,28.6,16.05,22.45,1.29,27.63,0.72,1.71,75.3
2016-06-01,28.94,16.69,22.78,0.0,28.4,0.71,1.72,67.33
2016-06-02,26.64,16.61,21.34,0.68,26.83,0.71,2.5,70.1
2016-06-03,24.11,15.3,19.61,6.49,17.28,0.71,1.55,75.37
2016-06-04,22.5,14.01,18.31,1.36,24.56,0.71,2.66,76.95
2016-06-05,25.46,13.37,19.74,0.0,25.4,0.71,1.59,70.14
2016-06-06,19.57,15.27,17.12,5.36,13.95,0.71,1.79,88.65
2016-06-07,21.57,10.06,16.49,0.19,22.09,0.71,4.14,75.26
2016-06-08,20.95,8.51,14.83,0.0,26.06,0.7,3.28,65.33
2016-06-09,21.49,8.48,15.19,0.0,28.44,0.7,2.49,66.64
2016-06-10,24.7,8.5,16.99,0.0,30.36,0.69,2.01,66.68
2016-06-11,27.48,10.52,19.36,0.0,29.21,0.68,2.51,70.66
2016-06-12,28.72,14.44,21.18,7.67,28.43,0.68,3.55,67.03
2016-06-13,24.98,14.85,20.14,2.65,20.88,0.69,4.11,75.25
2016-06-14,21.81,15.76,18.66,7.58,9.43,0.7,3.44,84.19
2016-06-15,27.95,14.04,21.34,0.71,29.37,0.7,2.76,69.31
2016-06-16,29.98,15.49,23.3,0.06,30.31,0.69,2.18,64.59
2016-06-17,34.55,17.02,26.01,0.0,28.62,0.68,2.51,57.99
2016-06-18,36.11,19.17,27.1,0.0,26.5,0.67,2.13,53.74
2016-06-19,35.42,17.3,25.69,0.0,27.23,0.66,2.68,54.73
2016-06-20,35.0,18.0,25.57,0.0,27.18,0.66,3.64,63.37
2016-06-21,34.36,18.44,25.91,0.0,29.5,0.65,4.36,63.35
2016-06-22,33.69,18.53,25.9,0.0,29.86,0.65,4.42,61.36
2016-06-23,33.75,19.14,26.41,0.0,28.68,0.64,5.22,59.35
2016-06-24,33.41,20.48,26.44,0.0,29.49,0.64,5.0,61.47
2016-06-25,30.84,18.99,24.54,0.0,27.41,0.64,5.22,63.48
2016-06-26,31.22,18.58,24.11,1.45,14.26,0.63,4.26,69.72
2016-06-27,31.78,19.85,24.88,0.24,22.04,0.63,2.44,61.24
2016-06-28,28.59,17.33,23.01,0.93,18.46,0.63,3.39,64.09
2016-06-29,26.78,15.96,21.61,0.52,21.18,0.63,3.0,71.24
2016-06-30,31.28,17.16,24.33,0.13,23.1,0.63,2.23,65.39
2016-07-01,33.99,20.24,26.78,0.04,27.72,0.63,1.8,52.67
2016-07-02,33.22,18.36,25.92,1.67,25.0,0.63,2.67,57.66
2016-07-03,31.63,18.73,24.77,0.78,26.96,0.62,3.2,67.14
2016-07-04,31.41,18.27,24.65,7.18,21.13,0.62,2.94,65.7
2016-07-05,29.28,17.53,22.96,0.06,26.15,0.63,3.93,60.0
2016-07-06,29.87,15.18,22.51,0.0,29.43,0.63,2.76,56.05
2016-07-07,30.11,16.48,23.07,0.0,25.65,0.62,2.89,54.94
2016-07-08,28.34,14.79,21.85,0.0,27.34,0.62,2.97,62.37
2016-07-09,30.74,15.25,22.96,0.0,28.72,0.62,1.65,56.35
2016-07-10,31.01,15.52,23.27,0.01,27.69,0.62,3.41,54.45
2016-07-11,30.91,15.04,22.84,0.0,28.15,0.61,2.75,57.04
2016-07-12,30.41,15.14,22.86,0.0,29.34,0.61,3.51,63.05
2016-07-13,33.77,16.54,24.72,0.0,29.93,0.61,2.67,63.07
2016-07-14,36.5,16.54,26.56,0.0,29.67,0.61,1.84,54.16
2016-07-15,36.85,19.03,27.25,0.0,28.71,0.61,2.76,52.52
2016-07-16,37.18,17.56,27.35,0.0,28.75,0.6,2.93,52.96
2016-07-17,35.15,18.96,26.74,0.0,27.6,0.6,2.7,50.69
2016-07-18,30.26,18.3,23.86,0.01,26.53,0.6,4.79,46.42
2016-07-19,30.31,17.28,23.93,0.0,24.12,0.6,3.48,48.42
2016-07-20,27.98,16.84,22.28,0.0,21.19,0.6,3.49,48.85
2016-07-21,30.86,16.02,23.51,0.0,23.24,0.6,1.61,47.87
2016-07-22,33.67,16.2,25.41,0.0,27.91,0.6,1.66,42.65
2016-07-23,35.61,18.36,27.21,0.0,28.1,0.6,2.13,38.32
2016-07-24,35.41,19.44,27.01,0.0,25.53,0.6,2.66,39.77
2016-07-25,32.98,18.06,25.36,0.0,27.63,0.6,3.56,49.7
2016-07-26,31.92,17.15,24.37,0.0,25.8,0.6,3.8,61.94
2016-07-27,32.46,17.93,24.88,0.0,25.13,0.6,3.69,61.9
2016-07-28,33.0,18.49,25.15,0.0,25.74,0.6,3.76,61.25
2016-07-29,33.31,18.12,25.56,0.0,25.19,0.6,3.37,57.61
2016-07-30,34.02,18.66,26.25,0.0,24.46,0.6,3.31,45.5
2016-07-31,35.06,18.51,26.66,0.0,24.58,0.6,3.22,45.92
2016-08-01,35.84,18.46,27.03,0.0,27.14,0.6,3.13,51.11
2016-08-02,35.98,17.99,27.21,0.01,25.39,0.6,2.81,50.28
2016-08-03,32.62,21.08,26.18,1.62,23.48,0.6,3.43,52.28
2016-08-04,32.78,19.87,25.67,0.0,24.51,0.6,4.3,59.0
2016-08-05,33.76,19.69,26.12,0.0,23.12,0.6,4.0,62.47
2016-08-06,34.33,19.28,26.46,0.0,24.89,0.6,3.48,61.85
2016-08-07,35.89,19.07,27.31,0.0,24.13,0.6,4.16,53.67
2016-08-08,31.94,20.77,25.58,0.0,24.51,0.6,5.51,57.3
2016-08-09,32.11,19.6,25.35,0.01,22.6,0.6,5.05,58.3
2016-08-10,34.66,19.64,26.28,0.02,23.86,0.6,3.77,49.6
2016-08-11,37.48,19.75,28.28,0.0,25.67,0.6,1.77,44.97
2016-08-12,30.22,16.96,22.38,1.52,19.27,0.6,4.62,60.13
2016-08-13,26.62,13.32,19.83,0.01,16.31,0.6,5.15,49.38
2016-08-14,29.11,13.52,21.15,0.0,26.65,0.6,3.32,41.02
2016-08-15,30.8,13.92,21.85,0.0,26.91,0.6,3.34,49.17
2016-08-16,31.9,14.24,23.05,0.0,26.59,0.6,2.92,56.01
2016-08-17,34.92,16.66,25.58,0.0,25.62,0.6,1.43,53.46
2016-08-18,35.22,17.57,26.12,0.05,24.67,0.6,2.29,49.79
2016-08-19,33.15,18.09,24.77,0.99,22.74,0.6,3.19,61.72
2016-08-20,31.61,19.14,24.72,0.01,20.69,0.6,4.03,62.15
2016-08-21,33.59,19.59,26.3,0.0,20.86,0.6,3.59,52.29
2016-08-22,36.21,20.52,28.05,1.91,20.85,0.6,3.07,47.52
2016-08-23,31.82,18.07,24.38,5.24,23.31,0.6,4.34,60.84
2016-08-24,31.07,17.85,24.17,0.5,21.31,0.61,5.0,64.39
2016-08-25,29.24,18.48,23.16,0.75,18.62,0.61,5.33,57.53
2016-08-26,28.94,16.18,22.16,0.0,23.25,0.61,4.91,52.43
2016-08-27,28.29,15.96,21.62,0.0,20.69,0.6,4.02,61.96
2016-08-28,29.49,16.35,22.44,1.4,18.38,0.6,3.47,61.52
2016-08-29,26.79,16.64,21.65,3.85,17.68,0.61,2.43,72.22
2016-08-30,29.96,15.76,23.09,0.08,21.53,0.61,2.67,63.97
2016-08-31,29.74,17.44,22.94,0.0,19.25,0.61,3.71,64.17
2016-09-01,28.14,15.39,20.98,0.0,22.97,0.61,3.68,62.14
2016-09-02,26.69,13.55,19.95,0.0,20.1,0.6,3.97,68.1
2016-09-03,27.64,14.09,20.19,0.0,22.26,0.6,4.03,64.38
2016-09-04,29.73,13.69,21.03,0.0,22.09,0.6,3.18,59.52
2016-09-05,31.05,14.53,22.27,0.0,22.7,0.6,1.67,53.69
2016-09-06,31.73,15.76,23.18,0.0,18.89,0.6,3.45,54.49
2016-09-07,27.79,18.54,22.45,0.0,13.2,0.6,3.85,66.81
2016-09-08,29.46,19.18,23.38,0.0,18.6,0.6,4.27,60.98
2016-09-09,30.98,16.51,23.25,0.0,15.06,0.6,3.87,56.94
2016-09-10,26.71,17.3,21.94,0.01,11.15,0.6,4.27,57.26
2016-09-11,27.99,17.12,21.62,0.0,14.12,0.6,3.86,73.35
2016-09-12,28.24,16.79,21.6,0.0,16.41,0.6,4.37,67.73
2016-09-13,28.56,15.44,21.14,0.0,15.93,0.6,3.31,60.6
2016-09-14,30.57,15.04,22.68,0.04,16.1,0.6,2.93,45.63
2016-09-15,30.52,16.27,22.42,5.25,15.51,0.6,2.85,54.54
2016-09-16,29.33,14.72,21.52,0.0,19.38,0.61,1.88,63.39
2016-09-17,32.22,15.63,23.32,0.0,19.22,0.61,3.49,53.17
2016-09-18,31.85,16.77,23.86,0.01,18.65,0.6,2.77,59.93
2016-09-19,29.78,16.55,22.38,0.64,12.57,0.6,3.96,68.95
2016-09-20,26.01,11.24,18.25,3.08,13.12,0.6,3.94,69.04
2016-09-21,22.21,8.82,15.05,0.48,12.94,0.61,1.9,64.13
2016-09-22,20.88,9.95,14.95,0.7,10.21,0.61,2.09,63.9
2016-09-23,21.18,7.61,13.68,0.03,18.79,0.61,3.27,58.22
2016-09-24,22.71,9.07,14.95,0.0,19.11,0.61,2.43,52.33
2016-09-25,22.29,9.56,15.26,0.28,16.47,0.6,2.04,61.1
2016-09-26,19.78,9.05,14.04,0.03,13.58,0.6,3.11,71.22
2016-09-27,17.19,9.2,13.38,0.05,14.21,0.6,3.53,74.06
2016-09-28,23.58,7.12,14.76,0.0,18.2,0.6,2.5,59.06
2016-09-29,25.0,8.29,16.26,0.0,17.99,0.6,2.44,57.16
2016-09-30,28.43,10.47,18.65,0.0,18.11,0.6,2.11,49.82
2016-10-01,28.74,12.33,19.19,0.0,17.62,0.6,1.68,65.8
2016-10-02,28.78,13.26,19.57,0.0,16.92,0.6,1.72,67.28
2016-10-03,29.17,12.34,20.01,0.02,14.69,0.6,2.12,65.73
2016-10-04,21.96,12.34,17.19,10.26,12.42,0.6,3.33,70.04
2016-10-05,20.04,8.11,13.65,4.83,14.5,0.63,3.04,64.52
2016-10-06,20.69,5.12,12.38,0.0,11.68,0.62,2.74,62.39
2016-10-07,23.29,9.37,15.96,1.02,14.38,0.62,2.84,73.36
2016-10-08,17.39,6.94,12.66,10.96,8.9,0.64,3.87,76.31
2016-10-09,19.94,5.97,12.06,0.0,15.97,0.64,1.59,68.74
2016-10-10,19.72,8.36,13.69,0.15,9.69,0.64,2.87,79.89
2016-10-11,20.45,11.36,14.91,7.07,10.07,0.64,2.76,87.38
2016-10-12,22.18,8.52,16.15,5.27,10.04,0.65,4.14,82.02
2016-10-13,18.77,5.02,10.98,0.0,15.86,0.65,3.24,66.77
2016-10-14,17.45,3.92,9.76,0.0,14.75,0.65,2.96,70.85
2016-10-15,18.07,5.7,11.34,0.0,13.28,0.64,1.8,76.3
2016-10-16,20.54,7.57,13.23,2.44,9.95,0.64,2.69,82.5
2016-10-17,14.48,6.96,10.98,3.41,4.97,0.65,6.14,76.66
2016-10-18,14.29,4.18,8.65,0.04,10.43,0.65,4.43,71.25
2016-10-19,13.34,3.93,8.32,0.09,6.98,0.65,2.61,82.47
2016-10-20,17.12,7.17,10.74,0.32,9.98,0.64,2.8,85.04
2016-10-21,18.08,7.21,11.95,0.02,8.79,0.64,3.12,83.07
2016-10-22,18.22,8.88,13.42,0.01,9.06,0.64,1.92,82.07
2016-10-23,20.62,8.81,13.99,0.0,9.74,0.64,2.45,82.33
2016-10-24,18.66,8.61,12.87,0.0,8.03,0.64,3.4,83.46
2016-10-25,16.86,7.61,11.01,0.01,5.13,0.64,3.47,80.37
2016-10-26,15.57,5.84,10.35,0.32,7.48,0.64,1.36,82.97
2016-10-27,13.09,4.63,9.11,0.05,10.02,0.64,5.18,78.26
2016-10-28,9.34,3.22,6.01,0.0,7.66,0.64,5.6,78.51
2016-10-29,12.52,-1.17,5.0,0.0,13.18,0.64,2.61,66.38
2016-10-30,14.49,2.99,7.8,0.0,10.63,0.64,3.75,68.12
2016-10-31,12.49,0.81,5.82,0.0,11.01,0.64,3.38,66.97
2016-11-01,11.45,0.29,4.45,0.0,11.59,0.64,3.62,70.81
2016-11-02,15.83,-0.52,6.62,0.38,12.17,0.63,3.87,75.97
2016-11-03,20.04,6.85,11.37,0.02,11.25,0.63,3.73,78.77
2016-11-04,12.67,5.68,7.83,1.42,2.55,0.64,2.35,85.17
2016-11-05,15.28,5.84,9.55,0.01,7.42,0.64,1.57,89.98
2016-11-06,19.37,7.6,12.61,0.0,8.47,0.64,4.79,89.27
2016-11-07,21.02,12.36,16.16,0.01,4.74,0.63,6.79,87.57
2016-11-08,21.51,15.34,17.76,5.27,7.54,0.63,8.59,83.82
2016-11-09,22.29,11.65,17.81,19.67,6.68,0.65,8.89,82.81
2016-11-10,13.64,5.01,8.89,1.31,9.02,0.68,2.96,77.99
2016-11-11,15.38,7.23,10.23,0.16,8.96,0.67,2.15,88.39
2016-11-12,16.61,7.6,12.39,0.79,5.96,0.67,5.56,88.01
2016-11-13,14.51,2.27,9.5,2.97,10.96,0.67,5.89,66.24
2016-11-14,7.5,-1.17,2.56,0.0,8.12,0.67,3.0,70.65
2016-11-15,6.59,-2.46,1.37,0.0,9.14,0.67,3.52,75.53
2016-11-16,7.23,-4.33,0.91,0.0,10.31,0.67,2.04,72.8
2016-11-17,9.97,-2.45,2.45,0.0,10.26,0.66,2.26,70.34
2016-11-18,13.22,-0.33,4.97,0.0,9.6,0.66,2.37,76.21
2016-11-19,15.57,1.24,6.85,0.0,10.46,0.66,2.59,80.04
2016-11-20,14.05,5.96,8.53,0.0,9.48,0.66,2.81,88.25
2016-11-21,13.23,6.55,8.63,0.0,4.54,0.66,3.55,85.88
2016-11-22,9.14,4.87,6.78,0.01,3.06,0.66,3.5,87.27
2016-11-23,11.15,4.44,7.4,0.01,4.53,0.66,2.9,86.91
2016-11-24,11.22,2.79,6.37,0.0,7.8,0.66,1.08,82.61
2016-11-25,11.08,1.64,4.63,0.0,8.57,0.66,1.93,91.52
2016-11-26,9.61,3.54,6.02,0.12,3.2,0.66,1.84,91.93
2016-11-27,13.36,5.51,8.82,2.41,3.11,0.66,3.23,96.42
2016-11-28,9.46,3.05,6.73,9.98,1.76,0.67,3.38,93.02
2016-11-29,2.7,-1.49,1.09,3.54,3.31,0.68,6.67,85.88
2016-11-30,2.55,-6.04,-1.98,0.02,7.99,0.68,5.8,65.89
2016-12-01,2.85,-6.15,-2.92,0.02,4.24,0.68,2.44,83.64
2016-12-02,8.03,-3.12,1.94,0.0,5.63,0.68,4.73,82.4
2016-12-03,7.33,-2.58,1.35,0.0,9.28,0.68,3.07,67.48
2016-12-04,6.88,-4.29,-0.28,0.0,8.7,0.68,2.15,74.66
2016-12-05,6.67,-3.83,-0.61,0.0,9.18,0.68,2.83,81.88
2016-12-06,6.38,-3.43,-0.13,0.0,8.77,0.67,2.27,87.42
2016-12-07,4.64,-4.16,-0.67,0.0,6.73,0.67,4.18,86.8
2016-12-08,3.03,-5.19,-2.26,0.0,9.23,0.67,2.27,70.28
2016-12-09,9.57,-2.98,2.01,0.0,8.44,0.67,3.1,65.37
2016-12-10,11.95,-1.13,3.76,0.0,8.38,0.67,3.02,73.39
2016-12-11,12.87,-0.37,5.04,0.08,7.62,0.67,3.04,86.54
2016-12-12,11.37,1.67,5.17,0.42,6.0,0.67,3.51,79.89
2016-12-13,2.18,-7.17,-1.93,0.9,4.05,0.67,5.81,78.15
2016-12-14,1.93,-7.22,-3.74,0.0,9.06,0.67,2.7,72.88
2016-12-15,3.88,-3.49,-0.79,0.09,2.54,0.67,3.05,79.79
2016-12-16,0.94,-4.65,-2.23,0.01,6.35,0.67,4.72,73.72
2016-12-17,1.92,-8.8,-3.48,0.0,8.62,0.67,2.5,64.03
2016-12-18,3.8,-6.18,-1.76,0.0,8.27,0.67,1.03,57.66
2016-12-19,4.67,-6.18,-1.52,0.0,8.28,0.67,1.71,74.28
2016-12-20,4.21,-7.51,-2.06,0.26,7.1,0.67,3.44,85.05
2016-12-21,1.31,-5.0,-1.42,0.06,5.36,0.67,6.08,81.82
2016-12-22,2.61,-6.17,-2.21,0.0,5.64,0.67,5.7,80.74
2016-12-23,4.62,-4.43,-0.95,0.07,5.52,0.67,5.07,80.77
2016-12-24,2.7,-5.11,-1.94,0.07,6.37,0.67,4.15,89.21
2016-12-25,4.83,-5.37,-1.32,0.0,5.95,0.67,2.58,88.3
2016-12-26,4.42,-3.36,-0.9,1.24,5.0,0.67,2.61,93.49
2016-12-27,5.64,-4.18,0.7,0.0,4.46,0.67,2.94,93.25
2016-12-28,5.06,-2.45,0.39,0.1,7.13,0.67,3.48,86.14
2016-12-29,0.87,-2.22,-0.57,0.81,2.28,0.67,10.06,77.86
2016-12-30,-0.39,-3.27,-2.21,1.75,2.43,0.67,9.49,78.71
2016-12-31,-2.73,-5.99,-3.5,7.13,1.33,0.67,7.23,87.65
2017-01-01,1.54,-10.88,-5.25,0.95,7.55,0.67,2.42,80.04
2017-01-02,3.34,-6.15,-2.36,0.0,5.09,0.67,2.78,90.27
2017-01-03,5.85,-4.99,-0.84,0.0,5.84,0.68,2.77,80.31
2017-01-04,5.45,-2.92,0.85,0.03,4.22,0.68,2.52,88.68
2017-01-05,3.47,0.7,2.02,5.12,3.79,0.68,3.21,95.43
2017-01-06,6.41,-8.63,-1.52,30.83,1.52,0.72,6.33,90.24
2017-01-07,-9.02,-11.13,-10.13,2.6,2.58,0.72,7.8,80.2
2017-01-08,-5.9,-12.39,-9.52,0.06,6.98,0.72,4.03,72.42
2017-01-09,-8.39,-10.53,-9.79,0.54,5.07,0.71,4.88,82.13
2017-01-10,0.09,-9.13,-3.47,5.87,2.75,0.71,6.93,94.83
2017-01-11,-3.27,-13.07,-7.06,11.71,2.88,0.71,3.52,90.93
2017-01-12,-2.8,-13.55,-7.5,1.68,7.58,0.71,3.17,94.59
2017-01-13,1.37,-9.64,-3.37,0.0,7.17,0.72,3.99,95.75
2017-01-14,6.26,-1.23,2.22,4.52,4.98,0.74,4.68,98.18
2017-01-15,1.68,-4.25,-1.8,2.2,2.24,0.75,2.5,92.37
2017-01-16,1.91,-4.3,-0.46,3.76,3.17,0.75,4.23,97.54
2017-01-17,3.23,0.94,1.86,5.56,2.88,0.76,4.5,98.8
2017-01-18,2.15,-1.11,0.57,3.96,2.74,0.77,6.22,94.91
2017-01-19,1.69,-2.99,-0.06,2.18,2.08,0.76,6.75,94.59
2017-01-20,-0.02,-7.7,-4.4,0.27,5.84,0.76,4.6,85.58
2017-01-21,1.63,-10.78,-5.49,0.0,9.61,0.76,2.07,81.52
2017-01-22,1.8,-9.57,-4.19,0.0,6.48,0.76,2.92,92.09
2017-01-23,4.14,-2.69,-0.17,0.0,6.58,0.76,3.01,93.79
2017-01-24,2.13,-0.86,0.14,0.0,3.54,0.76,2.6,95.26
2017-01-25,0.97,-6.08,-2.45,0.0,6.14,0.76,5.41,86.17
2017-01-26,-0.88,-9.52,-5.25,0.0,10.04,0.76,4.88,83.74
2017-01-27,-0.62,-12.04,-6.52,0.0,9.72,0.76,3.03,85.38
2017-01-28,2.38,-8.45,-3.96,0.0,8.38,0.76,2.67,87.27
2017-01-29,4.02,-6.64,-2.17,0.0,9.24,0.76,1.92,88.36
2017-01-30,3.09,-3.84,-1.48,0.01,6.11,0.76,4.4,88.79
2017-01-31,3.18,-6.69,-2.59,0.02,8.79,0.76,2.32,82.8
2017-02-01,4.02,-7.48,-2.47,0.0,11.76,0.76,2.2,86.14
2017-02-02,5.06,-3.85,0.4,0.0,10.3,0.76,2.7,97.04
2017-02-03,9.06,0.96,3.28,0.0,8.59,0.76,3.24,97.0
2017-02-04,13.9,1.08,5.5,0.03,10.35,0.76,3.52,92.07
2017-02-05,14.81,3.73,7.69,0.7,5.8,0.76,3.69,92.15
2017-02-06,13.18,1.95,7.77,0.04,3.66,0.76,3.88,95.98
2017-02-07,12.65,6.47,9.04,2.36,4.01,0.76,5.36,94.79
2017-02-08,7.52,2.09,4.92,4.03,5.23,0.77,3.36,95.75
2017-02-09,2.56,-1.38,0.17,0.57,2.84,0.77,6.07,90.3
2017-02-10,4.24,-2.92,0.12,0.0,5.91,0.77,6.02,85.54
2017-02-11,3.22,-3.33,-1.32,0.02,6.77,0.76,5.87,83.73
2017-02-12,2.44,-3.63,-1.46,0.09,6.71,0.76,5.79,81.76
2017-02-13,0.75,-5.06,-2.96,0.0,8.39,0.76,5.2,78.61
2017-02-14,1.9,-7.55,-3.35,0.0,14.03,0.76,3.44,71.87
2017-02-15,5.77,-4.27,-0.56,0.0,13.77,0.76,4.59,78.0
2017-02-16,4.73,-3.59,-0.75,0.0,14.36,0.76,3.64,76.45
2017-02-17,7.03,-5.44,-0.35,0.0,14.74,0.76,2.51,80.52
2017-02-18,10.15,-1.87,2.69,0.08,12.45,0.76,3.15,90.69
2017-02-19,10.82,2.83,6.34,20.56,5.26,0.77,3.43,96.56
2017-02-20,8.12,-2.29,2.84,2.41,11.28,0.79,3.72,82.81
2017-02-21,10.24,-3.28,2.6,0.0,14.83,0.79,3.34,74.8
2017-02-22,15.12,1.99,7.51,0.0,14.73,0.78,3.84,71.51
2017-02-23,18.09,2.42,8.95,0.0,14.97,0.78,4.36,81.45
2017-02-24,17.63,6.95,11.12,0.01,14.46,0.77,6.77,84.41
2017-02-25,14.73,4.31,9.41,2.48,4.11,0.77,5.32,89.7
2017-02-26,10.77,2.37,5.39,2.01,5.0,0.78,2.53,87.29
2017-02-27,14.33,3.22,7.1,0.0,11.16,0.78,1.5,88.98
2017-02-28,17.32,5.27,9.32,0.0,13.47,0.78,1.88,86.78
2017-03-01,14.46,5.62,8.88,0.24,10.47,0.77,5.35,89.43
2017-03-02,9.16,3.81,6.75,4.19,4.21,0.78,4.43,87.77
2017-03-03,16.33,3.62,8.2,0.0,14.82,0.78,2.12,80.25
2017-03-04,15.56,0.84,7.34,0.0,17.45,0.77,3.28,79.47
2017-03-05,16.98,0.45,7.77,0.0,17.66,0.77,3.89,75.35
2017-03-06,16.72,4.25,9.82,0.42,10.32,0.77,5.67,85.89
2017-03-07,15.99,6.7,10.71,2.96,10.97,0.77,3.97,85.75
2017-03-08,16.31,6.52,10.57,1.04,10.42,0.77,3.7,79.61
2017-03-09,11.92,4.23,6.76,3.42,6.49,0.77,5.28,84.01
2017-03-10,10.98,2.83,5.93,4.0,7.59,0.78,2.8,87.39
2017-03-11,11.44,5.48,7.73,1.34,4.13,0.78,5.75,86.02
2017-03-12,9.89,2.73,5.79,2.55,7.92,0.78,4.76,85.9
2017-03-13,5.03,1.34,3.25,9.5,6.31,0.79,4.02,91.09
2017-03-14,6.84,1.24,3.47,3.4,6.59,0.79,4.79,88.78
2017-03-15,10.91,-0.2,5.54,0.17,11.11,0.79,3.21,75.55
2017-03-16,9.89,1.95,5.73,0.63,9.61,0.79,1.82,78.0
2017-03-17,7.08,0.62,3.67,1.84,12.28,0.79,4.06,75.26
2017-03-18,14.46,-2.89,5.89,0.0,19.09,0.79,5.38,76.81
2017-03-19,16.47,4.86,9.67,1.39,10.97,0.78,4.33,80.79
2017-03-20,17.36,2.57,9.89,0.03,18.25,0.78,2.69,72.98
2017-03-21,19.81,4.95,11.79,0.0,19.52,0.78,2.36,76.07
2017-03-22,17.7,2.66,9.38,0.01,21.11,0.78,3.37,70.66
2017-03-23,16.18,-0.24,6.55,0.34,21.85,0.77,2.94,76.47
2017-03-24,18.89,0.44,9.07,0.0,21.41,0.77,1.74,69.54
2017-03-25,17.99,4.05,9.7,0.02,18.35,0.77,2.65,74.8
2017-03-26,16.14,3.84,9.04,4.17,14.87,0.76,2.79,82.95
2017-03-27,11.6,1.91,5.85,0.92,14.35,0.77,3.88,72.51
2017-03-28,16.59,-1.01,7.97,0.0,18.05,0.77,1.81,66.19
2017-03-29,20.09,3.72,11.03,0.0,22.31,0.76,2.53,62.59
2017-03-30,21.07,5.11,12.33,0.02,20.78,0.76,3.71,61.84
2017-03-31,13.14,-0.63,7.57,0.0,17.98,0.75,5.15,74.23
2017-04-01,16.21,-1.87,5.71,0.0,24.17,0.75,2.76,69.51
2017-04-02,17.71,-1.47,7.18,0.0,22.21,0.75,2.56,70.67
2017-04-03,18.96,1.07,9.56,0.08,21.34,0.74,2.7,74.58
2017-04-04,17.25,5.82,10.62,0.49,13.84,0.74,3.35,79.53
2017-04-05,13.8,7.61,10.38,1.7,10.28,0.74,2.03,91.46
2017-04-06,15.41,7.94,11.0,3.21,12.36,0.75,1.87,85.1
2017-04-07,13.46,3.05,7.99,0.17,13.32,0.75,4.08,64.86
2017-04-08,12.61,0.52,6.56,1.65,14.39,0.74,3.17,73.94
2017-04-09,14.55,1.77,8.1,0.05,17.92,0.74,2.78,76.43
2017-04-10,16.2,2.74,8.84,0.0,22.93,0.74,2.36,66.3
2017-04-11,18.98,1.53,9.8,0.0,25.47,0.73,2.04,66.17
2017-04-12,19.52,4.57,10.61,0.0,20.66,0.73,2.76,68.36
2017-04-13,20.54,3.63,11.74,0.01,24.71,0.73,1.9,72.76
2017-04-14,21.02,6.49,13.7,0.27,21.69,0.72,2.85,67.14
2017-04-15,21.45,5.95,13.92,0.15,20.35,0.72,2.14,61.49
2017-04-16,21.79,8.41,14.53,0.12,18.74,0.71,3.56,70.47
2017-04-17,12.95,2.22,8.34,30.13,2.81,0.74,4.2,91.4
2017-04-18,11.69,2.45,6.09,6.49,14.49,0.77,3.76,76.44
2017-04-19,15.56,2.33,9.52,1.41,18.39,0.76,4.57,83.37
2017-04-20,11.04,1.27,8.05,6.51,8.23,0.77,3.87,86.67
2017-04-21,10.17,-1.2,4.57,0.03,18.68,0.76,3.17,72.37
2017-04-22,12.83,-0.59,6.4,0.0,21.22,0.76,1.39,67.28
2017-04-23,15.21,0.24,8.13,2.77,16.5,0.76,3.26,74.08
2017-04-24,14.71,0.27,7.65,0.02,25.97,0.76,2.99,67.13
2017-04-25,18.14,2.03,9.94,0.0,25.57,0.75,3.26,68.77
2017-04-26,20.75,2.79,11.89,0.0,25.02,0.74,2.87,66.26
2017-04-27,23.12,6.19,14.58,0.0,27.29,0.74,2.58,66.83
2017-04-28,24.22,7.23,15.67,0.0,27.22,0.73,2.68,65.03
2017-04-29,21.7,9.71,15.65,0.01,24.19,0.72,2.43,70.08
2017-04-30,23.38,8.96,15.79,0.35,20.83,0.72,3.4,67.8
2017-05-01,19.79,7.5,13.11,0.0,22.94,0.72,3.86,71.16
2017-05-02,23.16,6.96,14.37,0.0,25.38,0.71,3.51,70.23
2017-05-03,24.2,7.15,15.31,0.0,24.65,0.71,2.99,67.73
2017-05-04,26.04,7.77,16.63,0.0,27.22,0.7,2.37,70.33
2017-05-05,22.75,9.31,16.21,0.1,24.36,0.7,2.65,73.95
2017-05-06,18.01,9.3,13.53,9.83,18.74,0.7,3.19,80.12
2017-05-07,20.82,8.63,14.77,2.84,22.48,0.71,3.02,77.94
2017-05-08,19.09,9.85,14.42,3.11,20.12,0.71,2.91,83.82
2017-05-09,21.52,8.73,14.87,9.93,16.49,0.71,2.06,81.12
2017-05-10,17.6,9.21,12.94,0.72,15.37,0.72,2.87,78.92
2017-05-11,21.19,7.97,14.51,0.02,24.47,0.72,2.25,74.79
2017-05-12,22.49,9.67,15.6,0.0,14.37,0.71,3.77,77.08
2017-05-13,28.98,11.83,20.14,0.72,25.48,0.71,3.06,69.86
2017-05-14,25.57,14.18,19.4,3.19,26.37,0.7,3.56,69.52
2017-05-15,22.21,12.03,16.62,0.7,25.32,0.7,3.2,73.48
2017-05-16,22.18,9.15,15.74,0.0,21.95,0.7,3.57,69.38
2017-05-17,18.65,10.93,14.32,0.26,16.34,0.69,5.11,71.51
2017-05-18,20.16,7.32,13.85,0.0,26.39,0.69,5.61,61.03
2017-05-19,19.56,5.23,12.81,0.0,27.35,0.68,3.55,58.94
2017-05-20,24.05,8.24,16.66,0.45,28.25,0.68,1.44,53.28
2017-05-21,21.31,10.55,15.19,4.57,16.47,0.68,3.33,68.88
2017-05-22,20.52,8.1,14.88,1.24,19.07,0.68,2.58,72.36
2017-05-23,22.26,9.47,15.66,0.04,25.53,0.68,3.54,68.63
2017-05-24,24.34,8.7,16.32,0.01,25.52,0.67,1.55,62.28
2017-05-25,22.11,10.75,16.34,1.32,18.88,0.67,2.74,72.71
2017-05-26,20.33,11.79,15.52,12.06,18.79,0.68,2.73,84.18
2017-05-27,18.75,11.73,14.79,3.97,14.58,0.69,2.62,83.36
2017-05-28,20.07,11.97,15.46,0.18,12.35,0.69,3.94,78.49
2017-05-29,24.05,10.1,16.83,0.0,26.4,0.68,4.18,67.04
2017-05-30,25.05,9.93,18.38,0.02,24.62,0.68,1.9,59.95
2017-05-31,29.18,13.6,21.98,0.03,27.78,0.67,1.89,56.46
2017-06-01,30.29,16.99,23.78,2.06,26.09,0.67,1.63,61.13
2017-06-02,27.86,17.7,22.4,3.03,20.9,0.67,1.73,71.71
2017-06-03,26.17,15.78,20.81,18.94,18.4,0.68,1.75,77.42
2017-06-04,20.48,13.96,16.78,0.6,17.01,0.7,3.25,79.26
2017-06-05,24.98,13.17,18.77,0.0,25.06,0.69,3.05,72.72
2017-06-06,27.78,11.7,20.14,0.0,28.99,0.68,1.8,68.57
2017-06-07,30.6,13.7,22.68,0.1,28.76,0.68,1.63,68.36
2017-06-08,28.84,15.67,21.39,7.43,11.89,0.67,2.97,74.43
2017-06-09,21.67,13.04,17.03,1.09,19.75,0.68,4.03,76.71
2017-06-10,24.75,13.79,18.92,0.17,21.64,0.68,3.4,70.62
2017-06-11,25.91,14.43,19.99,0.09,23.6,0.67,2.58,64.67
2017-06-12,26.67,12.86,19.67,0.01,27.29,0.67,3.48,64.94
2017-06-13,30.42,13.97,22.5,0.0,30.43,0.66,1.47,52.38
2017-06-14,31.06,16.13,23.72,0.0,28.83,0.65,3.69,56.79
2017-06-15,26.21,15.02,21.01,0.01,25.18,0.65,3.36,66.85
2017-06-16,28.65,12.69,21.07,0.0,29.51,0.65,1.87,59.53
2017-06-17,24.68,13.51,18.45,4.47,12.18,0.65,2.53,68.59
2017-06-18,22.09,12.14,17.05,2.03,23.53,0.65,3.29,64.89
2017-06-19,22.92,12.62,17.03,5.1,17.65,0.66,4.21,73.93
2017-06-20,26.97,14.35,20.93,3.76,22.45,0.66,3.46,61.44
2017-06-21,31.11,14.31,23.99,0.17,29.03,0.66,1.8,57.15
2017-06-22,31.99,16.76,24.83,1.07,26.9,0.65,2.35,55.55
2017-06-23,33.99,16.9,25.67,0.0,29.52,0.65,2.25,56.57
2017-06-24,33.85,19.68,26.45,0.0,26.48,0.64,2.7,55.0
2017-06-25,34.0,18.15,25.94,0.0,27.76,0.64,1.86,55.11
2017-06-26,34.39,16.64,25.65,0.0,29.88,0.63,1.78,52.76
2017-06-27,32.41,17.83,25.72,0.63,24.44,0.63,1.71,59.95
2017-06-28,34.08,20.42,27.07,0.0,25.08,0.63,1.46,59.06
2017-06-29,38.31,19.66,28.96,0.0,28.51,0.62,3.14,52.08
2017-06-30,39.39,20.71,30.8,0.0,30.01,0.62,1.96,43.12
2017-07-01,40.95,20.76,31.0,0.0,28.27,0.61,2.67,39.18
2017-07-02,38.48,21.23,28.74,0.09,27.99,0.61,3.62,49.63
2017-07-03,33.27,18.33,24.71,14.06,19.78,0.62,4.3,71.32
2017-07-04,25.67,15.64,20.12,1.51,23.48,0.64,5.28,66.66
2017-07-05,28.99,14.38,21.0,0.0,29.05,0.63,3.32,58.26
2017-07-06,29.93,13.39,21.96,0.0,30.48,0.63,2.85,57.46
2017-07-07,29.29,15.59,22.1,0.0,27.47,0.62,3.36,58.04
2017-07-08,32.34,13.62,23.06,0.02,28.3,0.62,1.89,57.74
2017-07-09,34.84,16.96,25.96,0.0,26.55,0.62,2.59,51.55
2017-07-10,33.52,18.23,25.54,0.0,29.05,0.61,3.33,53.53
2017-07-11,35.35,16.83,25.82,0.0,28.27,0.61,2.24,50.88
2017-07-12,37.69,16.62,27.29,0.11,28.52,0.61,1.68,52.52
2017-07-13,36.55,20.67,28.33,6.08,24.93,0.61,2.7,50.45
2017-07-14,30.3,16.93,23.73,0.34,27.52,0.61,4.6,58.0
2017-07-15,29.56,16.58,21.94,0.0,23.94,0.61,3.47,55.64
2017-07-16,26.05,15.95,20.67,1.15,20.29,0.61,5.0,65.13
2017-07-17,25.13,16.75,20.44,0.73,7.9,0.61,6.39,63.13
2017-07-18,19.4,15.92,17.6,25.11,8.13,0.65,4.91,78.8
2017-07-19,29.77,13.73,21.63,0.0,27.92,0.65,3.72,54.39
2017-07-20,30.07,13.83,22.05,0.0,28.57,0.64,3.42,53.41
2017-07-21,31.25,14.84,22.78,0.0,28.36,0.64,3.43,54.33
2017-07-22,33.42,15.84,24.67,0.0,29.19,0.63,2.15,49.58
2017-07-23,36.26,17.14,26.85,0.02,26.91,0.63,1.72,49.23
2017-07-24,36.27,19.52,27.75,0.02,25.5,0.62,2.52,48.69
2017-07-25,35.36,19.51,27.09,0.06,21.85,0.62,3.63,48.07
2017-07-26,35.16,19.45,26.6,0.18,27.34,0.61,2.94,55.52
2017-07-27,27.71,17.14,21.57,10.31,13.2,0.62,3.11,78.51
2017-07-28,28.04,15.74,21.2,0.46,22.9,0.63,3.96,63.65
2017-07-29,32.59,15.7,24.28,0.0,27.45,0.62,3.38,50.98
2017-07-30,32.23,17.22,24.38,0.0,27.72,0.62,3.6,56.84
2017-07-31,30.3,15.58,22.77,0.0,28.39,0.62,3.86,63.34
2017-08-01,30.25,16.81,23.12,0.0,28.41,0.61,5.12,63.07
2017-08-02,32.56,16.33,24.06,0.0,26.57,0.61,4.74,55.24
2017-08-03,34.23,17.67,25.74,0.0,26.55,0.61,4.25,50.73
2017-08-04,36.28,19.09,27.6,0.0,26.07,0.61,3.68,48.09
2017-08-05,37.49,19.33,28.41,0.15,26.0,0.61,3.69,43.7
2017-08-06,37.34,20.9,29.0,0.64,24.11,0.6,4.05,47.05
2017-08-07,36.63,21.12,28.3,0.0,25.03,0.6,3.87,51.77
2017-08-08,34.62,21.16,27.0,0.31,24.9,0.6,4.22,54.95
2017-08-09,32.99,20.1,25.52,0.0,24.66,0.6,4.71,64.17
2017-08-10,33.72,18.79,25.66,0.0,25.95,0.6,3.91,58.5
2017-08-11,35.91,19.57,26.96,0.0,25.74,0.6,3.36,58.35
2017-08-12,35.72,18.18,26.52,0.0,26.03,0.6,3.15,49.49
2017-08-13,35.48,16.88,26.41,0.05,22.59,0.6,2.9,37.73
2017-08-14,31.22,18.07,24.09,0.11,21.77,0.6,4.66,53.75
2017-08-15,31.81,18.24,25.24,0.0,21.2,0.6,4.93,48.86
2017-08-16,29.79,19.49,25.12,0.01,18.28,0.6,6.01,51.88
2017-08-17,33.27,19.35,25.83,0.0,22.91,0.6,5.12,40.08
2017-08-18,34.11,18.77,25.86,0.0,23.21,0.6,4.25,35.77
2017-08-19,34.23,18.33,25.73,0.0,24.88,0.6,3.73,39.64
2017-08-20,34.09,17.52,25.48,0.0,25.41,0.6,3.01,47.8
2017-08-21,28.97,18.4,23.63,0.32,16.89,0.6,3.1,60.94
2017-08-22,23.78,16.06,19.15,7.11,11.68,0.61,3.46,71.45
2017-08-23,28.28,13.09,20.67,0.0,21.95,0.61,2.18,51.78
2017-08-24,29.05,12.2,20.68,0.0,23.08,0.61,2.48,47.22
2017-08-25,28.55,14.36,20.73,0.0,24.87,0.61,3.63,58.04
2017-08-26,29.07,13.39,20.43,0.0,24.71,0.6,3.66,62.01
2017-08-27,30.38,13.61,21.14,0.0,23.72,0.6,3.58,63.02
2017-08-28,34.48,14.37,24.18,0.0,24.08,0.6,2.35,49.24
2017-08-29,24.2,15.91,19.96,3.73,9.26,0.6,4.29,73.83
2017-08-30,25.93,13.18,18.84,0.0,21.74,0.61,4.35,56.36
2017-08-31,26.86,11.34,18.86,0.0,23.65,0.61,2.88,59.74
2017-09-01,30.67,11.79,21.08,0.0,22.22,0.6,1.99,56.57
2017-09-02,33.44,14.82,23.57,0.0,22.07,0.6,2.21,49.87
2017-09-03,34.94,15.56,24.71,0.02,22.88,0.6,2.98,43.19
2017-09-04,28.86,15.94,21.96,0.04,20.2,0.6,3.57,47.8
2017-09-05,27.6,12.74,20.03,0.08,21.25,0.6,3.11,44.2
2017-09-06,26.6,11.94,19.46,0.0,20.71,0.6,3.31,44.32
2017-09-07,31.23,13.51,22.2,0.0,21.48,0.6,2.53,39.15
2017-09-08,32.31,14.96,23.21,0.0,22.54,0.6,2.47,42.14
2017-09-09,33.08,14.72,23.22,0.02,20.5,0.6,3.09,53.23
2017-09-10,33.19,17.55,24.59,0.52,20.26,0.6,2.43,53.77
2017-09-11,33.41,15.92,24.2,0.0,20.35,0.6,3.05,52.27
2017-09-12,33.39,18.87,25.55,0.0,20.57,0.6,5.36,47.35
2017-09-13,31.91,18.96,25.19,0.0,18.79,0.6,1.96,49.72
2017-09-14,32.08,17.12,24.02,0.0,20.8,0.6,2.35,42.17
2017-09-15,34.22,16.5,24.36,0.0,21.34,0.6,1.91,40.5
2017-09-16,33.52,15.59,23.53,0.0,20.4,0.6,2.8,56.99
2017-09-17,35.09,15.69,24.42,0.0,20.76,0.6,2.13,58.43
2017-09-18,35.87,17.74,25.79,0.0,20.34,0.6,2.91,50.73
2017-09-19,34.08,18.34,25.07,0.0,19.67,0.6,2.97,57.33
2017-09-20,34.53,17.14,24.8,0.0,19.58,0.6,4.3,55.26
2017-09-21,20.22,14.07,17.9,10.66,16.12,0.61,3.09,68.53
2017-09-22,22.18,10.54,15.31,0.62,15.98,0.62,3.43,61.71
2017-09-23,22.39,9.02,15.86,0.01,16.56,0.61,2.06,61.68
2017-09-24,25.63,9.55,17.63,0.0,18.42,0.61,2.12,54.57
2017-09-25,22.57,13.92,17.85,0.77,13.23,0.61,4.26,73.3
2017-09-26,20.56,15.31,17.76,9.1,5.56,0.62,4.2,89.64
2017-09-27,19.03,13.35,15.96,7.48,4.88,0.64,5.41,84.4
2017-09-28,19.74,12.18,15.3,0.09,7.65,0.64,5.92,67.05
2017-09-29,16.57,11.69,13.89,0.14,5.44,0.63,6.39,68.46
2017-09-30,15.22,10.26,12.41,11.84,3.0,0.64,6.25,80.48
2017-10-01,16.24,8.94,11.88,10.75,7.7,0.66,4.88,77.93
2017-10-02,18.14,7.61,11.81,0.01,14.24,0.66,3.57,75.4
2017-10-03,20.17,6.13,12.09,0.03,17.31,0.66,2.26,72.52
2017-10-04,22.39,6.72,13.98,0.0,17.82,0.65,1.55,71.25
2017-10-05,23.4,8.17,15.16,0.0,16.81,0.65,2.37,70.95
2017-10-06,25.91,10.62,17.37,0.02,16.19,0.65,2.27,72.04
2017-10-07,22.0,9.04,15.97,38.26,4.45,0.66,3.37,88.01
2017-10-08,14.21,4.52,8.79,2.03,14.74,0.71,5.18,73.4
2017-10-09,17.64,5.3,11.08,0.0,11.32,0.7,2.89,72.73
2017-10-10,19.8,5.69,12.66,0.0,16.53,0.69,2.27,67.18
2017-10-11,20.88,8.04,13.27,0.05,16.01,0.69,1.63,71.32
2017-10-12,21.16,6.8,13.91,0.0,16.05,0.68,1.25,66.84
2017-10-13,22.92,8.1,14.91,0.0,16.06,0.68,2.44,63.95
2017-10-14,19.25,8.49,13.44,0.0,12.17,0.68,3.3,71.84
2017-10-15,22.46,6.68,14.85,0.0,14.12,0.67,1.94,62.6
2017-10-16,22.5,9.78,14.78,0.0,14.52,0.67,3.16,75.25
2017-10-17,24.78,8.86,16.1,0.0,15.42,0.67,1.0,68.32
2017-10-18,25.39,10.19,16.44,0.0,15.18,0.67,1.87,59.7
2017-10-19,25.19,9.91,16.58,0.0,13.82,0.67,1.23,60.86
2017-10-20,24.67,10.88,17.06,0.0,14.52,0.66,1.3,58.97
2017-10-21,24.22,9.5,16.4,0.0,14.23,0.66,1.87,58.05
2017-10-22,21.74,8.97,14.48,0.02,13.21,0.66,3.01,68.26
2017-10-23,21.68,10.22,14.89,3.57,9.2,0.66,3.97,79.39
2017-10-24,17.2,12.77,14.77,18.86,4.31,0.69,4.56,91.06
2017-10-25,13.57,5.33,9.35,36.34,1.96,0.73,6.49,92.18
2017-10-26,14.8,3.91,8.62,0.85,12.29,0.75,2.84,74.79
2017-10-27,17.17,4.04,10.12,0.0,12.33,0.74,2.18,83.28
2017-10-28,9.33,5.17,8.15,9.56,2.48,0.74,3.51,93.9
2017-10-29,14.41,3.75,8.74,0.14,12.73,0.74,4.48,75.95
2017-10-30,12.37,3.31,7.66,0.05,13.42,0.74,6.08,62.82
2017-10-31,10.3,-0.16,3.92,0.0,13.4,0.73,3.67,67.04
2017-11-01,10.35,-2.1,4.04,0.0,10.19,0.73,2.15,64.23
2017-11-02,12.21,-1.07,4.75,0.0,12.73,0.73,1.83,67.52
2017-11-03,15.37,1.92,7.78,0.38,9.05,0.73,2.58,83.15
2017-11-04,13.86,4.72,8.66,0.13,6.22,0.73,3.21,87.17
2017-11-05,13.65,4.08,8.0,0.02,9.63,0.73,3.3,87.96
2017-11-06,14.91,7.4,10.0,0.09,9.15,0.73,1.87,87.94
2017-11-07,15.1,7.41,10.05,0.0,8.47,0.72,2.58,87.05
2017-11-08,15.97,6.82,10.39,0.52,7.12,0.72,3.62,87.3
2017-11-09,15.28,6.7,10.33,1.32,5.84,0.73,1.8,90.15
2017-11-10,13.75,5.84,8.62,0.22,8.81,0.73,2.14,86.69
2017-11-11,15.25,4.39,9.45,3.46,3.76,0.72,2.95,88.39
2017-11-12,18.34,10.55,13.44,5.33,7.3,0.74,3.69,91.03
2017-11-13,18.15,11.53,13.72,0.0,7.6,0.74,4.19,90.12
2017-11-14,18.52,8.4,12.94,0.0,8.2,0.73,2.13,86.92
2017-11-15,14.79,9.79,11.38,0.0,4.25,0.73,4.06,89.32
2017-11-16,11.75,9.27,10.15,0.12,3.13,0.73,4.09,90.46
2017-11-17,13.82,8.58,10.7,0.69,4.45,0.73,3.24,91.92
2017-11-18,14.94,9.1,10.97,2.81,3.32,0.73,1.81,91.86
2017-11-19,11.98,5.18,8.38,15.22,2.45,0.75,2.49,90.38
2017-11-20,5.3,1.34,2.7,9.46,1.6,0.77,5.06,91.97
2017-11-21,8.21,-0.82,2.86,0.1,9.47,0.76,3.65,80.14
2017-11-22,12.2,0.69,5.34,0.0,5.77,0.76,3.01,78.69
2017-11-23,13.9,2.26,7.07,0.0,9.6,0.76,2.13,87.14
2017-11-24,12.35,4.82,7.2,0.0,6.14,0.76,0.99,91.07
2017-11-25,13.83,5.19,8.48,0.0,4.44,0.76,2.03,90.09
2017-11-26,12.95,4.65,8.0,0.15,3.37,0.75,2.69,93.91
2017-11-27,12.73,7.66,10.13,17.76,2.77,0.76,2.66,96.21
2017-11-28,6.88,-1.49,3.03,1.56,3.55,0.78,3.49,86.59
2017-11-29,9.14,-2.83,2.15,0.01,7.95,0.78,2.85,87.42
2017-11-30,13.96,1.52,9.43,0.07,3.32,0.78,7.23,93.19
2017-12-01,17.34,12.74,14.04,0.95,4.08,0.77,8.53,87.72
2017-12-02,17.42,12.81,14.37,4.84,5.04,0.78,7.62,91.41
2017-12-03,18.18,9.89,13.86,5.09,5.3,0.78,5.68,92.83
2017-12-04,9.35,0.49,6.04,1.16,7.49,0.79,3.44,84.84
2017-12-05,5.82,-3.79,0.3,0.04,7.52,0.78,3.87,80.15
2017-12-06,6.29,-3.58,0.72,0.06,8.2,0.78,3.69,88.97
2017-12-07,9.06,-2.22,2.36,0.0,8.69,0.78,2.99,83.43
2017-12-08,12.27,-0.33,4.73,0.01,8.27,0.78,3.55,91.43
2017-12-09,13.61,5.98,8.89,0.07,8.07,0.78,5.87,87.78
2017-12-10,10.71,-2.96,4.68,14.07,7.51,0.79,6.16,74.05
2017-12-11,12.52,-2.54,4.38,0.0,8.13,0.79,4.81,81.29
2017-12-12,13.81,2.61,6.74,0.02,8.49,0.79,3.62,90.86
2017-12-13,13.98,4.76,7.97,0.03,6.78,0.79,1.92,91.16
2017-12-14,15.13,6.52,9.04,0.08,7.79,0.79,2.15,88.54
2017-12-15,13.97,4.07,8.32,0.02,7.2,0.79,3.34,87.94
2017-12-16,16.47,8.11,11.79,4.7,5.17,0.78,6.92,90.48
2017-12-17,13.75,0.8,8.97,33.56,1.42,0.83,4.86,94.53
2017-12-18,6.51,-2.21,1.76,2.82,4.97,0.83,2.82,88.49
2017-12-19,1.45,-4.48,-0.37,8.1,2.51,0.83,4.29,92.87
2017-12-20,3.12,-5.49,-2.52,0.03,7.5,0.83,2.63,89.12
2017-12-21,1.49,-5.66,-2.86,0.12,3.41,0.83,3.42,83.94
2017-12-22,0.7,-6.57,-3.06,0.12,4.17,0.83,4.05,86.27
2017-12-23,2.81,-3.54,-1.49,0.76,5.3,0.83,4.91,88.55
2017-12-24,4.71,-4.36,-0.29,0.0,4.04,0.83,2.93,94.99
2017-12-25,8.98,-0.43,2.6,0.0,8.34,0.83,2.69,94.61
2017-12-26,8.46,-0.04,4.55,0.0,5.69,0.83,3.52,98.6
2017-12-27,12.63,4.17,7.75,0.02,7.54,0.83,4.3,94.55
2017-12-28,13.18,7.38,9.73,0.51,4.15,0.83,7.23,91.95
2017-12-29,11.01,6.47,9.15,10.88,2.05,0.84,4.92,95.33
2017-12-30,6.61,0.67,2.76,21.03,1.55,0.85,4.34,94.52
2017-12-31,5.33,-1.44,1.16,0.3,7.5,0.86,2.83,91.05
2018-01-01,9.45,-1.5,2.67,0.0,8.53,0.86,2.4,86.32
2018-01-02,10.49,3.2,5.62,0.04,6.23,0.86,3.27,96.62
2018-01-03,6.99,1.07,3.64,2.58,2.99,0.86,2.57,94.82
2018-01-04,5.25,0.84,2.3,0.88,2.18,0.86,2.38,96.32
2018-01-05,8.45,-0.06,2.43,0.0,8.67,0.86,1.92,89.23
2018-01-06,10.22,-0.05,3.58,0.0,8.93,0.86,3.21,93.36
2018-01-07,11.91,1.43,5.11,0.01,6.21,0.86,3.36,94.72
2018-01-08,10.12,3.94,6.42,0.02,4.83,0.86,2.01,95.78
2018-01-09,7.85,4.54,5.81,0.02,3.22,0.86,3.19,94.72
2018-01-10,7.06,4.55,5.55,0.09,1.93,0.86,3.05,95.54
2018-01-11,6.14,2.97,4.86,5.56,1.41,0.86,2.18,96.67
2018-01-12,6.87,3.38,5.24,3.88,2.9,0.87,4.64,93.84
2018-01-13,5.63,1.19,2.98,0.15,2.8,0.87,7.45,88.72
2018-01-14,1.57,-4.18,-0.96,0.03,4.64,0.87,6.35,85.39
2018-01-15,1.99,-4.22,-1.3,1.21,4.71,0.87,2.86,91.5
2018-01-16,4.43,-0.94,1.51,0.89,4.62,0.87,1.98,96.25
2018-01-17,11.92,1.94,6.51,6.0,8.34,0.87,5.8,91.52
2018-01-18,9.68,-1.94,2.79,3.72,5.16,0.88,8.47,77.22
2018-01-19,9.4,-3.53,1.63,0.0,10.46,0.87,3.38,78.95
2018-01-20,9.79,0.7,5.23,7.71,5.09,0.87,3.78,96.96
2018-01-21,4.37,-0.85,1.68,15.04,2.78,0.89,3.26,96.31
2018-01-22,5.74,-2.73,1.34,8.08,4.19,0.91,6.14,93.19
2018-01-23,2.9,-5.16,-2.24,0.0,8.85,0.9,4.66,84.04
2018-01-24,0.46,-6.56,-3.9,0.01,10.72,0.9,5.5,81.97
2018-01-25,2.46,-6.36,-3.0,0.0,10.5,0.9,3.56,84.09
2018-01-26,4.01,-6.18,-2.05,0.01,11.19,0.9,2.8,88.46
2018-01-27,4.54,-5.98,-1.53,0.0,10.75,0.9,2.16,87.17
2018-01-28,5.58,-4.15,-0.12,0.0,10.25,0.9,1.73,85.35
2018-01-29,8.29,-2.15,1.61,0.0,10.39,0.89,2.83,92.15
2018-01-30,12.0,0.46,4.06,0.0,8.72,0.89,3.32,89.65
2018-01-31,10.21,-1.13,3.1,0.0,11.44,0.89,2.57,78.53
2018-02-01,11.26,-0.69,5.05,0.0,7.62,0.89,4.57,92.52
2018-02-02,13.41,6.66,9.43,0.01,5.94,0.89,6.03,93.15
2018-02-03,13.26,8.46,10.81,0.59,2.26,0.89,8.37,91.8
2018-02-04,11.55,0.21,8.18,16.21,3.36,0.9,5.87,93.06
2018-02-05,8.45,-1.43,2.15,0.02,9.47,0.91,2.53,85.68
2018-02-06,9.61,-1.24,2.87,0.0,12.37,0.9,2.0,86.63
2018-02-07,9.68,0.54,4.58,4.2,5.39,0.9,3.56,91.91
2018-02-08,13.64,3.87,8.88,1.61,11.57,0.91,3.69,88.05
2018-02-09,12.08,1.65,6.07,0.0,11.66,0.91,2.51,84.41
2018-02-10,9.36,0.87,4.1,3.86,4.96,0.9,5.29,89.22
2018-02-11,4.12,-2.48,1.26,17.94,2.25,0.92,6.49,94.13
2018-02-12,5.48,-3.01,0.88,0.46,6.24,0.92,1.48,87.19
2018-02-13,7.02,-0.84,2.54,4.03,9.43,0.92,2.56,91.29
2018-02-14,9.59,-1.27,4.48,11.62,5.66,0.93,4.94,94.57
2018-02-15,9.67,-3.57,2.36,0.6,9.7,0.94,3.02,82.71
2018-02-16,7.47,-0.58,2.25,0.0,10.73,0.93,3.87,90.75
2018-02-17,9.48,-1.43,3.09,0.0,11.21,0.93,2.66,87.59
2018-02-18,10.53,-1.52,4.29,0.0,12.78,0.93,1.86,85.18
2018-02-19,5.4,2.68,3.59,1.01,3.85,0.93,5.01,92.91
2018-02-20,6.91,2.17,3.88,1.76,3.24,0.93,5.3,90.33
2018-02-21,5.99,3.43,4.26,2.56,3.11,0.93,5.14,92.89
2018-02-22,4.53,1.6,3.18,10.53,3.32,0.94,4.47,95.62
2018-02-23,7.13,0.49,2.83,0.0,5.68,0.94,4.52,90.37
2018-02-24,7.66,0.45,3.08,0.27,3.89,0.94,3.13,89.57
2018-02-25,2.31,-3.11,-0.74,1.01,6.2,0.94,5.56,85.95
2018-02-26,1.27,-1.52,-0.29,9.35,3.54,0.94,7.9,91.69
2018-02-27,1.63,-4.7,-1.87,1.42,5.43,0.94,4.14,92.48
2018-02-28,0.46,-11.25,-4.6,10.23,6.92,0.94,5.36,93.32
2018-03-01,-0.37,-15.7,-7.29,0.18,15.69,0.94,2.21,84.56
2018-03-02,7.04,-3.34,2.0,7.56,3.55,0.95,4.02,96.62
2018-03-03,13.21,5.66,9.26,4.26,13.31,0.97,5.02,89.4
2018-03-04,9.4,-1.73,4.23,1.67,9.91,0.96,3.2,94.43
2018-03-05,8.34,-1.81,2.9,1.07,5.68,0.96,4.3,90.99
2018-03-06,11.15,3.27,7.56,8.34,7.63,0.97,4.04,96.46
2018-03-07,17.69,7.12,12.16,0.01,16.84,0.97,4.45,85.95
2018-03-08,13.68,5.86,8.58,5.27,6.02,0.96,2.18,92.59
2018-03-09,12.76,4.44,7.88,0.08,16.12,0.97,2.57,81.2
2018-03-10,15.52,2.93,9.0,0.0,16.98,0.96,2.4,79.34
2018-03-11,17.9,5.6,10.26,0.0,17.36,0.96,1.92,83.07
2018-03-12,17.36,6.61,11.46,1.42,14.98,0.96,5.02,89.18
2018-03-13,14.87,7.39,11.92,9.72,15.55,0.96,4.63,88.08
2018-03-14,14.27,4.97,8.87,0.45,12.99,0.96,2.82,88.27
2018-03-15,13.17,5.18,8.77,1.06,14.22,0.96,1.75,83.34
2018-03-16,15.02,4.15,9.29,0.0,8.89,0.96,4.91,88.79
2018-03-17,16.47,7.63,12.22,0.03,11.26,0.95,6.12,88.02
2018-03-18,17.11,7.57,12.8,10.9,7.59,0.95,6.22,87.75
2018-03-19,5.52,1.14,2.89,14.36,3.83,0.96,5.13,94.23
2018-03-20,10.38,3.63,6.65,10.49,15.96,0.98,3.62,88.11
2018-03-21,14.91,3.88,8.49,0.53,10.24,0.97,3.99,91.44
2018-03-22,2.66,0.09,1.34,8.08,4.05,0.97,6.68,91.3
2018-03-23,5.64,0.0,3.4,2.41,10.18,0.98,3.89,94.23
2018-03-24,3.36,-1.87,0.51,8.63,5.52,0.98,3.98,90.53
2018-03-25,8.69,-1.18,3.77,3.66,7.07,0.98,3.17,89.91
2018-03-26,13.53,3.73,8.76,17.94,8.59,0.99,4.57,94.8
2018-03-27,12.49,4.11,8.69,6.48,13.09,1.0,2.24,93.22
2018-03-28,5.8,2.3,4.19,8.54,4.57,1.0,3.44,92.41
2018-03-29,12.27,0.75,5.66,0.0,19.23,0.99,3.61,84.33
2018-03-30,16.02,2.57,8.64,0.0,21.67,0.99,3.75,85.94
2018-03-31,15.93,5.44,10.48,0.06,14.56,0.99,5.14,91.19
2018-04-01,17.68,7.37,12.51,1.35,12.94,0.98,6.94,87.15
2018-04-02,14.3,4.14,8.93,0.04,19.54,0.98,4.1,77.91
2018-04-03,17.07,2.31,9.51,0.0,22.44,0.97,1.87,73.12
2018-04-04,19.09,4.13,11.29,0.0,21.72,0.97,3.03,78.47
2018-04-05,20.37,5.76,13.01,0.0,19.89,0.96,2.55,77.8
2018-04-06,19.43,8.17,12.95,0.0,15.8,0.96,3.37,75.99
2018-04-07,16.76,5.63,10.29,0.04,18.74,0.95,6.0,75.96
2018-04-08,16.8,4.58,9.71,0.0,18.49,0.95,5.55,77.54
2018-04-09,19.58,3.47,11.04,0.0,23.45,0.94,2.94,77.86
2018-04-10,22.2,6.43,14.11,0.0,23.35,0.94,1.83,77.57
2018-04-11,20.14,9.66,14.36,0.0,14.27,0.93,2.56,82.6
2018-04-12,22.17,7.06,14.35,0.0,22.9,0.93,2.3,77.52
2018-04-13,23.16,7.74,15.15,0.0,22.76,0.92,2.29,80.19
2018-04-14,21.94,7.69,13.89,0.0,22.66,0.92,2.8,80.77
2018-04-15,21.17,5.75,12.57,0.0,19.42,0.91,3.9,75.04
2018-04-16,17.15,5.17,10.85,0.0,14.61,0.9,3.14,69.22
2018-04-17,18.26,7.73,11.82,0.01,18.26,0.9,2.59,81.37
2018-04-18,19.6,7.78,12.54,0.0,24.29,0.9,3.59,74.59
2018-04-19,21.04,7.54,15.12,0.01,22.24,0.89,2.67,72.95
2018-04-20,16.42,7.22,12.59,1.88,13.93,0.89,4.43,78.93
2018-04-21,18.59,5.14,12.23,0.0,23.91,0.88,3.4,70.0
2018-04-22,23.77,6.45,14.96,0.0,24.99,0.88,2.15,69.49
2018-04-23,25.66,10.06,17.29,0.0,25.15,0.87,2.19,67.44
2018-04-24,25.44,11.5,18.06,0.01,25.43,0.86,2.76,71.44
2018-04-25,23.38,14.29,18.79,0.03,21.62,0.85,1.82,66.09
2018-04-26,26.54,13.55,20.02,0.06,25.09,0.85,1.22,66.34
2018-04-27,26.69,13.71,19.54,1.01,23.0,0.84,2.07,69.52
2018-04-28,22.54,10.48,16.08,0.0,25.99,0.84,3.84,76.43
2018-04-29,21.85,8.63,14.46,0.0,26.98,0.83,3.6,75.35
2018-04-30,24.05,8.74,15.59,0.0,25.21,0.83,2.22,77.66
2018-05-01,23.97,7.78,15.26,0.0,25.8,0.82,2.36,74.13
2018-05-02,22.96,8.05,14.64,0.0,21.78,0.81,2.29,79.23
2018-05-03,24.31,8.59,16.15,0.0,23.81,0.81,2.0,80.79
2018-05-04,24.82,9.87,16.74,0.0,23.9,0.8,2.73,78.12
2018-05-05,24.9,10.09,16.88,0.0,25.8,0.8,2.95,78.02
2018-05-06,23.5,10.92,17.15,0.25,19.9,0.79,3.04,80.42
2018-05-07,23.15,11.99,17.58,2.89,14.53,0.79,3.51,81.94
2018-05-08,22.9,11.44,17.19,1.95,22.62,0.79,3.28,78.67
2018-05-09,21.34,12.34,16.53,5.21,22.01,0.79,2.07,86.12
2018-05-10,20.87,13.19,16.4,10.17,15.92,0.8,2.59,86.51
2018-05-11,20.56,11.84,15.64,1.91,16.53,0.8,4.53,82.75
2018-05-12,19.43,7.92,13.84,0.04,28.03,0.79,3.68,71.1
2018-05-13,21.36,6.97,14.37,0.0,27.73,0.79,1.45,65.15
2018-05-14,22.49,8.85,16.18,0.06,24.27,0.78,2.08,79.59
2018-05-15,25.1,11.21,18.3,2.8,26.21,0.77,3.39,77.97
2018-05-16,25.82,13.65,19.5,0.06,23.44,0.77,3.59,76.83
2018-05-17,24.83,15.19,19.55,2.44,20.13,0.76,2.8,78.75
2018-05-18,24.72,12.38,19.45,3.83,25.41,0.76,2.18,78.76
2018-05-19,23.39,14.63,18.79,4.81,19.98,0.76,2.4,83.43
2018-05-20,23.14,13.59,17.98,3.07,23.98,0.76,2.64,81.53
2018-05-21,22.71,11.92,17.57,0.0,24.61,0.76,3.47,79.23
2018-05-22,23.52,12.58,17.45,0.0,22.39,0.75,3.31,79.36
2018-05-23,24.68,11.44,17.97,0.0,25.35,0.74,2.69,77.05
2018-05-24,23.14,12.34,17.84,0.01,15.26,0.74,2.95,77.58
2018-05-25,23.6,14.24,18.07,1.9,17.55,0.73,3.76,79.37
2018-05-26,24.62,13.09,18.76,0.87,22.96,0.73,5.04,77.14
2018-05-27,23.78,13.1,18.27,0.04,16.44,0.73,5.06,77.6
2018-05-28,23.49,11.28,16.84,0.0,28.75,0.72,4.33,64.36
2018-05-29,24.21,10.81,17.51,0.07,20.45,0.71,4.69,66.76
2018-05-30,22.78,11.24,16.75,0.02,24.84,0.71,4.09,69.8
2018-05-31,25.21,8.71,18.19,0.0,30.68,0.7,2.68,55.41
2018-06-01,28.55,12.14,20.76,0.0,25.36,0.7,3.51,60.55
2018-06-02,25.47,11.47,18.8,0.0,29.87,0.69,3.6,67.21
2018-06-03,27.66,10.45,19.97,2.63,28.82,0.69,1.24,66.89
2018-06-04,26.27,15.09,21.07,11.16,25.27,0.69,2.21,75.23
2018-06-05,25.03,15.88,20.93,6.62,23.2,0.71,1.65,73.77
2018-06-06,28.03,17.18,22.9,1.9,18.39,0.71,1.02,67.06
2018-06-07,24.76,16.58,20.71,8.79,23.45,0.71,2.08,82.51
2018-06-08,28.69,15.82,22.15,0.0,28.99,0.71,2.16,74.89
2018-06-09,29.35,15.11,22.2,0.0,27.48,0.7,2.69,73.9
2018-06-10,25.84,16.27,20.36,0.0,26.66,0.69,3.87,70.73
2018-06-11,27.88,15.32,21.05,0.0,29.19,0.69,3.6,67.48
2018-06-12,30.09,15.03,22.35,0.0,27.73,0.68,1.76,57.75
2018-06-13,31.8,15.12,23.45,0.05,29.71,0.67,1.74,59.5
2018-06-14,28.96,15.63,22.65,0.43,24.25,0.67,1.73,63.39
2018-06-15,28.34,17.23,22.73,0.72,25.55,0.66,2.32,70.81
2018-06-16,27.29,16.93,21.84,7.79,16.31,0.67,2.24,75.27
2018-06-17,23.4,15.86,19.99,15.38,20.22,0.69,2.14,85.28
2018-06-18,25.32,15.77,20.61,1.8,18.15,0.7,2.68,79.13
2018-06-19,27.94,14.58,21.06,0.02,27.24,0.69,4.07,62.76
2018-06-20,29.68,14.03,21.82,0.0,28.67,0.68,4.01,56.44
2018-06-21,30.83,14.54,23.3,2.59,26.68,0.67,2.95,58.85
2018-06-22,28.93,17.63,23.67,0.1,24.28,0.67,1.06,63.03
2018-06-23,24.95,13.54,19.3,3.15,13.69,0.67,4.12,63.11
2018-06-24,22.53,11.09,17.36,1.14,12.2,0.67,2.22,68.95
2018-06-25,25.63,11.66,18.84,0.01,27.36,0.66,3.96,66.28
2018-06-26,23.42,15.42,19.14,16.8,8.02,0.67,4.73,81.56
2018-06-27,23.86,16.26,20.31,15.98,20.92,0.7,2.01,86.28
2018-06-28,23.58,15.58,20.06,8.65,18.03,0.72,2.8,83.31
2018-06-29,24.58,14.94,19.54,0.96,19.9,0.71,2.53,79.0
2018-06-30,23.06,15.77,19.58,4.81,20.04,0.71,2.72,84.6
2018-07-01,26.91,16.21,21.27,0.01,28.4,0.7,3.09,69.82
2018-07-02,29.04,15.25,22.33,0.03,27.57,0.69,1.58,67.14
2018-07-03,31.18,16.68,24.3,0.8,28.91,0.68,1.9,68.44
2018-07-04,31.18,18.43,24.69,2.9,28.65,0.68,1.79,68.74
2018-07-05,29.75,18.48,23.65,5.37,26.19,0.68,1.59,74.7
2018-07-06,30.15,17.1,23.57,0.0,27.46,0.68,2.08,67.32
2018-07-07,30.47,17.2,23.44,0.86,24.13,0.67,1.54,67.34
2018-07-08,28.12,17.49,22.54,2.84,20.37,0.67,1.85,72.46
2018-07-09,27.82,17.99,22.07,3.8,25.04,0.67,1.78,76.31
2018-07-10,27.32,17.56,22.34,9.38,22.45,0.68,2.01,76.36
2018-07-11,29.36,16.16,23.11,0.0,27.53,0.68,1.94,70.16
2018-07-12,30.9,18.53,24.58,0.0,27.6,0.67,2.01,65.81
2018-07-13,31.05,18.76,25.01,2.28,26.07,0.67,2.65,64.9
2018-07-14,30.54,17.82,24.07,0.12,27.12,0.66,3.36,65.17
2018-07-15,30.79,17.29,23.84,0.0,27.86,0.66,3.27,59.29
2018-07-16,31.09,17.65,24.12,0.0,27.37,0.65,3.18,58.12
2018-07-17,30.8,17.55,24.28,7.8,20.48,0.65,2.55,63.25
2018-07-18,29.78,18.48,23.42,0.72,24.13,0.66,3.56,66.12
2018-07-19,26.47,16.67,21.84,1.5,22.4,0.65,3.29,70.78
2018-07-20,30.11,18.87,24.1,0.24,22.51,0.65,3.36,71.05
2018-07-21,31.99,18.95,25.47,0.22,24.69,0.65,2.4,66.44
2018-07-22,33.9,18.88,26.55,1.3,27.82,0.65,1.87,57.12
2018-07-23,30.76,20.26,24.78,5.53,23.24,0.65,2.14,67.22
2018-07-24,26.89,18.67,21.6,5.69,16.72,0.65,3.21,80.02
2018-07-25,27.44,17.58,22.37,3.13,18.9,0.66,2.66,74.8
2018-07-26,26.71,18.14,22.81,1.24,20.33,0.66,2.03,74.53
2018-07-27,27.61,19.44,23.6,8.11,11.39,0.66,0.74,74.25
2018-07-28,30.0,19.1,24.38,1.4,22.14,0.66,1.42,71.91
2018-07-29,30.51,19.2,24.48,10.45,15.11,0.67,2.47,72.67
2018-07-30,29.8,18.97,24.25,3.33,21.03,0.67,2.11,76.8
2018-07-31,29.71,19.27,24.3,3.65,20.25,0.67,2.28,77.08
2018-08-01,31.49,18.45,25.1,0.29,23.25,0.67,2.94,72.46
2018-08-02,30.95,18.9,24.78,0.0,23.45,0.66,4.03,67.94
2018-08-03,30.16,16.69,23.49,0.79,25.02,0.66,4.58,63.25
2018-08-04,31.25,18.07,24.02,0.0,26.1,0.65,4.25,64.16
2018-08-05,32.06,17.35,24.29,0.0,26.62,0.65,3.46,61.26
2018-08-06,32.51,17.42,24.76,0.0,25.81,0.64,3.01,56.34
2018-08-07,33.48,18.55,25.56,0.06,26.23,0.64,2.37,54.08
2018-08-08,30.47,19.14,24.42,2.7,24.03,0.64,3.5,66.96
2018-08-09,30.48,17.42,23.42,0.0,25.85,0.64,4.41,65.8
2018-08-10,29.55,17.55,22.92,0.0,24.91,0.63,4.94,62.85
2018-08-11,28.94,16.71,22.27,0.0,23.12,0.63,4.39,62.56
2018-08-12,29.81,15.16,21.99,0.0,26.65,0.63,3.42,62.41
2018-08-13,30.7,14.81,22.07,0.0,26.86,0.63,3.15,63.31
2018-08-14,31.84,15.24,23.38,0.0,25.56,0.62,3.23,66.24
2018-08-15,32.23,18.18,24.36,0.0,24.03,0.62,3.71,63.17
2018-08-16,32.74,16.82,24.46,0.0,24.43,0.62,3.99,58.68
2018-08-17,33.25,20.03,25.67,0.01,23.47,0.62,3.91,58.14
2018-08-18,33.14,18.11,25.17,0.04,23.32,0.61,4.63,52.23
2018-08-19,33.28,17.9,24.99,1.9,23.47,0.61,4.36,56.38
2018-08-20,29.12,17.5,23.34,0.0,23.86,0.61,4.66,62.93
2018-08-21,30.76,15.87,22.37,0.0,24.56,0.61,3.94,58.7
2018-08-22,31.43,14.97,22.63,0.0,24.71,0.61,4.02,57.04
2018-08-23,31.52,18.11,24.17,0.0,22.78,0.61,4.91,65.69
2018-08-24,31.48,17.08,23.69,0.0,22.98,0.61,3.67,66.41
2018-08-25,33.67,17.02,24.91,0.0,23.3,0.61,2.34,59.78
2018-08-26,34.49,17.91,25.62,0.0,23.61,0.61,1.89,54.84
2018-08-27,32.14,17.47,24.37,0.18,22.5,0.6,3.37,66.64
2018-08-28,30.25,19.94,24.22,0.69,16.96,0.61,4.95,58.6
2018-08-29,32.85,17.29,24.62,0.0,21.98,0.6,4.5,48.13
2018-08-30,33.27,17.99,25.07,0.0,22.56,0.6,3.63,51.83
2018-08-31,33.66,17.12,25.02,0.0,22.37,0.6,3.09,52.66
2018-09-01,34.3,17.52,25.41,0.0,22.42,0.6,3.31,44.26
2018-09-02,34.65,17.53,25.54,0.01,20.99,0.6,3.77,58.47
2018-09-03,32.47,19.14,24.87,0.31,21.06,0.6,3.31,66.34
2018-09-04,33.32,16.61,25.03,0.52,20.02,0.6,1.66,58.09
2018-09-05,25.46,18.14,21.32,3.08,12.63,0.6,2.59,68.22
2018-09-06,27.05,15.59,21.15,0.22,16.7,0.61,3.07,62.89
2018-09-07,30.72,15.26,22.93,0.04,19.94,0.61,2.73,53.93
2018-09-08,28.75,16.64,22.66,0.61,18.65,0.6,1.95,56.33
2018-09-09,29.02,15.78,22.49,0.26,18.97,0.6,1.91,59.2
2018-09-10,27.61,14.89,21.16,0.36,16.29,0.6,2.73,53.04
2018-09-11,27.52,13.98,20.87,0.96,17.08,0.6,2.55,51.3
2018-09-12,23.4,14.26,18.93,2.5,11.72,0.61,3.59,68.18
2018-09-13,25.72,15.63,19.87,0.55,12.86,0.61,3.91,77.44
2018-09-14,28.66,14.84,21.28,0.09,18.22,0.61,2.9,64.68
2018-09-15,30.44,14.99,23.01,0.0,19.36,0.61,2.04,53.49
2018-09-16,28.95,16.8,21.85,0.01,17.82,0.6,3.42,61.78
2018-09-17,26.28,15.09,20.1,0.0,15.83,0.6,3.64,68.46
2018-09-18,25.32,12.81,18.29,0.0,20.08,0.6,3.75,67.65
2018-09-19,26.21,11.72,18.17,0.0,17.38,0.6,3.64,67.13
2018-09-20,27.18,11.3,18.61,0.0,18.83,0.6,3.94,71.01
2018-09-21,28.34,13.0,19.86,0.0,17.86,0.6,3.43,69.25
2018-09-22,30.81,13.18,20.93,0.0,19.53,0.6,1.69,62.1
2018-09-23,31.6,14.28,22.15,0.0,18.54,0.6,2.47,60.33
2018-09-24,33.52,16.03,23.21,0.0,19.14,0.6,4.32,55.68
2018-09-25,19.66,10.85,14.4,0.55,8.07,0.6,5.51,50.84
2018-09-26,16.84,7.49,11.81,0.01,19.01,0.6,6.8,50.1
2018-09-27,18.21,5.71,11.24,0.0,16.75,0.6,5.23,55.78
2018-09-28,22.6,5.75,14.06,0.01,14.41,0.6,3.33,60.08
2018-09-29,20.98,12.22,16.41,3.44,5.94,0.6,2.27,78.43
2018-09-30,18.36,12.1,14.56,11.01,2.88,0.62,6.25,85.99
2018-10-01,20.58,13.83,16.51,24.72,5.2,0.65,4.01,90.76
2018-10-02,23.55,11.29,16.94,1.44,15.17,0.67,2.47,80.07
2018-10-03,23.56,10.98,17.2,0.0,13.15,0.66,1.96,70.97
2018-10-04,21.63,9.28,14.8,0.0,14.37,0.65,3.52,51.93
2018-10-05,21.14,7.76,13.46,0.0,17.32,0.65,3.13,68.56
2018-10-06,21.12,7.03,13.2,0.0,17.22,0.65,3.24,76.24
2018-10-07,22.68,8.73,14.59,0.0,17.31,0.64,2.82,78.34
2018-10-08,22.09,7.52,13.75,0.0,16.62,0.64,2.81,76.94
2018-10-09,21.2,9.67,14.35,0.0,14.09,0.64,3.82,74.49
2018-10-10,21.36,8.08,13.84,0.0,14.67,0.64,4.17,79.22
2018-10-11,20.8,9.73,14.72,0.02,7.22,0.64,5.2,75.56
2018-10-12,20.35,11.18,14.99,0.22,5.17,0.64,5.4,78.74
2018-10-13,20.19,11.7,14.88,0.0,7.06,0.63,5.41,75.96
2018-10-14,19.92,9.47,13.62,0.02,5.24,0.63,4.59,76.77
2018-10-15,21.38,9.77,14.44,0.08,5.35,0.63,4.15,79.11
2018-10-16,22.29,10.19,14.69,0.01,13.78,0.63,3.23,79.55
2018-10-17,19.39,8.64,13.4,0.55,6.97,0.63,3.22,80.68
2018-10-18,21.77,11.43,15.41,0.5,8.6,0.63,2.21,83.19
2018-10-19,22.12,11.67,16.27,0.02,11.57,0.63,1.02,78.2
2018-10-20,20.55,10.1,15.04,0.91,6.75,0.63,2.72,76.54
2018-10-21,18.71,8.38,13.41,0.2,9.62,0.63,2.86,79.95
2018-10-22,18.27,9.62,12.75,0.0,9.89,0.63,3.79,82.7
2018-10-23,17.71,8.24,11.87,0.0,5.08,0.63,2.71,81.34
2018-10-24,19.58,7.35,12.22,0.15,12.37,0.63,4.42,68.63
2018-10-25,13.49,3.31,7.64,0.04,13.69,0.63,5.14,51.33
2018-10-26,19.58,3.0,10.35,0.0,10.61,0.63,3.26,61.77
2018-10-27,21.96,7.59,13.72,0.0,13.31,0.62,4.95,82.18
2018-10-28,22.22,12.12,15.8,0.0,9.71,0.62,5.39,85.16
2018-10-29,22.02,11.67,15.43,0.0,11.67,0.62,4.94,82.68
2018-10-30,21.05,11.63,14.75,0.0,9.18,0.62,4.38,89.82
2018-10-31,25.82,11.95,17.71,0.0,10.67,0.62,1.85,71.76
2018-11-01,24.37,10.64,16.05,0.0,10.27,0.62,2.75,80.38
2018-11-02,21.56,8.95,14.04,0.0,11.62,0.62,3.07,80.75
2018-11-03,19.24,9.48,13.16,0.0,9.51,0.62,4.02,80.58
2018-11-04,19.84,8.66,12.97,0.0,11.79,0.62,3.62,81.77
2018-11-05,19.21,9.15,12.39,0.0,7.59,0.62,2.99,82.07
2018-11-06,17.22,9.4,12.34,0.13,4.94,0.62,3.91,86.17
2018-11-07,15.59,7.77,10.95,0.13,5.87,0.62,3.26,81.35
2018-11-08,14.63,6.38,10.37,0.26,3.26,0.62,2.73,84.25
2018-11-09,15.79,5.49,9.65,0.02,9.85,0.62,2.77,84.49
2018-11-10,16.73,6.19,10.27,0.07,6.08,0.62,2.33,85.8
2018-11-11,17.43,5.67,9.74,0.0,9.92,0.62,1.81,84.86
2018-11-12,17.19,7.06,10.58,0.0,9.1,0.62,2.59,85.62
2018-11-13,12.61,5.52,8.17,0.01,5.34,0.62,3.85,85.15
2018-11-14,10.81,1.91,5.93,0.1,5.96,0.62,2.64,81.54
2018-11-15,9.93,3.07,5.91,3.16,5.62,0.62,4.08,86.04
2018-11-16,6.69,-1.74,2.2,0.07,5.88,0.62,5.09,77.03
2018-11-17,6.48,-2.32,1.83,0.09,4.17,0.62,4.8,85.49
2018-11-18,9.03,4.2,6.16,8.16,2.3,0.62,5.81,90.23
2018-11-19,12.62,0.48,8.45,12.44,4.36,0.65,4.02,87.94
2018-11-20,7.89,-0.15,4.89,0.74,2.71,0.65,3.24,92.74
2018-11-21,12.93,7.47,10.16,12.01,2.64,0.66,3.89,96.42
2018-11-22,9.17,2.3,6.91,2.23,2.59,0.67,5.99,87.1
2018-11-23,8.63,-1.31,2.52,0.0,5.63,0.67,3.58,77.91
2018-11-24,10.0,0.91,4.13,0.0,9.32,0.66,2.16,84.78
2018-11-25,11.74,2.21,5.84,0.0,8.09,0.66,2.27,86.43
2018-11-26,13.28,5.23,10.14,5.71,2.49,0.67,5.42,97.72
2018-11-27,16.25,10.96,13.25,32.9,3.27,0.69,4.13,94.36
2018-11-28,13.79,-2.53,4.89,38.62,2.2,0.75,6.7,89.87
2018-11-29,1.38,-4.33,-1.84,0.49,3.8,0.74,8.48,83.5
2018-11-30,-0.58,-7.19,-3.84,0.03,5.32,0.74,6.46,81.23
2018-12-01,2.81,-7.31,-2.69,0.0,8.33,0.73,1.3,71.88
2018-12-02,6.56,-2.22,0.58,0.0,6.66,0.73,1.72,80.93
2018-12-03,8.77,-2.19,1.9,0.0,3.25,0.73,1.92,91.91
2018-12-04,6.39,1.14,3.33,1.27,2.97,0.73,2.65,96.26
2018-12-05,7.66,0.49,2.91,2.6,3.08,0.73,4.57,89.67
2018-12-06,3.64,-4.13,-0.61,0.19,6.56,0.73,5.51,82.71
2018-12-07,4.23,-4.57,-1.47,0.0,7.71,0.73,2.28,82.65
2018-12-08,8.19,-3.3,1.32,0.0,7.68,0.73,3.24,88.68
2018-12-09,4.57,0.88,2.88,3.21,2.47,0.73,1.56,96.36
2018-12-10,7.4,0.62,2.95,1.52,3.15,0.73,3.32,90.3
2018-12-11,6.26,-0.33,2.19,0.68,5.33,0.73,3.38,88.02
2018-12-12,3.94,-4.16,-0.35,0.22,7.67,0.73,2.59,84.42
2018-12-13,7.24,-2.98,0.88,0.0,6.82,0.73,2.59,80.3
2018-12-14,8.13,-0.41,3.14,1.2,2.65,0.73,2.36,87.57
2018-12-15,10.71,3.77,7.36,1.57,3.55,0.73,3.08,98.56
2018-12-16,12.05,5.68,8.05,4.46,4.19,0.74,3.04,93.64
2018-12-17,4.87,0.68,1.99,4.58,1.65,0.74,4.48,91.62
2018-12-18,2.28,-3.05,0.14,3.35,1.06,0.75,7.08,90.26
2018-12-19,-2.28,-4.38,-3.47,1.75,2.18,0.75,6.97,84.29
2018-12-20,1.94,-4.91,-2.1,0.0,4.38,0.74,1.97,86.53
2018-12-21,3.79,-2.31,-0.41,0.0,3.54,0.75,1.47,94.59
2018-12-22,4.75,-0.19,2.03,0.01,4.55,0.75,2.49,98.25
2018-12-23,11.55,1.39,4.96,0.03,7.8,0.75,3.84,88.34
2018-12-24,12.61,0.39,6.34,1.74,4.59,0.75,4.91,90.72
2018-12-25,5.17,-2.09,1.13,1.18,4.67,0.75,4.25,79.57
2018-12-26,3.39,-5.22,-1.7,0.0,8.66,0.75,3.04,77.81
2018-12-27,6.59,-3.16,-0.14,0.0,7.93,0.75,3.1,85.51
2018-12-28,6.24,-3.07,0.29,0.33,8.14,0.75,2.33,87.31
2018-12-29,5.0,-0.4,1.4,1.4,3.36,0.75,2.9,95.33
2018-12-30,6.16,-1.35,1.93,0.1,5.85,0.75,1.08,87.43
2018-12-31,6.44,-0.18,1.87,0.24,4.68,0.75,1.35,91.04
2019-01-01,5.54,-1.04,2.06,0.0,6.88,0.75,4.81,91.1
2019-01-02,5.52,-3.73,0.22,0.0,8.47,0.75,2.24,81.4
2019-01-03,4.09,-1.21,0.69,1.55,4.3,0.75,4.99,85.74
2019-01-04,2.1,-3.51,-1.63,0.61,6.09,0.75,5.62,69.93
2019-01-05,-1.77,-4.33,-3.15,2.16,1.66,0.75,4.59,82.75
2019-01-06,1.46,-6.05,-2.93,0.15,4.57,0.75,2.89,82.33
2019-01-07,-0.14,-5.88,-3.43,0.03,5.39,0.74,3.69,81.85
2019-01-08,-0.98,-8.0,-5.23,0.0,8.53,0.74,3.59,82.73
2019-01-09,3.37,-7.91,-2.04,8.69,5.35,0.74,4.58,88.92
2019-01-10,8.36,2.18,6.3,28.87,2.99,0.79,6.51,99.8
2019-01-11,8.02,-2.69,2.31,4.5,3.44,0.81,3.57,88.65
2019-01-12,2.68,-4.97,-1.92,0.28,2.43,0.8,2.96,82.63
2019-01-13,3.11,-5.16,-1.69,0.0,9.24,0.8,2.07,79.23
2019-01-14,6.73,-3.28,0.71,0.01,9.02,0.79,3.04,83.22
2019-01-15,2.79,-4.12,-0.32,0.01,7.61,0.79,5.67,81.26
2019-01-16,5.2,-5.31,-0.86,0.0,8.74,0.79,3.91,82.9
2019-01-17,9.08,-2.36,1.74,0.0,9.61,0.79,2.88,86.53
2019-01-18,4.76,0.25,2.48,0.0,7.85,0.79,2.45,98.05
2019-01-19,5.67,0.5,2.77,0.54,6.1,0.79,3.01,92.0
2019-01-20,7.51,2.56,5.18,1.81,5.01,0.79,3.03,98.64
2019-01-21,8.76,-0.65,3.85,0.51,7.81,0.79,3.28,87.47
2019-01-22,5.32,-0.8,2.25,0.25,3.43,0.79,3.6,93.62
2019-01-23,10.16,3.17,7.43,6.51,3.89,0.79,5.97,96.79
2019-01-24,9.48,6.39,7.5,3.98,3.11,0.8,5.2,92.63
2019-01-25,11.18,5.33,7.71,2.62,3.16,0.81,5.23,91.77
2019-01-26,11.19,0.97,6.83,1.97,5.68,0.81,4.01,89.69
2019-01-27,5.69,-1.02,1.02,0.55,4.93,0.81,2.77,85.55
2019-01-28,8.4,-0.23,4.47,0.26,5.88,0.81,4.35,96.42
2019-01-29,12.49,6.64,9.14,5.0,5.6,0.81,5.51,92.81
2019-01-30,11.49,6.31,8.58,5.12,7.37,0.81,5.59,88.54
2019-01-31,11.45,5.5,7.62,6.24,5.94,0.82,3.89,92.13
2019-02-01,11.98,1.16,5.84,0.37,10.16,0.82,3.71,81.62
2019-02-02,13.95,3.18,8.42,0.0,8.11,0.82,4.58,92.45
2019-02-03,15.15,7.67,10.19,0.0,9.36,0.82,5.42,92.65
2019-02-04,17.56,7.61,11.41,0.0,10.91,0.82,2.26,85.77
2019-02-05,12.09,3.32,7.19,0.02,11.46,0.82,5.79,85.43
2019-02-06,3.39,0.96,2.47,5.67,1.82,0.82,6.18,92.82
2019-02-07,3.66,-0.68,1.27,0.04,1.94,0.82,6.17,83.52
2019-02-08,6.47,-2.69,1.24,0.01,7.57,0.82,3.92,85.38
2019-02-09,6.05,-3.21,0.35,0.0,11.65,0.82,2.0,81.43
2019-02-10,8.91,-3.17,1.9,0.0,12.57,0.82,2.29,85.45
2019-02-11,12.24,2.37,6.9,0.05,8.09,0.82,5.51,89.89
2019-02-12,10.08,1.51,7.08,6.28,4.22,0.82,5.36,79.83
2019-02-13,2.59,-0.78,1.4,0.44,3.76,0.82,6.61,81.84
2019-02-14,6.82,-4.1,1.16,0.05,12.31,0.82,5.22,75.67
2019-02-15,4.67,-1.27,1.25,0.85,4.29,0.82,6.55,86.66
2019-02-16,7.15,-3.29,0.57,0.0,6.37,0.82,4.42,84.64
2019-02-17,11.93,-2.4,4.02,0.0,13.87,0.82,2.32,76.64
2019-02-18,14.99,-1.2,5.41,0.0,14.14,0.82,2.37,80.39
2019-02-19,14.47,-0.04,5.74,0.0,13.71,0.81,2.22,80.55
2019-02-20,15.63,-0.17,6.27,0.0,14.49,0.81,2.54,78.89
2019-02-21,11.53,2.04,6.31,0.0,12.86,0.81,2.79,80.58
2019-02-22,10.25,0.54,4.99,1.88,8.6,0.81,3.47,82.44
2019-02-23,-0.68,-5.97,-4.0,1.8,6.58,0.81,9.55,70.51
2019-02-24,-2.26,-6.27,-4.31,0.16,6.68,0.81,6.66,69.68
2019-02-25,2.85,-4.5,-1.82,0.13,4.58,0.81,5.75,77.38
2019-02-26,8.76,-5.15,0.67,0.01,15.11,0.81,3.47,75.03
2019-02-27,5.48,-1.94,0.95,0.18,7.88,0.81,4.54,81.76
2019-02-28,11.32,-3.01,3.4,0.0,16.47,0.81,3.27,78.88
2019-03-01,15.39,0.56,6.62,0.0,13.0,0.8,3.71,74.22
2019-03-02,13.6,0.55,5.95,0.03,8.67,0.8,3.85,81.76
2019-03-03,9.21,-1.91,3.11,0.13,11.64,0.8,1.96,78.02
2019-03-04,11.84,-3.04,3.71,0.0,16.85,0.8,2.71,78.58
2019-03-05,16.87,1.55,8.4,0.24,16.59,0.8,4.1,82.45
2019-03-06,15.0,3.43,9.41,0.87,13.73,0.8,2.99,76.62
2019-03-07,15.92,1.22,8.07,0.0,16.1,0.79,3.74,79.67
2019-03-08,18.96,6.52,11.64,0.0,15.55,0.79,3.92,83.89
2019-03-09,20.26,7.29,12.0,0.1,14.78,0.79,2.43,81.93
2019-03-10,18.96,7.18,12.07,0.0,15.61,0.79,3.84,74.94
2019-03-11,19.38,6.78,12.91,0.3,15.13,0.78,2.57,73.55
2019-03-12,9.85,2.67,5.49,4.8,4.05,0.78,5.66,86.13
2019-03-13,8.59,0.42,3.72,0.75,9.37,0.79,5.42,80.7
2019-03-14,10.29,1.06,4.9,0.01,13.93,0.79,1.57,78.56
2019-03-15,10.31,1.54,5.59,0.09,11.59,0.78,1.7,77.32
2019-03-16,14.48,0.51,8.16,0.0,17.18,0.78,3.18,71.29
2019-03-17,19.58,4.5,11.75,0.0,19.02,0.78,2.81,77.54
2019-03-18,20.89,6.33,12.48,0.0,20.0,0.78,4.04,82.2
2019-03-19,19.64,7.79,13.12,0.0,17.66,0.77,2.49,80.4
2019-03-20,15.51,3.27,9.27,0.07,12.58,0.77,4.18,79.93
2019-03-21,12.86,1.42,6.3,0.0,18.55,0.77,4.38,80.23
2019-03-22,15.04,-0.3,7.33,0.0,19.98,0.76,3.09,71.1
2019-03-23,15.93,1.59,8.25,0.0,18.19,0.76,3.42,69.83
2019-03-24,13.44,0.38,5.79,0.0,21.97,0.76,3.06,66.72
2019-03-25,17.56,-0.59,7.79,0.0,20.71,0.76,2.55,67.86
2019-03-26,18.83,2.29,9.97,0.0,17.69,0.75,2.83,66.77
2019-03-27,13.54,3.5,8.13,0.0,12.88,0.75,2.59,75.76
2019-03-28,11.33,-0.21,5.62,0.0,20.19,0.75,4.44,68.53
2019-03-29,9.17,-1.24,3.56,0.0,16.68,0.75,5.05,76.4
2019-03-30,10.97,-1.33,4.11,0.0,21.94,0.74,5.2,73.42
2019-03-31,13.55,0.51,6.11,0.0,22.64,0.74,4.93,74.45
2019-04-01,16.85,0.23,8.22,0.0,22.51,0.74,3.55,68.9
2019-04-02,14.83,2.09,8.01,0.0,19.55,0.74,5.04,63.68
2019-04-03,12.71,-0.42,5.43,0.0,22.92,0.73,3.87,66.42
2019-04-04,14.38,-0.75,5.99,0.0,21.39,0.73,2.69,74.41
2019-04-05,17.04,1.76,8.15,0.0,22.88,0.73,2.66,75.19
2019-04-06,15.98,3.04,8.78,0.01,16.49,0.73,3.46,78.56
2019-04-07,14.9,5.52,10.48,2.27,10.23,0.73,2.23,87.48
2019-04-08,18.01,9.65,13.03,4.03,13.99,0.73,3.55,85.37
2019-04-09,16.5,7.05,11.1,11.9,11.28,0.75,2.85,85.21
2019-04-10,14.18,6.99,10.47,1.36,9.92,0.75,1.92,84.71
2019-04-11,13.93,6.83,10.23,5.01,12.6,0.75,2.24,90.42
2019-04-12,15.13,6.2,10.91,3.12,7.97,0.75,2.68,88.02
2019-04-13,15.13,9.47,11.73,3.34,11.93,0.76,2.0,85.08
2019-04-14,13.15,7.24,9.52,9.2,7.77,0.77,3.6,86.7
2019-04-15,13.7,2.73,8.33,0.27,12.56,0.77,3.5,79.98
2019-04-16,14.75,-0.02,8.01,0.01,22.67,0.76,2.38,64.85
2019-04-17,15.86,3.59,9.22,0.17,21.73,0.75,2.35,73.87
2019-04-18,12.29,2.71,7.05,0.8,12.16,0.75,3.86,82.41
2019-04-19,13.79,0.85,7.17,5.14,15.62,0.75,3.92,79.57
2019-04-20,11.3,1.37,6.19,0.23,16.78,0.76,3.99,70.9
2019-04-21,14.84,-0.35,7.51,0.0,22.22,0.75,2.95,66.77
2019-04-22,16.2,1.56,8.74,0.0,24.13,0.75,2.9,69.28
2019-04-23,16.37,3.3,9.67,0.01,13.23,0.74,2.96,67.63
2019-04-24,21.1,6.04,12.98,0.24,22.28,0.74,2.52,70.89
2019-04-25,22.0,6.26,13.72,0.0,21.99,0.73,2.26,71.93
2019-04-26,23.82,7.95,15.3,0.0,23.77,0.73,1.48,70.53
2019-04-27,23.68,7.89,15.59,0.03,22.15,0.72,2.52,69.98
2019-04-28,22.08,10.51,16.77,0.03,23.3,0.72,1.79,69.83
2019-04-29,21.91,9.79,15.63,0.12,23.35,0.71,3.06,73.91
2019-04-30,23.17,9.08,15.68,0.02,25.21,0.71,5.3,71.03
2019-05-01,20.7,9.76,15.1,0.29,21.87,0.7,2.52,68.41
2019-05-02,17.24,9.23,12.85,6.45,17.88,0.71,2.24,78.09
2019-05-03,22.31,8.49,15.46,0.0,25.59,0.71,2.6,63.17
2019-05-04,21.48,9.19,15.3,0.79,20.03,0.7,4.1,72.69
2019-05-05,23.42,11.39,16.28,0.56,17.23,0.7,5.61,76.74
2019-05-06,21.8,10.54,16.29,2.21,19.86,0.7,5.03,73.63
2019-05-07,15.91,6.41,10.98,8.2,14.59,0.71,3.75,75.06
2019-05-08,16.43,6.24,11.28,0.22,13.32,0.71,2.54,66.81
2019-05-09,19.52,5.16,12.64,2.3,25.06,0.7,2.88,63.41
2019-05-10,18.99,8.91,13.53,8.76,15.13,0.71,2.55,78.74
2019-05-11,20.17,9.33,14.8,0.56,23.75,0.71,2.51,70.52
2019-05-12,23.45,9.49,16.25,0.0,25.6,0.71,2.24,68.56
2019-05-13,21.13,9.8,14.9,0.68,19.71,0.7,3.97,72.34
2019-05-14,21.17,10.69,15.29,0.89,11.28,0.7,4.21,80.55
2019-05-15,24.0,13.71,17.54,1.69,13.12,0.69,3.46,75.51
2019-05-16,23.52,12.06,17.74,3.23,22.52,0.7,2.76,75.73
2019-05-17,23.17,9.99,16.37,1.09,20.82,0.69,3.14,70.83
2019-05-18,25.94,11.86,19.08,0.0,25.74,0.69,2.35,67.79
2019-05-19,29.28,11.94,20.02,0.0,24.85,0.68,2.54,65.01
2019-05-20,26.93,15.06,19.65,0.06,21.91,0.68,4.58,65.79
2019-05-21,26.64,12.96,19.42,3.08,27.35,0.67,3.86,64.9
2019-05-22,24.66,12.5,19.21,0.01,24.56,0.67,1.82,61.18
2019-05-23,26.57,12.22,19.58,2.18,24.74,0.67,1.58,68.63
2019-05-24,18.25,13.6,15.44,8.41,11.89,0.68,2.18,81.56
2019-05-25,23.37,10.74,17.56,0.83,23.77,0.68,2.7,68.2
2019-05-26,27.13,11.87,20.16,0.0,27.83,0.68,1.91,62.47
2019-05-27,27.91,13.41,20.32,0.0,21.98,0.67,3.13,62.05
2019-05-28,31.12,12.58,21.5,0.0,27.87,0.66,3.69,59.81
2019-05-29,30.16,13.24,21.57,0.0,29.4,0.66,3.68,62.43
2019-05-30,30.31,13.6,22.49,0.02,28.11,0.65,1.84,62.39
2019-05-31,30.34,14.73,22.81,9.57,26.43,0.65,1.72,64.69
2019-06-01,26.34,15.3,20.39,4.98,24.15,0.67,1.77,75.22
2019-06-02,26.26,15.09,20.47,7.64,16.88,0.67,2.3,76.37
2019-06-03,25.71,14.92,20.02,1.91,22.2,0.68,2.97,72.94
2019-06-04,22.88,14.03,18.18,6.47,21.19,0.68,2.19,74.09
2019-06-05,26.15,12.17,19.56,0.07,25.81,0.68,2.55,68.6
2019-06-06,26.39,13.58,21.01,0.02,25.91,0.67,2.05,65.34
2019-06-07,29.58,16.6,23.14,0.16,28.22,0.67,1.7,60.78
2019-06-08,31.76,16.83,24.23,0.86,29.18,0.66,1.96,61.32
2019-06-09,28.67,17.82,23.05,4.64,21.2,0.66,3.15,65.71
2019-06-10,27.35,16.58,21.54,0.8,22.13,0.66,3.79,70.7
2019-06-11,27.86,16.47,21.91,1.17,21.55,0.66,2.35,73.98
2019-06-12,29.93,17.78,23.55,1.44,20.78,0.65,2.93,68.93
2019-06-13,33.04,16.54,25.03,1.8,27.85,0.65,3.3,58.52
2019-06-14,31.68,17.59,24.74,1.22,27.66,0.65,3.63,56.86
2019-06-15,25.9,17.41,21.79,3.08,17.57,0.65,4.25,68.51
2019-06-16,31.87,16.23,23.75,0.01,28.36,0.65,3.63,56.26
2019-06-17,32.38,15.37,23.96,0.02,24.54,0.64,3.52,53.7
2019-06-18,31.47,16.52,23.75,0.5,26.07,0.64,3.67,62.6
2019-06-19,29.66,15.5,23.61,0.11,24.68,0.64,2.74,57.93
2019-06-20,31.51,16.08,24.18,3.05,27.06,0.63,2.4,60.82
2019-06-21,32.38,17.64,25.07,1.08,25.05,0.63,2.1,55.46
2019-06-22,34.14,18.42,26.05,0.0,21.91,0.63,2.92,53.95
2019-06-23,34.94,19.91,27.21,0.0,27.66,0.63,1.62,51.47
2019-06-24,33.52,19.19,26.23,2.11,27.37,0.62,2.49,51.82
2019-06-25,31.24,19.24,24.74,1.54,26.13,0.62,4.94,66.93
2019-06-26,29.59,19.62,24.23,0.72,21.32,0.62,5.52,70.35
2019-06-27,33.84,18.07,26.05,0.0,28.62,0.62,3.28,57.06
2019-06-28,32.04,17.83,24.12,0.34,24.95,0.62,3.09,62.55
2019-06-29,28.46,16.97,21.31,0.42,25.04,0.62,3.88,55.89
2019-06-30,29.4,13.77,22.06,0.0,26.97,0.61,3.57,51.59
2019-07-01,34.13,15.5,24.6,0.0,30.14,0.61,2.4,49.0
2019-07-02,36.03,15.89,25.19,0.0,30.29,0.61,2.66,45.66
2019-07-03,38.8,17.23,27.86,0.05,30.86,0.61,2.25,39.15
2019-07-04,35.38,17.79,26.15,2.9,28.92,0.61,2.57,53.72
2019-07-05,32.48,18.07,25.14,0.47,24.64,0.61,2.2,55.63
2019-07-06,34.15,17.75,25.76,0.3,28.52,0.61,2.27,51.57
2019-07-07,35.55,18.08,27.19,0.0,29.82,0.61,1.4,47.3
2019-07-08,32.31,20.11,26.24,0.29,22.95,0.6,3.63,47.23
2019-07-09,34.8,18.78,27.13,0.28,23.63,0.6,2.27,48.37
2019-07-10,27.87,16.86,22.18,10.27,15.3,0.62,3.16,67.09
2019-07-11,26.63,14.27,19.76,1.66,23.77,0.62,3.91,61.79
2019-07-12,27.89,12.94,20.77,0.0,25.17,0.62,2.86,53.66
2019-07-13,28.58,14.39,21.99,0.7,19.57,0.61,1.54,55.02
2019-07-14,18.93,13.52,16.66,18.43,5.0,0.63,2.5,83.71
2019-07-15,26.53,11.93,19.8,0.84,20.85,0.64,2.12,69.16
2019-07-16,27.6,15.18,21.4,0.27,25.06,0.64,2.68,63.26
2019-07-17,29.18,15.67,22.13,0.0,25.02,0.63,3.54,59.55
2019-07-18,31.07,15.53,23.45,0.0,24.64,0.63,2.27,51.27
2019-07-19,31.37,15.56,23.18,0.0,28.08,0.62,2.7,58.52
2019-07-20,30.99,15.1,22.9,0.01,28.5,0.62,3.35,60.73
2019-07-21,32.68,15.95,24.24,0.0,27.73,0.62,2.62,56.71
2019-07-22,33.73,18.22,25.7,0.0,27.18,0.61,2.63,45.73
2019-07-23,33.07,18.4,25.1,5.92,21.51,0.61,2.6,55.12
2019-07-24,27.78,18.3,21.95,5.97,18.03,0.63,3.39,70.33
2019-07-25,30.51,15.22,23.13,0.01,26.83,0.63,2.94,55.1
2019-07-26,32.87,17.7,24.81,0.0,27.55,0.62,1.74,50.83
2019-07-27,33.44,16.75,24.76,0.0,27.12,0.62,2.47,53.11
2019-07-28,32.99,15.95,24.41,0.01,27.31,0.61,2.96,59.52
2019-07-29,32.96,17.99,24.52,3.9,23.4,0.61,2.04,68.02
2019-07-30,29.35,19.78,23.93,5.41,18.55,0.62,1.5,71.22
2019-07-31,34.27,18.22,26.22,0.0,20.79,0.62,2.3,57.22
2019-08-01,33.82,21.03,26.78,5.24,22.64,0.62,2.15,59.07
2019-08-02,32.59,19.38,25.93,0.3,25.87,0.62,2.25,65.09
2019-08-03,34.27,19.81,26.04,6.45,22.49,0.62,2.91,67.1
2019-08-04,28.83,17.92,22.87,0.03,24.04,0.63,3.64,59.83
2019-08-05,28.36,16.33,22.11,0.0,22.4,0.62,1.92,58.48
2019-08-06,31.39,15.42,23.06,0.0,25.53,0.62,1.69,54.5
2019-08-07,32.53,15.57,23.78,0.0,27.34,0.61,2.44,55.78
2019-08-08,34.99,15.77,24.87,0.0,27.83,0.61,2.24,56.71
2019-08-09,34.78,16.72,24.69,0.0,25.87,0.61,2.53,56.83
2019-08-10,35.32,18.85,26.31,0.0,26.0,0.61,3.07,54.2
2019-08-11,32.72,17.68,24.67,0.0,26.68,0.61,4.01,60.73
2019-08-12,32.29,17.65,24.51,0.0,26.13,0.6,4.88,61.98
2019-08-13,31.89,18.53,24.43,0.0,27.06,0.6,4.87,64.26
2019-08-14,33.93,17.24,24.98,0.0,25.82,0.6,3.33,62.31
2019-08-15,33.83,17.79,25.37,0.22,24.56,0.6,3.38,54.88
2019-08-16,27.59,17.65,21.94,8.95,19.93,0.61,2.37,73.13
2019-08-17,23.64,16.8,19.85,9.65,16.46,0.63,1.7,74.59
2019-08-18,29.87,13.43,21.34,0.0,23.58,0.63,2.7,58.04
2019-08-19,30.2,15.41,21.82,0.0,25.15,0.62,2.88,57.03
2019-08-20,30.12,14.37,21.77,0.0,24.59,0.62,3.39,65.33
2019-08-21,32.34,15.53,23.63,0.0,18.53,0.62,3.62,62.15
2019-08-22,34.31,18.3,25.71,0.0,23.8,0.61,4.2,50.83
2019-08-23,33.98,18.94,25.66,0.0,23.76,0.61,4.67,52.91
2019-08-24,33.89,19.36,25.83,0.0,22.69,0.61,4.52,56.35
2019-08-25,35.46,18.79,26.31,0.0,24.23,0.61,4.34,56.28
2019-08-26,34.13,19.42,25.81,0.0,23.86,0.6,5.12,59.95
2019-08-27,33.05,19.31,25.12,0.0,23.0,0.6,4.39,62.44
2019-08-28,31.58,17.67,23.86,0.0,24.5,0.6,4.69,59.33
2019-08-29,30.77,15.21,22.47,0.0,24.23,0.6,3.82,63.47
2019-08-30,30.07,16.02,22.57,0.0,21.91,0.6,3.9,64.87
2019-08-31,29.06,15.64,21.68,0.0,22.2,0.6,4.63,57.77
2019-09-01,30.31,15.63,22.21,0.0,21.27,0.6,4.23,59.66
2019-09-02,31.67,15.21,22.91,0.0,23.25,0.6,3.59,60.77
2019-09-03,30.85,15.75,22.65,0.0,21.46,0.6,3.81,59.85
2019-09-04,31.77,16.13,23.22,0.0,21.17,0.6,4.52,55.19
2019-09-05,28.27,17.38,22.19,0.0,18.88,0.6,4.02,68.41
2019-09-06,29.03,14.6,21.37,0.0,21.14,0.6,3.16,58.84
2019-09-07,29.02,13.89,21.07,0.0,18.04,0.6,3.3,62.02
2019-09-08,28.1,15.47,20.94,0.54,18.99,0.6,3.87,69.53
2019-09-09,28.65,13.75,20.78,0.0,20.11,0.6,3.68,63.56
2019-09-10,28.16,14.13,20.46,0.0,17.38,0.6,3.96,67.69
2019-09-11,28.55,15.66,21.15,0.0,19.26,0.6,4.23,63.13
2019-09-12,25.78,14.3,20.02,0.0,14.88,0.6,4.14,68.35
2019-09-13,26.68,15.45,20.35,0.0,19.01,0.6,5.48,55.92
2019-09-14,29.7,14.68,21.46,0.0,21.5,0.6,4.5,46.31
2019-09-15,26.91,13.8,20.13,0.0,18.14,0.6,4.42,60.44
2019-09-16,29.66,11.86,20.31,0.0,20.54,0.6,1.66,49.82
2019-09-17,32.98,14.41,23.05,0.0,20.55,0.6,2.47,42.05
2019-09-18,34.09,16.02,23.96,0.0,19.73,0.6,3.91,47.0
2019-09-19,22.28,15.59,18.85,0.51,11.1,0.6,2.86,63.28
2019-09-20,19.25,9.3,14.08,9.78,9.93,0.61,4.58,75.34
2019-09-21,21.0,7.35,13.48,0.0,18.49,0.62,2.75,56.15
2019-09-22,22.89,7.72,14.3,0.0,20.5,0.61,1.5,59.86
2019-09-23,24.98,7.78,15.1,0.0,18.07,0.61,1.8,65.0
2019-09-24,23.12,13.9,17.2,2.76,8.94,0.61,2.6,76.02
2019-09-25,24.03,13.64,17.92,1.05,11.61,0.61,3.06,79.57
2019-09-26,25.15,12.8,18.58,5.18,15.38,0.61,2.12,79.45
2019-09-27,25.59,12.77,18.14,0.69,17.86,0.62,3.91,68.53
2019-09-28,26.46,11.66,18.14,0.0,18.66,0.62,1.52,67.14
2019-09-29,29.05,11.75,19.91,0.0,17.6,0.62,1.88,63.75
2019-09-30,30.24,14.78,21.36,0.0,18.13,0.61,3.49,57.48
2019-10-01,29.38,14.82,20.97,0.04,16.51,0.61,2.77,63.01
2019-10-02,29.74,13.62,20.67,0.0,17.32,0.61,2.77,67.27
2019-10-03,26.36,14.9,20.27,2.79,15.68,0.61,4.3,77.17
2019-10-04,22.04,17.19,19.36,25.18,6.01,0.63,3.53,89.25
2019-10-05,18.28,9.0,13.7,9.5,10.8,0.67,3.74,76.34
2019-10-06,20.16,8.4,13.66,2.57,15.57,0.67,2.87,69.42
2019-10-07,17.99,6.56,12.14,0.49,8.3,0.66,1.78,70.46
2019-10-08,16.24,7.94,11.48,3.76,7.09,0.66,4.05,83.77
2019-10-09,21.51,7.33,13.39,0.0,16.0,0.66,2.36,78.58
2019-10-10,24.81,9.0,16.36,0.11,15.19,0.66,2.64,75.59
2019-10-11,23.42,10.38,16.47,0.3,9.79,0.65,3.16,76.89
2019-10-12,23.33,8.43,14.51,0.0,16.02,0.65,2.39,74.95
2019-10-13,24.95,8.24,14.74,0.0,16.59,0.65,2.06,75.39
2019-10-14,25.45,7.96,15.16,0.0,16.13,0.65,2.19,77.06
2019-10-15,25.02,9.29,15.63,0.0,14.55,0.65,1.93,77.97
2019-10-16,24.19,8.94,15.43,0.0,10.92,0.64,1.77,78.21
2019-10-17,24.23,9.25,15.32,0.0,13.12,0.64,2.15,76.93
2019-10-18,25.44,10.91,16.69,0.0,13.19,0.64,1.31,72.44
2019-10-19,25.53,11.23,16.8,0.0,12.25,0.64,1.49,77.85
2019-10-20,25.75,11.54,16.9,0.0,11.12,0.64,1.59,77.06
2019-10-21,25.29,10.35,15.85,0.01,12.87,0.64,2.21,78.69
2019-10-22,22.37,9.53,14.26,0.0,13.47,0.64,3.16,81.45
2019-10-23,22.99,9.16,14.06,0.0,13.91,0.64,2.93,79.63
2019-10-24,23.35,7.69,13.74,0.0,14.15,0.63,2.77,79.32
2019-10-25,22.89,7.34,13.4,0.0,13.99,0.63,2.56,79.32
2019-10-26,20.96,8.16,12.87,0.0,12.6,0.63,2.88,82.95
2019-10-27,20.47,7.15,12.27,0.0,13.16,0.63,2.33,82.62
2019-10-28,20.62,8.89,13.28,0.0,11.84,0.63,1.18,76.91
2019-10-29,21.09,9.03,13.25,0.0,12.71,0.63,1.36,80.09
2019-10-30,18.55,7.74,12.45,0.06,9.31,0.63,3.03,85.99
2019-10-31,11.8,8.36,10.68,1.76,3.04,0.63,3.97,92.97
2019-11-01,10.72,5.0,8.22,0.7,5.23,0.63,4.5,86.52
2019-11-02,15.64,4.04,8.6,0.32,11.57,0.63,2.68,79.38
2019-11-03,18.88,4.99,11.08,0.02,10.41,0.63,4.76,80.9
2019-11-04,18.17,11.19,15.41,1.35,4.44,0.63,6.85,92.9
2019-11-05,22.64,12.1,16.17,0.0,12.03,0.63,3.43,78.59
2019-11-06,22.84,11.98,16.43,0.0,7.92,0.63,5.41,83.99
2019-11-07,23.54,14.42,17.76,0.01,9.43,0.63,5.62,82.69
2019-11-08,23.28,13.13,16.83,0.22,10.17,0.63,3.9,77.54
2019-11-09,22.36,11.88,15.74,0.11,9.18,0.63,3.44,83.64
2019-11-10,21.1,10.78,15.38,0.84,8.93,0.63,4.35,85.35
2019-11-11,22.01,9.38,14.89,0.89,8.22,0.63,2.19,82.44
2019-11-12,22.75,11.35,15.31,0.0,8.82,0.63,3.41,82.58
2019-11-13,18.57,10.99,13.93,0.01,6.32,0.63,3.06,82.85
2019-11-14,15.53,11.41,13.34,5.28,3.14,0.63,2.01,92.62
2019-11-15,19.77,9.51,13.26,0.35,8.4,0.64,2.59,87.69
2019-11-16,20.12,8.21,12.42,0.0,8.6,0.64,2.24,83.72
2019-11-17,19.03,8.87,12.72,0.01,6.92,0.64,3.06,88.7
2019-11-18,17.43,8.75,12.13,0.57,5.44,0.64,3.05,90.82
2019-11-19,19.29,9.88,12.97,0.1,6.49,0.64,2.01,89.26
2019-11-20,18.68,9.24,12.36,1.69,7.05,0.63,3.66,80.36
2019-11-21,16.95,10.02,12.41,4.71,3.15,0.64,3.96,84.76
2019-11-22,12.46,8.46,10.42,3.25,2.47,0.65,5.57,86.23
2019-11-23,11.8,7.81,9.31,3.66,3.0,0.65,3.83,91.79
2019-11-24,14.8,9.09,10.94,3.22,6.47,0.66,2.87,91.49
2019-11-25,15.34,9.25,12.04,6.12,2.82,0.66,4.8,90.17
2019-11-26,11.91,3.96,9.49,7.69,2.62,0.68,4.76,91.63
2019-11-27,13.7,2.6,6.59,0.01,8.13,0.67,2.2,82.88
2019-11-28,16.71,4.68,10.63,0.22,6.18,0.67,3.5,91.22
2019-11-29,16.12,7.1,11.91,4.25,7.31,0.67,3.7,86.15
2019-11-30,15.74,3.53,8.94,0.23,5.48,0.67,3.86,78.1
2019-12-01,6.99,-1.23,2.55,0.03,7.06,0.67,4.36,74.65
2019-12-02,9.6,-2.12,2.91,0.0,8.89,0.67,2.93,83.33
2019-12-03,7.18,0.7,3.35,5.83,5.61,0.67,3.57,86.74
2019-12-04,4.27,-2.76,0.68,4.13,3.23,0.68,5.17,81.11
2019-12-05,6.5,-5.54,-0.6,0.0,8.71,0.68,2.75,83.72
2019-12-06,8.8,-1.1,1.9,0.0,9.06,0.68,1.08,89.33
2019-12-07,4.22,-1.86,0.92,0.01,3.25,0.68,1.44,94.06
2019-12-08,10.23,1.83,4.37,0.0,7.67,0.68,2.56,90.2
2019-12-09,10.39,0.21,3.67,0.0,8.32,0.68,1.62,89.5
2019-12-10,11.17,-0.79,4.3,0.0,4.57,0.68,2.05,87.81
2019-12-11,10.89,2.92,7.04,0.49,3.91,0.68,4.15,90.65
2019-12-12,11.42,6.96,8.53,0.09,4.17,0.68,3.2,92.51
2019-12-13,11.2,6.61,8.24,0.16,4.42,0.68,2.89,96.15
2019-12-14,13.74,7.3,9.38,0.42,6.83,0.68,3.54,91.47
2019-12-15,13.48,3.73,8.32,0.54,8.01,0.68,2.82,77.18
2019-12-16,10.94,3.27,6.01,0.0,6.19,0.68,2.83,93.53
2019-12-17,13.95,5.91,7.99,0.0,4.76,0.68,2.95,92.06
2019-12-18,15.65,6.01,8.83,0.0,6.15,0.68,3.71,90.49
2019-12-19,13.6,4.81,7.73,0.0,4.99,0.67,2.98,92.07
2019-12-20,11.62,7.39,9.58,0.02,5.24,0.67,4.59,96.29
2019-12-21,16.55,8.13,11.67,0.07,5.08,0.67,5.39,90.97
2019-12-22,17.16,11.89,13.9,1.69,5.55,0.67,9.54,84.33
2019-12-23,13.52,6.49,11.18,5.85,6.3,0.68,5.09,91.16
2019-12-24,8.89,4.19,6.02,2.1,6.78,0.69,3.62,85.63
2019-12-25,9.29,2.4,4.89,0.27,3.72,0.69,3.12,86.08
2019-12-26,8.02,-0.61,3.07,0.07,3.55,0.69,3.25,88.24
2019-12-27,6.98,-1.17,2.01,0.0,4.6,0.68,3.12,82.26
2019-12-28,4.9,-2.92,0.08,0.04,6.61,0.68,3.26,85.94
2019-12-29,4.22,-3.48,-0.44,0.05,4.45,0.68,5.01,85.82
2019-12-30,3.05,-3.84,-0.47,0.1,3.29,0.68,8.66,86.12
2019-12-31,4.72,-5.12,-1.78,0.08,8.7,0.68,3.83,78.61
2020-01-01,6.63,-2.17,1.18,0.22,6.26,0.68,4.81,73.49
2020-01-02,4.35,-4.07,-1.23,0.01,8.61,0.68,4.59,80.02
2020-01-03,5.2,-4.39,-1.01,0.0,7.89,0.68,2.55,80.19
2020-01-04,9.13,-2.92,1.2,0.0,8.86,0.68,2.58,63.81
2020-01-05,3.38,-0.53,1.04,0.29,3.44,0.68,4.78,88.89
2020-01-06,2.64,-1.44,0.22,0.18,2.9,0.68,10.24,80.76
2020-01-07,1.73,-5.05,-2.12,0.2,5.5,0.68,8.62,69.92
2020-01-08,1.89,-5.94,-3.02,0.01,9.1,0.68,5.69,72.73
2020-01-09,4.57,-4.65,-0.55,0.0,8.42,0.68,2.11,69.39
2020-01-10,7.39,-1.46,1.69,0.0,8.86,0.68,1.32,65.41
2020-01-11,10.83,0.18,3.28,0.21,8.79,0.68,2.13,77.91
2020-01-12,8.68,-1.51,2.37,0.74,3.22,0.68,3.49,90.42
2020-01-13,8.65,-1.29,2.36,0.0,8.4,0.68,1.2,81.99
2020-01-14,9.06,-0.41,2.71,0.0,7.07,0.68,1.24,84.66
2020-01-15,9.38,-0.85,2.45,0.0,8.09,0.68,2.33,90.86
2020-01-16,8.8,0.98,3.43,0.0,5.4,0.68,3.66,89.14
2020-01-17,4.66,-2.16,1.28,0.01,4.12,0.68,5.42,86.44
2020-01-18,6.42,-2.43,0.67,0.03,2.74,0.68,4.13,88.66
2020-01-19,5.77,-1.7,1.23,0.01,3.48,0.68,4.11,87.1
2020-01-20,3.55,-3.77,-0.82,0.01,7.14,0.68,4.9,78.84
2020-01-21,3.41,-4.63,-1.93,0.0,9.31,0.68,3.31,83.92
2020-01-22,6.66,-4.26,-0.25,0.0,10.08,0.67,2.65,74.03
2020-01-23,6.81,-3.36,0.38,0.0,9.87,0.67,4.58,65.36
2020-01-24,6.66,-4.44,-0.39,0.0,10.6,0.67,2.62,76.19
2020-01-25,10.86,-1.58,2.63,0.0,10.42,0.67,3.2,83.69
2020-01-26,14.44,0.7,5.9,0.06,9.17,0.67,2.41,85.27
2020-01-27,13.93,6.83,9.08,11.49,3.72,0.68,3.52,94.44
2020-01-28,11.13,2.6,6.15,1.32,8.92,0.7,3.18,82.5
2020-01-29,15.01,3.33,7.11,0.22,8.27,0.69,3.91,83.08
2020-01-30,8.96,-0.61,3.63,0.64,9.39,0.69,4.22,74.46
2020-01-31,10.42,-3.2,3.37,0.0,10.92,0.69,3.66,70.72
2020-02-01,16.7,4.41,9.38,0.0,10.07,0.69,3.76,77.06
2020-02-02,17.63,4.35,9.2,0.0,10.76,0.68,3.52,84.05
2020-02-03,15.37,5.91,10.19,0.01,6.15,0.68,4.22,85.15
2020-02-04,15.58,3.4,9.84,0.09,7.8,0.68,5.01,78.93
2020-02-05,10.76,0.3,4.48,19.75,2.68,0.7,5.09,92.19
2020-02-06,0.14,-4.65,-1.27,3.25,6.13,0.71,6.77,82.26
2020-02-07,4.53,-6.52,-1.18,1.67,11.28,0.71,4.02,79.07
2020-02-08,1.06,-9.12,-4.5,0.01,11.62,0.71,3.93,69.37
2020-02-09,4.86,-6.67,-1.97,0.0,12.45,0.71,1.88,69.93
2020-02-10,9.75,-3.69,2.07,0.01,10.82,0.71,3.91,90.47
2020-02-11,14.98,1.81,7.53,2.45,9.24,0.71,3.79,79.79
2020-02-12,12.57,0.35,5.08,0.01,6.92,0.71,3.3,62.31
2020-02-13,11.35,-1.3,4.46,0.0,14.07,0.71,2.99,63.53
2020-02-14,9.77,-1.51,3.75,0.01,9.86,0.71,3.4,70.14
2020-02-15,11.95,1.3,5.84,0.25,6.18,0.7,4.31,73.3
2020-02-16,10.15,-1.54,2.8,0.0,13.03,0.7,3.85,81.66
2020-02-17,11.67,-1.33,3.88,0.0,14.86,0.7,1.39,72.74
2020-02-18,15.14,-1.64,6.23,0.0,14.92,0.7,1.38,64.1
2020-02-19,10.58,2.23,6.06,0.12,7.14,0.7,2.96,84.28
2020-02-20,7.05,3.41,4.67,3.97,3.93,0.7,3.89,91.21
2020-02-21,8.68,1.13,4.15,0.11,7.41,0.71,4.93,81.97
2020-02-22,7.78,-0.53,3.11,0.0,8.17,0.7,3.7,85.15
2020-02-23,11.03,-2.84,3.56,0.0,14.65,0.7,2.6,73.74
2020-02-24,17.93,1.32,7.63,0.0,10.37,0.7,5.91,68.01
2020-02-25,13.71,-2.07,5.9,0.0,15.9,0.7,4.36,70.07
2020-02-26,17.24,5.02,10.71,0.58,12.17,0.7,7.06,83.64
2020-02-27,16.52,3.2,11.09,6.74,7.79,0.71,7.38,74.73
2020-02-28,10.34,-1.4,4.55,1.88,12.49,0.71,3.31,73.48
2020-02-29,8.87,-1.03,3.71,1.89,9.45,0.71,5.45,80.03
2020-03-01,13.1,-1.5,5.06,0.0,15.19,0.71,3.73,81.31
2020-03-02,18.37,2.75,9.21,0.0,15.17,0.71,5.38,82.5
2020-03-03,19.56,7.93,12.84,0.08,15.55,0.7,6.86,78.88
2020-03-04,16.17,8.81,11.83,0.53,10.84,0.7,5.53,83.45
2020-03-05,12.15,4.7,9.1,4.98,8.16,0.71,3.33,86.43
2020-03-06,15.51,1.21,8.43,0.21,14.65,0.71,3.93,75.45
2020-03-07,18.65,8.02,12.27,0.01,13.5,0.7,5.55,83.19
2020-03-08,16.85,9.43,12.66,0.07,10.52,0.7,4.73,88.13
2020-03-09,18.13,7.34,12.13,0.02,11.28,0.7,2.97,79.83
2020-03-10,11.02,6.47,8.03,3.08,7.11,0.7,4.3,86.88
2020-03-11,16.15,5.0,9.75,0.36,15.4,0.7,2.17,73.76
2020-03-12,18.52,4.29,10.3,0.0,18.6,0.7,3.17,72.61
2020-03-13,21.3,3.7,11.27,0.0,17.85,0.7,2.02,67.27
2020-03-14,14.14,5.8,9.11,0.18,17.57,0.7,4.82,79.38
2020-03-15,6.07,1.47,3.38,10.33,3.13,0.71,5.99,83.5
2020-03-16,7.89,-3.89,1.63,0.0,19.27,0.71,5.1,68.32
2020-03-17,12.12,-4.32,2.96,0.0,21.33,0.71,2.1,63.82
2020-03-18,10.1,-3.9,2.47,0.0,16.02,0.7,3.75,75.32
2020-03-19,13.73,-3.39,4.64,0.0,20.78,0.7,3.58,64.41
2020-03-20,17.45,0.8,8.61,0.0,16.91,0.7,2.77,63.42
2020-03-21,18.61,5.21,10.68,0.0,19.74,0.7,2.4,60.93
2020-03-22,18.41,3.66,9.25,1.72,14.79,0.7,3.75,74.82
2020-03-23,7.33,3.27,4.67,2.38,4.23,0.7,5.4,88.23
2020-03-24,7.03,1.75,4.15,5.59,3.01,0.71,7.06,84.28
2020-03-25,7.53,2.03,4.37,0.36,4.76,0.71,6.41,81.91
2020-03-26,9.75,3.61,5.89,0.0,8.3,0.71,6.83,82.39
2020-03-27,14.51,3.63,7.73,0.0,12.09,0.7,5.06,76.37
2020-03-28,15.12,1.24,8.59,0.22,13.42,0.7,2.61,69.42
2020-03-29,13.58,5.88,8.62,0.45,13.33,0.7,3.03,78.47
2020-03-30,18.77,4.3,10.94,0.01,19.7,0.7,2.75,64.7
2020-03-31,10.98,1.64,6.38,0.36,17.24,0.69,5.52,75.79
2020-04-01,8.2,0.54,3.87,0.25,4.56,0.69,5.32,74.91
2020-04-02,8.35,0.75,4.06,8.27,3.57,0.7,5.64,81.1
2020-04-03,13.56,-2.68,5.48,0.01,22.0,0.71,2.23,74.11
2020-04-04,11.95,3.25,6.64,8.86,4.92,0.7,4.2,84.88
2020-04-05,8.77,4.9,6.82,13.0,1.78,0.73,9.29,80.56
2020-04-06,12.11,3.57,7.69,0.03,9.68,0.73,9.32,56.89
2020-04-07,12.99,2.39,7.17,0.0,25.13,0.72,7.91,54.97
2020-04-08,13.34,0.41,6.0,0.0,25.24,0.72,6.04,66.78
2020-04-09,17.78,-0.89,8.75,0.0,25.68,0.71,3.8,55.61
2020-04-10,22.68,1.79,12.42,0.0,22.6,0.71,2.73,54.14
2020-04-11,20.95,4.11,11.71,0.0,21.38,0.7,2.75,61.4
2020-04-12,17.26,2.26,9.15,0.0,23.05,0.7,3.18,57.81
2020-04-13,19.42,1.3,10.44,0.0,24.17,0.7,2.89,60.82
2020-04-14,21.46,5.74,13.25,1.63,20.88,0.69,4.32,66.14
2020-04-15,10.29,0.29,4.54,10.18,5.36,0.71,4.9,79.01
2020-04-16,17.13,-1.68,7.95,0.0,25.74,0.71,2.47,64.98
2020-04-17,22.16,3.2,12.57,0.0,23.77,0.7,2.56,66.02
2020-04-18,24.87,6.68,15.89,0.0,25.32,0.7,2.48,58.75
2020-04-19,25.55,7.45,16.1,0.0,22.67,0.69,3.63,62.65
2020-04-20,13.16,6.18,10.06,0.01,19.9,0.69,4.32,80.31
2020-04-21,12.35,5.01,7.91,0.23,6.82,0.69,4.15,68.47
2020-04-22,13.66,1.65,7.58,0.01,19.15,0.69,4.39,61.43
2020-04-23,15.82,0.12,7.48,0.0,27.23,0.68,4.16,64.64
2020-04-24,17.34,-0.2,8.07,0.0,27.38,0.68,3.34,59.22
2020-04-25,20.97,1.57,11.54,0.0,27.95,0.68,2.33,52.37
2020-04-26,18.05,6.34,12.83,8.1,22.26,0.68,2.35,78.92
2020-04-27,21.5,6.79,13.98,0.02,20.59,0.69,2.03,68.2
2020-04-28,22.0,7.3,14.33,0.0,24.7,0.68,2.49,66.64
2020-04-29,23.04,9.46,15.71,0.14,21.01,0.68,3.39,69.05
2020-04-30,20.02,9.72,15.71,4.75,17.85,0.68,1.72,76.17
2020-05-01,23.62,10.58,17.1,1.5,23.31,0.68,2.14,69.09
2020-05-02,21.85,12.0,16.86,1.92,18.35,0.68,1.78,70.29
2020-05-03,19.94,9.83,14.41,10.51,5.78,0.69,1.88,80.51
2020-05-04,15.43,9.38,12.17,16.78,8.85,0.71,3.99,88.96
2020-05-05,19.99,8.74,14.32,0.22,22.86,0.72,2.74,72.95
2020-05-06,21.85,6.53,12.83,6.34,19.26,0.71,3.77,77.1
2020-05-07,18.72,2.93,11.54,0.58,23.54,0.71,3.34,65.66
2020-05-08,19.28,7.35,13.13,0.0,23.97,0.71,3.08,66.36
2020-05-09,22.45,5.83,14.45,0.0,28.38,0.7,2.92,68.58
2020-05-10,25.61,8.8,17.55,0.0,27.76,0.69,2.67,60.65
2020-05-11,26.87,11.56,18.91,0.0,27.1,0.68,4.45,56.39
2020-05-12,28.74,13.21,20.84,0.08,28.02,0.68,4.85,62.43
2020-05-13,25.2,11.25,17.96,0.28,27.64,0.67,3.18,63.48
2020-05-14,30.29,9.61,19.7,0.0,21.25,0.67,2.42,66.18
2020-05-15,34.42,15.51,23.77,0.0,19.88,0.66,3.7,57.62
2020-05-16,30.24,15.74,22.83,0.0,18.12,0.66,3.45,56.39
2020-05-17,29.28,13.95,21.38,0.0,20.16,0.66,2.46,61.28
2020-05-18,21.9,13.85,18.86,0.0,23.38,0.65,4.08,66.98
2020-05-19,26.73,12.1,19.31,0.0,20.9,0.65,2.64,58.15
2020-05-20,30.86,13.97,20.58,0.02,22.24,0.65,3.02,53.64
2020-05-21,20.25,9.11,14.55,2.17,6.32,0.65,5.99,79.52
2020-05-22,19.35,7.55,13.76,0.86,22.62,0.65,3.85,59.92
2020-05-23,18.83,6.75,12.5,0.42,23.94,0.65,3.85,58.29
2020-05-24,24.09,5.63,15.77,0.81,25.73,0.65,3.48,60.06
2020-05-25,21.31,10.57,15.58,0.61,20.59,0.65,3.03,64.0
2020-05-26,17.77,8.0,13.38,7.54,19.45,0.65,2.05,70.51
2020-05-27,18.81,8.41,13.7,3.55,16.58,0.66,4.14,72.99
2020-05-28,19.68,9.24,14.25,4.85,20.42,0.66,2.77,73.12
2020-05-29,16.63,8.55,13.29,1.95,19.19,0.66,1.77,74.63
2020-05-30,20.35,9.51,15.52,3.16,22.15,0.67,2.49,69.94
2020-05-31,21.24,10.42,16.16,1.1,19.88,0.66,3.33,71.12
2020-06-01,21.99,11.87,15.93,0.42,16.02,0.66,2.22,66.54
2020-06-02,17.87,9.45,14.13,4.76,21.05,0.66,2.13,75.62
2020-06-03,21.87,7.99,15.21,0.74,23.56,0.66,2.0,65.15
2020-06-04,24.64,9.25,17.53,1.85,26.29,0.66,3.38,65.62
2020-06-05,27.7,13.03,19.96,0.0,28.67,0.66,5.42,65.08
2020-06-06,29.53,12.5,20.69,0.0,21.73,0.65,3.14,57.25
2020-06-07,28.37,15.33,21.2,0.0,26.55,0.65,2.22,59.38
2020-06-08,30.37,13.4,22.37,0.0,23.99,0.64,2.13,63.81
2020-06-09,31.05,17.11,24.17,0.01,24.73,0.64,1.69,60.98
2020-06-10,31.89,17.12,23.55,3.92,25.23,0.64,2.0,58.21
2020-06-11,25.37,15.53,20.67,8.21,22.96,0.65,2.25,71.58
2020-06-12,22.07,14.38,18.27,2.75,23.57,0.66,2.28,77.61
2020-06-13,25.1,12.48,19.32,1.21,20.76,0.65,1.93,74.3
2020-06-14,26.75,16.2,21.13,10.5,23.83,0.65,1.9,79.74
2020-06-15,25.0,16.9,21.01,7.89,23.48,0.68,2.99,80.6
2020-06-16,22.65,15.37,19.48,6.19,21.7,0.68,1.97,85.74
2020-06-17,23.09,14.44,19.44,2.04,17.88,0.68,1.6,80.48
2020-06-18,25.27,16.66,20.59,10.05,22.98,0.69,1.5,78.03
2020-06-19,26.66,15.81,21.28,0.12,26.42,0.68,3.25,71.08
2020-06-20,28.42,15.1,21.99,1.34,24.76,0.68,3.48,63.94
2020-06-21,25.82,16.24,20.91,3.81,20.37,0.68,2.35,69.59
2020-06-22,24.5,14.63,20.42,1.52,21.28,0.67,1.47,67.82
2020-06-23,24.63,15.67,20.88,4.2,22.73,0.68,1.44,68.09
2020-06-24,26.52,15.35,21.35,1.18,23.07,0.67,2.33,70.23
2020-06-25,28.43,15.65,22.47,2.14,21.76,0.67,3.46,70.06
2020-06-26,27.73,16.62,21.94,0.0,23.03,0.67,4.73,69.19
2020-06-27,29.31,14.89,21.78,0.0,30.6,0.66,3.76,64.29
2020-06-28,31.33,13.8,22.77,0.0,30.86,0.65,2.81,59.4
2020-06-29,32.88,16.61,24.6,0.0,30.03,0.65,2.24,50.27
2020-06-30,34.94,17.21,26.32,0.15,27.84,0.64,2.53,51.5
2020-07-01,33.71,17.39,25.31,0.14,29.24,0.64,3.25,58.04
2020-07-02,32.55,18.64,25.23,0.0,28.5,0.64,3.08,65.89
2020-07-03,34.84,16.41,25.69,0.0,30.46,0.63,1.82,59.64
2020-07-04,35.05,18.45,26.38,0.01,27.71,0.63,1.97,58.08
2020-07-05,33.63,18.63,26.11,0.0,25.87,0.62,3.4,59.71
2020-07-06,33.61,20.03,26.39,0.01,26.47,0.62,4.25,61.3
2020-07-07,34.84,19.37,26.07,0.37,17.1,0.62,4.02,62.32
2020-07-08,28.04,15.9,21.12,0.0,22.66,0.62,3.99,57.22
2020-07-09,29.22,13.86,21.35,0.0,29.5,0.62,3.49,57.79
2020-07-10,28.48,14.75,21.57,0.0,29.75,0.61,4.35,62.97
2020-07-11,30.26,15.77,22.81,0.0,28.13,0.61,4.05,65.01
2020-07-12,33.29,14.84,24.15,0.0,30.17,0.61,2.89,54.96
2020-07-13,24.36,16.82,20.61,0.0,25.19,0.61,4.77,57.77
2020-07-14,27.18,13.62,19.91,0.0,28.31,0.61,4.01,49.19
2020-07-15,28.38,12.3,20.41,0.0,29.85,0.61,2.98,51.41
2020-07-16,30.64,14.15,21.83,0.0,27.67,0.61,2.23,53.9
2020-07-17,31.9,15.61,23.33,0.0,27.47,0.61,2.37,51.69
2020-07-18,31.16,14.88,23.16,0.01,28.84,0.61,3.59,56.52
2020-07-19,32.86,16.86,24.63,0.02,26.7,0.6,2.73,59.19
2020-07-20,32.24,18.16,24.65,0.0,24.12,0.6,3.49,53.98
2020-07-21,33.01,15.77,24.66,0.31,26.32,0.6,2.99,47.79
2020-07-22,32.73,17.31,25.03,0.0,26.83,0.6,4.02,54.45
2020-07-23,33.07,18.25,25.18,0.0,27.79,0.6,4.15,57.68
2020-07-24,32.18,17.17,24.51,0.07,26.87,0.6,3.92,59.41
2020-07-25,32.39,16.06,24.18,0.0,28.53,0.6,3.59,56.52
2020-07-26,34.31,16.54,25.69,0.02,27.03,0.6,2.3,50.33
2020-07-27,33.2,18.41,25.78,0.28,22.38,0.6,3.11,48.62
2020-07-28,34.09,18.83,26.57,0.02,24.53,0.6,2.8,47.07
2020-07-29,36.96,20.43,28.56,0.0,26.27,0.6,2.43,37.46
2020-07-30,36.52,20.62,28.25,0.0,28.18,0.6,3.02,39.66
2020-07-31,37.94,20.23,29.31,0.0,27.59,0.6,2.24,40.57
2020-08-01,32.84,21.08,26.31,0.11,22.96,0.6,4.19,52.61
2020-08-02,31.85,19.69,25.0,0.14,22.34,0.6,2.98,55.63
2020-08-03,30.0,17.27,23.21,0.0,28.18,0.6,3.86,54.27
2020-08-04,32.54,15.66,23.68,0.0,28.07,0.6,3.35,58.52
2020-08-05,31.75,15.79,23.57,0.0,26.95,0.6,3.58,59.99
2020-08-06,32.35,17.1,24.43,0.0,26.11,0.6,4.39,60.54
2020-08-07,33.95,18.83,26.25,0.0,25.39,0.6,5.41,59.49
2020-08-08,34.29,21.3,27.46,0.0,17.97,0.6,6.16,49.52
2020-08-09,31.53,21.26,25.69,0.0,20.8,0.6,5.59,50.0
2020-08-10,33.06,19.5,25.47,0.0,22.96,0.6,4.31,41.36
2020-08-11,34.41,18.64,26.36,0.6,24.4,0.6,2.5,40.9
2020-08-12,34.76,19.94,26.71,2.3,22.58,0.6,1.75,37.96
2020-08-13,31.55,19.67,25.11,0.3,21.97,0.6,3.06,52.85
2020-08-14,33.76,17.19,25.28,0.0,25.35,0.6,2.04,52.96
2020-08-15,33.03,18.97,25.09,0.01,23.84,0.6,3.4,48.97
2020-08-16,28.97,18.82,22.98,0.27,14.43,0.6,3.67,51.93
2020-08-17,29.89,15.85,22.42,0.0,23.49,0.6,3.71,55.42
2020-08-18,31.59,15.07,23.06,0.0,25.43,0.6,2.78,56.27
2020-08-19,32.47,16.29,24.32,0.67,21.65,0.6,1.43,57.23
2020-08-20,31.18,18.06,23.75,3.31,19.51,0.6,3.22,59.99
2020-08-21,33.26,17.38,24.78,0.0,23.79,0.6,3.95,51.43
2020-08-22,34.99,18.02,26.39,0.0,22.84,0.6,2.63,45.79
2020-08-23,34.14,19.08,25.67,0.0,22.24,0.6,2.81,56.81
2020-08-24,32.09,17.9,24.24,0.0,23.15,0.6,3.34,64.98
2020-08-25,32.73,16.46,24.22,1.7,23.88,0.6,2.46,56.79
2020-08-26,31.95,18.05,24.36,0.0,21.66,0.6,2.65,59.06
2020-08-27,33.47,17.95,25.19,0.0,23.51,0.6,1.75,57.0
2020-08-28,35.95,17.87,26.45,0.0,23.69,0.6,2.21,45.12
2020-08-29,34.48,17.19,25.27,0.0,24.77,0.6,3.46,58.87
2020-08-30,36.16,17.72,25.82,0.0,22.98,0.6,2.94,61.98
2020-08-31,34.89,17.32,24.97,0.0,23.85,0.6,3.0,60.63
2020-09-01,36.51,15.08,25.26,0.0,24.58,0.6,2.1,51.94
2020-09-02,36.6,16.69,26.23,0.0,23.03,0.6,1.96,51.59
2020-09-03,36.48,18.79,26.73,0.0,22.5,0.6,2.06,51.21
2020-09-04,25.83,16.04,21.26,5.13,16.53,0.6,5.29,63.93
2020-09-05,28.68,14.47,21.0,0.0,22.72,0.6,3.86,55.48
2020-09-06,30.98,14.41,22.46,0.0,21.97,0.6,2.94,47.37
2020-09-07,33.29,15.88,24.31,0.0,22.28,0.6,2.5,47.91
2020-09-08,31.75,16.49,23.77,0.0,21.47,0.6,3.83,61.68
2020-09-09,30.07,17.52,22.65,0.0,21.08,0.6,4.26,68.41
2020-09-10,29.93,14.4,21.08,0.0,22.58,0.6,3.63,65.45
2020-09-11,29.6,14.63,21.05,0.0,21.77,0.6,4.22,66.31
2020-09-12,30.09,16.02,22.34,0.0,20.78,0.6,4.86,67.79
2020-09-13,26.0,16.89,21.7,0.09,16.41,0.6,4.72,65.76
2020-09-14,29.54,15.51,21.97,0.14,14.33,0.6,5.11,49.14
2020-09-15,29.91,16.54,22.25,0.0,19.53,0.6,5.1,63.63
2020-09-16,28.58,16.21,21.37,0.0,18.47,0.6,4.76,69.84
2020-09-17,30.54,14.92,21.89,0.0,19.57,0.6,2.92,65.12
2020-09-18,27.33,16.43,20.65,0.0,13.94,0.6,4.22,69.4
2020-09-19,23.54,11.33,17.61,0.0,17.94,0.6,4.83,49.43
2020-09-20,24.53,10.4,16.99,0.02,17.99,0.6,4.23,63.82
2020-09-21,25.83,14.46,19.14,0.07,15.1,0.6,4.04,64.72
2020-09-22,27.91,12.26,19.41,0.0,19.05,0.6,2.94,61.54
2020-09-23,29.43,13.72,21.08,0.0,18.65,0.6,2.01,59.52
2020-09-24,29.7,16.03,22.38,0.33,16.99,0.6,2.05,58.39
2020-09-25,30.2,17.9,23.62,0.0,17.63,0.6,2.35,53.4
2020-09-26,28.42,16.97,22.3,4.0,9.95,0.6,6.34,64.68
2020-09-27,27.06,13.28,19.57,0.01,19.5,0.6,2.9,51.08
2020-09-28,28.28,13.23,20.63,0.01,15.26,0.6,3.59,52.55
2020-09-29,24.95,14.04,19.49,6.01,13.36,0.61,2.33,73.77
2020-09-30,21.59,10.5,15.32,0.02,14.6,0.61,3.36,62.58
2020-10-01,23.5,10.09,16.7,0.0,13.23,0.61,2.62,56.69
2020-10-02,26.72,11.38,18.31,0.0,15.49,0.61,2.77,65.66
2020-10-03,27.55,13.25,19.89,0.0,15.84,0.61,3.1,71.59
2020-10-04,30.6,14.56,21.92,0.0,15.36,0.61,3.61,64.15
2020-10-05,33.07,18.62,23.87,0.0,12.75,0.6,3.11,55.19
2020-10-06,33.96,18.34,24.46,0.0,13.44,0.6,2.44,54.86
2020-10-07,30.25,16.51,22.83,0.91,13.73,0.6,3.3,57.32
2020-10-08,20.5,13.36,17.76,34.68,2.43,0.64,4.12,83.6
2020-10-09,16.76,11.61,14.02,0.99,6.05,0.67,3.03,87.24
2020-10-10,21.85,12.15,16.76,0.02,12.86,0.66,2.03,78.59
2020-10-11,24.27,10.93,17.38,0.0,14.25,0.65,2.16,76.91
2020-10-12,24.31,11.05,17.03,0.12,15.32,0.65,2.98,76.53
2020-10-13,21.97,13.53,17.18,13.72,8.05,0.66,5.97,79.46
2020-10-14,23.56,11.17,16.29,0.73,15.27,0.67,3.07,76.11
2020-10-15,23.41,10.5,15.91,0.21,14.18,0.66,3.08,82.17
2020-10-16,22.44,12.72,16.85,0.01,12.54,0.66,3.96,84.23
2020-10-17,20.94,11.53,16.35,1.12,7.71,0.66,2.77,81.86
2020-10-18,19.46,7.97,13.08,0.19,12.9,0.66,3.21,63.91
2020-10-19,17.17,4.92,10.37,0.0,14.55,0.65,3.21,65.46
2020-10-20,18.1,7.47,12.42,0.19,7.4,0.65,3.89,70.75
2020-10-21,19.08,10.04,13.48,0.0,11.27,0.65,3.87,77.74
2020-10-22,23.05,8.73,15.08,0.0,13.69,0.65,1.31,75.5
2020-10-23,25.27,10.43,16.35,0.0,13.64,0.65,1.57,71.96
2020-10-24,26.41,11.48,17.19,0.0,13.46,0.65,1.98,63.42
2020-10-25,21.55,11.78,15.93,0.18,8.78,0.65,1.72,67.91
2020-10-26,20.26,10.22,14.6,0.09,12.27,0.65,2.14,75.81
2020-10-27,21.55,7.82,14.2,0.01,10.15,0.64,1.82,80.41
2020-10-28,20.04,11.32,15.08,0.75,6.92,0.64,2.86,85.82
2020-10-29,15.89,9.74,13.19,9.17,5.55,0.65,2.87,91.56
2020-10-30,15.15,7.95,10.99,9.76,6.55,0.67,2.99,81.99
2020-10-31,16.47,4.92,10.52,8.08,11.23,0.68,3.44,78.14
2020-11-01,14.96,3.75,8.83,0.01,11.48,0.68,2.92,68.67
2020-11-02,17.1,4.53,9.76,0.0,12.41,0.68,1.57,61.32
2020-11-03,16.95,7.57,11.19,0.26,6.62,0.68,2.31,78.9
2020-11-04,14.51,6.6,9.83,0.07,10.33,0.67,4.58,79.13
2020-11-05,14.45,4.34,9.18,0.04,8.42,0.67,5.1,83.37
2020-11-06,12.71,4.14,7.93,0.0,8.77,0.67,4.89,82.44
2020-11-07,13.3,3.98,8.07,0.0,8.94,0.67,3.57,86.26
2020-11-08,16.36,4.41,9.48,0.0,5.61,0.67,3.35,86.63
2020-11-09,15.49,9.51,11.42,0.0,6.38,0.67,3.79,85.97
2020-11-10,10.34,7.93,9.15,0.47,4.1,0.67,5.42,86.72
2020-11-11,12.26,7.15,8.97,0.7,6.77,0.67,4.76,85.59
2020-11-12,13.05,6.8,9.07,0.71,6.95,0.67,2.9,86.98
2020-11-13,14.41,5.78,8.99,2.26,6.87,0.67,2.01,85.97
2020-11-14,12.94,4.1,7.9,0.21,8.49,0.67,2.65,86.64
2020-11-15,12.35,2.82,6.37,0.0,8.23,0.67,2.07,83.97
2020-11-16,14.29,3.29,7.83,0.0,10.16,0.67,1.29,77.49
2020-11-17,15.56,3.85,8.28,0.0,9.47,0.67,1.68,84.92
2020-11-18,10.21,5.07,7.9,1.21,3.52,0.67,3.46,95.71
2020-11-19,10.44,4.67,7.45,0.44,5.64,0.67,5.41,79.11
2020-11-20,10.1,2.58,6.32,0.0,5.77,0.67,4.4,81.91
2020-11-21,9.08,0.07,3.93,0.0,5.78,0.67,4.61,82.37
2020-11-22,9.19,-0.53,2.81,0.0,9.52,0.67,3.63,80.86
2020-11-23,11.33,-0.44,4.81,0.0,10.04,0.67,0.82,77.74
2020-11-24,9.2,-2.06,3.37,0.0,8.81,0.67,3.79,82.53
2020-11-25,9.45,-0.26,2.85,0.0,9.51,0.67,3.8,83.48
2020-11-26,11.34,-1.51,3.74,0.0,9.61,0.67,1.94,71.42
2020-11-27,12.37,0.22,5.26,0.0,9.26,0.67,1.03,75.35
2020-11-28,12.99,0.43,4.95,0.0,9.53,0.67,1.91,83.32
2020-11-29,9.84,5.27,7.35,0.31,6.02,0.66,1.79,97.9
2020-11-30,7.68,-0.95,2.84,3.03,3.64,0.67,5.26,92.33
2020-12-01,3.25,-3.97,-1.31,0.22,5.91,0.67,4.49,85.22
2020-12-02,4.17,-3.6,-1.36,0.03,8.38,0.67,2.45,87.47
2020-12-03,5.72,-2.24,1.69,0.0,3.04,0.67,1.83,95.42
2020-12-04,13.65,4.04,7.5,0.0,5.17,0.67,2.87,92.05
2020-12-05,16.06,6.14,9.73,0.0,6.78,0.67,3.05,91.02
2020-12-06,11.76,6.13,8.56,0.09,2.73,0.67,3.56,91.12
2020-12-07,9.15,5.98,7.14,9.24,3.61,0.67,4.85,92.11
2020-12-08,9.49,-0.93,5.41,1.99,7.03,0.69,2.86,90.32
2020-12-09,9.99,-0.98,5.16,5.99,3.18,0.68,3.79,94.81
2020-12-10,13.92,9.86,11.25,8.32,2.21,0.7,6.68,90.56
2020-12-11,12.57,5.29,8.74,2.59,7.68,0.71,4.72,87.11
2020-12-12,12.65,6.1,8.9,12.05,3.15,0.71,4.21,95.74
2020-12-13,10.25,4.13,7.67,8.12,1.71,0.73,3.58,96.29
2020-12-14,5.79,3.43,4.35,7.94,1.16,0.74,6.64,92.35
2020-12-15,8.34,1.18,3.74,1.91,6.15,0.74,5.72,87.61
2020-12-16,6.4,1.23,3.29,0.0,3.31,0.73,2.18,91.44
2020-12-17,9.0,2.3,4.69,0.0,4.76,0.73,1.23,90.49
2020-12-18,8.55,-0.49,3.19,0.0,6.72,0.73,2.24,90.12
2020-12-19,7.47,-0.9,2.08,0.0,5.34,0.73,1.89,89.35
2020-12-20,7.96,1.15,3.46,0.01,3.65,0.73,2.44,89.85
2020-12-21,6.98,0.21,2.98,0.06,3.62,0.73,2.85,91.68
2020-12-22,7.13,-0.54,2.19,0.08,5.52,0.73,1.68,88.96
2020-12-23,7.5,0.34,3.02,0.0,3.53,0.73,1.74,92.68
2020-12-24,11.84,2.81,6.56,0.0,5.11,0.73,2.68,93.72
2020-12-25,15.56,6.37,10.06,0.0,5.38,0.73,4.97,92.01
2020-12-26,15.81,8.32,11.37,0.22,3.62,0.73,4.36,93.95
2020-12-27,11.9,9.32,10.34,10.61,3.14,0.74,3.99,97.16
2020-12-28,13.54,7.46,10.0,9.48,3.97,0.76,6.07,91.28
2020-12-29,14.24,7.74,10.16,0.0,5.45,0.75,6.94,89.01
2020-12-30,15.33,8.95,10.89,0.08,5.44,0.75,6.1,90.68
2020-12-31,14.93,7.91,10.88,4.23,5.51,0.75,6.2,90.04
2021-01-01,12.18,3.15,8.04,1.7,8.6,0.76,2.22,89.03
2021-01-02,11.94,2.21,6.57,0.01,8.11,0.75,2.67,90.4
2021-01-03,9.99,5.48,7.62,0.84,3.54,0.75,3.34,94.89
2021-01-04,13.49,7.25,9.37,2.04,6.2,0.75,4.56,83.75
2021-01-05,13.41,3.77,8.81,3.13,8.08,0.76,4.32,85.52
2021-01-06,13.81,2.52,7.84,0.0,6.09,0.76,3.96,89.32
2021-01-07,15.31,8.18,10.45,0.83,5.75,0.76,4.76,90.49
2021-01-08,16.38,9.75,12.72,2.5,4.48,0.76,6.5,92.92
2021-01-09,13.68,1.58,5.6,17.48,1.78,0.78,5.9,89.09
2021-01-10,5.1,1.38,3.36,16.31,1.55,0.79,4.05,94.08
2021-01-11,11.94,5.45,8.95,18.76,2.03,0.81,2.39,98.82
2021-01-12,6.3,0.77,4.31,59.75,0.74,0.87,3.13,95.07
2021-01-13,4.65,-1.58,1.15,0.67,7.51,0.88,3.68,89.31
2021-01-14,3.96,-2.32,0.5,0.06,8.76,0.87,2.68,75.98
2021-01-15,3.36,-4.59,-1.49,0.02,9.57,0.86,3.03,81.99
2021-01-16,0.62,-4.31,-2.14,0.05,3.16,0.86,3.63,85.26
2021-01-17,-2.79,-7.85,-5.3,0.05,8.5,0.86,4.36,75.78
2021-01-18,-0.01,-10.42,-5.87,0.01,10.3,0.85,2.28,80.67
2021-01-19,0.55,-10.31,-5.57,0.0,9.21,0.85,2.71,82.67
2021-01-20,5.73,-6.74,-1.4,0.0,8.82,0.85,3.25,85.52
2021-01-21,7.75,-1.21,2.28,0.0,8.31,0.85,3.48,95.32
2021-01-22,11.19,1.5,5.29,0.03,7.38,0.85,3.93,97.77
2021-01-23,13.14,5.66,8.77,0.63,3.97,0.85,6.76,91.66
2021-01-24,13.53,7.55,9.65,6.38,10.02,0.86,6.69,85.97
2021-01-25,12.51,1.44,7.4,5.4,4.5,0.86,5.94,91.3
2021-01-26,11.88,0.62,7.38,20.74,3.54,0.87,5.6,89.32
2021-01-27,0.54,-3.43,-1.29,16.6,2.15,0.89,8.14,91.49
2021-01-28,1.1,-8.3,-4.39,0.0,9.49,0.88,3.14,93.04
2021-01-29,3.4,-9.44,-2.43,0.01,8.75,0.89,3.63,92.16
2021-01-30,6.84,1.82,4.02,6.81,4.03,0.9,4.63,97.19
2021-01-31,12.59,-0.65,5.81,0.09,10.34,0.9,5.15,92.15
2021-02-01,14.35,7.84,10.95,30.39,1.96,0.92,7.46,95.09
2021-02-02,14.07,7.11,9.75,0.81,7.63,0.93,2.97,95.37
2021-02-03,13.97,6.02,9.07,0.01,6.33,0.93,1.75,92.72
2021-02-04,14.21,6.09,8.66,0.02,10.01,0.92,3.16,89.12
2021-02-05,14.91,3.2,8.26,0.01,10.32,0.92,2.43,82.8
2021-02-06,15.71,5.16,8.92,0.01,9.65,0.92,2.52,92.22
2021-02-07,15.8,6.74,10.3,0.19,7.77,0.92,3.09,93.82
2021-02-08,16.85,10.88,13.5,8.55,7.89,0.92,8.69,89.3
2021-02-09,15.7,6.89,11.15,1.02,11.76,0.92,5.83,87.56
2021-02-10,16.01,6.94,10.91,0.43,11.37,0.92,4.59,87.0
2021-02-11,15.06,1.37,11.32,7.49,7.75,0.92,7.55,89.97
2021-02-12,0.73,-6.61,-2.8,0.37,11.97,0.92,6.35,70.81
2021-02-13,-1.4,-6.59,-4.11,0.55,8.14,0.92,3.47,66.27
2021-02-14,-2.69,-4.91,-3.91,4.95,3.51,0.92,7.3,81.64
2021-02-15,0.07,-5.37,-3.03,0.03,9.9,0.92,5.64,81.1
2021-02-16,-1.81,-10.11,-5.63,0.17,10.79,0.92,5.85,80.35
2021-02-17,1.08,-12.64,-5.81,0.0,12.55,0.91,2.95,80.62
2021-02-18,6.01,-4.04,0.53,1.22,5.5,0.92,3.32,90.0
2021-02-19,4.29,-2.02,0.2,0.91,5.49,0.92,2.39,86.47
2021-02-20,2.6,-2.76,-0.28,0.21,6.42,0.92,2.78,93.57
2021-02-21,6.8,-2.79,0.76,0.03,12.28,0.92,2.53,89.39
2021-02-22,8.92,-1.54,2.98,0.0,14.78,0.92,0.76,86.52
2021-02-23,14.05,-0.64,4.95,0.0,13.99,0.92,2.12,88.32
2021-02-24,9.88,0.17,3.95,0.0,13.49,0.91,3.83,90.53
2021-02-25,13.3,1.69,5.81,0.0,14.34,0.91,2.53,88.45
2021-02-26,16.11,2.86,7.86,0.0,15.67,0.91,1.28,83.77
2021-02-27,17.84,2.6,8.93,0.03,15.4,0.91,2.69,84.23
2021-02-28,8.83,1.59,5.03,0.06,10.12,0.91,4.1,79.94
2021-03-01,8.96,-1.86,3.0,0.42,13.88,0.9,3.44,85.48
2021-03-02,6.91,-0.66,2.31,0.01,11.31,0.9,4.0,82.51
2021-03-03,11.78,-2.18,3.56,0.0,15.26,0.9,3.31,85.55
2021-03-04,12.8,-0.03,5.04,0.0,17.37,0.9,2.5,86.3
2021-03-05,17.07,3.38,8.58,0.01,16.41,0.9,3.71,86.01
2021-03-06,10.1,0.37,5.23,0.67,7.26,0.89,3.72,88.78
2021-03-07,8.01,-2.52,2.15,0.02,11.7,0.89,2.25,76.14
2021-03-08,11.27,-3.16,3.51,0.0,17.23,0.89,2.96,82.61
2021-03-09,11.04,-1.89,4.65,0.01,11.68,0.89,3.37,78.91
2021-03-10,7.9,2.89,4.86,2.24,10.48,0.89,4.6,89.98
2021-03-11,4.82,-4.81,1.04,5.73,10.8,0.89,6.15,85.53
2021-03-12,8.18,-5.64,1.1,0.0,14.79,0.89,2.93,82.34
2021-03-13,13.65,0.43,6.18,0.0,15.23,0.89,2.98,85.98
2021-03-14,15.41,2.75,8.35,0.01,15.96,0.89,2.98,88.19
2021-03-15,14.96,6.83,10.18,4.5,12.61,0.89,4.82,88.03
2021-03-16,10.3,2.94,6.63,3.82,7.67,0.89,3.91,82.48
2021-03-17,5.42,1.87,3.28,2.2,6.85,0.89,4.55,90.18
2021-03-18,7.03,0.34,3.92,0.37,9.2,0.89,2.25,84.34
2021-03-19,6.0,0.38,3.05,2.29,5.85,0.89,1.62,90.19
2021-03-20,9.25,0.14,4.14,0.52,8.88,0.89,2.97,86.52
2021-03-21,4.17,1.79,2.84,6.23,3.91,0.9,4.93,90.77
2021-03-22,5.61,-0.34,3.01,7.57,3.62,0.9,4.3,95.02
2021-03-23,5.66,-2.88,1.2,0.22,10.68,0.91,5.53,81.53
2021-03-24,2.5,-4.1,-1.37,0.52,9.36,0.9,3.87,81.84
2021-03-25,5.29,-4.26,0.26,0.15,14.28,0.9,3.21,81.88
2021-03-26,9.87,-3.23,3.52,0.0,19.71,0.9,2.62,71.23
2021-03-27,13.98,-1.81,6.06,0.0,21.98,0.9,2.1,69.52
2021-03-28,17.48,0.33,8.77,0.0,21.86,0.89,2.96,77.48
2021-03-29,13.11,2.75,7.88,0.0,18.25,0.89,2.75,73.85
2021-03-30,10.96,0.67,5.39,0.04,15.76,0.88,5.41,78.84
2021-03-31,10.69,0.53,4.75,0.33,14.57,0.88,5.16,81.95
2021-04-01,12.7,-0.13,5.52,0.17,21.19,0.88,3.07,80.33
2021-04-02,16.99,0.35,9.09,1.62,19.55,0.88,3.59,78.87
2021-04-03,16.39,7.0,11.12,2.32,16.92,0.88,2.81,91.12
2021-04-04,11.57,1.29,7.59,25.83,4.49,0.89,3.35,88.75
2021-04-05,11.34,1.08,5.52,2.36,12.34,0.91,2.84,83.29
2021-04-06,14.55,3.67,9.01,1.16,13.93,0.9,3.12,92.25
2021-04-07,16.99,1.69,9.3,6.63,20.9,0.9,4.44,87.31
2021-04-08,5.21,-0.17,2.43,6.28,7.71,0.91,3.77,83.88
2021-04-09,10.19,-3.48,3.4,0.0,20.16,0.91,3.21,71.61
2021-04-10,12.71,-0.59,5.31,0.0,24.93,0.9,1.56,63.41
2021-04-11,13.7,-1.06,5.96,0.0,24.74,0.9,2.19,65.99
2021-04-12,17.07,-0.45,8.6,0.0,24.14,0.9,1.75,64.47
2021-04-13,17.64,3.6,10.18,0.92,13.17,0.89,3.92,79.78
2021-04-14,16.16,5.83,10.11,5.25,17.2,0.89,3.08,86.53
2021-04-15,13.98,3.54,8.25,1.55,12.6,0.89,2.4,74.8
2021-04-16,14.27,1.23,7.88,0.28,21.08,0.89,2.62,69.87
2021-04-17,11.92,4.23,7.21,2.92,12.87,0.89,3.82,83.61
2021-04-18,12.41,5.12,8.44,0.03,13.57,0.89,2.76,90.07
2021-04-19,11.33,5.72,8.37,7.34,6.03,0.89,3.03,92.81
2021-04-20,12.77,5.18,9.01,2.69,15.92,0.9,3.05,81.17
2021-04-21,14.87,3.9,9.99,2.9,16.55,0.89,1.96,76.76
2021-04-22,18.61,4.82,11.88,0.0,25.4,0.89,2.62,73.73
2021-04-23,17.1,8.73,11.87,0.0,13.35,0.89,2.67,84.93
2021-04-24,16.09,4.88,10.41,0.0,9.71,0.88,2.64,80.03
2021-04-25,14.47,3.92,9.07,0.01,17.2,0.88,3.87,74.62
2021-04-26,18.76,3.48,10.59,0.0,27.39,0.87,1.56,70.98
2021-04-27,19.54,5.72,12.27,0.0,20.19,0.87,2.34,69.55
2021-04-28,19.91,7.34,12.94,0.05,20.97,0.86,3.71,70.19
2021-04-29,22.77,7.8,14.62,0.08,25.74,0.86,1.93,78.66
2021-04-30,25.33,9.35,17.25,0.0,25.57,0.85,2.12,75.05
2021-05-01,27.0,12.53,19.31,0.0,22.4,0.85,2.81,76.85
2021-05-02,24.48,14.39,19.22,0.25,17.47,0.84,2.98,82.52
2021-05-03,24.76,14.7,19.1,0.04,22.89,0.84,4.06,71.33
2021-05-04,21.08,10.34,15.47,0.01,25.31,0.83,3.4,70.55
2021-05-05,22.02,9.68,15.38,0.0,20.2,0.82,2.71,70.08
2021-05-06,22.76,12.33,17.12,0.2,25.05,0.82,3.0,71.37
2021-05-07,23.76,11.12,17.55,0.0,22.01,0.81,3.85,73.56
2021-05-08,20.93,9.38,14.75,0.81,12.5,0.8,3.77,75.36
2021-05-09,17.48,5.37,11.59,0.08,23.96,0.8,3.35,72.95
2021-05-10,18.15,3.19,10.46,0.0,28.28,0.79,3.22,69.73
2021-05-11,19.37,4.02,11.05,0.0,29.38,0.79,2.91,69.26
2021-05-12,21.56,6.14,14.02,0.04,28.08,0.78,2.01,60.14
2021-05-13,22.46,7.13,15.04,0.02,27.28,0.78,2.63,71.6
2021-05-14,21.54,10.85,16.27,4.62,22.84,0.78,1.7,75.23
2021-05-15,23.08,11.09,16.41,1.31,21.64,0.77,2.76,74.82
2021-05-16,19.93,9.59,15.25,1.66,21.85,0.77,1.85,78.7
2021-05-17,22.6,9.87,16.59,0.53,23.84,0.77,3.29,77.58
2021-05-18,20.92,10.87,15.51,1.49,16.38,0.77,3.93,73.17
2021-05-19,23.89,8.45,16.73,0.0,28.98,0.76,2.72,66.96
2021-05-20,22.58,12.41,16.48,1.04,20.34,0.75,3.13,75.11
2021-05-21,16.24,9.82,12.94,7.06,8.67,0.76,4.07,85.43
2021-05-22,22.82,7.53,15.75,0.0,27.86,0.76,1.75,72.33
2021-05-23,25.54,9.72,18.25,0.0,28.4,0.75,2.15,70.78
2021-05-24,26.82,14.08,19.98,0.0,28.18,0.74,3.49,71.26
2021-05-25,25.48,12.66,18.84,0.0,27.93,0.73,2.59,69.82
2021-05-26,25.21,12.96,18.09,0.1,23.92,0.72,2.67,73.02
2021-05-27,22.32,13.26,17.16,0.16,24.26,0.72,4.26,75.89
2021-05-28,22.61,11.36,16.65,1.67,21.71,0.72,2.94,76.11
2021-05-29,21.38,11.23,16.86,1.15,19.99,0.71,2.92,76.52
2021-05-30,20.86,12.73,16.85,4.52,18.43,0.71,1.44,79.45
2021-05-31,16.38,11.48,13.72,10.3,5.14,0.73,3.12,88.1
2021-06-01,18.7,9.99,13.85,3.57,23.18,0.74,3.55,78.09
2021-06-02,18.35,7.9,13.27,0.53,18.0,0.73,3.3,75.09
2021-06-03,20.45,9.44,15.1,0.16,20.01,0.73,2.94,74.82
2021-06-04,20.92,10.77,16.43,0.04,16.97,0.72,2.53,71.79
2021-06-05,23.01,10.79,17.33,0.0,23.37,0.71,1.95,67.09
2021-06-06,26.3,11.54,19.56,0.02,28.34,0.71,2.08,64.32
2021-06-07,24.23,14.46,18.85,1.48,12.89,0.7,1.15,74.95
2021-06-08,25.17,13.79,19.47,0.23,19.94,0.7,1.15,73.15
2021-06-09,26.21,13.31,19.94,0.17,25.67,0.69,2.29,62.9
2021-06-10,26.13,12.87,19.81,0.78,24.35,0.69,2.89,68.48
2021-06-11,23.61,15.39,19.72,4.31,19.76,0.69,1.09,70.88
2021-06-12,22.1,14.22,18.41,2.4,19.66,0.69,1.17,79.33
2021-06-13,24.79,12.95,18.23,3.99,23.27,0.69,2.92,79.79
2021-06-14,20.55,10.49,15.86,5.16,17.83,0.69,2.44,71.16
2021-06-15,18.16,11.2,14.45,11.04,16.48,0.7,3.54,81.5
2021-06-16,22.67,13.58,17.71,6.11,15.9,0.72,4.16,83.33
2021-06-17,25.38,14.2,19.8,1.91,24.86,0.71,2.87,77.85
2021-06-18,22.63,14.05,18.33,8.7,15.57,0.71,3.21,85.89
2021-06-19,23.85,14.2,19.17,5.01,22.07,0.72,2.74,83.78
2021-06-20,24.52,14.65,19.36,2.3,22.61,0.72,2.53,81.32
2021-06-21,26.45,14.41,20.77,0.11,23.32,0.71,1.75,76.85
2021-06-22,29.21,15.33,22.8,0.23,27.04,0.7,1.27,72.34
2021-06-23,30.08,18.09,24.0,1.01,24.65,0.69,2.62,73.28
2021-06-24,30.32,18.95,24.99,0.13,27.83,0.69,2.25,72.15
2021-06-25,33.33,19.76,27.02,0.26,28.37,0.68,2.09,67.76
2021-06-26,32.46,21.54,26.85,5.13,15.55,0.68,1.66,67.84
2021-06-27,31.24,20.04,25.6,1.45,28.42,0.68,2.02,65.5
2021-06-28,31.63,19.3,24.99,0.21,27.39,0.67,1.87,65.77
2021-06-29,32.88,18.45,25.44,0.0,29.6,0.66,1.51,63.56
2021-06-30,34.67,17.01,25.74,0.0,28.0,0.66,2.15,55.96
2021-07-01,35.29,18.76,27.04,0.62,25.99,0.65,2.36,55.74
2021-07-02,30.03,18.9,23.94,9.46,25.0,0.65,2.81,71.07
2021-07-03,28.02,17.41,22.09,0.45,25.71,0.66,3.51,61.13
2021-07-04,29.23,15.4,22.73,0.08,24.08,0.66,3.33,57.45
2021-07-05,31.06,16.3,24.19,0.01,27.46,0.65,2.44,55.38
2021-07-06,28.72,18.4,23.37,2.05,19.72,0.65,3.25,69.18
2021-07-07,31.67,18.67,25.05,0.41,25.13,0.65,3.57,69.06
2021-07-08,30.49,18.24,23.94,0.84,25.25,0.65,3.89,72.24
2021-07-09,30.71,17.05,23.84,0.0,28.36,0.64,4.25,62.41
2021-07-10,30.97,14.75,22.95,0.53,30.51,0.64,3.5,59.66
2021-07-11,32.07,16.63,24.07,0.0,27.2,0.64,3.63,58.02
2021-07-12,33.45,16.53,24.62,0.0,27.61,0.63,3.22,58.75
2021-07-13,34.98,18.27,26.38,0.0,28.84,0.63,2.04,51.31
2021-07-14,33.35,18.61,25.58,0.0,28.24,0.62,3.4,61.42
2021-07-15,34.94,17.39,25.84,0.0,29.47,0.62,3.08,56.78
2021-07-16,34.47,18.15,25.91,0.0,29.74,0.62,3.62,56.07
2021-07-17,34.29,19.33,26.4,0.0,28.76,0.62,4.24,63.01
2021-07-18,34.64,20.14,27.06,0.0,27.41,0.61,4.46,61.68
2021-07-19,35.99,21.76,28.22,0.0,24.62,0.61,2.87,61.12
2021-07-20,36.07,20.11,28.13,0.0,26.9,0.61,2.5,54.0
2021-07-21,33.64,20.77,26.86,0.0,26.51,0.61,4.33,44.14
2021-07-22,29.74,17.74,23.39,0.0,24.55,0.61,4.27,49.57
2021-07-23,30.06,16.65,23.1,0.0,24.34,0.61,3.86,48.17
2021-07-24,28.54,15.1,21.79,0.0,25.73,0.61,3.79,55.24
2021-07-25,30.75,15.61,22.68,0.0,25.07,0.61,3.66,60.24
2021-07-26,33.57,15.35,24.45,0.0,28.11,0.6,2.9,53.58
2021-07-27,36.92,17.95,27.31,0.0,27.32,0.6,1.88,39.4
2021-07-28,38.66,20.1,28.94,0.0,27.19,0.6,1.79,38.05
2021-07-29,39.95,20.44,30.09,0.0,26.45,0.6,1.73,37.05
2021-07-30,40.91,21.22,31.37,0.0,25.57,0.6,1.55,34.72
2021-07-31,39.85,22.38,30.9,0.66,26.31,0.6,2.76,45.91
2021-08-01,38.2,21.34,29.51,4.86,26.22,0.61,2.26,51.69
2021-08-02,40.85,22.06,31.3,0.0,26.08,0.61,2.71,41.0
2021-08-03,38.24,22.85,30.19,0.0,26.78,0.6,3.95,44.42
2021-08-04,37.58,21.85,29.59,0.0,25.78,0.6,1.74,56.76
2021-08-05,39.93,21.77,30.73,0.0,25.54,0.6,3.25,45.41
2021-08-06,32.76,22.38,27.6,1.03,16.59,0.6,3.74,40.09
2021-08-07,32.25,18.96,25.16,0.41,25.03,0.6,4.27,41.89
2021-08-08,34.27,18.2,25.84,0.0,27.19,0.6,2.01,50.15
2021-08-09,37.12,17.64,27.29,0.0,26.15,0.6,2.05,45.11
2021-08-10,37.85,20.05,28.33,0.13,23.63,0.6,2.24,42.3
2021-08-11,35.03,21.48,27.58,1.19,22.62,0.6,2.23,50.44
2021-08-12,34.27,19.33,26.64,0.01,25.49,0.6,3.48,50.72
2021-08-13,31.48,18.76,24.63,0.22,21.04,0.6,2.97,58.66
2021-08-14,30.77,16.66,23.22,0.0,26.01,0.6,3.72,54.79
2021-08-15,31.1,15.97,22.91,0.0,25.83,0.6,3.4,56.67
2021-08-16,34.13,16.15,24.2,0.0,25.7,0.6,2.47,48.17
2021-08-17,35.84,15.73,25.38,0.0,26.3,0.6,2.18,56.83
2021-08-18,34.83,18.46,26.06,0.02,24.66,0.6,2.26,56.64
2021-08-19,29.58,18.57,23.61,1.95,22.7,0.6,3.7,58.37
2021-08-20,30.95,15.92,23.11,0.0,25.47,0.6,2.65,51.24
2021-08-21,31.23,15.89,23.0,0.0,24.89,0.6,3.09,52.79
2021-08-22,30.39,16.59,23.04,0.0,23.45,0.6,4.19,59.85
2021-08-23,30.39,15.95,22.68,0.0,23.19,0.6,3.87,62.38
2021-08-24,32.44,15.61,23.44,0.0,24.33,0.6,3.11,61.8
2021-08-25,33.09,17.15,24.75,0.01,23.51,0.6,2.23,60.7
2021-08-26,32.36,18.28,25.05,0.57,19.39,0.6,1.47,61.37
2021-08-27,34.61,20.53,27.22,0.71,22.22,0.6,2.19,49.96
2021-08-28,33.36,20.42,26.57,0.27,20.17,0.6,3.05,62.51
2021-08-29,33.55,20.55,26.54,0.04,19.9,0.6,1.68,59.59
2021-08-30,28.03,17.46,22.77,3.9,17.4,0.6,2.98,62.92
2021-08-31,31.56,16.45,23.98,0.03,21.01,0.6,1.88,46.19
2021-09-01,30.35,18.0,23.43,0.97,17.58,0.6,2.99,50.77
2021-09-02,27.53,14.62,21.15,0.0,22.14,0.6,3.42,47.31
2021-09-03,26.17,14.89,19.98,0.0,19.59,0.6,2.88,49.91
2021-09-04,27.59,12.46,19.72,0.0,21.19,0.6,2.21,53.4
2021-09-05,26.48,13.21,19.73,1.78,17.7,0.6,3.94,58.32
2021-09-06,23.92,13.79,18.15,5.45,19.9,0.61,5.71,67.83
2021-09-07,22.64,11.79,16.95,0.0,14.81,0.61,5.63,61.68
2021-09-08,22.33,12.58,17.52,0.01,13.96,0.61,5.52,63.03
2021-09-09,24.75,14.61,19.08,0.76,11.13,0.61,4.83,62.37
2021-09-10,23.09,13.94,17.93,0.03,16.1,0.61,3.45,67.55
2021-09-11,28.12,11.15,19.18,0.0,21.78,0.61,2.73,52.42
2021-09-12,28.38,12.72,20.2,0.0,17.6,0.61,3.02,48.44
2021-09-13,29.08,14.02,20.64,0.0,17.94,0.6,3.48,56.46
2021-09-14,28.3,14.33,20.74,0.0,19.42,0.6,3.23,49.42
2021-09-15,28.66,14.39,20.99,0.81,15.66,0.6,2.63,54.91
2021-09-16,29.91,14.9,22.04,0.0,18.99,0.6,1.88,60.76
2021-09-17,32.27,15.57,23.55,0.04,17.86,0.6,3.37,53.36
2021-09-18,27.86,16.59,21.67,3.94,13.3,0.6,2.93,65.36
2021-09-19,27.49,13.2,20.41,1.89,16.83,0.61,2.3,61.34
2021-09-20,30.99,16.49,23.65,0.14,18.05,0.61,2.05,59.52
2021-09-21,20.65,12.29,16.22,0.05,15.54,0.61,3.97,67.39
2021-09-22,19.71,9.37,14.07,0.63,7.49,0.61,2.93,59.35
2021-09-23,19.03,6.64,12.47,0.1,14.85,0.61,3.73,59.02
2021-09-24,23.55,6.52,15.29,0.0,17.56,0.61,2.6,48.9
2021-09-25,27.6,12.42,19.12,0.0,18.64,0.6,2.54,49.91
2021-09-26,29.67,11.44,19.87,0.0,17.24,0.6,1.74,59.96
2021-09-27,28.01,12.62,19.25,0.0,17.58,0.6,2.62,60.8
2021-09-28,22.85,13.84,17.37,0.0,11.14,0.6,3.66,67.51
2021-09-29,20.87,12.17,15.72,0.02,8.55,0.6,4.58,66.69
2021-09-30,19.49,11.37,14.49,0.17,14.29,0.6,4.76,69.33
2021-10-01,18.36,9.58,13.42,0.03,10.57,0.6,5.58,63.04
2021-10-02,18.19,8.33,13.19,0.0,9.4,0.6,4.69,63.71
2021-10-03,20.73,6.24,12.87,0.0,18.14,0.6,3.55,72.81
2021-10-04,21.86,9.05,14.26,0.0,17.19,0.6,3.32,72.44
2021-10-05,20.16,7.69,12.88,0.0,15.64,0.6,3.99,70.12
2021-10-06,19.44,8.58,12.92,0.05,13.18,0.6,3.7,73.7
2021-10-07,18.68,8.48,12.88,0.95,9.63,0.6,4.48,78.25
2021-10-08,16.45,11.12,12.92,5.01,4.74,0.6,5.27,82.69
2021-10-09,17.32,10.65,13.13,1.46,4.94,0.61,5.19,82.42
2021-10-10,16.06,10.85,12.66,0.88,3.74,0.61,4.69,82.8
2021-10-11,18.81,10.81,13.93,6.52,5.39,0.62,3.33,86.85
2021-10-12,19.38,12.18,14.84,30.32,4.73,0.66,2.84,88.43
2021-10-13,14.96,7.32,11.04,8.89,8.57,0.69,3.35,83.15
2021-10-14,16.79,9.56,12.53,4.34,4.95,0.68,3.8,86.57
2021-10-15,17.0,12.51,14.36,6.57,5.1,0.69,5.08,92.08
2021-10-16,17.34,12.43,14.76,4.86,5.79,0.69,3.12,91.03
2021-10-17,14.99,8.16,11.41,0.15,8.5,0.69,4.22,84.37
2021-10-18,16.83,6.73,11.03,0.0,10.05,0.68,1.67,83.53
2021-10-19,17.85,7.15,11.64,0.0,11.94,0.68,2.27,80.26
2021-10-20,18.17,6.2,10.86,0.0,12.99,0.68,1.84,78.5
2021-10-21,18.87,5.83,11.31,0.0,14.75,0.68,3.4,79.0
2021-10-22,21.33,7.54,13.09,0.0,12.94,0.67,2.42,78.68
2021-10-23,22.91,8.81,14.75,0.11,11.76,0.67,2.24,78.4
2021-10-24,14.11,5.19,10.14,7.71,5.22,0.68,4.9,79.5
2021-10-25,13.66,3.55,7.38,0.0,11.57,0.68,4.08,77.51
2021-10-26,14.83,4.5,8.83,0.01,7.26,0.68,3.37,79.58
2021-10-27,14.95,5.2,9.36,0.04,7.31,0.68,3.13,82.01
2021-10-28,15.45,3.29,8.09,0.0,13.25,0.68,3.26,82.99
2021-10-29,15.77,4.12,9.79,0.0,11.45,0.67,4.21,81.24
2021-10-30,15.46,7.27,10.92,0.01,7.52,0.67,4.44,81.75
2021-10-31,15.18,8.67,11.14,0.13,6.32,0.67,3.16,86.2
2021-11-01,16.02,7.64,11.37,0.77,6.59,0.67,1.66,88.06
2021-11-02,14.73,7.26,10.56,9.0,4.28,0.68,3.39,93.18
2021-11-03,20.55,7.74,13.31,0.06,7.64,0.69,1.92,85.88
2021-11-04,21.99,10.25,14.89,0.0,10.16,0.68,4.09,86.39
2021-11-05,23.09,11.07,15.41,0.0,10.33,0.68,3.92,84.91
2021-11-06,21.96,9.84,14.66,0.0,8.42,0.68,3.54,83.57
2021-11-07,18.67,10.69,13.47,0.03,4.71,0.68,2.43,87.8
2021-11-08,22.42,10.37,14.79,0.01,5.88,0.68,1.8,80.1
2021-11-09,15.51,4.8,10.82,2.22,4.32,0.68,3.73,89.54
2021-11-10,10.7,3.86,5.93,0.02,11.54,0.68,4.8,74.06
2021-11-11,12.84,2.8,6.75,0.0,10.94,0.68,3.24,78.9
2021-11-12,14.28,2.4,6.75,0.0,11.54,0.68,2.46,86.96
2021-11-13,14.15,5.0,8.23,0.0,8.44,0.68,1.64,84.42
2021-11-14,12.56,4.68,7.76,0.0,5.85,0.68,1.43,87.52
2021-11-15,13.51,5.44,8.5,0.0,5.17,0.67,3.9,85.92
2021-11-16,11.72,6.12,8.62,0.02,4.97,0.67,5.18,79.91
2021-11-17,11.54,3.7,6.9,0.0,3.11,0.67,2.86,77.49
2021-11-18,12.63,3.65,7.26,0.0,6.68,0.67,1.61,78.69
2021-11-19,11.67,2.4,5.99,0.0,3.53,0.67,2.88,78.55
2021-11-20,14.79,2.0,7.28,0.0,7.32,0.67,3.27,82.68
2021-11-21,14.8,4.05,7.72,0.0,9.88,0.67,2.38,86.32
2021-11-22,16.55,4.98,10.33,0.29,7.83,0.67,4.16,88.8
2021-11-23,12.82,6.41,10.56,7.66,2.63,0.68,3.97,93.31
2021-11-24,9.97,2.24,5.25,0.01,6.71,0.68,4.42,81.36
2021-11-25,10.75,0.6,4.32,0.0,6.96,0.68,2.37,84.78
2021-11-26,12.75,1.36,6.79,7.03,2.52,0.68,4.67,96.05
2021-11-27,15.28,7.59,11.08,0.56,4.35,0.69,4.52,94.24
2021-11-28,15.58,9.99,12.65,8.76,5.88,0.7,5.43,89.38
2021-11-29,19.31,9.63,13.98,1.05,6.29,0.7,7.85,81.42
2021-11-30,10.35,-0.86,5.88,11.01,3.02,0.71,6.76,81.3
2021-12-01,9.49,-3.27,2.36,0.0,8.99,0.71,3.81,75.5
2021-12-02,13.97,1.14,6.5,0.01,8.26,0.71,4.52,89.73
2021-12-03,16.82,6.98,11.43,2.57,7.15,0.71,6.32,89.13
2021-12-04,11.82,1.12,7.12,27.43,3.84,0.75,4.03,92.93
2021-12-05,9.76,1.98,6.16,0.11,3.74,0.75,2.32,92.33
2021-12-06,15.7,8.29,11.7,1.54,4.9,0.75,5.84,92.88
2021-12-07,12.73,8.78,10.71,20.11,2.16,0.75,3.83,94.39
2021-12-08,7.88,-0.34,3.23,2.94,3.25,0.78,3.36,86.78
2021-12-09,12.42,-1.16,5.52,0.3,6.92,0.77,4.48,91.74
2021-12-10,15.12,7.67,10.92,8.16,4.89,0.77,7.77,91.31
2021-12-11,13.78,6.1,9.76,0.94,4.54,0.78,6.58,87.46
2021-12-12,12.87,8.21,11.14,10.05,2.53,0.79,5.82,92.08
2021-12-13,7.99,2.91,4.76,6.21,1.73,0.79,4.23,93.97
2021-12-14,4.72,1.02,2.99,5.59,1.62,0.8,6.28,89.0
2021-12-15,3.71,-1.98,0.88,0.21,5.09,0.8,5.79,86.17
2021-12-16,1.61,-0.7,0.36,1.05,2.33,0.79,4.32,91.63
2021-12-17,3.99,-0.64,1.3,1.73,2.29,0.79,3.37,92.37
2021-12-18,4.19,-2.19,0.4,0.42,5.44,0.8,5.67,87.78
2021-12-19,4.62,-3.93,-1.2,0.0,8.73,0.79,3.63,87.3
2021-12-20,6.9,-2.13,0.91,0.54,6.18,0.79,4.3,87.64
2021-12-21,3.24,-5.1,-1.58,0.02,7.28,0.79,3.74,86.15
2021-12-22,1.75,-5.52,-2.6,0.02,5.69,0.79,1.57,73.44
2021-12-23,1.61,-4.77,-2.35,0.0,8.43,0.79,1.72,73.56
2021-12-24,6.16,-3.97,0.07,0.0,7.71,0.79,3.93,86.85
2021-12-25,10.01,0.57,3.39,0.0,7.25,0.79,4.04,94.6
2021-12-26,12.37,4.3,7.31,0.02,4.17,0.79,3.58,97.61
2021-12-27,15.38,7.22,10.69,0.91,4.48,0.79,5.02,93.42
2021-12-28,13.6,7.45,10.18,7.12,3.0,0.79,2.55,94.46
2021-12-29,10.48,7.53,8.8,25.4,1.56,0.82,3.04,96.41
2021-12-30,9.05,2.91,5.75,11.68,2.37,0.85,5.53,94.28
2021-12-31,9.64,0.91,4.09,0.0,6.96,0.84,2.96,90.0
2022-01-01,11.18,2.0,5.41,0.0,4.47,0.84,3.0,94.58
2022-01-02,11.26,3.28,6.15,0.0,6.53,0.84,3.15,93.49
2022-01-03,13.0,4.73,8.05,0.0,6.2,0.84,3.82,90.03
2022-01-04,14.09,2.05,7.26,0.0,7.08,0.83,2.9,87.07
2022-01-05,14.43,6.61,10.08,0.0,7.41,0.83,5.42,92.46
2022-01-06,15.01,7.35,10.86,0.07,7.15,0.83,5.62,91.63
2022-01-07,6.88,3.55,4.9,6.2,1.68,0.83,4.48,90.36
2022-01-08,8.53,4.58,6.63,5.68,2.57,0.85,3.6,96.55
2022-01-09,9.41,5.47,6.72,0.33,3.34,0.85,2.12,97.63
2022-01-10,9.65,5.52,7.14,1.72,2.14,0.85,5.01,94.81
2022-01-11,6.59,-2.87,2.04,1.75,2.36,0.84,9.63,89.7
2022-01-12,-1.18,-7.22,-4.03,0.68,5.02,0.84,8.48,73.1
2022-01-13,-0.69,-7.87,-5.05,0.0,9.19,0.84,5.16,73.3
2022-01-14,4.19,-6.68,-2.02,0.0,9.61,0.84,3.24,88.76
2022-01-15,6.29,-1.89,0.68,0.0,6.46,0.84,4.24,79.76
2022-01-16,4.42,-4.37,-1.03,0.0,10.07,0.84,2.42,75.97
2022-01-17,6.37,-2.99,0.45,0.41,9.64,0.84,4.11,84.44
2022-01-18,4.56,-2.28,0.38,0.69,10.13,0.84,5.56,74.1
2022-01-19,2.65,-4.28,-1.68,0.0,10.17,0.84,3.55,74.86
2022-01-20,6.41,-3.65,0.02,0.0,10.55,0.84,3.76,85.86
2022-01-21,2.33,-1.42,0.1,1.37,2.24,0.84,3.35,89.56
2022-01-22,0.62,-5.2,-2.54,0.31,8.76,0.84,3.6,76.76
2022-01-23,-0.02,-7.65,-3.9,0.1,8.97,0.84,3.79,80.17
2022-01-24,-2.67,-6.56,-4.77,0.03,5.67,0.83,5.92,86.29
2022-01-25,-0.72,-9.37,-5.71,0.01,10.51,0.83,3.82,80.14
2022-01-26,2.18,-10.47,-4.11,0.0,8.33,0.83,3.31,83.64
2022-01-27,4.59,-5.08,-0.86,0.0,6.79,0.83,2.88,85.22
2022-01-28,7.23,-3.33,0.94,0.0,9.17,0.83,3.62,84.93
2022-01-29,6.3,-2.17,0.96,0.0,7.79,0.83,2.65,85.49
2022-01-30,4.84,-3.3,0.41,0.0,6.87,0.83,3.31,80.34
2022-01-31,7.33,-1.82,1.65,0.0,11.7,0.83,3.73,74.88
2022-02-01,4.46,0.22,1.86,8.52,1.43,0.83,3.66,93.73
2022-02-02,0.9,-0.96,-0.03,19.64,1.76,0.84,4.02,95.08
2022-02-03,2.19,-4.9,-0.9,1.39,7.49,0.85,4.3,94.02
2022-02-04,3.08,-5.62,-2.16,0.04,10.74,0.85,2.36,87.35
2022-02-05,6.58,-4.79,0.14,0.0,11.58,0.86,3.22,87.31
2022-02-06,8.86,-0.87,2.65,0.0,12.16,0.86,2.78,85.11
2022-02-07,12.24,0.51,6.15,0.93,6.33,0.86,4.53,94.46
2022-02-08,4.88,-0.96,1.91,11.96,2.45,0.87,8.05,84.14
2022-02-09,8.0,-5.04,0.67,0.06,9.85,0.87,4.19,83.01
2022-02-10,9.96,-2.83,2.6,0.0,13.1,0.87,2.04,78.82
2022-02-11,11.96,-0.85,3.57,0.0,13.66,0.87,3.27,89.97
2022-02-12,14.0,1.98,5.69,0.0,10.8,0.86,3.7,84.8
2022-02-13,5.8,0.03,2.73,0.0,8.56,0.86,4.75,84.42
2022-02-14,8.81,-0.77,2.79,0.0,11.48,0.86,1.93,81.62
2022-02-15,10.76,-1.44,3.58,0.0,13.82,0.86,3.06,88.99
2022-02-16,11.62,2.12,6.34,0.0,10.01,0.86,3.68,94.74
2022-02-17,14.5,4.28,8.55,0.05,12.17,0.86,4.04,90.98
2022-02-18,11.6,0.9,7.06,0.79,13.05,0.86,5.45,74.38
2022-02-19,12.66,-1.34,5.12,0.0,14.77,0.85,3.8,76.49
2022-02-20,11.55,3.2,6.7,0.0,8.52,0.85,2.58,88.76
2022-02-21,13.95,2.98,7.99,0.16,10.22,0.85,3.08,87.83
2022-02-22,14.66,7.84,10.86,20.14,6.75,0.86,2.97,94.32
2022-02-23,8.35,2.77,5.13,1.88,4.64,0.88,5.04,90.45
2022-02-24,7.35,1.85,3.82,1.98,4.44,0.88,4.83,87.13
2022-02-25,10.33,-1.55,4.18,0.0,15.0,0.87,3.15,72.92
2022-02-26,11.98,-0.34,4.66,0.0,14.97,0.87,2.69,74.91
2022-02-27,7.85,1.09,3.8,11.19,6.47,0.87,6.18,86.27
2022-02-28,2.42,-3.21,0.16,6.99,6.04,0.88,6.32,90.5
2022-03-01,3.59,-4.64,-0.87,0.04,7.75,0.88,4.26,87.35
2022-03-02,4.23,-5.07,-0.75,0.02,12.43,0.88,3.35,84.63
2022-03-03,5.52,-4.43,0.82,0.0,10.84,0.88,2.99,80.68
2022-03-04,6.72,-1.9,2.28,0.02,9.87,0.88,2.61,87.96
2022-03-05,7.69,0.41,3.42,0.2,8.66,0.88,3.37,89.33
2022-03-06,5.35,0.5,2.66,4.86,4.22,0.88,6.13,86.07
2022-03-07,6.08,-1.98,1.5,0.49,8.1,0.88,3.77,87.53
2022-03-08,3.57,-2.54,0.0,0.06,10.39,0.88,3.76,86.87
2022-03-09,4.35,-4.09,-0.53,0.03,11.71,0.88,3.87,78.69
2022-03-10,1.39,-4.97,-2.32,0.06,12.9,0.88,6.27,76.43
2022-03-11,-0.8,-6.19,-3.48,0.02,16.16,0.87,5.15,67.19
2022-03-12,-0.47,-6.13,-3.09,0.01,12.99,0.87,4.92,70.42
2022-03-13,4.98,-7.56,-0.78,0.0,16.97,0.87,2.24,68.08
2022-03-14,5.91,-2.36,0.8,0.0,12.43,0.87,2.64,75.1
2022-03-15,9.55,-3.08,2.54,0.0,18.2,0.87,1.73,70.53
2022-03-16,10.2,-2.46,3.33,0.17,7.41,0.87,2.77,86.6
2022-03-17,5.84,-4.07,1.39,0.37,7.98,0.87,5.19,85.8
2022-03-18,2.57,-5.2,-1.92,0.0,19.88,0.86,5.07,72.21
2022-03-19,1.98,-5.09,-2.08,0.01,18.11,0.86,4.98,72.32
2022-03-20,5.16,-4.4,-0.71,0.0,19.19,0.86,5.66,69.76
2022-03-21,7.08,-4.07,0.61,0.0,16.47,0.86,5.21,72.46
2022-03-22,9.38,-2.34,3.45,0.12,11.25,0.86,6.23,79.72
2022-03-23,9.47,-2.74,3.39,0.01,19.56,0.85,6.28,74.84
2022-03-24,16.12,-3.5,6.42,0.0,21.45,0.85,3.22,59.78
2022-03-25,14.96,0.74,7.18,0.02,19.46,0.85,3.67,68.3
2022-03-26,13.53,-1.61,5.81,0.0,19.72,0.84,2.66,72.91
2022-03-27,18.83,0.71,9.72,0.0,21.83,0.84,2.75,67.32
2022-03-28,18.76,1.75,10.17,0.0,18.35,0.84,2.12,78.79
2022-03-29,17.93,6.6,11.15,0.0,18.15,0.83,4.72,78.78
2022-03-30,19.16,5.47,11.58,0.0,19.53,0.83,4.59,80.08
2022-03-31,16.82,8.89,12.51,0.02,7.55,0.83,7.57,84.43
2022-04-01,19.9,9.85,14.33,0.1,15.33,0.82,8.31,74.07
2022-04-02,18.9,10.13,13.78,0.55,22.2,0.82,7.3,77.01
2022-04-03,15.5,6.56,10.61,0.91,16.9,0.81,3.37,74.54
2022-04-04,13.49,0.89,7.61,0.42,17.14,0.81,2.41,71.28
2022-04-05,14.79,5.12,9.1,1.99,12.42,0.81,1.54,79.03
2022-04-06,19.53,3.21,10.97,0.0,23.35,0.81,1.73,72.06
2022-04-07,18.29,3.71,10.8,0.36,15.1,0.8,3.76,74.05
2022-04-08,21.21,6.7,13.26,0.95,23.27,0.8,3.67,75.82
2022-04-09,22.19,7.32,14.19,0.01,23.86,0.8,4.96,78.7
2022-04-10,19.21,5.32,12.89,4.79,14.96,0.79,4.91,81.87
2022-04-11,10.23,1.41,5.59,8.06,12.68,0.81,6.07,75.89
2022-04-12,13.59,0.55,7.12,0.0,23.99,0.81,3.1,67.91
2022-04-13,15.71,-0.17,8.07,0.0,23.32,0.8,1.94,67.8
2022-04-14,18.38,1.82,10.85,0.0,25.28,0.8,1.47,63.24
2022-04-15,20.87,6.14,13.11,0.0,24.66,0.79,2.06,65.39
2022-04-16,22.06,7.37,14.65,0.0,15.62,0.79,1.92,68.1
2022-04-17,13.16,3.54,8.8,20.35,2.56,0.79,5.41,83.75
2022-04-18,7.41,2.33,4.2,6.65,10.07,0.82,5.37,85.93
2022-04-19,9.52,1.25,5.06,0.93,10.65,0.82,2.17,78.51
2022-04-20,12.07,-0.36,6.87,4.95,17.88,0.82,4.36,82.19
2022-04-21,16.78,1.52,9.19,0.01,21.09,0.82,2.71,71.76
2022-04-22,20.21,5.99,12.68,0.11,17.44,0.81,3.41,76.53
2022-04-23,22.87,9.42,15.83,0.0,22.03,0.8,3.14,72.74
2022-04-24,23.62,10.12,16.12,0.0,25.78,0.8,2.49,69.88
2022-04-25,23.6,7.99,15.82,0.09,25.34,0.79,2.35,71.86
2022-04-26,22.86,10.28,16.02,0.78,24.41,0.78,2.97,78.12
2022-04-27,22.3,7.8,14.36,0.22,25.76,0.78,2.77,72.23
2022-04-28,22.02,7.42,13.86,0.02,26.46,0.77,3.08,73.49
2022-04-29,20.13,7.1,13.53,0.02,22.84,0.77,4.32,75.88
2022-04-30,18.06,8.12,12.48,0.0,20.34,0.76,4.64,79.61
2022-05-01,17.03,6.54,11.4,0.0,19.56,0.76,3.7,77.52
2022-05-02,17.27,6.37,11.55,0.01,18.4,0.76,4.48,75.39
2022-05-03,13.58,4.98,9.82,3.92,6.84,0.76,3.76,83.67
2022-05-04,16.41,2.91,10.75,0.01,20.36,0.76,2.52,72.74
2022-05-05,19.26,6.14,12.83,0.05,22.66,0.75,2.38,72.77
2022-05-06,18.89,6.01,12.15,0.0,24.76,0.75,2.89,65.63
2022-05-07,18.45,5.99,11.23,0.0,27.47,0.74,3.12,73.45
2022-05-08,20.53,6.47,12.39,0.0,28.35,0.74,2.68,72.97
2022-05-09,19.84,5.47,11.9,0.0,26.91,0.73,2.95,69.89
2022-05-10,20.3,3.71,12.0,0.0,29.38,0.73,3.01,64.87
2022-05-11,21.28,7.15,14.93,0.0,26.33,0.72,1.81,60.7
2022-05-12,25.43,8.9,17.55,0.0,27.11,0.72,1.76,65.0
2022-05-13,25.99,11.34,18.6,0.0,28.65,0.71,2.36,58.69
2022-05-14,26.82,10.71,19.38,0.54,24.96,0.7,2.12,59.52
2022-05-15,24.3,13.41,18.73,4.54,21.66,0.7,2.14,73.23
2022-05-16,25.67,12.89,18.92,0.19,25.19,0.7,1.15,66.03
2022-05-17,27.54,11.51,19.79,0.03,27.61,0.7,1.88,62.16
2022-05-18,20.69,6.6,14.03,9.95,11.47,0.7,4.61,72.75
2022-05-19,19.59,4.92,12.55,0.0,26.95,0.71,3.97,60.69
2022-05-20,23.76,6.55,15.72,0.0,29.7,0.7,2.32,58.62
2022-05-21,27.19,10.3,18.74,0.0,29.35,0.69,1.52,52.54
2022-05-22,28.09,13.45,20.28,0.0,21.01,0.68,3.41,56.77
2022-05-23,25.58,11.55,17.94,0.02,26.57,0.68,3.87,59.57
2022-05-24,25.61,9.24,17.92,3.22,21.87,0.68,1.83,65.42
2022-05-25,28.58,11.05,20.04,0.18,27.86,0.67,1.68,67.39
2022-05-26,31.69,13.04,22.27,0.64,23.7,0.67,2.97,62.98
2022-05-27,30.31,16.62,22.96,0.06,24.09,0.66,2.39,57.53
2022-05-28,28.75,13.8,21.98,0.11,22.59,0.66,1.67,63.44
2022-05-29,29.25,15.55,21.39,0.0,22.55,0.66,4.05,62.58
2022-05-30,28.27,15.76,21.9,0.15,26.07,0.65,2.25,64.33
2022-05-31,30.2,16.51,22.83,1.38,25.63,0.65,1.96,60.15
2022-06-01,29.93,15.83,22.91,0.3,25.69,0.65,2.12,60.79
2022-06-02,30.86,15.24,22.73,0.0,27.79,0.65,3.38,61.94
2022-06-03,31.78,15.24,23.08,0.0,27.93,0.64,4.54,59.81
2022-06-04,30.07,16.31,22.96,0.0,27.48,0.64,4.22,60.64
2022-06-05,32.02,16.36,23.99,1.99,26.26,0.64,1.94,60.24
2022-06-06,27.73,14.91,21.54,3.46,18.07,0.64,2.49,64.71
2022-06-07,24.63,13.58,18.56,1.78,19.69,0.64,4.07,71.39
2022-06-08,22.94,13.76,18.21,3.34,23.11,0.64,2.58,77.69
2022-06-09,25.54,13.5,19.68,2.71,20.91,0.65,1.4,73.98
2022-06-10,23.39,16.01,19.14,9.03,12.31,0.66,2.57,86.03
2022-06-11,22.32,16.81,19.3,12.75,11.46,0.67,3.34,88.12
2022-06-12,22.2,15.71,18.55,13.58,8.98,0.69,5.04,86.66
2022-06-13,27.9,15.08,21.39,0.09,25.66,0.69,4.31,72.06
2022-06-14,29.07,15.25,22.38,4.65,21.24,0.68,2.97,66.99
2022-06-15,26.7,14.59,20.66,0.18,24.52,0.68,3.2,67.3
2022-06-16,26.61,12.63,19.46,0.01,29.48,0.67,2.97,60.74
2022-06-17,28.57,13.2,20.65,0.0,30.69,0.66,2.1,52.34
2022-06-18,27.42,12.84,19.77,0.55,21.58,0.66,3.31,63.09
2022-06-19,27.26,12.78,19.95,0.0,27.65,0.65,3.79,64.27
2022-06-20,28.7,12.58,20.81,0.0,28.16,0.65,2.43,64.96
2022-06-21,32.86,14.07,24.46,0.08,29.87,0.64,2.79,55.34
2022-06-22,32.48,18.67,25.25,0.13,23.71,0.64,4.27,48.67
2022-06-23,26.66,15.36,20.49,0.21,16.15,0.64,2.66,58.0
2022-06-24,28.49,13.34,21.81,0.02,23.05,0.63,2.83,55.89
2022-06-25,31.67,16.3,24.05,0.01,26.32,0.63,2.1,50.31
2022-06-26,29.73,17.09,22.89,1.84,17.24,0.63,1.73,60.37
2022-06-27,29.99,15.54,23.22,0.88,25.66,0.63,3.31,58.95
2022-06-28,29.65,17.71,23.65,1.17,21.63,0.63,4.66,60.49
2022-06-29,31.8,16.77,23.9,0.02,28.25,0.63,3.95,50.46
2022-06-30,31.89,16.02,23.91,0.0,29.7,0.62,3.48,56.48
2022-07-01,33.57,16.35,24.94,5.39,27.82,0.62,2.61,53.37
2022-07-02,32.17,16.87,24.23,0.0,30.08,0.63,3.49,61.4
2022-07-03,30.62,15.63,22.91,0.0,30.85,0.62,4.16,57.44
2022-07-04,31.35,13.63,22.31,0.0,31.01,0.62,3.68,55.97
2022-07-05,32.5,15.1,23.62,0.0,29.66,0.62,3.39,52.41
2022-07-06,32.28,14.65,23.86,0.0,29.83,0.61,2.92,52.49
2022-07-07,30.45,19.01,24.22,0.02,25.17,0.61,2.94,58.36
2022-07-08,30.43,17.07,23.79,0.0,25.54,0.61,2.75,55.2
2022-07-09,29.04,17.54,23.45,1.3,15.74,0.61,4.98,55.33
2022-07-10,29.93,17.84,23.25,1.06,20.53,0.61,4.17,52.05
2022-07-11,29.23,15.84,22.48,0.38,27.46,0.61,3.19,50.72
2022-07-12,29.3,13.62,21.74,0.0,27.26,0.61,2.89,41.56
2022-07-13,29.5,13.47,22.32,0.0,27.1,0.61,2.88,38.37
2022-07-14,31.87,15.01,23.59,0.0,29.45,0.61,3.47,41.7
2022-07-15,33.54,17.19,25.33,0.0,27.8,0.6,2.86,42.3
2022-07-16,36.28,17.69,26.94,0.0,27.93,0.6,2.32,47.43
2022-07-17,34.31,18.92,26.46,0.0,27.93,0.6,3.26,44.53
2022-07-18,28.16,16.13,22.45,0.0,22.92,0.6,3.8,56.85
2022-07-19,28.65,14.21,21.48,0.0,28.57,0.6,4.26,54.74
2022-07-20,30.65,14.56,22.85,0.0,29.07,0.6,3.73,50.26
2022-07-21,35.56,16.2,25.48,0.0,27.2,0.6,3.34,45.29
2022-07-22,36.05,17.64,26.61,0.0,27.67,0.6,2.31,47.8
2022-07-23,37.95,18.08,28.12,0.0,28.49,0.6,2.58,37.4
2022-07-24,39.31,18.99,29.37,0.0,27.68,0.6,1.6,40.91
2022-07-25,32.16,20.59,25.41,0.03,16.72,0.6,3.13,52.25
2022-07-26,36.17,18.06,27.52,0.0,27.69,0.6,1.74,44.03
2022-07-27,38.23,19.65,28.99,0.0,28.12,0.6,2.28,38.72
2022-07-28,34.46,20.58,26.55,0.03,28.07,0.6,4.07,53.63
2022-07-29,33.86,19.45,25.92,0.19,27.77,0.6,4.05,59.6
2022-07-30,35.09,19.44,26.77,0.8,26.97,0.6,3.43,60.14
2022-07-31,34.08,20.13,26.82,13.06,23.45,0.6,2.47,58.71
2022-08-01,31.97,18.17,24.95,0.65,26.42,0.62,3.49,53.23
2022-08-02,31.22,18.11,24.55,0.0,24.04,0.62,2.81,58.8
2022-08-03,31.91,17.81,24.4,0.0,26.82,0.61,3.61,59.77
2022-08-04,32.28,16.62,24.53,0.0,25.01,0.61,3.67,60.21
2022-08-05,33.7,18.45,25.81,0.0,25.41,0.61,3.64,58.07
2022-08-06,33.29,19.05,25.77,0.0,24.85,0.61,3.89,60.6
2022-08-07,32.92,19.32,25.62,0.25,23.28,0.6,4.9,60.54
2022-08-08,32.86,19.41,26.07,0.0,25.26,0.6,5.8,52.15
2022-08-09,34.32,19.41,26.45,0.0,25.43,0.6,5.13,49.05
2022-08-10,33.39,19.69,26.18,0.64,23.23,0.6,5.43,40.38
2022-08-11,32.45,17.93,24.75,0.0,23.69,0.6,3.76,49.5
2022-08-12,32.62,18.15,25.03,0.0,24.21,0.6,3.26,48.17
2022-08-13,30.07,18.64,24.28,0.06,21.33,0.6,2.03,58.22
2022-08-14,32.41,19.0,25.12,4.67,18.71,0.6,1.12,58.58
2022-08-15,29.45,18.87,23.83,2.03,22.13,0.61,2.11,64.39
2022-08-16,34.15,18.4,26.42,3.03,22.93,0.61,2.22,54.67
2022-08-17,34.75,20.63,27.34,0.78,20.6,0.61,1.89,52.71
2022-08-18,35.28,19.9,27.45,0.34,23.56,0.61,3.34,50.19
2022-08-19,35.28,21.15,27.78,0.0,22.94,0.6,2.79,52.81
2022-08-20,35.54,21.68,27.75,0.0,23.8,0.6,2.26,51.27
2022-08-21,32.97,19.44,25.84,0.26,18.3,0.6,2.68,63.49
2022-08-22,31.87,20.4,25.55,0.15,20.05,0.6,2.81,64.62
2022-08-23,30.45,20.07,25.0,0.15,14.98,0.6,2.45,68.43
2022-08-24,29.75,20.01,24.65,1.95,15.59,0.6,3.41,68.63
2022-08-25,29.68,19.59,24.02,13.54,16.12,0.61,2.92,70.36
2022-08-26,25.21,19.08,22.09,7.11,10.5,0.63,2.55,79.67
2022-08-27,33.07,17.88,25.2,0.0,21.34,0.64,1.74,60.02
2022-08-28,34.93,19.54,26.89,0.0,21.31,0.63,1.32,56.68
2022-08-29,35.31,19.99,26.38,0.0,22.2,0.62,2.27,55.26
2022-08-30,32.95,17.89,25.08,0.04,22.07,0.62,3.33,62.09
2022-08-31,29.93,18.68,23.76,0.46,18.39,0.62,2.91,71.45
2022-09-01,31.97,17.11,24.09,0.2,20.04,0.61,2.9,66.35
2022-09-02,28.09,19.9,23.42,13.17,17.0,0.62,2.64,80.86
2022-09-03,26.3,16.96,22.07,3.86,18.78,0.64,3.24,78.9
2022-09-04,27.37,14.76,20.16,0.0,17.33,0.64,3.24,69.81
2022-09-05,24.49,14.35,19.04,0.0,18.59,0.63,4.51,68.33
2022-09-06,25.48,12.56,18.12,0.0,22.33,0.63,3.79,63.58
2022-09-07,26.81,11.82,18.81,0.0,21.77,0.63,3.08,61.2
2022-09-08,29.24,12.66,20.27,0.0,22.59,0.62,1.73,62.72
2022-09-09,30.72,13.76,21.62,0.0,22.05,0.62,2.3,63.0
2022-09-10,32.18,15.82,23.49,0.55,20.42,0.62,2.51,65.82
2022-09-11,30.55,18.42,23.61,0.47,15.79,0.62,2.74,62.84
2022-09-12,27.01,15.65,20.35,2.64,18.36,0.62,3.73,60.77
2022-09-13,25.84,12.9,18.87,0.03,17.81,0.62,2.53,59.31
2022-09-14,27.94,12.16,19.66,0.0,21.4,0.61,2.17,52.96
2022-09-15,33.39,14.23,23.01,0.0,19.74,0.61,3.95,58.8
2022-09-16,34.0,17.11,24.67,0.63,19.19,0.61,3.17,63.87
2022-09-17,33.53,18.55,24.8,6.11,17.57,0.61,3.66,70.57
2022-09-18,23.31,12.31,18.67,1.04,13.68,0.62,4.84,61.32
2022-09-19,23.43,8.88,15.8,0.0,21.06,0.62,1.79,51.04
2022-09-20,21.83,8.49,14.32,0.0,19.42,0.61,3.15,59.59
2022-09-21,19.74,8.12,13.52,0.12,7.84,0.61,2.58,61.59
2022-09-22,18.82,8.42,13.17,0.1,15.4,0.61,3.19,60.91
2022-09-23,18.97,7.55,13.1,2.09,15.34,0.61,1.85,60.31
2022-09-24,21.49,6.29,13.7,0.3,19.51,0.61,2.01,55.65
2022-09-25,24.92,8.2,15.62,0.0,19.55,0.61,3.03,61.4
2022-09-26,27.17,10.07,18.06,0.0,17.62,0.61,3.98,65.96
2022-09-27,24.19,15.17,19.36,2.03,7.16,0.61,5.42,80.71
2022-09-28,28.31,15.64,21.03,0.69,16.91,0.61,2.8,68.54
2022-09-29,28.46,15.09,20.97,0.02,16.46,0.61,4.42,68.81
2022-09-30,30.48,14.96,21.68,0.0,17.73,0.61,2.74,66.79
2022-10-01,32.7,15.46,23.24,0.0,14.94,0.61,2.88,56.88
2022-10-02,24.77,13.19,19.5,1.49,15.44,0.61,5.08,56.01
2022-10-03,23.51,10.54,15.91,0.25,12.41,0.61,3.22,60.23
2022-10-04,19.36,9.17,13.51,0.02,14.33,0.61,3.38,58.95
2022-10-05,20.79,7.63,13.58,0.0,16.03,0.61,2.87,61.7
2022-10-06,19.32,7.98,13.42,0.0,15.16,0.6,3.31,71.08
2022-10-07,22.19,9.14,14.55,0.0,15.19,0.6,4.5,73.06
2022-10-08,23.15,9.74,15.21,0.0,15.0,0.6,3.92,72.38
2022-10-09,24.48,8.35,16.04,0.0,14.52,0.6,2.4,57.88
2022-10-10,22.46,10.3,15.64,0.0,14.53,0.6,3.37,70.59
2022-10-11,19.41,10.98,14.53,0.0,11.5,0.6,2.67,67.76
2022-10-12,20.93,10.34,14.58,0.0,13.59,0.6,3.37,61.95
2022-10-13,21.88,9.51,14.49,0.0,13.15,0.6,3.18,66.21
2022-10-14,19.27,10.98,14.49,0.26,10.01,0.6,4.91,68.43
2022-10-15,17.37,11.04,13.72,2.83,5.04,0.61,5.44,73.42
2022-10-16,18.43,8.1,12.33,0.0,13.45,0.61,4.33,74.6
2022-10-17,19.57,6.52,11.99,0.0,12.68,0.61,4.59,79.03
2022-10-18,20.65,8.07,13.34,0.0,13.71,0.61,3.98,76.53
2022-10-19,21.36,6.7,12.74,0.0,14.71,0.6,2.31,65.2
2022-10-20,17.82,6.76,11.3,0.0,12.38,0.6,3.35,70.64
2022-10-21,18.05,4.53,10.13,0.0,13.58,0.6,2.41,69.16
2022-10-22,19.64,3.45,10.99,0.0,14.36,0.6,2.7,62.41
2022-10-23,24.66,9.23,15.61,0.0,13.6,0.6,3.76,64.46
2022-10-24,25.38,10.09,16.98,0.0,13.37,0.6,1.56,56.51
2022-10-25,26.55,11.6,17.75,0.0,13.03,0.6,2.3,61.4
2022-10-26,23.9,11.95,16.79,0.0,12.55,0.6,2.92,67.72
2022-10-27,23.44,10.12,15.63,0.0,12.29,0.6,1.92,69.63
2022-10-28,20.71,8.14,13.02,0.0,12.16,0.6,3.05,78.6
2022-10-29,20.62,6.86,12.15,0.0,13.03,0.6,2.98,76.86
2022-10-30,23.61,6.2,14.45,0.0,12.98,0.6,1.5,62.72
2022-10-31,22.98,11.51,15.62,0.0,11.09,0.6,2.91,66.53
2022-11-01,23.56,9.25,15.08,0.0,12.32,0.6,1.82,73.41
2022-11-02,27.38,8.74,16.15,0.0,12.29,0.6,2.39,60.1
2022-11-03,22.13,9.86,14.57,0.0,8.82,0.6,2.98,69.44
2022-11-04,21.89,8.18,13.68,0.0,9.31,0.6,2.81,72.59
2022-11-05,23.56,9.96,14.93,0.0,10.95,0.6,4.12,71.97
2022-11-06,21.0,10.31,14.79,0.0,6.98,0.6,2.55,75.92
2022-11-07,17.89,6.62,12.23,0.0,6.58,0.6,4.05,79.02
2022-11-08,18.03,6.36,10.41,0.0,9.26,0.6,2.18,79.61
2022-11-09,17.69,6.52,10.43,0.0,6.76,0.6,2.03,82.31
2022-11-10,19.66,6.07,10.47,0.0,11.18,0.6,1.26,72.36
2022-11-11,15.82,4.54,9.64,1.4,6.91,0.6,2.53,81.69
2022-11-12,15.52,7.83,10.65,4.77,3.74,0.61,4.89,85.48
2022-11-13,16.39,6.18,10.45,0.0,9.79,0.61,2.55,84.44
2022-11-14,14.25,4.7,8.17,0.0,8.03,0.61,2.22,85.94
2022-11-15,13.38,4.53,8.02,0.0,6.34,0.61,1.74,85.98
2022-11-16,16.25,5.45,9.47,0.04,8.64,0.61,2.97,87.59
2022-11-17,17.83,10.92,13.5,2.58,3.84,0.61,5.02,91.92
2022-11-18,21.13,9.83,14.8,0.08,7.96,0.61,4.76,83.45
2022-11-19,23.03,13.54,17.09,0.07,8.6,0.61,5.08,84.27
2022-11-20,18.88,15.1,16.57,0.59,4.25,0.61,6.86,88.09
2022-11-21,19.6,7.84,14.97,2.76,6.18,0.61,7.08,76.03
2022-11-22,13.82,3.25,8.72,2.01,8.18,0.62,3.1,70.83
2022-11-23,13.43,9.22,11.84,18.42,2.25,0.64,5.5,93.0
2022-11-24,15.2,5.38,9.92,0.23,7.0,0.65,2.97,83.16
2022-11-25,10.97,3.34,6.22,0.01,7.85,0.65,3.61,76.96
2022-11-26,10.44,0.38,4.5,0.0,9.0,0.64,2.42,80.14
2022-11-27,9.42,-0.25,4.08,0.07,6.64,0.64,3.83,79.3
2022-11-28,6.61,2.93,4.42,5.64,1.45,0.64,5.45,90.11
2022-11-29,8.44,2.22,5.67,4.77,3.67,0.65,5.02,92.86
2022-11-30,8.24,6.93,7.6,1.9,2.74,0.66,5.59,94.37
2022-12-01,7.6,4.49,6.38,7.89,2.5,0.66,5.52,92.64
2022-12-02,4.66,2.17,3.79,6.68,2.58,0.68,3.83,93.23
2022-12-03,7.63,2.12,4.16,0.13,3.23,0.68,2.78,91.21
2022-12-04,8.77,3.66,5.69,0.16,4.07,0.67,3.29,91.19
2022-12-05,8.65,5.37,6.5,0.99,4.56,0.67,2.83,94.53
2022-12-06,11.28,4.85,7.29,0.17,5.01,0.67,1.92,90.74
2022-12-07,11.49,5.07,7.04,0.04,4.35,0.67,2.8,90.94
2022-12-08,11.91,6.59,9.36,0.95,4.7,0.67,3.54,97.17
2022-12-09,16.05,8.6,12.19,0.64,3.0,0.67,4.54,93.75
2022-12-10,18.23,13.21,14.8,2.77,3.35,0.67,7.47,87.73
2022-12-11,17.05,12.4,14.78,5.5,3.63,0.68,8.7,90.01
2022-12-12,11.3,3.18,7.33,2.39,5.79,0.68,2.06,85.1
2022-12-13,7.72,-2.49,1.52,4.52,3.11,0.69,4.02,67.78
2022-12-14,9.19,-2.91,2.75,0.04,5.04,0.69,2.94,84.68
2022-12-15,13.29,4.03,7.74,2.18,3.89,0.69,3.76,94.31
2022-12-16,17.59,6.42,12.1,0.44,4.74,0.69,4.57,94.17
2022-12-17,18.81,10.5,13.87,0.16,5.23,0.69,5.23,91.25
2022-12-18,9.4,1.18,5.42,8.54,1.27,0.69,4.86,85.27
2022-12-19,3.6,-3.83,-0.38,0.01,6.51,0.7,5.44,76.71
2022-12-20,5.77,-3.84,0.23,0.01,6.65,0.7,4.14,87.79
2022-12-21,7.03,-2.5,0.84,0.0,7.77,0.7,1.59,87.58
2022-12-22,9.4,-0.65,2.7,0.0,8.39,0.69,1.28,85.11
2022-12-23,8.53,-1.9,2.3,0.0,5.77,0.69,1.91,83.63
2022-12-24,12.89,0.05,5.55,0.36,5.84,0.69,2.38,85.86
2022-12-25,13.61,1.45,6.28,0.05,8.25,0.69,3.7,87.64
2022-12-26,11.31,0.82,4.71,0.0,8.25,0.69,2.4,88.28
2022-12-27,14.78,4.43,7.71,0.0,6.5,0.69,3.3,86.68
2022-12-28,10.21,1.88,5.6,0.03,4.05,0.69,3.08,87.58
2022-12-29,11.43,0.99,4.67,0.0,8.11,0.69,1.9,89.18
2022-12-30,11.66,1.64,5.01,0.0,5.39,0.69,2.95,93.63
2022-12-31,14.6,4.7,8.33,0.0,5.34,0.69,1.4,75.65
2023-01-01,13.95,2.94,7.12,0.0,7.2,0.69,1.54,74.67
2023-01-02,13.13,1.38,5.53,0.0,7.58,0.69,2.13,80.24
2023-01-03,10.47,0.77,4.51,0.0,5.12,0.69,2.62,92.13
2023-01-04,10.12,2.96,6.31,0.0,6.95,0.69,2.83,93.25
2023-01-05,11.5,5.0,6.85,0.0,6.7,0.69,2.14,90.71
2023-01-06,13.54,2.64,6.78,0.0,8.41,0.69,3.97,79.91
2023-01-07,11.25,-0.47,4.64,0.0,8.78,0.69,1.9,79.71
2023-01-08,11.28,0.15,4.07,0.0,8.84,0.69,1.8,87.31
2023-01-09,10.29,1.85,4.51,0.02,5.14,0.69,3.08,84.64
2023-01-10,11.69,5.1,9.08,11.55,1.8,0.69,7.45,93.44
2023-01-11,9.6,6.16,7.66,6.15,3.3,0.71,2.08,97.07
2023-01-12,9.32,2.35,5.97,3.43,2.96,0.72,3.53,88.3
2023-01-13,3.69,2.08,2.76,2.19,2.87,0.72,4.08,90.75
2023-01-14,9.1,2.2,4.39,0.86,2.93,0.72,2.44,91.03
2023-01-15,7.9,2.59,4.42,1.11,2.18,0.72,1.94,90.98
2023-01-16,9.62,2.15,5.4,0.04,6.54,0.71,4.19,88.29
2023-01-17,15.44,6.85,11.09,0.47,3.78,0.71,8.1,88.61
2023-01-18,16.93,11.83,13.47,0.12,4.73,0.71,9.87,82.59
2023-01-19,16.88,9.75,13.07,0.01,8.48,0.71,9.33,81.28
2023-01-20,14.76,7.06,10.14,6.43,2.38,0.71,7.56,86.82
2023-01-21,13.28,3.86,8.57,0.56,4.66,0.72,5.39,85.87
2023-01-22,13.22,7.13,9.39,3.63,5.69,0.72,3.59,90.07
2023-01-23,9.9,2.09,6.27,0.0,4.03,0.72,4.51,87.58
2023-01-24,6.15,-2.2,1.77,0.0,3.05,0.72,4.18,80.73
2023-01-25,4.3,-3.88,-0.54,0.05,6.09,0.72,3.71,82.76
2023-01-26,9.01,0.15,4.38,1.87,2.64,0.72,5.18,89.28
2023-01-27,7.99,3.15,6.29,5.55,3.29,0.73,3.53,94.66
2023-01-28,5.59,-2.2,1.09,4.95,5.48,0.73,3.91,83.73
2023-01-29,3.82,-4.14,-0.39,0.22,5.47,0.73,1.99,88.36
2023-01-30,3.66,-4.35,-0.41,0.18,4.83,0.73,1.42,80.23
2023-01-31,4.2,-3.78,-0.38,0.23,4.95,0.73,2.9,85.76
2023-02-01,6.22,-4.02,0.63,0.02,10.25,0.73,3.53,83.91
2023-02-02,10.25,-2.02,3.27,0.82,11.16,0.73,3.68,77.8
2023-02-03,6.48,-2.47,1.2,0.74,9.33,0.73,3.46,84.69
2023-02-04,8.24,-2.58,2.27,2.45,7.36,0.73,3.14,84.37
2023-02-05,0.79,-4.12,-1.47,0.18,6.65,0.73,9.01,70.45
2023-02-06,0.43,-3.93,-2.21,0.06,5.8,0.73,9.3,69.55
2023-02-07,0.83,-4.7,-2.62,0.01,8.16,0.73,6.57,67.11
2023-02-08,0.11,-4.45,-2.77,0.03,9.39,0.73,5.99,71.31
2023-02-09,0.9,-5.77,-3.13,0.01,11.04,0.72,5.61,72.4
2023-02-10,3.26,-8.88,-3.51,0.0,12.45,0.72,3.23,79.09
2023-02-11,4.89,-8.54,-1.73,0.0,13.68,0.72,1.87,58.03
2023-02-12,6.17,-3.75,0.01,0.0,9.33,0.72,3.57,73.67
2023-02-13,6.93,-3.98,0.88,0.0,13.8,0.72,2.21,67.65
2023-02-14,8.8,-2.0,1.43,0.0,12.72,0.72,3.48,76.7
2023-02-15,8.03,-2.38,1.78,0.0,10.48,0.72,3.35,74.05
2023-02-16,9.86,-2.4,2.55,0.0,13.89,0.72,2.01,75.46
2023-02-17,14.65,-0.02,5.38,0.0,12.98,0.72,3.96,77.14
2023-02-18,16.85,0.81,7.65,0.0,9.72,0.72,3.94,76.55
2023-02-19,18.53,5.57,10.89,0.0,13.35,0.72,4.28,78.89
2023-02-20,12.57,2.25,8.42,0.0,13.61,0.71,4.32,74.03
2023-02-21,17.88,0.92,8.39,0.0,14.4,0.71,4.2,67.64
2023-02-22,18.43,4.59,10.09,0.0,14.17,0.71,3.0,69.81
2023-02-23,13.51,3.86,7.67,0.0,8.14,0.71,3.22,84.19
2023-02-24,14.8,3.15,7.72,0.01,12.9,0.71,2.92,80.36
2023-02-25,17.18,5.2,10.6,0.0,11.25,0.71,6.89,84.61
2023-02-26,16.52,10.5,12.53,0.0,6.92,0.71,8.31,78.9
2023-02-27,16.99,9.24,12.44,1.66,8.25,0.7,5.16,86.73
2023-02-28,10.8,4.12,7.94,3.77,6.65,0.71,4.38,86.8
2023-03-01,6.6,3.44,4.6,2.94,4.66,0.71,5.13,89.98
2023-03-02,7.71,2.58,4.41,0.06,3.97,0.72,4.05,83.67
2023-03-03,9.47,2.55,5.49,0.98,5.2,0.71,1.95,87.08
2023-03-04,12.3,1.85,6.31,0.05,8.78,0.71,1.99,84.09
2023-03-05,11.68,3.43,7.31,0.35,8.93,0.71,2.26,78.28
2023-03-06,12.81,0.19,5.97,0.22,12.74,0.71,3.36,72.3
2023-03-07,14.93,5.06,8.92,0.36,13.47,0.71,4.28,83.11
2023-03-08,17.57,6.55,10.57,0.02,16.2,0.71,3.34,80.46
2023-03-09,18.44,5.31,11.03,0.0,13.4,0.71,4.61,75.09
2023-03-10,17.91,7.07,12.26,0.07,10.66,0.7,4.94,83.58
2023-03-11,14.81,8.14,12.44,4.01,7.15,0.71,5.79,83.42
2023-03-12,12.64,1.37,6.66,0.04,15.83,0.71,4.83,63.93
2023-03-13,10.88,-1.54,3.99,0.0,19.32,0.7,4.13,72.1
2023-03-14,14.01,-2.18,4.59,0.0,20.38,0.7,2.1,72.01
2023-03-15,12.32,-0.9,5.33,0.22,15.46,0.7,3.12,81.34
2023-03-16,8.03,3.03,6.07,12.84,3.45,0.71,3.8,92.33
2023-03-17,10.96,1.06,5.18,1.14,8.17,0.72,5.84,69.02
2023-03-18,11.28,-1.4,5.04,0.03,12.07,0.72,4.68,67.08
2023-03-19,12.43,3.19,6.43,0.07,17.09,0.71,3.81,84.73
2023-03-20,17.81,2.6,8.76,0.0,19.45,0.71,1.49,78.26
2023-03-21,15.3,3.47,9.51,0.06,14.69,0.71,2.34,80.18
2023-03-22,12.75,5.96,8.63,2.21,6.71,0.71,2.81,82.31
2023-03-23,14.24,5.18,9.06,0.37,6.3,0.71,1.5,81.49
2023-03-24,18.34,3.86,10.07,0.0,19.63,0.71,1.14,75.08
2023-03-25,20.47,3.46,11.89,0.72,20.93,0.71,2.42,76.43
2023-03-26,18.61,8.23,12.29,3.07,17.88,0.71,3.03,70.53
2023-03-27,19.92,5.75,12.54,3.96,19.61,0.71,5.87,75.34
2023-03-28,9.29,2.77,6.46,1.31,14.24,0.71,6.0,66.21
2023-03-29,8.54,-1.32,2.98,0.07,19.74,0.71,5.0,60.48
2023-03-30,12.02,-4.38,4.15,0.0,22.98,0.71,2.85,51.73
2023-03-31,16.45,1.3,8.46,0.1,14.64,0.7,3.27,81.11
2023-04-01,19.84,6.91,12.78,3.31,12.02,0.7,6.0,82.09
2023-04-02,18.13,5.33,11.51,0.41,17.6,0.7,3.57,74.85
2023-04-03,15.66,8.02,11.05,0.91,7.81,0.7,3.19,87.07
2023-04-04,14.26,7.59,10.35,15.71,12.48,0.72,3.16,87.47
2023-04-05,10.65,2.61,6.64,6.09,9.32,0.73,3.4,80.75
2023-04-06,13.24,0.46,6.28,0.29,16.76,0.73,2.64,70.02
2023-04-07,13.53,0.14,7.1,0.18,13.15,0.72,2.12,68.33
2023-04-08,15.3,3.02,8.92,0.28,19.06,0.72,2.59,74.69
2023-04-09,14.86,4.32,8.67,0.0,19.53,0.72,3.61,72.4
2023-04-10,11.8,2.67,6.96,4.03,5.93,0.72,4.52,81.3
2023-04-11,10.25,6.0,8.03,7.41,6.92,0.72,5.03,88.54
2023-04-12,13.17,5.19,9.03,2.42,14.07,0.73,3.85,81.1
2023-04-13,18.59,3.19,10.98,0.0,24.86,0.73,3.37,68.65
2023-04-14,18.6,6.67,12.98,0.03,18.44,0.72,5.57,79.37
2023-04-15,20.89,10.54,14.55,3.56,17.94,0.72,4.56,74.0
2023-04-16,16.67,9.38,12.81,4.75,13.42,0.73,2.84,88.66
2023-04-17,14.94,8.58,11.59,9.06,12.89,0.74,2.34,90.08
2023-04-18,11.29,8.15,9.52,5.76,10.78,0.74,2.96,92.81
2023-04-19,14.32,7.13,10.27,2.66,10.2,0.75,2.13,86.36
2023-04-20,15.75,5.9,10.89,3.37,18.47,0.75,2.41,81.6
2023-04-21,16.75,6.38,11.2,1.46,19.45,0.74,2.22,81.14
2023-04-22,16.26,5.13,10.97,0.45,19.21,0.74,1.59,79.39
2023-04-23,18.09,4.49,10.96,0.0,24.34,0.74,2.46,72.78
2023-04-24,18.48,3.36,11.59,0.03,24.59,0.73,2.81,71.77
2023-04-25,18.41,7.69,13.26,8.78,20.11,0.73,3.45,81.46
2023-04-26,17.09,9.19,12.54,8.99,13.93,0.75,1.82,81.17
2023-04-27,14.73,6.02,10.08,4.01,15.13,0.75,4.51,74.45
2023-04-28,14.19,3.65,8.9,0.0,19.69,0.75,3.45,65.54
2023-04-29,17.44,2.09,10.22,0.0,26.84,0.74,2.31,61.39
2023-04-30,18.92,5.87,12.81,0.29,20.2,0.73,1.38,59.83
2023-05-01,20.02,7.53,14.32,2.28,21.55,0.73,1.72,65.31
2023-05-02,20.68,5.08,12.57,0.0,27.23,0.73,3.74,64.04
2023-05-03,19.33,7.21,12.61,2.37,10.8,0.72,3.71,68.0
2023-05-04,18.36,9.25,13.34,5.08,12.23,0.73,2.0,85.59
2023-05-05,19.29,8.46,13.18,0.01,17.65,0.73,3.84,77.14
2023-05-06,21.14,7.9,14.07,0.39,15.19,0.72,5.34,71.21
2023-05-07,20.96,7.46,13.76,0.0,27.59,0.72,3.53,70.06
2023-05-08,21.96,7.34,14.52,0.88,25.98,0.71,1.75,71.22
2023-05-09,17.04,8.3,11.88,0.72,10.77,0.71,4.35,77.63
2023-05-10,16.52,6.15,11.19,0.0,14.88,0.71,4.07,71.67
2023-05-11,16.56,5.55,10.68,0.0,21.26,0.7,4.16,71.46
2023-05-12,16.36,6.05,10.73,0.0,20.31,0.7,4.17,69.49
2023-05-13,20.52,6.3,12.91,0.0,28.68,0.7,2.37,65.21
2023-05-14,17.5,7.41,12.72,0.12,11.94,0.69,2.25,62.98
2023-05-15,21.5,8.38,15.03,0.01,19.07,0.69,2.3,74.68
2023-05-16,24.21,10.07,16.47,0.96,17.6,0.69,3.03,69.46
2023-05-17,19.63,11.33,14.34,14.23,8.03,0.7,2.43,87.53
2023-05-18,18.12,11.32,14.13,0.54,11.53,0.71,4.01,76.84
2023-05-19,22.43,9.95,15.77,0.88,20.26,0.7,4.59,69.02
2023-05-20,21.37,11.09,15.93,0.56,16.49,0.7,4.91,67.49
2023-05-21,21.97,10.75,16.26,0.21,16.02,0.69,4.67,74.54
2023-05-22,22.58,9.79,15.9,0.75,21.34,0.69,4.28,70.75
2023-05-23,20.02,11.14,15.59,1.31,14.61,0.69,3.78,80.03
2023-05-24,23.55,11.37,17.32,0.32,21.99,0.68,2.09,73.19
2023-05-25,25.17,10.46,18.28,2.28,22.19,0.68,2.29,69.04
2023-05-26,23.06,12.87,18.02,3.09,20.25,0.68,2.66,75.83
2023-05-27,23.44,13.32,18.18,0.93,19.68,0.68,3.79,76.03
2023-05-28,22.04,13.98,17.41,1.1,14.85,0.68,4.46,77.88
2023-05-29,23.12,12.98,17.73,2.26,15.42,0.68,3.98,77.84
2023-05-30,23.03,12.88,18.08,2.84,15.3,0.68,2.7,78.15
2023-05-31,26.49,12.88,19.67,0.07,25.4,0.68,2.38,64.15
2023-06-01,26.5,12.4,19.18,0.0,28.0,0.67,3.06,56.49
2023-06-02,27.93,13.08,20.12,0.0,25.35,0.66,2.63,51.66
2023-06-03,24.81,13.18,19.24,0.1,22.15,0.66,2.58,58.99
2023-06-04,21.68,12.65,17.3,0.98,20.66,0.66,3.37,78.76
2023-06-05,25.73,11.01,17.71,0.0,29.92,0.66,3.4,62.05
2023-06-06,26.82,9.46,18.04,0.0,29.53,0.65,3.33,64.29
2023-06-07,27.3,12.07,19.09,0.0,29.22,0.65,3.22,65.97
2023-06-08,26.36,13.65,19.27,0.0,26.27,0.65,3.66,68.44
2023-06-09,29.1,13.56,20.92,0.0,29.28,0.64,2.39,63.23
2023-06-10,30.36,13.65,21.86,0.0,25.06,0.64,2.3,57.17
2023-06-11,28.17,15.05,21.77,0.04,23.41,0.64,2.62,57.15
2023-06-12,25.98,13.66,19.85,0.35,22.79,0.63,3.25,66.24
2023-06-13,26.53,12.57,19.39,0.9,20.76,0.63,2.5,69.47
2023-06-14,27.72,12.75,20.65,0.07,25.97,0.63,2.38,65.65
2023-06-15,29.78,15.37,22.26,0.01,25.84,0.63,1.92,64.44
2023-06-16,30.21,16.42,22.42,0.6,13.47,0.63,3.43,64.62
2023-06-17,23.96,16.96,20.19,1.98,11.08,0.63,3.74,76.12
2023-06-18,27.79,15.47,21.64,0.52,20.32,0.63,3.45,64.14
2023-06-19,28.01,15.29,22.14,0.47,22.68,0.63,3.33,64.29
2023-06-20,29.05,14.87,21.64,5.46,23.53,0.63,2.6,58.15
2023-06-21,31.56,14.09,23.42,0.03,27.41,0.63,2.01,53.54
2023-06-22,32.04,16.75,24.47,0.0,25.07,0.63,2.89,52.83
2023-06-23,33.55,16.21,24.87,0.0,29.83,0.62,1.82,51.59
2023-06-24,34.41,16.32,24.99,0.0,30.81,0.62,1.95,47.67
2023-06-25,33.78,14.74,24.47,0.22,29.86,0.62,1.95,51.81
2023-06-26,26.45,17.63,21.82,15.97,20.65,0.63,3.21,74.72
2023-06-27,31.2,15.4,23.54,0.0,27.12,0.64,2.71,56.76
2023-06-28,31.75,17.85,24.57,2.03,25.92,0.63,2.76,56.16
2023-06-29,27.58,14.94,20.63,5.3,20.72,0.64,3.4,61.22
2023-06-30,30.17,12.97,22.38,0.0,29.06,0.64,1.94,52.62
2023-07-01,32.93,16.14,24.62,0.0,29.9,0.63,1.47,49.95
2023-07-02,33.31,16.82,25.24,0.6,23.48,0.63,2.19,58.64
2023-07-03,31.05,18.09,24.57,1.77,22.77,0.62,2.32,65.72
2023-07-04,34.08,19.38,26.25,0.0,26.79,0.62,2.37,56.26
2023-07-05,33.72,17.83,25.15,0.0,28.79,0.62,3.35,60.99
2023-07-06,30.82,17.55,24.6,0.06,21.81,0.62,2.74,62.15
2023-07-07,32.85,18.69,25.27,7.17,18.24,0.62,3.27,61.09
2023-07-08,27.33,17.76,22.42,2.91,22.33,0.63,4.46,66.89
2023-07-09,30.93,15.52,23.11,0.04,29.77,0.62,4.16,52.98
2023-07-10,32.64,17.1,25.28,0.0,27.61,0.62,2.03,48.65
2023-07-11,34.06,17.43,26.5,0.12,25.96,0.62,2.9,51.48
2023-07-12,36.21,19.27,28.01,0.0,26.51,0.61,2.26,50.87
2023-07-13,39.49,20.07,30.23,0.0,27.21,0.61,1.96,47.66
2023-07-14,38.64,23.61,31.06,0.0,25.92,0.61,2.72,41.79
2023-07-15,35.16,21.42,27.84,0.0,26.4,0.6,3.51,49.55
2023-07-16,35.6,19.03,27.06,0.0,29.36,0.6,3.07,49.01
2023-07-17,36.03,18.38,26.93,0.0,29.24,0.6,2.86,47.28
2023-07-18,36.73,18.84,27.72,0.0,27.62,0.6,2.38,45.17
2023-07-19,37.77,20.04,29.09,0.0,28.09,0.6,2.36,40.92
2023-07-20,38.65,20.61,29.65,1.24,25.82,0.6,2.55,41.67
2023-07-21,36.12,21.54,28.43,0.13,28.01,0.6,3.49,47.48
2023-07-22,39.79,20.34,30.28,2.15,27.32,0.6,2.52,49.75
2023-07-23,35.11,20.94,27.94,5.77,27.03,0.61,4.02,53.83
2023-07-24,34.33,18.52,26.34,0.0,27.95,0.61,2.02,55.17
2023-07-25,38.82,19.7,29.15,0.0,26.46,0.61,3.6,43.12
2023-07-26,41.08,22.01,31.22,0.1,26.89,0.6,4.92,36.11
2023-07-27,27.81,16.81,22.66,3.99,13.91,0.61,5.11,53.71
2023-07-28,30.86,13.63,22.43,0.0,28.85,0.61,2.04,44.19
2023-07-29,33.56,15.6,24.62,0.0,28.52,0.61,2.52,44.2
2023-07-30,34.81,17.86,26.02,0.0,28.32,0.6,2.25,44.37
2023-07-31,32.97,17.25,24.57,1.91,21.3,0.6,2.4,54.93
2023-08-01,33.02,18.64,25.53,0.0,24.56,0.6,1.79,54.09
2023-08-02,36.24,18.47,28.06,0.0,23.62,0.6,1.92,51.79
2023-08-03,39.08,22.75,31.06,0.0,25.84,0.6,1.61,40.3
2023-08-04,39.3,22.75,30.53,0.0,26.56,0.6,3.7,42.07
2023-08-05,37.69,20.53,28.51,0.13,27.0,0.6,3.67,57.14
2023-08-06,33.16,20.88,26.72,8.15,22.83,0.61,3.3,64.89
2023-08-07,31.74,17.74,24.47,0.0,26.95,0.61,3.07,50.61
2023-08-08,26.99,16.57,21.61,0.16,23.54,0.61,3.99,58.31
2023-08-09,27.58,14.78,20.66,0.0,23.7,0.61,4.06,58.76
2023-08-10,28.79,15.59,21.34,2.65,18.84,0.61,3.25,67.23
2023-08-11,29.95,15.25,22.55,0.05,22.03,0.61,3.83,56.38
2023-08-12,30.27,16.1,22.81,0.0,23.89,0.61,4.35,55.48
2023-08-13,29.83,17.52,22.96,0.0,21.42,0.6,5.69,62.12
2023-08-14,30.69,17.95,24.14,0.0,17.07,0.6,6.36,60.74
2023-08-15,32.8,21.03,25.88,0.07,9.2,0.6,5.38,63.23
2023-08-16,33.26,20.62,25.91,0.0,18.67,0.6,5.28,61.23
2023-08-17,33.91,19.68,25.95,0.0,23.5,0.6,5.32,57.34
2023-08-18,32.93,19.58,25.55,0.13,22.92,0.6,5.78,58.49
2023-08-19,31.02,19.14,24.51,0.0,22.47,0.6,5.87,59.27
2023-08-20,35.3,19.01,26.69,0.0,24.27,0.6,5.15,50.79
2023-08-21,36.97,20.61,28.02,0.0,24.77,0.6,4.97,35.38
2023-08-22,37.3,20.99,28.56,0.0,23.83,0.6,4.24,44.05
2023-08-23,36.5,20.53,28.06,0.0,22.52,0.6,3.64,48.45
2023-08-24,36.1,20.27,28.02,0.26,21.29,0.6,2.51,50.35
2023-08-25,36.71,20.46,28.02,0.0,23.11,0.6,2.43,49.23
2023-08-26,35.58,20.47,27.32,0.0,23.23,0.6,3.61,53.94
2023-08-27,32.03,19.17,24.74,0.0,22.89,0.6,4.09,64.23
2023-08-28,34.62,17.37,25.4,0.0,24.07,0.6,2.89,57.34
2023-08-29,35.52,19.23,26.8,0.0,22.98,0.6,3.08,48.87
2023-08-30,35.77,19.31,27.36,0.11,22.22,0.6,2.33,55.93
2023-08-31,32.37,19.21,25.04,4.5,18.67,0.6,2.53,65.33
2023-09-01,32.59,18.81,25.09,0.15,19.07,0.6,2.83,53.85
2023-09-02,30.67,18.59,24.11,0.1,19.72,0.6,3.95,60.75
2023-09-03,30.43,17.82,23.33,0.0,19.08,0.6,3.85,62.47
2023-09-04,26.97,15.71,21.65,1.81,12.83,0.6,4.47,66.55
2023-09-05,23.56,17.98,20.18,14.21,9.56,0.62,6.59,80.72
2023-09-06,27.77,18.29,22.21,0.33,13.22,0.63,5.71,71.35
2023-09-07,28.62,17.89,22.44,0.0,15.87,0.62,5.13,66.98
2023-09-08,27.09,16.3,21.02,0.0,15.8,0.62,5.3,68.17
2023-09-09,27.61,13.71,19.78,0.0,22.07,0.62,4.13,62.02
2023-09-10,25.85,14.35,19.39,0.01,17.26,0.61,4.92,63.67
2023-09-11,26.12,12.68,18.52,0.0,21.37,0.61,4.14,64.96
2023-09-12,28.26,12.89,19.93,0.0,21.95,0.61,2.78,62.61
2023-09-13,30.38,13.61,21.08,0.0,21.74,0.61,2.03,65.64
2023-09-14,31.91,13.59,22.17,0.0,20.26,0.61,1.86,59.36
2023-09-15,29.61,15.25,21.83,0.19,18.56,0.61,1.79,58.73
2023-09-16,29.1,16.48,21.72,0.68,17.87,0.61,2.98,66.94
2023-09-17,27.5,16.62,21.06,0.0,16.88,0.61,4.01,72.99
2023-09-18,26.6,14.71,19.6,0.0,15.46,0.6,4.36,66.82
2023-09-19,28.29,13.77,20.37,0.0,19.95,0.6,2.96,64.48
2023-09-20,30.39,14.67,21.35,0.0,19.11,0.6,2.1,63.66
2023-09-21,30.84,14.93,22.24,0.0,17.29,0.6,1.49,61.97
2023-09-22,32.85,15.87,23.7,0.0,18.24,0.6,2.74,56.45
2023-09-23,35.91,17.45,25.78,0.0,18.51,0.6,2.08,49.83
2023-09-24,34.65,17.74,24.87,0.0,18.21,0.6,3.33,60.05
2023-09-25,26.49,17.72,21.35,0.0,13.12,0.6,5.58,72.6
2023-09-26,28.2,18.57,22.13,0.0,15.24,0.6,6.3,66.07
2023-09-27,26.83,17.6,21.3,0.0,11.78,0.6,5.78,65.84
2023-09-28,25.42,16.72,20.12,0.95,7.91,0.6,3.95,72.13
2023-09-29,26.94,14.17,19.93,0.06,13.66,0.6,3.47,63.32
2023-09-30,27.76,14.05,19.96,0.21,15.77,0.6,4.19,58.79
2023-10-01,27.56,14.59,20.05,0.0,14.68,0.6,4.8,51.62
2023-10-02,24.13,14.24,18.26,0.01,12.97,0.6,4.01,54.32
2023-10-03,24.13,10.46,16.42,0.0,16.87,0.6,3.35,53.67
2023-10-04,26.84,10.99,17.63,0.0,16.71,0.6,1.29,57.56
2023-10-05,24.11,11.25,17.09,0.0,14.06,0.6,2.21,69.51
2023-10-06,27.32,12.65,19.38,0.03,14.42,0.6,2.27,65.26
2023-10-07,26.55,12.66,19.21,0.01,16.58,0.6,1.97,55.06
2023-10-08,28.55,11.2,19.83,0.0,16.82,0.6,3.55,38.69
2023-10-09,20.54,10.85,15.02,0.0,10.75,0.6,3.73,51.12
2023-10-10,22.71,9.0,15.8,0.0,12.15,0.6,3.06,58.97
2023-10-11,20.88,8.52,13.76,0.0,14.51,0.6,3.39,59.84
2023-10-12,24.04,6.95,14.38,0.0,16.51,0.6,2.04,67.58
2023-10-13,27.51,8.89,17.11,0.0,15.83,0.6,1.75,60.47
2023-10-14,26.95,10.98,17.94,0.0,15.47,0.6,2.59,63.69
2023-10-15,27.65,10.41,18.07,0.0,14.92,0.6,2.54,63.96
2023-10-16,18.39,8.01,13.74,0.14,5.61,0.6,4.73,58.44
2023-10-17,19.78,6.17,12.81,2.49,11.54,0.6,3.16,60.46
2023-10-18,18.67,8.16,12.77,1.94,8.41,0.61,2.7,74.01
2023-10-19,20.19,7.13,13.2,0.0,13.04,0.61,3.0,74.06
2023-10-20,26.77,11.04,17.48,0.0,13.36,0.6,5.39,77.53
2023-10-21,29.6,14.7,20.31,0.0,13.84,0.6,4.93,71.64
2023-10-22,28.83,14.33,19.69,0.0,9.8,0.6,3.99,70.51
2023-10-23,28.25,13.88,19.57,0.0,11.19,0.6,1.54,67.28
2023-10-24,27.68,13.77,19.97,0.0,11.0,0.6,1.47,61.11
2023-10-25,26.98,13.15,18.94,0.02,7.06,0.6,4.43,71.0
2023-10-26,21.21,16.23,18.45,0.53,5.95,0.6,5.21,85.59
2023-10-27,25.38,15.29,19.07,0.0,9.03,0.6,5.5,79.15
2023-10-28,28.2,16.0,20.89,0.0,12.55,0.6,3.6,71.91
2023-10-29,25.96,13.41,18.88,0.0,11.18,0.6,2.18,67.2
2023-10-30,26.31,12.77,17.86,0.0,12.6,0.6,2.05,53.55
2023-10-31,25.33,12.25,17.57,0.0,10.84,0.6,2.98,67.88
2023-11-01,23.41,13.13,17.28,0.01,8.89,0.6,2.96,72.03
2023-11-02,17.33,10.33,13.67,11.33,4.87,0.62,3.23,82.98
2023-11-03,22.59,9.68,16.16,0.5,7.32,0.62,5.04,84.24
2023-11-04,22.69,13.48,18.52,11.69,7.0,0.63,6.87,88.25
2023-11-05,21.12,9.06,14.81,0.0,11.46,0.64,5.54,76.27
2023-11-06,23.87,13.21,17.77,0.03,9.33,0.64,3.02,69.17
2023-11-07,22.66,10.55,15.79,1.11,10.52,0.63,2.46,80.37
2023-11-08,23.44,10.54,15.71,0.56,7.66,0.63,3.7,80.55
2023-11-09,16.48,5.78,10.03,1.44,11.24,0.63,3.06,75.35
2023-11-10,16.26,5.1,10.23,0.64,8.84,0.63,2.79,82.37
2023-11-11,19.77,9.92,14.65,4.33,4.53,0.64,6.03,82.56
2023-11-12,18.58,7.23,12.36,0.41,10.59,0.64,2.41,63.25
2023-11-13,14.0,6.73,9.79,8.57,4.14,0.65,3.52,78.23
2023-11-14,19.02,4.65,11.02,0.0,9.94,0.65,3.16,76.99
2023-11-15,21.75,8.94,14.26,1.07,9.34,0.65,3.72,80.45
2023-11-16,16.41,7.22,10.62,0.58,10.18,0.65,3.41,73.04
2023-11-17,16.08,6.04,10.56,1.1,6.88,0.65,3.73,78.58
2023-11-18,11.46,3.26,6.67,16.44,2.69,0.66,7.32,83.85
2023-11-19,9.35,0.88,4.41,6.42,8.69,0.68,7.24,70.81
2023-11-20,14.61,0.33,6.36,0.0,9.64,0.68,3.12,71.94
2023-11-21,14.53,4.07,9.18,0.02,6.64,0.67,3.23,82.86
2023-11-22,16.95,10.69,13.36,2.97,3.29,0.67,3.49,95.03
2023-11-23,11.66,6.93,8.83,1.74,3.2,0.68,3.02,89.6
2023-11-24,17.7,6.72,11.06,0.92,8.4,0.68,4.15,90.26
2023-11-25,15.58,6.38,12.23,17.09,3.3,0.69,6.4,89.24
2023-11-26,9.47,-3.18,1.87,21.35,4.73,0.73,6.5,84.3
2023-11-27,4.02,-3.79,-0.69,0.0,9.44,0.72,3.99,75.62
2023-11-28,14.01,-1.35,5.93,7.51,3.5,0.72,7.51,89.62
2023-11-29,13.99,3.51,10.03,3.33,6.53,0.73,3.65,81.76
2023-11-30,10.66,0.19,4.84,0.04,4.99,0.73,2.49,80.18
2023-12-01,17.37,6.47,11.59,0.0,7.14,0.72,5.58,91.83
2023-12-02,17.99,12.43,14.78,0.06,5.03,0.72,7.49,92.25
2023-12-03,17.77,2.92,13.03,9.75,5.3,0.72,5.94,89.17
2023-12-04,2.76,0.53,1.38,23.74,3.12,0.75,4.15,93.79
2023-12-05,6.25,1.81,3.96,0.74,4.44,0.76,2.6,96.49
2023-12-06,7.8,4.07,5.74,1.59,3.08,0.76,2.71,95.72
2023-12-07,7.16,2.07,5.86,1.24,3.84,0.76,3.34,95.6
2023-12-08,2.49,-1.32,0.39,1.95,2.16,0.76,5.63,88.14
2023-12-09,2.2,-3.86,-1.25,0.12,5.5,0.76,4.75,89.2
2023-12-10,6.13,-3.9,0.39,0.07,5.7,0.76,2.25,93.93
2023-12-11,8.56,0.11,3.19,0.27,7.03,0.76,1.52,86.83
2023-12-12,10.74,-0.59,3.72,0.08,7.33,0.76,2.2,86.37
2023-12-13,11.6,-0.21,6.61,0.0,4.59,0.76,4.3,93.72
2023-12-14,16.57,8.83,12.51,0.54,3.04,0.76,4.85,96.55
2023-12-15,10.41,1.41,5.25,14.21,1.18,0.77,5.22,92.63
2023-12-16,1.72,-1.34,0.9,16.12,1.77,0.79,7.1,92.76
2023-12-17,5.01,-5.23,-1.09,0.0,8.11,0.79,3.15,86.08
2023-12-18,6.7,-4.4,-0.06,0.0,8.32,0.79,2.27,89.94
2023-12-19,9.89,-1.65,3.41,0.0,8.47,0.79,1.4,82.46
2023-12-20,7.39,-0.34,3.57,0.04,7.19,0.79,2.93,93.2
2023-12-21,8.91,0.53,4.24,0.08,7.62,0.79,2.28,90.48
2023-12-22,5.13,-1.06,2.37,0.22,2.67,0.79,3.18,95.81
2023-12-23,11.7,-0.59,3.83,0.49,4.32,0.79,5.17,78.31
2023-12-24,12.98,2.99,7.47,0.03,7.13,0.79,4.79,78.73
2023-12-25,16.26,3.56,8.38,0.0,8.13,0.79,3.5,88.92
2023-12-26,16.84,5.92,10.43,0.0,7.81,0.78,4.6,93.43
2023-12-27,15.46,3.2,8.47,0.0,8.16,0.78,3.46,84.37
2023-12-28,13.22,1.7,5.7,0.0,8.44,0.78,1.86,84.62
2023-12-29,12.16,2.87,5.7,0.0,6.57,0.78,2.2,90.37
2023-12-30,11.69,4.11,6.26,0.0,5.27,0.78,1.83,92.56
2023-12-31,12.99,3.76,7.56,0.0,4.42,0.78,1.77,84.09
2024-01-01,14.03,6.42,9.33,0.0,6.1,0.78,3.42,92.84
2024-01-02,7.68,1.97,5.3,0.36,3.99,0.78,1.83,95.39
2024-01-03,6.47,0.19,3.83,0.38,3.28,0.78,2.4,97.2
2024-01-04,14.13,2.72,7.44,0.06,7.1,0.78,3.5,90.0
2024-01-05,14.31,2.65,7.35,0.0,8.87,0.78,3.26,83.4
2024-01-06,13.68,5.1,9.25,0.28,3.6,0.78,4.78,94.5
2024-01-07,13.55,10.25,11.68,12.88,4.06,0.79,7.14,93.03
2024-01-08,10.79,-1.24,6.35,11.3,5.04,0.81,4.82,90.03
2024-01-09,-1.76,-5.38,-3.9,0.99,2.59,0.81,8.48,81.3
2024-01-10,-1.45,-6.01,-4.53,0.11,6.43,0.81,6.28,74.3
2024-01-11,3.52,-5.0,-1.67,0.0,8.57,0.8,2.07,71.1
2024-01-12,2.31,-4.86,-2.27,0.0,7.55,0.8,3.98,80.46
2024-01-13,1.78,-5.38,-3.0,0.0,7.52,0.8,2.35,76.59
2024-01-14,3.99,-7.64,-2.1,0.0,8.51,0.8,3.0,87.9
2024-01-15,7.26,-2.38,1.93,0.03,7.18,0.8,3.33,94.43
2024-01-16,7.59,-1.65,2.96,0.21,5.78,0.8,4.04,84.04
2024-01-17,8.73,-2.52,2.3,0.01,9.31,0.8,2.9,84.07
2024-01-18,13.33,3.93,10.07,0.69,3.4,0.8,6.09,96.2
2024-01-19,17.12,8.26,11.38,0.5,5.69,0.8,3.52,90.4
2024-01-20,8.23,-1.32,1.19,5.71,1.99,0.8,6.34,87.35
2024-01-21,3.0,-4.81,-1.8,0.19,9.5,0.8,5.62,83.82
2024-01-22,2.39,-5.21,-2.12,0.0,9.21,0.8,4.72,91.26
2024-01-23,5.6,-3.45,-0.47,0.0,7.82,0.8,2.41,89.04
2024-01-24,5.17,-5.36,-0.95,0.0,10.26,0.8,2.74,80.58
2024-01-25,10.41,-1.95,2.83,0.0,9.12,0.8,4.38,80.62
2024-01-26,8.85,-0.61,3.2,0.1,7.72,0.8,4.32,86.47
2024-01-27,5.86,-2.18,1.66,3.8,3.03,0.8,3.5,91.42
2024-01-28,5.94,-2.68,1.13,0.1,5.97,0.8,3.96,85.72
2024-01-29,3.49,-3.16,-0.76,0.07,6.04,0.8,5.94,85.97
2024-01-30,2.85,-2.1,-0.28,0.27,5.73,0.8,7.27,88.16
2024-01-31,5.0,-3.49,-0.84,0.02,8.86,0.8,4.57,88.44
2024-02-01,7.93,-3.08,0.7,0.0,11.8,0.8,1.78,76.2
2024-02-02,6.08,-2.69,0.44,0.01,2.7,0.8,3.38,86.2
2024-02-03,8.19,-2.59,1.88,0.0,11.28,0.8,2.72,81.11
2024-02-04,11.33,-0.83,4.93,0.0,6.06,0.8,4.01,85.71
2024-02-05,16.98,2.05,8.78,0.0,9.85,0.8,4.91,75.93
2024-02-06,18.72,5.11,10.13,0.0,12.14,0.79,4.19,74.42
2024-02-07,17.6,3.84,9.77,0.0,9.43,0.79,2.81,80.18
2024-02-08,17.08,6.88,10.48,0.0,9.81,0.79,3.9,90.6
2024-02-09,16.86,5.8,10.08,0.0,10.94,0.79,4.56,89.22
2024-02-10,16.37,8.18,11.33,0.01,8.48,0.79,6.35,87.74
2024-02-11,15.73,11.37,12.93,0.39,6.12,0.79,8.71,88.83
2024-02-12,14.3,9.74,11.9,7.87,3.48,0.79,7.67,89.59
2024-02-13,11.46,4.69,8.36,2.22,6.19,0.8,2.63,87.78
2024-02-14,10.29,3.48,6.22,1.01,5.61,0.8,4.45,85.85
2024-02-15,6.5,0.82,3.8,1.18,8.2,0.8,6.06,83.83
2024-02-16,6.98,2.53,4.46,0.55,4.53,0.8,4.69,89.82
2024-02-17,8.74,-0.26,3.11,0.0,5.63,0.8,3.32,87.85
2024-02-18,11.96,-0.21,4.25,0.0,12.82,0.79,1.8,84.32
2024-02-19,9.9,-0.6,3.86,0.0,4.84,0.79,2.6,86.79
2024-02-20,9.71,-1.01,4.03,0.07,8.2,0.79,1.38,83.97
2024-02-21,10.73,1.43,5.64,0.25,9.14,0.79,1.4,77.9
2024-02-22,11.12,3.14,6.16,0.11,13.53,0.79,2.76,87.63
2024-02-23,15.24,4.35,9.43,0.0,12.94,0.79,5.09,89.89
2024-02-24,18.34,7.3,11.6,0.1,15.29,0.79,4.83,84.39
2024-02-25,17.07,7.18,10.87,1.18,10.72,0.79,3.54,89.7
2024-02-26,16.89,4.24,9.17,0.0,7.87,0.79,2.87,77.75
2024-02-27,17.61,3.11,8.37,0.0,14.6,0.78,1.67,81.74
2024-02-28,16.06,4.1,8.47,0.0,13.53,0.78,1.87,85.18
2024-02-29,16.46,3.89,9.36,0.01,11.81,0.78,1.98,83.52
2024-03-01,12.92,5.43,8.33,0.04,5.55,0.78,1.92,85.74
2024-03-02,14.53,5.78,8.92,0.44,6.82,0.78,1.77,85.05
2024-03-03,14.11,4.22,8.03,0.11,11.59,0.78,1.6,82.77
2024-03-04,14.29,4.12,7.98,0.0,12.05,0.78,2.28,87.91
2024-03-05,12.0,5.59,7.56,9.01,3.69,0.78,3.63,91.19
2024-03-06,12.45,2.58,6.6,0.12,10.28,0.79,2.97,80.65
2024-03-07,7.52,1.72,4.66,1.37,6.37,0.79,3.08,90.59
2024-03-08,6.5,2.15,4.03,2.49,4.74,0.79,3.65,91.35
2024-03-09,11.33,1.5,5.14,0.01,11.4,0.79,1.75,79.21
2024-03-10,13.74,0.28,6.41,0.0,11.74,0.78,3.03,86.26
2024-03-11,15.45,6.02,9.88,0.65,13.4,0.78,4.68,89.51
2024-03-12,15.36,7.6,10.49,12.65,5.43,0.79,4.38,91.25
2024-03-13,12.63,6.87,9.69,4.39,10.12,0.8,1.38,86.04
2024-03-14,9.94,4.34,6.83,4.65,8.72,0.81,2.67,88.69
2024-03-15,10.86,2.9,6.76,1.53,14.47,0.81,1.95,79.97
2024-03-16,12.54,3.73,7.22,1.11,13.92,0.81,1.37,82.94
2024-03-17,14.21,3.1,7.95,0.01,15.97,0.8,1.54,78.93
2024-03-18,16.4,3.54,9.79,0.03,19.58,0.8,2.33,67.98
2024-03-19,15.73,4.66,9.0,2.39,7.71,0.8,2.67,71.94
2024-03-20,11.44,1.43,5.71,0.53,15.51,0.8,3.68,73.17
2024-03-21,12.66,0.19,5.97,0.91,17.02,0.79,2.8,79.76
2024-03-22,12.25,0.62,5.32,0.04,19.93,0.79,3.24,75.76
2024-03-23,15.7,-0.63,7.09,0.0,21.34,0.79,2.09,74.12
2024-03-24,17.66,4.17,9.8,0.01,18.39,0.79,4.34,82.32
2024-03-25,11.02,3.07,7.63,2.56,10.26,0.79,4.49,80.67
2024-03-26,14.86,-0.12,7.61,0.16,14.67,0.79,2.94,69.48
2024-03-27,18.87,4.78,11.23,0.7,14.8,0.78,3.64,83.84
2024-03-28,19.91,8.36,13.28,0.0,11.33,0.78,4.95,88.99
2024-03-29,23.6,8.32,15.19,0.0,21.61,0.78,2.06,71.41
2024-03-30,22.52,8.52,14.92,0.0,20.85,0.77,3.48,73.4
2024-03-31,24.07,7.49,14.99,0.0,20.7,0.77,4.15,80.46
2024-04-01,24.5,8.65,15.43,0.0,17.7,0.76,4.32,78.04
2024-04-02,24.37,8.88,16.16,0.0,16.28,0.76,4.93,73.71
2024-04-03,20.03,8.55,14.38,0.0,21.86,0.75,2.84,61.9
2024-04-04,21.57,9.8,14.96,0.09,22.48,0.75,1.93,62.55
2024-04-05,20.89,7.6,13.95,0.01,18.9,0.74,3.28,67.11
2024-04-06,21.6,10.14,16.17,0.05,18.69,0.74,1.05,59.52
2024-04-07,18.03,7.71,13.02,3.84,15.33,0.74,4.36,81.23
2024-04-08,19.21,6.77,11.79,0.0,24.45,0.74,4.07,73.55
2024-04-09,20.86,4.86,12.32,0.0,24.82,0.74,3.25,66.56
2024-04-10,21.73,4.83,12.71,0.0,20.46,0.73,2.81,62.92
2024-04-11,21.69,5.34,13.17,0.0,24.7,0.73,4.54,66.6
2024-04-12,23.79,8.17,15.64,0.02,21.0,0.72,4.1,73.59
2024-04-13,22.98,10.15,15.84,1.01,17.21,0.72,2.75,71.85
2024-04-14,25.11,10.86,17.81,0.0,23.54,0.71,1.53,57.43
2024-04-15,27.48,11.67,18.8,0.0,25.05,0.71,3.54,61.49
2024-04-16,26.05,10.98,18.03,0.0,20.87,0.7,4.97,63.97
2024-04-17,24.19,14.16,18.21,0.16,19.79,0.7,6.22,63.6
2024-04-18,16.84,7.46,12.03,7.92,13.99,0.7,3.22,77.13
2024-04-19,17.18,5.47,11.68,0.05,17.21,0.71,1.63,66.0
2024-04-20,9.49,4.77,7.99,8.15,7.05,0.72,5.63,87.46
2024-04-21,16.1,4.31,10.06,4.97,14.94,0.72,3.22,80.33
2024-04-22,18.25,5.19,12.1,3.7,21.6,0.73,3.04,71.96
2024-04-23,17.19,9.74,12.29,7.5,7.05,0.73,4.01,87.14
2024-04-24,22.57,10.85,16.08,0.01,16.42,0.73,2.42,79.62
2024-04-25,22.13,10.42,15.86,1.87,19.45,0.73,2.77,80.64
2024-04-26,20.08,7.39,13.5,0.05,23.23,0.72,2.25,71.69
2024-04-27,19.58,7.2,12.5,0.09,25.38,0.72,4.08,74.41
2024-04-28,17.56,6.46,12.37,1.26,20.43,0.71,4.39,79.14
2024-04-29,16.96,8.17,12.78,1.84,13.63,0.71,5.01,79.8
2024-04-30,18.65,11.18,13.83,5.81,6.11,0.72,5.74,88.02
2024-05-01,17.82,9.76,13.26,0.45,11.95,0.72,4.45,80.85
2024-05-02,19.68,8.79,13.7,0.04,16.9,0.71,2.99,75.99
2024-05-03,18.21,7.9,12.68,10.23,15.65,0.72,1.8,86.02
2024-05-04,16.18,8.31,11.74,7.41,11.48,0.73,3.58,86.57
2024-05-05,19.53,6.26,12.44,0.01,27.93,0.73,3.58,69.68
2024-05-06,22.72,5.78,14.62,0.0,27.79,0.72,1.58,70.48
2024-05-07,25.78,9.06,17.61,0.48,26.7,0.71,2.47,66.81
2024-05-08,23.9,12.4,17.55,4.19,19.93,0.71,2.81,75.76
2024-05-09,17.0,10.67,13.38,0.99,15.29,0.71,4.28,86.55
2024-05-10,14.85,9.71,11.88,1.45,8.36,0.71,6.0,79.0
2024-05-11,20.06,7.33,13.28,0.0,23.82,0.71,4.79,60.42
2024-05-12,20.97,8.07,14.22,7.63,19.51,0.7,2.75,72.03
2024-05-13,16.67,6.52,11.85,4.58,18.88,0.72,3.37,76.28
2024-05-14,19.7,4.0,12.5,0.0,26.64,0.71,1.57,66.78
2024-05-15,16.34,7.93,12.04,0.17,13.24,0.71,2.41,71.24
2024-05-16,19.54,6.11,13.1,0.64,17.06,0.7,2.54,70.52
2024-05-17,22.02,8.34,14.71,0.02,23.72,0.7,2.95,74.99
2024-05-18,25.0,8.7,17.06,0.0,28.33,0.69,1.8,74.07
2024-05-19,18.65,12.08,14.77,2.56,8.65,0.69,2.77,84.41
2024-05-20,23.9,11.42,16.61,0.0,22.15,0.69,2.93,66.76
2024-05-21,25.06,10.17,17.16,0.0,27.19,0.69,3.01,65.67
2024-05-22,27.19,10.26,18.49,0.37,27.48,0.68,2.22,69.11
2024-05-23,22.79,11.81,16.89,8.57,13.19,0.68,2.79,76.16
2024-05-24,25.54,11.97,17.98,0.05,26.43,0.69,3.56,67.06
2024-05-25,24.65,11.81,17.65,0.0,27.43,0.68,4.56,67.44
2024-05-26,22.47,9.71,16.17,0.0,26.45,0.67,4.84,65.65
2024-05-27,23.3,7.81,15.72,0.07,28.16,0.67,3.77,64.5
2024-05-28,21.2,9.91,15.98,0.95,21.25,0.67,2.12,66.15
2024-05-29,24.78,10.92,18.33,1.14,20.84,0.67,1.66,63.41
2024-05-30,25.37,12.43,19.3,1.38,24.02,0.66,2.38,65.71
2024-05-31,29.11,13.08,21.17,0.01,29.33,0.66,3.89,59.38
2024-06-01,32.12,14.35,23.18,0.0,29.65,0.66,3.64,57.27
2024-06-02,34.18,15.59,25.41,0.01,26.38,0.65,1.63,57.33
2024-06-03,35.63,19.32,27.42,0.12,27.09,0.65,2.52,51.29
2024-06-04,35.76,18.76,26.72,0.05,27.75,0.64,2.84,50.65
2024-06-05,33.37,18.55,25.5,1.84,27.17,0.64,2.01,59.36
2024-06-06,31.36,18.11,24.26,0.35,24.34,0.64,2.4,64.38
2024-06-07,32.26,16.97,24.5,0.0,27.96,0.63,3.18,57.05
2024-06-08,31.87,16.35,23.51,0.0,30.25,0.63,2.83,54.86
2024-06-09,33.98,17.06,25.22,0.0,30.14,0.63,1.49,48.42
2024-06-10,35.87,16.78,26.56,0.0,25.15,0.62,2.61,48.52
2024-06-11,38.03,20.34,29.02,0.01,27.97,0.62,3.06,43.17
2024-06-12,37.5,20.29,28.26,2.48,28.38,0.62,2.79,48.16
2024-06-13,34.96,19.62,27.32,0.37,21.42,0.62,2.07,58.1
2024-06-14,27.58,15.78,22.33,11.26,17.61,0.63,4.14,63.82
2024-06-15,29.12,13.81,21.57,0.0,30.24,0.64,2.7,58.48
2024-06-16,31.68,15.0,23.64,0.0,29.74,0.63,1.73,57.9
2024-06-17,34.72,16.31,25.73,0.0,29.29,0.63,1.61,52.11
2024-06-18,35.1,18.49,26.62,0.0,28.76,0.62,2.35,45.58
2024-06-19,33.83,17.61,25.44,0.0,30.17,0.62,3.06,50.89
2024-06-20,35.83,18.0,26.82,0.0,30.59,0.61,2.85,50.34
2024-06-21,32.57,18.68,25.39,0.0,29.31,0.61,4.57,59.07
2024-06-22,32.36,16.54,23.64,0.0,30.43,0.61,3.86,52.68
2024-06-23,33.98,14.6,24.07,0.0,30.6,0.61,3.16,56.69
2024-06-24,32.68,15.96,24.15,0.0,30.48,0.61,3.82,57.23
2024-06-25,31.88,17.43,24.61,0.19,28.53,0.61,4.15,61.99
2024-06-26,31.96,17.56,24.35,0.0,29.27,0.6,3.76,55.48
2024-06-27,31.89,15.66,23.83,0.0,29.37,0.6,3.56,55.49
2024-06-28,30.23,16.45,23.44,0.0,27.15,0.6,4.03,57.88
2024-06-29,31.63,18.24,24.33,0.0,28.79,0.6,4.96,55.71
2024-06-30,33.94,15.99,25.32,0.02,29.36,0.6,3.35,50.47
2024-07-01,35.45,17.36,26.59,0.04,30.54,0.6,2.58,49.03
2024-07-02,37.23,18.64,28.46,0.03,27.56,0.6,3.24,39.03
2024-07-03,29.21,19.29,23.47,8.95,15.9,0.61,2.9,63.01
2024-07-04,29.66,16.17,22.75,2.09,18.51,0.62,2.44,59.29
2024-07-05,30.79,17.38,24.51,0.15,25.3,0.61,2.78,55.54
2024-07-06,32.34,17.77,24.78,0.0,28.06,0.61,4.02,51.65
2024-07-07,33.33,16.07,24.5,0.0,29.67,0.61,3.64,56.29
2024-07-08,36.42,15.84,26.25,0.0,29.39,0.61,3.25,49.89
2024-07-09,37.43,19.86,28.69,0.0,28.4,0.6,4.64,41.17
2024-07-10,36.63,22.28,28.99,0.01,27.53,0.6,4.45,37.31
2024-07-11,36.43,22.03,28.84,0.0,23.9,0.6,4.61,37.38
2024-07-12,36.13,20.81,28.29,0.0,28.47,0.6,4.3,37.9
2024-07-13,36.88,20.71,28.69,0.08,24.18,0.6,4.21,38.48
2024-07-14,35.28,19.98,27.31,0.0,29.28,0.6,4.2,39.36
2024-07-15,35.95,17.83,27.15,0.0,28.39,0.6,4.02,36.86
2024-07-16,37.47,20.49,29.68,0.03,26.95,0.6,4.32,35.79
2024-07-17,38.63,21.99,30.15,1.56,25.81,0.6,4.22,42.59
2024-07-18,39.13,21.98,30.37,0.0,26.96,0.6,4.03,37.29
2024-07-19,37.35,22.38,29.41,3.13,19.73,0.6,3.96,42.29
2024-07-20,36.94,21.37,29.02,0.0,26.63,0.6,3.2,48.43
2024-07-21,37.87,20.72,29.64,1.01,24.98,0.6,2.03,50.35
2024-07-22,37.71,22.39,28.79,8.58,17.61,0.61,1.58,56.81
2024-07-23,31.01,20.79,26.33,1.0,20.89,0.62,2.74,65.18
2024-07-24,35.18,19.3,27.18,0.04,25.07,0.61,2.62,54.18
2024-07-25,24.93,18.52,22.22,2.55,12.83,0.61,2.67,78.06
2024-07-26,29.97,17.55,23.73,0.03,25.46,0.61,3.61,63.42
2024-07-27,32.72,19.22,25.42,0.0,26.61,0.61,3.17,55.19
2024-07-28,35.26,18.34,26.52,0.0,27.13,0.61,2.48,49.1
2024-07-29,37.1,19.74,28.24,0.0,27.89,0.6,2.6,43.82
2024-07-30,30.79,19.36,25.46,0.05,23.46,0.6,3.25,53.01
2024-07-31,32.26,16.76,24.85,0.0,26.19,0.6,2.94,47.29
2024-08-01,33.83,17.03,25.38,0.0,28.1,0.6,2.95,47.45
2024-08-02,36.79,17.1,26.76,0.0,28.02,0.6,2.09,48.57
2024-08-03,38.64,18.2,28.25,2.26,24.83,0.6,1.37,45.24
2024-08-04,34.5,19.87,26.95,0.56,20.34,0.6,3.23,43.55
2024-08-05,31.81,19.18,25.05,1.05,19.94,0.6,2.25,61.96
2024-08-06,33.54,18.54,25.99,0.17,22.45,0.6,2.69,52.12
2024-08-07,32.55,16.91,24.63,0.0,26.46,0.6,3.32,50.14
2024-08-08,32.85,17.97,24.86,0.0,26.46,0.6,2.94,54.8
2024-08-09,34.3,17.73,25.62,0.0,26.22,0.6,2.91,57.94
2024-08-10,32.48,18.69,25.68,0.14,19.6,0.6,2.88,57.37
2024-08-11,34.71,19.44,26.85,0.0,25.44,0.6,3.75,49.43
2024-08-12,36.11,19.36,27.72,0.0,26.15,0.6,2.93,48.29
2024-08-13,38.79,19.79,29.09,0.0,26.43,0.6,2.23,46.28
2024-08-14,36.5,20.3,27.75,0.0,25.93,0.6,4.04,52.21
2024-08-15,36.76,20.78,27.85,0.0,25.28,0.6,3.36,50.2
2024-08-16,35.59,19.21,26.62,0.0,24.37,0.6,3.07,51.38
2024-08-17,34.68,18.65,25.75,0.0,25.24,0.6,3.0,52.59
2024-08-18,32.73,17.79,24.66,0.0,25.21,0.6,3.3,55.41
2024-08-19,35.41,16.53,25.62,0.0,24.93,0.6,1.95,52.37
2024-08-20,36.59,18.99,27.34,0.32,19.53,0.6,1.69,56.0
2024-08-21,29.39,21.32,24.76,0.54,16.63,0.6,2.65,56.11
2024-08-22,37.01,19.67,28.22,0.0,22.1,0.6,3.23,40.47
2024-08-23,34.71,19.96,27.7,0.0,21.85,0.6,2.98,45.12
2024-08-24,35.26,20.02,26.76,0.0,20.65,0.6,3.09,56.62
2024-08-25,33.57,17.79,25.44,0.02,23.31,0.59,3.66,50.47
2024-08-26,30.09,21.17,24.91,0.01,21.96,0.59,4.21,61.6
2024-08-27,33.22,19.71,25.6,0.0,19.72,0.59,3.74,52.87
2024-08-28,28.58,20.79,24.14,0.05,14.33,0.59,2.88,59.48
2024-08-29,30.25,19.78,24.83,0.45,16.06,0.59,3.58,55.21
2024-08-30,30.21,19.41,23.85,0.27,15.56,0.6,3.88,65.39
2024-08-31,27.2,18.73,22.81,5.11,8.98,0.6,4.24,68.58
2024-09-01,29.0,18.76,23.16,2.43,17.15,0.61,3.46,67.33
2024-09-02,31.85,18.55,24.24,0.45,18.78,0.61,2.52,64.49
2024-09-03,34.84,18.24,26.1,0.0,19.95,0.6,2.51,51.55
2024-09-04,34.03,19.07,26.2,0.01,19.73,0.6,2.56,49.87
2024-09-05,32.79,18.5,24.92,0.0,20.4,0.6,2.27,53.46
2024-09-06,30.97,17.96,24.17,0.0,18.98,0.6,1.44,53.99
2024-09-07,28.52,17.48,22.13,0.08,15.48,0.6,4.07,68.81
2024-09-08,28.73,15.23,21.57,0.04,22.53,0.6,4.34,58.47
2024-09-09,31.27,14.64,22.69,0.0,21.54,0.6,2.26,57.65
2024-09-10,31.0,17.25,23.1,0.82,10.67,0.6,2.98,61.37
2024-09-11,24.35,17.92,20.72,19.04,12.15,0.63,3.08,79.79
2024-09-12,29.7,15.42,21.89,0.67,19.73,0.63,2.99,69.74
2024-09-13,27.63,17.51,22.35,0.16,15.39,0.63,3.7,75.3
2024-09-14,30.15,17.3,23.23,0.69,18.97,0.63,4.81,66.04
2024-09-15,23.11,12.72,17.41,1.88,11.33,0.62,2.34,71.42
2024-09-16,24.28,12.27,17.92,0.16,15.12,0.62,1.82,74.82
2024-09-17,25.39,13.47,18.96,0.07,13.24,0.62,2.07,71.16
2024-09-18,22.62,13.39,17.55,0.1,13.04,0.62,2.64,73.67
2024-09-19,25.42,12.37,18.54,0.0,18.4,0.62,3.02,66.72
2024-09-20,19.82,14.89,17.3,2.43,12.27,0.62,4.36,82.09
2024-09-21,24.38,10.97,17.12,0.34,15.5,0.62,4.43,64.38
2024-09-22,25.7,11.68,18.29,0.0,16.38,0.62,3.32,63.35
2024-09-23,27.01,12.39,19.2,0.0,18.89,0.62,2.48,59.06
2024-09-24,28.23,13.31,20.21,0.01,17.79,0.61,1.81,58.77
2024-09-25,29.87,13.39,20.87,0.01,18.5,0.61,1.69,64.9
2024-09-26,30.62,14.75,21.68,0.0,18.17,0.61,1.71,65.22
2024-09-27,31.03,14.27,21.65,0.0,18.49,0.61,2.21,65.85
2024-09-28,32.06,14.58,22.21,0.13,17.55,0.61,1.77,66.7
2024-09-29,31.45,13.72,21.14,17.17,16.22,0.61,3.03,70.12
2024-09-30,18.75,11.64,14.9,0.34,13.53,0.64,5.23,65.81
2024-10-01,20.7,8.68,13.97,0.05,17.57,0.63,4.29,60.99
2024-10-02,23.58,7.73,14.83,0.0,18.11,0.63,2.0,66.09
2024-10-03,25.9,9.55,16.8,0.0,17.27,0.63,2.86,67.48
2024-10-04,29.22,13.83,20.54,0.0,16.45,0.62,4.7,78.12
2024-10-05,25.0,16.05,20.02,0.91,12.99,0.62,2.9,85.21
2024-10-06,26.3,14.19,19.51,4.27,12.77,0.63,2.69,78.94
2024-10-07,23.37,10.11,15.81,0.0,16.55,0.63,2.86,67.43
2024-10-08,25.77,9.97,16.95,0.0,16.24,0.63,2.14,70.18
2024-10-09,24.91,12.19,17.39,0.03,12.87,0.62,3.26,69.43
2024-10-10,27.23,12.38,18.81,0.0,13.03,0.62,3.01,75.78
2024-10-11,29.55,14.92,21.07,0.04,10.78,0.62,2.95,77.15
2024-10-12,20.65,11.66,16.48,2.18,3.97,0.62,3.92,84.85
2024-10-13,21.22,7.94,14.1,0.0,12.07,0.62,1.97,70.22
2024-10-14,23.88,9.11,15.37,0.0,13.72,0.62,2.31,68.61
2024-10-15,23.89,9.69,15.51,0.0,14.98,0.62,1.48,61.62
2024-10-16,18.72,8.36,13.17,0.0,13.45,0.62,3.62,71.05
2024-10-17,15.31,5.55,9.59,0.0,14.64,0.62,4.56,69.87
2024-10-18,14.76,3.79,8.05,0.0,15.44,0.62,3.56,69.21
2024-10-19,16.33,3.17,8.66,0.0,15.27,0.62,3.16,70.64
2024-10-20,16.68,3.41,8.92,0.0,14.05,0.61,3.2,78.91
2024-10-21,17.33,3.43,9.0,0.0,14.75,0.61,2.65,72.39
2024-10-22,20.12,3.76,10.51,0.0,14.57,0.61,2.27,74.71
2024-10-23,20.97,6.71,12.04,0.0,14.33,0.61,1.8,76.35
2024-10-24,19.35,6.18,11.71,0.0,11.94,0.61,3.56,82.57
2024-10-25,19.17,5.93,11.55,0.0,12.9,0.61,3.01,77.52
2024-10-26,20.33,5.17,10.6,0.0,14.13,0.61,2.32,73.89
2024-10-27,21.25,5.08,11.38,0.0,13.61,0.61,1.97,78.0
2024-10-28,23.21,4.9,13.46,0.0,13.17,0.61,1.73,61.59
2024-10-29,22.02,7.61,13.85,0.0,11.95,0.61,3.05,76.92
2024-10-30,18.55,7.71,12.26,0.0,9.61,0.61,3.27,73.89
2024-10-31,20.02,6.28,11.95,0.0,9.69,0.61,2.82,75.08
2024-11-01,20.86,8.9,13.9,0.0,10.86,0.61,1.5,67.7
2024-11-02,21.11,6.34,13.0,0.0,12.01,0.61,2.12,64.0
2024-11-03,13.27,5.38,9.58,0.0,7.07,0.61,4.75,61.33
2024-11-04,15.38,1.01,7.19,0.0,11.84,0.61,2.73,57.62
2024-11-05,13.35,2.32,6.59,0.0,12.07,0.61,3.94,70.48
2024-11-06,14.28,0.94,6.07,0.0,12.21,0.61,3.26,76.64
2024-11-07,16.21,1.7,7.44,0.0,11.72,0.61,3.35,79.66
2024-11-08,17.51,3.74,8.59,0.0,11.8,0.61,3.54,78.57
2024-11-09,11.57,1.55,5.62,0.01,10.82,0.6,4.44,79.67
2024-11-10,9.99,1.12,4.2,0.09,10.35,0.6,4.43,84.14
2024-11-11,12.72,2.97,8.04,4.16,5.93,0.61,3.06,90.66
2024-11-12,11.11,8.8,9.62,5.26,2.71,0.62,3.62,92.64
2024-11-13,10.98,5.79,8.4,1.45,3.16,0.62,3.44,92.61
2024-11-14,12.32,4.86,8.08,2.01,3.57,0.62,2.99,90.8
2024-11-15,8.52,2.99,5.88,4.1,3.1,0.63,4.5,88.65
2024-11-16,9.72,0.04,3.57,0.0,7.54,0.63,4.56,78.83
2024-11-17,11.38,0.44,4.88,0.0,5.81,0.63,2.47,83.01
2024-11-18,12.67,-0.59,5.12,0.0,10.14,0.63,1.69,72.09
2024-11-19,14.12,-0.28,5.46,0.0,9.91,0.63,1.9,72.59
2024-11-20,15.98,2.52,9.96,1.06,7.01,0.63,5.65,91.15
2024-11-21,14.63,-0.06,8.67,2.08,3.54,0.63,6.53,71.38
2024-11-22,15.46,-1.39,7.92,0.14,6.99,0.63,6.47,79.63
2024-11-23,15.57,-0.26,5.11,13.4,5.13,0.65,7.35,66.52
2024-11-24,7.35,-3.3,1.53,0.0,9.98,0.65,3.03,66.16
2024-11-25,8.35,-2.23,1.66,0.0,9.35,0.65,2.66,67.25
2024-11-26,9.88,-1.18,3.34,0.0,8.55,0.64,1.62,73.5
2024-11-27,12.01,0.91,5.03,0.0,4.4,0.64,3.18,82.51
2024-11-28,11.67,1.04,5.39,0.0,6.46,0.64,1.83,87.69
2024-11-29,13.0,2.5,7.3,1.01,5.07,0.64,2.33,92.36
2024-11-30,12.74,6.44,8.97,1.51,4.15,0.65,5.28,88.47
2024-12-01,9.56,7.56,8.34,4.92,4.16,0.65,7.58,84.86
2024-12-02,9.04,5.97,7.27,6.99,3.05,0.66,5.16,90.26
2024-12-03,8.36,4.34,5.9,0.52,3.95,0.66,4.02,88.58
2024-12-04,8.62,3.51,5.14,0.36,4.61,0.66,2.69,92.43
2024-12-05,9.17,4.0,5.7,0.0,6.19,0.66,3.03,90.66
2024-12-06,13.17,4.6,7.47,0.06,5.05,0.66,2.73,86.35
2024-12-07,13.1,6.88,9.73,13.85,3.62,0.66,4.2,93.89
2024-12-08,12.73,4.23,7.39,4.35,4.76,0.69,2.16,88.77
2024-12-09,16.41,7.09,11.22,11.86,4.15,0.7,4.46,90.25
2024-12-10,14.64,3.22,8.64,15.4,6.73,0.72,3.93,92.61
2024-12-11,10.45,3.1,5.86,1.96,6.67,0.72,1.55,84.74
2024-12-12,8.6,-0.56,3.88,0.0,7.12,0.72,3.78,81.74
2024-12-13,6.9,-3.11,0.56,0.0,5.94,0.71,3.13,85.86
2024-12-14,5.97,-3.59,0.88,0.12,6.48,0.71,3.23,82.44
2024-12-15,9.58,1.01,4.98,0.34,4.19,0.71,2.97,89.47
2024-12-16,8.04,-2.3,1.99,0.0,8.57,0.71,3.48,79.44
2024-12-17,13.42,0.46,5.57,0.0,8.38,0.71,3.46,84.83
2024-12-18,13.35,1.92,7.21,0.0,8.13,0.71,2.18,76.39
2024-12-19,12.36,3.48,6.78,0.0,5.68,0.71,1.58,79.51
2024-12-20,12.64,5.29,8.25,0.08,4.97,0.71,3.48,93.96
2024-12-21,11.24,1.97,6.56,14.15,2.37,0.72,3.63,95.69
2024-12-22,7.38,-0.33,2.79,0.14,6.89,0.73,3.25,86.88
2024-12-23,9.71,1.13,5.54,0.19,5.34,0.73,4.0,90.21
2024-12-24,10.61,7.05,8.46,10.44,2.45,0.74,4.49,96.22
2024-12-25,10.48,4.82,7.88,5.78,1.69,0.74,6.81,94.7
2024-12-26,5.19,0.38,2.99,5.34,1.86,0.75,9.02,92.11
2024-12-27,2.36,-2.49,-0.45,0.69,3.28,0.75,6.82,88.31
2024-12-28,2.04,-2.87,-0.83,0.22,5.79,0.75,6.16,91.04
2024-12-29,4.61,-1.97,0.25,0.01,4.28,0.75,5.25,89.04
2024-12-30,6.08,-2.34,0.77,0.0,7.6,0.74,2.47,88.55
2024-12-31,8.4,-1.93,2.16,0.0,8.27,0.74,1.39,85.5
2025-01-01,9.67,-0.92,2.53,0.43,8.56,0.74,1.77,89.45
2025-01-02,8.36,0.46,3.94,0.0,5.7,0.74,3.98,96.11
2025-01-03,13.08,4.04,7.41,0.01,6.81,0.74,4.38,91.96
2025-01-04,7.16,-2.53,3.49,0.41,4.97,0.74,3.63,81.72
2025-01-05,7.46,-3.63,1.33,0.0,6.55,0.74,1.62,82.36
2025-01-06,10.11,-1.27,3.57,0.0,6.58,0.74,3.21,93.4
2025-01-07,12.72,6.24,9.5,0.01,4.97,0.74,5.31,95.12
2025-01-08,15.78,6.96,10.01,0.01,7.44,0.74,4.64,92.21
2025-01-09,15.03,6.41,9.35,0.0,7.07,0.74,3.43,92.94
2025-01-10,14.8,7.07,9.74,0.04,6.8,0.74,3.52,91.91
2025-01-11,6.23,0.9,2.63,6.82,1.76,0.75,3.14,88.23
2025-01-12,1.47,-0.85,0.52,8.19,2.12,0.75,3.98,91.9
2025-01-13,2.74,-1.19,0.36,2.9,2.47,0.75,5.73,87.48
2025-01-14,2.38,-1.98,0.07,1.07,3.35,0.75,6.33,90.48
2025-01-15,0.14,-4.03,-1.64,3.35,2.9,0.75,4.83,91.98
2025-01-16,4.36,-5.44,-1.97,0.0,7.83,0.76,3.33,85.85
2025-01-17,5.29,-5.09,-1.58,0.0,9.78,0.76,2.56,86.89
2025-01-18,6.8,-3.75,-0.43,0.0,9.92,0.76,2.99,85.59
2025-01-19,9.69,-3.14,1.4,0.0,10.07,0.76,2.31,82.5
2025-01-20,8.84,-3.03,1.27,0.0,9.16,0.76,2.74,86.49
2025-01-21,8.75,-1.43,2.29,0.0,7.01,0.76,2.05,92.59
2025-01-22,10.65,-0.3,3.81,0.0,8.3,0.76,1.75,85.6
2025-01-23,10.69,0.54,4.13,0.0,6.57,0.76,2.32,93.23
2025-01-24,11.19,2.93,5.98,0.9,6.69,0.76,2.64,91.96
2025-01-25,10.57,1.99,5.62,1.03,7.26,0.76,3.45,85.62
2025-01-26,10.48,0.79,3.9,0.0,10.8,0.76,2.02,88.8
2025-01-27,11.41,2.27,4.94,0.0,8.02,0.76,2.74,90.36
2025-01-28,13.86,4.51,8.6,0.04,8.36,0.76,5.3,91.19
2025-01-29,16.41,7.84,11.11,0.0,9.74,0.75,5.35,88.84
2025-01-30,14.4,8.52,10.91,0.0,6.49,0.75,3.84,93.61
2025-01-31,16.85,5.57,10.06,0.0,10.22,0.75,2.08,83.54
2025-02-01,15.91,4.57,8.53,0.01,9.6,0.75,2.54,84.46
2025-02-02,10.96,4.6,7.08,0.09,4.27,0.75,2.45,89.31
2025-02-03,8.77,1.24,5.36,0.15,5.65,0.75,2.91,89.62
2025-02-04,4.95,-3.77,0.17,0.0,10.19,0.75,4.49,77.03
2025-02-05,4.08,-4.54,-0.76,0.0,8.64,0.75,4.51,76.66
2025-02-06,3.04,-4.54,-1.62,0.0,10.29,0.75,5.39,78.2
2025-02-07,3.18,-4.5,-1.75,0.01,12.12,0.75,5.25,78.37
2025-02-08,1.94,-4.71,-2.26,0.01,5.7,0.75,6.37,80.37
2025-02-09,1.39,-5.26,-2.58,0.0,5.0,0.74,6.59,74.8
2025-02-10,2.93,-5.5,-2.27,0.0,12.31,0.74,4.17,80.86
2025-02-11,2.06,-6.36,-2.87,0.01,12.88,0.74,4.42,81.62
2025-02-12,4.16,-4.77,-1.73,0.02,11.62,0.74,3.96,84.9
2025-02-13,6.51,-4.4,0.2,0.0,10.14,0.74,2.64,83.01
2025-02-14,8.2,-0.25,3.42,0.18,9.37,0.74,3.65,97.09
2025-02-15,11.42,2.02,5.45,1.4,9.93,0.74,3.32,89.11
2025-02-16,3.95,0.46,1.82,7.72,2.91,0.75,3.57,91.28
2025-02-17,4.5,0.43,1.6,11.56,4.56,0.76,4.35,91.88
2025-02-18,4.29,-1.24,1.06,4.12,3.21,0.77,3.8,90.41
2025-02-19,0.4,-5.72,-1.97,3.79,7.4,0.77,5.21,91.78
2025-02-20,0.3,-8.29,-4.72,0.0,13.15,0.77,3.75,82.58
2025-02-21,-0.37,-8.43,-5.13,0.0,14.93,0.76,5.0,78.15
2025-02-22,0.03,-8.87,-5.09,0.0,14.84,0.76,3.73,79.56
2025-02-23,1.71,-9.2,-4.17,0.0,14.59,0.76,2.33,80.82
2025-02-24,4.27,-8.67,-2.61,0.0,14.13,0.76,2.48,82.18
2025-02-25,7.83,-3.29,0.75,0.0,9.04,0.77,2.29,79.3
2025-02-26,8.13,-2.59,1.65,0.0,8.94,0.77,2.54,94.1
2025-02-27,10.23,1.14,4.7,0.0,9.29,0.76,2.03,95.78
2025-02-28,11.51,3.93,6.72,0.0,8.25,0.76,2.74,92.11
2025-03-01,11.43,3.01,6.7,0.1,10.01,0.76,1.7,86.4
2025-03-02,9.38,2.82,5.1,3.35,6.73,0.76,2.15,92.02
2025-03-03,7.49,-2.04,2.65,0.23,10.7,0.77,3.91,80.75
2025-03-04,10.33,-2.6,2.53,0.0,13.32,0.76,2.9,81.07
2025-03-05,14.88,-2.09,5.6,0.0,18.07,0.76,2.36,72.02
2025-03-06,18.41,-0.54,9.02,0.0,18.14,0.76,1.57,59.37
2025-03-07,18.31,0.35,8.37,0.0,18.69,0.76,2.31,53.88
2025-03-08,15.69,-1.38,5.49,0.0,18.26,0.75,3.81,68.09
2025-03-09,16.88,-1.11,6.98,0.0,16.94,0.75,2.99,68.73
2025-03-10,19.04,2.21,9.4,0.0,18.62,0.75,3.85,67.0
2025-03-11,18.04,5.39,11.94,0.02,15.36,0.74,6.55,84.86
2025-03-12,19.39,11.74,14.4,0.26,6.76,0.74,6.98,81.68
2025-03-13,20.06,10.83,14.57,0.17,13.34,0.74,6.96,73.27
2025-03-14,22.37,9.43,14.92,0.0,18.34,0.74,4.85,77.84
2025-03-15,23.37,9.9,15.41,0.0,13.99,0.73,5.39,74.04
2025-03-16,20.06,10.49,14.22,1.29,13.71,0.73,4.77,77.78
2025-03-17,13.08,6.36,9.74,9.97,10.6,0.74,3.43,88.33
2025-03-18,5.37,-2.63,2.11,1.61,5.32,0.75,5.49,73.12
2025-03-19,8.11,-5.28,1.24,0.0,20.55,0.75,4.78,58.34
2025-03-20,12.15,-2.94,4.21,0.0,18.83,0.74,3.8,63.84
2025-03-21,13.87,-1.97,5.66,0.0,21.09,0.74,1.97,65.39
2025-03-22,15.57,-0.98,7.05,0.01,20.62,0.74,3.11,70.43
2025-03-23,16.96,3.9,9.73,0.7,13.78,0.73,4.68,77.05
2025-03-24,19.49,9.3,13.43,1.26,7.65,0.73,5.74,81.6
2025-03-25,21.08,11.05,14.53,0.67,8.24,0.73,5.01,73.04
2025-03-26,21.29,8.2,13.84,0.07,15.0,0.73,2.88,76.69
2025-03-27,20.55,8.88,13.34,0.01,14.9,0.73,3.74,72.85
2025-03-28,16.56,7.62,10.82,4.17,3.71,0.72,4.27,81.86
2025-03-29,16.86,7.11,11.4,3.27,12.07,0.73,1.78,82.57
2025-03-30,16.18,7.96,11.75,3.87,12.69,0.73,1.74,86.9
2025-03-31,15.99,7.87,11.77,0.49,12.64,0.74,2.0,85.05
2025-04-01,14.69,8.01,10.15,3.37,6.71,0.74,5.05,88.57
2025-04-02,10.46,7.76,8.88,11.43,4.28,0.75,4.13,93.17
2025-04-03,14.96,6.51,10.51,2.06,13.8,0.75,1.74,82.94
2025-04-04,16.71,5.74,10.63,2.11,17.06,0.75,2.43,82.25
2025-04-05,15.98,6.31,10.77,1.66,15.84,0.75,2.49,82.16
2025-04-06,13.33,1.23,7.26,12.94,8.64,0.76,4.59,84.34
2025-04-07,2.97,-1.99,0.49,11.12,8.58,0.77,4.29,85.5
2025-04-08,9.72,-4.78,2.74,0.0,18.71,0.77,1.86,71.11
2025-04-09,10.26,-3.11,4.53,0.0,19.36,0.77,2.39,64.94
2025-04-10,13.76,-0.23,6.66,1.04,16.75,0.77,4.69,65.63
2025-04-11,10.44,-3.64,4.22,0.09,20.14,0.76,3.76,62.05
2025-04-12,11.88,3.36,6.86,1.36,10.38,0.76,3.48,75.41
2025-04-13,15.77,0.3,8.48,0.0,23.59,0.76,1.77,69.36
2025-04-14,14.9,2.43,8.17,0.0,15.27,0.76,2.73,77.67
2025-04-15,18.24,1.26,10.15,0.02,9.72,0.75,2.51,71.5
2025-04-16,21.88,5.31,13.05,0.0,23.48,0.75,2.16,65.31
2025-04-17,23.17,6.59,14.12,0.0,21.95,0.74,2.6,66.6
2025-04-18,20.85,6.98,13.02,0.01,22.32,0.74,2.72,77.03
2025-04-19,15.67,7.78,11.01,0.08,16.51,0.73,2.11,86.22
2025-04-20,21.85,5.93,13.75,0.0,25.25,0.73,2.1,72.18
2025-04-21,24.49,8.22,16.38,0.0,25.18,0.73,1.43,70.46
2025-04-22,24.5,10.29,16.96,0.01,25.39,0.72,1.75,62.96
2025-04-23,23.1,6.8,14.41,0.0,25.81,0.71,2.36,71.01
2025-04-24,21.26,6.89,13.51,0.0,23.42,0.71,2.72,76.81
2025-04-25,22.67,7.77,15.76,0.38,23.74,0.71,2.08,68.41
2025-04-26,21.55,9.26,15.27,5.12,21.29,0.71,2.29,74.21
2025-04-27,16.84,5.19,12.08,1.0,16.81,0.71,5.47,70.91
2025-04-28,14.98,3.4,8.7,0.0,27.95,0.71,5.41,64.92
2025-04-29,14.89,2.54,8.11,0.0,28.36,0.7,5.25,66.41
2025-04-30,17.95,1.33,9.3,0.0,28.34,0.7,4.3,65.84
2025-05-01,20.86,3.82,11.59,0.0,26.02,0.7,4.67,59.1
2025-05-02,21.07,6.25,13.4,0.0,25.32,0.69,4.49,59.76
2025-05-03,24.25,5.51,15.11,0.0,28.12,0.69,1.61,54.89
2025-05-04,26.32,7.7,17.46,0.0,27.0,0.68,2.35,56.28
2025-05-05,26.5,10.94,17.94,0.01,22.05,0.68,3.0,59.61
2025-05-06,27.98,11.19,19.31,0.22,24.38,0.67,2.5,67.29
2025-05-07,23.58,13.29,18.05,8.28,21.31,0.68,1.93,72.23
2025-05-08,25.02,10.57,17.76,0.49,24.05,0.68,2.48,72.57
2025-05-09,21.27,12.71,16.26,2.3,21.01,0.68,2.69,70.1
2025-05-10,15.93,7.88,12.17,15.84,8.04,0.71,3.53,83.0
2025-05-11,19.42,6.65,12.91,0.0,26.39,0.71,1.74,72.08
2025-05-12,20.18,8.25,13.81,2.29,20.33,0.7,2.23,74.51
2025-05-13,17.52,6.95,11.99,0.17,16.8,0.7,3.05,71.77
2025-05-14,18.37,4.83,12.17,0.18,23.18,0.69,1.88,64.4
2025-05-15,22.71,5.66,14.58,0.0,28.54,0.69,3.85,60.69
2025-05-16,19.29,10.62,13.77,6.27,6.77,0.68,3.51,75.06
2025-05-17,20.01,10.39,15.08,8.48,12.1,0.7,3.87,70.19
2025-05-18,20.73,9.06,14.59,1.31,27.6,0.7,2.79,62.9
2025-05-19,23.77,8.17,16.43,0.0,28.04,0.69,2.89,62.53
2025-05-20,23.7,10.57,17.35,0.03,24.82,0.68,3.0,60.63
2025-05-21,26.76,13.37,19.21,0.0,25.91,0.68,2.25,57.15
2025-05-22,28.14,12.57,19.54,1.47,24.23,0.67,3.49,53.61
2025-05-23,29.3,13.39,21.52,0.33,26.41,0.67,2.2,59.28
2025-05-24,26.1,14.76,19.66,1.01,24.49,0.66,2.85,74.4
2025-05-25,24.86,13.64,17.57,10.22,13.15,0.67,3.11,83.08
2025-05-26,18.95,9.56,14.19,6.92,23.88,0.69,4.27,74.2
2025-05-27,23.59,8.96,16.6,0.02,22.94,0.69,3.68,64.72
2025-05-28,23.84,11.09,17.93,0.83,22.79,0.68,3.14,66.4
2025-05-29,24.38,11.0,18.29,1.34,20.51,0.67,2.27,65.06
2025-05-30,22.31,11.82,17.12,2.57,19.01,0.67,3.29,76.97
2025-05-31,24.42,11.97,18.12,0.05,23.53,0.67,3.8,65.24
2025-06-01,25.21,11.32,18.81,0.0,23.21,0.67,3.18,60.72
2025-06-02,27.52,12.99,20.49,0.0,26.2,0.66,2.22,63.01
2025-06-03,31.3,14.44,23.17,0.0,28.44,0.66,1.55,54.64
2025-06-04,33.5,17.11,25.12,0.01,28.85,0.65,1.9,53.55
2025-06-05,33.34,17.28,24.78,0.0,27.95,0.65,2.57,54.32
2025-06-06,28.97,16.16,21.95,0.0,26.49,0.64,2.37,62.06
2025-06-07,30.38,13.39,21.48,0.0,29.48,0.64,2.93,61.81
2025-06-08,31.79,11.74,21.28,0.0,30.5,0.64,2.75,59.76
2025-06-09,33.5,12.82,22.76,0.06,29.81,0.63,2.6,55.96
2025-06-10,29.25,15.44,21.74,0.0,28.26,0.63,4.61,61.54
2025-06-11,31.85,13.73,22.7,0.0,29.42,0.63,2.73,53.56
2025-06-12,31.77,16.03,23.53,0.0,28.3,0.62,2.81,52.22
2025-06-13,30.16,14.16,22.24,0.01,27.62,0.62,2.68,58.74
2025-06-14,25.37,14.86,19.79,0.51,24.37,0.62,2.32,67.96
2025-06-15,27.43,12.23,20.44,0.04,25.47,0.62,2.8,55.07
2025-06-16,30.56,15.3,22.8,0.0,28.91,0.62,1.88,47.48
2025-06-17,33.89,15.33,24.9,0.0,29.59,0.62,2.45,44.97
2025-06-18,31.86,17.23,24.76,0.95,27.65,0.61,2.65,51.94
2025-06-19,34.17,18.01,26.37,0.0,28.1,0.61,1.42,53.05
2025-06-20,33.38,17.18,24.9,2.27,23.12,0.61,3.74,54.62
2025-06-21,27.65,14.75,21.04,0.06,26.56,0.61,3.4,55.53
2025-06-22,29.16,13.56,21.45,0.1,28.97,0.61,2.49,49.38
2025-06-23,33.75,13.83,24.28,0.0,30.52,0.61,2.51,41.74
2025-06-24,36.01,16.61,27.1,0.0,30.21,0.61,1.99,36.18
2025-06-25,37.1,18.14,28.1,0.0,29.28,0.6,2.73,38.08
2025-06-26,39.17,21.33,30.0,0.0,29.57,0.6,2.39,34.81
2025-06-27,38.58,20.66,29.65,0.0,28.64,0.6,2.39,37.63
2025-06-28,29.6,20.8,25.2,1.52,18.17,0.6,3.51,52.3
2025-06-29,29.57,18.67,23.75,0.27,25.86,0.6,5.3,44.01
2025-06-30,34.17,17.6,26.96,0.0,25.24,0.6,2.29,42.55
2025-07-01,30.32,17.83,25.23,0.08,25.16,0.6,3.67,51.7
2025-07-02,31.93,15.78,23.61,0.0,28.72,0.6,2.74,48.18
2025-07-03,33.68,14.9,24.36,0.0,30.19,0.6,3.61,41.37
2025-07-04,34.99,17.23,26.41,0.0,29.84,0.6,2.45,40.68
2025-07-05,37.44,18.83,27.88,0.02,29.69,0.6,2.58,35.34
2025-07-06,37.65,19.21,28.3,0.0,29.77,0.6,2.3,36.85
2025-07-07,38.59,20.13,29.0,0.0,29.06,0.6,2.6,34.65
2025-07-08,39.89,19.56,30.02,0.0,28.86,0.6,2.29,35.76
2025-07-09,39.67,19.08,29.89,0.0,29.21,0.6,4.55,36.49
2025-07-10,31.42,16.19,23.87,0.0,27.73,0.6,4.48,40.17
2025-07-11,32.36,16.94,24.78,0.0,26.25,0.6,2.89,42.39
2025-07-12,33.42,17.36,25.52,0.0,27.48,0.6,2.91,47.34
2025-07-13,35.75,18.37,27.27,0.0,29.18,0.6,2.42,33.73
2025-07-14,35.7,20.11,27.44,0.0,29.3,0.6,3.45,32.49
2025-07-15,35.43,18.76,27.12,0.0,27.84,0.6,3.83,37.25
2025-07-16,36.59,20.29,28.68,0.0,26.2,0.6,2.58,31.06
2025-07-17,36.94,21.15,29.47,0.49,23.81,0.6,1.87,33.53
2025-07-18,33.02,17.95,24.89,2.42,20.4,0.6,3.37,46.21
2025-07-19,33.07,20.35,26.78,0.0,22.55,0.6,1.81,37.31
2025-07-20,36.08,19.51,28.05,0.0,27.16,0.6,2.43,35.51
2025-07-21,38.42,21.07,30.34,0.0,26.9,0.6,1.85,34.97
2025-07-22,41.99,22.94,32.42,0.0,27.57,0.6,2.68,29.37
2025-07-23,41.78,24.11,31.87,0.0,26.73,0.6,2.98,36.84
2025-07-24,37.65,23.02,29.33,0.08,26.49,0.6,3.98,53.35
2025-07-25,39.02,22.13,29.93,0.0,26.98,0.6,3.07,45.83
2025-07-26,39.23,21.89,29.97,0.0,27.6,0.6,2.81,36.96
2025-07-27,37.94,20.5,28.9,0.0,27.82,0.59,3.83,44.45
2025-07-28,39.25,20.8,30.2,0.13,26.09,0.59,1.5,47.82
2025-07-29,38.44,22.85,29.86,0.53,25.1,0.59,2.66,43.14
2025-07-30,34.88,22.46,27.82,0.05,24.02,0.59,3.47,46.15
2025-07-31,32.17,19.66,25.23,2.32,17.3,0.6,3.25,59.0
2025-08-01,32.6,19.07,25.03,0.01,18.18,0.6,4.14,55.42
2025-08-02,31.89,19.34,25.35,0.06,20.56,0.6,4.26,54.01
2025-08-03,34.36,18.26,26.06,0.0,25.87,0.6,3.17,50.25
2025-08-04,35.1,18.36,26.42,0.0,26.16,0.6,2.88,49.17
2025-08-05,33.73,17.97,25.62,0.0,26.39,0.6,3.97,52.96
2025-08-06,30.34,20.2,24.92,0.15,19.15,0.6,4.82,62.93
2025-08-07,33.74,21.33,26.52,0.11,24.26,0.6,4.99,51.1
2025-08-08,32.49,18.82,25.73,0.03,24.57,0.6,5.11,51.57
2025-08-09,33.44,16.57,24.56,0.0,26.76,0.6,4.16,47.63
2025-08-10,34.71,17.72,26.1,0.0,26.78,0.6,4.32,49.06
2025-08-11,36.36,18.59,27.19,0.0,26.58,0.6,3.87,48.48
2025-08-12,32.73,20.02,25.45,0.0,25.34,0.59,5.03,54.51
2025-08-13,31.32,17.28,23.57,0.0,26.19,0.59,4.7,57.27
2025-08-14,30.73,17.58,23.67,0.0,22.89,0.59,5.27,56.23
2025-08-15,31.15,18.42,24.48,0.0,20.55,0.59,5.49,54.04
2025-08-16,30.55,18.07,23.92,0.0,25.18,0.59,5.18,54.26
2025-08-17,31.25,15.87,23.29,0.7,19.08,0.59,3.38,55.02
2025-08-18,34.54,16.25,25.2,1.88,21.49,0.6,2.22,49.59
2025-08-19,27.46,17.66,21.47,14.51,12.3,0.61,2.94,73.06
2025-08-20,29.72,15.73,22.5,0.02,23.08,0.62,1.87,63.64
2025-08-21,33.56,16.16,24.65,0.0,24.56,0.62,2.32,59.02
2025-08-22,35.2,18.37,26.27,0.09,24.02,0.61,3.78,53.53
2025-08-23,30.72,17.67,23.49,0.12,20.96,0.61,3.45,53.1
2025-08-24,29.41,15.34,22.28,0.0,24.24,0.61,3.93,41.87
2025-08-25,27.89,14.12,20.8,1.4,18.41,0.61,2.55,56.18
2025-08-26,28.81,14.78,21.36,0.19,23.2,0.61,2.22,56.32
2025-08-27,29.45,15.34,21.52,0.0,24.27,0.6,3.46,56.61
2025-08-28,29.73,14.25,21.27,0.0,24.34,0.6,3.74,64.32
2025-08-29,32.43,14.22,22.99,0.0,23.88,0.6,3.08,63.06
2025-08-30,35.33,15.8,25.38,0.0,23.63,0.6,1.75,54.85
2025-08-31,30.96,17.91,23.91,4.52,16.64,0.6,3.03,57.49
2025-09-01,30.82,15.38,22.99,0.06,22.32,0.61,3.13,55.2
2025-09-02,33.6,17.04,25.03,0.0,21.84,0.61,2.92,52.15
2025-09-03,34.68,19.9,26.37,0.0,21.95,0.6,2.55,47.17
2025-09-04,31.24,17.93,23.88,0.0,19.24,0.6,4.6,68.21
2025-09-05,30.06,17.75,23.06,0.0,19.77,0.6,4.68,66.54
2025-09-06,25.72,17.74,21.35,0.02,14.42,0.6,3.26,65.09
2025-09-07,27.24,16.75,21.12,0.0,16.88,0.6,3.6,63.1
2025-09-08,29.7,15.1,21.75,0.0,20.08,0.6,3.59,59.06
2025-09-09,31.69,14.4,22.84,0.0,21.42,0.6,2.17,57.28
2025-09-10,33.43,15.9,24.2,0.0,20.86,0.6,2.2,57.35
2025-09-11,32.14,17.51,24.18,0.05,17.47,0.6,2.4,61.81
2025-09-12,29.63,18.31,22.9,2.39,17.85,0.6,2.28,73.67
2025-09-13,28.3,17.49,21.92,0.0,16.78,0.6,3.98,65.79
2025-09-14,27.73,15.08,20.5,0.0,19.81,0.6,3.64,62.22
2025-09-15,28.45,14.71,20.46,0.0,19.75,0.6,3.07,60.04
2025-09-16,31.6,15.02,22.34,0.01,20.93,0.6,1.82,55.5
2025-09-17,27.66,14.47,19.75,1.39,11.05,0.6,3.4,67.46
2025-09-18,24.93,11.37,17.69,0.01,18.42,0.6,4.11,49.09
2025-09-19,25.86,10.38,17.72,0.0,20.72,0.6,3.15,44.99
2025-09-20,27.7,11.88,19.59,0.0,18.63,0.6,3.31,54.72
2025-09-21,27.73,13.39,19.73,0.0,18.05,0.6,3.46,69.85
2025-09-22,27.43,12.24,19.07,0.0,19.91,0.6,3.44,68.78
2025-09-23,29.62,12.71,19.87,0.0,20.26,0.6,2.22,65.18
2025-09-24,28.85,13.0,19.72,0.0,19.68,0.6,2.71,68.45
2025-09-25,25.42,12.45,18.06,0.0,14.91,0.6,4.79,73.84
2025-09-26,21.78,14.56,17.15,0.0,12.74,0.6,6.18,62.81
2025-09-27,20.32,11.8,15.78,0.0,13.86,0.6,4.91,55.25
2025-09-28,19.7,10.24,14.71,0.54,12.66,0.6,3.06,63.38
2025-09-29,21.14,11.71,15.34,0.67,8.62,0.6,1.92,71.32
2025-09-30,21.56,8.85,14.56,0.2,13.97,0.6,2.77,60.4
2025-10-01,22.24,8.23,14.85,0.0,15.12,0.6,2.25,50.95
2025-10-02,16.58,11.06,13.62,8.99,5.29,0.6,5.57,80.24
2025-10-03,20.31,8.36,15.4,29.57,4.34,0.65,4.53,89.0
2025-10-04,15.42,7.83,10.4,3.71,10.95,0.67,2.44,81.81
2025-10-05,21.36,6.2,13.21,0.0,16.51,0.66,2.87,72.28
2025-10-06,19.69,9.55,13.74,12.02,5.51,0.66,3.18,87.26
2025-10-07,14.92,8.86,11.48,31.45,2.7,0.72,5.56,92.04
2025-10-08,15.83,8.03,11.19,2.93,9.38,0.72,3.37,88.89
2025-10-09,17.87,9.0,12.57,3.67,9.96,0.72,3.73,81.59
2025-10-10,20.02,6.19,12.71,0.01,13.63,0.71,2.82,76.35
2025-10-11,15.18,7.54,11.34,0.77,5.09,0.71,3.53,82.16
2025-10-12,18.59,6.58,12.29,0.0,11.69,0.7,2.92,78.6
2025-10-13,19.05,8.69,12.96,0.0,9.33,0.7,2.46,76.93
2025-10-14,18.87,8.23,12.92,0.02,8.75,0.7,2.16,78.86
2025-10-15,18.03,6.98,12.1,1.06,8.9,0.7,2.71,81.97
2025-10-16,17.57,8.08,11.9,5.39,9.47,0.7,3.09,85.48
2025-10-17,18.59,7.43,12.41,0.2,9.45,0.7,2.85,83.05
2025-10-18,18.69,10.24,13.99,4.63,7.49,0.7,1.52,86.56
2025-10-19,17.03,7.58,11.74,5.17,11.01,0.71,3.5,72.72
2025-10-20,17.83,5.99,11.19,0.0,13.44,0.71,1.72,68.47
2025-10-21,18.68,5.76,12.06,0.0,11.97,0.71,2.15,79.38
2025-10-22,20.39,8.3,14.13,0.0,11.04,0.71,2.58,81.79
2025-10-23,21.76,12.44,16.08,0.09,11.01,0.7,2.76,85.12
2025-10-24,21.74,11.25,16.75,3.96,6.89,0.7,4.99,85.47
2025-10-25,18.98,7.41,12.68,0.34,10.73,0.71,2.11,70.23
2025-10-26,19.41,8.54,13.72,0.11,5.63,0.7,3.71,84.13
2025-10-27,18.78,8.09,13.86,12.65,3.02,0.71,3.63,93.72
2025-10-28,16.22,6.31,10.35,0.05,7.79,0.72,2.71,78.39
2025-10-29,17.79,3.04,9.62,0.0,13.54,0.72,2.41,71.95
2025-10-30,19.4,5.53,11.01,0.0,13.11,0.71,2.32,81.74
2025-10-31,19.25,5.65,11.7,0.0,10.85,0.71,1.6,75.06
2025-11-01,21.44,6.86,12.99,0.0,10.86,0.71,2.27,78.77
2025-11-02,19.33,7.99,12.31,0.0,11.55,0.71,1.83,86.79
2025-11-03,20.01,8.18,12.68,0.01,8.93,0.71,2.21,86.2
2025-11-04,12.4,8.7,10.62,4.49,4.05,0.71,3.02,92.84
2025-11-05,12.3,8.42,9.94,2.84,2.67,0.72,4.72,88.5
2025-11-06,11.1,8.0,9.42,7.37,2.56,0.73,4.67,93.35
2025-11-07,16.18,10.15,12.64,1.49,1.9,0.73,2.98,94.79
2025-11-08,18.11,11.76,14.05,1.37,5.87,0.73,3.59,90.94
2025-11-09,19.77,12.4,14.89,4.06,4.92,0.73,2.93,90.69
2025-11-10,16.91,12.74,14.23,4.79,6.25,0.74,3.34,96.8
2025-11-11,16.95,9.77,13.23,4.95,4.74,0.74,3.34,91.17
2025-11-12,14.77,6.02,10.33,0.04,9.75,0.74,2.22,84.05
2025-11-13,14.55,4.83,8.72,0.0,10.45,0.74,1.93,77.02
2025-11-14,15.04,3.39,7.89,0.0,10.41,0.73,1.76,82.0
2025-11-15,15.01,5.16,8.59,0.01,8.69,0.73,2.01,89.44
2025-11-16,17.24,4.76,9.54,0.03,6.66,0.73,2.07,87.72
2025-11-17,18.06,8.14,13.05,0.04,7.97,0.73,6.38,89.81
2025-11-18,18.33,15.17,16.22,0.51,3.98,0.73,7.01,91.35
2025-11-19,17.4,14.84,15.72,2.51,4.31,0.73,5.14,93.85
2025-11-20,18.94,11.88,14.75,0.09,6.48,0.73,4.78,90.63
2025-11-21,19.52,11.25,14.68,0.08,6.27,0.73,5.32,91.05
2025-11-22,20.49,13.58,16.27,0.48,6.24,0.73,5.4,88.89
2025-11-23,16.4,6.83,13.18,5.32,6.65,0.74,4.02,91.08
2025-11-24,13.45,2.55,6.71,0.01,9.17,0.74,2.28,79.19
2025-11-25,13.95,2.66,7.93,0.04,8.78,0.73,3.8,88.03
2025-11-26,18.11,9.04,12.82,1.01,5.86,0.73,5.28,90.89
2025-11-27,17.05,9.88,12.62,3.68,3.69,0.74,4.47,92.77
2025-11-28,14.96,9.68,11.78,6.93,6.2,0.75,2.96,94.47
2025-11-29,11.99,6.39,9.79,5.7,1.38,0.76,1.71,96.23
2025-11-30,10.9,3.21,6.54,0.08,4.79,0.75,2.21,84.52
2025-12-01,10.22,0.3,5.46,0.14,8.25,0.75,1.38,82.56
2025-12-02,12.28,2.37,6.53,0.07,7.66,0.75,1.38,86.65
2025-12-03,12.23,3.95,7.01,0.29,5.97,0.75,2.13,92.29
2025-12-04,12.69,5.31,8.41,0.0,6.46,0.75,2.86,93.75
2025-12-05,15.06,7.59,10.89,2.68,5.3,0.75,5.7,88.89
2025-12-06,15.85,9.89,12.1,2.95,6.0,0.75,4.11,92.34
2025-12-07,9.54,3.63,6.41,2.18,2.38,0.76,6.16,92.31
2025-12-08,7.57,2.09,4.08,0.83,6.24,0.76,3.98,89.75
2025-12-09,8.72,1.69,4.38,0.0,3.95,0.76,2.08,86.29
2025-12-10,12.11,0.35,5.2,0.0,4.98,0.75,2.16,88.8
2025-12-11,13.72,3.32,7.29,0.0,7.76,0.75,1.59,85.9
2025-12-12,12.01,3.21,6.25,0.04,7.35,0.75,2.53,89.25
2025-12-13,9.54,1.79,4.65,0.0,7.22,0.75,3.07,90.08
2025-12-14,9.49,0.48,3.91,0.0,8.22,0.75,2.46,89.28
2025-12-15,8.51,-0.24,2.94,0.0,7.74,0.75,2.33,83.83
2025-12-16,9.68,-1.32,2.31,0.0,8.46,0.75,2.17,89.38
2025-12-17,11.52,-0.12,4.57,0.0,7.64,0.75,1.57,90.66
2025-12-18,11.31,1.69,5.18,0.0,7.57,0.75,1.24,77.25
2025-12-19,14.55,2.77,6.81,0.0,7.74,0.75,1.96,85.88
2025-12-20,10.34,4.98,7.12,0.09,5.26,0.75,3.29,92.88
2025-12-21,9.57,6.4,7.64,0.49,2.54,0.75,3.4,95.6
2025-12-22,9.07,5.01,6.53,0.01,3.18,0.75,4.24,93.7
2025-12-23,8.03,2.76,4.38,0.01,5.26,0.75,2.73,92.17
2025-12-24,8.82,2.99,5.94,2.96,3.5,0.75,2.98,95.06
2025-12-25,8.24,2.74,6.69,9.36,1.98,0.76,6.84,92.55
2025-12-26,5.3,-2.02,1.0,0.12,5.02,0.76,3.56,86.53
2025-12-27,5.1,-3.8,-0.71,0.07,5.88,0.76,3.83,86.41
2025-12-28,4.55,-3.92,-0.35,0.46,4.22,0.76,5.0,80.16
2025-12-29,5.41,-3.32,-0.65,0.0,8.72,0.76,4.38,79.44
2025-12-30,8.52,-2.45,1.11,0.34,8.09,0.76,4.01,82.71
2025-12-31,1.37,-5.7,-2.87,0.22,8.29,0.76,3.93,75.85
