site_id,season,date,t2m_mean,t2m_max,t2m_min,tp_sum,ssr_sum,GDD,GDD_cum,evaporation_mm,drought_index_7d,temp_amplitude,dew_depression,NDVI_int,EVI_int,NDWI_int,NDVI_trend_7d,sin_doy,cos_doy,surveyed
EVR_01,2026,2026-01-01,-1.4981,2.2267,-3.5275,0.1829,109.59601,0.0,0.0,8.0,25.20170000000005,5.7542,8.418600000000001,0.20628304657200996,0.1085050609588568,-0.6305237711288724,0.0,0.017201575418260506,0.9998520419557735,True
EVR_01,2026,2026-01-02,3.7921,7.5489,-2.6275,0.0228,95.72445,0.0,0.0,5.6,20.95960000000005,10.1764,5.2191,0.20167691769134385,0.09268229502202029,-0.5622502131862088,-0.0046061288806661105,0.03439806061360801,0.9994082116062598,True
EVR_01,2026,2026-01-03,12.4046,14.9752,8.0506,53.5704,43.32631,6.512899999999998,6.512899999999998,11.6,69.03190000000005,6.9246,2.8269,0.19131766830035957,0.09386412754302298,-0.631937859720022,-0.014965378271650398,0.051584366869408364,0.9986686402879997,True
EVR_01,2026,2026-01-04,14.8248,17.3275,13.5609,3.444,92.70335,10.4442,16.957099999999997,11.6,62.18020000000005,3.7666000000000004,4.7728,0.19377661306630894,0.10404993298231283,-0.5982467816256486,-0.01250643350570102,0.06875540848113941,0.9976335468520451,True
EVR_01,2026,2026-01-05,13.3027,15.0763,11.4639,4.2454,39.17164,8.2701,25.227199999999996,5.7,67.78020000000005,3.612399999999999,3.1988000000000003,0.20955177707367195,0.11499267671606402,-0.5721985284739233,0.003268730501661987,0.08590610426133272,0.9963032375991965,True
EVR_01,2026,2026-01-06,13.5593,16.9283,11.1317,33.3749,71.67528,9.030000000000001,34.2572,12.3,38.008100000000056,5.7966,3.3377999999999997,0.16864754836493462,0.09231116007395984,-0.6044131170049976,-0.037635498207075346,0.10303137904317879,0.9946781061893646,True
EVR_01,2026,2026-01-07,15.0614,17.8412,12.3438,38.3949,86.94542,10.092500000000001,44.3497,14.0,64.43530000000005,5.497400000000001,3.8401000000000014,0.18028982350466052,0.09355628919226663,-0.6122783929395078,-0.02599322306734944,0.1201261651823505,0.9927586335250793,True
EVR_01,2026,2026-01-08,9.7183,15.5981,1.9083,394.3172,68.58995,3.7531999999999996,48.1029,25.5,441.06960000000004,13.6898,3.8260999999999994,0.1796345809933579,0.11593016177072982,-0.6282690698629421,-0.026648465578652053,0.13718540405660057,0.9905453876091833,True
EVR_01,2026,2026-01-09,4.8813,8.8448,-0.8362,25.4167,109.63207,0.0,48.1029,14.9,457.1635000000001,9.681,9.380600000000001,0.19612446402871117,0.11204926046581395,-0.6110808045847007,-0.005552453662632684,0.1542040475626894,0.988039023376751,True
EVR_01,2026,2026-01-10,11.578,14.1005,9.47,134.8722,56.95413,6.785250000000001,54.88815,11.1,538.9653000000001,4.6305,2.1966,0.21501193268556482,0.1350002750491589,-0.6176780273245837,0.02369426438520525,0.17117705961019986,0.985240282501282,True
EVR_01,2026,2026-01-11,4.6844,9.6267,-0.0457,55.46,51.46109,0.0,54.88815,12.4,590.1813000000001,9.6724,3.0005,0.1749780855742427,0.09569054699866597,-0.6180846326742824,-0.018798527492066258,0.18809941761179758,0.9821499931752291,True
EVR_01,2026,2026-01-12,-0.5501,1.9638,-3.3133,21.0806,55.78223,0.0,54.88815,8.6,604.1165000000001,5.2771,6.096399999999999,0.21154300674111012,0.123096497821687,-0.5930067673956296,0.0019912296674381713,0.20496611396949532,0.9787690698649216,True
EVR_01,2026,2026-01-13,-0.0642,3.3917,-4.451,1.1849,107.9591,0.0,54.88815,7.2,577.0265000000002,7.8427,6.6808000000000005,0.18776396237958326,0.08598215545611008,-0.6471004085703782,0.01911641401464864,0.22177215755648186,0.975098513039961,True
EVR_01,2026,2026-01-14,5.5733,8.4347,2.8454,0.3374,57.806028,0.6400499999999996,55.5282,4.8999999999999995,548.0690000000001,5.5893,3.7813999999999997,0.19833641315017975,0.11281124608851695,-0.5699772092950482,0.018046589645519223,0.23851257519407648,0.9711394088771653,True
EVR_01,2026,2026-01-15,7.7735,13.6404,3.7623,0.0137,102.94723,3.7013499999999997,59.22955,7.3,171.9655000000001,9.8781,2.6163000000000007,0.19662315922912593,0.10889814895210363,-0.6315448546651409,0.01698857823576802,0.2551824131233728,0.9668929289391521,True
EVR_01,2026,2026-01-16,5.2747,10.0832,1.2904,5.4095,51.047576,0.6867999999999999,59.91635,4.4,162.45830000000012,8.7928,1.8218,0.1896188632839201,0.09634585395634603,-0.6429611903115482,-0.006505600744791062,0.2717767384711357,0.9623603298276545,True
EVR_01,2026,2026-01-17,1.0044,4.0678,-1.7147,2.172,73.6797,0.0,59.91635,8.0,32.85810000000012,5.7825,4.1506,0.17591657582731,0.08691433103445001,-0.6463639363322924,-0.039095356858254826,0.2882906407095177,0.9575429528116719,True
EVR_01,2026,2026-01-18,-2.2045,0.6877,-4.4237,2.2992,78.438616,0.0,59.91635,6.8,-14.702699999999885,5.1114,5.3039000000000005,0.22054668708517963,0.1326131320944157,-0.5997975621242024,0.045568601510936946,0.3047192331091634,0.9524422234305676,True
EVR_01,2026,2026-01-19,-2.1021,1.5228,-4.8012,1.0288,99.69107,0.0,59.91635,6.8999999999999995,-33.054499999999884,6.324,5.2923,0.225867199326567,0.12466588076076889,-0.5794883267607469,0.014324192585456863,0.321057654185271,0.9470596510722283,True
EVR_01,2026,2026-01-20,0.4633,3.6192,-2.4083,0.2303,90.46421,0.0,59.91635,5.8999999999999995,-32.709099999999886,6.0275,3.415,0.2199772028157071,0.12249734495214734,-0.6258683583814482,0.032213240436123836,0.3373010691361842,0.9413968285264122,True
EVR_01,2026,2026-01-21,3.6868,7.2734,0.3259,3.9609,62.272384,0.0,59.91635,4.2,-28.385599999999886,6.9475,3.2866999999999997,0.2377511413138446,0.1386455859092578,-0.5483154276021202,0.03941472816366484,0.3534446712740877,0.9354554315134164,True
EVR_01,2026,2026-01-22,6.2812,9.3956,3.6005,137.863,39.73237,1.49805,61.4144,9.700000000000001,107.06370000000013,5.7951,1.811,0.21503303761878148,0.11987804099449628,-0.6004049624693072,0.01840987838965555,0.3694836834473831,0.9292372181882051,True
EVR_01,2026,2026-01-23,7.4028,10.4783,4.0028,77.5004,41.303324,2.2405500000000007,63.65495,4.8,178.75460000000012,6.475500000000001,0.9419000000000004,0.19855506783744822,0.103989783888144,-0.5797691110618686,0.008936204553528115,0.38541335945432564,0.9227440286201427,True
EVR_01,2026,2026-01-24,7.7887,10.2422,5.2269,3.9023,40.932816,2.7345500000000005,66.3895,4.0,184.48490000000012,5.015300000000001,1.359,0.22872594050907244,0.12404696603456052,-0.5918743887474595,0.05280936468176245,0.4012289854475009,0.9159777842484877,True
EVR_01,2026,2026-01-25,10.1872,15.5416,5.4666,1.5169,68.1456,5.504100000000001,71.8936,5.5,185.00260000000011,10.075000000000001,1.6049000000000007,0.18935550193223358,0.09713055056406086,-0.6152537601367696,-0.031191185152946055,0.4169258813287287,0.908940487313808,True
EVR_01,2026,2026-01-26,11.1604,15.903,7.9094,29.2113,90.01949,6.9062,78.7998,10.7,209.3851000000001,7.993600000000001,3.0564,0.20709085138801572,0.11002259291226217,-0.61536999938505,-0.018776347938551263,0.4324994021339788,0.901634220265486,True
EVR_01,2026,2026-01-27,10.1645,13.73,7.504,83.9547,88.0484,5.617000000000001,84.41680000000001,15.8,283.20950000000016,6.226000000000001,2.4939,0.2271280238057891,0.12171565152551529,-0.5853941582745886,0.007150820990081991,0.44794493940789115,0.8940611451454876,True
EVR_01,2026,2026-01-28,9.7974,12.9392,6.4592,9.7446,83.84162,4.699199999999999,89.116,10.3,282.89320000000015,6.4799999999999995,3.1647999999999996,0.19865150674055204,0.0962561585293785,-0.6212220875059135,-0.03909963457329255,0.4632579225674917,0.88622350294858,True
EVR_01,2026,2026-01-29,12.116,13.2373,10.6642,127.9633,34.91532,6.950749999999999,96.06675,14.5,268.19350000000014,2.5731,2.4223,0.18770160079658316,0.10506761572566468,-0.6221676368566079,-0.027331436822198324,0.4784338202547012,0.8781236129591848,True
EVR_01,2026,2026-01-30,8.9613,11.4267,6.3272,65.3752,44.815544,3.876950000000001,99.9437,11.1,249.76830000000012,5.0995,1.7993999999999994,0.18754195094634357,0.11988622115865513,-0.6351628538071624,-0.011013116891104652,0.49346814167723735,0.8697638720650646,True
EVR_01,2026,2026-01-31,5.6721,7.7417,4.0782,89.9023,43.984404,0.9099500000000003,100.85365,11.9,327.8683000000001,3.6635,1.6272000000000002,0.19341510491626546,0.09736740147931587,-0.5850063772828202,-0.03531083559280698,0.5083564379375122,0.8611467540480452,True
EVR_01,2026,2026-02-01,4.5202,5.8244,3.6763,144.8798,37.19798,0.0,100.85365,14.3,462.4312000000001,2.1481,1.7746,0.18168773642711145,0.12750149405555888,-0.6005780246909741,-0.007667765505122132,0.5230943033491326,0.8522748088519838,True
EVR_01,2026,2026-02-02,1.1607,5.0345,-1.2,188.9796,18.983926,0.0,100.85365,11.6,621.2995000000001,6.234500000000001,2.2372,0.20389809261171207,0.09643396132230304,-0.5649216974666286,-0.0031927587763036502,0.5376773767406141,0.8431506618282,True
EVR_01,2026,2026-02-03,2.7945,6.438,-1.9736,11.7453,46.734856,0.0,100.85365,4.4,560.4901,8.4116,2.7661000000000002,0.2122141296522581,0.1055228244561043,-0.5708515014794,-0.014913894153530977,0.5521013427459208,0.8337770129585915,True
EVR_01,2026,2026-02-04,7.0446,11.3756,4.6647,0.0867,65.041428,3.020150000000001,103.8738,4.8999999999999995,556.2322000000001,6.7109000000000005,2.3433,0.1863195700340369,0.11406127372844038,-0.6213404391769305,-0.01233193670651514,0.5663619330814524,0.8241566360566663,True
EVR_01,2026,2026-02-05,8.4433,9.7752,5.127,239.5486,21.724042,2.4511000000000003,106.3249,5.4,676.9175000000001,4.6482,1.6720000000000006,0.1827650139396706,0.11258507305221392,-0.6162408919904477,-0.0049365868569125615,0.580454927809098,0.8142923779467267,True
EVR_01,2026,2026-02-06,10.9189,15.1712,6.9529,68.3947,90.51418,6.062049999999999,112.38695,9.9,681.1370000000001,8.218300000000001,1.9149000000000012,0.2110333770124795,0.11314494297507109,-0.5865619263155762,0.02349142606613594,0.5943761565849831,0.804187157621448,True
EVR_01,2026,2026-02-07,11.4107,15.8449,8.3463,13.4005,111.50836,7.095600000000001,119.48255,12.8,603.7352000000001,7.4986000000000015,2.0912000000000006,0.19567718536994613,0.12497333305310658,-0.6247780464053543,0.002262080453680676,0.6081214998935418,0.7938439653781019,True
EVR_01,2026,2026-02-08,9.4032,12.6256,6.8327,97.8986,59.912776,4.729150000000001,124.21170000000001,8.4,562.6540000000001,5.7929,0.5890000000000004,0.21378926376697133,0.11467706725767943,-0.5965023562846288,0.03210152733985988,0.6216868902665479,0.7832658619336791,True
EVR_01,2026,2026-02-09,7.2609,9.9962,4.0175,22.058,50.13592,2.00685,126.21855000000001,9.799999999999999,397.5324000000001,5.9787,1.4726000000000008,0.1794341063976809,0.07511895374772493,-0.6230083906177564,-0.024463986214031175,0.6350683134867438,0.7724559775191742,True
EVR_01,2026,2026-02-10,4.7333,7.3736,2.7585,4.6912,49.637376,0.06604999999999972,126.28460000000001,10.8,384.0783000000001,4.6151,3.9104,0.20397221932643567,0.10069600425033819,-0.5980649926568844,-0.008241910325822444,0.6482618097757122,0.7614175109532997,True
EVR_01,2026,2026-02-11,6.1673,10.2113,2.5015,0.2564,87.51264,1.3563999999999998,127.641,9.2,379.94800000000015,7.7097999999999995,3.0949,0.2066346606853531,0.12593986141523608,-0.6289642366453498,0.020315090651316203,0.6612634749656386,0.7501537286959042,True
EVR_01,2026,2026-02-12,8.9945,13.505,4.7107,110.8152,69.14351,4.107850000000001,131.74885,11.700000000000001,244.91460000000012,8.7943,1.827,0.18668459841363083,0.11383504202315439,-0.5852352425535696,0.003919584473960236,0.6740694616546161,0.7386679638813748,True
EVR_01,2026,2026-02-13,10.2621,14.1824,6.749,187.4284,84.07186,5.4657,137.21455,13.700000000000001,360.1483000000002,7.4334,1.4557000000000002,0.223946502494051,0.1200329880682303,-0.5991408067684989,0.012913125481571475,0.6866759803451553,0.726963615332308,True
EVR_01,2026,2026-02-14,10.118,15.6628,4.2658,12.175,147.74626,4.9643,142.17885,18.0,353.7228000000001,11.397000000000002,3.1785000000000005,0.1949937054032856,0.11843138039831509,-0.6065587576773052,-0.000683479966660544,0.6990793005655562,0.7150441465537444,True
EVR_01,2026,2026-02-15,13.6583,19.6511,8.1916,25.9495,136.69656,8.92135,151.1002,23.8,266.3737000000001,11.4595,5.443100000000001,0.2179445929116314,0.12313913999576083,-0.5840681884757802,0.004155329144660075,0.7112757519738152,0.7029130847082615,True
EVR_01,2026,2026-02-16,12.8393,16.5611,10.4423,28.7166,128.28323,8.5017,159.6019,18.1,264.7323000000001,6.1188,2.805299999999999,0.22355158717270143,0.1250605107217309,-0.594695561269401,0.044117480775020534,0.7232617254437388,0.6905740195722293,True
EVR_01,2026,2026-02-17,11.5927,15.2337,9.6778,110.3808,109.40387,7.45575,167.05765,17.4,363.82190000000014,5.555900000000001,2.3613,0.21313686416151414,0.1160999975375031,-0.570803620460387,0.009164644835078478,0.7350336741329413,0.6780306024735382,True
EVR_01,2026,2026-02-18,3.744,9.6137,0.6826,130.1032,54.707812,0.14815000000000023,167.2058,17.3,485.5687000000001,8.931099999999999,3.0361000000000002,0.1922458994749181,0.08281018712499669,-0.611390855534355,-0.014388761210435003,0.746588114532413,0.6652865452111116,True
EVR_01,2026,2026-02-19,6.9648,11.6944,2.4598,6.282,150.42514,2.0770999999999997,169.2829,16.7,376.03550000000007,9.2346,5.435600000000001,0.23506749938832475,0.1281854586393542,-0.5998387028044192,0.048382900974693915,0.7579216274973472,0.6523456189565257,True
EVR_01,2026,2026-02-20,10.9896,15.9995,7.074,0.8087,138.03622,6.53675,175.81965,16.6,186.5158000000001,8.9255,4.393,0.20502366525968987,0.10360462025548943,-0.5944619954565356,-0.018922837234361112,0.7690308592589181,0.6392116531380588,True
EVR_01,2026,2026-02-21,9.0328,12.173,4.502,84.1953,57.171936,3.3375000000000004,179.15715,13.6,262.9361000000001,7.671,2.4749999999999996,0.18489820586845887,0.11021328062835144,-0.6090113557452694,-0.010095499534826718,0.7799125224167177,0.6258885343075018,True
EVR_01,2026,2026-02-22,3.9079,7.3581,1.1032,47.1971,72.06057,0.0,179.15715,17.3,290.6837000000001,6.2549,3.4906,0.20590905405323479,0.12124673189181553,-0.5977989164968895,-0.012035538858396616,0.7905633969115482,0.612380204990065,True
EVR_01,2026,2026-02-23,6.4312,11.0481,2.5449,2.0351,160.25997,1.7965,180.95365,17.0,265.1022000000001,8.5032,4.3612,0.1892948773785971,0.105552016412597,-0.6255362959816431,-0.034256709794104334,0.8009803309782905,0.5986906625177214,True
EVR_01,2026,2026-02-24,10.3171,14.6732,6.1409,7.1053,160.03565,5.40705,186.3607,17.9,161.3267000000001,8.5323,3.5072,0.1949804028027881,0.11263201535293446,-0.6081850396196901,-0.018156461358726034,0.8111602420785621,0.5848239578463322,True
EVR_01,2026,2026-02-25,6.9643,10.2941,3.6618,20.983,146.58752,1.9779499999999999,188.33865,17.8,51.70650000000012,6.632300000000001,3.4692,0.21782927582635145,0.11917577749674008,-0.6447569395591429,0.025583376351433346,0.8211001178128892,0.5707841943569036,True
EVR_01,2026,2026-02-26,4.4532,8.1517,-0.175,8.9003,146.80512,0.0,188.33865,19.0,52.02480000000012,8.3267,4.8589,0.21963629331252557,0.10862145259965426,-0.5970437548057108,-0.015431206075799175,0.8307970168121247,0.5565755266413303,True
EVR_01,2026,2026-02-27,2.7635,7.5402,-2.6013,0.2996,154.85858,0.0,188.33865,16.0,52.11570000000012,10.1415,4.5003,0.21429753325075077,0.09266690151422312,-0.6219831049088073,0.009273867991060891,0.8402480696078469,0.5422021592729844,True
EVR_01,2026,2026-02-28,3.7218,7.4542,0.505,0.1205,130.37598,0.0,188.33865,14.1,-32.459099999999886,6.9492,3.9954,0.24533190536174976,0.14348063974635594,-0.5799311074880078,0.06043369949329089,0.8494504794814806,0.527668345562516,True
EVR_01,2026,2026-03-01,4.1636,8.5023,0.9717,0.0505,124.18458,0.0,188.33865,13.5,-75.80569999999989,7.5306,3.3324999999999996,0.2518889081680779,0.12504132587821035,-0.5729802287442662,0.04597985411484312,0.8584015232918917,0.512978386299228,True
EVR_01,2026,2026-03-02,5.8488,12.1939,-0.1144,0.0026,186.21373,1.0397499999999997,189.3784,18.5,-79.33819999999989,12.3083,3.0254999999999996,0.2555180955282886,0.14404375664579536,-0.5799967432869437,0.06622321814969148,0.8670985522812081,0.4981366284784055,True
EVR_01,2026,2026-03-03,7.3157,13.5242,2.7707,0.0149,163.80334,3.147450000000001,192.52585000000002,18.3,-86.82859999999988,10.7535,2.6799,0.24403894268470927,0.12831203811113934,-0.5932424211149114,0.04905853988192116,0.8755389928586302,0.4831474640149687,True
EVR_01,2026,2026-03-04,7.1626,12.4584,1.9066,0.0569,183.46269,2.182499999999999,194.70835,20.6,-110.55469999999988,10.5518,3.5177000000000005,0.22418078733529653,0.11108146977710448,-0.6114605334923785,0.006351511508945085,0.8837203473619977,0.4680153284438345,True
EVR_01,2026,2026-03-05,9.0444,13.8286,4.4621,13.3866,153.9786,4.1453500000000005,198.8537,18.3,-105.3683999999999,9.366499999999998,3.8907999999999996,0.24729306244100052,0.15374607683830893,-0.5579306755218557,0.02765676912847495,0.8916401947968874,0.45274469960737107,True
EVR_01,2026,2026-03-06,8.8929,14.6433,4.7499,3.9493,177.83232,4.6966,203.5503,21.9,-107.61869999999989,9.8934,3.402899999999999,0.24794492882005012,0.12550301494344995,-0.6087532388544228,0.033647395569299354,0.8992961915530253,0.4373400963303323,True
EVR_01,2026,2026-03-07,6.0435,10.7389,1.269,0.3271,175.736,1.0039499999999997,204.55425,20.400000000000002,-113.7120999999999,9.469899999999999,4.9397,0.2216633990416916,0.12555748540326073,-0.5756123848063427,-0.023668506320058152,0.9066860720977985,0.4218060770826634,True
EVR_01,2026,2026-03-08,4.8999,9.9391,0.2304,0.0215,191.45749,0.08474999999999966,204.639,19.900000000000002,-120.1410999999999,9.7087,4.5348,0.21118761293305288,0.12463090344499078,-0.6179859172545943,-0.040701295235025026,0.9138076496466615,0.4061472386305789,True
EVR_01,2026,2026-03-09,6.012,10.0599,3.2938,0.0077,172.76586,1.67685,206.31585,19.900000000000002,-121.53599999999989,6.766100000000001,4.7942,0.25971163245854534,0.138927996600438,-0.5445528663821732,0.004193536930256758,0.9206588168102428,0.3903682146763026,True
EVR_01,2026,2026-03-10,7.645,14.3323,3.3497,0.0094,209.07402,3.8409999999999993,210.15685,25.3,-128.5414999999999,10.9826,5.7258,0.23410441419276837,0.13873184516246917,-0.574524502019962,-0.009934528491940903,0.9272375462179537,0.374473674486883,True
EVR_01,2026,2026-03-11,7.1978,14.7063,0.2986,0.0025,217.54638,2.5024500000000005,212.6593,24.299999999999997,-132.29589999999988,14.4077,4.1043,0.2525963748075202,0.1415299195014006,-0.5641910622734615,0.02841558747222364,0.9335418911179212,0.35846832151248087,True
EVR_01,2026,2026-03-12,6.8032,11.889,2.7242,0.4624,188.33525,2.3065999999999995,214.9659,20.299999999999997,-147.2200999999999,9.1648,3.4930000000000003,0.21399337423012846,0.12103951435128281,-0.5864627379855843,-0.033299688210872064,0.9395699859530622,0.342356891994542,True
EVR_01,2026,2026-03-13,6.5212,11.1368,2.9967,0.5986,139.82922,2.06675,217.03265000000002,16.7,-145.3707999999999,8.140099999999999,3.8814,0.23454050906405663,0.11739569892271672,-0.5660672145291336,-0.01340441975599349,0.945320046913132,0.3261441535642696,True
EVR_01,2026,2026-03-14,6.3197,11.2157,1.6215,0.0456,179.07146,1.4185999999999996,218.45125000000002,19.400000000000002,-144.65229999999988,9.5942,3.8741,0.2764114974410185,0.1472024832580239,-0.5293173475756886,0.0547480983993269,0.9507903724625832,0.3098349038318025,True
EVR_01,2026,2026-03-15,7.286,11.6819,2.9308,0.7749,134.5052,2.30635,220.7576,18.2,-142.19889999999987,8.751100000000001,4.424199999999999,0.226224555793459,0.1265560030036631,-0.576808777184896,0.015036942860406105,0.9559793438440766,0.2934339689665273,True
EVR_01,2026,2026-03-16,6.8896,12.5189,2.3188,0.1546,168.45363,2.41885,223.17645000000002,20.0,-142.15199999999987,10.2001,4.1103,0.26389761702295933,0.1583846703764241,-0.5491394820933302,0.0041859845644139915,0.9608854255574977,0.27694620226893646,True
EVR_01,2026,2026-03-17,6.3929,11.3036,0.7715,0.1489,188.92576,1.0375499999999995,224.214,21.1,-137.8124999999999,10.5321,4.3827,0.2681045374169599,0.1479028812455656,-0.5255408836069797,0.03400012322419152,0.9655071658143364,0.2603764827344581,True
EVR_01,2026,2026-03-18,7.7606,11.5143,5.6087,13.067,153.2008,3.5615000000000006,227.7755,21.6,-122.04799999999989,5.905600000000001,4.4885,0.24038883683160422,0.13243507985153993,-0.5861780346658249,-0.01220753797591595,0.969843196967294,0.24372971360968387,True
EVR_01,2026,2026-03-19,6.7115,9.1334,4.4749,7.6346,94.90011,1.80415,229.57965000000002,15.2,-109.77579999999989,4.6585,4.8571,0.2824849997625356,0.15850126778116888,-0.5699406046757646,0.06849162553240715,0.9738922359149924,0.22701082094141847,True
EVR_01,2026,2026-03-20,4.8017,6.0937,3.9568,91.8866,64.10664,0.025249999999999773,229.60490000000001,28.9,-30.687799999999882,2.1369000000000002,2.3482000000000003,0.2558730091974408,0.13862580145636355,-0.5249577864459377,0.021332500133384197,0.9776530844816641,0.2102247521189836,True
EVR_01,2026,2026-03-21,6.4445,8.228,4.5403,68.1829,48.6076,1.38415,230.98905,19.5,37.34950000000012,3.6876999999999995,2.1623,0.1906944129741956,0.11536616680866957,-0.6231264754245222,-0.08571708446682291,0.981124629771712,0.19337647441020586,True
EVR_01,2026,2026-03-22,7.517,9.3006,6.1113,39.8472,46.531332,2.7059499999999996,233.695,16.5,78.12180000000012,3.1892999999999994,2.2358000000000002,0.23172328821375152,0.13500621019514927,-0.5822826122569965,0.005498732420292529,0.984305844499033,0.17647097349152166,True
EVR_01,2026,2026-03-23,7.895,10.152,5.8918,5.0693,59.533884,3.0218999999999987,236.7169,10.5,92.53650000000012,4.260199999999999,3.1399,0.24355405359210716,0.13158115664938158,-0.5909250659103551,-0.02034356343085217,0.9871957872910085,0.15951325197263655,True
EVR_01,2026,2026-03-24,8.2968,10.5622,6.6765,37.855,89.3567,3.6193500000000007,240.33625,19.0,132.34260000000012,3.885700000000001,2.9560999999999993,0.2186646443665281,0.12140845139093015,-0.5915740720506326,-0.04943989305043178,0.9897936029670716,0.14250832791617088,True
EVR_01,2026,2026-03-25,8.8561,14.2388,3.9963,2.9643,227.016,4.11755,244.4538,35.2,108.63990000000011,10.2425,5.7371,0.23730497677195653,0.13478970922185818,-0.5415770128615611,-0.0030838600596476973,0.992098522791769,0.12546123335273648,True
EVR_01,2026,2026-03-26,7.382,12.7158,2.4892,0.0067,225.94262,2.6025,247.0563,27.599999999999998,88.61200000000012,10.2266,2.9213999999999993,0.2236811411658591,0.09487964038638036,-0.5980544729588698,-0.0588038585966765,0.9941098647022418,0.10837701279187609,True
EVR_01,2026,2026-03-27,10.6153,16.9346,2.7517,42.3453,189.16646,4.84315,251.89945,25.5,42.470700000000114,14.1829,3.0307999999999993,0.20998899461108672,0.1011764421996413,-0.5796864105940707,-0.045884014586354105,0.9958270335100595,0.09126072172931188,True
EVR_01,2026,2026-03-28,10.6647,14.2371,7.9214,67.9093,193.3336,6.07925,257.9787,28.2,33.49710000000011,6.3157,2.0768000000000004,0.2436342683254946,0.13941298103299074,-0.5747426047963282,0.052939855351299,0.9972495210773451,0.07411742515094437,True
EVR_01,2026,2026-03-29,8.7329,9.7034,7.9971,194.5474,51.1527,3.850249999999999,261.82895,16.0,188.69730000000013,1.7063000000000006,1.3888000000000007,0.23745951643228144,0.14019934687863966,-0.5611154693851435,0.005736228218529926,0.998376906467142,0.056952196034039754,True
EVR_01,2026,2026-03-30,9.3061,11.1217,7.8829,206.7006,41.5152,4.5023,266.33125,18.1,382.72860000000014,3.2388000000000003,1.4755000000000011,0.2425962017823933,0.11870918971875294,-0.5695773961717401,-0.0009578518097138611,0.9992088560679753,0.03977011384605572,True
EVR_01,2026,2026-03-31,11.8786,16.3661,8.172,20.7432,195.43917,7.26905,273.6003,30.0,354.6168000000001,8.194099999999999,3.34,0.22245258817577582,0.12024563749922104,-0.5969246081671776,0.0037879438092477125,0.9997451236925734,0.022576263041545485,True
EVR_01,2026,2026-04-01,11.8947,16.4239,8.6659,77.6178,178.16336,7.5449,281.1452,31.5,432.9703000000001,7.757999999999999,3.5000999999999998,0.23672649402564636,0.1324716523649355,-0.5844794351667966,-0.0005784827463101716,0.9999855506507186,0.005375731557583884,True
EVR_01,2026,2026-04-02,12.285,16.8145,8.6981,129.533,176.95522,7.7562999999999995,288.9015,39.9,550.1966000000001,8.116399999999999,4.218500000000001,0.24302783999961333,0.12923881959894248,-0.5738155372276885,0.019346698833754228,0.9999300657962057,-0.011826390691832589,True
EVR_01,2026,2026-04-03,12.4567,16.0739,9.8072,33.2477,160.49627,7.940549999999998,296.84205,29.1,537.4990000000001,6.266699999999998,3.0327,0.2263294881175801,0.11515551670314253,-0.6015981550865718,0.016340493506493386,0.9995786855478958,-0.029025013321975237,True
EVR_01,2026,2026-04-04,11.3479,14.6183,9.1106,68.8147,85.94069,6.86445,303.7065,15.2,551.4044000000001,5.5077,1.4726999999999997,0.2487475815567298,0.1334795399885308,-0.5556778016654984,0.005113313231235206,0.9989315138848577,-0.046215046983708354,True
EVR_01,2026,2026-04-05,12.4059,17.423,7.1455,8.6344,219.03411,7.28425,310.99075,36.7,344.79140000000007,10.277499999999998,4.3862000000000005,0.22657823508507427,0.14430898706959805,-0.5724969281558905,-0.010881281347207172,0.9979887423155984,-0.06339140486951038,True
EVR_01,2026,2026-04-06,13.1738,18.7959,6.985,0.3453,262.78822,7.8904499999999995,318.8812,42.2,114.3361000000001,11.8109,6.0949,0.21560994616708584,0.11407907366179952,-0.6025746301677606,-0.02698625561530746,0.9967506498213929,-0.08054900421874167,True
EVR_01,2026,2026-04-07,14.4949,20.308,8.5319,5.5674,245.22733,9.41995,328.30115,39.5,89.66030000000009,11.7761,4.3308,0.23582864597669265,0.1297537006395231,-0.5927980626700913,0.01337605780091683,0.9952176027737294,-0.09768276782171598,True
EVR_01,2026,2026-04-08,11.7272,16.243,6.5188,5.5915,255.4319,6.380899999999999,334.68205,48.599999999999994,0.5340000000000913,9.7242,6.531,0.27226974057153386,0.1415664105875174,-0.5710233704032432,0.0355432465458875,0.9933900548258936,-0.11478762552212701,True
EVR_01,2026,2026-04-09,8.9293,13.2203,5.4767,14.7679,211.11138,4.3485,339.03055,32.599999999999994,-106.93109999999989,7.7436,4.6117,0.2968557276605519,0.17369804890412036,-0.5246379734908978,0.05382788766093857,0.9912685467787256,-0.13185851571739118,True
EVR_01,2026,2026-04-10,6.769,11.6482,2.6122,32.6123,230.17344,2.1301999999999994,341.16075,32.800000000000004,-111.2664999999999,9.036,2.7784,0.2787815346625534,0.16111069196586214,-0.5274988414926853,0.05245204654497329,0.9888537064205885,-0.1488903868564548,True
EVR_01,2026,2026-04-11,7.693,11.8326,2.2474,5.7667,232.1701,2.039999999999999,343.20074999999997,33.4,-192.51449999999988,9.5852,4.478899999999999,0.2851500207072453,0.15081735128135487,-0.5481445590275612,0.036402439150515525,0.986146248341595,-0.16587819893463143,True
EVR_01,2026,2026-04-12,9.1535,13.6209,4.3316,7.2315,230.96006,3.9762500000000003,347.177,34.3,-191.51739999999987,9.2893,4.5901,0.26346872534434873,0.14965051788694356,-0.5832729616078395,0.03689049025927446,0.9831469737221499,-0.1828169249850199,True
EVR_01,2026,2026-04-13,8.9822,13.8606,2.4828,0.5223,276.9155,3.1716999999999995,350.3487,41.2,-190.34039999999987,11.3778,5.7111,0.2810227701040812,0.1540846931583604,-0.5088948667077735,0.06541282393699538,0.9798567700958665,-0.1997015525660636,True
EVR_01,2026,2026-04-14,10.4371,16.1801,5.116,0.0,264.27355,5.64805,355.99675,43.0,-199.4077999999999,11.0641,5.9822999999999995,0.2644289234701813,0.14393043333738512,-0.5577724279307446,0.028600277493488674,0.9762766110869321,-0.21652708524481437,True
EVR_01,2026,2026-04-15,11.1,17.2146,6.4083,0.0009,237.12374,6.811450000000001,362.8082,39.6,-195.9983999999999,10.8063,5.472899999999999,0.25765552886801796,0.1499081577939342,-0.5780181047927709,-0.0146142117035159,0.9724075561219968,-0.23328854407545518,True
EVR_01,2026,2026-04-16,10.4094,15.1181,6.9688,0.0163,183.73184,6.04345,368.85165,30.700000000000003,-208.84999999999988,8.1493,5.153099999999999,0.28785202376025293,0.16060516510505496,-0.5496759624499252,-0.009003703900298976,0.9682507501166718,-0.2499809690726521,True
EVR_01,2026,2026-04-17,10.8659,15.8848,6.4102,0.0383,261.42242,6.147500000000001,374.99915,40.4,-249.0239999999999,9.4746,5.4761999999999995,0.2690612053369075,0.13522088010652653,-0.5620669775857168,-0.009720329325645871,0.9638074231367307,-0.26659942067929354,True
EVR_01,2026,2026-04-18,11.8816,16.8221,7.2218,0.0024,242.10851,7.02195,382.0211,42.0,-263.3882999999999,9.600299999999999,6.162100000000001,0.2878688105585426,0.16355132880288945,-0.5010804506564929,0.002718789851297254,0.9590788900341131,-0.28313898122818354,True
EVR_01,2026,2026-04-19,11.7731,17.3646,5.7297,17.9248,259.65038,6.54715,388.56825,39.5,-257.89499999999987,11.634899999999998,3.8865999999999996,0.26739018520030033,0.1484269851610127,-0.5712372366584377,0.003921459855951603,0.9540665500578387,-0.2995947563972602,True
EVR_01,2026,2026-04-20,13.2924,18.7705,6.7876,1.9339,279.95264,7.77905,396.3473,45.400000000000006,-260.6833999999999,11.982899999999997,4.903600000000001,0.2715778266278491,0.15190696897847383,-0.5532468863024911,-0.009444943476232148,0.9487718864399473,-0.31596187665790293,True
EVR_01,2026,2026-04-21,13.6714,19.1701,8.9055,31.3961,236.05952,9.0378,405.3851,36.6,-222.88729999999987,10.264600000000002,3.5821000000000005,0.3043292532316672,0.1755057009550352,-0.5296653271951065,0.039900329761485887,0.9431964659565866,-0.33223549871590435,True
EVR_01,2026,2026-04-22,9.4069,11.0752,7.2824,141.8241,88.85749,4.178800000000001,409.5639,23.7,-65.1640999999999,3.7928000000000006,2.1549000000000005,0.3061539700573112,0.1670105490661874,-0.5346782618585958,0.04849844118929325,0.9373419384643772,-0.3484108069446808,True
EVR_01,2026,2026-04-23,10.2332,14.2257,6.311,9.9298,191.0815,5.26835,414.83225,33.2,-57.75059999999991,7.9147,5.4123,0.3117586672592233,0.16471464828689084,-0.5169970693362421,0.02390664349897037,0.9312100364121947,-0.3644830148102912,True
EVR_01,2026,2026-04-24,12.8958,18.4222,5.9945,1.3927,262.93438,7.208349999999999,422.0406,44.1,-60.09619999999992,12.4277,6.792,0.3268246360460187,0.1840786227373994,-0.512621157663508,0.05776343070911116,0.9248025743285089,-0.38044736628785164,True
EVR_01,2026,2026-04-25,15.503,20.7063,10.1498,0.093,297.31747,10.428049999999999,432.46865,50.8,-68.80559999999991,10.556499999999998,8.0069,0.310064509190676,0.17213130220194345,-0.5354413858396084,0.022195698632133443,0.9181214482844364,-0.39629913726891813,True
EVR_01,2026,2026-04-26,17.1796,22.9901,11.2603,0.0103,299.90288,12.1252,444.59385,53.900000000000006,-101.12009999999992,11.729800000000001,8.3062,0.30682197244392834,0.16818422778815154,-0.5358175717700719,0.039431787243628,0.9111686353326631,-0.41203363695942635,True
EVR_01,2026,2026-04-27,11.5988,15.4285,6.5211,0.0009,304.2401,5.9748,450.56865,51.6,-109.2530999999999,8.907399999999999,7.453800000000001,0.33439958801310893,0.17397935880398205,-0.5014151520347009,0.06282176138525986,0.9039461929224011,-0.42764620926777464,True
EVR_01,2026,2026-04-28,11.2092,17.1606,5.0839,0.0,305.52688,6.122249999999999,456.6909,46.5,-150.5491999999999,12.076699999999999,5.543499999999999,0.33216932104151015,0.1854051838140924,-0.5088854771710998,0.02784006780984294,0.8964562582905575,-0.44313223418263453,True
EVR_01,2026,2026-04-29,11.7269,17.4039,4.8341,0.0086,303.0215,6.119,462.80989999999997,46.5,-315.16469999999987,12.5698,5.632700000000001,0.3407217369309559,0.1859999533440044,-0.5101357196293097,0.03456776687364471,0.8887010478292915,-0.45848712914008766,True
EVR_01,2026,2026-04-30,11.3767,15.3888,8.0036,40.2691,241.95677,6.696200000000001,469.5061,39.300000000000004,-290.9253999999999,7.385199999999999,3.928699999999999,0.3261682620886672,0.17712807450604462,-0.5076355772283361,0.014409594829443928,0.8806828564301475,-0.47370635037968,True
EVR_01,2026,2026-05-01,8.3484,10.8036,5.8156,110.5847,112.25381,3.3095999999999997,472.8157,32.0,-169.63339999999988,4.9879999999999995,3.9989,0.36666312233681525,0.1947843812986531,-0.5168747887770816,0.03983848629079656,0.8724040568049612,-0.48878539428899265,True
EVR_01,2026,2026-05-02,8.3369,12.2309,4.3061,18.4818,245.05216,3.2684999999999995,476.0842,38.6,-139.0445999999999,7.9248,6.186999999999999,0.3675302526877904,0.19788187093840975,-0.4982479640193955,0.05746574349711436,0.8638670987837349,-0.503719798736334,True
EVR_01,2026,2026-05-03,8.8099,12.1708,5.6709,10.6076,159.48562,3.9208499999999997,480.00505,28.7,-103.24729999999988,6.4999,6.377300000000001,0.37204453602013593,0.18871228806066137,-0.47928294839925767,0.06522256357620759,0.8550745085896932,-0.518505144391157,True
EVR_01,2026,2026-05-04,11.8658,16.7603,6.3305,0.7395,206.09197,6.545400000000001,486.55045,39.699999999999996,-90.60869999999989,10.4298,8.1338,0.36396235647324765,0.19241127694272603,-0.4932230281939953,0.029562768460138722,0.8460288880917339,-0.533137056031809,True
EVR_01,2026,2026-05-05,13.5735,19.779,7.4794,0.0113,308.78307,8.6292,495.17965,51.7,-95.79739999999988,12.2996,7.819099999999999,0.35086111679022197,0.18772221067662326,-0.5083507872891855,0.018691795748711826,0.8367329140344921,-0.5476112038402312,True
EVR_01,2026,2026-05-06,15.1105,21.5737,8.2199,1.5046,299.09818,9.896799999999999,505.07645,48.300000000000004,-96.10139999999988,13.353799999999998,5.6669,0.3753954886138679,0.19960216769267325,-0.45814651719988525,0.03467375168291198,0.8271893372462497,-0.5619233046832195,True
EVR_01,2026,2026-05-07,17.1974,23.9438,9.6599,0.1324,306.6063,11.801850000000002,516.8783,55.199999999999996,-152.1380999999999,14.2839,7.337399999999999,0.39027360224058744,0.1977093495823598,-0.4569958636795392,0.06410534015192021,0.8174009818249189,-0.5760691233798758,True
EVR_01,2026,2026-05-08,17.7261,22.6241,12.9143,5.1174,225.7875,12.769199999999998,529.6475,47.7,-273.30539999999985,9.709799999999998,8.207399999999998,0.40682457485688023,0.22605096004015368,-0.4569151628893972,0.04016145252006498,0.8073707443023492,-0.5900444739548627,True
EVR_01,2026,2026-05-09,17.2535,21.7152,12.9176,24.2595,211.16451,12.316400000000002,541.9639,41.8,-270.72769999999986,8.7976,4.497499999999999,0.3790306315956872,0.20911585052467624,-0.4559105372001962,0.011500378907896791,0.7971015927871943,-0.6038452208771035,True
EVR_01,2026,2026-05-10,18.2394,23.3367,11.8888,4.6634,268.97338,12.612749999999998,554.57665,45.8,-293.77189999999985,11.4479,4.2134,0.3783796441214796,0.1968884434548209,-0.4937060816896614,0.006335108101343689,0.7865965660866021,-0.6174672802835514,True
EVR_01,2026,2026-05-11,19.0561,24.1592,13.9092,1.6514,284.82832,14.034199999999998,568.61085,50.3,-303.45999999999987,10.249999999999998,4.1524,0.3911220760691021,0.21510866968993883,-0.44918295245098055,0.027159719595854448,0.7758587728069828,-0.6309066211876704,True
EVR_01,2026,2026-05-12,19.344,24.3632,14.2494,2.5399,286.7942,14.3063,582.91715,54.199999999999996,-303.4313999999998,10.1138,6.169300000000002,0.40852412622577544,0.21289962147152103,-0.4598257927247341,0.05766300943555347,0.7648913904341225,-0.6441592666722685,True
EVR_01,2026,2026-05-13,18.015,23.5901,12.6849,24.3432,276.91376,13.1375,596.05465,50.4,-282.69279999999986,10.905199999999999,5.3664000000000005,0.4269005215827075,0.22693536261522523,-0.40374018989446975,0.051505032968839626,0.753697664392914,-0.6572212950663319,True
EVR_01,2026,2026-05-14,13.7658,18.0118,10.9179,133.6251,187.4386,9.46485,605.5195,47.4,-141.40009999999984,7.093900000000001,4.3505,0.405391059430664,0.21483365872801008,-0.42276290245711723,0.015117457190076566,0.742280907086982,-0.6700888411055113,True
EVR_01,2026,2026-05-15,14.8917,20.3437,8.4425,7.6999,295.82374,9.3931,614.9126,49.3,-140.41759999999988,11.901199999999998,4.4557,0.44655067253910646,0.23221540743256294,-0.4257289454139931,0.039726097682226236,0.7306444969184916,-0.6827580970759147,True
EVR_01,2026,2026-05-16,18.2957,24.0303,10.3618,8.505,299.43466,12.19605,627.10865,54.800000000000004,-169.17209999999986,13.6685,6.1257,0.4458307448114825,0.24249363308166477,-0.4110560188512197,0.06680011321579532,0.7187918772884232,-0.6952253139408722,True
EVR_01,2026,2026-05-17,17.3943,19.4891,16.1861,2.9412,31.874188,12.837600000000002,639.94625,6.8999999999999995,-131.99429999999987,3.303000000000001,3.669900000000002,0.45033096059711447,0.25799090914873557,-0.4023292646109899,0.07195131647563485,0.7067265555776158,-0.7074868024503348,True
EVR_02,2026,2026-01-01,-1.4981,2.2267,-3.5275,0.1829,109.59601,0.0,0.0,8.0,25.20170000000005,5.7542,8.418600000000001,0.3170092086155979,0.15467366213430564,-0.5362361385617249,0.0,0.017201575418260506,0.9998520419557735,False
EVR_02,2026,2026-01-02,3.7921,7.5489,-2.6275,0.0228,95.72445,0.0,0.0,5.6,20.95960000000005,10.1764,5.2191,0.31599321977265193,0.17551151745585794,-0.5374217320077956,-0.0010159888429459585,0.03439806061360801,0.9994082116062598,False
EVR_02,2026,2026-01-03,12.4046,14.9752,8.0506,53.5704,43.32631,6.512899999999998,6.512899999999998,11.6,69.03190000000005,6.9246,2.8269,0.31689651585757994,0.1851500637084626,-0.5201397929232021,-0.00011269275801795153,0.051584366869408364,0.9986686402879997,False
EVR_02,2026,2026-01-04,14.8248,17.3275,13.5609,3.444,92.70335,10.4442,16.957099999999997,11.6,62.18020000000005,3.7666000000000004,4.7728,0.3186484869216082,0.17235450499823618,-0.4837815940044792,0.0016392783060102945,0.06875540848113941,0.9976335468520451,False
EVR_02,2026,2026-01-05,13.3027,15.0763,11.4639,4.2454,39.17164,8.2701,25.227199999999996,5.7,67.78020000000005,3.612399999999999,3.1988000000000003,0.3023301549179679,0.17249742168867027,-0.541703159130263,-0.014679053697630007,0.08590610426133272,0.9963032375991965,False
EVR_02,2026,2026-01-06,13.5593,16.9283,11.1317,33.3749,71.67528,9.030000000000001,34.2572,12.3,38.008100000000056,5.7966,3.3377999999999997,0.3009436464746952,0.16509347038912825,-0.547176495897815,-0.01606556214090271,0.10303137904317879,0.9946781061893646,False
EVR_02,2026,2026-01-07,15.0614,17.8412,12.3438,38.3949,86.94542,10.092500000000001,44.3497,14.0,64.43530000000005,5.497400000000001,3.8401000000000014,0.30866353175799155,0.16367245959046486,-0.549085069130359,-0.008345676857606343,0.1201261651823505,0.9927586335250793,False
EVR_02,2026,2026-01-08,9.7183,15.5981,1.9083,394.3172,68.58995,3.7531999999999996,48.1029,25.5,441.06960000000004,13.6898,3.8260999999999994,0.291585082463368,0.16899216042264753,-0.5150850381267652,-0.025424126152229887,0.13718540405660057,0.9905453876091833,False
EVR_02,2026,2026-01-09,4.8813,8.8448,-0.8362,25.4167,109.63207,0.0,48.1029,14.9,457.1635000000001,9.681,9.380600000000001,0.33111693107969886,0.1670872694291395,-0.5208492815874631,0.015123711307046928,0.1542040475626894,0.988039023376751,False
EVR_02,2026,2026-01-10,11.578,14.1005,9.47,134.8722,56.95413,6.785250000000001,54.88815,11.1,538.9653000000001,4.6305,2.1966,0.3317287745600521,0.18368510604193397,-0.47275394454369607,0.014832258702472179,0.17117705961019986,0.985240282501282,False
EVR_02,2026,2026-01-11,4.6844,9.6267,-0.0457,55.46,51.46109,0.0,54.88815,12.4,590.1813000000001,9.6724,3.0005,0.32387932433068467,0.17730496312236177,-0.48261673626448787,0.005230837409076483,0.18809941761179758,0.9821499931752291,False
EVR_02,2026,2026-01-12,-0.5501,1.9638,-3.3133,21.0806,55.78223,0.0,54.88815,8.6,604.1165000000001,5.2771,6.096399999999999,0.3312448609881672,0.17382563184204353,-0.48940681636039207,0.028914706070199303,0.20496611396949532,0.9787690698649216,False
EVR_02,2026,2026-01-13,-0.0642,3.3917,-4.451,1.1849,107.9591,0.0,54.88815,7.2,577.0265000000002,7.8427,6.6808000000000005,0.3431589169551935,0.1876458259100356,-0.4806682331826894,0.042215270480498335,0.22177215755648186,0.975098513039961,False
EVR_02,2026,2026-01-14,5.5733,8.4347,2.8454,0.3374,57.806028,0.6400499999999996,55.5282,4.8999999999999995,548.0690000000001,5.5893,3.7813999999999997,0.31633001111525194,0.17985238163060074,-0.5058638717342112,0.007666479357260392,0.23851257519407648,0.9711394088771653,False
EVR_02,2026,2026-01-15,7.7735,13.6404,3.7623,0.0137,102.94723,3.7013499999999997,59.22955,7.3,171.9655000000001,9.8781,2.6163000000000007,0.3408087911727201,0.16857701805467462,-0.49194728263340115,0.04922370870935211,0.2551824131233728,0.9668929289391521,False
EVR_02,2026,2026-01-16,5.2747,10.0832,1.2904,5.4095,51.047576,0.6867999999999999,59.91635,4.4,162.45830000000012,8.7928,1.8218,0.3176274838423985,0.1797890392768471,-0.5379128663922894,-0.01348944723730039,0.2717767384711357,0.9623603298276545,False
EVR_02,2026,2026-01-17,1.0044,4.0678,-1.7147,2.172,73.6797,0.0,59.91635,8.0,32.85810000000012,5.7825,4.1506,0.32835064059846253,0.1795993678299969,-0.5167941552212021,-0.003378133961589591,0.2882906407095177,0.9575429528116719,False
EVR_02,2026,2026-01-18,-2.2045,0.6877,-4.4237,2.2992,78.438616,0.0,59.91635,6.8,-14.702699999999885,5.1114,5.3039000000000005,0.3534358001380889,0.18104687924665566,-0.5067128613631934,0.029556475807404226,0.3047192331091634,0.9524422234305676,False
EVR_02,2026,2026-01-19,-2.1021,1.5228,-4.8012,1.0288,99.69107,0.0,59.91635,6.8999999999999995,-33.054499999999884,6.324,5.2923,0.35256411967731066,0.18380542050166276,-0.48923105046270415,0.021319258689143472,0.321057654185271,0.9470596510722283,False
EVR_02,2026,2026-01-20,0.4633,3.6192,-2.4083,0.2303,90.46421,0.0,59.91635,5.8999999999999995,-32.709099999999886,6.0275,3.415,0.4042090488714123,0.20957320893825732,-0.47200769395951114,0.061050131916218775,0.3373010691361842,0.9413968285264122,False
EVR_02,2026,2026-01-21,3.6868,7.2734,0.3259,3.9609,62.272384,0.0,59.91635,4.2,-28.385599999999886,6.9475,3.2866999999999997,0.3217160512182864,0.17569033653628757,-0.4927933055483811,0.005386040103034451,0.3534446712740877,0.9354554315134164,False
EVR_02,2026,2026-01-22,6.2812,9.3956,3.6005,137.863,39.73237,1.49805,61.4144,9.700000000000001,107.06370000000013,5.7951,1.811,0.3252813289635157,0.16764009467948335,-0.51834550961987,-0.015527462209204423,0.3694836834473831,0.9292372181882051,False
EVR_02,2026,2026-01-23,7.4028,10.4783,4.0028,77.5004,41.303324,2.2405500000000007,63.65495,4.8,178.75460000000012,6.475500000000001,0.9419000000000004,0.34177818753082256,0.19572712801311706,-0.514836661037655,0.02415070368842409,0.38541335945432564,0.9227440286201427,False
EVR_02,2026,2026-01-24,7.7887,10.2422,5.2269,3.9023,40.932816,2.7345500000000005,66.3895,4.0,184.48490000000012,5.015300000000001,1.359,0.31235140784007964,0.17900313184246364,-0.5066845819543843,-0.015999232758382886,0.4012289854475009,0.9159777842484877,False
EVR_02,2026,2026-01-25,10.1872,15.5416,5.4666,1.5169,68.1456,5.504100000000001,71.8936,5.5,185.00260000000011,10.075000000000001,1.6049000000000007,0.35124096796640436,0.19750615348729975,-0.5300012609311975,-0.0021948321716845354,0.4169258813287287,0.908940487313808,False
EVR_02,2026,2026-01-26,11.1604,15.903,7.9094,29.2113,90.01949,6.9062,78.7998,10.7,209.3851000000001,7.993600000000001,3.0564,0.3186395632069082,0.18150378938612613,-0.517631221548209,-0.033924556470402434,0.4324994021339788,0.901634220265486,False
EVR_02,2026,2026-01-27,10.1645,13.73,7.504,83.9547,88.0484,5.617000000000001,84.41680000000001,15.8,283.20950000000016,6.226000000000001,2.4939,0.32263904054213277,0.1653485567940742,-0.5071284086760747,-0.08157000832927952,0.44794493940789115,0.8940611451454876,False
EVR_02,2026,2026-01-28,9.7974,12.9392,6.4592,9.7446,83.84162,4.699199999999999,89.116,10.3,282.89320000000015,6.4799999999999995,3.1647999999999996,0.31973938164915017,0.16270299604755786,-0.5177091961067298,-0.0019766695691362246,0.4632579225674917,0.88622350294858,False
EVR_02,2026,2026-01-29,12.116,13.2373,10.6642,127.9633,34.91532,6.950749999999999,96.06675,14.5,268.19350000000014,2.5731,2.4223,0.32530033985317164,0.1602827892151252,-0.5346842024134546,1.9010889655945995e-05,0.4784338202547012,0.8781236129591848,False
EVR_02,2026,2026-01-30,8.9613,11.4267,6.3272,65.3752,44.815544,3.876950000000001,99.9437,11.1,249.76830000000012,5.0995,1.7993999999999994,0.353870251333289,0.18673496510692913,-0.47755995200280854,0.012092063802466413,0.49346814167723735,0.8697638720650646,False
EVR_02,2026,2026-01-31,5.6721,7.7417,4.0782,89.9023,43.984404,0.9099500000000003,100.85365,11.9,327.8683000000001,3.6635,1.6272000000000002,0.3533273202091224,0.19281195132487497,-0.4561704146114871,0.040975912369042744,0.5083564379375122,0.8611467540480452,False
EVR_02,2026,2026-02-01,4.5202,5.8244,3.6763,144.8798,37.19798,0.0,100.85365,14.3,462.4312000000001,2.1481,1.7746,0.35203220851244776,0.21119433397532084,-0.4577519554064483,0.0007912405460434035,0.5230943033491326,0.8522748088519838,False
EVR_02,2026,2026-02-02,1.1607,5.0345,-1.2,188.9796,18.983926,0.0,100.85365,11.6,621.2995000000001,6.234500000000001,2.2372,0.35145432818579647,0.19080490243765527,-0.5072846468632435,0.032814764978888245,0.5376773767406141,0.8431506618282,False
EVR_02,2026,2026-02-03,2.7945,6.438,-1.9736,11.7453,46.734856,0.0,100.85365,4.4,560.4901,8.4116,2.7661000000000002,0.33620112271894986,0.2041961226803807,-0.4832171289438107,0.013562082176817092,0.5521013427459208,0.8337770129585915,False
EVR_02,2026,2026-02-04,7.0446,11.3756,4.6647,0.0867,65.041428,3.020150000000001,103.8738,4.8999999999999995,556.2322000000001,6.7109000000000005,2.3433,0.3452475575357762,0.18617609481554895,-0.4921988587241324,0.025508175886626017,0.5663619330814524,0.8241566360566663,False
EVR_02,2026,2026-02-05,8.4433,9.7752,5.127,239.5486,21.724042,2.4511000000000003,106.3249,5.4,676.9175000000001,4.6482,1.6720000000000006,0.3500784634219981,0.1971629212457557,-0.5182732316070735,0.02477812356882647,0.580454927809098,0.8142923779467267,False
EVR_02,2026,2026-02-06,10.9189,15.1712,6.9529,68.3947,90.51418,6.062049999999999,112.38695,9.9,681.1370000000001,8.218300000000001,1.9149000000000012,0.3456218964716188,0.17516110239982494,-0.5188712891315278,-0.008248354861670193,0.5943761565849831,0.804187157621448,False
EVR_02,2026,2026-02-07,11.4107,15.8449,8.3463,13.4005,111.50836,7.095600000000001,119.48255,12.8,603.7352000000001,7.4986000000000015,2.0912000000000006,0.37083390046776354,0.18671190714068175,-0.464841938743096,0.017506580258641158,0.6081214998935418,0.7938439653781019,False
EVR_02,2026,2026-02-08,9.4032,12.6256,6.8327,97.8986,59.912776,4.729150000000001,124.21170000000001,8.4,562.6540000000001,5.7929,0.5890000000000004,0.3458447565220667,0.19350241351346528,-0.5256345880991953,-0.006187451990381065,0.6216868902665479,0.7832658619336791,False
EVR_02,2026,2026-02-09,7.2609,9.9962,4.0175,22.058,50.13592,2.00685,126.21855000000001,9.799999999999999,397.5324000000001,5.9787,1.4726000000000008,0.3519948235317326,0.1982009250012927,-0.44784959180329464,0.0005404953459361428,0.6350683134867438,0.7724559775191742,False
EVR_02,2026,2026-02-10,4.7333,7.3736,2.7585,4.6912,49.637376,0.06604999999999972,126.28460000000001,10.8,384.0783000000001,4.6151,3.9104,0.38570661181392674,0.21506749608468326,-0.46571486156055925,0.04950548909497687,0.6482618097757122,0.7614175109532997,False
EVR_02,2026,2026-02-11,6.1673,10.2113,2.5015,0.2564,87.51264,1.3563999999999998,127.641,9.2,379.94800000000015,7.7097999999999995,3.0949,0.34621636404241585,0.16988729099011063,-0.5021136977330278,0.0009688065066396634,0.6612634749656386,0.7501537286959042,False
EVR_02,2026,2026-02-12,8.9945,13.505,4.7107,110.8152,69.14351,4.107850000000001,131.74885,11.700000000000001,244.91460000000012,8.7943,1.827,0.3682124275240706,0.21965219704671854,-0.48222959298280094,0.018133964102072464,0.6740694616546161,0.7386679638813748,False
EVR_02,2026,2026-02-13,10.2621,14.1824,6.749,187.4284,84.07186,5.4657,137.21455,13.700000000000001,360.1483000000002,7.4334,1.4557000000000002,0.3511322824327904,0.18683953964268527,-0.4906707158877678,0.005510385961171593,0.6866759803451553,0.726963615332308,False
EVR_02,2026,2026-02-14,10.118,15.6628,4.2658,12.175,147.74626,4.9643,142.17885,18.0,353.7228000000001,11.397000000000002,3.1785000000000005,0.37498507015424165,0.19095192865800595,-0.4270570308023419,0.004151169686478107,0.6990793005655562,0.7150441465537444,False
EVR_02,2026,2026-02-15,13.6583,19.6511,8.1916,25.9495,136.69656,8.92135,151.1002,23.8,266.3737000000001,11.4595,5.443100000000001,0.39075444410687643,0.21680773390650387,-0.4426260926363929,0.04490968758480973,0.7112757519738152,0.7029130847082615,False
EVR_02,2026,2026-02-16,12.8393,16.5611,10.4423,28.7166,128.28323,8.5017,159.6019,18.1,264.7323000000001,6.1188,2.805299999999999,0.36511074270853183,0.20455622559484618,-0.4496091971402532,0.013115919176799218,0.7232617254437388,0.6905740195722293,False
EVR_02,2026,2026-02-17,11.5927,15.2337,9.6778,110.3808,109.40387,7.45575,167.05765,17.4,363.82190000000014,5.555900000000001,2.3613,0.34188942142038203,0.18817635270389677,-0.4782920375328636,-0.0438171903935447,0.7350336741329413,0.6780306024735382,False
EVR_02,2026,2026-02-18,3.744,9.6137,0.6826,130.1032,54.707812,0.14815000000000023,167.2058,17.3,485.5687000000001,8.931099999999999,3.0361000000000002,0.3652557731119058,0.19581029160351657,-0.4874381291874966,0.019039409069489976,0.746588114532413,0.6652865452111116,False
EVR_02,2026,2026-02-19,6.9648,11.6944,2.4598,6.282,150.42514,2.0770999999999997,169.2829,16.7,376.03550000000007,9.2346,5.435600000000001,0.38657903604412813,0.20835505991890538,-0.4506376023539401,0.01836660852005756,0.7579216274973472,0.6523456189565257,False
EVR_02,2026,2026-02-20,10.9896,15.9995,7.074,0.8087,138.03622,6.53675,175.81965,16.6,186.5158000000001,8.9255,4.393,0.3658851717808064,0.20082954085189764,-0.48034667764846234,0.014752889348015996,0.7690308592589181,0.6392116531380588,False
EVR_02,2026,2026-02-21,9.0328,12.173,4.502,84.1953,57.171936,3.3375000000000004,179.15715,13.6,262.9361000000001,7.671,2.4749999999999996,0.35943763961883024,0.20218280049513157,-0.4576599720110402,-0.01554743053541141,0.7799125224167177,0.6258885343075018,False
EVR_02,2026,2026-02-22,3.9079,7.3581,1.1032,47.1971,72.06057,0.0,179.15715,17.3,290.6837000000001,6.2549,3.4906,0.3756743652476259,0.20504029622183736,-0.4664340017459381,-0.015080078859250556,0.7905633969115482,0.612380204990065,False
EVR_02,2026,2026-02-23,6.4312,11.0481,2.5449,2.0351,160.25997,1.7965,180.95365,17.0,265.1022000000001,8.5032,4.3612,0.3868265280553118,0.2159810364123279,-0.46628111889985285,0.02171578534677998,0.8009803309782905,0.5986906625177214,False
EVR_02,2026,2026-02-24,10.3171,14.6732,6.1409,7.1053,160.03565,5.40705,186.3607,17.9,161.3267000000001,8.5323,3.5072,0.3664553502411194,0.19405524209641314,-0.468409883312223,0.02456592882073738,0.8111602420785621,0.5848239578463322,False
EVR_02,2026,2026-02-25,6.9643,10.2941,3.6618,20.983,146.58752,1.9779499999999999,188.33865,17.8,51.70650000000012,6.632300000000001,3.4692,0.3532208662008326,0.17930416538984323,-0.494838565805386,-0.012034906911073229,0.8211001178128892,0.5707841943569036,False
EVR_02,2026,2026-02-26,4.4532,8.1517,-0.175,8.9003,146.80512,0.0,188.33865,19.0,52.02480000000012,8.3267,4.8589,0.3854012513189091,0.19514841224218588,-0.47064144705565525,-0.001177784725219011,0.8307970168121247,0.5565755266413303,False
EVR_02,2026,2026-02-27,2.7635,7.5402,-2.6013,0.2996,154.85858,0.0,188.33865,16.0,52.11570000000012,10.1415,4.5003,0.3974318995499704,0.2296989402635929,-0.46701333755614266,0.03154672776916401,0.8402480696078469,0.5422021592729844,False
EVR_02,2026,2026-02-28,3.7218,7.4542,0.505,0.1205,130.37598,0.0,188.33865,14.1,-32.459099999999886,6.9492,3.9954,0.3999245779709363,0.22222694311213295,-0.4574532625387405,0.04048693835210604,0.8494504794814806,0.527668345562516,False
EVR_02,2026,2026-03-01,4.1636,8.5023,0.9717,0.0505,124.18458,0.0,188.33865,13.5,-75.80569999999989,7.5306,3.3324999999999996,0.4380285838139759,0.22393468805325453,-0.45534267654976807,0.06235421856635004,0.8584015232918917,0.512978386299228,False
EVR_02,2026,2026-03-02,5.8488,12.1939,-0.1144,0.0026,186.21373,1.0397499999999997,189.3784,18.5,-79.33819999999989,12.3083,3.0254999999999996,0.4150007817213008,0.21589708313707712,-0.42751574269970094,0.02817425366598897,0.8670985522812081,0.4981366284784055,False
EVR_02,2026,2026-03-03,7.3157,13.5242,2.7707,0.0149,163.80334,3.147450000000001,192.52585000000002,18.3,-86.82859999999988,10.7535,2.6799,0.44843397396884194,0.2497169203042762,-0.431783310279606,0.08197862372772252,0.8755389928586302,0.4831474640149687,False
EVR_02,2026,2026-03-04,7.1626,12.4584,1.9066,0.0569,183.46269,2.182499999999999,194.70835,20.6,-110.55469999999988,10.5518,3.5177000000000005,0.42990917198877615,0.22981496206722102,-0.40386713665356816,0.07668830578794356,0.8837203473619977,0.4680153284438345,False
EVR_02,2026,2026-03-05,9.0444,13.8286,4.4621,13.3866,153.9786,4.1453500000000005,198.8537,18.3,-105.3683999999999,9.366499999999998,3.8907999999999996,0.4429586648056309,0.23985885697720735,-0.433330673871248,0.057557413486721776,0.8916401947968874,0.45274469960737107,False
EVR_02,2026,2026-03-06,8.8929,14.6433,4.7499,3.9493,177.83232,4.6966,203.5503,21.9,-107.61869999999989,9.8934,3.402899999999999,0.4565177443910572,0.256061259373715,-0.4355842001495426,0.05908584484108681,0.8992961915530253,0.4373400963303323,False
EVR_02,2026,2026-03-07,6.0435,10.7389,1.269,0.3271,175.736,1.0039499999999997,204.55425,20.400000000000002,-113.7120999999999,9.469899999999999,4.9397,0.45420083575965964,0.25793317981176567,-0.3768892999465402,0.05427625778872336,0.9066860720977985,0.4218060770826634,False
EVR_02,2026,2026-03-08,4.8999,9.9391,0.2304,0.0215,191.45749,0.08474999999999966,204.639,19.900000000000002,-120.1410999999999,9.7087,4.5348,0.42956894633864984,0.24295081700740048,-0.4302931916118377,-0.008459637475326076,0.9138076496466615,0.4061472386305789,False
EVR_02,2026,2026-03-09,6.012,10.0599,3.2938,0.0077,172.76586,1.67685,206.31585,19.900000000000002,-121.53599999999989,6.766100000000001,4.7942,0.45405132662158004,0.24131467768229672,-0.39882039385232804,0.03905054490027926,0.9206588168102428,0.3903682146763026,False
EVR_02,2026,2026-03-10,7.645,14.3323,3.3497,0.0094,209.07402,3.8409999999999993,210.15685,25.3,-128.5414999999999,10.9826,5.7258,0.441397671098476,0.25681899428752725,-0.40248607960401916,-0.00703630287036594,0.9272375462179537,0.374473674486883,False
EVR_02,2026,2026-03-11,7.1978,14.7063,0.2986,0.0025,217.54638,2.5024500000000005,212.6593,24.299999999999997,-132.29589999999988,14.4077,4.1043,0.442420830559687,0.23599110938111162,-0.40863398925656336,0.012511658570910855,0.9335418911179212,0.35846832151248087,False
EVR_02,2026,2026-03-12,6.8032,11.889,2.7242,0.4624,188.33525,2.3065999999999995,214.9659,20.299999999999997,-147.2200999999999,9.1648,3.4930000000000003,0.4636966175542943,0.238769390163613,-0.43738629422012076,0.020737952748663413,0.9395699859530622,0.342356891994542,False
EVR_02,2026,2026-03-13,6.5212,11.1368,2.9967,0.5986,139.82922,2.06675,217.03265000000002,16.7,-145.3707999999999,8.140099999999999,3.8814,0.4659582218132803,0.25647001086094096,-0.40452500097799315,0.009440477422223092,0.945320046913132,0.3261441535642696,False
EVR_02,2026,2026-03-14,6.3197,11.2157,1.6215,0.0456,179.07146,1.4185999999999996,218.45125000000002,19.400000000000002,-144.65229999999988,9.5942,3.8741,0.4629218664766362,0.25377904261325307,-0.3784156772054457,0.008721030716976552,0.9507903724625832,0.3098349038318025,False
EVR_02,2026,2026-03-15,7.286,11.6819,2.9308,0.7749,134.5052,2.30635,220.7576,18.2,-142.19889999999987,8.751100000000001,4.424199999999999,0.46174581387045377,0.2309060928861439,-0.417798222137693,0.03217686753180393,0.9559793438440766,0.2934339689665273,False
EVR_02,2026,2026-03-16,6.8896,12.5189,2.3188,0.1546,168.45363,2.41885,223.17645000000002,20.0,-142.15199999999987,10.2001,4.1103,0.4679683947249585,0.2490489212117346,-0.4021544529836001,0.01391706810337845,0.9608854255574977,0.27694620226893646,False
EVR_02,2026,2026-03-17,6.3929,11.3036,0.7715,0.1489,188.92576,1.0375499999999995,224.214,21.1,-137.8124999999999,10.5321,4.3827,0.4969296064642009,0.2657123383270027,-0.3664199191521395,0.05553193536572493,0.9655071658143364,0.2603764827344581,False
EVR_02,2026,2026-03-18,7.7606,11.5143,5.6087,13.067,153.2008,3.5615000000000006,227.7755,21.6,-122.04799999999989,5.905600000000001,4.4885,0.48316093197610466,0.27196499447072103,-0.39183145159294974,0.04074010141641765,0.969843196967294,0.24372971360968387,False
EVR_02,2026,2026-03-19,6.7115,9.1334,4.4749,7.6346,94.90011,1.80415,229.57965000000002,15.2,-109.77579999999989,4.6585,4.8571,0.49057147327290856,0.24928635270868865,-0.3977107486554295,0.026874855718614254,0.9738922359149924,0.22701082094141847,False
EVR_02,2026,2026-03-20,4.8017,6.0937,3.9568,91.8866,64.10664,0.025249999999999773,229.60490000000001,28.9,-30.687799999999882,2.1369000000000002,2.3482000000000003,0.49837771442589823,0.27580325492059227,-0.40842215156172434,0.03241949261261795,0.9776530844816641,0.2102247521189836,False
EVR_02,2026,2026-03-21,6.4445,8.228,4.5403,68.1829,48.6076,1.38415,230.98905,19.5,37.34950000000012,3.6876999999999995,2.1623,0.4719633486046938,0.253998407988583,-0.41282108615774554,0.00904148212805761,0.981124629771712,0.19337647441020586,False
EVR_02,2026,2026-03-22,7.517,9.3006,6.1113,39.8472,46.531332,2.7059499999999996,233.695,16.5,78.12180000000012,3.1892999999999994,2.2358000000000002,0.4726974701467249,0.2569979047866494,-0.40148236959826994,0.010951656276271149,0.984305844499033,0.17647097349152166,False
EVR_02,2026,2026-03-23,7.895,10.152,5.8918,5.0693,59.533884,3.0218999999999987,236.7169,10.5,92.53650000000012,4.260199999999999,3.1399,0.4911220534869225,0.26638158973094833,-0.351781244018527,0.023153658761964013,0.9871957872910085,0.15951325197263655,False
EVR_02,2026,2026-03-24,8.2968,10.5622,6.6765,37.855,89.3567,3.6193500000000007,240.33625,19.0,132.34260000000012,3.885700000000001,2.9560999999999993,0.4901843532603578,0.2637326167464976,-0.3870879399228608,-0.006745253203843116,0.9897936029670716,0.14250832791617088,False
EVR_02,2026,2026-03-25,8.8561,14.2388,3.9963,2.9643,227.016,4.11755,244.4538,35.2,108.63990000000011,10.2425,5.7371,0.46675457168351686,0.28026497835325764,-0.4007354295742386,-0.016406360292587796,0.992098522791769,0.12546123335273648,False
EVR_02,2026,2026-03-26,7.382,12.7158,2.4892,0.0067,225.94262,2.6025,247.0563,27.599999999999998,88.61200000000012,10.2266,2.9213999999999993,0.48997580758776105,0.27035313264881317,-0.3928229531984007,-0.0005956656851475173,0.9941098647022418,0.10837701279187609,False
EVR_02,2026,2026-03-27,10.6153,16.9346,2.7517,42.3453,189.16646,4.84315,251.89945,25.5,42.470700000000114,14.1829,3.0307999999999993,0.4927439807547057,0.2771233053208511,-0.3739593217034615,-0.00563373367119252,0.9958270335100595,0.09126072172931188,False
EVR_02,2026,2026-03-28,10.6647,14.2371,7.9214,67.9093,193.3336,6.07925,257.9787,28.2,33.49710000000011,6.3157,2.0768000000000004,0.46589317289758225,0.2437439091286829,-0.36618709974203756,-0.006070175707111547,0.9972495210773451,0.07411742515094437,False
EVR_02,2026,2026-03-29,8.7329,9.7034,7.9971,194.5474,51.1527,3.850249999999999,261.82895,16.0,188.69730000000013,1.7063000000000006,1.3888000000000007,0.49551645763337615,0.27369954971615457,-0.3619693954952344,0.022818987486651232,0.998376906467142,0.056952196034039754,False
EVR_02,2026,2026-03-30,9.3061,11.1217,7.8829,206.7006,41.5152,4.5023,266.33125,18.1,382.72860000000014,3.2388000000000003,1.4755000000000011,0.49896968874809244,0.26559993733747533,-0.37732596488620934,0.007847635261169938,0.9992088560679753,0.03977011384605572,False
EVR_02,2026,2026-03-31,11.8786,16.3661,8.172,20.7432,195.43917,7.26905,273.6003,30.0,354.6168000000001,8.194099999999999,3.34,0.5195451497476276,0.29203892647426183,-0.36694183201141456,0.029360796487269747,0.9997451236925734,0.022576263041545485,False
EVR_02,2026,2026-04-01,11.8947,16.4239,8.6659,77.6178,178.16336,7.5449,281.1452,31.5,432.9703000000001,7.757999999999999,3.5000999999999998,0.5019578980879393,0.27567333260829924,-0.3721385541478137,0.035203326404422475,0.9999855506507186,0.005375731557583884,False
EVR_02,2026,2026-04-02,12.285,16.8145,8.6981,129.533,176.95522,7.7562999999999995,288.9015,39.9,550.1966000000001,8.116399999999999,4.218500000000001,0.5255076371028271,0.29022530321728157,-0.34900481084701784,0.03553182951506606,0.9999300657962057,-0.011826390691832589,False
EVR_02,2026,2026-04-03,12.4567,16.0739,9.8072,33.2477,160.49627,7.940549999999998,296.84205,29.1,537.4990000000001,6.266699999999998,3.0327,0.5227820798033991,0.273717901602494,-0.36302404609139777,0.030038099048693367,0.9995786855478958,-0.029025013321975237,False
EVR_02,2026,2026-04-04,11.3479,14.6183,9.1106,68.8147,85.94069,6.86445,303.7065,15.2,551.4044000000001,5.5077,1.4726999999999997,0.5038100523673172,0.283047404125673,-0.3808672059753953,0.03791687946973499,0.9989315138848577,-0.046215046983708354,False
EVR_02,2026,2026-04-05,12.4059,17.423,7.1455,8.6344,219.03411,7.28425,310.99075,36.7,344.79140000000007,10.277499999999998,4.3862000000000005,0.5543974790712795,0.30433628678754365,-0.31434589411011443,0.0588810214379033,0.9979887423155984,-0.06339140486951038,False
EVR_02,2026,2026-04-06,13.1738,18.7959,6.985,0.3453,262.78822,7.8904499999999995,318.8812,42.2,114.3361000000001,11.8109,6.0949,0.5534706772812076,0.30280719416061175,-0.3318930185101987,0.054500988533115136,0.9967506498213929,-0.08054900421874167,False
EVR_02,2026,2026-04-07,14.4949,20.308,8.5319,5.5674,245.22733,9.41995,328.30115,39.5,89.66030000000009,11.7761,4.3308,0.559097238760825,0.31366464300157754,-0.3240603946766875,0.0395520890131974,0.9952176027737294,-0.09768276782171598,False
EVR_02,2026,2026-04-08,11.7272,16.243,6.5188,5.5915,255.4319,6.380899999999999,334.68205,48.599999999999994,0.5340000000000913,9.7242,6.531,0.6100858359966017,0.3499451199453078,-0.3085386364739883,0.10812793790866237,0.9933900548258936,-0.11478762552212701,False
EVR_02,2026,2026-04-09,8.9293,13.2203,5.4767,14.7679,211.11138,4.3485,339.03055,32.599999999999994,-106.93109999999989,7.7436,4.6117,0.617440831025047,0.3409378436174751,-0.29488462220247746,0.09193319392221988,0.9912685467787256,-0.13185851571739118,False
EVR_02,2026,2026-04-10,6.769,11.6482,2.6122,32.6123,230.17344,2.1301999999999994,341.16075,32.800000000000004,-111.2664999999999,9.036,2.7784,0.6286525529742945,0.33282996599564196,-0.29675561776037035,0.10587047317089537,0.9888537064205885,-0.1488903868564548,False
EVR_02,2026,2026-04-11,7.693,11.8326,2.2474,5.7667,232.1701,2.039999999999999,343.20074999999997,33.4,-192.51449999999988,9.5852,4.478899999999999,0.6095896561666303,0.3327464732900882,-0.30096628033334893,0.10577960379931306,0.986146248341595,-0.16587819893463143,False
EVR_02,2026,2026-04-12,9.1535,13.6209,4.3316,7.2315,230.96006,3.9762500000000003,347.177,34.3,-191.51739999999987,9.2893,4.5901,0.632565199895214,0.33047726109282327,-0.2790388761263619,0.07816772082393453,0.9831469737221499,-0.1828169249850199,False
EVR_02,2026,2026-04-13,8.9822,13.8606,2.4828,0.5223,276.9155,3.1716999999999995,350.3487,41.2,-190.34039999999987,11.3778,5.7111,0.6444865054196124,0.34404547918383155,-0.22867314995447172,0.09101582813840481,0.9798567700958665,-0.1997015525660636,False
EVR_02,2026,2026-04-14,10.4371,16.1801,5.116,0.0,264.27355,5.64805,355.99675,43.0,-199.4077999999999,11.0641,5.9822999999999995,0.6320113161052419,0.33805513760913986,-0.24558329193079684,0.0729140773444169,0.9762766110869321,-0.21652708524481437,False
EVR_02,2026,2026-04-15,11.1,17.2146,6.4083,0.0009,237.12374,6.811450000000001,362.8082,39.6,-195.9983999999999,10.8063,5.472899999999999,0.6380151651041375,0.3610299271591421,-0.2870789724515338,0.02792932910753576,0.9724075561219968,-0.23328854407545518,False
EVR_02,2026,2026-04-16,10.4094,15.1181,6.9688,0.0163,183.73184,6.04345,368.85165,30.700000000000003,-208.84999999999988,8.1493,5.153099999999999,0.6528369518660027,0.3469324192159639,-0.23799147188469943,0.03539612084095567,0.9682507501166718,-0.2499809690726521,False
EVR_02,2026,2026-04-17,10.8659,15.8848,6.4102,0.0383,261.42242,6.147500000000001,374.99915,40.4,-249.0239999999999,9.4746,5.4761999999999995,0.6751804900625012,0.3779829582000174,-0.2450292969029792,0.046527937088206794,0.9638074231367307,-0.26659942067929354,False
EVR_02,2026,2026-04-18,11.8816,16.8221,7.2218,0.0024,242.10851,7.02195,382.0211,42.0,-263.3882999999999,9.600299999999999,6.162100000000001,0.6787210528514059,0.380916562157378,-0.23317589407524686,0.06913139668477564,0.9590788900341131,-0.28313898122818354,False
EVR_02,2026,2026-04-19,11.7731,17.3646,5.7297,17.9248,259.65038,6.54715,388.56825,39.5,-257.89499999999987,11.634899999999998,3.8865999999999996,0.6847667848320003,0.3845081970598708,-0.21173167527629153,0.05220158493678628,0.9540665500578387,-0.2995947563972602,False
EVR_02,2026,2026-04-20,13.2924,18.7705,6.7876,1.9339,279.95264,7.77905,396.3473,45.400000000000006,-260.6833999999999,11.982899999999997,4.903600000000001,0.67906489168429,0.36282432420824795,-0.21232772888263096,0.034578386264677574,0.9487718864399473,-0.31596187665790293,False
EVR_02,2026,2026-04-21,13.6714,19.1701,8.9055,31.3961,236.05952,9.0378,405.3851,36.6,-222.88729999999987,10.264600000000002,3.5821000000000005,0.71449017415538,0.40328655316413703,-0.19645545981224646,0.0824788580501381,0.9431964659565866,-0.33223549871590435,False
EVR_02,2026,2026-04-22,9.4069,11.0752,7.2824,141.8241,88.85749,4.178800000000001,409.5639,23.7,-65.1640999999999,3.7928000000000006,2.1549000000000005,0.7264089663056589,0.4061585161526373,-0.17004495753299093,0.0883938012015214,0.9373419384643772,-0.3484108069446808,False
EVR_02,2026,2026-04-23,10.2332,14.2257,6.311,9.9298,191.0815,5.26835,414.83225,33.2,-57.75059999999991,7.9147,5.4123,0.7309271419656665,0.41040760270308846,-0.21463479846993958,0.07809019009966389,0.9312100364121947,-0.3644830148102912,False
EVR_02,2026,2026-04-24,12.8958,18.4222,5.9945,1.3927,262.93438,7.208349999999999,422.0406,44.1,-60.09619999999992,12.4277,6.792,0.7407145500428847,0.4038223409938416,-0.21201100096800551,0.06553405998038342,0.9248025743285089,-0.38044736628785164,False
EVR_02,2026,2026-04-25,15.503,20.7063,10.1498,0.093,297.31747,10.428049999999999,432.46865,50.8,-68.80559999999991,10.556499999999998,8.0069,0.7110109331485577,0.3969309613250677,-0.17541540738784853,0.03228988029715174,0.9181214482844364,-0.39629913726891813,False
EVR_02,2026,2026-04-26,17.1796,22.9901,11.2603,0.0103,299.90288,12.1252,444.59385,53.900000000000006,-101.12009999999992,11.729800000000001,8.3062,0.7212743250563193,0.38662394804752814,-0.19851393261525319,0.03650754022431901,0.9111686353326631,-0.41203363695942635,False
EVR_02,2026,2026-04-27,11.5988,15.4285,6.5211,0.0009,304.2401,5.9748,450.56865,51.6,-109.2530999999999,8.907399999999999,7.453800000000001,0.7314645880078595,0.38754342879383746,-0.20388687527936195,0.052399696323569556,0.9039461929224011,-0.42764620926777464,False
EVR_02,2026,2026-04-28,11.2092,17.1606,5.0839,0.0,305.52688,6.122249999999999,456.6909,46.5,-150.5491999999999,12.076699999999999,5.543499999999999,0.7521744134952997,0.41718800612281415,-0.12031450903283168,0.03768423933991971,0.8964562582905575,-0.44313223418263453,False
EVR_02,2026,2026-04-29,11.7269,17.4039,4.8341,0.0086,303.0215,6.119,462.80989999999997,46.5,-315.16469999999987,12.5698,5.632700000000001,0.7549762675034706,0.4296223964173596,-0.17569001337654666,0.0285673011978117,0.8887010478292915,-0.45848712914008766,False
EVR_02,2026,2026-04-30,11.3767,15.3888,8.0036,40.2691,241.95677,6.696200000000001,469.5061,39.300000000000004,-290.9253999999999,7.385199999999999,3.928699999999999,0.7718761866568072,0.4230726659064729,-0.1739591803087272,0.04094904469114069,0.8806828564301475,-0.47370635037968,False
EVR_02,2026,2026-05-01,8.3484,10.8036,5.8156,110.5847,112.25381,3.3095999999999997,472.8157,32.0,-169.63339999999988,4.9879999999999995,3.9989,0.7480693021448428,0.41110654128296426,-0.15990225418084214,0.0073547521019581286,0.8724040568049612,-0.48878539428899265,False
EVR_02,2026,2026-05-02,8.3369,12.2309,4.3061,18.4818,245.05216,3.2684999999999995,476.0842,38.6,-139.0445999999999,7.9248,6.186999999999999,0.7733962390761314,0.4145127600443122,-0.15215506683668448,0.06238530592757374,0.8638670987837349,-0.503719798736334,False
EVR_02,2026,2026-05-03,8.8099,12.1708,5.6709,10.6076,159.48562,3.9208499999999997,480.00505,28.7,-103.24729999999988,6.4999,6.377300000000001,0.7860803470279557,0.4367808470110642,-0.11181960613797892,0.06480602197163643,0.8550745085896932,-0.518505144391157,False
EVR_02,2026,2026-05-04,11.8658,16.7603,6.3305,0.7395,206.09197,6.545400000000001,486.55045,39.699999999999996,-90.60869999999989,10.4298,8.1338,0.8148963219680578,0.4508936525148528,-0.06145901590484275,0.08343173396019832,0.8460288880917339,-0.533137056031809,False
EVR_02,2026,2026-05-05,13.5735,19.779,7.4794,0.0113,308.78307,8.6292,495.17965,51.7,-95.79739999999988,12.2996,7.819099999999999,0.7925482881057313,0.4375909398594322,-0.14248503631440457,0.040373874610431626,0.8367329140344921,-0.5476112038402312,False
EVR_02,2026,2026-05-06,15.1105,21.5737,8.2199,1.5046,299.09818,9.896799999999999,505.07645,48.300000000000004,-96.10139999999988,13.353799999999998,5.6669,0.8213194053945424,0.4367161011161213,-0.13206472832991878,0.06634313789107182,0.8271893372462497,-0.5619233046832195,False
EVR_02,2026,2026-05-07,17.1974,23.9438,9.6599,0.1324,306.6063,11.801850000000002,516.8783,55.199999999999996,-152.1380999999999,14.2839,7.337399999999999,0.7930335319253732,0.41849460201496086,-0.161830118892095,0.02115734526856594,0.8174009818249189,-0.5760691233798758,False
EVR_02,2026,2026-05-08,17.7261,22.6241,12.9143,5.1174,225.7875,12.769199999999998,529.6475,47.7,-273.30539999999985,9.709799999999998,8.207399999999998,0.7652546956529249,0.4205465475727004,-0.15931688609103095,0.017185393508082125,0.8073707443023492,-0.5900444739548627,False
EVR_02,2026,2026-05-09,17.2535,21.7152,12.9176,24.2595,211.16451,12.316400000000002,541.9639,41.8,-270.72769999999986,8.7976,4.497499999999999,0.78034851202071,0.43461392910112717,-0.1399346436739898,0.006952272944578564,0.7971015927871943,-0.6038452208771035,False
EVR_02,2026,2026-05-10,18.2394,23.3367,11.8888,4.6634,268.97338,12.612749999999998,554.57665,45.8,-293.77189999999985,11.4479,4.2134,0.7595442283700673,0.40881646710404224,-0.16241247131790149,-0.026536118657888408,0.7865965660866021,-0.6174672802835514,False
EVR_02,2026,2026-05-11,19.0561,24.1592,13.9092,1.6514,284.82832,14.034199999999998,568.61085,50.3,-303.45999999999987,10.249999999999998,4.1524,0.77056737480701,0.4235006321817054,-0.17480418541106543,-0.04432894716104785,0.7758587728069828,-0.6309066211876704,False
EVR_02,2026,2026-05-12,19.344,24.3632,14.2494,2.5399,286.7942,14.3063,582.91715,54.199999999999996,-303.4313999999998,10.1138,6.169300000000002,0.7742804162154933,0.4321464639766006,-0.179827215623971,-0.01826787189023804,0.7648913904341225,-0.6441592666722685,False
EVR_02,2026,2026-05-13,18.015,23.5901,12.6849,24.3432,276.91376,13.1375,596.05465,50.4,-282.69279999999986,10.905199999999999,5.3664000000000005,0.7740035977217057,0.4187366271629324,-0.17063101181594217,-0.04731580767283672,0.753697664392914,-0.6572212950663319,False
EVR_02,2026,2026-05-14,13.7658,18.0118,10.9179,133.6251,187.4386,9.46485,605.5195,47.4,-141.40009999999984,7.093900000000001,4.3505,0.7373212878467995,0.4172776603168713,-0.2034482669649459,-0.05571224407857367,0.742280907086982,-0.6700888411055113,False
EVR_02,2026,2026-05-15,14.8917,20.3437,8.4425,7.6999,295.82374,9.3931,614.9126,49.3,-140.41759999999988,11.901199999999998,4.4557,0.7582285696633122,0.41927081772104713,-0.17539068703814298,-0.007026125989612719,0.7306444969184916,-0.6827580970759147,False
EVR_02,2026,2026-05-16,18.2957,24.0303,10.3618,8.505,299.43466,12.19605,627.10865,54.800000000000004,-169.17209999999986,13.6685,6.1257,0.7476919464992062,0.41801242436581754,-0.17368784948098243,-0.032656565521503755,0.7187918772884232,-0.6952253139408722,False
EVR_02,2026,2026-05-17,17.3943,19.4891,16.1861,2.9412,31.874188,12.837600000000002,639.94625,6.8999999999999995,-131.99429999999987,3.303000000000001,3.669900000000002,0.7841755630384548,0.4259810165286263,-0.15774159958405914,0.024631334668387517,0.7067265555776158,-0.7074868024503348,False
EVR_03,2026,2026-01-01,-1.4981,2.2267,-3.5275,0.1829,109.59601,0.0,0.0,8.0,25.20170000000005,5.7542,8.418600000000001,0.1867810924578166,0.10348070218150078,-0.6022783010574241,0.0,0.017201575418260506,0.9998520419557735,False
EVR_03,2026,2026-01-02,3.7921,7.5489,-2.6275,0.0228,95.72445,0.0,0.0,5.6,20.95960000000005,10.1764,5.2191,0.18245286364990138,0.08570221155282377,-0.6065240231130677,-0.004328228807915224,0.03439806061360801,0.9994082116062598,False
EVR_03,2026,2026-01-03,12.4046,14.9752,8.0506,53.5704,43.32631,6.512899999999998,6.512899999999998,11.6,69.03190000000005,6.9246,2.8269,0.20473473288713706,0.10217002803633451,-0.5907747930272321,0.01795364042932046,0.051584366869408364,0.9986686402879997,False
EVR_03,2026,2026-01-04,14.8248,17.3275,13.5609,3.444,92.70335,10.4442,16.957099999999997,11.6,62.18020000000005,3.7666000000000004,4.7728,0.17495518703800023,0.09533011099470107,-0.6326994469447964,-0.011825905419816374,0.06875540848113941,0.9976335468520451,False
EVR_03,2026,2026-01-05,13.3027,15.0763,11.4639,4.2454,39.17164,8.2701,25.227199999999996,5.7,67.78020000000005,3.612399999999999,3.1988000000000003,0.19358858684375846,0.11800654044221542,-0.6000272745166269,0.006807494385941859,0.08590610426133272,0.9963032375991965,False
EVR_03,2026,2026-01-06,13.5593,16.9283,11.1317,33.3749,71.67528,9.030000000000001,34.2572,12.3,38.008100000000056,5.7966,3.3377999999999997,0.206493598161127,0.09856704403652185,-0.5931696528240977,0.0197125057033104,0.10303137904317879,0.9946781061893646,False
EVR_03,2026,2026-01-07,15.0614,17.8412,12.3438,38.3949,86.94542,10.092500000000001,44.3497,14.0,64.43530000000005,5.497400000000001,3.8401000000000014,0.1887971594927725,0.09942609462786045,-0.6087033621155855,0.0020160670349559096,0.1201261651823505,0.9927586335250793,False
EVR_03,2026,2026-01-08,9.7183,15.5981,1.9083,394.3172,68.58995,3.7531999999999996,48.1029,25.5,441.06960000000004,13.6898,3.8260999999999994,0.21779283857237294,0.11577796732492673,-0.5885025693868083,0.031011746114556343,0.13718540405660057,0.9905453876091833,False
EVR_03,2026,2026-01-09,4.8813,8.8448,-0.8362,25.4167,109.63207,0.0,48.1029,14.9,457.1635000000001,9.681,9.380600000000001,0.19311354246662601,0.1076136822577834,-0.6134578131983734,0.010660678816724639,0.1542040475626894,0.988039023376751,False
EVR_03,2026,2026-01-10,11.578,14.1005,9.47,134.8722,56.95413,6.785250000000001,54.88815,11.1,538.9653000000001,4.6305,2.1966,0.18194077674964765,0.09692207612464403,-0.6327919536646819,-0.022793956137489413,0.17117705961019986,0.985240282501282,False
EVR_03,2026,2026-01-11,4.6844,9.6267,-0.0457,55.46,51.46109,0.0,54.88815,12.4,590.1813000000001,9.6724,3.0005,0.18320751807579336,0.09505432283162724,-0.6201088283930848,0.008252331037793131,0.18809941761179758,0.9821499931752291,False
EVR_03,2026,2026-01-12,-0.5501,1.9638,-3.3133,21.0806,55.78223,0.0,54.88815,8.6,604.1165000000001,5.2771,6.096399999999999,0.19576469928515042,0.09369447462320296,-0.5881994411262178,0.0021761124413919586,0.20496611396949532,0.9787690698649216,False
EVR_03,2026,2026-01-13,-0.0642,3.3917,-4.451,1.1849,107.9591,0.0,54.88815,7.2,577.0265000000002,7.8427,6.6808000000000005,0.19962996752110612,0.12186645204576727,-0.5975433399703463,-0.006863630640020879,0.22177215755648186,0.975098513039961,False
EVR_03,2026,2026-01-14,5.5733,8.4347,2.8454,0.3374,57.806028,0.6400499999999996,55.5282,4.8999999999999995,548.0690000000001,5.5893,3.7813999999999997,0.19707813833500207,0.10482213654585137,-0.6062706179915032,0.008280978842229558,0.23851257519407648,0.9711394088771653,False
EVR_03,2026,2026-01-15,7.7735,13.6404,3.7623,0.0137,102.94723,3.7013499999999997,59.22955,7.3,171.9655000000001,9.8781,2.6163000000000007,0.20524536041866437,0.11546405845826675,-0.5935364747604607,-0.012547478153708574,0.2551824131233728,0.9668929289391521,False
EVR_03,2026,2026-01-16,5.2747,10.0832,1.2904,5.4095,51.047576,0.6867999999999999,59.91635,4.4,162.45830000000012,8.7928,1.8218,0.1903942757046971,0.10575878585847105,-0.6251646137520694,-0.002719266761928907,0.2717767384711357,0.9623603298276545,False
EVR_03,2026,2026-01-17,1.0044,4.0678,-1.7147,2.172,73.6797,0.0,59.91635,8.0,32.85810000000012,5.7825,4.1506,0.1723650503843526,0.08699830862496102,-0.5964596016421428,-0.00957572636529505,0.2882906407095177,0.9575429528116719,False
EVR_03,2026,2026-01-18,-2.2045,0.6877,-4.4237,2.2992,78.438616,0.0,59.91635,6.8,-14.702699999999885,5.1114,5.3039000000000005,0.22822566058144594,0.1376700194771395,-0.5631258813135678,0.045018142505652586,0.3047192331091634,0.9524422234305676,False
EVR_03,2026,2026-01-19,-2.1021,1.5228,-4.8012,1.0288,99.69107,0.0,59.91635,6.8999999999999995,-33.054499999999884,6.324,5.2923,0.21197957421486646,0.10737457210979179,-0.5954193509553298,0.016214874929716044,0.321057654185271,0.9470596510722283,False
EVR_03,2026,2026-01-20,0.4633,3.6192,-2.4083,0.2303,90.46421,0.0,59.91635,5.8999999999999995,-32.709099999999886,6.0275,3.415,0.22545491531801182,0.1261656985321214,-0.5714221315922593,0.025824947796905695,0.3373010691361842,0.9413968285264122,False
EVR_03,2026,2026-01-21,3.6868,7.2734,0.3259,3.9609,62.272384,0.0,59.91635,4.2,-28.385599999999886,6.9475,3.2866999999999997,0.2305421434774317,0.1291586642780051,-0.5794101349755717,0.03346400514242964,0.3534446712740877,0.9354554315134164,False
EVR_03,2026,2026-01-22,6.2812,9.3956,3.6005,137.863,39.73237,1.49805,61.4144,9.700000000000001,107.06370000000013,5.7951,1.811,0.2032035161587447,0.10266747913463103,-0.6101447862928936,-0.0020418442599196562,0.3694836834473831,0.9292372181882051,False
EVR_03,2026,2026-01-23,7.4028,10.4783,4.0028,77.5004,41.303324,2.2405500000000007,63.65495,4.8,178.75460000000012,6.475500000000001,0.9419000000000004,0.16642682554165297,0.09205270892121915,-0.6682215160128705,-0.023967450163044135,0.38541335945432564,0.9227440286201427,False
EVR_03,2026,2026-01-24,7.7887,10.2422,5.2269,3.9023,40.932816,2.7345500000000005,66.3895,4.0,184.48490000000012,5.015300000000001,1.359,0.2134212788613087,0.10945777923590379,-0.5927828556825834,0.041056228476956114,0.4012289854475009,0.9159777842484877,False
EVR_03,2026,2026-01-25,10.1872,15.5416,5.4666,1.5169,68.1456,5.504100000000001,71.8936,5.5,185.00260000000011,10.075000000000001,1.6049000000000007,0.18643491064754258,0.10141741843347805,-0.6092668686437966,-0.04179074993390336,0.4169258813287287,0.908940487313808,False
EVR_03,2026,2026-01-26,11.1604,15.903,7.9094,29.2113,90.01949,6.9062,78.7998,10.7,209.3851000000001,7.993600000000001,3.0564,0.18225265126853982,0.10742303938185063,-0.6483620028950843,-0.029726922946326645,0.4324994021339788,0.901634220265486,False
EVR_03,2026,2026-01-27,10.1645,13.73,7.504,83.9547,88.0484,5.617000000000001,84.41680000000001,15.8,283.20950000000016,6.226000000000001,2.4939,0.18681914737921487,0.10576402240792061,-0.625628137564439,-0.038635767938796944,0.44794493940789115,0.8940611451454876,False
EVR_03,2026,2026-01-28,9.7974,12.9392,6.4592,9.7446,83.84162,4.699199999999999,89.116,10.3,282.89320000000015,6.4799999999999995,3.1647999999999996,0.19510836609738516,0.10691651519837328,-0.6009814123077676,-0.03543377738004655,0.4632579225674917,0.88622350294858,False
EVR_03,2026,2026-01-29,12.116,13.2373,10.6642,127.9633,34.91532,6.950749999999999,96.06675,14.5,268.19350000000014,2.5731,2.4223,0.2152613962774785,0.111026172861375,-0.6087429755518686,0.012057880118733794,0.4784338202547012,0.8781236129591848,False
EVR_03,2026,2026-01-30,8.9613,11.4267,6.3272,65.3752,44.815544,3.876950000000001,99.9437,11.1,249.76830000000012,5.0995,1.7993999999999994,0.2002138356049879,0.10161224379136156,-0.6143624186099689,0.03378701006333493,0.49346814167723735,0.8697638720650646,False
EVR_03,2026,2026-01-31,5.6721,7.7417,4.0782,89.9023,43.984404,0.9099500000000003,100.85365,11.9,327.8683000000001,3.6635,1.6272000000000002,0.20492064074465483,0.1208645885391336,-0.5756407895551516,-0.008500638116653886,0.5083564379375122,0.8611467540480452,False
EVR_03,2026,2026-02-01,4.5202,5.8244,3.6763,144.8798,37.19798,0.0,100.85365,14.3,462.4312000000001,2.1481,1.7746,0.210363543767585,0.12623879721516718,-0.5885841646665628,0.023928633120042425,0.5230943033491326,0.8522748088519838,False
EVR_03,2026,2026-02-02,1.1607,5.0345,-1.2,188.9796,18.983926,0.0,100.85365,11.6,621.2995000000001,6.234500000000001,2.2372,0.21510258031203605,0.11016625773567115,-0.6241695406437586,0.032849929043496234,0.5376773767406141,0.8431506618282,False
EVR_03,2026,2026-02-03,2.7945,6.438,-1.9736,11.7453,46.734856,0.0,100.85365,4.4,560.4901,8.4116,2.7661000000000002,0.2342253889367308,0.1196709125509561,-0.5703732711772935,0.04740624155751594,0.5521013427459208,0.8337770129585915,False
EVR_03,2026,2026-02-04,7.0446,11.3756,4.6647,0.0867,65.041428,3.020150000000001,103.8738,4.8999999999999995,556.2322000000001,6.7109000000000005,2.3433,0.20911065948877391,0.1173055196661246,-0.6461002436239665,0.014002293391388754,0.5663619330814524,0.8241566360566663,False
EVR_03,2026,2026-02-05,8.4433,9.7752,5.127,239.5486,21.724042,2.4511000000000003,106.3249,5.4,676.9175000000001,4.6482,1.6720000000000006,0.22275780683881805,0.11551614444197295,-0.5904155628884372,0.007496410561339539,0.580454927809098,0.8142923779467267,False
EVR_03,2026,2026-02-06,10.9189,15.1712,6.9529,68.3947,90.51418,6.062049999999999,112.38695,9.9,681.1370000000001,8.218300000000001,1.9149000000000012,0.20230873165458696,0.10371923654655521,-0.5831641080645156,0.00209489604959906,0.5943761565849831,0.804187157621448,False
EVR_03,2026,2026-02-07,11.4107,15.8449,8.3463,13.4005,111.50836,7.095600000000001,119.48255,12.8,603.7352000000001,7.4986000000000015,2.0912000000000006,0.20189078014208772,0.12083224624464933,-0.6081748740164119,-0.0030298606025671027,0.6081214998935418,0.7938439653781019,False
EVR_03,2026,2026-02-08,9.4032,12.6256,6.8327,97.8986,59.912776,4.729150000000001,124.21170000000001,8.4,562.6540000000001,5.7929,0.5890000000000004,0.19995414933003405,0.11571227295461381,-0.6166781515472047,-0.010409394437550956,0.6216868902665479,0.7832658619336791,False
EVR_03,2026,2026-02-09,7.2609,9.9962,4.0175,22.058,50.13592,2.00685,126.21855000000001,9.799999999999999,397.5324000000001,5.9787,1.4726000000000008,0.21327960243929558,0.12260595946964606,-0.5648573740778108,-0.0018229778727404666,0.6350683134867438,0.7724559775191742,False
EVR_03,2026,2026-02-10,4.7333,7.3736,2.7585,4.6912,49.637376,0.06604999999999972,126.28460000000001,10.8,384.0783000000001,4.6151,3.9104,0.20937189977445417,0.1086604147661341,-0.5764005192952233,-0.024853489162276643,0.6482618097757122,0.7614175109532997,False
EVR_03,2026,2026-02-11,6.1673,10.2113,2.5015,0.2564,87.51264,1.3563999999999998,127.641,9.2,379.94800000000015,7.7097999999999995,3.0949,0.21041985867566013,0.11758047334658461,-0.6040555851852695,0.0013091991868862118,0.6612634749656386,0.7501537286959042,False
EVR_03,2026,2026-02-12,8.9945,13.505,4.7107,110.8152,69.14351,4.107850000000001,131.74885,11.700000000000001,244.91460000000012,8.7943,1.827,0.17049049402547115,0.10913085219783121,-0.6180191364380866,-0.0522673128133469,0.6740694616546161,0.7386679638813748,False
EVR_03,2026,2026-02-13,10.2621,14.1824,6.749,187.4284,84.07186,5.4657,137.21455,13.700000000000001,360.1483000000002,7.4334,1.4557000000000002,0.2077649296646442,0.10383866694335778,-0.6260337676537034,0.005456198010057228,0.6866759803451553,0.726963615332308,False
EVR_03,2026,2026-02-14,10.118,15.6628,4.2658,12.175,147.74626,4.9643,142.17885,18.0,353.7228000000001,11.397000000000002,3.1785000000000005,0.1940222396678689,0.0917462976436608,-0.6064068073669918,-0.00786854047421881,0.6990793005655562,0.7150441465537444,False
EVR_03,2026,2026-02-15,13.6583,19.6511,8.1916,25.9495,136.69656,8.92135,151.1002,23.8,266.3737000000001,11.4595,5.443100000000001,0.21201875133432588,0.12337954323032721,-0.6131212343415652,0.012064602004291824,0.7112757519738152,0.7029130847082615,False
EVR_03,2026,2026-02-16,12.8393,16.5611,10.4423,28.7166,128.28323,8.5017,159.6019,18.1,264.7323000000001,6.1188,2.805299999999999,0.18858656817445055,0.1202243298874792,-0.6338797270828103,-0.024693034264845037,0.7232617254437388,0.6905740195722293,False
EVR_03,2026,2026-02-17,11.5927,15.2337,9.6778,110.3808,109.40387,7.45575,167.05765,17.4,363.82190000000014,5.555900000000001,2.3613,0.24504020825116765,0.1377879405346536,-0.5484626334389796,0.035668308476713484,0.7350336741329413,0.6780306024735382,False
EVR_03,2026,2026-02-18,3.744,9.6137,0.6826,130.1032,54.707812,0.14815000000000023,167.2058,17.3,485.5687000000001,8.931099999999999,3.0361000000000002,0.20626576905878022,0.11876224617863326,-0.6079325390658356,-0.004154089616879908,0.746588114532413,0.6652865452111116,False
EVR_03,2026,2026-02-19,6.9648,11.6944,2.4598,6.282,150.42514,2.0770999999999997,169.2829,16.7,376.03550000000007,9.2346,5.435600000000001,0.1872927118542992,0.1068006321746108,-0.6150571678952724,0.016802217828828042,0.7579216274973472,0.6523456189565257,False
EVR_03,2026,2026-02-20,10.9896,15.9995,7.074,0.8087,138.03622,6.53675,175.81965,16.6,186.5158000000001,8.9255,4.393,0.2191244249236675,0.11011098950984544,-0.5895199885520717,0.0113594952590233,0.7690308592589181,0.6392116531380588,False
EVR_03,2026,2026-02-21,9.0328,12.173,4.502,84.1953,57.171936,3.3375000000000004,179.15715,13.6,262.9361000000001,7.671,2.4749999999999996,0.20276367108887922,0.11632446940934471,-0.5938720000790215,0.008741431421010304,0.7799125224167177,0.6258885343075018,False
EVR_03,2026,2026-02-22,3.9079,7.3581,1.1032,47.1971,72.06057,0.0,179.15715,17.3,290.6837000000001,6.2549,3.4906,0.19753383374102612,0.1242085118305366,-0.6039320218840966,-0.014484917593299756,0.7905633969115482,0.612380204990065,False
EVR_03,2026,2026-02-23,6.4312,11.0481,2.5449,2.0351,160.25997,1.7965,180.95365,17.0,265.1022000000001,8.5032,4.3612,0.21380172108700102,0.13227312551867956,-0.6010315957692167,0.02521515291255047,0.8009803309782905,0.5986906625177214,False
EVR_03,2026,2026-02-24,10.3171,14.6732,6.1409,7.1053,160.03565,5.40705,186.3607,17.9,161.3267000000001,8.5323,3.5072,0.1871260684620706,0.10069523713465853,-0.6115370683249008,-0.05791413978909704,0.8111602420785621,0.5848239578463322,False
EVR_03,2026,2026-02-25,6.9643,10.2941,3.6618,20.983,146.58752,1.9779499999999999,188.33865,17.8,51.70650000000012,6.632300000000001,3.4692,0.22779602208227454,0.12019299259733876,-0.6170421082427457,0.021530253023494317,0.8211001178128892,0.5707841943569036,False
EVR_03,2026,2026-02-26,4.4532,8.1517,-0.175,8.9003,146.80512,0.0,188.33865,19.0,52.02480000000012,8.3267,4.8589,0.20785500017208497,0.11888368469290933,-0.5998012725641694,0.020562288317785782,0.8307970168121247,0.5565755266413303,False
EVR_03,2026,2026-02-27,2.7635,7.5402,-2.6013,0.2996,154.85858,0.0,188.33865,16.0,52.11570000000012,10.1415,4.5003,0.2159740177249674,0.12047913243648252,-0.6116584121324996,-0.003150407198700078,0.8402480696078469,0.5422021592729844,False
EVR_03,2026,2026-02-28,3.7218,7.4542,0.505,0.1205,130.37598,0.0,188.33865,14.1,-32.459099999999886,6.9492,3.9954,0.2214599260092343,0.11272192818089997,-0.5919474567698622,0.018696254920355093,0.8494504794814806,0.527668345562516,False
EVR_03,2026,2026-03-01,4.1636,8.5023,0.9717,0.0505,124.18458,0.0,188.33865,13.5,-75.80569999999989,7.5306,3.3324999999999996,0.2525994087571326,0.14039589307858166,-0.5650995300675951,0.05506557501610648,0.8584015232918917,0.512978386299228,False
EVR_03,2026,2026-03-02,5.8488,12.1939,-0.1144,0.0026,186.21373,1.0397499999999997,189.3784,18.5,-79.33819999999989,12.3083,3.0254999999999996,0.20604292329925417,0.09984992609366694,-0.6225182691536386,-0.007758797787746852,0.8670985522812081,0.4981366284784055,False
EVR_03,2026,2026-03-03,7.3157,13.5242,2.7707,0.0149,163.80334,3.147450000000001,192.52585000000002,18.3,-86.82859999999988,10.7535,2.6799,0.2362209633626502,0.1361506610249327,-0.5836388263270339,0.04909489490057958,0.8755389928586302,0.4831474640149687,False
EVR_03,2026,2026-03-04,7.1626,12.4584,1.9066,0.0569,183.46269,2.182499999999999,194.70835,20.6,-110.55469999999988,10.5518,3.5177000000000005,0.23838237556741446,0.1300753091073714,-0.5294610643337799,0.010586353485139921,0.8837203473619977,0.4680153284438345,False
EVR_03,2026,2026-03-05,9.0444,13.8286,4.4621,13.3866,153.9786,4.1453500000000005,198.8537,18.3,-105.3683999999999,9.366499999999998,3.8907999999999996,0.22072522120562993,0.11613639172710293,-0.612941089165988,0.01287022103354496,0.8916401947968874,0.45274469960737107,False
EVR_03,2026,2026-03-06,8.8929,14.6433,4.7499,3.9493,177.83232,4.6966,203.5503,21.9,-107.61869999999989,9.8934,3.402899999999999,0.23091821605740875,0.12495959489911097,-0.582609986143825,0.014944198332441344,0.8992961915530253,0.4373400963303323,False
EVR_03,2026,2026-03-07,6.0435,10.7389,1.269,0.3271,175.736,1.0039499999999997,204.55425,20.400000000000002,-113.7120999999999,9.469899999999999,4.9397,0.25048379338826,0.14348923047580367,-0.5799820527845937,0.02902386737902568,0.9066860720977985,0.4218060770826634,False
EVR_03,2026,2026-03-08,4.8999,9.9391,0.2304,0.0215,191.45749,0.08474999999999966,204.639,19.900000000000002,-120.1410999999999,9.7087,4.5348,0.24664326175028217,0.14290790703172354,-0.6119291750104763,-0.005956147006850432,0.9138076496466615,0.4061472386305789,False
EVR_03,2026,2026-03-09,6.012,10.0599,3.2938,0.0077,172.76586,1.67685,206.31585,19.900000000000002,-121.53599999999989,6.766100000000001,4.7942,0.24905191727220996,0.11985247034015586,-0.5430190342476956,0.043008993972955795,0.9206588168102428,0.3903682146763026,False
EVR_03,2026,2026-03-10,7.645,14.3323,3.3497,0.0094,209.07402,3.8409999999999993,210.15685,25.3,-128.5414999999999,10.9826,5.7258,0.2494702639767688,0.1293316528946855,-0.5941910358487761,0.013249300614118609,0.9272375462179537,0.374473674486883,False
EVR_03,2026,2026-03-11,7.1978,14.7063,0.2986,0.0025,217.54638,2.5024500000000005,212.6593,24.299999999999997,-132.29589999999988,14.4077,4.1043,0.25041091547829053,0.1321695065292357,-0.5776637209994592,0.012028539910876074,0.9335418911179212,0.35846832151248087,False
EVR_03,2026,2026-03-12,6.8032,11.889,2.7242,0.4624,188.33525,2.3065999999999995,214.9659,20.299999999999997,-147.2200999999999,9.1648,3.4930000000000003,0.2449494564417963,0.12342091552612378,-0.5675010828550767,0.024224235236166375,0.9395699859530622,0.342356891994542,False
EVR_03,2026,2026-03-13,6.5212,11.1368,2.9967,0.5986,139.82922,2.06675,217.03265000000002,16.7,-145.3707999999999,8.140099999999999,3.8814,0.27337809701136223,0.13980579284006914,-0.5547393888081942,0.04245988095395348,0.945320046913132,0.3261441535642696,False
EVR_03,2026,2026-03-14,6.3197,11.2157,1.6215,0.0456,179.07146,1.4185999999999996,218.45125000000002,19.400000000000002,-144.65229999999988,9.5942,3.8741,0.25427163154600824,0.1433819039107535,-0.5577483636205887,0.0037878381577482467,0.9507903724625832,0.3098349038318025,False
EVR_03,2026,2026-03-15,7.286,11.6819,2.9308,0.7749,134.5052,2.30635,220.7576,18.2,-142.19889999999987,8.751100000000001,4.424199999999999,0.2505161785976964,0.13321615389693586,-0.562286023866035,0.003872916847414254,0.9559793438440766,0.2934339689665273,False
EVR_03,2026,2026-03-16,6.8896,12.5189,2.3188,0.1546,168.45363,2.41885,223.17645000000002,20.0,-142.15199999999987,10.2001,4.1103,0.23798890913503906,0.1376207592959571,-0.5336668496446147,-0.011063008137170899,0.9608854255574977,0.27694620226893646,False
EVR_03,2026,2026-03-17,6.3929,11.3036,0.7715,0.1489,188.92576,1.0375499999999995,224.214,21.1,-137.8124999999999,10.5321,4.3827,0.2333364843890525,0.12437023466898367,-0.5783326953852455,-0.016133779587716307,0.9655071658143364,0.2603764827344581,False
EVR_03,2026,2026-03-18,7.7606,11.5143,5.6087,13.067,153.2008,3.5615000000000006,227.7755,21.6,-122.04799999999989,5.905600000000001,4.4885,0.2454490088612566,0.11897601548974127,-0.5792391610325636,-0.00496190661703394,0.969843196967294,0.24372971360968387,False
EVR_03,2026,2026-03-19,6.7115,9.1334,4.4749,7.6346,94.90011,1.80415,229.57965000000002,15.2,-109.77579999999989,4.6585,4.8571,0.2341447358469643,0.13713966235221728,-0.5709620469076528,-0.010804720594832007,0.9738922359149924,0.22701082094141847,False
EVR_03,2026,2026-03-20,4.8017,6.0937,3.9568,91.8866,64.10664,0.025249999999999773,229.60490000000001,28.9,-30.687799999999882,2.1369000000000002,2.3482000000000003,0.21490137017294592,0.11497873837889443,-0.6304251529636529,-0.058476726838416315,0.9776530844816641,0.2102247521189836,False
EVR_03,2026,2026-03-21,6.4445,8.228,4.5403,68.1829,48.6076,1.38415,230.98905,19.5,37.34950000000012,3.6876999999999995,2.1623,0.22157350350306418,0.12854256709741455,-0.5805205025906401,-0.03269812804294406,0.981124629771712,0.19337647441020586,False
EVR_03,2026,2026-03-22,7.517,9.3006,6.1113,39.8472,46.531332,2.7059499999999996,233.695,16.5,78.12180000000012,3.1892999999999994,2.2358000000000002,0.21607590400678725,0.11188323256803688,-0.5757159918584592,-0.034440274590909176,0.984305844499033,0.17647097349152166,False
EVR_03,2026,2026-03-23,7.895,10.152,5.8918,5.0693,59.533884,3.0218999999999987,236.7169,10.5,92.53650000000012,4.260199999999999,3.1399,0.2277972861392534,0.13148749707274549,-0.5510622253054149,-0.01019162299578566,0.9871957872910085,0.15951325197263655,False
EVR_03,2026,2026-03-24,8.2968,10.5622,6.6765,37.855,89.3567,3.6193500000000007,240.33625,19.0,132.34260000000012,3.885700000000001,2.9560999999999993,0.22087030707213465,0.1147717860020889,-0.6273431956778526,-0.012466177316917848,0.9897936029670716,0.14250832791617088,False
EVR_03,2026,2026-03-25,8.8561,14.2388,3.9963,2.9643,227.016,4.11755,244.4538,35.2,108.63990000000011,10.2425,5.7371,0.23362205067931843,0.13187922948698472,-0.5783740334953621,-0.011826958181938158,0.992098522791769,0.12546123335273648,False
EVR_03,2026,2026-03-26,7.382,12.7158,2.4892,0.0067,225.94262,2.6025,247.0563,27.599999999999998,88.61200000000012,10.2266,2.9213999999999993,0.22834763849698472,0.13238412232000887,-0.5897206524042978,-0.005797097349979574,0.9941098647022418,0.10837701279187609,False
EVR_03,2026,2026-03-27,10.6153,16.9346,2.7517,42.3453,189.16646,4.84315,251.89945,25.5,42.470700000000114,14.1829,3.0307999999999993,0.22360212181959369,0.11017868433211638,-0.6376421112184146,0.00870075164664777,0.9958270335100595,0.09126072172931188,False
EVR_03,2026,2026-03-28,10.6647,14.2371,7.9214,67.9093,193.3336,6.07925,257.9787,28.2,33.49710000000011,6.3157,2.0768000000000004,0.2374772725663978,0.1352356071717368,-0.5590920292419798,0.015903769063333628,0.9972495210773451,0.07411742515094437,False
EVR_03,2026,2026-03-29,8.7329,9.7034,7.9971,194.5474,51.1527,3.850249999999999,261.82895,16.0,188.69730000000013,1.7063000000000006,1.3888000000000007,0.2523088813236236,0.1205591899031722,-0.5954300382603949,0.03623297731683636,0.998376906467142,0.056952196034039754,False
EVR_03,2026,2026-03-30,9.3061,11.1217,7.8829,206.7006,41.5152,4.5023,266.33125,18.1,382.72860000000014,3.2388000000000003,1.4755000000000011,0.2419599855430469,0.13645627499487056,-0.5630892518857041,0.0141626994037935,0.9992088560679753,0.03977011384605572,False
EVR_03,2026,2026-03-31,11.8786,16.3661,8.172,20.7432,195.43917,7.26905,273.6003,30.0,354.6168000000001,8.194099999999999,3.34,0.26133488209322775,0.13122223925503235,-0.5668463168513403,0.0404645750210931,0.9997451236925734,0.022576263041545485,False
EVR_03,2026,2026-04-01,11.8947,16.4239,8.6659,77.6178,178.16336,7.5449,281.1452,31.5,432.9703000000001,7.757999999999999,3.5000999999999998,0.2369571534754271,0.13285099064767875,-0.5726709341933512,0.0033351027961086577,0.9999855506507186,0.005375731557583884,False
EVR_03,2026,2026-04-02,12.285,16.8145,8.6981,129.533,176.95522,7.7562999999999995,288.9015,39.9,550.1966000000001,8.116399999999999,4.218500000000001,0.23345972532649242,0.13339785336767382,-0.5942410075208844,0.0051120868295077004,0.9999300657962057,-0.011826390691832589,False
EVR_03,2026,2026-04-03,12.4567,16.0739,9.8072,33.2477,160.49627,7.940549999999998,296.84205,29.1,537.4990000000001,6.266699999999998,3.0327,0.23110507115422743,0.11542245625822439,-0.6065547648302791,0.007502949334633746,0.9995786855478958,-0.029025013321975237,False
EVR_03,2026,2026-04-04,11.3479,14.6183,9.1106,68.8147,85.94069,6.86445,303.7065,15.2,551.4044000000001,5.5077,1.4726999999999997,0.25292496465310355,0.1383343250662647,-0.5649803286754566,0.015447692086705739,0.9989315138848577,-0.046215046983708354,False
EVR_03,2026,2026-04-05,12.4059,17.423,7.1455,8.6344,219.03411,7.28425,310.99075,36.7,344.79140000000007,10.277499999999998,4.3862000000000005,0.22420693756964868,0.11427380354072106,-0.5838297027731986,-0.02810194375397493,0.9979887423155984,-0.06339140486951038,False
EVR_03,2026,2026-04-06,13.1738,18.7959,6.985,0.3453,262.78822,7.8904499999999995,318.8812,42.2,114.3361000000001,11.8109,6.0949,0.2386837047353331,0.11483209090809927,-0.5675145832818749,-0.003276280807713805,0.9967506498213929,-0.08054900421874167,False
EVR_03,2026,2026-04-07,14.4949,20.308,8.5319,5.5674,245.22733,9.41995,328.30115,39.5,89.66030000000009,11.7761,4.3308,0.2279907227944192,0.1347823945666598,-0.6040441214307621,-0.033344159298808546,0.9952176027737294,-0.09768276782171598,False
EVR_03,2026,2026-04-08,11.7272,16.243,6.5188,5.5915,255.4319,6.380899999999999,334.68205,48.599999999999994,0.5340000000000913,9.7242,6.531,0.25713214835467285,0.131099661103875,-0.5413810764010976,0.02017499487924576,0.9933900548258936,-0.11478762552212701,False
EVR_03,2026,2026-04-09,8.9293,13.2203,5.4767,14.7679,211.11138,4.3485,339.03055,32.599999999999994,-106.93109999999989,7.7436,4.6117,0.27714942392142444,0.14293646674717714,-0.5820420178727931,0.04368969859493202,0.9912685467787256,-0.13185851571739118,False
EVR_03,2026,2026-04-10,6.769,11.6482,2.6122,32.6123,230.17344,2.1301999999999994,341.16075,32.800000000000004,-111.2664999999999,9.036,2.7784,0.2634665973492897,0.13257495493538352,-0.5456484860750451,0.032361526195062246,0.9888537064205885,-0.1488903868564548,False
EVR_03,2026,2026-04-11,7.693,11.8326,2.2474,5.7667,232.1701,2.039999999999999,343.20074999999997,33.4,-192.51449999999988,9.5852,4.478899999999999,0.2939035277207255,0.15067252084577915,-0.5253000690084889,0.04097856306762193,0.986146248341595,-0.16587819893463143,False
EVR_03,2026,2026-04-12,9.1535,13.6209,4.3316,7.2315,230.96006,3.9762500000000003,347.177,34.3,-191.51739999999987,9.2893,4.5901,0.26134430191648544,0.14385953684938943,-0.5883123024883757,0.03713736434683676,0.9831469737221499,-0.1828169249850199,False
EVR_03,2026,2026-04-13,8.9822,13.8606,2.4828,0.5223,276.9155,3.1716999999999995,350.3487,41.2,-190.34039999999987,11.3778,5.7111,0.24488649276624974,0.13864490612477606,-0.569192975566297,0.006202788030916645,0.9798567700958665,-0.1997015525660636,False
EVR_03,2026,2026-04-14,10.4371,16.1801,5.116,0.0,264.27355,5.64805,355.99675,43.0,-199.4077999999999,11.0641,5.9822999999999995,0.3032462085454684,0.14705446060111566,-0.5477769442278096,0.0752554857510492,0.9762766110869321,-0.21652708524481437,False
EVR_03,2026,2026-04-15,11.1,17.2146,6.4083,0.0009,237.12374,6.811450000000001,362.8082,39.6,-195.9983999999999,10.8063,5.472899999999999,0.2701121037444411,0.14516140043842335,-0.556075882874512,0.01297995538976826,0.9724075561219968,-0.23328854407545518,False
EVR_03,2026,2026-04-16,10.4094,15.1181,6.9688,0.0163,183.73184,6.04345,368.85165,30.700000000000003,-208.84999999999988,8.1493,5.153099999999999,0.28818036982064305,0.16358185595071428,-0.5343697625060156,0.011030945899218603,0.9682507501166718,-0.2499809690726521,False
EVR_03,2026,2026-04-17,10.8659,15.8848,6.4102,0.0383,261.42242,6.147500000000001,374.99915,40.4,-249.0239999999999,9.4746,5.4761999999999995,0.2838741733216057,0.14820842784954355,-0.5539390589803146,0.020407575972316017,0.9638074231367307,-0.26659942067929354,False
EVR_03,2026,2026-04-18,11.8816,16.8221,7.2218,0.0024,242.10851,7.02195,382.0211,42.0,-263.3882999999999,9.600299999999999,6.162100000000001,0.2759988239430152,0.14408376907048354,-0.5712435521577778,-0.01790470377771025,0.9590788900341131,-0.28313898122818354,False
EVR_03,2026,2026-04-19,11.7731,17.3646,5.7297,17.9248,259.65038,6.54715,388.56825,39.5,-257.89499999999987,11.634899999999998,3.8865999999999996,0.2728810264717395,0.15323744601702685,-0.5623779225163947,0.011536724555254063,0.9540665500578387,-0.2995947563972602,False
EVR_03,2026,2026-04-20,13.2924,18.7705,6.7876,1.9339,279.95264,7.77905,396.3473,45.400000000000006,-260.6833999999999,11.982899999999997,4.903600000000001,0.2849001531941042,0.15347656335997642,-0.5061797371095285,0.04001366042785448,0.9487718864399473,-0.31596187665790293,False
EVR_03,2026,2026-04-21,13.6714,19.1701,8.9055,31.3961,236.05952,9.0378,405.3851,36.6,-222.88729999999987,10.264600000000002,3.5821000000000005,0.2859519705680284,0.14777165768396644,-0.522855544694267,-0.017294237977440008,0.9431964659565866,-0.33223549871590435,False
EVR_03,2026,2026-04-22,9.4069,11.0752,7.2824,141.8241,88.85749,4.178800000000001,409.5639,23.7,-65.1640999999999,3.7928000000000006,2.1549000000000005,0.3158536081867249,0.15931581031705325,-0.536831946624982,0.04574150444228381,0.9373419384643772,-0.3484108069446808,False
EVR_03,2026,2026-04-23,10.2332,14.2257,6.311,9.9298,191.0815,5.26835,414.83225,33.2,-57.75059999999991,7.9147,5.4123,0.3193834719520912,0.1652936818542144,-0.4986916103231784,0.031203102131448168,0.9312100364121947,-0.3644830148102912,False
EVR_03,2026,2026-04-24,12.8958,18.4222,5.9945,1.3927,262.93438,7.208349999999999,422.0406,44.1,-60.09619999999992,12.4277,6.792,0.32632872623853165,0.17228427467935253,-0.49114101292655393,0.04245455291692596,0.9248025743285089,-0.38044736628785164,False
EVR_03,2026,2026-04-25,15.503,20.7063,10.1498,0.093,297.31747,10.428049999999999,432.46865,50.8,-68.80559999999991,10.556499999999998,8.0069,0.3072254735344174,0.1613470391718308,-0.5311948843422897,0.0312266495914022,0.9181214482844364,-0.39629913726891813,False
EVR_03,2026,2026-04-26,17.1796,22.9901,11.2603,0.0103,299.90288,12.1252,444.59385,53.900000000000006,-101.12009999999992,11.729800000000001,8.3062,0.33340468345452917,0.18359098488015074,-0.49239936351074703,0.060523656982789664,0.9111686353326631,-0.41203363695942635,False
EVR_03,2026,2026-04-27,11.5988,15.4285,6.5211,0.0009,304.2401,5.9748,450.56865,51.6,-109.2530999999999,8.907399999999999,7.453800000000001,0.31864385775815995,0.1866320157960794,-0.5210976059990421,0.03374370456405573,0.9039461929224011,-0.42764620926777464,False
EVR_03,2026,2026-04-28,11.2092,17.1606,5.0839,0.0,305.52688,6.122249999999999,456.6909,46.5,-150.5491999999999,12.076699999999999,5.543499999999999,0.3387578054840867,0.17163958140051264,-0.570064249979681,0.05280583491605828,0.8964562582905575,-0.44313223418263453,False
EVR_03,2026,2026-04-29,11.7269,17.4039,4.8341,0.0086,303.0215,6.119,462.80989999999997,46.5,-315.16469999999987,12.5698,5.632700000000001,0.3608713285675676,0.19044211244305015,-0.4622389017678828,0.045017720380842674,0.8887010478292915,-0.45848712914008766,False
EVR_03,2026,2026-04-30,11.3767,15.3888,8.0036,40.2691,241.95677,6.696200000000001,469.5061,39.300000000000004,-290.9253999999999,7.385199999999999,3.928699999999999,0.339467642690584,0.20733047698737622,-0.4929775605789645,0.02008417073849278,0.8806828564301475,-0.47370635037968,False
EVR_03,2026,2026-05-01,8.3484,10.8036,5.8156,110.5847,112.25381,3.3095999999999997,472.8157,32.0,-169.63339999999988,4.9879999999999995,3.9989,0.35340151757702654,0.1870510236144766,-0.49013615692321477,0.027072791338494884,0.8724040568049612,-0.48878539428899265,False
EVR_03,2026,2026-05-02,8.3369,12.2309,4.3061,18.4818,245.05216,3.2684999999999995,476.0842,38.6,-139.0445999999999,7.9248,6.186999999999999,0.3560362847830733,0.1990241116144018,-0.47292598520623663,0.04881081124865588,0.8638670987837349,-0.503719798736334,False
EVR_03,2026,2026-05-03,8.8099,12.1708,5.6709,10.6076,159.48562,3.9208499999999997,480.00505,28.7,-103.24729999999988,6.4999,6.377300000000001,0.3557517855507276,0.18833677868327173,-0.5099116089000414,0.022347102096198446,0.8550745085896932,-0.518505144391157,False
EVR_03,2026,2026-05-04,11.8658,16.7603,6.3305,0.7395,206.09197,6.545400000000001,486.55045,39.699999999999996,-90.60869999999989,10.4298,8.1338,0.3738698296867153,0.18951145392717633,-0.46596533214101726,0.05522597192855533,0.8460288880917339,-0.533137056031809,False
EVR_03,2026,2026-05-05,13.5735,19.779,7.4794,0.0113,308.78307,8.6292,495.17965,51.7,-95.79739999999988,12.2996,7.819099999999999,0.39351594238234233,0.22824957649320057,-0.48103234188290206,0.05475813689825565,0.8367329140344921,-0.5476112038402312,False
EVR_03,2026,2026-05-06,15.1105,21.5737,8.2199,1.5046,299.09818,9.896799999999999,505.07645,48.300000000000004,-96.10139999999988,13.353799999999998,5.6669,0.3702064208068594,0.20781084481938247,-0.5190541167799293,0.009335092239291798,0.8271893372462497,-0.5619233046832195,False
EVR_03,2026,2026-05-07,17.1974,23.9438,9.6599,0.1324,306.6063,11.801850000000002,516.8783,55.199999999999996,-152.1380999999999,14.2839,7.337399999999999,0.3715571610713328,0.20275304344500844,-0.47769617442005197,0.032089518380748805,0.8174009818249189,-0.5760691233798758,False
EVR_03,2026,2026-05-08,17.7261,22.6241,12.9143,5.1174,225.7875,12.769199999999998,529.6475,47.7,-273.30539999999985,9.709799999999998,8.207399999999998,0.3772374359338082,0.2137589816948976,-0.4761730730442888,0.02383591835678167,0.8073707443023492,-0.5900444739548627,False
EVR_03,2026,2026-05-09,17.2535,21.7152,12.9176,24.2595,211.16451,12.316400000000002,541.9639,41.8,-270.72769999999986,8.7976,4.497499999999999,0.41986245427562774,0.2240571323699424,-0.46970814039512304,0.06382616949255443,0.7971015927871943,-0.6038452208771035,False
EVR_03,2026,2026-05-10,18.2394,23.3367,11.8888,4.6634,268.97338,12.612749999999998,554.57665,45.8,-293.77189999999985,11.4479,4.2134,0.3906662024206562,0.22941658552136016,-0.4714889177138094,0.03491441686992858,0.7865965660866021,-0.6174672802835514,False
EVR_03,2026,2026-05-11,19.0561,24.1592,13.9092,1.6514,284.82832,14.034199999999998,568.61085,50.3,-303.45999999999987,10.249999999999998,4.1524,0.40694300082030477,0.2135463886448218,-0.41466884960376976,0.033073171133589485,0.7758587728069828,-0.6309066211876704,False
EVR_03,2026,2026-05-12,19.344,24.3632,14.2494,2.5399,286.7942,14.3063,582.91715,54.199999999999996,-303.4313999999998,10.1138,6.169300000000002,0.4037087479484427,0.2265198618296462,-0.4473235300023856,0.01019280556610036,0.7648913904341225,-0.6441592666722685,False
EVR_03,2026,2026-05-13,18.015,23.5901,12.6849,24.3432,276.91376,13.1375,596.05465,50.4,-282.69279999999986,10.905199999999999,5.3664000000000005,0.4137037549627129,0.23582497987908607,-0.44016439308402444,0.043497334155853495,0.753697664392914,-0.6572212950663319,False
EVR_03,2026,2026-05-14,13.7658,18.0118,10.9179,133.6251,187.4386,9.46485,605.5195,47.4,-141.40009999999984,7.093900000000001,4.3505,0.43634411979404525,0.22696021266980046,-0.41865877935243007,0.06478695872271245,0.742280907086982,-0.6700888411055113,False
EVR_03,2026,2026-05-15,14.8917,20.3437,8.4425,7.6999,295.82374,9.3931,614.9126,49.3,-140.41759999999988,11.901199999999998,4.4557,0.4566718301232661,0.25448886630084006,-0.3994283112735263,0.07943439418945791,0.7306444969184916,-0.6827580970759147,False
EVR_03,2026,2026-05-16,18.2957,24.0303,10.3618,8.505,299.43466,12.19605,627.10865,54.800000000000004,-169.17209999999986,13.6685,6.1257,0.45187011344797545,0.27053148022046525,-0.4011163562442011,0.03200765917234771,0.7187918772884232,-0.6952253139408722,False
EVR_03,2026,2026-05-17,17.3943,19.4891,16.1861,2.9412,31.874188,12.837600000000002,639.94625,6.8999999999999995,-131.99429999999987,3.303000000000001,3.669900000000002,0.4645845570849102,0.23904966129615962,-0.39729033745497205,0.073918354664254,0.7067265555776158,-0.7074868024503348,False
EVR_04,2026,2026-01-01,-1.4981,2.2267,-3.5275,0.1829,109.59601,0.0,0.0,8.0,25.20170000000005,5.7542,8.418600000000001,0.25983492820695586,0.14939410014076024,-0.5569716915002906,0.0,0.017201575418260506,0.9998520419557735,False
EVR_04,2026,2026-01-02,3.7921,7.5489,-2.6275,0.0228,95.72445,0.0,0.0,5.6,20.95960000000005,10.1764,5.2191,0.2241781237818181,0.1052785809562978,-0.6051092882012891,-0.03565680442513777,0.03439806061360801,0.9994082116062598,False
EVR_04,2026,2026-01-03,12.4046,14.9752,8.0506,53.5704,43.32631,6.512899999999998,6.512899999999998,11.6,69.03190000000005,6.9246,2.8269,0.25526235196085656,0.13232219005807633,-0.5911536373790828,-0.0045725762460993025,0.051584366869408364,0.9986686402879997,False
EVR_04,2026,2026-01-04,14.8248,17.3275,13.5609,3.444,92.70335,10.4442,16.957099999999997,11.6,62.18020000000005,3.7666000000000004,4.7728,0.2750141659084495,0.13012631008901068,-0.5349456303863974,0.015179237701493653,0.06875540848113941,0.9976335468520451,False
EVR_04,2026,2026-01-05,13.3027,15.0763,11.4639,4.2454,39.17164,8.2701,25.227199999999996,5.7,67.78020000000005,3.612399999999999,3.1988000000000003,0.2158590456862624,0.12120417329408484,-0.6360209362105991,-0.043975882520693454,0.08590610426133272,0.9963032375991965,False
EVR_04,2026,2026-01-06,13.5593,16.9283,11.1317,33.3749,71.67528,9.030000000000001,34.2572,12.3,38.008100000000056,5.7966,3.3377999999999997,0.2287130965018356,0.13660984414350133,-0.6136318908245111,-0.031121831705120256,0.10303137904317879,0.9946781061893646,False
EVR_04,2026,2026-01-07,15.0614,17.8412,12.3438,38.3949,86.94542,10.092500000000001,44.3497,14.0,64.43530000000005,5.497400000000001,3.8401000000000014,0.2139481792670861,0.11031168547942144,-0.6266410641788913,-0.04588674893986977,0.1201261651823505,0.9927586335250793,False
EVR_04,2026,2026-01-08,9.7183,15.5981,1.9083,394.3172,68.58995,3.7531999999999996,48.1029,25.5,441.06960000000004,13.6898,3.8260999999999994,0.2328388346417716,0.13219265931623564,-0.5787469281082049,-0.02699609356518426,0.13718540405660057,0.9905453876091833,False
EVR_04,2026,2026-01-09,4.8813,8.8448,-0.8362,25.4167,109.63207,0.0,48.1029,14.9,457.1635000000001,9.681,9.380600000000001,0.24114824282327027,0.1265540546315579,-0.5775806057894375,0.01697011904145218,0.1542040475626894,0.988039023376751,False
EVR_04,2026,2026-01-10,11.578,14.1005,9.47,134.8722,56.95413,6.785250000000001,54.88815,11.1,538.9653000000001,4.6305,2.1966,0.2670427436148737,0.15391970541133979,-0.5714274204656558,0.01178039165401712,0.17117705961019986,0.985240282501282,False
EVR_04,2026,2026-01-11,4.6844,9.6267,-0.0457,55.46,51.46109,0.0,54.88815,12.4,590.1813000000001,9.6724,3.0005,0.23484989623766153,0.11947696763663065,-0.5766095235171814,-0.04016426967078798,0.18809941761179758,0.9821499931752291,False
EVR_04,2026,2026-01-12,-0.5501,1.9638,-3.3133,21.0806,55.78223,0.0,54.88815,8.6,604.1165000000001,5.2771,6.096399999999999,0.2659819778282422,0.15071971126126107,-0.5413173325606755,0.05012293214197977,0.20496611396949532,0.9787690698649216,False
EVR_04,2026,2026-01-13,-0.0642,3.3917,-4.451,1.1849,107.9591,0.0,54.88815,7.2,577.0265000000002,7.8427,6.6808000000000005,0.26368290180035425,0.14252933471078494,-0.543069378254318,0.03496980529851865,0.22177215755648186,0.975098513039961,False
EVR_04,2026,2026-01-14,5.5733,8.4347,2.8454,0.3374,57.806028,0.6400499999999996,55.5282,4.8999999999999995,548.0690000000001,5.5893,3.7813999999999997,0.2680224353740681,0.14340047605418502,-0.5696008580901386,0.05407425610698202,0.23851257519407648,0.9711394088771653,False
EVR_04,2026,2026-01-15,7.7735,13.6404,3.7623,0.0137,102.94723,3.7013499999999997,59.22955,7.3,171.9655000000001,9.8781,2.6163000000000007,0.2586478644188499,0.1434861731957398,-0.5377770671962501,0.0258090297770783,0.2551824131233728,0.9668929289391521,False
EVR_04,2026,2026-01-16,5.2747,10.0832,1.2904,5.4095,51.047576,0.6867999999999999,59.91635,4.4,162.45830000000012,8.7928,1.8218,0.23355346824681913,0.11656590007609127,-0.5936821024558381,-0.007594774576451135,0.2717767384711357,0.9623603298276545,False
EVR_04,2026,2026-01-17,1.0044,4.0678,-1.7147,2.172,73.6797,0.0,59.91635,8.0,32.85810000000012,5.7825,4.1506,0.25216082882562907,0.15282387272564263,-0.5672549985439361,-0.01488191478924461,0.2882906407095177,0.9575429528116719,False
EVR_04,2026,2026-01-18,-2.2045,0.6877,-4.4237,2.2992,78.438616,0.0,59.91635,6.8,-14.702699999999885,5.1114,5.3039000000000005,0.3110086290498144,0.17557969960403505,-0.5221038296704066,0.07615873281215288,0.3047192331091634,0.9524422234305676,False
EVR_04,2026,2026-01-19,-2.1021,1.5228,-4.8012,1.0288,99.69107,0.0,59.91635,6.8999999999999995,-33.054499999999884,6.324,5.2923,0.26724214238512584,0.14771664601531356,-0.5367538143869311,0.0012601645568836584,0.321057654185271,0.9470596510722283,False
EVR_04,2026,2026-01-20,0.4633,3.6192,-2.4083,0.2303,90.46421,0.0,59.91635,5.8999999999999995,-32.709099999999886,6.0275,3.415,0.28698332545954314,0.15796459381264724,-0.5609282569296693,0.023300423659188885,0.3373010691361842,0.9413968285264122,False
EVR_04,2026,2026-01-21,3.6868,7.2734,0.3259,3.9609,62.272384,0.0,59.91635,4.2,-28.385599999999886,6.9475,3.2866999999999997,0.2890345944269463,0.15709109770304366,-0.5600491900966732,0.021012159052878177,0.3534446712740877,0.9354554315134164,False
EVR_04,2026,2026-01-22,6.2812,9.3956,3.6005,137.863,39.73237,1.49805,61.4144,9.700000000000001,107.06370000000013,5.7951,1.811,0.2630006459567783,0.16379850325517767,-0.564210571151378,0.004352781537928396,0.3694836834473831,0.9292372181882051,False
EVR_04,2026,2026-01-23,7.4028,10.4783,4.0028,77.5004,41.303324,2.2405500000000007,63.65495,4.8,178.75460000000012,6.475500000000001,0.9419000000000004,0.26007860448548725,0.1431752942221903,-0.5326871763009876,0.026525136238668118,0.38541335945432564,0.9227440286201427,False
EVR_04,2026,2026-01-24,7.7887,10.2422,5.2269,3.9023,40.932816,2.7345500000000005,66.3895,4.0,184.48490000000012,5.015300000000001,1.359,0.2476075042617207,0.1307471022863283,-0.5696486722705871,-0.004553324563908362,0.4012289854475009,0.9159777842484877,False
EVR_04,2026,2026-01-25,10.1872,15.5416,5.4666,1.5169,68.1456,5.504100000000001,71.8936,5.5,185.00260000000011,10.075000000000001,1.6049000000000007,0.2746315289002649,0.15197778214260957,-0.5599058989518598,-0.036377100149549535,0.4169258813287287,0.908940487313808,False
EVR_04,2026,2026-01-26,11.1604,15.903,7.9094,29.2113,90.01949,6.9062,78.7998,10.7,209.3851000000001,7.993600000000001,3.0564,0.25952526174736423,0.14331598290997688,-0.5838332198035849,-0.007716880637761603,0.4324994021339788,0.901634220265486,False
EVR_04,2026,2026-01-27,10.1645,13.73,7.504,83.9547,88.0484,5.617000000000001,84.41680000000001,15.8,283.20950000000016,6.226000000000001,2.4939,0.2719395876317918,0.15461486022831977,-0.5462983486883914,-0.015043737827751313,0.44794493940789115,0.8940611451454876,False
EVR_04,2026,2026-01-28,9.7974,12.9392,6.4592,9.7446,83.84162,4.699199999999999,89.116,10.3,282.89320000000015,6.4799999999999995,3.1647999999999996,0.27127235156805507,0.15260648607962923,-0.5939929177410086,-0.01776224285889122,0.4632579225674917,0.88622350294858,False
EVR_04,2026,2026-01-29,12.116,13.2373,10.6642,127.9633,34.91532,6.950749999999999,96.06675,14.5,268.19350000000014,2.5731,2.4223,0.27125004006776865,0.15089852340742374,-0.5809757481980644,0.008249394110990349,0.4784338202547012,0.8781236129591848,False
EVR_04,2026,2026-01-30,8.9613,11.4267,6.3272,65.3752,44.815544,3.876950000000001,99.9437,11.1,249.76830000000012,5.0995,1.7993999999999994,0.2581643416928502,0.14504314357553796,-0.5474286036916396,-0.001914262792637067,0.49346814167723735,0.8697638720650646,False
EVR_04,2026,2026-01-31,5.6721,7.7417,4.0782,89.9023,43.984404,0.9099500000000003,100.85365,11.9,327.8683000000001,3.6635,1.6272000000000002,0.258835410392793,0.14800259118220965,-0.5783502472067321,0.011227906131072302,0.5083564379375122,0.8611467540480452,False
EVR_04,2026,2026-02-01,4.5202,5.8244,3.6763,144.8798,37.19798,0.0,100.85365,14.3,462.4312000000001,2.1481,1.7746,0.2554054725909015,0.15132123832043687,-0.5605549220788556,-0.01922605630936336,0.5230943033491326,0.8522748088519838,False
EVR_04,2026,2026-02-02,1.1607,5.0345,-1.2,188.9796,18.983926,0.0,100.85365,11.6,621.2995000000001,6.234500000000001,2.2372,0.2700685995489457,0.17274528607538434,-0.5736954725791605,0.010543337801581454,0.5376773767406141,0.8431506618282,False
EVR_04,2026,2026-02-03,2.7945,6.438,-1.9736,11.7453,46.734856,0.0,100.85365,4.4,560.4901,8.4116,2.7661000000000002,0.2735083111995733,0.14535643955069313,-0.5609961062659174,0.0015687235677814826,0.5521013427459208,0.8337770129585915,False
EVR_04,2026,2026-02-04,7.0446,11.3756,4.6647,0.0867,65.041428,3.020150000000001,103.8738,4.8999999999999995,556.2322000000001,6.7109000000000005,2.3433,0.2849533879901568,0.14842036286128138,-0.5484813600747727,0.013681036422101722,0.5663619330814524,0.8241566360566663,False
EVR_04,2026,2026-02-05,8.4433,9.7752,5.127,239.5486,21.724042,2.4511000000000003,106.3249,5.4,676.9175000000001,4.6482,1.6720000000000006,0.27180720889009136,0.15122368178525034,-0.5637201761501544,0.0005571688223227067,0.580454927809098,0.8142923779467267,False
EVR_04,2026,2026-02-06,10.9189,15.1712,6.9529,68.3947,90.51418,6.062049999999999,112.38695,9.9,681.1370000000001,8.218300000000001,1.9149000000000012,0.28125402158167323,0.15147784752628737,-0.5350543922172306,0.023089679888823045,0.5943761565849831,0.804187157621448,False
EVR_04,2026,2026-02-07,11.4107,15.8449,8.3463,13.4005,111.50836,7.095600000000001,119.48255,12.8,603.7352000000001,7.4986000000000015,2.0912000000000006,0.2904982123026082,0.16048225023151014,-0.5593753313492243,0.031662801909815186,0.6081214998935418,0.7938439653781019,False
EVR_04,2026,2026-02-08,9.4032,12.6256,6.8327,97.8986,59.912776,4.729150000000001,124.21170000000001,8.4,562.6540000000001,5.7929,0.5890000000000004,0.2851469610245079,0.1473114114097143,-0.52492668649349,0.029741488433606356,0.6216868902665479,0.7832658619336791,False
EVR_04,2026,2026-02-09,7.2609,9.9962,4.0175,22.058,50.13592,2.00685,126.21855000000001,9.799999999999999,397.5324000000001,5.9787,1.4726000000000008,0.28497683759528436,0.17136305382729908,-0.5617024329076654,0.014908238046338673,0.6350683134867438,0.7724559775191742,False
EVR_04,2026,2026-02-10,4.7333,7.3736,2.7585,4.6912,49.637376,0.06604999999999972,126.28460000000001,10.8,384.0783000000001,4.6151,3.9104,0.3043261268499895,0.16133796743207163,-0.549120921872719,0.03081781565041619,0.6482618097757122,0.7614175109532997,False
EVR_04,2026,2026-02-11,6.1673,10.2113,2.5015,0.2564,87.51264,1.3563999999999998,127.641,9.2,379.94800000000015,7.7097999999999995,3.0949,0.26441677120007745,0.1504487146209925,-0.5564552565479286,-0.020536616790079343,0.6612634749656386,0.7501537286959042,False
EVR_04,2026,2026-02-12,8.9945,13.505,4.7107,110.8152,69.14351,4.107850000000001,131.74885,11.700000000000001,244.91460000000012,8.7943,1.827,0.285131023853495,0.1553474786678951,-0.5209766496624313,0.013323814963403624,0.6740694616546161,0.7386679638813748,False
EVR_04,2026,2026-02-13,10.2621,14.1824,6.749,187.4284,84.07186,5.4657,137.21455,13.700000000000001,360.1483000000002,7.4334,1.4557000000000002,0.3158542083847289,0.19672832558150566,-0.5065757103772146,0.034600186803055655,0.6866759803451553,0.726963615332308,False
EVR_04,2026,2026-02-14,10.118,15.6628,4.2658,12.175,147.74626,4.9643,142.17885,18.0,353.7228000000001,11.397000000000002,3.1785000000000005,0.2972440039912583,0.14935471488756769,-0.5531537957873741,0.006745791688650082,0.6990793005655562,0.7150441465537444,False
EVR_04,2026,2026-02-15,13.6583,19.6511,8.1916,25.9495,136.69656,8.92135,151.1002,23.8,266.3737000000001,11.4595,5.443100000000001,0.31138248140042324,0.16507116068031621,-0.5069404746548741,0.026235520375915367,0.7112757519738152,0.7029130847082615,False
EVR_04,2026,2026-02-16,12.8393,16.5611,10.4423,28.7166,128.28323,8.5017,159.6019,18.1,264.7323000000001,6.1188,2.805299999999999,0.3112091407441292,0.18440144259175695,-0.5225290574787103,0.026232303148844838,0.7232617254437388,0.6905740195722293,False
EVR_04,2026,2026-02-17,11.5927,15.2337,9.6778,110.3808,109.40387,7.45575,167.05765,17.4,363.82190000000014,5.555900000000001,2.3613,0.2898194585830991,0.16854141542678477,-0.5567535818379875,-0.014506668266890399,0.7350336741329413,0.6780306024735382,False
EVR_04,2026,2026-02-18,3.744,9.6137,0.6826,130.1032,54.707812,0.14815000000000023,167.2058,17.3,485.5687000000001,8.931099999999999,3.0361000000000002,0.2902849048746077,0.156334663371899,-0.5216789130361228,0.025868133674530225,0.746588114532413,0.6652865452111116,False
EVR_04,2026,2026-02-19,6.9648,11.6944,2.4598,6.282,150.42514,2.0770999999999997,169.2829,16.7,376.03550000000007,9.2346,5.435600000000001,0.32382760686182366,0.18529756089786878,-0.5103495121480687,0.03869658300832868,0.7579216274973472,0.6523456189565257,False
EVR_04,2026,2026-02-20,10.9896,15.9995,7.074,0.8087,138.03622,6.53675,175.81965,16.6,186.5158000000001,8.9255,4.393,0.2950497962734848,0.16395181757418656,-0.5587485861180237,-0.020804412111244064,0.7690308592589181,0.6392116531380588,False
EVR_04,2026,2026-02-21,9.0328,12.173,4.502,84.1953,57.171936,3.3375000000000004,179.15715,13.6,262.9361000000001,7.671,2.4749999999999996,0.298909472085657,0.1644004828026955,-0.5173171763797284,0.0016654680943987143,0.7799125224167177,0.6258885343075018,False
EVR_04,2026,2026-02-22,3.9079,7.3581,1.1032,47.1971,72.06057,0.0,179.15715,17.3,290.6837000000001,6.2549,3.4906,0.3068230237908185,0.14234855750634534,-0.5528177039009285,-0.0045594576096047446,0.7905633969115482,0.612380204990065,False
EVR_04,2026,2026-02-23,6.4312,11.0481,2.5449,2.0351,160.25997,1.7965,180.95365,17.0,265.1022000000001,8.5032,4.3612,0.3102162224188292,0.14617581532629537,-0.5443671906633724,-0.0009929183253000184,0.8009803309782905,0.5986906625177214,False
EVR_04,2026,2026-02-24,10.3171,14.6732,6.1409,7.1053,160.03565,5.40705,186.3607,17.9,161.3267000000001,8.5323,3.5072,0.3182066983384889,0.16638871499548713,-0.5196328679966917,0.028387239755389815,0.8111602420785621,0.5848239578463322,False
EVR_04,2026,2026-02-25,6.9643,10.2941,3.6618,20.983,146.58752,1.9779499999999999,188.33865,17.8,51.70650000000012,6.632300000000001,3.4692,0.31769416855200394,0.17234134275496762,-0.5311100945979333,0.027409263677396267,0.8211001178128892,0.5707841943569036,False
EVR_04,2026,2026-02-26,4.4532,8.1517,-0.175,8.9003,146.80512,0.0,188.33865,19.0,52.02480000000012,8.3267,4.8589,0.32402675102778833,0.1702137371886475,-0.5226556700604723,0.00019914416596467088,0.8307970168121247,0.5565755266413303,False
EVR_04,2026,2026-02-27,2.7635,7.5402,-2.6013,0.2996,154.85858,0.0,188.33865,16.0,52.11570000000012,10.1415,4.5003,0.3332980497090957,0.17606883049505756,-0.5080068639639235,0.03824825343561089,0.8402480696078469,0.5422021592729844,False
EVR_04,2026,2026-02-28,3.7218,7.4542,0.505,0.1205,130.37598,0.0,188.33865,14.1,-32.459099999999886,6.9492,3.9954,0.35993680481333085,0.1917268170500356,-0.4948789828645282,0.061027332727673855,0.8494504794814806,0.527668345562516,False
EVR_04,2026,2026-03-01,4.1636,8.5023,0.9717,0.0505,124.18458,0.0,188.33865,13.5,-75.80569999999989,7.5306,3.3324999999999996,0.3719942637624335,0.1984794527395128,-0.42299215688631386,0.065171239971615,0.8584015232918917,0.512978386299228,False
EVR_04,2026,2026-03-02,5.8488,12.1939,-0.1144,0.0026,186.21373,1.0397499999999997,189.3784,18.5,-79.33819999999989,12.3083,3.0254999999999996,0.3492542325966828,0.1841022426353216,-0.48241170161955527,0.03903801017785363,0.8670985522812081,0.4981366284784055,False
EVR_04,2026,2026-03-03,7.3157,13.5242,2.7707,0.0149,163.80334,3.147450000000001,192.52585000000002,18.3,-86.82859999999988,10.7535,2.6799,0.3408547372137422,0.18232881411078838,-0.49495462339314816,0.022648038875253296,0.8755389928586302,0.4831474640149687,False
EVR_04,2026,2026-03-04,7.1626,12.4584,1.9066,0.0569,183.46269,2.182499999999999,194.70835,20.6,-110.55469999999988,10.5518,3.5177000000000005,0.3316667598941947,0.17400918316738156,-0.4840317931027711,0.013972591342190754,0.8837203473619977,0.4680153284438345,False
EVR_04,2026,2026-03-05,9.0444,13.8286,4.4621,13.3866,153.9786,4.1453500000000005,198.8537,18.3,-105.3683999999999,9.366499999999998,3.8907999999999996,0.34782405633131913,0.1991103599095722,-0.4929959338047677,0.023797305303530802,0.8916401947968874,0.45274469960737107,False
EVR_04,2026,2026-03-06,8.8929,14.6433,4.7499,3.9493,177.83232,4.6966,203.5503,21.9,-107.61869999999989,9.8934,3.402899999999999,0.39354540902212015,0.220234041114973,-0.4460583732868211,0.06024735931302444,0.8992961915530253,0.4373400963303323,False
EVR_04,2026,2026-03-07,6.0435,10.7389,1.269,0.3271,175.736,1.0039499999999997,204.55425,20.400000000000002,-113.7120999999999,9.469899999999999,4.9397,0.3718654985300779,0.2161800681670045,-0.47708179875625545,0.01192869371674704,0.9066860720977985,0.4218060770826634,False
EVR_04,2026,2026-03-08,4.8999,9.9391,0.2304,0.0215,191.45749,0.08474999999999966,204.639,19.900000000000002,-120.1410999999999,9.7087,4.5348,0.35596272272205787,0.18320859913158294,-0.4802294263201846,-0.01603154104037563,0.9138076496466615,0.4061472386305789,False
EVR_04,2026,2026-03-09,6.012,10.0599,3.2938,0.0077,172.76586,1.67685,206.31585,19.900000000000002,-121.53599999999989,6.766100000000001,4.7942,0.3929886897699232,0.23196622905267417,-0.4098929875569558,0.04373445717324037,0.9206588168102428,0.3903682146763026,False
EVR_04,2026,2026-03-10,7.645,14.3323,3.3497,0.0094,209.07402,3.8409999999999993,210.15685,25.3,-128.5414999999999,10.9826,5.7258,0.385620628457188,0.22332551576259083,-0.47623553458043016,0.044765891243445766,0.9272375462179537,0.374473674486883,False
EVR_04,2026,2026-03-11,7.1978,14.7063,0.2986,0.0025,217.54638,2.5024500000000005,212.6593,24.299999999999997,-132.29589999999988,14.4077,4.1043,0.3956662603960418,0.2044245374415351,-0.46010160186726534,0.0639995005018471,0.9335418911179212,0.35846832151248087,False
EVR_04,2026,2026-03-12,6.8032,11.889,2.7242,0.4624,188.33525,2.3065999999999995,214.9659,20.299999999999997,-147.2200999999999,9.1648,3.4930000000000003,0.36747812632383314,0.1720362041040494,-0.4818143853129097,0.01965406999251401,0.9395699859530622,0.342356891994542,False
EVR_04,2026,2026-03-13,6.5212,11.1368,2.9967,0.5986,139.82922,2.06675,217.03265000000002,16.7,-145.3707999999999,8.140099999999999,3.8814,0.3950702865765221,0.18692332693851707,-0.4568741451677852,0.0015248775544019488,0.945320046913132,0.3261441535642696,False
EVR_04,2026,2026-03-14,6.3197,11.2157,1.6215,0.0456,179.07146,1.4185999999999996,218.45125000000002,19.400000000000002,-144.65229999999988,9.5942,3.8741,0.4075900420061223,0.22620363346665853,-0.44637840705697135,0.035724543476044424,0.9507903724625832,0.3098349038318025,False
EVR_04,2026,2026-03-15,7.286,11.6819,2.9308,0.7749,134.5052,2.30635,220.7576,18.2,-142.19889999999987,8.751100000000001,4.424199999999999,0.40793457810266626,0.2185346517784002,-0.4242551665357394,0.05197185538060839,0.9559793438440766,0.2934339689665273,False
EVR_04,2026,2026-03-16,6.8896,12.5189,2.3188,0.1546,168.45363,2.41885,223.17645000000002,20.0,-142.15199999999987,10.2001,4.1103,0.390791807119486,0.20907206233815653,-0.4684154581795885,-0.0021968826504371597,0.9608854255574977,0.27694620226893646,False
EVR_04,2026,2026-03-17,6.3929,11.3036,0.7715,0.1489,188.92576,1.0375499999999995,224.214,21.1,-137.8124999999999,10.5321,4.3827,0.4013631779805621,0.23357333782237935,-0.4531464886970349,0.015742549523374116,0.9655071658143364,0.2603764827344581,False
EVR_04,2026,2026-03-18,7.7606,11.5143,5.6087,13.067,153.2008,3.5615000000000006,227.7755,21.6,-122.04799999999989,5.905600000000001,4.4885,0.4150040624274225,0.24276476906771416,-0.4045331494805287,0.01933780203138069,0.969843196967294,0.24372971360968387,False
EVR_04,2026,2026-03-19,6.7115,9.1334,4.4749,7.6346,94.90011,1.80415,229.57965000000002,15.2,-109.77579999999989,4.6585,4.8571,0.4139998337366291,0.21650527149998502,-0.4542423836970235,0.04652170741279593,0.9738922359149924,0.22701082094141847,False
EVR_04,2026,2026-03-20,4.8017,6.0937,3.9568,91.8866,64.10664,0.025249999999999773,229.60490000000001,28.9,-30.687799999999882,2.1369000000000002,2.3482000000000003,0.4413074960797362,0.23993132030496683,-0.3983208000504769,0.04623720950321408,0.9776530844816641,0.2102247521189836,False
EVR_04,2026,2026-03-21,6.4445,8.228,4.5403,68.1829,48.6076,1.38415,230.98905,19.5,37.34950000000012,3.6876999999999995,2.1623,0.407370730356737,0.2194343202259184,-0.43098662853996267,-0.0002193116493853231,0.981124629771712,0.19337647441020586,False
EVR_04,2026,2026-03-22,7.517,9.3006,6.1113,39.8472,46.531332,2.7059499999999996,233.695,16.5,78.12180000000012,3.1892999999999994,2.2358000000000002,0.4006833543223056,0.21453968757728137,-0.43945222060474115,-0.007251223780360638,0.984305844499033,0.17647097349152166,False
EVR_04,2026,2026-03-23,7.895,10.152,5.8918,5.0693,59.533884,3.0218999999999987,236.7169,10.5,92.53650000000012,4.260199999999999,3.1399,0.40241736565905983,0.2212057734306686,-0.4324312714777234,0.01162555853957381,0.9871957872910085,0.15951325197263655,False
EVR_04,2026,2026-03-24,8.2968,10.5622,6.6765,37.855,89.3567,3.6193500000000007,240.33625,19.0,132.34260000000012,3.885700000000001,2.9560999999999993,0.39552461686279095,0.2141764528145614,-0.46756185024478186,-0.005838561117771146,0.9897936029670716,0.14250832791617088,False
EVR_04,2026,2026-03-25,8.8561,14.2388,3.9963,2.9643,227.016,4.11755,244.4538,35.2,108.63990000000011,10.2425,5.7371,0.4235538109307829,0.22471474724475793,-0.40565753529286097,0.008549748503360433,0.992098522791769,0.12546123335273648,False
EVR_04,2026,2026-03-26,7.382,12.7158,2.4892,0.0067,225.94262,2.6025,247.0563,27.599999999999998,88.61200000000012,10.2266,2.9213999999999993,0.41770569456552886,0.22813710100608633,-0.415388901318371,0.0037058608288997874,0.9941098647022418,0.10837701279187609,False
EVR_04,2026,2026-03-27,10.6153,16.9346,2.7517,42.3453,189.16646,4.84315,251.89945,25.5,42.470700000000114,14.1829,3.0307999999999993,0.4047906816265706,0.2001683815690446,-0.45694641913165684,-0.03651681445316557,0.9958270335100595,0.09126072172931188,False
EVR_04,2026,2026-03-28,10.6647,14.2371,7.9214,67.9093,193.3336,6.07925,257.9787,28.2,33.49710000000011,6.3157,2.0768000000000004,0.4150510615394162,0.22791820699661666,-0.45134897400559226,0.00768033118267919,0.9972495210773451,0.07411742515094437,False
EVR_04,2026,2026-03-29,8.7329,9.7034,7.9971,194.5474,51.1527,3.850249999999999,261.82895,16.0,188.69730000000013,1.7063000000000006,1.3888000000000007,0.44741031557284405,0.24692195824675703,-0.403224941398358,0.046726961250538435,0.998376906467142,0.056952196034039754,False
EVR_04,2026,2026-03-30,9.3061,11.1217,7.8829,206.7006,41.5152,4.5023,266.33125,18.1,382.72860000000014,3.2388000000000003,1.4755000000000011,0.4586891903623601,0.2446328389243754,-0.40231481670718106,0.05627182470330028,0.9992088560679753,0.03977011384605572,False
EVR_04,2026,2026-03-31,11.8786,16.3661,8.172,20.7432,195.43917,7.26905,273.6003,30.0,354.6168000000001,8.194099999999999,3.34,0.4659965900599693,0.26493674325077154,-0.37363590042518957,0.07047197319717835,0.9997451236925734,0.022576263041545485,False
EVR_04,2026,2026-04-01,11.8947,16.4239,8.6659,77.6178,178.16336,7.5449,281.1452,31.5,432.9703000000001,7.757999999999999,3.5000999999999998,0.45354763183236235,0.24927517604363197,-0.40110445329193,0.029993820901579427,0.9999855506507186,0.005375731557583884,False
EVR_04,2026,2026-04-02,12.285,16.8145,8.6981,129.533,176.95522,7.7562999999999995,288.9015,39.9,550.1966000000001,8.116399999999999,4.218500000000001,0.45620902346441683,0.25024633815859026,-0.4156139421348289,0.03850332889888797,0.9999300657962057,-0.011826390691832589,False
EVR_04,2026,2026-04-03,12.4567,16.0739,9.8072,33.2477,160.49627,7.940549999999998,296.84205,29.1,537.4990000000001,6.266699999999998,3.0327,0.43314089870899863,0.22276292097817624,-0.41690141573838363,0.02835021708242802,0.9995786855478958,-0.029025013321975237,False
EVR_04,2026,2026-04-04,11.3479,14.6183,9.1106,68.8147,85.94069,6.86445,303.7065,15.2,551.4044000000001,5.5077,1.4726999999999997,0.4572287361018841,0.2374379679517645,-0.3878410063126953,0.042177674562467904,0.9989315138848577,-0.046215046983708354,False
EVR_04,2026,2026-04-05,12.4059,17.423,7.1455,8.6344,219.03411,7.28425,310.99075,36.7,344.79140000000007,10.277499999999998,4.3862000000000005,0.4618632074657367,0.24800366028279347,-0.39033141010955497,0.014452891892892672,0.9979887423155984,-0.06339140486951038,False
EVR_04,2026,2026-04-06,13.1738,18.7959,6.985,0.3453,262.78822,7.8904499999999995,318.8812,42.2,114.3361000000001,11.8109,6.0949,0.4940168594514859,0.2774158353852818,-0.35888092817563727,0.03532766908912577,0.9967506498213929,-0.08054900421874167,False
EVR_04,2026,2026-04-07,14.4949,20.308,8.5319,5.5674,245.22733,9.41995,328.30115,39.5,89.66030000000009,11.7761,4.3308,0.5269509717466501,0.28251405024514414,-0.33613926664637117,0.06095438168668077,0.9952176027737294,-0.09768276782171598,False
EVR_04,2026,2026-04-08,11.7272,16.243,6.5188,5.5915,255.4319,6.380899999999999,334.68205,48.599999999999994,0.5340000000000913,9.7242,6.531,0.5237669247003255,0.29924249866559377,-0.3582362466617221,0.07021929286796313,0.9933900548258936,-0.11478762552212701,False
EVR_04,2026,2026-04-09,8.9293,13.2203,5.4767,14.7679,211.11138,4.3485,339.03055,32.599999999999994,-106.93109999999989,7.7436,4.6117,0.542390713608426,0.2974132720487727,-0.3335177414200764,0.08618169014400912,0.9912685467787256,-0.13185851571739118,False
EVR_04,2026,2026-04-10,6.769,11.6482,2.6122,32.6123,230.17344,2.1301999999999994,341.16075,32.800000000000004,-111.2664999999999,9.036,2.7784,0.5603314166036498,0.28677682152837713,-0.3255722271747122,0.1271905178946512,0.9888537064205885,-0.1488903868564548,False
EVR_04,2026,2026-04-11,7.693,11.8326,2.2474,5.7667,232.1701,2.039999999999999,343.20074999999997,33.4,-192.51449999999988,9.5852,4.478899999999999,0.5660765948317834,0.3191231256368234,-0.3678037063976868,0.10884785872989933,0.986146248341595,-0.16587819893463143,False
EVR_04,2026,2026-04-12,9.1535,13.6209,4.3316,7.2315,230.96006,3.9762500000000003,347.177,34.3,-191.51739999999987,9.2893,4.5901,0.5948462831481773,0.3101765138029411,-0.3198307838090097,0.1329830756824406,0.9831469737221499,-0.1828169249850199,False
EVR_04,2026,2026-04-13,8.9822,13.8606,2.4828,0.5223,276.9155,3.1716999999999995,350.3487,41.2,-190.34039999999987,11.3778,5.7111,0.5762543712887138,0.30217030565328484,-0.29151813676376515,0.08223751183722794,0.9798567700958665,-0.1997015525660636,False
EVR_04,2026,2026-04-14,10.4371,16.1801,5.116,0.0,264.27355,5.64805,355.99675,43.0,-199.4077999999999,11.0641,5.9822999999999995,0.5777155949556262,0.3202556701383283,-0.3044842683630188,0.05076462320897612,0.9762766110869321,-0.21652708524481437,False
EVR_04,2026,2026-04-15,11.1,17.2146,6.4083,0.0009,237.12374,6.811450000000001,362.8082,39.6,-195.9983999999999,10.8063,5.472899999999999,0.5877006629901834,0.3347107234110268,-0.2998373654537135,0.06393373828985793,0.9724075561219968,-0.23328854407545518,False
EVR_04,2026,2026-04-16,10.4094,15.1181,6.9688,0.0163,183.73184,6.04345,368.85165,30.700000000000003,-208.84999999999988,8.1493,5.153099999999999,0.5545807658296389,0.30215163709070236,-0.32844908229131486,0.012190052221212944,0.9682507501166718,-0.2499809690726521,False
EVR_04,2026,2026-04-17,10.8659,15.8848,6.4102,0.0383,261.42242,6.147500000000001,374.99915,40.4,-249.0239999999999,9.4746,5.4761999999999995,0.5863375784643048,0.31528463444643356,-0.3200275020025127,0.026006161860654964,0.9638074231367307,-0.26659942067929354,False
EVR_04,2026,2026-04-18,11.8816,16.8221,7.2218,0.0024,242.10851,7.02195,382.0211,42.0,-263.3882999999999,9.600299999999999,6.162100000000001,0.5983986428407783,0.32521619729425905,-0.31209477575519273,0.03232204800899485,0.9590788900341131,-0.28313898122818354,False
EVR_04,2026,2026-04-19,11.7731,17.3646,5.7297,17.9248,259.65038,6.54715,388.56825,39.5,-257.89499999999987,11.634899999999998,3.8865999999999996,0.5994843187709381,0.3146604560024746,-0.30121748457810094,0.004638035622760772,0.9540665500578387,-0.2995947563972602,False
EVR_04,2026,2026-04-20,13.2924,18.7705,6.7876,1.9339,279.95264,7.77905,396.3473,45.400000000000006,-260.6833999999999,11.982899999999997,4.903600000000001,0.6389767775758033,0.34947572932860566,-0.2644752240078982,0.06272240628708947,0.9487718864399473,-0.31596187665790293,False
EVR_04,2026,2026-04-21,13.6714,19.1701,8.9055,31.3961,236.05952,9.0378,405.3851,36.6,-222.88729999999987,10.264600000000002,3.5821000000000005,0.6439774649270065,0.3491603398044013,-0.2528325837256356,0.06626186997138028,0.9431964659565866,-0.33223549871590435,False
EVR_04,2026,2026-04-22,9.4069,11.0752,7.2824,141.8241,88.85749,4.178800000000001,409.5639,23.7,-65.1640999999999,3.7928000000000006,2.1549000000000005,0.6474019154105785,0.3492255604043563,-0.22874717751941007,0.059701252420395035,0.9373419384643772,-0.3484108069446808,False
EVR_04,2026,2026-04-23,10.2332,14.2257,6.311,9.9298,191.0815,5.26835,414.83225,33.2,-57.75059999999991,7.9147,5.4123,0.6421361794737732,0.34973231895609863,-0.2816543176783699,0.08755541364413433,0.9312100364121947,-0.3644830148102912,False
EVR_04,2026,2026-04-24,12.8958,18.4222,5.9945,1.3927,262.93438,7.208349999999999,422.0406,44.1,-60.09619999999992,12.4277,6.792,0.620491155589135,0.33260640218975795,-0.3019260077153791,0.03415357712483025,0.9248025743285089,-0.38044736628785164,False
EVR_04,2026,2026-04-25,15.503,20.7063,10.1498,0.093,297.31747,10.428049999999999,432.46865,50.8,-68.80559999999991,10.556499999999998,8.0069,0.6626438697778324,0.3791680480119787,-0.24397194184405713,0.06424522693705415,0.9181214482844364,-0.39629913726891813,False
EVR_04,2026,2026-04-26,17.1796,22.9901,11.2603,0.0103,299.90288,12.1252,444.59385,53.900000000000006,-101.12009999999992,11.729800000000001,8.3062,0.6290684991133582,0.34613298455063657,-0.2810758185853194,0.029584180342420052,0.9111686353326631,-0.41203363695942635,False
EVR_04,2026,2026-04-27,11.5988,15.4285,6.5211,0.0009,304.2401,5.9748,450.56865,51.6,-109.2530999999999,8.907399999999999,7.453800000000001,0.6596506590566693,0.35485625089795875,-0.22627700269546697,0.02067388148086602,0.9039461929224011,-0.42764620926777464,False
EVR_04,2026,2026-04-28,11.2092,17.1606,5.0839,0.0,305.52688,6.122249999999999,456.6909,46.5,-150.5491999999999,12.076699999999999,5.543499999999999,0.6741849326356016,0.37968679211102435,-0.22423744423051736,0.03020746770859517,0.8964562582905575,-0.44313223418263453,False
EVR_04,2026,2026-04-29,11.7269,17.4039,4.8341,0.0086,303.0215,6.119,462.80989999999997,46.5,-315.16469999999987,12.5698,5.632700000000001,0.6818720616209525,0.36841587756316696,-0.2235145181950959,0.03447014621037403,0.8887010478292915,-0.45848712914008766,False
EVR_04,2026,2026-04-30,11.3767,15.3888,8.0036,40.2691,241.95677,6.696200000000001,469.5061,39.300000000000004,-290.9253999999999,7.385199999999999,3.928699999999999,0.6902318196205167,0.36914281066616694,-0.23030054558578783,0.0480956401467435,0.8806828564301475,-0.47370635037968,False
EVR_04,2026,2026-05-01,8.3484,10.8036,5.8156,110.5847,112.25381,3.3095999999999997,472.8157,32.0,-169.63339999999988,4.9879999999999995,3.9989,0.7012254597065314,0.384186465078258,-0.19097454993412788,0.08073430411739635,0.8724040568049612,-0.48878539428899265,False
EVR_04,2026,2026-05-02,8.3369,12.2309,4.3061,18.4818,245.05216,3.2684999999999995,476.0842,38.6,-139.0445999999999,7.9248,6.186999999999999,0.6891991052653087,0.3621633945773882,-0.20405226632752024,0.026555235487476292,0.8638670987837349,-0.503719798736334,False
EVR_04,2026,2026-05-03,8.8099,12.1708,5.6709,10.6076,159.48562,3.9208499999999997,480.00505,28.7,-103.24729999999988,6.4999,6.377300000000001,0.7279623188161994,0.39715177822184927,-0.21298799624715498,0.09889381970284128,0.8550745085896932,-0.518505144391157,False
EVR_04,2026,2026-05-04,11.8658,16.7603,6.3305,0.7395,206.09197,6.545400000000001,486.55045,39.699999999999996,-90.60869999999989,10.4298,8.1338,0.7253458663386623,0.4108875390244215,-0.1746839649734233,0.06569520728199296,0.8460288880917339,-0.533137056031809,False
EVR_04,2026,2026-05-05,13.5735,19.779,7.4794,0.0113,308.78307,8.6292,495.17965,51.7,-95.79739999999988,12.2996,7.819099999999999,0.7323386363847586,0.4034738372375144,-0.1875361857846126,0.05815370374915696,0.8367329140344921,-0.5476112038402312,False
EVR_04,2026,2026-05-06,15.1105,21.5737,8.2199,1.5046,299.09818,9.896799999999999,505.07645,48.300000000000004,-96.10139999999988,13.353799999999998,5.6669,0.7112184754753187,0.39187319099943246,-0.20120799883428653,0.029346413854366205,0.8271893372462497,-0.5619233046832195,False
EVR_04,2026,2026-05-07,17.1974,23.9438,9.6599,0.1324,306.6063,11.801850000000002,516.8783,55.199999999999996,-152.1380999999999,14.2839,7.337399999999999,0.7331836498935239,0.39727679351353273,-0.1950851011567074,0.0429518302730072,0.8174009818249189,-0.5760691233798758,False
EVR_04,2026,2026-05-08,17.7261,22.6241,12.9143,5.1174,225.7875,12.769199999999998,529.6475,47.7,-273.30539999999985,9.709799999999998,8.207399999999998,0.7110517057731564,0.4023124993888881,-0.20867525936425102,0.009826246066624966,0.8073707443023492,-0.5900444739548627,False
EVR_04,2026,2026-05-09,17.2535,21.7152,12.9176,24.2595,211.16451,12.316400000000002,541.9639,41.8,-270.72769999999986,8.7976,4.497499999999999,0.7119051360047431,0.38733777797178975,-0.19253502191674804,0.022706030739434446,0.7971015927871943,-0.6038452208771035,False
EVR_04,2026,2026-05-10,18.2394,23.3367,11.8888,4.6634,268.97338,12.612749999999998,554.57665,45.8,-293.77189999999985,11.4479,4.2134,0.7063100284521421,0.399725522356169,-0.17626943305804138,-0.02165229036405736,0.7865965660866021,-0.6174672802835514,False
EVR_04,2026,2026-05-11,19.0561,24.1592,13.9092,1.6514,284.82832,14.034199999999998,568.61085,50.3,-303.45999999999987,10.249999999999998,4.1524,0.7101447581203816,0.3850300071842934,-0.2121141391060672,-0.01520110821828069,0.7758587728069828,-0.6309066211876704,False
EVR_04,2026,2026-05-12,19.344,24.3632,14.2494,2.5399,286.7942,14.3063,582.91715,54.199999999999996,-303.4313999999998,10.1138,6.169300000000002,0.663432473736361,0.3643754775100577,-0.23181789867373234,-0.06890616264839755,0.7648913904341225,-0.6441592666722685,False
EVR_04,2026,2026-05-13,18.015,23.5901,12.6849,24.3432,276.91376,13.1375,596.05465,50.4,-282.69279999999986,10.905199999999999,5.3664000000000005,0.6865670679241904,0.38399360886279665,-0.20904475917205095,-0.024651407551128268,0.753697664392914,-0.6572212950663319,False
EVR_04,2026,2026-05-14,13.7658,18.0118,10.9179,133.6251,187.4386,9.46485,605.5195,47.4,-141.40009999999984,7.093900000000001,4.3505,0.7102180124634158,0.39261771382342325,-0.1942978956739055,-0.022965637430108155,0.742280907086982,-0.6700888411055113,False
EVR_04,2026,2026-05-15,14.8917,20.3437,8.4425,7.6999,295.82374,9.3931,614.9126,49.3,-140.41759999999988,11.901199999999998,4.4557,0.7171703947964417,0.38430939767727945,-0.1883732725832008,0.006118689023285384,0.7306444969184916,-0.6827580970759147,False
EVR_04,2026,2026-05-16,18.2957,24.0303,10.3618,8.505,299.43466,12.19605,627.10865,54.800000000000004,-169.17209999999986,13.6685,6.1257,0.6972094294225594,0.3857612342053108,-0.15816755619554831,-0.014695706582183776,0.7187918772884232,-0.6952253139408722,False
EVR_04,2026,2026-05-17,17.3943,19.4891,16.1861,2.9412,31.874188,12.837600000000002,639.94625,6.8999999999999995,-131.99429999999987,3.303000000000001,3.669900000000002,0.6868530913473991,0.36989821971740683,-0.20471777944880368,-0.019456937104742944,0.7067265555776158,-0.7074868024503348,False
EVR_05,2026,2026-01-01,-1.4981,2.2267,-3.5275,0.1829,109.59601,0.0,0.0,8.0,25.20170000000005,5.7542,8.418600000000001,0.254999726677575,0.13472132685465538,-0.5784706631620227,0.0,0.017201575418260506,0.9998520419557735,False
EVR_05,2026,2026-01-02,3.7921,7.5489,-2.6275,0.0228,95.72445,0.0,0.0,5.6,20.95960000000005,10.1764,5.2191,0.19197383144145885,0.09954860200357898,-0.6251533074203833,-0.06302589523611613,0.03439806061360801,0.9994082116062598,False
EVR_05,2026,2026-01-03,12.4046,14.9752,8.0506,53.5704,43.32631,6.512899999999998,6.512899999999998,11.6,69.03190000000005,6.9246,2.8269,0.20462591062241928,0.11655603067943208,-0.6228076004729431,-0.0503738160551557,0.051584366869408364,0.9986686402879997,False
EVR_05,2026,2026-01-04,14.8248,17.3275,13.5609,3.444,92.70335,10.4442,16.957099999999997,11.6,62.18020000000005,3.7666000000000004,4.7728,0.25464005299435866,0.15050539532672516,-0.5307448305537188,-0.00035967368321632165,0.06875540848113941,0.9976335468520451,False
EVR_05,2026,2026-01-05,13.3027,15.0763,11.4639,4.2454,39.17164,8.2701,25.227199999999996,5.7,67.78020000000005,3.612399999999999,3.1988000000000003,0.25231892670306955,0.13116479585056903,-0.5813833710316461,-0.0026807999745054323,0.08590610426133272,0.9963032375991965,False
EVR_05,2026,2026-01-06,13.5593,16.9283,11.1317,33.3749,71.67528,9.030000000000001,34.2572,12.3,38.008100000000056,5.7966,3.3377999999999997,0.21649330145099852,0.13057327658493106,-0.599445106506674,-0.03850642522657646,0.10303137904317879,0.9946781061893646,False
EVR_05,2026,2026-01-07,15.0614,17.8412,12.3438,38.3949,86.94542,10.092500000000001,44.3497,14.0,64.43530000000005,5.497400000000001,3.8401000000000014,0.24047928019305995,0.15718724188899447,-0.5658133528857814,-0.014520446484515032,0.1201261651823505,0.9927586335250793,False
EVR_05,2026,2026-01-08,9.7183,15.5981,1.9083,394.3172,68.58995,3.7531999999999996,48.1029,25.5,441.06960000000004,13.6898,3.8260999999999994,0.2353541497937783,0.13525667024385063,-0.5777886746932788,-0.019645576883796673,0.13718540405660057,0.9905453876091833,False
EVR_05,2026,2026-01-09,4.8813,8.8448,-0.8362,25.4167,109.63207,0.0,48.1029,14.9,457.1635000000001,9.681,9.380600000000001,0.25262873848744916,0.1519042554108584,-0.5683207479920569,0.0606549070459903,0.1542040475626894,0.988039023376751,False
EVR_05,2026,2026-01-10,11.578,14.1005,9.47,134.8722,56.95413,6.785250000000001,54.88815,11.1,538.9653000000001,4.6305,2.1966,0.2264804951384873,0.11978418861528388,-0.5814471028830367,0.021854584516068032,0.17117705961019986,0.985240282501282,False
EVR_05,2026,2026-01-11,4.6844,9.6267,-0.0457,55.46,51.46109,0.0,54.88815,12.4,590.1813000000001,9.6724,3.0005,0.26370220013035095,0.14963881593127243,-0.571436456933969,0.009062147135992293,0.18809941761179758,0.9821499931752291,False
EVR_05,2026,2026-01-12,-0.5501,1.9638,-3.3133,21.0806,55.78223,0.0,54.88815,8.6,604.1165000000001,5.2771,6.096399999999999,0.24354165514743317,0.12595568553380262,-0.5889075439400665,-0.008777271555636373,0.20496611396949532,0.9787690698649216,False
EVR_05,2026,2026-01-13,-0.0642,3.3917,-4.451,1.1849,107.9591,0.0,54.88815,7.2,577.0265000000002,7.8427,6.6808000000000005,0.2342861997836028,0.13453265510861526,-0.5920996699036929,0.01779289833260428,0.22177215755648186,0.975098513039961,False
EVR_05,2026,2026-01-14,5.5733,8.4347,2.8454,0.3374,57.806028,0.6400499999999996,55.5282,4.8999999999999995,548.0690000000001,5.5893,3.7813999999999997,0.24943066599756794,0.13003999890463402,-0.5510712805397419,0.008951385804507994,0.23851257519407648,0.9711394088771653,False
EVR_05,2026,2026-01-15,7.7735,13.6404,3.7623,0.0137,102.94723,3.7013499999999997,59.22955,7.3,171.9655000000001,9.8781,2.6163000000000007,0.22819821908459262,0.13822545919737056,-0.585882877459816,-0.007155930709185687,0.2551824131233728,0.9668929289391521,False
EVR_05,2026,2026-01-16,5.2747,10.0832,1.2904,5.4095,51.047576,0.6867999999999999,59.91635,4.4,162.45830000000012,8.7928,1.8218,0.2277508885181568,0.10935392309237578,-0.5746538265262292,-0.024877849969292348,0.2717767384711357,0.9623603298276545,False
EVR_05,2026,2026-01-17,1.0044,4.0678,-1.7147,2.172,73.6797,0.0,59.91635,8.0,32.85810000000012,5.7825,4.1506,0.27524157830118,0.16314614311860967,-0.5592124261794237,0.0487610831626927,0.2882906407095177,0.9575429528116719,False
EVR_05,2026,2026-01-18,-2.2045,0.6877,-4.4237,2.2992,78.438616,0.0,59.91635,6.8,-14.702699999999885,5.1114,5.3039000000000005,0.2719680196910143,0.14966927000267308,-0.5191736477072153,0.008265819560663357,0.3047192331091634,0.9524422234305676,False
EVR_05,2026,2026-01-19,-2.1021,1.5228,-4.8012,1.0288,99.69107,0.0,59.91635,6.8999999999999995,-33.054499999999884,6.324,5.2923,0.25545773023772694,0.15516479954054935,-0.5367176124362317,0.01191607509029377,0.321057654185271,0.9470596510722283,False
EVR_05,2026,2026-01-20,0.4633,3.6192,-2.4083,0.2303,90.46421,0.0,59.91635,5.8999999999999995,-32.709099999999886,6.0275,3.415,0.24924341476972664,0.1487430312082723,-0.5928665378339413,0.014957214986123846,0.3373010691361842,0.9413968285264122,False
EVR_05,2026,2026-01-21,3.6868,7.2734,0.3259,3.9609,62.272384,0.0,59.91635,4.2,-28.385599999999886,6.9475,3.2866999999999997,0.26515389524403576,0.1521380654623368,-0.5525133485407566,0.015723229246467824,0.3534446712740877,0.9354554315134164,False
EVR_05,2026,2026-01-22,6.2812,9.3956,3.6005,137.863,39.73237,1.49805,61.4144,9.700000000000001,107.06370000000013,5.7951,1.811,0.2365204418278505,0.1254398905700741,-0.6039772885049071,0.00832222274325789,0.3694836834473831,0.9292372181882051,False
EVR_05,2026,2026-01-23,7.4028,10.4783,4.0028,77.5004,41.303324,2.2405500000000007,63.65495,4.8,178.75460000000012,6.475500000000001,0.9419000000000004,0.24462116838648382,0.13932130291891295,-0.5291776205730951,0.01687027986832701,0.38541335945432564,0.9227440286201427,False
EVR_05,2026,2026-01-24,7.7887,10.2422,5.2269,3.9023,40.932816,2.7345500000000005,66.3895,4.0,184.48490000000012,5.015300000000001,1.359,0.22840647329876665,0.13563420373145868,-0.5737911306742183,-0.04683510500241336,0.4012289854475009,0.9159777842484877,False
EVR_05,2026,2026-01-25,10.1872,15.5416,5.4666,1.5169,68.1456,5.504100000000001,71.8936,5.5,185.00260000000011,10.075000000000001,1.6049000000000007,0.2393555943979784,0.1226416580915099,-0.5608225210762073,-0.0326124252930359,0.4169258813287287,0.908940487313808,False
EVR_05,2026,2026-01-26,11.1604,15.903,7.9094,29.2113,90.01949,6.9062,78.7998,10.7,209.3851000000001,7.993600000000001,3.0564,0.24885505420411766,0.12978317452778335,-0.5994904819047204,-0.006602676033609284,0.4324994021339788,0.901634220265486,False
EVR_05,2026,2026-01-27,10.1645,13.73,7.504,83.9547,88.0484,5.617000000000001,84.41680000000001,15.8,283.20950000000016,6.226000000000001,2.4939,0.23787970541894024,0.1344223121589483,-0.5736015992216709,-0.0113637093507864,0.44794493940789115,0.8940611451454876,False
EVR_05,2026,2026-01-28,9.7974,12.9392,6.4592,9.7446,83.84162,4.699199999999999,89.116,10.3,282.89320000000015,6.4799999999999995,3.1647999999999996,0.21629312544220727,0.09810315633217462,-0.6114548336786456,-0.04886076980182849,0.4632579225674917,0.88622350294858,False
EVR_05,2026,2026-01-29,12.116,13.2373,10.6642,127.9633,34.91532,6.950749999999999,96.06675,14.5,268.19350000000014,2.5731,2.4223,0.2575519214872577,0.15481082145215452,-0.5667545541924276,0.021031479659407187,0.4784338202547012,0.8781236129591848,False
EVR_05,2026,2026-01-30,8.9613,11.4267,6.3272,65.3752,44.815544,3.876950000000001,99.9437,11.1,249.76830000000012,5.0995,1.7993999999999994,0.2306001217126132,0.11135359624138108,-0.5690083674916344,-0.014021046673870607,0.49346814167723735,0.8697638720650646,False
EVR_05,2026,2026-01-31,5.6721,7.7417,4.0782,89.9023,43.984404,0.9099500000000003,100.85365,11.9,327.8683000000001,3.6635,1.6272000000000002,0.2341407125951591,0.1395645293639366,-0.5508647381544552,0.0057342392963924405,0.5083564379375122,0.8611467540480452,False
EVR_05,2026,2026-02-01,4.5202,5.8244,3.6763,144.8798,37.19798,0.0,100.85365,14.3,462.4312000000001,2.1481,1.7746,0.2502998426901615,0.1343262962141566,-0.5873487534189908,0.010944248292183073,0.5230943033491326,0.8522748088519838,False
EVR_05,2026,2026-02-02,1.1607,5.0345,-1.2,188.9796,18.983926,0.0,100.85365,11.6,621.2995000000001,6.234500000000001,2.2372,0.24803475127758126,0.14106701807796163,-0.5581674875134809,-0.0008203029265363981,0.5376773767406141,0.8431506618282,False
EVR_05,2026,2026-02-03,2.7945,6.438,-1.9736,11.7453,46.734856,0.0,100.85365,4.4,560.4901,8.4116,2.7661000000000002,0.2625082415355757,0.14370901293479238,-0.5728119609072831,0.024628536116635485,0.5521013427459208,0.8337770129585915,False
EVR_05,2026,2026-02-04,7.0446,11.3756,4.6647,0.0867,65.041428,3.020150000000001,103.8738,4.8999999999999995,556.2322000000001,6.7109000000000005,2.3433,0.23315378869834122,0.11014198669183142,-0.6130443030784742,0.016860663256133945,0.5663619330814524,0.8241566360566663,False
EVR_05,2026,2026-02-05,8.4433,9.7752,5.127,239.5486,21.724042,2.4511000000000003,106.3249,5.4,676.9175000000001,4.6482,1.6720000000000006,0.2576303179517705,0.13064358311674945,-0.5907246442692303,7.839646451279769e-05,0.580454927809098,0.8142923779467267,False
EVR_05,2026,2026-02-06,10.9189,15.1712,6.9529,68.3947,90.51418,6.062049999999999,112.38695,9.9,681.1370000000001,8.218300000000001,1.9149000000000012,0.25525905018395356,0.1319125481208097,-0.56106143636488,0.024658928471340352,0.5943761565849831,0.804187157621448,False
EVR_05,2026,2026-02-07,11.4107,15.8449,8.3463,13.4005,111.50836,7.095600000000001,119.48255,12.8,603.7352000000001,7.4986000000000015,2.0912000000000006,0.25010449698363413,0.1408501496164326,-0.5680054256503321,0.01596378438847504,0.6081214998935418,0.7938439653781019,False
EVR_05,2026,2026-02-08,9.4032,12.6256,6.8327,97.8986,59.912776,4.729150000000001,124.21170000000001,8.4,562.6540000000001,5.7929,0.5890000000000004,0.23405377859044138,0.13123596125702694,-0.5697776697266371,-0.016246064099720098,0.6216868902665479,0.7832658619336791,False
EVR_05,2026,2026-02-09,7.2609,9.9962,4.0175,22.058,50.13592,2.00685,126.21855000000001,9.799999999999999,397.5324000000001,5.9787,1.4726000000000008,0.26104384360410093,0.13881330646258933,-0.5838318527198463,0.013009092326519672,0.6350683134867438,0.7724559775191742,False
EVR_05,2026,2026-02-10,4.7333,7.3736,2.7585,4.6912,49.637376,0.06604999999999972,126.28460000000001,10.8,384.0783000000001,4.6151,3.9104,0.2520700758589185,0.14390694350765726,-0.5645988058512528,-0.01043816567665723,0.6482618097757122,0.7614175109532997,False
EVR_05,2026,2026-02-11,6.1673,10.2113,2.5015,0.2564,87.51264,1.3563999999999998,127.641,9.2,379.94800000000015,7.7097999999999995,3.0949,0.2406768423011905,0.1292001865324913,-0.5665103266078103,0.007523053602849272,0.6612634749656386,0.7501537286959042,False
EVR_05,2026,2026-02-12,8.9945,13.505,4.7107,110.8152,69.14351,4.107850000000001,131.74885,11.700000000000001,244.91460000000012,8.7943,1.827,0.21328460468673033,0.11938110125074881,-0.6155488742292644,-0.044345713265040165,0.6740694616546161,0.7386679638813748,False
EVR_05,2026,2026-02-13,10.2621,14.1824,6.749,187.4284,84.07186,5.4657,137.21455,13.700000000000001,360.1483000000002,7.4334,1.4557000000000002,0.26207257057627964,0.1300980727921454,-0.5211555173587415,0.006813520392326078,0.6866759803451553,0.726963615332308,False
EVR_05,2026,2026-02-14,10.118,15.6628,4.2658,12.175,147.74626,4.9643,142.17885,18.0,353.7228000000001,11.397000000000002,3.1785000000000005,0.2524728953821994,0.12298560491246313,-0.5722760200625956,0.0023683983985652857,0.6990793005655562,0.7150441465537444,False
EVR_05,2026,2026-02-15,13.6583,19.6511,8.1916,25.9495,136.69656,8.92135,151.1002,23.8,266.3737000000001,11.4595,5.443100000000001,0.2421965316432638,0.1424221915718739,-0.5651049520588785,0.008142753052822416,0.7112757519738152,0.7029130847082615,False
EVR_05,2026,2026-02-16,12.8393,16.5611,10.4423,28.7166,128.28323,8.5017,159.6019,18.1,264.7323000000001,6.1188,2.805299999999999,0.2641645897150434,0.1439943633887096,-0.5407097132949292,0.003120746110942485,0.7232617254437388,0.6905740195722293,False
EVR_05,2026,2026-02-17,11.5927,15.2337,9.6778,110.3808,109.40387,7.45575,167.05765,17.4,363.82190000000014,5.555900000000001,2.3613,0.27332441163077703,0.14096388627028233,-0.5524528208251828,0.021254335771858535,0.7350336741329413,0.6780306024735382,False
EVR_05,2026,2026-02-18,3.744,9.6137,0.6826,130.1032,54.707812,0.14815000000000023,167.2058,17.3,485.5687000000001,8.931099999999999,3.0361000000000002,0.2607704605452189,0.1485405016784816,-0.5601035237249473,0.020093618244028416,0.746588114532413,0.6652865452111116,False
EVR_05,2026,2026-02-19,6.9648,11.6944,2.4598,6.282,150.42514,2.0770999999999997,169.2829,16.7,376.03550000000007,9.2346,5.435600000000001,0.24380039137521622,0.12479502777562063,-0.5862743299296803,0.030515786688485896,0.7579216274973472,0.6523456189565257,False
EVR_05,2026,2026-02-20,10.9896,15.9995,7.074,0.8087,138.03622,6.53675,175.81965,16.6,186.5158000000001,8.9255,4.393,0.2349407084806404,0.11893705345567548,-0.5739963122675779,-0.027131862095639253,0.7690308592589181,0.6392116531380588,False
EVR_05,2026,2026-02-21,9.0328,12.173,4.502,84.1953,57.171936,3.3375000000000004,179.15715,13.6,262.9361000000001,7.671,2.4749999999999996,0.264472891504254,0.14992541496975362,-0.5136797326617042,0.011999996122054601,0.7799125224167177,0.6258885343075018,False
EVR_05,2026,2026-02-22,3.9079,7.3581,1.1032,47.1971,72.06057,0.0,179.15715,17.3,290.6837000000001,6.2549,3.4906,0.27263255524255914,0.14463214808877708,-0.565067457369205,0.030436023599295342,0.7905633969115482,0.612380204990065,False
EVR_05,2026,2026-02-23,6.4312,11.0481,2.5449,2.0351,160.25997,1.7965,180.95365,17.0,265.1022000000001,8.5032,4.3612,0.26072617421228916,0.14702184524209266,-0.5771296941947547,-0.003438415502754255,0.8009803309782905,0.5986906625177214,False
EVR_05,2026,2026-02-24,10.3171,14.6732,6.1409,7.1053,160.03565,5.40705,186.3607,17.9,161.3267000000001,8.5323,3.5072,0.24838523758738232,0.14441349719502278,-0.5765084718542468,-0.024939174043394713,0.8111602420785621,0.5848239578463322,False
EVR_05,2026,2026-02-25,6.9643,10.2941,3.6618,20.983,146.58752,1.9779499999999999,188.33865,17.8,51.70650000000012,6.632300000000001,3.4692,0.26254826234212014,0.11520561916723604,-0.538956553259218,0.001777801796901235,0.8211001178128892,0.5707841943569036,False
EVR_05,2026,2026-02-26,4.4532,8.1517,-0.175,8.9003,146.80512,0.0,188.33865,19.0,52.02480000000012,8.3267,4.8589,0.24079341953595493,0.12996703541928833,-0.5327688020598131,-0.0030069718392612965,0.8307970168121247,0.5565755266413303,False
EVR_05,2026,2026-02-27,2.7635,7.5402,-2.6013,0.2996,154.85858,0.0,188.33865,16.0,52.11570000000012,10.1415,4.5003,0.2562260647580742,0.16355575786651438,-0.5862932837936723,0.021285356277433803,0.8402480696078469,0.5422021592729844,False
EVR_05,2026,2026-02-28,3.7218,7.4542,0.505,0.1205,130.37598,0.0,188.33865,14.1,-32.459099999999886,6.9492,3.9954,0.2843652671234581,0.1693397143997205,-0.5162662273465459,0.019892375619204095,0.8494504794814806,0.527668345562516,False
EVR_05,2026,2026-03-01,4.1636,8.5023,0.9717,0.0505,124.18458,0.0,188.33865,13.5,-75.80569999999989,7.5306,3.3324999999999996,0.28821090313035946,0.15636483525744374,-0.5462686817861929,0.015578347887800326,0.8584015232918917,0.512978386299228,False
EVR_05,2026,2026-03-02,5.8488,12.1939,-0.1144,0.0026,186.21373,1.0397499999999997,189.3784,18.5,-79.33819999999989,12.3083,3.0254999999999996,0.27820113490492726,0.15617301615712062,-0.5532548542203626,0.017474960692638097,0.8670985522812081,0.4981366284784055,False
EVR_05,2026,2026-03-03,7.3157,13.5242,2.7707,0.0149,163.80334,3.147450000000001,192.52585000000002,18.3,-86.82859999999988,10.7535,2.6799,0.2634003746877129,0.1486799510398058,-0.5340640580280348,0.015015137100330561,0.8755389928586302,0.4831474640149687,False
EVR_05,2026,2026-03-04,7.1626,12.4584,1.9066,0.0569,183.46269,2.182499999999999,194.70835,20.6,-110.55469999999988,10.5518,3.5177000000000005,0.26316297093659435,0.14864106143958655,-0.5602047868850537,0.0006147085944742114,0.8837203473619977,0.4680153284438345,False
EVR_05,2026,2026-03-05,9.0444,13.8286,4.4621,13.3866,153.9786,4.1453500000000005,198.8537,18.3,-105.3683999999999,9.366499999999998,3.8907999999999996,0.28436665016060525,0.1571251806144762,-0.5459779794963496,0.04357323062465032,0.8916401947968874,0.45274469960737107,False
EVR_05,2026,2026-03-06,8.8929,14.6433,4.7499,3.9493,177.83232,4.6966,203.5503,21.9,-107.61869999999989,9.8934,3.402899999999999,0.25570673859980403,0.13453936985554452,-0.5429716488416055,-0.0005193261582701614,0.8992961915530253,0.4373400963303323,False
EVR_05,2026,2026-03-07,6.0435,10.7389,1.269,0.3271,175.736,1.0039499999999997,204.55425,20.400000000000002,-113.7120999999999,9.469899999999999,4.9397,0.2887884929221664,0.169203251555797,-0.5480882031738161,0.004423225798708297,0.9066860720977985,0.4218060770826634,False
EVR_05,2026,2026-03-08,4.8999,9.9391,0.2304,0.0215,191.45749,0.08474999999999966,204.639,19.900000000000002,-120.1410999999999,9.7087,4.5348,0.2873280374444849,0.1649713408886348,-0.5355275292132747,-0.0008828656858745898,0.9138076496466615,0.4061472386305789,False
EVR_05,2026,2026-03-09,6.012,10.0599,3.2938,0.0077,172.76586,1.67685,206.31585,19.900000000000002,-121.53599999999989,6.766100000000001,4.7942,0.297532676186737,0.16984869618624068,-0.5489618101212368,0.01933154128180975,0.9206588168102428,0.3903682146763026,False
EVR_05,2026,2026-03-10,7.645,14.3323,3.3497,0.0094,209.07402,3.8409999999999993,210.15685,25.3,-128.5414999999999,10.9826,5.7258,0.2789480389035081,0.15082699423258508,-0.5509389448830636,0.015547664215795232,0.9272375462179537,0.374473674486883,False
EVR_05,2026,2026-03-11,7.1978,14.7063,0.2986,0.0025,217.54638,2.5024500000000005,212.6593,24.299999999999997,-132.29589999999988,14.4077,4.1043,0.2941424942465258,0.15207241198636182,-0.5275991519566835,0.030979523309931423,0.9335418911179212,0.35846832151248087,False
EVR_05,2026,2026-03-12,6.8032,11.889,2.7242,0.4624,188.33525,2.3065999999999995,214.9659,20.299999999999997,-147.2200999999999,9.1648,3.4930000000000003,0.28874082269587237,0.17811679911137587,-0.5384924248349462,0.004374172535267118,0.9395699859530622,0.342356891994542,False
EVR_05,2026,2026-03-13,6.5212,11.1368,2.9967,0.5986,139.82922,2.06675,217.03265000000002,16.7,-145.3707999999999,8.140099999999999,3.8814,0.2602161413661333,0.1477034413773185,-0.574469432333894,0.0045094027663292735,0.945320046913132,0.3261441535642696,False
EVR_05,2026,2026-03-14,6.3197,11.2157,1.6215,0.0456,179.07146,1.4185999999999996,218.45125000000002,19.400000000000002,-144.65229999999988,9.5942,3.8741,0.3216353264462599,0.17207402280684334,-0.4528163087052227,0.03284683352409351,0.9507903724625832,0.3098349038318025,False
EVR_05,2026,2026-03-15,7.286,11.6819,2.9308,0.7749,134.5052,2.30635,220.7576,18.2,-142.19889999999987,8.751100000000001,4.424199999999999,0.2937300259907656,0.1632788815066374,-0.5455562537143124,0.0064019885462807125,0.9559793438440766,0.2934339689665273,False
EVR_05,2026,2026-03-16,6.8896,12.5189,2.3188,0.1546,168.45363,2.41885,223.17645000000002,20.0,-142.15199999999987,10.2001,4.1103,0.25919283122437,0.13633648315604838,-0.6069115437344883,-0.03833984496236703,0.9608854255574977,0.27694620226893646,False
EVR_05,2026,2026-03-17,6.3929,11.3036,0.7715,0.1489,188.92576,1.0375499999999995,224.214,21.1,-137.8124999999999,10.5321,4.3827,0.270843307966684,0.1604201090651452,-0.5508536327417015,-0.008104730936824123,0.9655071658143364,0.2603764827344581,False
EVR_05,2026,2026-03-18,7.7606,11.5143,5.6087,13.067,153.2008,3.5615000000000006,227.7755,21.6,-122.04799999999989,5.905600000000001,4.4885,0.28986823376315857,0.1714342648765574,-0.5443580140665196,-0.004274260483367209,0.969843196967294,0.24372971360968387,False
EVR_05,2026,2026-03-19,6.7115,9.1334,4.4749,7.6346,94.90011,1.80415,229.57965000000002,15.2,-109.77579999999989,4.6585,4.8571,0.2861515888578335,0.17676326761370925,-0.5562935656419022,-0.0025892338380388846,0.9738922359149924,0.22701082094141847,False
EVR_05,2026,2026-03-20,4.8017,6.0937,3.9568,91.8866,64.10664,0.025249999999999773,229.60490000000001,28.9,-30.687799999999882,2.1369000000000002,2.3482000000000003,0.28747901163517436,0.1546340765285975,-0.5442069898771424,0.027262870269041062,0.9776530844816641,0.2102247521189836,False
EVR_05,2026,2026-03-21,6.4445,8.228,4.5403,68.1829,48.6076,1.38415,230.98905,19.5,37.34950000000012,3.6876999999999995,2.1623,0.2509861568188626,0.14148012202507013,-0.5728379593662787,-0.07064916962739731,0.981124629771712,0.19337647441020586,False
EVR_05,2026,2026-03-22,7.517,9.3006,6.1113,39.8472,46.531332,2.7059499999999996,233.695,16.5,78.12180000000012,3.1892999999999994,2.2358000000000002,0.25700802277316426,0.1498213045659173,-0.5553865009040702,-0.03672200321760133,0.984305844499033,0.17647097349152166,False
EVR_05,2026,2026-03-23,7.895,10.152,5.8918,5.0693,59.533884,3.0218999999999987,236.7169,10.5,92.53650000000012,4.260199999999999,3.1399,0.28615423654096006,0.149354119861847,-0.5392042797645621,0.02696140531659008,0.9871957872910085,0.15951325197263655,False
EVR_05,2026,2026-03-24,8.2968,10.5622,6.6765,37.855,89.3567,3.6193500000000007,240.33625,19.0,132.34260000000012,3.885700000000001,2.9560999999999993,0.2657047328433153,0.15166469833564497,-0.5388022045483922,-0.005138575123368683,0.9897936029670716,0.14250832791617088,False
EVR_05,2026,2026-03-25,8.8561,14.2388,3.9963,2.9643,227.016,4.11755,244.4538,35.2,108.63990000000011,10.2425,5.7371,0.27267960390413903,0.15701931766990937,-0.5503609551306109,-0.017188629859019533,0.992098522791769,0.12546123335273648,False
EVR_05,2026,2026-03-26,7.382,12.7158,2.4892,0.0067,225.94262,2.6025,247.0563,27.599999999999998,88.61200000000012,10.2266,2.9213999999999993,0.26046318918661127,0.15004909559557872,-0.556239479228183,-0.025688399671222217,0.9941098647022418,0.10837701279187609,False
EVR_05,2026,2026-03-27,10.6153,16.9346,2.7517,42.3453,189.16646,4.84315,251.89945,25.5,42.470700000000114,14.1829,3.0307999999999993,0.2615592376315802,0.1371165964362641,-0.5407414301033941,-0.025919774003594187,0.9958270335100595,0.09126072172931188,False
EVR_05,2026,2026-03-28,10.6647,14.2371,7.9214,67.9093,193.3336,6.07925,257.9787,28.2,33.49710000000011,6.3157,2.0768000000000004,0.2569565204420379,0.13127492025415938,-0.5841267929257864,0.005970363623175268,0.9972495210773451,0.07411742515094437,False
EVR_05,2026,2026-03-29,8.7329,9.7034,7.9971,194.5474,51.1527,3.850249999999999,261.82895,16.0,188.69730000000013,1.7063000000000006,1.3888000000000007,0.2530599000019085,0.14929408549570422,-0.5959593299977584,-0.00394812277125578,0.998376906467142,0.056952196034039754,False
EVR_05,2026,2026-03-30,9.3061,11.1217,7.8829,206.7006,41.5152,4.5023,266.33125,18.1,382.72860000000014,3.2388000000000003,1.4755000000000011,0.2999049995886116,0.1753216259952546,-0.525485980926754,0.013750763047651549,0.9992088560679753,0.03977011384605572,False
EVR_05,2026,2026-03-31,11.8786,16.3661,8.172,20.7432,195.43917,7.26905,273.6003,30.0,354.6168000000001,8.194099999999999,3.34,0.2454462987886412,0.12971867675731702,-0.58693012547575,-0.020258434054674118,0.9997451236925734,0.022576263041545485,False
EVR_05,2026,2026-04-01,11.8947,16.4239,8.6659,77.6178,178.16336,7.5449,281.1452,31.5,432.9703000000001,7.757999999999999,3.5000999999999998,0.28993711101538644,0.157491405622743,-0.5239025736987384,0.017257507111247405,0.9999855506507186,0.005375731557583884,False
EVR_05,2026,2026-04-02,12.285,16.8145,8.6981,129.533,176.95522,7.7562999999999995,288.9015,39.9,550.1966000000001,8.116399999999999,4.218500000000001,0.2648197220589803,0.14985061326573126,-0.5547609368000433,0.004356532872369034,0.9999300657962057,-0.011826390691832589,False
EVR_05,2026,2026-04-03,12.4567,16.0739,9.8072,33.2477,160.49627,7.940549999999998,296.84205,29.1,537.4990000000001,6.266699999999998,3.0327,0.267323780391727,0.15774366582463378,-0.5384301476613926,0.005764542760146818,0.9995786855478958,-0.029025013321975237,False
EVR_05,2026,2026-04-04,11.3479,14.6183,9.1106,68.8147,85.94069,6.86445,303.7065,15.2,551.4044000000001,5.5077,1.4726999999999997,0.2781836691818649,0.15334557056075568,-0.5544396555072553,0.021227148739827006,0.9989315138848577,-0.046215046983708354,False
EVR_05,2026,2026-04-05,12.4059,17.423,7.1455,8.6344,219.03411,7.28425,310.99075,36.7,344.79140000000007,10.277499999999998,4.3862000000000005,0.25878637576746255,0.1421348850730646,-0.5893175567424501,0.005726475765554073,0.9979887423155984,-0.06339140486951038,False
EVR_05,2026,2026-04-06,13.1738,18.7959,6.985,0.3453,262.78822,7.8904499999999995,318.8812,42.2,114.3361000000001,11.8109,6.0949,0.2708074420327051,0.14323312955541392,-0.5062826095593816,-0.029097557555906484,0.9967506498213929,-0.08054900421874167,False
EVR_05,2026,2026-04-07,14.4949,20.308,8.5319,5.5674,245.22733,9.41995,328.30115,39.5,89.66030000000009,11.7761,4.3308,0.2887743409007105,0.1560659538130982,-0.5266627354739007,0.04332804211206934,0.9952176027737294,-0.09768276782171598,False
EVR_05,2026,2026-04-08,11.7272,16.243,6.5188,5.5915,255.4319,6.380899999999999,334.68205,48.599999999999994,0.5340000000000913,9.7242,6.531,0.3086480383338828,0.16493795005725828,-0.5203529939843032,0.018710927318496384,0.9933900548258936,-0.11478762552212701,False
EVR_05,2026,2026-04-09,8.9293,13.2203,5.4767,14.7679,211.11138,4.3485,339.03055,32.599999999999994,-106.93109999999989,7.7436,4.6117,0.299686546131658,0.16147300834229497,-0.5479790052570337,0.034866824072677716,0.9912685467787256,-0.13185851571739118,False
EVR_05,2026,2026-04-10,6.769,11.6482,2.6122,32.6123,230.17344,2.1301999999999994,341.16075,32.800000000000004,-111.2664999999999,9.036,2.7784,0.30551533458462216,0.16110749241432282,-0.5184988205294286,0.03819155419289516,0.9888537064205885,-0.1488903868564548,False
EVR_05,2026,2026-04-11,7.693,11.8326,2.2474,5.7667,232.1701,2.039999999999999,343.20074999999997,33.4,-192.51449999999988,9.5852,4.478899999999999,0.311390937786925,0.16683003535225233,-0.5019470446379092,0.033207268605060125,0.986146248341595,-0.16587819893463143,False
EVR_05,2026,2026-04-12,9.1535,13.6209,4.3316,7.2315,230.96006,3.9762500000000003,347.177,34.3,-191.51739999999987,9.2893,4.5901,0.2962942509298521,0.16176214631812047,-0.549117157795658,0.03750787516238957,0.9831469737221499,-0.1828169249850199,False
EVR_05,2026,2026-04-13,8.9822,13.8606,2.4828,0.5223,276.9155,3.1716999999999995,350.3487,41.2,-190.34039999999987,11.3778,5.7111,0.2898107057505578,0.17854286069115816,-0.5681414747687454,0.01900326371785266,0.9798567700958665,-0.1997015525660636,False
EVR_05,2026,2026-04-14,10.4371,16.1801,5.116,0.0,264.27355,5.64805,355.99675,43.0,-199.4077999999999,11.0641,5.9822999999999995,0.3066629823054669,0.1736346750443355,-0.5232607536421047,0.017888641404756378,0.9762766110869321,-0.21652708524481437,False
EVR_05,2026,2026-04-15,11.1,17.2146,6.4083,0.0009,237.12374,6.811450000000001,362.8082,39.6,-195.9983999999999,10.8063,5.472899999999999,0.31604826509874956,0.17580111360510045,-0.4654805434424203,0.007400226764866735,0.9724075561219968,-0.23328854407545518,False
EVR_05,2026,2026-04-16,10.4094,15.1181,6.9688,0.0163,183.73184,6.04345,368.85165,30.700000000000003,-208.84999999999988,8.1493,5.153099999999999,0.32345162239653236,0.17642087704934714,-0.49325828505031794,0.02376507626487434,0.9682507501166718,-0.2499809690726521,False
EVR_05,2026,2026-04-17,10.8659,15.8848,6.4102,0.0383,261.42242,6.147500000000001,374.99915,40.4,-249.0239999999999,9.4746,5.4761999999999995,0.3066815312067518,0.1642500207859309,-0.5186545295645691,0.0011661966221296338,0.9638074231367307,-0.26659942067929354,False
EVR_05,2026,2026-04-18,11.8816,16.8221,7.2218,0.0024,242.10851,7.02195,382.0211,42.0,-263.3882999999999,9.600299999999999,6.162100000000001,0.31043562363331256,0.1585833522996526,-0.529988393333456,-0.000955314153612441,0.9590788900341131,-0.28313898122818354,False
EVR_05,2026,2026-04-19,11.7731,17.3646,5.7297,17.9248,259.65038,6.54715,388.56825,39.5,-257.89499999999987,11.634899999999998,3.8865999999999996,0.3549908130766998,0.20528464951901404,-0.46189758820807775,0.05869656214684765,0.9540665500578387,-0.2995947563972602,False
EVR_05,2026,2026-04-20,13.2924,18.7705,6.7876,1.9339,279.95264,7.77905,396.3473,45.400000000000006,-260.6833999999999,11.982899999999997,4.903600000000001,0.3516603645850641,0.2031981118244965,-0.4998864588870295,0.06184965883450633,0.9487718864399473,-0.31596187665790293,False
EVR_05,2026,2026-04-21,13.6714,19.1701,8.9055,31.3961,236.05952,9.0378,405.3851,36.6,-222.88729999999987,10.264600000000002,3.5821000000000005,0.3364963670431301,0.18220225482153649,-0.5149251408167137,0.02983338473766317,0.9431964659565866,-0.33223549871590435,False
EVR_05,2026,2026-04-22,9.4069,11.0752,7.2824,141.8241,88.85749,4.178800000000001,409.5639,23.7,-65.1640999999999,3.7928000000000006,2.1549000000000005,0.36405410364924373,0.2072884196496971,-0.48300066267158254,0.04800583855049417,0.9373419384643772,-0.3484108069446808,False
EVR_05,2026,2026-04-23,10.2332,14.2257,6.311,9.9298,191.0815,5.26835,414.83225,33.2,-57.75059999999991,7.9147,5.4123,0.36021103896627893,0.19051395419031522,-0.5035457683172767,0.03675941656974657,0.9312100364121947,-0.3644830148102912,False
EVR_05,2026,2026-04-24,12.8958,18.4222,5.9945,1.3927,262.93438,7.208349999999999,422.0406,44.1,-60.09619999999992,12.4277,6.792,0.3515265340239806,0.19992369400412838,-0.48708864170667215,0.04484500281722881,0.9248025743285089,-0.38044736628785164,False
EVR_05,2026,2026-04-25,15.503,20.7063,10.1498,0.093,297.31747,10.428049999999999,432.46865,50.8,-68.80559999999991,10.556499999999998,8.0069,0.3167402523260548,0.16581973437902894,-0.4773587569447131,0.006304628692742231,0.9181214482844364,-0.39629913726891813,False
EVR_05,2026,2026-04-26,17.1796,22.9901,11.2603,0.0103,299.90288,12.1252,444.59385,53.900000000000006,-101.12009999999992,11.729800000000001,8.3062,0.36692750185195616,0.21443951268773118,-0.46913053300330065,0.011936688775256388,0.9111686353326631,-0.41203363695942635,False
EVR_05,2026,2026-04-27,11.5988,15.4285,6.5211,0.0009,304.2401,5.9748,450.56865,51.6,-109.2530999999999,8.907399999999999,7.453800000000001,0.3642618813780741,0.19793900790826652,-0.45577091520726537,0.01260151679300997,0.9039461929224011,-0.42764620926777464,False
EVR_05,2026,2026-04-28,11.2092,17.1606,5.0839,0.0,305.52688,6.122249999999999,456.6909,46.5,-150.5491999999999,12.076699999999999,5.543499999999999,0.39784848931988775,0.2321319625108878,-0.47558397435805305,0.06135212227675768,0.8964562582905575,-0.44313223418263453,False
EVR_05,2026,2026-04-29,11.7269,17.4039,4.8341,0.0086,303.0215,6.119,462.80989999999997,46.5,-315.16469999999987,12.5698,5.632700000000001,0.38384625576471376,0.22281438010649202,-0.46624040461361316,0.01979215211547003,0.8887010478292915,-0.45848712914008766,False
EVR_05,2026,2026-04-30,11.3767,15.3888,8.0036,40.2691,241.95677,6.696200000000001,469.5061,39.300000000000004,-290.9253999999999,7.385199999999999,3.928699999999999,0.37544868322245717,0.20862183221226577,-0.4923893457256619,0.01523764425617824,0.8806828564301475,-0.47370635037968,False
EVR_05,2026,2026-05-01,8.3484,10.8036,5.8156,110.5847,112.25381,3.3095999999999997,472.8157,32.0,-169.63339999999988,4.9879999999999995,3.9989,0.39030979870460225,0.20735483719033487,-0.4350713103079113,0.038783264680621654,0.8724040568049612,-0.48878539428899265,False
EVR_05,2026,2026-05-02,8.3369,12.2309,4.3061,18.4818,245.05216,3.2684999999999995,476.0842,38.6,-139.0445999999999,7.9248,6.186999999999999,0.3937566920481304,0.20856937327821254,-0.476199381099346,0.07701643972207561,0.8638670987837349,-0.503719798736334,False
EVR_05,2026,2026-05-03,8.8099,12.1708,5.6709,10.6076,159.48562,3.9208499999999997,480.00505,28.7,-103.24729999999988,6.4999,6.377300000000001,0.4119984588229996,0.2090024863686577,-0.43579272165360494,0.04507095697104346,0.8550745085896932,-0.518505144391157,False
EVR_05,2026,2026-05-04,11.8658,16.7603,6.3305,0.7395,206.09197,6.545400000000001,486.55045,39.699999999999996,-90.60869999999989,10.4298,8.1338,0.38425142875295015,0.1991761711976944,-0.4663928629104613,0.01998954737487607,0.8460288880917339,-0.533137056031809,False
EVR_05,2026,2026-05-05,13.5735,19.779,7.4794,0.0113,308.78307,8.6292,495.17965,51.7,-95.79739999999988,12.2996,7.819099999999999,0.41719657858664594,0.2177290277539892,-0.4092786554793073,0.019348089266758184,0.8367329140344921,-0.5476112038402312,False
EVR_05,2026,2026-05-06,15.1105,21.5737,8.2199,1.5046,299.09818,9.896799999999999,505.07645,48.300000000000004,-96.10139999999988,13.353799999999998,5.6669,0.42012921909655115,0.24103123985751107,-0.4589613289273417,0.03628296333183739,0.8271893372462497,-0.5619233046832195,False
EVR_05,2026,2026-05-07,17.1974,23.9438,9.6599,0.1324,306.6063,11.801850000000002,516.8783,55.199999999999996,-152.1380999999999,14.2839,7.337399999999999,0.4222395493890325,0.23518213755985878,-0.4137395843957352,0.04679086616657535,0.8174009818249189,-0.5760691233798758,False
EVR_05,2026,2026-05-08,17.7261,22.6241,12.9143,5.1174,225.7875,12.769199999999998,529.6475,47.7,-273.30539999999985,9.709799999999998,8.207399999999998,0.4330705009351682,0.2409121259857242,-0.40804255805324857,0.04276070223056594,0.8073707443023492,-0.5900444739548627,False
EVR_05,2026,2026-05-09,17.2535,21.7152,12.9176,24.2595,211.16451,12.316400000000002,541.9639,41.8,-270.72769999999986,8.7976,4.497499999999999,0.4683078381267499,0.2474371627762482,-0.4010197713124798,0.07455114607861951,0.7971015927871943,-0.6038452208771035,False
EVR_05,2026,2026-05-10,18.2394,23.3367,11.8888,4.6634,268.97338,12.612749999999998,554.57665,45.8,-293.77189999999985,11.4479,4.2134,0.45212962806824514,0.24756043675767644,-0.41128509373268923,0.04013116924524551,0.7865965660866021,-0.6174672802835514,False
EVR_05,2026,2026-05-11,19.0561,24.1592,13.9092,1.6514,284.82832,14.034199999999998,568.61085,50.3,-303.45999999999987,10.249999999999998,4.1524,0.4451637748209084,0.25079745569625145,-0.4076567079797582,0.060912346067958256,0.7758587728069828,-0.6309066211876704,False
EVR_05,2026,2026-05-12,19.344,24.3632,14.2494,2.5399,286.7942,14.3063,582.91715,54.199999999999996,-303.4313999999998,10.1138,6.169300000000002,0.43987719473452486,0.2497601253626551,-0.45194487598113264,0.022680616147878918,0.7648913904341225,-0.6441592666722685,False
EVR_05,2026,2026-05-13,18.015,23.5901,12.6849,24.3432,276.91376,13.1375,596.05465,50.4,-282.69279999999986,10.905199999999999,5.3664000000000005,0.46927131575089276,0.2529308855494789,-0.3883411141114617,0.049142096654341605,0.753697664392914,-0.6572212950663319,False
EVR_05,2026,2026-05-14,13.7658,18.0118,10.9179,133.6251,187.4386,9.46485,605.5195,47.4,-141.40009999999984,7.093900000000001,4.3505,0.4811965128826685,0.26322927383601696,-0.3956415351480083,0.058956963493635994,0.742280907086982,-0.6700888411055113,False
EVR_05,2026,2026-05-15,14.8917,20.3437,8.4425,7.6999,295.82374,9.3931,614.9126,49.3,-140.41759999999988,11.901199999999998,4.4557,0.5124022502329305,0.2836507830856869,-0.35682395281688645,0.07933174929776232,0.7306444969184916,-0.6827580970759147,False
EVR_05,2026,2026-05-16,18.2957,24.0303,10.3618,8.505,299.43466,12.19605,627.10865,54.800000000000004,-169.17209999999986,13.6685,6.1257,0.5004158649045599,0.2803748195541149,-0.34166820229539535,0.032108026777809995,0.7187918772884232,-0.6952253139408722,False
EVR_05,2026,2026-05-17,17.3943,19.4891,16.1861,2.9412,31.874188,12.837600000000002,639.94625,6.8999999999999995,-131.99429999999987,3.303000000000001,3.669900000000002,0.48451483929734085,0.27003550559456246,-0.4215444357355796,0.03238521122909571,0.7067265555776158,-0.7074868024503348,False
