site_id,season,date,t2m_mean,t2m_max,t2m_min,tp_sum,ssr_sum,GDD,GDD_cum,evaporation_mm,drought_index_7d,temp_amplitude,dew_depression,NDVI_int,EVI_int,NDWI_int,NDVI_trend_7d,sin_doy,cos_doy,surveyed
EVR_01,2025,2025-01-01,4.33,9.662,0.3202,0.0334,82.37325,0.0,0.0,4.8,-4.7665999999999995,9.341800000000001,1.0519000000000003,0.22327443307417522,0.12616491345808264,-0.5906220515820052,0.0,0.017201575418260506,0.9998520419557735,True
EVR_01,2025,2025-01-02,7.7305,12.3559,2.6505,0.0402,79.19848,2.5031999999999996,2.5031999999999996,6.0,-10.7264,9.705400000000001,2.0794000000000006,0.21230918208239882,0.10149602974611008,-0.6059954246205314,-0.010965250991776393,0.03439806061360801,0.9994082116062598,True
EVR_01,2025,2025-01-03,10.8148,14.1319,8.4102,0.3683,91.58554,6.271049999999999,8.774249999999999,7.7,-18.0581,5.7217,3.1555999999999997,0.23820148319900294,0.1332781486044443,-0.5679762321910483,0.014927050124827729,0.051584366869408364,0.9986686402879997,True
EVR_01,2025,2025-01-04,8.2575,11.1498,4.9229,17.1114,46.01374,3.0363500000000005,11.810599999999999,9.1,-10.046700000000001,6.2269000000000005,3.7623000000000006,0.21431848689798938,0.10489519894891838,-0.5890000289050703,-0.008955946176185836,0.06875540848113941,0.9976335468520451,True
EVR_01,2025,2025-01-05,5.8725,8.5183,3.2108,1.1613,57.50934,0.8645499999999995,12.675149999999999,6.0,-14.8854,5.3075,3.8924999999999996,0.2307004787839381,0.1333867163480676,-0.5933779680811658,0.00742604570976288,0.08590610426133272,0.9963032375991965,True
EVR_01,2025,2025-01-06,7.6964,11.0711,2.3107,0.0243,68.23545,1.6909,14.366049999999998,5.0,-19.8611,8.760399999999999,2.4806,0.21226053802733807,0.1093654729798969,-0.5900520962219729,-0.011013895046837141,0.10303137904317879,0.9946781061893646,True
EVR_01,2025,2025-01-07,12.3155,15.9713,8.9914,0.3748,81.34434,7.481349999999999,21.847399999999997,6.7,-26.186300000000003,6.979899999999999,2.980600000000001,0.21740137486822228,0.11498820385369447,-0.6224321688554172,-0.005873058205952936,0.1201261651823505,0.9927586335250793,True
EVR_01,2025,2025-01-08,13.4029,16.9612,11.6994,0.4698,88.41047,9.330300000000001,31.177699999999998,7.9,-28.8499,5.261800000000001,2.2901000000000007,0.1784735760322055,0.09567209914140222,-0.5915341259158573,-0.044800857041969705,0.13718540405660057,0.9905453876091833,True
EVR_01,2025,2025-01-09,12.529,15.891,10.7975,1.2773,75.5726,8.344249999999999,39.52195,5.4,-27.012800000000006,5.093500000000001,1.8316,0.21315020078367672,0.12330714407058734,-0.5741718207160096,0.0008410187012778958,0.1542040475626894,0.988039023376751,True
EVR_01,2025,2025-01-10,12.3534,15.4442,11.037,4.4843,70.83109,8.2406,47.76255,7.9,-23.0968,4.4072,1.8375000000000004,0.24046050113975986,0.1252259184634804,-0.5490018875912032,0.002259017940756919,0.17117705961019986,0.985240282501282,True
EVR_01,2025,2025-01-11,7.2411,10.9639,4.2984,166.8063,18.288292,2.63115,50.393699999999995,6.8,128.89809999999997,6.665500000000001,1.2529000000000003,0.18441184780977105,0.10375183308102794,-0.5996433119370848,-0.029906639088218334,0.18809941761179758,0.9821499931752291,True
EVR_01,2025,2025-01-12,3.9911,6.4099,1.1674,48.0138,14.497866,0.0,50.393699999999995,6.8999999999999995,174.85059999999996,5.242500000000001,1.6437999999999997,0.18420945386187956,0.07154635936677622,-0.6359800203069456,-0.04649102492205853,0.20496611396949532,0.9787690698649216,True
EVR_01,2025,2025-01-13,2.1669,3.4377,0.9684,205.4352,16.569523,0.0,50.393699999999995,8.6,376.6615,2.4693,0.8145,0.1756643850882175,0.09687680374784331,-0.6587002311549094,-0.03659615293912058,0.22177215755648186,0.975098513039961,True
EVR_01,2025,2025-01-14,3.7162,5.4274,1.7866,75.9506,35.79267,0.0,50.393699999999995,12.4,446.53729999999996,3.6407999999999996,2.2335000000000003,0.1734373988464952,0.1044787254668409,-0.6098053898360809,-0.04396397602172708,0.23851257519407648,0.9711394088771653,True
EVR_01,2025,2025-01-15,3.3262,4.3609,2.598,167.5296,15.04689,0.0,50.393699999999995,10.1,611.3971,1.7629000000000001,1.1556000000000002,0.20553234558293632,0.10594209833668358,-0.5996594758402515,0.027058769550730805,0.2551824131233728,0.9668929289391521,True
EVR_01,2025,2025-01-16,3.6779,7.5479,-0.3164,9.8644,86.43577,0.0,50.393699999999995,10.0,615.3842,7.8643,3.3495,0.18635150486146954,0.12012119406771639,-0.6197504704893106,-0.026798695922207183,0.2717767384711357,0.9623603298276545,True
EVR_01,2025,2025-01-17,2.9479,7.8065,-1.208,0.0167,114.48129,0.0,50.393699999999995,8.4,610.4166,9.0145,3.6004,0.1867355555612909,0.1135254049447424,-0.6105846215050849,-0.05372494557846896,0.2882906407095177,0.9575429528116719,True
EVR_01,2025,2025-01-18,4.8953,9.8904,0.5859,0.0124,114.69943,0.23815000000000008,50.63185,8.0,442.4227,9.304499999999999,3.6925999999999997,0.20032264055312982,0.12375876784445142,-0.5630193845177526,0.01591079274335877,0.3047192331091634,0.9524422234305676,True
EVR_01,2025,2025-01-19,5.3479,11.9049,0.3783,0.0155,115.11041,1.1415999999999995,51.77345,8.7,392.6244,11.5266,3.0461,0.18001237007543905,0.09224312845839046,-0.599950279374094,-0.004197083786440514,0.321057654185271,0.9470596510722283,True
EVR_01,2025,2025-01-20,4.4664,9.6012,0.1355,0.0018,109.4708,0.0,51.77345,8.200000000000001,187.591,9.4657,2.6653000000000002,0.21212151830708262,0.1126627976029309,-0.5885937003185437,0.03645713321886512,0.3373010691361842,0.9413968285264122,True
EVR_01,2025,2025-01-21,6.0802,11.2148,1.8388,0.0263,106.8004,1.5267999999999997,53.30025,7.6,116.46669999999999,9.376000000000001,1.8276999999999992,0.17927141015121129,0.09303405354104156,-0.6837631247839162,0.005834011304716086,0.3534446712740877,0.9354554315134164,True
EVR_01,2025,2025-01-22,8.2108,12.6214,4.7588,0.0427,105.16127,3.6900999999999993,56.99034999999999,8.9,-49.8202,7.8626,2.916900000000001,0.21941657892858338,0.1287354633971609,-0.5739580337213309,0.013884233345647062,0.3694836834473831,0.9292372181882051,True
EVR_01,2025,2025-01-23,7.3715,12.82,3.9462,0.2625,91.5083,3.3831000000000007,60.37345,7.7,-57.1221,8.8738,1.8384999999999998,0.23751074976637496,0.12433021818685702,-0.556888646743377,0.05115924490490542,0.38541335945432564,0.9227440286201427,True
EVR_01,2025,2025-01-24,9.4655,14.5518,4.5107,0.4468,94.00031,4.53125,64.90469999999999,6.8999999999999995,-55.192,10.0411,1.6795000000000009,0.21188656444300233,0.101460908880498,-0.5866861095230939,0.02515100888171143,0.4012289854475009,0.9159777842484877,True
EVR_01,2025,2025-01-25,8.3062,12.127,4.3383,47.3158,113.13388,3.2326499999999996,68.13735,12.6,-12.488599999999998,7.7887,2.9861000000000004,0.22651102446231577,0.12545913298711636,-0.5743817984088473,0.026188383909185958,0.4169258813287287,0.908940487313808,True
EVR_01,2025,2025-01-26,5.7082,10.5412,1.9553,2.5452,108.4793,1.2482499999999996,69.3856,9.0,-10.258900000000002,8.5859,1.7979999999999996,0.24165384469434717,0.13133539066790037,-0.610475580017322,0.06164147461890812,0.4324994021339788,0.901634220265486,True
EVR_01,2025,2025-01-27,7.0153,12.2039,1.9915,0.0112,88.76445,2.0977000000000006,71.4833,7.0,-9.049500000000002,10.2124,1.6598999999999995,0.2616673586510561,0.14331702413790579,-0.5992872156448898,0.049545840343973496,0.44794493940789115,0.8940611451454876,True
EVR_01,2025,2025-01-28,9.8262,15.1106,4.0121,0.0971,96.90113,4.561350000000001,76.04464999999999,7.9,-9.2787,11.0985,2.1615,0.22077440640782067,0.11999085938029852,-0.5902312685459484,0.04150299625660939,0.4632579225674917,0.88622350294858,True
EVR_01,2025,2025-01-29,13.0647,17.0975,9.9565,0.287,109.03599,8.527000000000001,84.57165,11.799999999999999,-11.934399999999998,7.141,2.895900000000001,0.22751757041129103,0.12144272154227193,-0.6141694864016524,0.008100991482707653,0.4784338202547012,0.8781236129591848,True
EVR_01,2025,2025-01-30,11.117,15.6544,7.5871,0.2377,84.77583,6.620750000000001,91.19239999999999,7.4,-11.659199999999998,8.0673,1.9466,0.2317363211992594,0.1345716322323837,-0.5872001500804159,-0.005774428567115547,0.49346814167723735,0.8697638720650646,True
EVR_01,2025,2025-01-31,10.5545,15.8788,7.1355,4.8064,116.39405,6.507149999999999,97.69955,11.6,-11.999599999999997,8.7433,2.1732000000000014,0.24001805554879033,0.13025728187665447,-0.5830710320513665,0.028131491105787998,0.5083564379375122,0.8611467540480452,True
EVR_01,2025,2025-02-01,9.6654,14.6466,7.3824,1.5646,96.92926,6.0145,103.71405,9.5,-54.650800000000004,7.2642,1.6052999999999997,0.22560500581325946,0.11822344793912588,-0.6323567999148799,-0.0009060186490563171,0.5230943033491326,0.8522748088519838,True
EVR_01,2025,2025-02-02,8.0095,11.1793,4.4816,0.1804,65.24278,2.83045,106.5445,7.5,-55.515600000000006,6.697699999999999,2.3499999999999988,0.2585296191595574,0.15863617593608442,-0.5788542373114679,0.01687577446521024,0.5376773767406141,0.8431506618282,True
EVR_01,2025,2025-02-03,7.232,11.547,3.8251,1.7124,89.5328,2.68605,109.23055,8.8,-55.6144,7.721900000000001,2.6201,0.2317642113607452,0.11720628052154933,-0.5864437344292368,-0.029903147290310905,0.5521013427459208,0.8337770129585915,True
EVR_01,2025,2025-02-04,3.5871,5.9395,1.2262,0.4267,100.88256,0.0,109.23055,11.1,-58.48480000000001,4.7133,6.1983,0.23604230806799537,0.12577212916293817,-0.5554340581841398,0.015267901660174693,0.5663619330814524,0.8241566360566663,True
EVR_01,2025,2025-02-05,2.0329,5.3983,-1.0971,0.0334,125.96083,0.0,109.23055,12.3,-59.2384,6.4954,8.0059,0.2251900971924841,0.12447745019130461,-0.5955790174669943,-0.0023274732188069414,0.580454927809098,0.8142923779467267,True
EVR_01,2025,2025-02-06,0.9585,4.5424,-1.5136,0.0334,147.38992,0.0,109.23055,12.7,-64.74270000000001,6.056,8.1094,0.24043736323491274,0.12502719719250685,-0.5618995600910697,0.008701042035653334,0.5943761565849831,0.804187157621448,True
EVR_01,2025,2025-02-07,0.7827,4.7154,-2.3871,0.0692,126.85726,0.0,109.23055,9.799999999999999,-67.6799,7.1025,5.7137,0.23934549285206277,0.13946084412404985,-0.5609981562832048,-0.0006725626967275522,0.6081214998935418,0.7938439653781019,True
EVR_01,2025,2025-02-08,1.0332,4.0808,-0.9458,2.8176,80.3735,0.0,109.23055,7.2,-64.1269,5.0266,4.5486,0.25047828698109714,0.13992109145818626,-0.5584491591223136,0.024873281167837685,0.6216868902665479,0.7832658619336791,True
EVR_01,2025,2025-02-09,0.4624,3.3566,-1.1697,2.3673,77.46536,0.0,109.23055,7.1000000000000005,-61.540000000000006,4.5263,4.9315,0.24691127703492283,0.14778711019094612,-0.5463297916646775,-0.011618342124634584,0.6350683134867438,0.7724559775191742,True
EVR_01,2025,2025-02-10,0.9006,4.9914,-1.8131,1.258,112.910424,0.0,109.23055,9.2,-62.394400000000005,6.804499999999999,4.8802,0.2501759628232689,0.13264284046895639,-0.580524092604549,0.018411751462523718,0.6482618097757122,0.7614175109532997,True
EVR_01,2025,2025-02-11,0.1458,4.727,-3.5273,0.3346,139.74147,0.0,109.23055,9.799999999999999,-61.1865,8.2543,5.2159,0.24878940445467496,0.13970390001094565,-0.5767702239269249,0.01274709638667959,0.6612634749656386,0.7501537286959042,True
EVR_01,2025,2025-02-12,1.1004,6.2644,-2.0954,4.8063,126.872136,0.0,109.23055,9.9,-54.0136,8.3598,3.8304,0.25119262605585346,0.15330578484767896,-0.580782607327823,0.026002528863369373,0.6740694616546161,0.7386679638813748,True
EVR_01,2025,2025-02-13,2.6516,7.3549,-2.2052,0.3787,156.35366,0.0,109.23055,10.0,-50.968300000000006,9.5601,3.8120000000000003,0.197181574759363,0.10583230214540984,-0.5924069001910899,-0.043255788475549756,0.6866759803451553,0.726963615332308,True
EVR_01,2025,2025-02-14,7.393,12.3811,1.0064,0.1355,116.13307,1.6937499999999996,110.9243,10.5,-51.602000000000004,11.3747,4.1623,0.23381977179471275,0.13004406786255945,-0.6146200138149899,-0.005525721057350025,0.6990793005655562,0.7150441465537444,True
EVR_01,2025,2025-02-15,9.1676,13.9177,5.6554,74.803,105.0673,4.78655,115.71085,13.0,14.58339999999999,8.2623,1.9377000000000004,0.18216202682426613,0.11393597917680544,-0.6365534638615323,-0.06831626015683101,0.7112757519738152,0.7029130847082615,True
EVR_01,2025,2025-02-16,6.9148,8.6393,5.6612,18.6259,40.37955,2.1502499999999998,117.8611,8.200000000000001,29.74199999999999,2.9781000000000004,1.5652999999999997,0.21572196921453585,0.12577853228218983,-0.5956948538937146,-0.03118930782038698,0.7232617254437388,0.6905740195722293,True
EVR_01,2025,2025-02-17,4.958,5.9775,4.4597,257.7149,19.964686,0.21860000000000035,118.0797,8.8,286.59889999999996,1.5178000000000003,1.1626000000000003,0.20403008855494778,0.0960155750562524,-0.5822606728345485,-0.046145874268321146,0.7350336741329413,0.6780306024735382,True
EVR_01,2025,2025-02-18,4.3964,6.9998,0.4264,22.9442,62.22905,0.0,118.0797,13.2,305.8085,6.5733999999999995,3.2984,0.17931220801284206,0.1039728276711035,-0.636824262411387,-0.0694771964418329,0.746588114532413,0.6652865452111116,True
EVR_01,2025,2025-02-19,0.6098,3.4414,-2.026,21.3989,105.75907,0.0,118.0797,9.5,322.80109999999996,5.4674,3.2929999999999997,0.2015467554505108,0.1127930737070743,-0.617366037379353,-0.049645870605342673,0.7579216274973472,0.6523456189565257,True
EVR_01,2025,2025-02-20,-0.8797,3.5072,-3.9111,2.2137,147.1097,0.0,118.0797,14.0,320.6361,7.4183,6.7896,0.19671238265198304,0.126440147105553,-0.6278493443544383,-0.00046919210737994543,0.7690308592589181,0.6392116531380588,True
EVR_01,2025,2025-02-21,-1.9925,1.9179,-4.987,0.038,168.27349,0.0,118.0797,14.4,316.6386,6.9049,7.403600000000001,0.20002171895658458,0.09745994025105055,-0.5986445455646505,-0.03379805283812817,0.7799125224167177,0.6258885343075018,True
EVR_01,2025,2025-02-22,-1.9492,3.0092,-5.5175,0.2244,160.26515,0.0,118.0797,11.6,243.45999999999998,8.5267,7.0697,0.20522454369214066,0.10413630905754157,-0.6141038183655587,0.023062516867874527,0.7905633969115482,0.612380204990065,True
EVR_01,2025,2025-02-23,-1.0404,3.6534,-5.0989,1.5461,147.79958,0.0,118.0797,9.4,225.18019999999999,8.7523,4.9882,0.2118182875203055,0.11127745924169387,-0.6176610405631633,-0.00390368169423036,0.8009803309782905,0.5986906625177214,True
EVR_01,2025,2025-02-24,0.2341,5.0652,-3.9167,0.1548,171.55499,0.0,118.0797,11.1,-34.6799,8.9819,4.5961,0.23872993632922787,0.13179522590612924,-0.5861569199023942,0.03469984777428009,0.8111602420785621,0.5848239578463322,True
EVR_01,2025,2025-02-25,4.1815,8.9665,-1.1405,4.2624,115.33209,0.0,118.0797,7.8,-47.9617,10.107,2.798,0.24969565258000714,0.1309312219036557,-0.5440045150187685,0.07038344456716508,0.8211001178128892,0.5707841943569036,True
EVR_01,2025,2025-02-26,5.7651,10.5837,0.5252,0.5222,131.679256,0.5544500000000001,118.63415,11.700000000000001,-71.03840000000001,10.0585,2.0472,0.2529294863725661,0.14385578820712558,-0.5718502079793777,0.051382730922055336,0.8307970168121247,0.5565755266413303,True
EVR_01,2025,2025-02-27,8.5452,13.4968,4.3247,3.4086,114.792344,3.91075,122.5449,11.2,-67.0435,9.1721,2.313299999999999,0.2532351036338542,0.15589788494715057,-0.5849932103259242,0.056522720981871166,0.8402480696078469,0.5422021592729844,True
EVR_01,2025,2025-02-28,8.1937,13.2359,4.781,5.7089,125.09995,4.00845,126.55335,13.799999999999999,-60.7726,8.454900000000002,2.3786999999999994,0.23369588909272992,0.11235515231975148,-0.621297922717157,0.03367417013614535,0.8494504794814806,0.527668345562516,True
EVR_01,2025,2025-03-01,7.4103,11.9382,3.7142,0.3881,166.66154,2.8262,129.37955,17.4,-66.40889999999999,8.224,3.1558,0.23931355617322958,0.13778574288473797,-0.570189963276989,0.03408901248108892,0.8584015232918917,0.512978386299228,True
EVR_01,2025,2025-03-02,7.3584,13.2946,1.9795,34.1904,145.95437,2.6370500000000003,132.0166,15.9,-40.264599999999994,11.315100000000001,2.5749999999999993,0.22727802830348898,0.11877911026698094,-0.6063100839353252,0.01545974078318349,0.8670985522812081,0.4981366284784055,True
EVR_01,2025,2025-03-03,5.1263,8.6723,1.6316,9.2988,152.14813,0.15195000000000025,132.16855,20.5,-40.5206,7.0407,4.9886,0.22533378156443387,0.12953732715646368,-0.5844369974197309,-0.013396154764794,0.8755389928586302,0.4831474640149687,True
EVR_01,2025,2025-03-04,4.299,8.5139,0.5805,0.3292,148.43312,0.0,132.16855,16.2,-52.8538,7.9334,4.9801,0.24426741363311075,0.1345201653176675,-0.5646112736217678,-0.0054282389468963965,0.8837203473619977,0.4680153284438345,True
EVR_01,2025,2025-03-05,5.6591,12.9385,-0.607,0.0069,198.8109,1.16575,133.33429999999998,19.7,-61.36909999999999,13.545499999999999,4.5603,0.2158070820318441,0.1094155782390023,-0.5926761999093249,-0.03712240434072203,0.8916401947968874,0.45274469960737107,True
EVR_01,2025,2025-03-06,8.06,16.132,0.5732,0.0004,207.78864,3.3526000000000007,136.6869,23.5,-77.0773,15.558800000000002,6.7029000000000005,0.24284681032226216,0.14247723616134692,-0.6052516865961277,-0.01038829331159205,0.8992961915530253,0.4373400963303323,True
EVR_01,2025,2025-03-07,8.0105,16.077,0.9178,0.0,214.84098,3.4974000000000007,140.1843,26.599999999999998,-95.58619999999999,15.159200000000002,9.0083,0.2585388258525708,0.1500161037123762,-0.5702096504892974,0.024842936759840895,0.9066860720977985,0.4218060770826634,True
EVR_01,2025,2025-03-08,8.0368,15.52,1.9253,0.0291,206.22646,3.72265,143.90695,24.8,-103.3452,13.5947,7.679099999999999,0.235262460494702,0.14090161783226704,-0.6002718447216421,-0.004051095678527572,0.9138076496466615,0.4061472386305789,True
EVR_01,2025,2025-03-09,8.2322,15.4068,1.5137,0.0108,207.81763,3.4602500000000003,147.3672,23.400000000000002,-145.0248,13.8931,5.1854000000000005,0.24891521163231387,0.1095436144994302,-0.5474657612101109,0.021637183328824888,0.9206588168102428,0.3903682146763026,True
EVR_01,2025,2025-03-10,10.7611,17.6301,2.8656,0.0111,215.88808,5.24785,152.61505,25.6,-159.4125,14.764499999999998,5.2437000000000005,0.27160686002854145,0.13857805485022376,-0.5580299614776487,0.04627307846410758,0.9272375462179537,0.374473674486883,True
EVR_01,2025,2025-03-11,13.4336,18.7726,7.855,0.0309,205.95246,8.3138,160.92885,25.9,-169.4108,10.9176,4.844799999999999,0.2723444968649141,0.15739219254625492,-0.548756851449104,0.02807708323180333,0.9335418911179212,0.35846832151248087,True
EVR_01,2025,2025-03-12,15.5112,21.202,9.4604,0.2835,174.05592,10.3312,171.26005,27.3,-176.73420000000002,11.741600000000002,7.4778,0.23291035639887805,0.13314484278422153,-0.5480861371917647,0.01710327436703396,0.9395699859530622,0.342356891994542,True
EVR_01,2025,2025-03-13,16.1588,21.606,10.9886,1.6859,177.14995,11.2973,182.55735,32.4,-183.9487,10.617400000000002,10.2135,0.25247472702446433,0.13888770142763507,-0.5669359322450087,0.009627916702202172,0.945320046913132,0.3261441535642696,True
EVR_01,2025,2025-03-14,17.1536,22.3365,13.6361,0.1122,214.82776,12.9863,195.54365,34.0,-191.23649999999998,8.7004,6.9375,0.2600268725086252,0.15044744361866838,-0.6065099522527275,0.0014880466560543981,0.9507903724625832,0.3098349038318025,True
EVR_01,2025,2025-03-15,17.3028,24.3587,10.7271,0.0171,202.05813,12.5429,208.08655,32.7,-199.1485,13.631599999999999,8.447300000000002,0.2446896413098683,0.1486620460167988,-0.563006374406586,0.009427180815166303,0.9559793438440766,0.2934339689665273,True
EVR_01,2025,2025-03-16,17.4897,24.7027,10.9166,0.0189,201.46554,12.809650000000001,220.8962,36.8,-212.54039999999998,13.7861,9.585799999999999,0.22068095459413226,0.13827910099551882,-0.5905704421623331,-0.02823425703818161,0.9608854255574977,0.27694620226893646,True
EVR_01,2025,2025-03-17,13.821,19.4832,8.88,22.9706,187.3382,9.1816,230.0778,26.1,-190.08089999999999,10.6032,3.9841999999999995,0.2565312974600355,0.13048520411483355,-0.5343349381516306,-0.015075562568505951,0.9655071658143364,0.2603764827344581,True
EVR_01,2025,2025-03-18,5.4914,8.8803,2.0678,64.3103,121.12546,0.4740500000000001,230.55185,23.8,-123.7015,6.8125,5.1475,0.25644792989765186,0.14702181229795572,-0.5702628222511652,-0.015896566967262216,0.969843196967294,0.24372971360968387,True
EVR_01,2025,2025-03-19,3.6035,8.0644,0.2367,3.2038,198.01995,0.0,230.55185,24.299999999999997,-117.7812,7.827699999999999,10.7201,0.2599856573265569,0.13817714334056333,-0.5488742569175662,0.02707530092767882,0.9738922359149924,0.22701082094141847,True
EVR_01,2025,2025-03-20,5.6326,10.953,-0.1845,0.0033,179.37754,0.38424999999999976,230.9361,22.1,-109.1638,11.1375,7.7643,0.2531514341647059,0.15231154485882853,-0.5600036774703836,0.0006767071402415947,0.9776530844816641,0.2102247521189836,True
EVR_01,2025,2025-03-21,6.8076,12.8369,0.6067,0.0047,224.778,1.7218,232.6579,25.7,-100.9713,12.2302,6.5003,0.23693702428734315,0.133255624940901,-0.5515091171776956,-0.023089848221282072,0.981124629771712,0.19337647441020586,True
EVR_01,2025,2025-03-22,7.777,13.123,2.7084,0.0091,242.79736,2.9156999999999993,235.5736,26.1,-94.3793,10.4146,5.775,0.26030885818691135,0.1286061173488747,-0.5779340037401346,0.01561921687704304,0.984305844499033,0.17647097349152166,True
EVR_01,2025,2025-03-23,11.1043,17.7517,3.6205,10.8604,212.61582,5.6861,241.2597,26.700000000000003,-73.43780000000001,14.1312,4.909400000000001,0.2765988497114585,0.14608489537491737,-0.5321027938210837,0.05591789511732623,0.9871957872910085,0.15951325197263655,True
EVR_01,2025,2025-03-24,14.7425,18.9259,10.7679,29.6846,148.57818,9.846899999999998,251.1066,28.2,-68.8238,8.158,6.613199999999999,0.26263446107786137,0.15164571027772938,-0.5662751375427093,0.006103163617825869,0.9897936029670716,0.14250832791617088,True
EVR_01,2025,2025-03-25,15.0444,18.3757,12.8661,21.1515,110.00342,10.620899999999999,261.7275,22.4,-110.5826,5.509599999999999,5.725999999999999,0.26207841872241167,0.13510935316430686,-0.5488642977938359,0.005630488824759805,0.992098522791769,0.12546123335273648,True
EVR_01,2025,2025-03-26,15.5205,21.1179,10.097,1.4817,200.11368,10.60745,272.33495,31.0,-119.00470000000001,11.0209,5.2806999999999995,0.2565101077722288,0.13326088930675845,-0.5155892404053282,-0.00347554955432805,0.9941098647022418,0.10837701279187609,True
EVR_01,2025,2025-03-27,15.3441,21.4554,10.1296,0.0648,181.16029,10.7925,283.12745,29.9,-126.7432,11.325800000000001,7.3618999999999994,0.24974690911793845,0.12997268493357825,-0.55422849055495,-0.0034045250467674704,0.9958270335100595,0.09126072172931188,True
EVR_01,2025,2025-03-28,12.5779,16.8642,7.739,21.4085,114.10942,7.3016000000000005,290.42905,18.4,-98.0394,9.1252,4.039299999999999,0.2410553086960614,0.12924504352930913,-0.5497093871982394,0.0041182844087182535,0.9972495210773451,0.07411742515094437,True
EVR_01,2025,2025-03-29,11.7319,17.3834,7.4325,18.0273,167.30216,7.407950000000001,297.837,24.5,-78.4212,9.9509,2.343499999999999,0.2452659312327095,0.12410124220216165,-0.5977350863053951,-0.01504292695420184,0.998376906467142,0.056952196034039754,True
EVR_01,2025,2025-03-30,12.2535,17.5434,7.6723,38.2776,195.63163,7.607849999999999,305.44485,27.799999999999997,-52.104,9.871099999999998,2.2249,0.25042867727103524,0.12732750106435425,-0.5759505047375182,-0.026170172440423245,0.9992088560679753,0.03977011384605572,True
EVR_01,2025,2025-03-31,11.869,16.1563,8.5613,40.9402,146.13226,7.3588000000000005,312.80365,23.0,-35.648399999999995,7.595000000000002,2.216899999999999,0.25542429485136625,0.13753685338028587,-0.5672211113088821,-0.007210166226495118,0.9997451236925734,0.022576263041545485,True
EVR_01,2025,2025-04-01,11.6001,14.9449,9.1851,52.6869,132.3317,7.065000000000001,319.86865,25.1,-6.812999999999999,5.7598,2.1173,0.2356344360501505,0.12516278814950474,-0.5692760561067305,-0.026443982672261168,0.9999855506507186,0.005375731557583884,True
EVR_01,2025,2025-04-02,10.0194,11.5865,8.9476,23.669,49.88176,5.267049999999999,325.1357,12.1,34.274300000000004,2.6388999999999996,1.6829,0.2445293880152609,0.13324328356900214,-0.5969993884931538,-0.011980719756967934,0.9999300657962057,-0.011826390691832589,True
EVR_01,2025,2025-04-03,11.6672,15.2022,8.7176,21.2529,179.2755,6.959899999999999,332.0956,28.299999999999997,57.062400000000004,6.4846,3.302299999999999,0.24150653079026999,0.13606854657889336,-0.5781700785091348,-0.008240378327668468,0.9995786855478958,-0.029025013321975237,True
EVR_01,2025,2025-04-04,11.4211,15.5514,6.6506,20.0478,199.7071,6.100999999999999,338.1966,30.599999999999998,43.50170000000001,8.9008,3.347899999999999,0.22221627142628028,0.12651280658618017,-0.5904282056289683,-0.018839037269781117,0.9989315138848577,-0.046215046983708354,True
EVR_01,2025,2025-04-05,11.7215,16.0571,7.0336,34.8821,198.33354,6.545349999999999,344.74195,27.400000000000002,57.4565,9.023499999999999,2.694700000000001,0.21654137338561097,0.1107573734682811,-0.5888999102526957,-0.028724557847098542,0.9979887423155984,-0.06339140486951038,True
EVR_01,2025,2025-04-06,10.5979,17.2635,4.8923,95.558,206.4481,6.0779,350.81985,34.3,108.2369,12.371200000000002,3.3511999999999995,0.23968954436503062,0.13720145677213108,-0.5822813813623349,-0.010739132906004617,0.9967506498213929,-0.08054900421874167,True
EVR_01,2025,2025-04-07,2.8,4.6693,0.8864,273.7018,54.03522,0.0,350.81985,18.8,345.19849999999997,3.7828999999999997,1.4757999999999998,0.21444397215440764,0.11604141598107519,-0.5916752477673695,-0.040980322696958615,0.9952176027737294,-0.09768276782171598,True
EVR_01,2025,2025-04-08,4.6054,9.4431,-1.1309,15.7993,192.7849,0.0,350.81985,26.599999999999998,306.8109,10.574,5.8997,0.23464848271190622,0.12699783810147974,-0.5734123902854074,-0.0009859533382442776,0.9933900548258936,-0.11478762552212701,True
EVR_01,2025,2025-04-09,5.3736,10.4018,-0.7945,4.0119,198.38114,0.0,350.81985,28.0,271.25379999999996,11.196299999999999,6.4146,0.22096428511840008,0.12789013179770967,-0.5774935925089639,-0.023565102896860812,0.9912685467787256,-0.13185851571739118,True
EVR_01,2025,2025-04-10,8.9075,14.1094,2.278,8.3797,236.12144,3.1936999999999998,354.01355,34.2,252.48059999999998,11.8314,5.538600000000001,0.2554445727542747,0.13683920395362897,-0.5571146992285507,0.013938041964004694,0.9888537064205885,-0.1488903868564548,True
EVR_01,2025,2025-04-11,5.706,10.7272,-0.6364,2.2082,236.7692,0.045399999999999885,354.05895,35.3,229.941,11.3636,8.5394,0.24449578177115303,0.12827106821345735,-0.5640657100639513,0.022279510344872744,0.986146248341595,-0.16587819893463143,True
EVR_01,2025,2025-04-12,8.3843,12.1067,4.6447,93.088,140.0487,3.3757,357.43465,26.599999999999998,288.9469,7.462,4.0661,0.22971544032262328,0.12899556055485362,-0.5836283485481775,0.013174066937012313,0.9831469737221499,-0.1828169249850199,True
EVR_01,2025,2025-04-13,8.9583,13.7329,3.581,6.0063,230.15472,3.65695,361.09159999999997,31.6,202.09519999999998,10.151900000000001,5.4773,0.2738954693515546,0.1405624680235304,-0.5594275506879701,0.034205924986524,0.9798567700958665,-0.1997015525660636,True
EVR_01,2025,2025-04-14,9.7482,13.722,4.2611,0.0396,214.64822,3.99155,365.08315,31.8,-84.567,9.460899999999999,5.8315,0.2926394334721122,0.16850860493802766,-0.5606696546110963,0.07819546131770455,0.9762766110869321,-0.21652708524481437,True
EVR_01,2025,2025-04-15,10.788,16.9436,3.8028,0.0137,267.15558,5.373200000000001,370.45635,38.800000000000004,-112.55260000000001,13.1408,5.0891,0.2474620872398101,0.13059885058748,-0.5545997271746989,0.012813604527903893,0.9724075561219968,-0.23328854407545518,True
EVR_01,2025,2025-04-16,12.8481,19.9782,5.6151,0.0008,280.44688,7.79665,378.253,46.5,-135.0637,14.363100000000001,6.713400000000001,0.2860976909114006,0.14809479351475918,-0.507944830318379,0.0651334057930005,0.9682507501166718,-0.2499809690726521,True
EVR_01,2025,2025-04-17,13.6561,21.1914,7.1642,0.0206,265.45077,9.177800000000001,387.4308,43.8,-153.0228,14.0272,5.276200000000001,0.2740740071383387,0.14146449756704196,-0.5087842938939309,0.018629434384064003,0.9638074231367307,-0.26659942067929354,True
EVR_01,2025,2025-04-18,13.0051,19.6905,7.7234,0.2776,264.52982,8.706949999999999,396.13775,39.300000000000004,-158.9534,11.9671,3.6892000000000014,0.26753368476098344,0.1389336437305335,-0.5952126255542225,0.02303790298983041,0.9590788900341131,-0.28313898122818354,True
EVR_01,2025,2025-04-19,13.1604,18.5708,6.7278,3.1225,224.47114,7.6493,403.78705,32.5,-254.81889999999999,11.842999999999998,3.541599999999999,0.299298895832747,0.17013229913183966,-0.5445568386702463,0.06958345551012371,0.9540665500578387,-0.2995947563972602,True
EVR_01,2025,2025-04-20,14.2087,20.231,9.2145,0.6502,250.52426,9.722750000000001,413.5098,38.3,-266.875,11.016500000000002,4.0001,0.2975839971934296,0.15952378552944918,-0.5263286842142934,0.023688527841874973,0.9487718864399473,-0.31596187665790293,True
EVR_01,2025,2025-04-21,15.7341,22.0792,8.9191,0.0607,281.59523,10.49915,424.00895,43.4,-278.4539,13.1601,4.984500000000001,0.29456645009890325,0.1792168873245432,-0.5142489031546628,0.0019270166267910671,0.9431964659565866,-0.33223549871590435,True
EVR_01,2025,2025-04-22,14.9164,21.2507,8.6288,0.0161,289.8218,9.93975,433.9487,47.5,-287.1515,12.621899999999998,6.437099999999999,0.31770456562361143,0.18206982217106915,-0.5276142026855258,0.07024247838380132,0.9373419384643772,-0.3484108069446808,True
EVR_01,2025,2025-04-23,13.0899,20.0647,7.894,0.1779,278.82995,8.97935,442.92805,40.300000000000004,-280.7744,12.170699999999998,4.1464,0.30762594413556604,0.16796349912034605,-0.5090401648892182,0.02152825322416546,0.9312100364121947,-0.3644830148102912,True
EVR_01,2025,2025-04-24,12.8398,18.393,8.9112,0.6847,207.74077,8.6521,451.58015,31.2,-267.5103,9.481800000000002,4.0394000000000005,0.3323485554565861,0.18196869493521353,-0.5191135951505401,0.05827454831824741,0.9248025743285089,-0.38044736628785164,True
EVR_01,2025,2025-04-25,14.1242,19.4536,8.8765,0.4407,237.38325,9.16505,460.7452,34.7,-262.7472,10.577100000000002,4.3414,0.3108001808669855,0.15826483428223131,-0.5298120864592594,0.043266496106002084,0.9181214482844364,-0.39629913726891813,True
EVR_01,2025,2025-04-26,16.3378,22.6165,10.2697,57.1659,261.95462,11.443100000000001,472.1883,43.9,-220.10379999999998,12.346799999999998,4.724900000000002,0.30730711445623393,0.1679894230659981,-0.516052621431722,0.00800821862348694,0.9111686353326631,-0.41203363695942635,True
EVR_01,2025,2025-04-27,13.047,17.2687,8.0052,5.7769,251.57678,7.636949999999999,479.82525,40.800000000000004,-217.4771,9.263499999999999,5.990100000000001,0.33088887617497476,0.16578041133495178,-0.51754359949293,0.03330487898154516,0.9039461929224011,-0.42764620926777464,True
EVR_01,2025,2025-04-28,10.5963,14.6904,7.532,0.0811,286.32637,6.1112,485.93645,41.8,-215.8567,7.1584,8.3135,0.34622371346730296,0.19920803156109335,-0.4712940782165373,0.05165726336839971,0.8964562582905575,-0.44313223418263453,True
EVR_01,2025,2025-04-29,9.5995,13.3987,6.6668,0.0819,264.89334,5.03275,490.9692,34.1,-202.3909,6.7318999999999996,6.728100000000001,0.3421053951434836,0.1923399973019091,-0.4960114104090192,0.024400829519872158,0.8887010478292915,-0.45848712914008766,True
EVR_01,2025,2025-04-30,10.6891,16.2563,6.0791,0.0142,296.47872,6.1677,497.1369,39.0,-201.25459999999998,10.1772,7.2551,0.32545919193789735,0.1925788480678377,-0.46951518179746293,0.01783324780233131,0.8806828564301475,-0.47370635037968,True
EVR_01,2025,2025-05-01,12.0832,17.8323,7.4041,0.1059,266.3355,7.6182,504.7551,40.099999999999994,-210.7334,10.4282,8.9936,0.34715647528369326,0.18515052421123465,-0.5417949552999037,0.014807919827107163,0.8724040568049612,-0.48878539428899265,True
EVR_01,2025,2025-05-02,13.5548,20.9666,7.0743,1.2613,292.02893,9.02045,513.77555,41.0,-216.21279999999996,13.892299999999999,7.5051000000000005,0.35746492999626733,0.20421853174303098,-0.4402504820295416,0.04666474912928181,0.8638670987837349,-0.503719798736334,True
EVR_01,2025,2025-05-03,13.4537,20.4306,4.8857,0.1081,317.24045,7.658149999999999,521.4337,44.5,-273.87059999999997,15.544899999999998,7.5477,0.3220156292160166,0.19542366526758792,-0.5105764393983717,0.014708514759782687,0.8550745085896932,-0.518505144391157,True
EVR_01,2025,2025-05-04,16.8875,24.2438,8.5759,0.012,305.67114,11.409849999999999,532.84355,48.7,-287.5355,15.6679,9.428999999999998,0.39141458936593054,0.22791869667716208,-0.4543644269923748,0.06052571319095579,0.8460288880917339,-0.533137056031809,True
EVR_01,2025,2025-05-05,19.0305,26.1316,11.3317,0.0258,272.81488,13.731649999999998,546.5752,46.5,-292.2908,14.7999,9.3832,0.3780969881151185,0.21101512609036863,-0.5039543758272429,0.03187327464781553,0.8367329140344921,-0.5476112038402312,True
EVR_01,2025,2025-05-06,20.6301,26.8696,14.0013,0.2871,295.66445,15.43545,562.0106499999999,51.1,-309.0856,12.868299999999998,8.880099999999999,0.38289751706918507,0.20549390561266206,-0.4588624960798462,0.040792121925701474,0.8271893372462497,-0.5619233046832195,True
EVR_01,2025,2025-05-07,20.6685,26.8815,14.7435,3.481,291.08688,15.8125,577.8231499999999,51.9,-318.5188,12.138,9.354000000000001,0.3966743330510822,0.2109607891125005,-0.45721255780196485,0.07121514111318483,0.8174009818249189,-0.5760691233798758,True
EVR_01,2025,2025-05-08,19.3893,24.6451,13.3242,0.2222,288.95114,13.984649999999998,591.8078,42.3,-320.60249999999996,11.3209,6.192599999999999,0.3937815946661405,0.21646337291360782,-0.44039528712361337,0.04662511938244723,0.8073707443023492,-0.5900444739548627,True
EVR_01,2025,2025-05-09,19.3927,25.1543,14.3491,6.8018,262.80371,14.7517,606.5595,40.7,-314.762,10.8052,6.274800000000001,0.3909372560413496,0.21383291233144236,-0.4503151564009451,0.03347232604508227,0.7971015927871943,-0.6038452208771035,True
EVR_01,2025,2025-05-10,12.9174,14.4406,10.3827,113.9669,90.63513,7.41165,613.97115,25.2,-181.60319999999996,4.0579,2.9216000000000015,0.36264023154656994,0.20564748847972217,-0.4769585164796139,0.04062460233055332,0.7865965660866021,-0.6174672802835514,True
EVR_01,2025,2025-05-11,13.9164,18.8582,8.5226,6.168,252.4397,8.6904,622.66155,35.9,-162.6472,10.3356,5.753399999999999,0.3857190698696771,0.19428378513377123,-0.4707878697499273,-0.005695519496253465,0.7758587728069828,-0.6309066211876704,True
EVR_01,2025,2025-05-12,14.8907,19.8102,10.2854,10.749,244.26939,10.047799999999999,632.70935,35.4,-140.82399999999998,9.524799999999999,5.263400000000001,0.4341634391964213,0.2499823919670488,-0.42243622530171443,0.056066451081302815,0.7648913904341225,-0.6441592666722685,True
EVR_01,2025,2025-05-13,13.2825,17.4171,8.853,23.3384,219.78851,8.13505,640.8444,34.6,-101.27269999999999,8.564100000000002,5.646000000000001,0.4484658102848408,0.2521591870342331,-0.4200613902105432,0.06556829321565572,0.753697664392914,-0.6572212950663319,True
EVR_01,2025,2025-05-14,13.2527,17.8508,7.9643,5.0796,282.4591,7.9075500000000005,648.75195,38.699999999999996,-86.47409999999999,9.8865,7.286300000000001,0.4359211207244818,0.23509324688118963,-0.38421292824484055,0.03924678767339962,0.742280907086982,-0.6700888411055113,True
EVR_01,2025,2025-05-15,15.6729,21.2254,9.3457,0.3111,320.02736,10.28555,659.0375,43.6,-87.68519999999998,11.8797,8.2439,0.45948142742021114,0.2576465322231392,-0.39084381050157835,0.06569983275407065,0.7306444969184916,-0.6827580970759147,True
EVR_01,2025,2025-05-16,16.2197,20.2139,11.0044,16.4074,161.70914,10.60915,669.64665,27.7,-65.07959999999999,9.209499999999998,7.428099999999999,0.4456129587917734,0.250562168426278,-0.405174565315615,0.05467570275042377,0.7187918772884232,-0.6952253139408722,True
EVR_01,2025,2025-05-17,16.1136,18.847,11.886,255.5524,152.50883,10.3665,680.01315,33.2,68.5059,6.961000000000002,3.997600000000002,0.41705422808925785,0.22883214535584676,-0.45728381540658475,0.054413996542687915,0.7067265555776158,-0.7074868024503348,True
EVR_01,2025,2025-05-18,15.4719,20.4348,11.3639,95.6842,254.41846,10.899349999999998,690.9125,44.5,149.4221,9.0709,4.7188,0.4292778988749487,0.2501217062219694,-0.40337723467719766,0.04355882900527164,0.6944521021088763,-0.719538934232584,True
EVR_01,2025,2025-05-19,17.1581,22.8922,10.2539,4.5699,305.26474,11.573049999999999,702.48555,52.3,126.34300000000002,12.6383,7.6424,0.46055209815020637,0.23306399591452648,-0.3857075584363315,0.02638865895378506,0.6819721490904629,-0.7313781428679254,True
EVR_01,2025,2025-05-20,18.1845,23.493,12.3835,0.3174,277.40624,12.93825,715.4238,48.7,89.22200000000001,11.109499999999999,7.2988,0.4308231723453102,0.23802104319803122,-0.44627747699875236,-0.01764263793953058,0.6692903895412567,-0.7430009249440493,True
EVR_01,2025,2025-05-21,20.0062,25.5753,13.7404,0.0497,314.48707,14.65785,730.08165,52.5,70.3921,11.8349,7.1622,0.4561572892095386,0.24745487466393043,-0.3914904382488574,0.02023616848505677,0.6564105761979381,-0.7544038410927472,True
EVR_01,2025,2025-05-22,21.3906,28.1546,15.3402,1.6341,311.49213,16.7474,746.8290499999999,54.9,60.41510000000001,12.8144,8.3102,0.4362956835355334,0.2455264841039446,-0.396469992106891,-0.023185743884677756,0.6433365204044917,-0.765583517007675,True
EVR_01,2025,2025-05-23,22.2899,28.2752,15.7512,0.1593,309.70176,17.0132,763.84225,54.5,17.367000000000004,12.524000000000001,9.4002,0.46279184957036446,0.24925664317011617,-0.4084862633070382,0.017178890778591083,0.6300720909843687,-0.7765366444428655,True
EVR_01,2025,2025-05-24,22.7933,29.1727,17.0868,0.4281,306.86102,18.12975,781.972,54.0,-258.55729999999994,12.085899999999999,8.317999999999998,0.49644125975935416,0.2636811187036969,-0.36115088901703335,0.07938703167009631,0.6166212130956382,-0.7872599821916922,True
EVR_01,2025,2025-05-25,19.6535,25.195,16.2255,58.1328,248.71154,15.710250000000002,797.68225,38.699999999999996,-290.3087,8.9695,4.607500000000002,0.504334780432667,0.2676666029506924,-0.33440817107048676,0.07505688155771828,0.6029878670694714,-0.7977503570459932,True
EVR_01,2025,2025-05-26,16.0304,20.6007,11.6725,112.532,228.68557,11.136600000000001,808.81885,52.0,-182.04659999999998,8.9282,6.723800000000001,0.5063894243072115,0.2867007047677747,-0.36748464621010263,0.04583732615700509,0.5891760872322963,-0.8080046647350754,True
EVR_01,2025,2025-05-27,17.7297,22.8563,10.9507,7.0871,244.8954,11.903500000000001,820.72235,43.7,-170.27689999999998,11.905600000000002,7.0009000000000015,0.5307811622004944,0.27918914467952816,-0.3553361055636193,0.09995798985518423,0.5751899607119775,-0.8180198708443174,True
EVR_01,2025,2025-05-28,19.1256,23.538,12.8747,6.178,280.76266,13.20635,833.9287,48.4,-160.04859999999996,10.6633,7.726899999999999,0.5459784936307475,0.3013047306479038,-0.30920782851662304,0.08982120442120889,0.5610336262283677,-0.8277930117131022,True
EVR_01,2025,2025-05-29,18.9002,23.9185,13.1756,4.8011,298.5387,13.547049999999999,847.47575,50.3,-152.28159999999997,10.742900000000002,6.968600000000002,0.5476242331457417,0.28519070485337966,-0.32191284868233705,0.11132854961020833,0.5467112728685939,-0.8373211953118121,True
EVR_01,2025,2025-05-30,17.8902,22.0817,12.9819,110.8988,256.19968,12.5318,860.00755,40.9,-27.942099999999982,9.099800000000002,4.0168,0.5365339985481181,0.28875073718931016,-0.35668113250489303,0.07374214897775366,0.5322271388474397,-0.8466016020976267,True
EVR_01,2025,2025-05-31,18.3246,22.8413,13.8286,13.45,279.10112,13.33495,873.3425,50.1,-11.020199999999988,9.0127,6.423500000000001,0.5672552646243246,0.28643740745751095,-0.2967688854219761,0.07081400486497047,0.5175855102531889,-0.8556314858488706,True
EVR_01,2025,2025-06-01,19.4581,25.0497,12.409,1.0087,285.20262,13.72935,887.07185,52.1,-81.54429999999999,12.6407,8.342700000000002,0.5649546445626352,0.3061750122671201,-0.332955658031291,0.060619864129968226,0.5027907197793043,-0.8644081744776648,True
EVR_01,2025,2025-06-02,21.0213,26.678,13.4827,0.3764,306.67994,15.08035,902.1522,53.699999999999996,-195.3999,13.195300000000001,8.4926,0.5716521510286037,0.31194571202901034,-0.3287649837398593,0.06526272672139222,0.4878471454423119,-0.8729290708206411,True
EVR_01,2025,2025-06-03,22.8087,27.9365,17.2089,0.0882,323.16368,17.572699999999998,919.7248999999999,55.199999999999996,-213.8988,10.727599999999999,8.065500000000002,0.5854987619201366,0.31928048598144115,-0.30262869098653594,0.054717599719642185,0.47275920928627757,-0.881191653407483,True
EVR_01,2025,2025-06-04,24.8707,30.489,18.3342,0.1692,305.22045,19.4116,939.1365,54.6,-226.1076,12.154800000000002,8.424299999999999,0.5903485380778569,0.31649773718366225,-0.2730078074850085,0.04437004444710946,0.4575313760742512,-0.8891934772070711,True
EVR_01,2025,2025-06-05,24.7544,31.0603,17.9035,0.024,321.19494,19.481900000000003,958.6184,59.8,-240.38469999999998,13.1568,10.9829,0.5655597058095534,0.2954743071861441,-0.30802249937697124,0.01793547266381168,0.44216815196707204,-0.8969321743510065,True
EVR_01,2025,2025-06-06,23.3125,30.1514,17.2777,0.001,332.8172,18.71455,977.33295,54.199999999999996,-364.5825,12.8737,9.0068,0.5891653396380454,0.3286103428128442,-0.29055097144914643,0.052631341089927286,0.42667408318992467,-0.9044054548343001,True
EVR_01,2025,2025-06-07,21.7334,28.4453,15.9715,0.0065,336.05002,17.2084,994.54135,46.6,-374.526,12.473799999999999,7.802899999999999,0.6215435586546444,0.3278335351104297,-0.3154605651663497,0.05428829403031976,0.4110537546870351,-0.9116111071930239,True
EVR_01,2025,2025-06-08,21.8646,29.0713,15.2951,0.0064,340.91274,17.1832,1011.72455,45.699999999999996,-369.12829999999997,13.776200000000001,8.0641,0.5940050846597678,0.3218628984177971,-0.3032629231167643,0.029050440097132535,0.3953117887649151,-0.9185469991587165,True
EVR_01,2025,2025-06-09,22.4779,30.8042,13.8061,0.0137,337.78403,17.30515,1029.0297,42.9,-358.6909999999999,16.9981,7.971100000000002,0.6321508825128829,0.3602395908286293,-0.32244028121584206,0.0604987314842792,0.37945284372454435,-0.925211078289358,True
EVR_01,2025,2025-06-10,22.5768,28.0669,17.4945,0.6171,320.08458,17.7807,1046.8104,35.5,-338.46209999999996,10.572400000000002,8.572799999999999,0.6483541941750768,0.35332917136381986,-0.2894756882770541,0.06285543225494017,0.36348161248290634,-0.9316013725767187,True
EVR_01,2025,2025-06-11,23.299,29.765,17.2586,0.0487,322.42822,18.5118,1065.3222,38.9,-322.88259999999997,12.5064,10.3315,0.6685049996977911,0.36928246708526524,-0.26510872339066677,0.07815646161993417,0.3474028211842774,-0.9377159910299093,True
EVR_01,2025,2025-06-12,23.6128,30.5002,16.2326,0.002,332.21293,18.3664,1083.6886,40.5,-303.60459999999995,14.267599999999998,8.9398,0.6492669963376647,0.35272499081813663,-0.27144229480918747,0.08370729052811132,0.3312212278016865,-0.9435531242349544,True
EVR_01,2025,2025-06-13,22.6441,28.1267,17.4971,0.0164,324.92134,17.8119,1101.5005,34.3,-283.68919999999997,10.6296,9.233200000000002,0.6727169684216062,0.3782401143353261,-0.2303213743451557,0.08355162878356082,0.31494162072895193,-0.9491110448902284,True
EVR_01,2025,2025-06-14,21.5621,26.1847,17.2491,1.6055,287.2012,16.7169,1118.2174,28.0,-263.49019999999996,8.9356,8.914200000000001,0.6749995149444906,0.3696561435719855,-0.22449758955150995,0.05345595628984623,0.2985688173637202,-0.9543881083175908,True
EVR_01,2025,2025-06-15,21.3745,26.6017,15.4793,1.088,289.6145,16.0405,1134.2579,28.5,-245.20859999999996,11.1224,9.795100000000001,0.7249311090714334,0.41039140922940287,-0.19910182207726662,0.13092602441166568,0.2821076626819194,-0.9593827529490743,True
EVR_01,2025,2025-06-16,22.4613,28.5597,14.2679,0.0832,322.41437,16.4138,1150.6717,32.9,-235.13909999999996,14.2918,10.6132,0.7112787963013438,0.3871458749332851,-0.20421890787144406,0.07912791378846096,0.26556302780405594,-0.9640935007889755,True
EVR_01,2025,2025-06-17,24.8915,30.7764,18.037,0.0168,326.63843,19.4067,1170.0784,34.7,-234.93939999999995,12.7394,11.5752,0.6686330388303677,0.3709323388157569,-0.2553113553593825,0.02027884465529095,0.24893980855376657,-0.9685189578512204,True
EVR_01,2025,2025-06-18,24.7183,31.0513,17.0594,0.1201,327.22886,19.05535,1189.13375,32.800000000000004,-228.76799999999994,13.991900000000001,10.558,0.73406833373965,0.4083905764268001,-0.21779176031438782,0.06556333404185888,0.23224292400907015,-0.9726578145718654,True
EVR_01,2025,2025-06-19,25.2043,30.6866,18.662,0.0704,320.75104,19.6743,1208.80805,31.4,-219.59959999999995,12.0246,9.7287,0.7087123487065644,0.399914015660342,-0.20722101400057935,0.059445352368899695,0.21547731504673012,-0.976508846196619,True
EVR_01,2025,2025-06-20,24.6663,31.2311,19.4927,17.4103,284.74982,20.3619,1229.16995,28.8,-196.70569999999998,11.738400000000002,8.4158,0.7363265176149473,0.41289201027689154,-0.16387034539637005,0.06360954919334105,0.19864794288017112,-0.9800709131432666,True
EVR_01,2025,2025-06-21,22.1235,26.6252,17.958,1.5821,286.8773,17.2916,1246.46155,24.9,-193.62909999999997,8.667200000000001,9.8221,0.749136275311515,0.4159443011078943,-0.18052365867386794,0.07413676036702443,0.18175978759137534,-0.9833429613388902,True
EVR_01,2025,2025-06-22,21.6487,26.522,16.2533,0.0183,295.40707,16.38765,1262.8491999999999,23.2,-189.39879999999994,10.268699999999999,10.893900000000002,0.7503332880988741,0.40324924915858956,-0.14140785148556786,0.025402179027440686,0.16481784665719793,-0.9863240225317866,True
EVR_01,2025,2025-06-23,24.4625,31.191,16.4956,0.0067,339.03728,18.8433,1281.6924999999999,31.4,-187.97529999999995,14.6954,12.140699999999999,0.7556158494319368,0.4100941096085366,-0.19009139836319924,0.044337053130592996,0.14782713347053048,-0.9890132145779883,True
EVR_01,2025,2025-06-24,26.434,32.3891,18.7178,0.018,342.7116,20.553449999999998,1302.24595,34.2,-187.47409999999996,13.671299999999999,13.582600000000001,0.77965191804629,0.43132515204928107,-0.1450473415083282,0.11101887921592224,0.13079267585675922,-0.9914097417023038,True
EVR_01,2025,2025-06-25,28.174,34.9853,22.0284,0.0124,336.72698,23.50685,1325.7528,33.2,-187.98179999999996,12.956900000000001,13.8988,0.7873730520915716,0.4467644951529573,-0.09305639245760326,0.05330471835192163,0.11371951458594969,-0.9935128947338007,True
EVR_01,2025,2025-06-26,28.5848,35.8756,18.9508,0.0009,337.55533,22.4132,1348.166,33.2,-189.85129999999995,16.924799999999998,14.728100000000001,0.7273001428607855,0.40859590121365014,-0.17904199828434225,0.01858779415422107,0.0966127018812031,-0.9953220513156602,True
EVR_01,2025,2025-06-27,28.7667,34.8871,22.2137,0.0,331.14115,23.550399999999996,1371.7164,30.599999999999998,-209.06159999999997,12.673399999999997,14.9709,0.820810819245426,0.4517029488742616,-0.12240799618661723,0.08448430163047871,0.07947729992362097,-0.9968366760893436,True
EVR_01,2025,2025-06-28,25.4832,30.3151,21.8145,17.309,283.762,21.064799999999998,1392.7812,22.700000000000003,-191.13469999999995,8.500600000000002,9.5869,0.8034949995568532,0.4532902827361757,-0.12641634254268705,0.054358724245338164,0.062318379354325076,-0.998056320853012,True
EVR_01,2025,2025-06-29,23.5329,26.9345,20.09,1.6305,305.71696,18.51225,1411.29345,21.1,-187.42249999999996,6.8445,11.9296,0.8135828904143376,0.4451986465999038,-0.11579296072257893,0.0632496023154635,0.04514101777397193,-0.9989806246941579,True
EVR_01,2025,2025-06-30,25.5818,30.7511,17.923,0.2108,274.5983,19.337049999999998,1430.6305,21.5,-177.31839999999997,12.828100000000003,10.763700000000002,0.8063036113408744,0.4538142096823338,-0.14284845330367874,0.050687761908937534,0.02795029824021032,-0.999609314096404,True
EVR_01,2025,2025-07-01,24.8357,30.4429,19.8228,42.7716,274.4213,20.13285,1450.76335,23.8,-124.16479999999996,10.6201,7.726299999999998,0.8483009083055143,0.4726826981939383,-0.06815638187218041,0.06864899025922433,0.01075130776352193,-0.9999422030204416,True
EVR_01,2025,2025-07-02,23.3542,28.4169,17.9229,3.5386,298.74634,18.1699,1468.93325,26.1,-113.53859999999996,10.494,10.0017,0.8616175044739572,0.4804197209779412,-0.0644041767773515,0.07424445238238564,-0.00645086419810515,-0.9999791929590823,True
EVR_01,2025,2025-07-03,23.8513,30.7578,15.695,0.0382,334.2566,18.226399999999998,1487.15965,28.1,-108.40129999999996,15.0628,11.682599999999999,0.8229018827610701,0.4636947283648075,-0.12077746912686607,0.09560173990028464,-0.023651127245231586,-0.9997202729664083,True
EVR_01,2025,2025-07-04,24.5339,30.7881,17.1995,0.0051,332.39203,18.9938,1506.15345,25.2,-102.99619999999997,13.5886,10.541699999999999,0.8285248000956345,0.44102427978833086,-0.12651418032180323,0.007713980850208468,-0.04084439154329611,-0.9991655196610109,True
EVR_01,2025,2025-07-05,25.3529,32.1612,17.27,0.0078,336.77533,19.715600000000002,1525.86905,25.4,-122.99739999999997,14.891200000000001,11.932100000000002,0.8096761712016297,0.44873443973484634,-0.13516130955207786,0.006181171644776495,-0.05802556932878035,-0.9983150972033183,True
EVR_01,2025,2025-07-06,26.3066,33.6176,19.3001,0.0026,333.53606,21.45885,1547.3279,23.2,-126.72529999999996,14.317500000000003,11.5717,0.8299281113902107,0.45593624957121603,-0.11793062808405318,0.016345220975873098,-0.07518957641475855,-0.9971692572470178,True
EVR_01,2025,2025-07-07,27.2772,34.8079,19.3214,0.0004,332.8333,22.06465,1569.39255,24.2,-129.63569999999996,15.486499999999996,11.1936,0.8228495355831075,0.44476958079614526,-0.16064469831357503,0.016545924242233112,-0.09233133369539122,-0.9957283388645872,True
EVR_01,2025,2025-07-08,27.3331,34.4632,19.5806,0.0,332.004,22.021900000000002,1591.41445,23.599999999999998,-172.20729999999995,14.8826,10.886300000000002,0.833339188734209,0.44082860549436065,-0.07551037493203251,-0.01496171957130532,-0.10944576864891556,-0.993992768446958,True
EVR_01,2025,2025-07-09,28.4336,36.4032,19.764,0.0262,331.33174,23.083599999999997,1614.49805,23.2,-172.81969999999995,16.6392,12.618999999999998,0.8001333573857934,0.4304032514779514,-0.13444343502003755,-0.061484147088163854,-0.12652781683868314,-0.9919630595773397,True
EVR_01,2025,2025-07-10,24.4268,29.6821,19.9057,0.0098,297.90784,19.7939,1634.29195,17.0,-161.74809999999997,9.776399999999999,12.8951,0.8513196507374242,0.4687852337947872,-0.08452858994114734,0.02841776797635409,-0.1435724234118113,-0.9896398128792412,True
EVR_01,2025,2025-07-11,24.6824,30.1759,19.9496,0.0017,287.51818,20.06275,1654.3547,15.0,-151.55149999999998,10.226299999999998,10.868400000000001,0.8956688349527794,0.48990212551123413,-0.07601902696527325,0.06714403485714493,-0.16057454459499376,-0.9870237158387383,True
EVR_01,2025,2025-07-12,24.9115,30.9244,19.1894,0.0132,319.7253,20.0569,1674.4116,15.8,-141.94609999999997,11.735,10.0775,0.8458843756940688,0.44339908682653595,-0.0466821041938111,0.03620820449243911,-0.17752914918703497,-0.984115542601034,True
EVR_01,2025,2025-07-13,25.9457,32.5748,18.5128,0.0086,330.26928,20.5438,1694.9554,16.8,-135.54009999999997,14.062000000000005,12.9005,0.8301919899371217,0.45798711595019326,-0.08433651016294297,0.00026387854691101165,-0.19443122004766195,-0.9809161537413774,True
EVR_01,2025,2025-07-14,26.4538,33.2906,18.4572,0.0009,331.62883,20.8739,1715.8292999999999,17.2,-128.53959999999995,14.833399999999997,14.556700000000001,0.8368590910600272,0.4840183915182776,-0.09909335619201036,0.014009555476919733,-0.2112757555821793,-0.9774264960104055,True
EVR_01,2025,2025-07-15,27.2894,33.1195,21.4676,0.0034,325.58858,22.293550000000003,1738.12285,15.8,-120.73619999999997,11.651900000000001,13.339400000000001,0.8635125670122983,0.4677109659074207,-0.07422400926751573,0.030173378278089302,-0.2280577712215198,-0.9736476020539838,True
EVR_01,2025,2025-07-16,28.2607,34.2928,21.5253,0.0052,322.91565,22.90905,1761.0319,17.5,-115.05719999999997,12.767499999999998,15.7924,0.8321197675224559,0.46076112647245054,-0.09429076268743448,0.03198641013666248,-0.24477230089725957,-0.9695805901076308,True
EVR_01,2025,2025-07-17,28.2452,34.4956,21.0209,0.0185,316.31258,22.758250000000004,1783.79015,17.9,-115.94849999999997,13.474700000000002,12.9589,0.8570134478093231,0.46918865928059617,-0.10240596346161329,0.005693797071898876,-0.2614143985111562,-0.965226663665613,True
EVR_01,2025,2025-07-18,26.0275,30.8287,22.0835,0.4126,294.0542,21.4561,1805.24625,13.899999999999999,-114.43759999999996,8.7452,9.7821,0.8316900860562598,0.46496064088323813,-0.10984703869318649,-0.06397874889651955,-0.2779791393987801,-0.9605871111248129,True
EVR_01,2025,2025-07-19,26.0808,31.0231,21.4319,5.5167,262.26634,21.2275,1826.4737499999999,13.6,-106.73409999999996,9.5912,10.2596,0.8004105584229247,0.4249522109532473,-0.12129324741248047,-0.04547381727114408,-0.2944616217868012,-0.9556633054034704,True
EVR_01,2025,2025-07-20,27.3829,33.5088,19.3886,0.4006,315.54768,21.448700000000002,1847.92245,17.8,-107.34209999999995,14.1202,13.293099999999999,0.8261784254041727,0.46283171503699494,-0.13852606940649947,-0.004013564532948988,-0.3108569682435036,-0.9504567035349151,True
EVR_01,2025,2025-07-21,28.7194,34.0351,21.9263,0.0004,315.65152,22.9807,1870.90315,17.5,-107.64259999999996,12.108799999999999,13.526,0.8334211653261745,0.4618141392672617,-0.10696794003873514,-0.003437925733852709,-0.3271603271220951,-0.9449688462364056,True
EVR_01,2025,2025-07-22,30.5343,37.1279,22.8126,0.0,315.04074,24.97025,1895.8734,17.7,-109.54599999999995,14.315299999999997,13.8381,0.7568115065440325,0.4142872817408037,-0.1631600801888599,-0.10670106046826577,-0.34336687399638804,-0.939201357453208,True
EVR_01,2025,2025-07-23,31.3134,38.7404,25.1099,0.0098,316.62502,26.925150000000002,1922.79855,18.8,-110.84139999999995,13.630500000000001,14.349,0.7703712193745097,0.4180690145680795,-0.12780494570707812,-0.06174854814794617,-0.3594718130884232,-0.9331559438780432,True
EVR_01,2025,2025-07-24,28.7413,35.1906,23.6281,0.0129,315.527,24.409350000000003,1947.2079,12.9,-105.84699999999995,11.562500000000004,11.0338,0.7497167145469115,0.42840743895896216,-0.16054828544670158,-0.10729673326241163,-0.3754703786876202,-0.9268343944460494,True
EVR_01,2025,2025-07-25,28.5206,35.3185,22.3186,0.0013,313.73162,23.818550000000002,1971.02645,12.9,-105.25829999999996,12.9999,11.006700000000002,0.7596516574670057,0.4183253499074689,-0.17696906759520212,-0.07203842858925413,-0.3913578365610259,-0.9202385798054075,True
EVR_01,2025,2025-07-26,28.5467,34.936,22.4518,0.0,316.641,23.6939,1994.72035,12.4,-109.57499999999996,12.484200000000001,13.121200000000002,0.8172702367490807,0.4572001028186295,-0.12493946864507441,0.01685967832615598,-0.4071294853542516,-0.9133704517637858,True
EVR_01,2025,2025-07-27,28.7665,35.6946,22.9581,0.0,317.4831,24.32635,2019.0467,12.6,-104.77559999999997,12.7365,11.077000000000002,0.7271584906897692,0.4085771426334033,-0.2227388223449377,-0.09901993471440351,-0.4227806579826773,-0.9062320427107697,True
EVR_01,2025,2025-07-28,28.8137,35.1498,20.9096,0.0,308.7963,23.0297,2042.0764,12.9,-100.17599999999996,14.240199999999998,9.384,0.733768387324557,0.4023133519868288,-0.14316709110523487,-0.09965277800161754,-0.4383067230125192,-0.898825465016444,True
EVR_01,2025,2025-07-29,29.1809,35.5092,23.011,0.0,308.54173,24.2601,2066.3365,12.8,-95.27599999999995,12.4982,10.578,0.7529372112646988,0.4219581210236499,-0.17002668592841957,-0.003874295279333695,-0.45370308603134424,-0.8911529104063088,True
EVR_01,2025,2025-07-30,26.8308,30.7529,23.5522,5.7745,225.96024,22.152549999999998,2088.48905,10.0,-80.71129999999997,7.200700000000001,7.416,0.7819318980587615,0.42621461537736477,-0.13977896101791773,0.011560678684251813,-0.46896519100763184,-0.8832166493127127,True
EVR_01,2025,2025-07-31,25.9316,30.659,21.979,4.0875,258.29302,21.319,2109.80805,8.8,-72.53669999999995,8.68,7.846299999999999,0.7567826773959275,0.43534191201995226,-0.15143813569701076,0.007065962849016061,-0.48408852163897587,-0.8750190302029955,True
EVR_01,2025,2025-08-01,25.2756,29.9629,21.0234,5.5981,250.6764,20.49315,2130.3012,9.5,-63.53989999999996,8.939500000000002,9.1109,0.7725560160841207,0.42372742525973334,-0.15359740585848738,0.01290435861711503,-0.4990686026885319,-0.8665624788845385,True
EVR_01,2025,2025-08-02,25.5442,29.6299,22.0077,3.2209,209.64653,20.8188,2151.12,7.5,-55.418999999999954,7.622199999999999,8.661999999999999,0.7520417252499654,0.4067520020270436,-0.19819303108026087,-0.06522851149911535,-0.5139010013093103,-0.8578494977869301,True
EVR_01,2025,2025-08-03,26.0796,31.589,20.739,0.9651,272.2287,21.164,2172.284,9.4,-51.25389999999996,10.849999999999998,8.933799999999998,0.7402882648421719,0.4149221203646386,-0.1924818939103544,0.013129774152402685,-0.5285813283559292,-0.8488826652214553,True
EVR_01,2025,2025-08-04,26.3052,32.2194,20.4315,0.1607,283.9079,21.32545,2193.60945,9.700000000000001,-47.89319999999996,11.7879,9.113199999999999,0.7108072931421663,0.3945087105903363,-0.18293652011656433,-0.022961094182390673,-0.5431052396834317,-0.8396646346181327,True
EVR_01,2025,2025-08-05,26.4857,32.0905,21.2881,0.0298,297.5253,21.6893,2215.29875,8.8,-43.86339999999996,10.802399999999999,9.242700000000003,0.6924655999997547,0.39589335501498885,-0.2024004159992676,-0.06047161126494416,-0.5574684374327892,-0.8301981337405212,True
EVR_01,2025,2025-08-06,26.5033,31.1383,22.5374,5.598,219.58712,21.837850000000003,2237.1366,7.6,-41.639899999999955,8.6009,8.174299999999999,0.7056559289193918,0.3869004671850996,-0.2281551037286099,-0.07627596913936974,-0.5716666713027052,-0.8204859638785327,True
EVR_01,2025,2025-08-07,26.3523,31.6251,22.0003,2.9842,268.862,21.8127,2258.9493,12.200000000000001,-46.143199999999965,9.6248,8.698799999999999,0.6815648971762209,0.37241806701055225,-0.25934283839644245,-0.0752177802197066,-0.5856957398073508,-0.8105309990194823,True
EVR_01,2025,2025-08-08,25.9007,29.9538,21.8681,1.1084,247.08939,20.91095,2279.86025,7.6,-48.732899999999965,8.085700000000003,8.168800000000001,0.6653030573865892,0.3669970191970664,-0.19851896891653226,-0.10725295869753149,-0.5995514915196489,-0.8003361849976323,True
EVR_01,2025,2025-08-09,25.4066,31.5157,20.1055,0.0844,295.33216,20.8106,2300.67085,8.8,-53.16939999999997,11.4102,9.6813,0.6552340217835384,0.37055670475259467,-0.2272713030793888,-0.09680770346642698,-0.6132298262997502,-0.7899045386224707,True
EVR_01,2025,2025-08-10,26.6657,32.7224,21.2572,0.0116,304.7646,21.989800000000002,2322.66065,9.299999999999999,-54.022899999999964,11.4652,11.984200000000001,0.6562185655757307,0.3656756130367962,-0.23079795268370398,-0.08406969926644126,-0.6267266965083301,-0.7792391467859886,True
EVR_01,2025,2025-08-11,26.9107,33.7353,21.3336,0.0009,303.27456,22.53445,2345.1951,9.299999999999999,-53.78269999999996,12.401700000000002,11.576399999999998,0.6507915255243318,0.35320196167293805,-0.23147721621243467,-0.06001576761783445,-0.6400381082043503,-0.7683431655492202,True
EVR_01,2025,2025-08-12,25.8397,31.5917,21.4585,0.0077,297.04182,21.525100000000002,2366.7202,7.7,-52.704799999999956,10.133199999999999,10.2132,0.6726937422681403,0.3727906609702237,-0.23842712389024664,-0.019771857731614384,-0.65316012232693,-0.7572198192083127,True
EVR_01,2025,2025-08-13,24.7215,29.5024,20.7512,0.0013,276.90256,20.126800000000003,2386.847,6.3,-57.001499999999965,8.7512,9.0941,0.6227078224225148,0.3432228599637116,-0.27585901002466867,-0.082948106496877,-0.666088855860977,-0.7458723993404063,True
EVR_01,2025,2025-08-14,24.9713,29.8656,21.0515,0.0047,281.82765,20.458550000000002,2407.30555,6.0,-53.78099999999996,8.8141,9.5025,0.5940932582076041,0.3412617203989163,-0.3019891941332719,-0.08747163896861687,-0.6788204829862355,-0.734304263829602,True
EVR_01,2025,2025-08-15,25.507,30.2351,22.0327,0.0283,273.57574,21.133899999999997,2428.43945,6.1000000000000005,-53.36109999999996,8.2024,10.962900000000001,0.6001073313232704,0.32832956528704,-0.3078278279611382,-0.0651957260633188,-0.6913512362094071,-0.722518835873311,True
EVR_01,2025,2025-08-16,24.7396,29.4896,20.8217,0.0159,279.78144,20.15565,2448.5951,5.8,-50.42959999999995,8.6679,10.521799999999999,0.5977002308094983,0.3530078494505834,-0.2951666376936101,-0.0575337909740401,-0.7036774074790128,-0.7105196029692745,True
EVR_01,2025,2025-08-17,24.5669,30.0132,19.6352,0.0156,271.85306,19.8242,2468.4193,6.2,-47.32559999999996,10.378,10.0725,0.5602703369470599,0.3189848494169423,-0.3039004756435084,-0.0959482286286708,-0.7157953492826642,-0.6983101158835584,True
EVR_01,2025,2025-08-18,25.3754,32.0289,18.5296,0.0012,289.11107,20.279249999999998,2488.69855,8.1,-46.12529999999995,13.499300000000002,9.841299999999999,0.5794387816266019,0.32180841897118795,-0.3368095920548434,-0.07135274389772994,-0.7277014757264236,-0.6858939875998223,True
EVR_01,2025,2025-08-19,23.9531,29.11,20.4333,56.4627,244.39683,19.77165,2508.4702,11.2,6.829700000000038,8.6767,6.3706,0.5458935302476298,0.2893175226156524,-0.33986936483664865,-0.1268002120205105,-0.7393922635959241,-0.673274892250183,True
EVR_01,2025,2025-08-20,23.7382,28.0287,19.3238,7.3351,241.15302,18.67625,2527.14645,16.0,4.463500000000039,8.704900000000002,8.050099999999999,0.535259945767461,0.29014586987376423,-0.2998347849882047,-0.08744787665505371,-0.7508642533989489,-0.6604565640279754,True
EVR_01,2025,2025-08-21,25.1386,31.1868,18.7604,0.2316,287.6636,19.9736,2547.12005,17.9,-7.209599999999959,12.426400000000001,10.5629,0.543282866452698,0.2990520704838425,-0.31842935004712974,-0.05081039175490609,-0.7621140503891487,-0.6474427960827475,True
EVR_01,2025,2025-08-22,27.1431,34.6826,19.2768,0.0026,286.25053,21.9797,2569.09975,15.9,-17.035299999999957,15.4058,11.8117,0.5646713322625566,0.3107527967932732,-0.3518534573616323,-0.03543599906071382,-0.7731383255706026,-0.6342374393978054,True
EVR_01,2025,2025-08-23,25.8563,30.9372,21.8442,0.0555,269.3443,21.390700000000002,2590.4904500000002,12.5,-23.69569999999996,9.093,10.674900000000001,0.5381649946591031,0.32354609823430414,-0.3411001109110415,-0.05953523615039524,-0.7839338166829201,-0.620844401650647,True
EVR_01,2025,2025-08-24,24.7818,29.7079,20.5817,0.432,277.36672,20.1448,2610.63525,10.6,-27.67929999999996,9.126199999999997,13.163300000000001,0.5130670534904738,0.28846855493455875,-0.3666797229107758,-0.04720328345658609,-0.7944973291665992,-0.6072676460566135,True
EVR_01,2025,2025-08-25,23.2517,28.2459,19.2577,2.0175,249.70349,18.7518,2629.38705,8.200000000000001,-25.76299999999996,8.988199999999999,9.8797,0.4976364714351664,0.26675082012660456,-0.3425757651491681,-0.08180231019143547,-0.8048257371083452,-0.593511190196115,True
EVR_01,2025,2025-08-26,22.7432,27.9753,17.9826,0.173,245.55,17.97895,2647.366,7.0,-77.85269999999996,9.9927,10.223100000000002,0.5032785759470532,0.28586387629218196,-0.35531409119194185,-0.0426149543005766,-0.8149159841660791,-0.5795791048257612,True
EVR_01,2025,2025-08-27,22.734,28.3564,18.2287,0.0009,265.78266,18.29255,2665.65855,6.2,-75.38689999999995,10.1277,9.615800000000002,0.47269108268317706,0.27268285615691534,-0.4087261821000597,-0.062568863084284,-0.8247650844733614,-0.5654755126737576,True
EVR_01,2025,2025-08-28,23.036,28.4865,18.4584,0.0026,272.34557,18.472450000000002,2684.131,6.0,-63.71589999999996,10.028099999999998,9.584600000000002,0.48395960179882436,0.2690200224922826,-0.3985234008058962,-0.05932326465387361,-0.8343701235229538,-0.5512045872199277,True
EVR_01,2025,2025-08-29,24.1718,30.3896,18.1794,0.0716,254.03773,19.2845,2703.4155,6.1000000000000005,-53.84689999999996,12.2102,8.3321,0.4825913961162247,0.2774005510786534,-0.369015701958889,-0.08207993614633191,-0.8437282590292712,-0.5367705514607103,True
EVR_01,2025,2025-08-30,25.0601,31.0695,18.7046,0.0598,262.94678,19.887050000000002,2723.30255,7.2,-48.542599999999965,12.364900000000002,7.942,0.457055941493887,0.2264144746285827,-0.41225608778543377,-0.08110905316521605,-0.8528367217694595,-0.522177676659508,True
EVR_01,2025,2025-08-31,26.2848,31.8877,21.3151,0.0328,243.25067,21.601399999999998,2744.90395,6.4,-44.74179999999996,10.572599999999998,9.877600000000001,0.47649204208880275,0.2500369367972685,-0.38405035709172414,-0.03657501140167102,-0.8616928164028522,-0.5074302810827518,True
EVR_01,2025,2025-09-01,25.0447,30.2512,18.6639,0.0087,245.23658,19.45755,2764.3615,6.6,-45.150599999999955,11.587299999999999,10.301599999999999,0.4319331595953046,0.2288245760721077,-0.4350353213337402,-0.06570331183986183,-0.8702939222685674,-0.49253272872205434,True
EVR_01,2025,2025-09-02,26.0197,31.8987,19.2277,0.0141,228.71707,20.563200000000002,2784.9247,5.8,-44.10949999999996,12.671000000000003,10.4108,0.4392088198194875,0.23885963738589347,-0.4157830173529466,-0.06406975612756566,-0.8786374941610001,-0.4774894280028391,True
EVR_01,2025,2025-09-03,25.7827,32.2416,19.6256,0.003,257.56248,20.9336,2805.8583,5.8999999999999995,-43.80739999999996,12.616,9.483799999999999,0.4423205009746962,0.2160832941216356,-0.4366628117778867,-0.030370581708480837,-0.886721063082993,-0.46230483047981086,True
EVR_01,2025,2025-09-04,24.9758,30.1242,20.9368,0.4868,231.15451,20.5305,2826.3888,4.5,-41.82319999999996,9.187399999999997,7.528299999999998,0.40078703591081943,0.20250253982665883,-0.458336526239933,-0.08317256588800492,-0.8945422369764496,-0.4469834295196741,True
EVR_01,2025,2025-09-05,24.5821,29.3517,21.1925,0.0279,235.19861,20.272100000000002,2846.6609,4.1000000000000005,-39.86689999999996,8.159200000000002,8.456400000000002,0.3986448957567088,0.19781048343602115,-0.4476097323002192,-0.0839465003595159,-0.9020987014301837,-0.43152975897147144,True
EVR_01,2025,2025-09-06,21.4908,24.7024,19.2026,52.0114,101.04717,16.9525,2863.6134,9.700000000000001,9.584700000000034,5.4998000000000005,4.2402000000000015,0.36003781782830024,0.20241957994341303,-0.4898982558168415,-0.09701812366558676,-0.9093882203647925,-0.4159483918249421,True
EVR_01,2025,2025-09-07,21.5179,25.1739,18.0779,10.422,128.95319,16.6259,2880.2393,10.0,16.373900000000038,7.096,6.1137000000000015,0.3466540319533814,0.19351228495409517,-0.5261978091131104,-0.12983801013542134,-0.9164086366943458,-0.4002439388573056,True
EVR_01,2025,2025-09-08,21.9734,27.0602,18.0696,4.7949,193.0582,17.5649,2897.8042,11.6,16.16010000000004,8.990599999999997,7.0710000000000015,0.32503258556638326,0.17307178936352494,-0.5285823959342962,-0.10690057402892134,-0.9231578729647039,-0.38442104726885545,True
EVR_01,2025,2025-09-09,22.6365,28.5161,16.878,0.9664,233.7798,17.69705,2915.50125,11.5,11.412400000000037,11.638100000000001,6.832700000000001,0.3310004721081877,0.18669980876739248,-0.5390747352087352,-0.10820834771129978,-0.9296339319682695,-0.3684843993077793,True
EVR_01,2025,2025-09-10,23.8187,29.7926,18.0169,0.4745,237.20155,18.90475,2934.406,11.299999999999999,6.4839000000000375,11.7757,8.6351,0.32129760336556734,0.17751525435905688,-0.5225098715020006,-0.12102289760912888,-0.9358348973349941,-0.35243871088460327,True
EVR_01,2025,2025-09-11,24.0061,29.0543,19.4271,0.0228,236.63886,19.2407,2953.6467000000002,8.8,1.7199000000000382,9.627200000000002,6.8903,0.33355765595049547,0.17541157506620828,-0.49740248234582335,-0.06722937996032397,-0.9417589340994617,-0.33628873017668287,True
EVR_01,2025,2025-09-12,23.9313,29.4896,19.8212,5.8561,222.30517,19.6554,2973.3021,8.9,2.748100000000038,9.668399999999998,5.858799999999999,0.36571436767481474,0.18164117089314394,-0.4669529244100207,-0.03293052808189406,-0.9474042892438845,-0.32003923622313857,True
EVR_01,2025,2025-09-13,23.0298,27.6012,19.8629,0.7312,205.21134,18.73205,2992.03415,6.7,-45.532099999999964,7.738299999999999,7.447900000000002,0.3368561057274671,0.17702039402909206,-0.48719858861170284,-0.02318171210083314,-0.9527692922168511,-0.30369503751065885,True
EVR_01,2025,2025-09-14,21.0506,25.6187,17.5529,0.0165,227.42134,16.5858,3008.6199500000002,6.0,-51.93759999999997,8.0658,8.4931,0.30756250650221456,0.1710799428923531,-0.5372487256159703,-0.03909152545116684,-0.9578523554276669,-0.28726097055059635,True
EVR_01,2025,2025-09-15,20.8952,26.6839,15.6868,0.0501,223.30341,16.18535,3024.8053,5.7,-50.78239999999997,10.997100000000001,8.7595,0.3264540617381961,0.1556338519955817,-0.49779466161956126,0.0014214761718128188,-0.9626519747161487,-0.2707418984477642,True
EVR_01,2025,2025-09-16,21.8905,28.2753,15.1375,0.0037,230.25598,16.706400000000002,3041.5117,6.1000000000000005,-46.34509999999997,13.137800000000002,7.5723,0.3523123489792967,0.20420168134170724,-0.4811680699156524,0.02131187687110897,-0.9671667297977312,-0.2541427094613622,True
EVR_01,2025,2025-09-17,21.5921,28.5314,16.0178,11.2742,200.58728,17.2746,3058.7863,6.1000000000000005,-30.345399999999966,12.5136,7.495099999999999,0.2908566263555426,0.15144733740135113,-0.5373442715190029,-0.03044097701002474,-0.97139528468375,-0.23746831555846842,True
EVR_01,2025,2025-09-18,19.3816,24.1234,15.2488,2.7843,208.62133,14.6861,3073.4724,9.9,-28.683899999999966,8.874600000000001,11.4287,0.30780373899543906,0.18300585606259434,-0.5287596997686356,-0.02575391695505641,-0.9753363880767837,-0.2207236509605022,True
EVR_01,2025,2025-09-19,18.8365,24.5153,13.0515,0.0072,234.99402,13.7834,3087.2558,8.4,-34.032799999999966,11.463799999999999,11.0104,0.2836665049557444,0.14561486105483953,-0.5541550319684695,-0.08204786271907033,-0.9789888737409319,-0.20391367068311472,True
EVR_01,2025,2025-09-20,19.7816,25.6631,13.4468,0.183,197.02509,14.554949999999998,3101.81075,6.5,-34.380999999999965,12.2163,7.907100000000002,0.2753278580565148,0.14037297057387924,-0.5585239651799269,-0.06152824767095233,-0.9823516608469237,-0.18704334906991657,True
EVR_01,2025,2025-09-21,20.6419,25.9396,16.4511,0.0207,215.56466,16.195349999999998,3118.0061,6.3,-34.676799999999965,9.488499999999998,7.3529,0.2984290444972959,0.1815006479809519,-0.5183054033765662,-0.009133462004918658,-0.9854237542919524,-0.17011767832049052,True
EVR_01,2025,2025-09-22,20.7902,26.8633,16.292,0.0253,224.22875,16.57765,3134.5837500000002,5.8999999999999995,-34.901599999999966,10.571299999999997,7.107599999999998,0.2680542879826202,0.1331166321264328,-0.5305296423560975,-0.05839977375557587,-0.9882042449941422,-0.15314166701312007,True
EVR_01,2025,2025-09-23,20.392,27.0598,13.6628,0.0017,224.21586,15.3613,3149.94505,6.2,-35.00359999999997,13.396999999999998,6.620899999999999,0.2589973828273302,0.14415153751063012,-0.586052433678146,-0.0933149661519665,-0.9906923101615609,-0.13612033862266704,True
EVR_01,2025,2025-09-24,20.3754,26.7539,14.0388,0.0,222.4388,15.396350000000002,3165.3414000000002,5.6,-45.777799999999964,12.715100000000001,6.256399999999999,0.26231301548498004,0.15807037227556794,-0.6125535994009677,-0.028543610870562564,-0.9928872135356962,-0.11905873003404988,True
EVR_01,2025,2025-09-25,19.8853,25.5656,15.3723,0.0703,173.117,15.46895,3180.81035,3.7,-42.29179999999996,10.1933,6.118500000000001,0.25313129977625476,0.12946831190013935,-0.5552083476901388,-0.0546724392191843,-0.994788305609327,-0.10196189005174576,True
EVR_01,2025,2025-09-26,18.397,21.3184,15.7556,7.5353,113.037736,13.536999999999999,3194.34735,5.7,-32.06369999999996,5.562800000000001,5.565499999999998,0.2443541378435991,0.1367265542743462,-0.5411285700854684,-0.03931236711214531,-0.9963950238187231,-0.08483487790576538,True
EVR_01,2025,2025-09-27,16.938,20.2187,14.6571,0.539,139.235,12.437899999999999,3206.78525,3.2,-28.407699999999963,5.5615999999999985,8.929499999999999,0.2118296820932744,0.10319415734346651,-0.5848268336740235,-0.06349817596324037,-0.9977068927101168,-0.06768276175455162,True
EVR_01,2025,2025-09-28,17.3474,20.7047,14.2847,0.0759,120.22009,12.494700000000002,3219.27995,2.7,-24.752499999999966,6.419999999999998,9.1705,0.25230989735497444,0.1458356948061309,-0.6052466762659137,-0.04611914714232146,-0.9987235240803972,-0.050510617185222886,True
EVR_01,2025,2025-09-29,16.3045,19.8139,12.5852,48.9177,86.67181,11.199550000000002,3230.4795,10.9,19.13990000000004,7.2287,4.971100000000002,0.20395349858073614,0.12209680099470438,-0.6034598542061594,-0.06410078940188407,-0.9994446170919858,-0.033323525711631344,True
EVR_01,2025,2025-09-30,16.6618,21.619,10.6346,2.7144,183.15634,11.1268,3241.6063,7.3,20.75260000000004,10.984399999999999,7.6563,0.21612300371348675,0.12499160721954347,-0.6163396391273872,-0.04287437911384345,-0.9998699583618592,-0.016126573270657762,True
EVR_01,2025,2025-10-01,16.6974,21.7248,11.8124,0.7482,185.537,11.7686,3253.3749,7.1000000000000005,20.00080000000004,9.912399999999998,7.279199999999998,0.2166351018243514,0.11759772427139481,-0.6125807803298119,-0.04567791366062865,-0.9999994220246925,0.001075151282798226,True
EVR_01,2025,2025-10-02,17.5701,20.6587,14.0783,7.1328,104.05534,12.368500000000001,3265.7434,4.5,26.26330000000004,6.580399999999999,5.7392,0.20872448092799525,0.10568827456080992,-0.6057913572068884,-0.044406818848259505,-0.999832969770105,0.018276557681691223,True
EVR_01,2025,2025-10-03,16.5637,19.278,12.2657,248.3877,87.63327,10.77185,3276.51525,26.0,246.81570000000005,7.012299999999998,1.9109000000000016,0.2242671100304869,0.12043537403598503,-0.5657707581829169,-0.020087027813112196,-0.9993706508539969,0.03547255575312556,True
EVR_01,2025,2025-10-04,14.3599,18.1593,10.9976,48.8126,148.16198,9.57845,3286.0937,17.9,280.38930000000005,7.1617000000000015,4.1584,0.19539071176649367,0.11249739539360536,-0.6111345038163424,-0.01643897032678074,-0.9986126020839734,0.052658056924614005,True
EVR_01,2025,2025-10-05,16.3204,20.558,12.4129,3.1152,148.7657,11.48545,3297.57915,13.4,272.72860000000003,8.1451,5.3735,0.2058693471516421,0.14002868321771247,-0.5825777475735366,-0.04644055020333235,-0.9975590477788613,0.06982797572987089,True
EVR_01,2025,2025-10-06,17.6263,22.3304,12.3967,15.9902,141.78275,12.36355,3309.9427,12.5,238.20110000000005,9.933700000000002,4.760200000000001,0.1806842859386729,0.10952596285746302,-0.6210483932020157,-0.023269212642063247,-0.9962102997023297,0.0869772313136861,True
EVR_01,2025,2025-10-07,12.8845,15.3302,11.0733,390.2622,44.621148,8.20175,3318.1444500000002,19.3,613.7489,4.2569,1.1357999999999997,0.22215164065569312,0.116333665840331,-0.6149919383136664,0.006028636942206372,-0.9945667569706337,0.1041007489354256,True
EVR_01,2025,2025-10-08,12.8091,14.8811,11.0139,23.3533,75.92053,7.9475,3326.09195,11.799999999999999,631.6540000000001,3.8672000000000004,4.611700000000001,0.19386342312782917,0.12180383380480875,-0.6134184714969239,-0.02277167869652222,-0.9926289059345095,0.121193461470736,True
EVR_01,2025,2025-10-09,14.7115,18.8371,11.9669,37.7328,107.619976,10.402000000000001,3336.49395,21.9,644.854,6.870199999999999,4.5489999999999995,0.18371552552329878,0.1011393245707779,-0.6286373359033337,-0.02500895540469647,-0.9903973200352558,0.1382503109109819,True
EVR_01,2025,2025-10-10,15.1421,20.0737,10.7314,2.0631,172.12654,10.40255,3346.8965,20.0,404.52940000000007,9.342299999999998,4.83,0.19511713646273718,0.1078481368722588,-0.6246807993665011,-0.029149973567749732,-0.9878726596350429,0.15526624985999563,True
EVR_01,2025,2025-10-11,12.688,16.9966,9.0603,8.9093,77.1992,8.02845,3354.92495,10.3,372.22610000000003,7.936300000000001,3.452400000000001,0.18126094437880613,0.09553624709101702,-0.6339878963226421,-0.014129767387687536,-0.9850556718215013,0.172236243027682,True
EVR_01,2025,2025-10-12,13.7857,18.4881,7.5244,2.0437,145.01827,8.00625,3362.9312,14.5,370.05460000000005,10.9637,4.7265999999999995,0.2209108313441185,0.13062488842685102,-0.5794114846080285,0.015041484192476418,-0.981947190186646,0.18915526872004093,True
EVR_01,2025,2025-10-13,15.6734,19.8593,11.5534,1.5954,144.59795,10.70635,3373.63755,15.0,353.1598000000001,8.305900000000001,4.939,0.2037499262014409,0.11126624851199354,-0.6114677219813436,0.023065640262768,-0.9785481345802031,0.20601832032517084,True
EVR_01,2025,2025-10-14,14.8245,19.6297,9.9452,0.6839,150.8156,9.78745,3383.425,15.9,-33.018499999999946,9.6845,4.9976,0.22305254526838741,0.10331560902075747,-0.5663813103055705,0.0009009046126942921,-0.9748595108374125,0.22282040779479959,True
EVR_01,2025,2025-10-15,14.5042,17.8683,11.7763,0.411,100.94482,9.822300000000002,3393.2473,10.6,-54.760799999999946,6.0920000000000005,4.142900000000001,0.1914723811756938,0.09646026166455574,-0.6054948980060199,-0.002391041952135381,-0.9708824104813836,0.23955655912092708,True
EVR_01,2025,2025-10-16,14.3875,17.885,11.427,8.329,130.36859,9.656,3402.9033,14.3,-76.56459999999996,6.458000000000002,4.138399999999999,0.24439015334562111,0.13184880181572795,-0.581466708793714,0.06067462782232233,-0.9666180104000972,0.2562218218071163,True
EVR_01,2025,2025-10-17,15.5224,18.7224,12.5601,9.2448,95.78506,10.64125,3413.54455,11.5,-60.88289999999995,6.1623,4.1731,0.23963137221255018,0.12796692125362433,-0.6001837202769853,0.044514235749813,-0.9620675724981452,0.27281126433401914,True
EVR_01,2025,2025-10-18,16.4466,20.0726,13.5549,32.0811,106.76956,11.813749999999999,3425.3583,13.4,-40.81109999999994,6.517700000000001,3.2464999999999993,0.2153196524968239,0.13060031560386506,-0.5859940368239007,0.034058708118017755,-0.957232443323312,0.28931997761869527,True
EVR_01,2025,2025-10-19,14.4375,17.5377,10.214,46.3139,100.34699,8.87585,3434.23415,16.2,1.7591000000000534,7.3237000000000005,5.371499999999999,0.20516238018511918,0.10575970176882685,-0.5967399722631236,-0.015748451158999338,-0.9521140536681102,0.3057430764672831,True
EVR_01,2025,2025-10-20,12.8393,17.4615,8.4145,2.2488,158.84034,7.938000000000001,3442.17215,14.4,3.0125000000000544,9.047,4.129199999999999,0.2367686877646666,0.11883360653860574,-0.5736601873031402,0.033018761563225724,-0.9467139181463862,0.3220757010206104,True
EVR_01,2025,2025-10-21,13.3679,18.0623,8.2137,0.0017,158.89622,8.138,3450.3101500000002,14.1,4.130300000000057,9.848600000000001,4.722900000000001,0.21560420890865056,0.11612775325953865,-0.644311950694142,-0.007448336359736851,-0.9410336347451197,0.3383130181923076,True
EVR_01,2025,2025-10-22,16.27,20.9569,12.5794,0.0086,149.96362,11.768149999999999,3462.0783,13.700000000000001,0.6279000000000536,8.377500000000001,3.878499999999999,0.22083486600193422,0.12729517631105983,-0.5994860226436586,0.02936248482624043,-0.9350748843515574,0.3544502230989869,True
EVR_01,2025,2025-10-23,16.9553,21.4881,13.5383,93.0695,126.82094,12.513199999999998,3474.5915,13.5,86.16840000000006,7.9498,1.883700000000001,0.17814171331304637,0.1039268199806798,-0.6600090162369634,-0.06624844003257474,-0.9288394302558068,0.3704825404820963,True
EVR_01,2025,2025-10-24,19.1581,23.1896,16.157,21.8643,130.09068,14.673299999999998,3489.2648,17.0,93.28790000000006,7.032599999999999,3.0888000000000027,0.1697867439563148,0.06968530362143771,-0.6082233001151004,-0.06984462825623539,-0.9223291176290545,0.3864052261209853,True
EVR_01,2025,2025-10-25,16.0687,19.2172,11.8062,27.1706,118.802216,10.5117,3499.7765,17.1,84.67740000000006,7.410999999999998,3.9679,0.15019304574628398,0.06727071363479814,-0.6319290235947524,-0.06512660675053991,-0.9155458729775467,0.40221356823680365,True
EVR_01,2025,2025-10-26,16.3777,20.9538,11.0346,2.1158,105.96967,10.9942,3510.7707,12.1,44.57930000000006,9.919200000000002,3.643700000000001,0.14717354753084413,0.09811170699233335,-0.5999575389405917,-0.05798883265427504,-0.9084917035725082,0.41790288888678667,True
EVR_01,2025,2025-10-27,17.6439,24.334,11.9083,215.9416,122.73916,13.12115,3523.89185,17.3,255.37210000000005,12.425699999999999,3.7369999999999983,0.16530441954155006,0.12200035001075912,-0.6314777733471388,-0.07146426822311655,-0.9011686968561569,0.4334685453485363,True
EVR_01,2025,2025-10-28,13.5656,17.7531,10.6986,24.2085,114.17131,9.225850000000001,3533.1177000000002,14.7,278.97890000000007,7.054499999999999,2.9604999999999997,0.15390068255080117,0.09139081330324589,-0.6862238473718717,-0.0617035263578494,-0.8935790198239952,0.4489059314938798,True
EVR_01,2025,2025-10-29,12.9958,17.5085,9.4786,0.1044,152.84517,8.49355,3541.61125,16.299999999999997,276.47470000000004,8.029900000000001,4.529,0.15538900795747917,0.09042114492039276,-0.6669092172296669,-0.06544585804445505,-0.8857249183835637,0.4642104791518923,True
EVR_01,2025,2025-10-30,12.9341,18.7943,8.2635,0.3022,149.44669,8.5289,3550.14015,14.6,182.60740000000004,10.5308,3.268700000000001,0.15384570850482523,0.07628879364326718,-0.6617030329113855,-0.02429600480822114,-0.8776087166898392,0.4793776594606945,True
EVR_01,2025,2025-10-31,13.5822,18.8531,8.5389,0.0423,117.98784,8.696000000000002,3558.83615,10.4,167.38540000000003,10.314200000000001,2.3765,0.16240765022862125,0.07990327737292889,-0.6597398412036434,-0.0073790937276935475,-0.8692328164574792,0.49440298420761813,True
EVR_01,2025,2025-11-01,13.5628,19.0849,10.47,0.9323,114.90518,9.777450000000002,3568.6136,11.5,146.74710000000005,8.6149,2.1121,0.18826256776404268,0.0984720345638209,-0.6154347224715452,0.038069522017758706,-0.8605996962501181,0.5092820071573356,True
EVR_01,2025,2025-11-02,14.33,20.075,10.3736,0.1122,131.80755,10.2243,3578.8379,13.299999999999999,143.54350000000005,9.7014,3.2253000000000007,0.17136516263481472,0.10527925807416805,-0.6517661508562395,0.024191615103970582,-0.8517119107469189,0.5240103253675756,True
EVR_01,2025,2025-11-03,13.8827,19.0345,10.2583,0.0096,126.01862,9.6464,3588.4843,11.6,-66.68849999999993,8.776200000000001,2.3188999999999993,0.2140346718043344,0.11603050844979142,-0.6084782223820534,0.048730252262784324,-0.8425720899866032,0.5385835804920232,True
EVR_01,2025,2025-11-04,14.4991,18.5565,11.2998,40.2814,96.94023,9.928149999999999,3598.41245,12.4,-48.31559999999994,7.2567,1.8261000000000003,0.17560045519950682,0.08761189348342635,-0.6503404689291388,0.02169977264870565,-0.8331829385891785,0.5529974600700271,True
EVR_01,2025,2025-11-05,12.737,14.1947,12.0498,76.8677,37.282056,8.12225,3606.5347,12.3,32.447700000000054,2.1449,2.0944000000000003,0.16732202636769575,0.08759026471983353,-0.6552668132147933,0.011933018410216573,-0.8235472349556007,0.5672476988027229,True
EVR_01,2025,2025-11-06,13.3322,14.6693,11.932,100.391,28.6156,8.300650000000001,3614.83535,14.1,133.03650000000007,2.7372999999999994,1.319700000000001,0.1645482368134002,0.08925358818992779,-0.6181264212543994,0.01070252830857496,-0.8136678304455991,0.5813300798152042,True
EVR_01,2025,2025-11-07,14.9241,17.8252,12.913,43.6685,68.6955,10.3691,3625.20445,12.6,174.46270000000004,4.912199999999999,1.580499999999999,0.1997542782144402,0.09652505953755798,-0.6042378438544379,0.03734662798581895,-0.8035476485339116,0.5952404359043674,True
EVR_01,2025,2025-11-08,15.2767,18.8571,13.3508,2.912,91.28634,11.103949999999998,3636.3084,9.799999999999999,178.14240000000007,5.5062999999999995,1.2973,0.1643233034171043,0.10073618477816818,-0.6106892411532202,-0.023939264346938383,-0.7931896839451843,0.6089746507720486,True
EVR_01,2025,2025-11-09,16.1591,20.4908,13.1627,37.2551,81.54622,11.82675,3648.13515,10.1,218.48530000000005,7.328100000000001,1.5289999999999981,0.16308741553681766,0.10129438780029894,-0.6540587900769977,-0.008277747097997057,-0.7825970017677834,0.6225286602431057,True
EVR_01,2025,2025-11-10,15.5405,20.1721,12.0636,5.623,79.30907,11.11785,3659.253,8.8,226.89870000000005,8.108500000000001,2.1799,0.17596137671601025,0.09743843650011859,-0.6042958980010618,-0.03807329508832413,-0.7717727365467836,0.6358984534680745,True
EVR_01,2025,2025-11-11,14.2658,16.6068,11.7053,197.1219,49.410696,9.15605,3668.40905,10.200000000000001,385.9392000000001,4.9015,1.4294000000000011,0.1776540035431726,0.10108766386825242,-0.6132614011737245,0.0020535483436657787,-0.7607200913564104,0.6490800741100398,True
EVR_01,2025,2025-11-12,12.3356,15.6699,9.945,13.5617,87.81057,7.807449999999999,3676.2165,11.9,323.0332000000001,5.7249,3.3247999999999998,0.15619870356180493,0.08841263084347468,-0.6591742904834044,-0.011123322805890817,-0.7494423368521954,0.6620696215153815,True
EVR_01,2025,2025-11-13,11.1484,15.4165,7.2953,0.0381,115.737544,6.3559,3682.5724,10.9,225.8803000000001,8.121199999999998,2.905100000000001,0.18050690634564395,0.09965553474112777,-0.6189877095385773,0.015958669532243758,-0.7379428103031386,0.6748632518680403,True
EVR_01,2025,2025-11-14,10.8278,14.8486,7.0135,0.2821,98.09932,5.931049999999999,3688.50345,8.9,186.19390000000004,7.8351,2.1115999999999993,0.17918661889556275,0.09731547748537589,-0.6474557273428325,-0.02056765931887744,-0.7262249146041543,0.6874571793269664,True
EVR_01,2025,2025-11-15,10.8821,15.4945,7.3116,0.2164,94.65605,6.40305,3694.9065,8.4,184.89830000000006,8.1829,2.099,0.2024447900811565,0.12569475652694115,-0.5965305801890401,0.03812148666405221,-0.7142921172691032,0.699847677146407,True
EVR_01,2025,2025-11-16,12.086,16.8127,8.5532,0.0401,88.838056,7.68295,3702.58945,6.8999999999999995,150.88330000000005,8.2595,1.7615999999999996,0.1940369343688655,0.1145502099241776,-0.580836164930818,0.03094951883204783,-0.7021479494046978,0.7120310787787131,True
EVR_01,2025,2025-11-17,15.8087,19.4312,11.9065,0.0088,112.73535,10.668849999999999,3713.2583,10.9,143.16910000000007,7.524700000000001,3.7776999999999994,0.20202175150771165,0.11092832939910145,-0.5724821099032449,0.026060374791701396,-0.6897960046655887,0.7240037789593305,True
EVR_01,2025,2025-11-18,17.7973,20.5052,16.3268,2.6056,88.18027,13.415999999999997,3726.6743,12.3,-53.447199999999945,4.1784,4.7197,0.21340950574272455,0.12817132166813597,-0.5953993068782374,0.03575550219955195,-0.6772399381909491,0.7357622347736527,True
EVR_01,2025,2025-11-19,17.7168,21.1508,14.2686,0.5222,99.8194,12.709699999999998,3739.384,12.9,-67.48669999999996,6.882200000000001,4.7691,0.20970048874576028,0.12190683901210021,-0.599708838078876,0.05350178518395535,-0.6644834655228552,0.7473029667054296,True
EVR_01,2025,2025-11-20,16.222,20.3559,13.7244,2.2667,97.05563,12.040149999999997,3751.42415,10.4,-64.75809999999994,6.631499999999999,3.092600000000001,0.20335097424035986,0.12013411496986644,-0.5902953433539182,0.022844067894715908,-0.6515303615068021,0.75862255966641,True
EVR_01,2025,2025-11-21,16.1785,21.5291,12.4178,0.3568,104.27973,11.97345,3763.3976,10.0,-65.78339999999994,9.1113,2.9132999999999996,0.22365912459323364,0.12260571830863962,-0.608752400327729,0.04447250569767089,-0.6383844591746642,0.7697176640069211,True
EVR_01,2025,2025-11-22,16.8087,21.0496,13.4953,0.0247,108.51053,12.27245,3775.67005,11.5,-69.07509999999995,7.554300000000001,4.629500000000002,0.21953924806638248,0.11676050712058608,-0.5691097170764309,0.017094457985225964,-0.6250496486104377,0.7805849965070866,True
EVR_01,2025,2025-11-23,15.3161,18.8911,12.0331,63.921,76.36586,10.4621,3786.13215,11.1,-9.394199999999948,6.858000000000002,3.1668000000000003,0.19866499345997082,0.10777410384885049,-0.6120906419123039,0.004628059091105335,-0.6115298757991053,0.7912213413483807,True
EVR_01,2025,2025-11-24,11.0516,14.6106,7.328,16.7855,96.03402,5.9693000000000005,3792.10145,9.1,9.182500000000049,7.2825999999999995,2.4749,0.1886522146010271,0.10931703411712886,-0.6038405597760135,-0.013369536906684548,-0.5978291414589552,0.801623551065242,True
EVR_01,2025,2025-11-25,10.9177,14.9684,6.4933,1.0571,105.78615,5.73085,3797.8323,9.4,10.534000000000049,8.475100000000001,3.2379999999999995,0.18097276848427793,0.10814721831158093,-0.6150567345798723,-0.03243673725844662,-0.5839514998576998,0.8117885474764613,True
EVR_01,2025,2025-11-26,14.5918,18.2825,11.7017,1.3828,89.40038,9.9921,3807.8244,8.7,15.59460000000005,6.580799999999998,3.5221999999999998,0.1503156442409178,0.07152072880690698,-0.6400291882018966,-0.059384844504842466,-0.5699010576127624,0.8217133225960589,True
EVR_01,2025,2025-11-27,14.7778,19.0348,11.37,2.0927,103.92025,10.2024,3818.0268,10.3,15.520600000000051,7.664800000000001,4.029299999999999,0.16387949053509618,0.10048489787098712,-0.620050826774379,-0.03947148370526368,-0.5556819724760489,0.8313949395234058,True
EVR_01,2025,2025-11-28,13.2462,16.1865,11.3314,146.945,65.29996,8.758949999999999,3826.78575,8.5,163.60880000000003,4.855099999999998,2.0116999999999994,0.17259642672196643,0.09893872468780207,-0.5902827475382532,-0.051062697871267215,-0.5412984521036173,0.8408305333122887,True
EVR_01,2025,2025-11-29,11.6555,13.1518,9.3175,278.3008,26.397834,6.23465,3833.0204,7.6,445.7849,3.834299999999999,1.4720999999999993,0.17798742150277147,0.10607739036664166,-0.6442522163748338,-0.041551826563611005,-0.5267547528105542,0.8500173118187018,True
EVR_01,2025,2025-11-30,10.0671,12.7671,7.9558,23.427,64.930604,5.36145,3838.38185,8.3,408.0909,4.811299999999999,2.5218,0.18984766245804136,0.0972269835519567,-0.6219587430134207,-0.008817331001929468,-0.5120551783114646,0.8589525565270845,True
EVR_01,2025,2025-12-01,9.3425,12.0773,7.5177,9.8303,88.369864,4.797499999999999,3843.17935,9.700000000000001,400.53569999999996,4.5596,3.3664999999999994,0.19165759473847124,0.11609805424102664,-0.6119717979727427,0.0030053801374441413,-0.4972040784469378,0.8676336233547726,True
EVR_01,2025,2025-12-02,8.7715,12.3476,5.6621,0.4291,93.61714,4.004849999999999,3847.1842,7.3,402.0077,6.6855,2.7515,0.17203990245355744,0.09541665378692869,-0.6604269045904829,-0.008932866030720493,-0.4822058478963526,0.8760579434344281,True
EVR_01,2025,2025-12-03,8.9375,13.1992,5.9734,0.0259,76.225176,4.5863,3851.7705,5.6,403.75079999999997,7.2258,1.5058999999999996,0.1748809811737281,0.07689488935511393,-0.6323142688487957,0.024565336932810294,-0.46706492487743034,0.8842230238742036,True
EVR_01,2025,2025-12-04,10.3745,14.555,5.6007,0.0556,81.43552,5.07785,3856.84835,7.0,405.01370000000003,8.9543,2.1579999999999995,0.20051412121778955,0.10979343904098371,-0.5687413061300393,0.036634630682693375,-0.451785789832884,0.8921264484954345,True
EVR_01,2025,2025-12-05,12.4408,16.713,9.0422,8.3732,88.54339,7.877600000000001,3864.72595,9.5,265.44190000000003,7.670800000000002,2.9082999999999988,0.18794559931621835,0.09557567677840241,-0.6414268157493683,0.01534917259425192,-0.4363729641045924,0.8997658785476209,True
EVR_01,2025,2025-12-06,13.6342,17.8389,11.5067,1.0788,91.521256,9.672799999999999,3874.39875,9.6,-13.780099999999944,6.3321999999999985,2.8942999999999994,0.1981873683113989,0.0896458631892823,-0.6121398323645079,0.02019994680862744,-0.42083100859565564,0.9071390534005044,True
EVR_01,2025,2025-12-07,8.9117,12.155,5.3841,16.8985,55.37898,3.769549999999999,3878.1683,10.3,-22.308599999999945,6.770899999999999,2.3026,0.22215325362849425,0.12683137854470866,-0.610490916748666,0.032305591170452896,-0.4051645224207563,0.9142437912130223,True
EVR_01,2025,2025-12-08,6.4258,8.9391,5.1056,1.6563,82.82893,2.0223499999999994,3880.19065,9.6,-30.382599999999943,3.8335,4.2898,0.18942499124537265,0.0941261221439522,-0.6515305851544533,-0.0022326034930985894,-0.3893781415452015,0.9210779895789526,True
EVR_01,2025,2025-12-09,6.0741,8.6764,3.7471,0.0727,50.5184,1.2117499999999994,3881.4024,5.6,-29.038999999999945,4.9293,3.8568,0.21661437865365032,0.12139307179261252,-0.5741943225539061,0.04457447620009289,-0.37347653741307074,0.9276396261490467,True
EVR_01,2025,2025-12-10,6.7725,10.8062,3.7561,0.0188,79.43864,2.2811500000000002,3883.68355,5.5,-28.946099999999944,7.0501000000000005,2.6627,0.23811201120158876,0.15384277392269843,-0.5586236373521047,0.06323103002786065,-0.3574644155648614,0.9339267592294762,True
EVR_01,2025,2025-12-11,8.931,12.9979,4.6741,0.0896,73.61432,3.8360000000000003,3887.51955,5.2,-27.112099999999945,8.323799999999999,1.9673999999999996,0.21266070784162422,0.10418130497607225,-0.5903337359356776,0.012146586623834665,-0.34134651424503615,0.9399375283564133,True
EVR_01,2025,2025-12-12,8.4297,12.5706,5.7396,5.5059,64.51987,4.155100000000001,3891.67465,5.1000000000000005,-25.579399999999946,6.831,1.2626000000000008,0.2486521926908667,0.1328235502192993,-0.575416277591764,0.06070659337464834,-0.3251276029999093,0.9456701548465688,True
EVR_01,2025,2025-12-13,8.1449,11.3956,5.8195,0.3924,79.34716,3.60755,3895.2822,6.7,-23.365799999999947,5.5761,3.0027999999999997,0.22245809276070316,0.11429226121613179,-0.6045210354377072,0.024270724449304254,-0.30881248126625377,0.9511229423235357,True
EVR_01,2025,2025-12-14,6.7841,10.8415,3.7751,0.0277,91.746936,2.3083,3897.5905,6.7,-36.636599999999945,7.0664,3.2134999999999994,0.2221562812101586,0.12949182885525817,-0.5806883496038894,3.0275816643443587e-06,-0.29240597695107734,0.9562942772197719,True
EVR_01,2025,2025-12-15,5.9242,9.6725,2.723,0.0315,96.33412,1.1977499999999992,3898.78825,6.7,-35.361399999999946,6.9495,3.484,0.20351725790913966,0.08619023104031723,-0.5769113685781193,0.014092266663767006,-0.27591294500296043,0.9611826292540837,True
EVR_01,2025,2025-12-16,5.9075,10.4229,2.4313,0.0027,91.447784,1.4271000000000003,3900.21535,5.6,-35.43139999999994,7.9916,2.4732,0.2301863971124046,0.12983959941791795,-0.6003657690895309,0.013572018458754276,-0.2593382659754056,0.9657865518844574,True
EVR_01,2025,2025-12-17,6.5829,11.9959,2.274,0.0088,96.26416,2.13495,3902.3503,5.4,-35.34139999999994,9.721900000000002,2.158200000000001,0.23113704069099322,0.12371035352708688,-0.6422007194723859,-0.006974970510595535,-0.2426868445825954,0.9701046827361175,True
EVR_01,2025,2025-12-18,5.7014,9.9981,2.2437,0.1324,77.24922,1.1209000000000007,3903.4712,5.2,-35.298599999999944,7.7544,2.1885999999999997,0.2342354002340326,0.1306029451911208,-0.5718522971911221,0.02157469239240839,-0.22596360824801906,0.974135744004672,True
EVR_01,2025,2025-12-19,6.5078,12.7549,1.2923,0.0303,89.35868,2.0236,3905.4948,6.1000000000000005,-41.77419999999994,11.462599999999998,2.3034999999999997,0.21942898296930383,0.12326874406343473,-0.6004911486071833,-0.029223209721562865,-0.20917350564635637,0.9778785428342386,True
EVR_01,2025,2025-12-20,8.491,12.2153,3.9341,0.6663,54.66672,3.0747,3908.5695,4.1000000000000005,-38.900299999999945,8.281199999999998,2.0702,0.20910046373999347,0.08796150633462782,-0.5888844464975506,-0.013357629020709694,-0.19232150523909483,0.9813319716704275,True
EVR_01,2025,2025-12-21,9.3487,11.7367,7.3277,12.2738,32.56474,4.5322,3913.1017,4.2,-24.154199999999946,4.409000000000001,1.3938999999999995,0.21689940800691382,0.11827882551830435,-0.6118924089908977,-0.005256873203244777,-0.17541259380427843,0.9844950085880858,True
EVR_01,2025,2025-12-22,8.9651,11.6971,6.0929,3.1192,52.65285,3.8949999999999996,3916.9967,6.8999999999999995,-21.266499999999944,5.6042000000000005,2.0753999999999992,0.21563478267408848,0.12948259862616923,-0.5627344611255636,0.012117524764948817,-0.15845177496083632,0.9873667175937016,True
EVR_01,2025,2025-12-23,7.1867,11.3504,4.5452,0.2014,87.89191,2.947800000000001,3919.9445,6.3,-21.767799999999944,6.8052,2.5838,0.23558783661313204,0.12614030868685316,-0.5953255202503023,0.00540143950072744,-0.14144406768794202,0.9899462489023779,True
EVR_01,2025,2025-12-24,8.7755,11.9284,5.2877,4.3689,51.11347,3.6080500000000004,3923.55255,4.1000000000000005,-16.107699999999944,6.6407,1.946699999999999,0.21243600284371544,0.11023832732397826,-0.5732451591359591,-0.01870103784727778,-0.12439450483979998,0.9922328391893008,True
EVR_01,2025,2025-12-25,9.4673,10.5919,6.8855,123.3309,22.45216,3.7387000000000015,3927.29125,10.3,101.99080000000006,3.7064000000000004,1.279,0.2004357797743619,0.11274843648951907,-0.6233414517268796,-0.03379962045967072,-0.10730813165636247,0.9942258118156161,True
EVR_01,2025,2025-12-26,5.1968,7.8034,2.0293,11.0649,85.42385,0.0,3927.29125,12.4,106.72540000000006,5.7741,3.7279999999999998,0.18938132317927664,0.09730980792203972,-0.6186712506754556,-0.030047659790027187,-0.09019000427034513,0.9959245770286599,True
EVR_01,2025,2025-12-27,2.9781,5.5318,-0.2267,0.4981,78.00315,0.0,3927.29125,6.6,104.05720000000007,5.7585,4.7389,0.19562048551049302,0.13085508227683237,-0.5900098898688264,-0.01347997822950045,-0.07304518821104743,0.9973286321364752,True
EVR_01,2025,2025-12-28,4.1145,9.1772,-0.1747,4.1957,53.674496,0.0,3927.29125,5.5,94.67910000000008,9.351899999999999,3.6911999999999994,0.18054797903616807,0.10754345099272226,-0.6020882998596272,-0.03635142897074575,-0.05587875690537313,0.9984375616565666,True
EVR_01,2025,2025-12-29,3.3649,7.2444,-1.6264,0.3454,100.76953,0.0,3927.29125,7.4,91.40530000000007,8.8708,5.523,0.21699850579610833,0.10807643070321846,-0.6535492434536356,0.0013637231220198498,-0.03869579017652689,0.9992510374388481,True
EVR_01,2025,2025-12-30,8.0202,13.946,1.4724,60.547,81.799176,2.7092,3930.00045,9.700000000000001,148.35090000000005,12.4736,4.480500000000001,0.18008106331600754,0.10629919939600455,-0.6274781100190003,-0.0555067732971245,-0.021501372740813793,0.999768818762748,True
EVR_01,2025,2025-12-31,0.0956,3.0423,-3.9597,7.2677,90.75046,0.0,3930.00045,9.299999999999999,146.04970000000006,7.002000000000001,8.4178,0.17496343994919414,0.08501234880188231,-0.6620546419467981,-0.037472562894521305,-0.004300592702981974,0.9999907524084426,True
EVR_02,2025,2025-01-01,4.33,9.662,0.3202,0.0334,82.37325,0.0,0.0,4.8,-4.7665999999999995,9.341800000000001,1.0519000000000003,0.36242209624521116,0.1919487604243413,-0.5122653571803639,0.0,0.017201575418260506,0.9998520419557735,False
EVR_02,2025,2025-01-02,7.7305,12.3559,2.6505,0.0402,79.19848,2.5031999999999996,2.5031999999999996,6.0,-10.7264,9.705400000000001,2.0794000000000006,0.3419805494000948,0.2021706650694263,-0.48914340143321855,-0.020441546845116343,0.03439806061360801,0.9994082116062598,False
EVR_02,2025,2025-01-03,10.8148,14.1319,8.4102,0.3683,91.58554,6.271049999999999,8.774249999999999,7.7,-18.0581,5.7217,3.1555999999999997,0.34348529071161793,0.20105153576630402,-0.4899167194108797,-0.018936805533593226,0.051584366869408364,0.9986686402879997,False
EVR_02,2025,2025-01-04,8.2575,11.1498,4.9229,17.1114,46.01374,3.0363500000000005,11.810599999999999,9.1,-10.046700000000001,6.2269000000000005,3.7623000000000006,0.36425257739027533,0.2226465541473307,-0.4632725228924773,0.0018304811450641778,0.06875540848113941,0.9976335468520451,False
EVR_02,2025,2025-01-05,5.8725,8.5183,3.2108,1.1613,57.50934,0.8645499999999995,12.675149999999999,6.0,-14.8854,5.3075,3.8924999999999996,0.33190249491923923,0.17670720233356652,-0.506126152510224,-0.030519601325971923,0.08590610426133272,0.9963032375991965,False
EVR_02,2025,2025-01-06,7.6964,11.0711,2.3107,0.0243,68.23545,1.6909,14.366049999999998,5.0,-19.8611,8.760399999999999,2.4806,0.32970672560823644,0.190591489347028,-0.4861228343041629,-0.03271537063697472,0.10303137904317879,0.9946781061893646,False
EVR_02,2025,2025-01-07,12.3155,15.9713,8.9914,0.3748,81.34434,7.481349999999999,21.847399999999997,6.7,-26.186300000000003,6.979899999999999,2.980600000000001,0.2992281731910172,0.15684258717525856,-0.5584935765912539,-0.06319392305419397,0.1201261651823505,0.9927586335250793,False
EVR_02,2025,2025-01-08,13.4029,16.9612,11.6994,0.4698,88.41047,9.330300000000001,31.177699999999998,7.9,-28.8499,5.261800000000001,2.2901000000000007,0.33279197112321934,0.18778784026247688,-0.4891930025387835,-0.029630125121991813,0.13718540405660057,0.9905453876091833,False
EVR_02,2025,2025-01-09,12.529,15.891,10.7975,1.2773,75.5726,8.344249999999999,39.52195,5.4,-27.012800000000006,5.093500000000001,1.8316,0.3642996249551297,0.20862834553941262,-0.46294468013583573,0.022319075555034873,0.1542040475626894,0.988039023376751,False
EVR_02,2025,2025-01-10,12.3534,15.4442,11.037,4.4843,70.83109,8.2406,47.76255,7.9,-23.0968,4.4072,1.8375000000000004,0.3733036664470489,0.21712155546547077,-0.4899281503240959,0.029818375735430946,0.17117705961019986,0.985240282501282,False
EVR_02,2025,2025-01-11,7.2411,10.9639,4.2984,166.8063,18.288292,2.63115,50.393699999999995,6.8,128.89809999999997,6.665500000000001,1.2529000000000003,0.30589444349182005,0.17221922716071025,-0.5234321853059212,-0.05835813389845529,0.18809941761179758,0.9821499931752291,False
EVR_02,2025,2025-01-12,3.9911,6.4099,1.1674,48.0138,14.497866,0.0,50.393699999999995,6.8999999999999995,174.85059999999996,5.242500000000001,1.6437999999999997,0.32621208237739296,0.16136746401922694,-0.48767009383062204,-0.005690412541846268,0.20496611396949532,0.9787690698649216,False
EVR_02,2025,2025-01-13,2.1669,3.4377,0.9684,205.4352,16.569523,0.0,50.393699999999995,8.6,376.6615,2.4693,0.8145,0.31093513335677403,0.18192199324462974,-0.5566433683374626,-0.01877159225146241,0.22177215755648186,0.975098513039961,False
EVR_02,2025,2025-01-14,3.7162,5.4274,1.7866,75.9506,35.79267,0.0,50.393699999999995,12.4,446.53729999999996,3.6407999999999996,2.2335000000000003,0.3123438863212339,0.1703553232940642,-0.5072287386693725,0.0131157131302167,0.23851257519407648,0.9711394088771653,False
EVR_02,2025,2025-01-15,3.3262,4.3609,2.598,167.5296,15.04689,0.0,50.393699999999995,10.1,611.3971,1.7629000000000001,1.1556000000000002,0.3349891428278877,0.17606110720412244,-0.4779490626256942,0.002197171704668377,0.2551824131233728,0.9668929289391521,False
EVR_02,2025,2025-01-16,3.6779,7.5479,-0.3164,9.8644,86.43577,0.0,50.393699999999995,10.0,615.3842,7.8643,3.3495,0.33288674245813554,0.18405981288049994,-0.5102462882075545,-0.03141288249699414,0.2717767384711357,0.9623603298276545,False
EVR_02,2025,2025-01-17,2.9479,7.8065,-1.208,0.0167,114.48129,0.0,50.393699999999995,8.4,610.4166,9.0145,3.6004,0.33714622289094653,0.171122905516428,-0.5121667688203548,-0.03615744355610234,0.2882906407095177,0.9575429528116719,False
EVR_02,2025,2025-01-18,4.8953,9.8904,0.5859,0.0124,114.69943,0.23815000000000008,50.63185,8.0,442.4227,9.304499999999999,3.6925999999999997,0.29880192111243986,0.1789145939850737,-0.5310007370235795,-0.007092522379380184,0.3047192331091634,0.9524422234305676,False
EVR_02,2025,2025-01-19,5.3479,11.9049,0.3783,0.0155,115.11041,1.1415999999999995,51.77345,8.7,392.6244,11.5266,3.0461,0.35240532482268283,0.17987711157828246,-0.4788753244050217,0.026193242445289866,0.321057654185271,0.9470596510722283,False
EVR_02,2025,2025-01-20,4.4664,9.6012,0.1355,0.0018,109.4708,0.0,51.77345,8.200000000000001,187.591,9.4657,2.6653000000000002,0.33425559887331513,0.18406247139116666,-0.4798730921132238,0.0233204655165411,0.3373010691361842,0.9413968285264122,False
EVR_02,2025,2025-01-21,6.0802,11.2148,1.8388,0.0263,106.8004,1.5267999999999997,53.30025,7.6,116.46669999999999,9.376000000000001,1.8276999999999992,0.31994782106892106,0.18698059389189958,-0.5002083964991112,0.007603934747687169,0.3534446712740877,0.9354554315134164,False
EVR_02,2025,2025-01-22,8.2108,12.6214,4.7588,0.0427,105.16127,3.6900999999999993,56.99034999999999,8.9,-49.8202,7.8626,2.916900000000001,0.35728264240999014,0.199794552076942,-0.5108588933693106,0.022293499582102416,0.3694836834473831,0.9292372181882051,False
EVR_02,2025,2025-01-23,7.3715,12.82,3.9462,0.2625,91.5083,3.3831000000000007,60.37345,7.7,-57.1221,8.8738,1.8384999999999998,0.33015797576526107,0.1691479829192033,-0.5258132812887913,-0.0027287666928744736,0.38541335945432564,0.9227440286201427,False
EVR_02,2025,2025-01-24,9.4655,14.5518,4.5107,0.4468,94.00031,4.53125,64.90469999999999,6.8999999999999995,-55.192,10.0411,1.6795000000000009,0.35183437382756677,0.19575332918343952,-0.46623714127820187,0.014688150936620237,0.4012289854475009,0.9159777842484877,False
EVR_02,2025,2025-01-25,8.3062,12.127,4.3383,47.3158,113.13388,3.2326499999999996,68.13735,12.6,-12.488599999999998,7.7887,2.9861000000000004,0.36162502465590773,0.19104214134975459,-0.4815527774161308,0.06282310354346787,0.4169258813287287,0.908940487313808,False
EVR_02,2025,2025-01-26,5.7082,10.5412,1.9553,2.5452,108.4793,1.2482499999999996,69.3856,9.0,-10.258900000000002,8.5859,1.7979999999999996,0.3419913876320992,0.18233272242839213,-0.4833276012702227,-0.010413937190583644,0.4324994021339788,0.901634220265486,False
EVR_02,2025,2025-01-27,7.0153,12.2039,1.9915,0.0112,88.76445,2.0977000000000006,71.4833,7.0,-9.049500000000002,10.2124,1.6598999999999995,0.37981591034094875,0.206677568587401,-0.5246889219284023,0.04556031146763362,0.44794493940789115,0.8940611451454876,False
EVR_02,2025,2025-01-28,9.8262,15.1106,4.0121,0.0971,96.90113,4.561350000000001,76.04464999999999,7.9,-9.2787,11.0985,2.1615,0.37943789187171073,0.2021562923066864,-0.4527540260418979,0.059490070802789674,0.4632579225674917,0.88622350294858,False
EVR_02,2025,2025-01-29,13.0647,17.0975,9.9565,0.287,109.03599,8.527000000000001,84.57165,11.799999999999999,-11.934399999999998,7.141,2.895900000000001,0.35374436410849275,0.19380973113484837,-0.4770099042495978,-0.0035382783014973884,0.4784338202547012,0.8781236129591848,False
EVR_02,2025,2025-01-30,11.117,15.6544,7.5871,0.2377,84.77583,6.620750000000001,91.19239999999999,7.4,-11.659199999999998,8.0673,1.9466,0.39135995801959594,0.22395030599678215,-0.4385643190622367,0.061201982254334875,0.49346814167723735,0.8697638720650646,False
EVR_02,2025,2025-01-31,10.5545,15.8788,7.1355,4.8064,116.39405,6.507149999999999,97.69955,11.6,-11.999599999999997,8.7433,2.1732000000000014,0.37781370614280174,0.2107741888685383,-0.440420756668457,0.02597933231523497,0.5083564379375122,0.8611467540480452,False
EVR_02,2025,2025-02-01,9.6654,14.6466,7.3824,1.5646,96.92926,6.0145,103.71405,9.5,-54.650800000000004,7.2642,1.6052999999999997,0.3893681536599647,0.2206401952247933,-0.43147798183910646,0.027743129004056954,0.5230943033491326,0.8522748088519838,False
EVR_02,2025,2025-02-02,8.0095,11.1793,4.4816,0.1804,65.24278,2.83045,106.5445,7.5,-55.515600000000006,6.697699999999999,2.3499999999999988,0.39016245679995315,0.22577838437961167,-0.45542937058943406,0.048171069167853964,0.5376773767406141,0.8431506618282,False
EVR_02,2025,2025-02-03,7.232,11.547,3.8251,1.7124,89.5328,2.68605,109.23055,8.8,-55.6144,7.721900000000001,2.6201,0.3982876090416696,0.23257999615675154,-0.43578249820416115,0.01847169870072085,0.5521013427459208,0.8337770129585915,False
EVR_02,2025,2025-02-04,3.5871,5.9395,1.2262,0.4267,100.88256,0.0,109.23055,11.1,-58.48480000000001,4.7133,6.1983,0.3780975489363069,0.19923383237262343,-0.4762356554763158,-0.0013403429354038043,0.5663619330814524,0.8241566360566663,False
EVR_02,2025,2025-02-05,2.0329,5.3983,-1.0971,0.0334,125.96083,0.0,109.23055,12.3,-59.2384,6.4954,8.0059,0.3829840694240754,0.21604439513524726,-0.4558545475391992,0.029239705315582676,0.580454927809098,0.8142923779467267,False
EVR_02,2025,2025-02-06,0.9585,4.5424,-1.5136,0.0334,147.38992,0.0,109.23055,12.7,-64.74270000000001,6.056,8.1094,0.39237705419328506,0.21529720668602267,-0.42160517036463596,0.0010170961736891138,0.5943761565849831,0.804187157621448,False
EVR_02,2025,2025-02-07,0.7827,4.7154,-2.3871,0.0692,126.85726,0.0,109.23055,9.799999999999999,-67.6799,7.1025,5.7137,0.37996244949900343,0.20805142812575236,-0.4572743871862948,0.0021487433562016878,0.6081214998935418,0.7938439653781019,False
EVR_02,2025,2025-02-08,1.0332,4.0808,-0.9458,2.8176,80.3735,0.0,109.23055,7.2,-64.1269,5.0266,4.5486,0.4161117977646477,0.23444794370219715,-0.4164987996659519,0.026743644104682995,0.6216868902665479,0.7832658619336791,False
EVR_02,2025,2025-02-09,0.4624,3.3566,-1.1697,2.3673,77.46536,0.0,109.23055,7.1000000000000005,-61.540000000000006,4.5263,4.9315,0.3957226296810589,0.22041002322832481,-0.42130004375673263,0.005560172881105774,0.6350683134867438,0.7724559775191742,False
EVR_02,2025,2025-02-10,0.9006,4.9914,-1.8131,1.258,112.910424,0.0,109.23055,9.2,-62.394400000000005,6.804499999999999,4.8802,0.3983065749645001,0.22600524090245896,-0.42014272918610795,1.8965922830516124e-05,0.6482618097757122,0.7614175109532997,False
EVR_02,2025,2025-02-11,0.1458,4.727,-3.5273,0.3346,139.74147,0.0,109.23055,9.799999999999999,-61.1865,8.2543,5.2159,0.387968298309396,0.22533142715697024,-0.4588965425392606,0.009870749373089072,0.6612634749656386,0.7501537286959042,False
EVR_02,2025,2025-02-12,1.1004,6.2644,-2.0954,4.8063,126.872136,0.0,109.23055,9.9,-54.0136,8.3598,3.8304,0.4133648413135731,0.2113564798350181,-0.4264779804444093,0.03038077188949767,0.6740694616546161,0.7386679638813748,False
EVR_02,2025,2025-02-13,2.6516,7.3549,-2.2052,0.3787,156.35366,0.0,109.23055,10.0,-50.968300000000006,9.5601,3.8120000000000003,0.36904919139261555,0.2000188893963214,-0.4724161449230677,-0.023327862800669508,0.6866759803451553,0.726963615332308,False
EVR_02,2025,2025-02-14,7.393,12.3811,1.0064,0.1355,116.13307,1.6937499999999996,110.9243,10.5,-51.602000000000004,11.3747,4.1623,0.3707209871907296,0.1957859254131518,-0.44545528874666784,-0.009241462308273829,0.6990793005655562,0.7150441465537444,False
EVR_02,2025,2025-02-15,9.1676,13.9177,5.6554,74.803,105.0673,4.78655,115.71085,13.0,14.58339999999999,8.2623,1.9377000000000004,0.36487784439397075,0.18767243321564378,-0.46830623632929763,-0.05123395337067693,0.7112757519738152,0.7029130847082615,False
EVR_02,2025,2025-02-16,6.9148,8.6393,5.6612,18.6259,40.37955,2.1502499999999998,117.8611,8.200000000000001,29.74199999999999,2.9781000000000004,1.5652999999999997,0.3739030382160554,0.19530860702556238,-0.46962652023596785,-0.021819591465003507,0.7232617254437388,0.6905740195722293,False
EVR_02,2025,2025-02-17,4.958,5.9775,4.4597,257.7149,19.964686,0.21860000000000035,118.0797,8.8,286.59889999999996,1.5178000000000003,1.1626000000000003,0.3841846556700872,0.2144149678516021,-0.46942164614149295,-0.014121919294412921,0.7350336741329413,0.6780306024735382,False
EVR_02,2025,2025-02-18,4.3964,6.9998,0.4264,22.9442,62.22905,0.0,118.0797,13.2,305.8085,6.5733999999999995,3.2984,0.37752922526006116,0.21746347268786198,-0.47950216014548575,-0.010439073049334835,0.746588114532413,0.6652865452111116,False
EVR_02,2025,2025-02-19,0.6098,3.4414,-2.026,21.3989,105.75907,0.0,118.0797,9.5,322.80109999999996,5.4674,3.2929999999999997,0.3695766987209742,0.21708310510982906,-0.49650216944542763,-0.04378814259259889,0.7579216274973472,0.6523456189565257,False
EVR_02,2025,2025-02-20,-0.8797,3.5072,-3.9111,2.2137,147.1097,0.0,118.0797,14.0,320.6361,7.4183,6.7896,0.35291607336659525,0.19872223932054908,-0.4499540872615089,-0.0161331180260203,0.7690308592589181,0.6392116531380588,False
EVR_02,2025,2025-02-21,-1.9925,1.9179,-4.987,0.038,168.27349,0.0,118.0797,14.4,316.6386,6.9049,7.403600000000001,0.3549152750318426,0.18911634643883718,-0.5095823914831298,-0.015805712158886986,0.7799125224167177,0.6258885343075018,False
EVR_02,2025,2025-02-22,-1.9492,3.0092,-5.5175,0.2244,160.26515,0.0,118.0797,11.6,243.45999999999998,8.5267,7.0697,0.37401358635841564,0.19120474188639042,-0.4410870927536174,0.009135741964444888,0.7905633969115482,0.612380204990065,False
EVR_02,2025,2025-02-23,-1.0404,3.6534,-5.0989,1.5461,147.79958,0.0,118.0797,9.4,225.18019999999999,8.7523,4.9882,0.3740047824242765,0.20559409404736745,-0.4770684009503633,0.00010174420822106622,0.8009803309782905,0.5986906625177214,False
EVR_02,2025,2025-02-24,0.2341,5.0652,-3.9167,0.1548,171.55499,0.0,118.0797,11.1,-34.6799,8.9819,4.5961,0.38836280156622716,0.20730358758232081,-0.48682425175948213,0.004178145896139962,0.8111602420785621,0.5848239578463322,False
EVR_02,2025,2025-02-25,4.1815,8.9665,-1.1405,4.2624,115.33209,0.0,118.0797,7.8,-47.9617,10.107,2.798,0.3975508536040706,0.2082069043797278,-0.46523093434424784,0.020021628344009446,0.8211001178128892,0.5707841943569036,False
EVR_02,2025,2025-02-26,5.7651,10.5837,0.5252,0.5222,131.679256,0.5544500000000001,118.63415,11.700000000000001,-71.03840000000001,10.0585,2.0472,0.39209770792938203,0.21664655166291943,-0.4461647340775918,0.022521009208407827,0.8307970168121247,0.5565755266413303,False
EVR_02,2025,2025-02-27,8.5452,13.4968,4.3247,3.4086,114.792344,3.91075,122.5449,11.2,-67.0435,9.1721,2.313299999999999,0.4126225911544718,0.22520690299851262,-0.4487143173555355,0.059706517787876556,0.8402480696078469,0.5422021592729844,False
EVR_02,2025,2025-02-28,8.1937,13.2359,4.781,5.7089,125.09995,4.00845,126.55335,13.799999999999999,-60.7726,8.454900000000002,2.3786999999999994,0.4169550088633253,0.21435601701124812,-0.40651629645820286,0.0620397338314827,0.8494504794814806,0.527668345562516,False
EVR_02,2025,2025-03-01,7.4103,11.9382,3.7142,0.3881,166.66154,2.8262,129.37955,17.4,-66.40889999999999,8.224,3.1558,0.42438802507572365,0.24031481426401344,-0.43072855817863737,0.05037443871730801,0.8584015232918917,0.512978386299228,False
EVR_02,2025,2025-03-02,7.3584,13.2946,1.9795,34.1904,145.95437,2.6370500000000003,132.0166,15.9,-40.264599999999994,11.315100000000001,2.5749999999999993,0.4287502153469597,0.22105946972608256,-0.41792724976862294,0.05474543292268319,0.8670985522812081,0.4981366284784055,False
EVR_02,2025,2025-03-03,5.1263,8.6723,1.6316,9.2988,152.14813,0.15195000000000025,132.16855,20.5,-40.5206,7.0407,4.9886,0.43817495584939675,0.23660971755032506,-0.3827316989306599,0.049812154283169596,0.8755389928586302,0.4831474640149687,False
EVR_02,2025,2025-03-04,4.299,8.5139,0.5805,0.3292,148.43312,0.0,132.16855,16.2,-52.8538,7.9334,4.9801,0.42301953145942245,0.23302751648998096,-0.44167441231884885,0.02546867785535184,0.8837203473619977,0.4680153284438345,False
EVR_02,2025,2025-03-05,5.6591,12.9385,-0.607,0.0069,198.8109,1.16575,133.33429999999998,19.7,-61.36909999999999,13.545499999999999,4.5603,0.41499493960722106,0.22394640812343136,-0.43203065853728945,0.022897231677839025,0.8916401947968874,0.45274469960737107,False
EVR_02,2025,2025-03-06,8.06,16.132,0.5732,0.0004,207.78864,3.3526000000000007,136.6869,23.5,-77.0773,15.558800000000002,6.7029000000000005,0.472890520872734,0.24816584760211713,-0.3755439539216389,0.06026792971826217,0.8992961915530253,0.4373400963303323,False
EVR_02,2025,2025-03-07,8.0105,16.077,0.9178,0.0,214.84098,3.4974000000000007,140.1843,26.599999999999998,-95.58619999999999,15.159200000000002,9.0083,0.4576844011004517,0.24108949853564188,-0.40644577015889577,0.040729392237126405,0.9066860720977985,0.4218060770826634,False
EVR_02,2025,2025-03-08,8.0368,15.52,1.9253,0.0291,206.22646,3.72265,143.90695,24.8,-103.3452,13.5947,7.679099999999999,0.41052563234564243,0.22308719253160103,-0.4701472120453286,-0.013862392730081219,0.9138076496466615,0.4061472386305789,False
EVR_02,2025,2025-03-09,8.2322,15.4068,1.5137,0.0108,207.81763,3.4602500000000003,147.3672,23.400000000000002,-145.0248,13.8931,5.1854000000000005,0.4320477152410057,0.24062857262705434,-0.4299215499122155,0.003297499894046041,0.9206588168102428,0.3903682146763026,False
EVR_02,2025,2025-03-10,10.7611,17.6301,2.8656,0.0111,215.88808,5.24785,152.61505,25.6,-159.4125,14.764499999999998,5.2437000000000005,0.46419371823054617,0.2577358730601778,-0.4024163198053277,0.02601876238114942,0.9272375462179537,0.374473674486883,False
EVR_02,2025,2025-03-11,13.4336,18.7726,7.855,0.0309,205.95246,8.3138,160.92885,25.9,-169.4108,10.9176,4.844799999999999,0.4573846354687689,0.2574954094167288,-0.3867267969130009,0.03436510400934645,0.9335418911179212,0.35846832151248087,False
EVR_02,2025,2025-03-12,15.5112,21.202,9.4604,0.2835,174.05592,10.3312,171.26005,27.3,-176.73420000000002,11.741600000000002,7.4778,0.4548586998310401,0.23869391816039526,-0.40202687899680545,0.039863760223819045,0.9395699859530622,0.342356891994542,False
EVR_02,2025,2025-03-13,16.1588,21.606,10.9886,1.6859,177.14995,11.2973,182.55735,32.4,-183.9487,10.617400000000002,10.2135,0.46856540725562934,0.2581965705595041,-0.3630139317070459,-0.004325113617104637,0.945320046913132,0.3261441535642696,False
EVR_02,2025,2025-03-14,17.1536,22.3365,13.6361,0.1122,214.82776,12.9863,195.54365,34.0,-191.23649999999998,8.7004,6.9375,0.47529209593749455,0.27970797117616053,-0.4282981036776068,0.01760769483704283,0.9507903724625832,0.3098349038318025,False
EVR_02,2025,2025-03-15,17.3028,24.3587,10.7271,0.0171,202.05813,12.5429,208.08655,32.7,-199.1485,13.631599999999999,8.447300000000002,0.47549628994010246,0.2622645052665744,-0.35028290003046164,0.06497065759446002,0.9559793438440766,0.2934339689665273,False
EVR_02,2025,2025-03-16,17.4897,24.7027,10.9166,0.0189,201.46554,12.809650000000001,220.8962,36.8,-212.54039999999998,13.7861,9.585799999999999,0.49140572656156983,0.26813969945037813,-0.39900220558632143,0.05935801132056412,0.9608854255574977,0.27694620226893646,False
EVR_02,2025,2025-03-17,13.821,19.4832,8.88,22.9706,187.3382,9.1816,230.0778,26.1,-190.08089999999999,10.6032,3.9841999999999995,0.4686009014771033,0.2537379811981681,-0.414021649292179,0.004407183246557145,0.9655071658143364,0.2603764827344581,False
EVR_02,2025,2025-03-18,5.4914,8.8803,2.0678,64.3103,121.12546,0.4740500000000001,230.55185,23.8,-123.7015,6.8125,5.1475,0.47963689763659517,0.24618568229100826,-0.4082271589060945,0.022252262167826276,0.969843196967294,0.24372971360968387,False
EVR_02,2025,2025-03-19,3.6035,8.0644,0.2367,3.2038,198.01995,0.0,230.55185,24.299999999999997,-117.7812,7.827699999999999,10.7201,0.4725313982472105,0.26831205151897664,-0.37694495896505037,0.017672698416170418,0.9738922359149924,0.22701082094141847,False
EVR_02,2025,2025-03-20,5.6326,10.953,-0.1845,0.0033,179.37754,0.38424999999999976,230.9361,22.1,-109.1638,11.1375,7.7643,0.520056611331549,0.2964344358197719,-0.3476509285030476,0.05149120407591967,0.9776530844816641,0.2102247521189836,False
EVR_02,2025,2025-03-21,6.8076,12.8369,0.6067,0.0047,224.778,1.7218,232.6579,25.7,-100.9713,12.2302,6.5003,0.48254784707189385,0.2695602098050773,-0.40774685902829844,0.007255751134399302,0.981124629771712,0.19337647441020586,False
EVR_02,2025,2025-03-22,7.777,13.123,2.7084,0.0091,242.79736,2.9156999999999993,235.5736,26.1,-94.3793,10.4146,5.775,0.4890131077515519,0.2669556471203791,-0.3970063107690543,0.013516817811449422,0.984305844499033,0.17647097349152166,False
EVR_02,2025,2025-03-23,11.1043,17.7517,3.6205,10.8604,212.61582,5.6861,241.2597,26.700000000000003,-73.43780000000001,14.1312,4.909400000000001,0.50949421634822,0.28603541317900816,-0.3330968937543237,0.018088489786650175,0.9871957872910085,0.15951325197263655,False
EVR_02,2025,2025-03-24,14.7425,18.9259,10.7679,29.6846,148.57818,9.846899999999998,251.1066,28.2,-68.8238,8.158,6.613199999999999,0.5130266126139441,0.28233484608685105,-0.324745232153436,0.044425711136840795,0.9897936029670716,0.14250832791617088,False
EVR_02,2025,2025-03-25,15.0444,18.3757,12.8661,21.1515,110.00342,10.620899999999999,261.7275,22.4,-110.5826,5.509599999999999,5.725999999999999,0.5161286107819498,0.28454263648034617,-0.3561857424813201,0.036491713145354654,0.992098522791769,0.12546123335273648,False
EVR_02,2025,2025-03-26,15.5205,21.1179,10.097,1.4817,200.11368,10.60745,272.33495,31.0,-119.00470000000001,11.0209,5.2806999999999995,0.5301213765525493,0.2730419434505931,-0.36430092585916374,0.057589978305338796,0.9941098647022418,0.10837701279187609,False
EVR_02,2025,2025-03-27,15.3441,21.4554,10.1296,0.0648,181.16029,10.7925,283.12745,29.9,-126.7432,11.325800000000001,7.3618999999999994,0.5172175933088489,0.27454983586310067,-0.3621644481734833,-0.002839018022700146,0.9958270335100595,0.09126072172931188,False
EVR_02,2025,2025-03-28,12.5779,16.8642,7.739,21.4085,114.10942,7.3016000000000005,290.42905,18.4,-98.0394,9.1252,4.039299999999999,0.5235005067743934,0.2931756952475699,-0.362063965431045,0.04095265970249956,0.9972495210773451,0.07411742515094437,False
EVR_02,2025,2025-03-29,11.7319,17.3834,7.4325,18.0273,167.30216,7.407950000000001,297.837,24.5,-78.4212,9.9509,2.343499999999999,0.5336874543467706,0.27217186728424153,-0.3406464671073855,0.044674346595218684,0.998376906467142,0.056952196034039754,False
EVR_02,2025,2025-03-30,12.2535,17.5434,7.6723,38.2776,195.63163,7.607849999999999,305.44485,27.799999999999997,-52.104,9.871099999999998,2.2249,0.5354623732704636,0.289161947702546,-0.3216984992769159,0.025968156922243635,0.9992088560679753,0.03977011384605572,False
EVR_02,2025,2025-03-31,11.869,16.1563,8.5613,40.9402,146.13226,7.3588000000000005,312.80365,23.0,-35.648399999999995,7.595000000000002,2.216899999999999,0.5529500587538142,0.28898667006131395,-0.3129332154454108,0.03992344613987009,0.9997451236925734,0.022576263041545485,False
EVR_02,2025,2025-04-01,11.6001,14.9449,9.1851,52.6869,132.3317,7.065000000000001,319.86865,25.1,-6.812999999999999,5.7598,2.1173,0.5468453466234996,0.31267015431931444,-0.3459825800288605,0.03071673584154977,0.9999855506507186,0.005375731557583884,False
EVR_02,2025,2025-04-02,10.0194,11.5865,8.9476,23.669,49.88176,5.267049999999999,325.1357,12.1,34.274300000000004,2.6388999999999996,1.6829,0.5370567527163996,0.29629995866999514,-0.3571319248809088,0.006935376163850315,0.9999300657962057,-0.011826390691832589,False
EVR_02,2025,2025-04-03,11.6672,15.2022,8.7176,21.2529,179.2755,6.959899999999999,332.0956,28.299999999999997,57.062400000000004,6.4846,3.302299999999999,0.5315282517042839,0.2867090438184913,-0.35028077156568715,0.014310658395434994,0.9995786855478958,-0.029025013321975237,False
EVR_02,2025,2025-04-04,11.4211,15.5514,6.6506,20.0478,199.7071,6.100999999999999,338.1966,30.599999999999998,43.50170000000001,8.9008,3.347899999999999,0.5339283420029693,0.30193566177732145,-0.32319828161750935,0.010427835228575932,0.9989315138848577,-0.046215046983708354,False
EVR_02,2025,2025-04-05,11.7215,16.0571,7.0336,34.8821,198.33354,6.545349999999999,344.74195,27.400000000000002,57.4565,9.023499999999999,2.694700000000001,0.5450417665559876,0.28848422889362235,-0.34811329151991116,0.01135431220921701,0.9979887423155984,-0.06339140486951038,False
EVR_02,2025,2025-04-06,10.5979,17.2635,4.8923,95.558,206.4481,6.0779,350.81985,34.3,108.2369,12.371200000000002,3.3511999999999995,0.5384889852228855,0.2847407514942491,-0.3340256128409973,0.0030266119524218205,0.9967506498213929,-0.08054900421874167,False
EVR_02,2025,2025-04-07,2.8,4.6693,0.8864,273.7018,54.03522,0.0,350.81985,18.8,345.19849999999997,3.7828999999999997,1.4757999999999998,0.5620393635588289,0.3120666010765216,-0.2973840738325449,0.009089304805014686,0.9952176027737294,-0.09768276782171598,False
EVR_02,2025,2025-04-08,4.6054,9.4431,-1.1309,15.7993,192.7849,0.0,350.81985,26.599999999999998,306.8109,10.574,5.8997,0.5807385112617108,0.34314047211605564,-0.3270529382146665,0.03389316463821124,0.9933900548258936,-0.11478762552212701,False
EVR_02,2025,2025-04-09,5.3736,10.4018,-0.7945,4.0119,198.38114,0.0,350.81985,28.0,271.25379999999996,11.196299999999999,6.4146,0.5706282273546002,0.3213660162098437,-0.3048760617238723,0.03357147463820054,0.9912685467787256,-0.13185851571739118,False
EVR_02,2025,2025-04-10,8.9075,14.1094,2.278,8.3797,236.12144,3.1936999999999998,354.01355,34.2,252.48059999999998,11.8314,5.538600000000001,0.5783790174744877,0.3218038089151746,-0.3148523048559719,0.04685076577020386,0.9888537064205885,-0.1488903868564548,False
EVR_02,2025,2025-04-11,5.706,10.7272,-0.6364,2.2082,236.7692,0.045399999999999885,354.05895,35.3,229.941,11.3636,8.5394,0.5702943622896295,0.2960093663839618,-0.28768236217942433,0.03636602028666014,0.986146248341595,-0.16587819893463143,False
EVR_02,2025,2025-04-12,8.3843,12.1067,4.6447,93.088,140.0487,3.3757,357.43465,26.599999999999998,288.9469,7.462,4.0661,0.6002160556536307,0.3248555556231072,-0.3263758044953224,0.0551742890976431,0.9831469737221499,-0.1828169249850199,False
EVR_02,2025,2025-04-13,8.9583,13.7329,3.581,6.0063,230.15472,3.65695,361.09159999999997,31.6,202.09519999999998,10.151900000000001,5.4773,0.6174193128606842,0.34696455604859533,-0.262174414713382,0.07893032763779873,0.9798567700958665,-0.1997015525660636,False
EVR_02,2025,2025-04-14,9.7482,13.722,4.2611,0.0396,214.64822,3.99155,365.08315,31.8,-84.567,9.460899999999999,5.8315,0.658331495473131,0.37493741162294153,-0.2969604774489455,0.09629213191430208,0.9762766110869321,-0.21652708524481437,False
EVR_02,2025,2025-04-15,10.788,16.9436,3.8028,0.0137,267.15558,5.373200000000001,370.45635,38.800000000000004,-112.55260000000001,13.1408,5.0891,0.6593011441798337,0.3602717257140901,-0.26118881294268864,0.07856263291812282,0.9724075561219968,-0.23328854407545518,False
EVR_02,2025,2025-04-16,12.8481,19.9782,5.6151,0.0008,280.44688,7.79665,378.253,46.5,-135.0637,14.363100000000001,6.713400000000001,0.656016629518963,0.3465684278314368,-0.2710194273390527,0.08538840216436283,0.9682507501166718,-0.2499809690726521,False
EVR_02,2025,2025-04-17,13.6561,21.1914,7.1642,0.0206,265.45077,9.177800000000001,387.4308,43.8,-153.0228,14.0272,5.276200000000001,0.6474326592857833,0.3611922998542325,-0.22629787589953645,0.06905364181129559,0.9638074231367307,-0.26659942067929354,False
EVR_02,2025,2025-04-18,13.0051,19.6905,7.7234,0.2776,264.52982,8.706949999999999,396.13775,39.300000000000004,-158.9534,11.9671,3.6892000000000014,0.6674355261227717,0.3564302467821882,-0.26053272435143715,0.0971411638331422,0.9590788900341131,-0.28313898122818354,False
EVR_02,2025,2025-04-19,13.1604,18.5708,6.7278,3.1225,224.47114,7.6493,403.78705,32.5,-254.81889999999999,11.842999999999998,3.541599999999999,0.6679966239953514,0.3887561489041764,-0.24873846851359596,0.06778056834172075,0.9540665500578387,-0.2995947563972602,False
EVR_02,2025,2025-04-20,14.2087,20.231,9.2145,0.6502,250.52426,9.722750000000001,413.5098,38.3,-266.875,11.016500000000002,4.0001,0.7141363783857375,0.38381431118465276,-0.22464529061797853,0.09671706552505333,0.9487718864399473,-0.31596187665790293,False
EVR_02,2025,2025-04-21,15.7341,22.0792,8.9191,0.0607,281.59523,10.49915,424.00895,43.4,-278.4539,13.1601,4.984500000000001,0.6883018432617177,0.38055204580358554,-0.1974021656522788,0.02997034778858676,0.9431964659565866,-0.33223549871590435,False
EVR_02,2025,2025-04-22,14.9164,21.2507,8.6288,0.0161,289.8218,9.93975,433.9487,47.5,-287.1515,12.621899999999998,6.437099999999999,0.7006645960144552,0.39161654961198655,-0.21506008595053913,0.041363451834621534,0.9373419384643772,-0.3484108069446808,False
EVR_02,2025,2025-04-23,13.0899,20.0647,7.894,0.1779,278.82995,8.97935,442.92805,40.300000000000004,-280.7744,12.170699999999998,4.1464,0.6963467252538493,0.39170895900455915,-0.2099217819400214,0.04033009573488633,0.9312100364121947,-0.3644830148102912,False
EVR_02,2025,2025-04-24,12.8398,18.393,8.9112,0.6847,207.74077,8.6521,451.58015,31.2,-267.5103,9.481800000000002,4.0394000000000005,0.7110168206899402,0.385193779296721,-0.18892828273003096,0.0635841614041569,0.9248025743285089,-0.38044736628785164,False
EVR_02,2025,2025-04-25,14.1242,19.4536,8.8765,0.4407,237.38325,9.16505,460.7452,34.7,-262.7472,10.577100000000002,4.3414,0.7195174426297464,0.39593018981079076,-0.18376452747511626,0.05208191650697469,0.9181214482844364,-0.39629913726891813,False
EVR_02,2025,2025-04-26,16.3378,22.6165,10.2697,57.1659,261.95462,11.443100000000001,472.1883,43.9,-220.10379999999998,12.346799999999998,4.724900000000002,0.7355995269178877,0.383336414285799,-0.17671792717920454,0.06760290292253623,0.9111686353326631,-0.41203363695942635,False
EVR_02,2025,2025-04-27,13.047,17.2687,8.0052,5.7769,251.57678,7.636949999999999,479.82525,40.800000000000004,-217.4771,9.263499999999999,5.990100000000001,0.7240759488772336,0.39230963919934536,-0.19466702473269307,0.009939570491496075,0.9039461929224011,-0.42764620926777464,False
EVR_02,2025,2025-04-28,10.5963,14.6904,7.532,0.0811,286.32637,6.1112,485.93645,41.8,-215.8567,7.1584,8.3135,0.7495755619028411,0.407086657887614,-0.17236697828961065,0.06127371864112341,0.8964562582905575,-0.44313223418263453,False
EVR_02,2025,2025-04-29,9.5995,13.3987,6.6668,0.0819,264.89334,5.03275,490.9692,34.1,-202.3909,6.7318999999999996,6.728100000000001,0.756156369558827,0.4254262197128476,-0.17942762199398793,0.05549177354437185,0.8887010478292915,-0.45848712914008766,False
EVR_02,2025,2025-04-30,10.6891,16.2563,6.0791,0.0142,296.47872,6.1677,497.1369,39.0,-201.25459999999998,10.1772,7.2551,0.7619794713579233,0.4027206316350389,-0.1489048181845012,0.06563274610407399,0.8806828564301475,-0.47370635037968,False
EVR_02,2025,2025-05-01,12.0832,17.8323,7.4041,0.1059,266.3355,7.6182,504.7551,40.099999999999994,-210.7334,10.4282,8.9936,0.7575661576013234,0.4161959040061462,-0.18465755813010482,0.04654933691138319,0.8724040568049612,-0.48878539428899265,False
EVR_02,2025,2025-05-02,13.5548,20.9666,7.0743,1.2613,292.02893,9.02045,513.77555,41.0,-216.21279999999996,13.892299999999999,7.5051000000000005,0.7991782701178711,0.4426521906183049,-0.13789221675439906,0.07966082748812475,0.8638670987837349,-0.503719798736334,False
EVR_02,2025,2025-05-03,13.4537,20.4306,4.8857,0.1081,317.24045,7.658149999999999,521.4337,44.5,-273.87059999999997,15.544899999999998,7.5477,0.7709387465665226,0.42520660047653647,-0.1547099125589383,0.035339219648634956,0.8550745085896932,-0.518505144391157,False
EVR_02,2025,2025-05-04,16.8875,24.2438,8.5759,0.012,305.67114,11.409849999999999,532.84355,48.7,-287.5355,15.6679,9.428999999999998,0.793553447829311,0.4434813600722669,-0.13106312059191658,0.06947749895207744,0.8460288880917339,-0.533137056031809,False
EVR_02,2025,2025-05-05,19.0305,26.1316,11.3317,0.0258,272.81488,13.731649999999998,546.5752,46.5,-292.2908,14.7999,9.3832,0.7996460756489429,0.4527577188735457,-0.1276327466992286,0.05007051374610172,0.8367329140344921,-0.5476112038402312,False
EVR_02,2025,2025-05-06,20.6301,26.8696,14.0013,0.2871,295.66445,15.43545,562.0106499999999,51.1,-309.0856,12.868299999999998,8.880099999999999,0.7906402337093098,0.4337450185224397,-0.1426020955940013,0.03448386415048277,0.8271893372462497,-0.5619233046832195,False
EVR_02,2025,2025-05-07,20.6685,26.8815,14.7435,3.481,291.08688,15.8125,577.8231499999999,51.9,-318.5188,12.138,9.354000000000001,0.7838671662751739,0.43094608094150827,-0.1452214131023491,0.021887694917250622,0.8174009818249189,-0.5760691233798758,False
EVR_02,2025,2025-05-08,19.3893,24.6451,13.3242,0.2222,288.95114,13.984649999999998,591.8078,42.3,-320.60249999999996,11.3209,6.192599999999999,0.7717590569889965,0.41392204862359444,-0.15272435269269846,0.014192899387673097,0.8073707443023492,-0.5900444739548627,False
EVR_02,2025,2025-05-09,19.3927,25.1543,14.3491,6.8018,262.80371,14.7517,606.5595,40.7,-314.762,10.8052,6.274800000000001,0.7684443472740686,0.4306122639067318,-0.15567953231487167,-0.030733922843802497,0.7971015927871943,-0.6038452208771035,False
EVR_02,2025,2025-05-10,12.9174,14.4406,10.3827,113.9669,90.63513,7.41165,613.97115,25.2,-181.60319999999996,4.0579,2.9216000000000015,0.7725829539415362,0.43288272727324406,-0.1344256415591412,0.0016442073750135844,0.7865965660866021,-0.6174672802835514,False
EVR_02,2025,2025-05-11,13.9164,18.8582,8.5226,6.168,252.4397,8.6904,622.66155,35.9,-162.6472,10.3356,5.753399999999999,0.7878257177989614,0.4310861062315903,-0.1491596734966071,-0.005727730030349654,0.7758587728069828,-0.6309066211876704,False
EVR_02,2025,2025-05-12,14.8907,19.8102,10.2854,10.749,244.26939,10.047799999999999,632.70935,35.4,-140.82399999999998,9.524799999999999,5.263400000000001,0.7917962716342601,0.42727980371480717,-0.1459791672775613,-0.007849804014682715,0.7648913904341225,-0.6441592666722685,False
EVR_02,2025,2025-05-13,13.2825,17.4171,8.853,23.3384,219.78851,8.13505,640.8444,34.6,-101.27269999999999,8.564100000000002,5.646000000000001,0.775086372927248,0.4307692465820429,-0.16960138122623952,-0.01555386078206178,0.753697664392914,-0.6572212950663319,False
EVR_02,2025,2025-05-14,13.2527,17.8508,7.9643,5.0796,282.4591,7.9075500000000005,648.75195,38.699999999999996,-86.47409999999999,9.8865,7.286300000000001,0.7522499289734885,0.40492916688969416,-0.14871377081858078,-0.03161723730168542,0.742280907086982,-0.6700888411055113,False
EVR_02,2025,2025-05-15,15.6729,21.2254,9.3457,0.3111,320.02736,10.28555,659.0375,43.6,-87.68519999999998,11.8797,8.2439,0.752987193705997,0.4257249989652662,-0.14689420074229137,-0.018771863282999512,0.7306444969184916,-0.6827580970759147,False
EVR_02,2025,2025-05-16,16.2197,20.2139,11.0044,16.4074,161.70914,10.60915,669.64665,27.7,-65.07959999999999,9.209499999999998,7.428099999999999,0.7467398574403434,0.4142073423636315,-0.16334427913982802,-0.021704489833725193,0.7187918772884232,-0.6952253139408722,False
EVR_02,2025,2025-05-17,16.1136,18.847,11.886,255.5524,152.50883,10.3665,680.01315,33.2,68.5059,6.961000000000002,3.997600000000002,0.7592380968698266,0.40750834858122487,-0.17481794791780217,-0.013344857071709626,0.7067265555776158,-0.7074868024503348,False
EVR_02,2025,2025-05-18,15.4719,20.4348,11.3639,95.6842,254.41846,10.899349999999998,690.9125,44.5,149.4221,9.0709,4.7188,0.7603964200373012,0.40631811026078946,-0.17195114286479365,-0.027429297761660143,0.6944521021088763,-0.719538934232584,False
EVR_02,2025,2025-05-19,17.1581,22.8922,10.2539,4.5699,305.26474,11.573049999999999,702.48555,52.3,126.34300000000002,12.6383,7.6424,0.7592296218195203,0.4495026302156445,-0.13697082462288518,-0.03256664981473989,0.6819721490904629,-0.7313781428679254,False
EVR_02,2025,2025-05-20,18.1845,23.493,12.3835,0.3174,277.40624,12.93825,715.4238,48.7,89.22200000000001,11.109499999999999,7.2988,0.7162974814802768,0.4019009019256252,-0.19046930022067854,-0.05878889144697119,0.6692903895412567,-0.7430009249440493,False
EVR_02,2025,2025-05-21,20.0062,25.5753,13.7404,0.0497,314.48707,14.65785,730.08165,52.5,70.3921,11.8349,7.1622,0.72254320622705,0.39634254853920015,-0.2031581384637052,-0.029706722746438485,0.6564105761979381,-0.7544038410927472,False
EVR_02,2025,2025-05-22,21.3906,28.1546,15.3402,1.6341,311.49213,16.7474,746.8290499999999,54.9,60.41510000000001,12.8144,8.3102,0.7040544476345533,0.3828327498557306,-0.22237783363120367,-0.04893274607144371,0.6433365204044917,-0.765583517007675,False
EVR_02,2025,2025-05-23,22.2899,28.2752,15.7512,0.1593,309.70176,17.0132,763.84225,54.5,17.367000000000004,12.524000000000001,9.4002,0.698581376974956,0.39726482726909157,-0.2158478052821546,-0.0481584804653874,0.6300720909843687,-0.7765366444428655,False
EVR_02,2025,2025-05-24,22.7933,29.1727,17.0868,0.4281,306.86102,18.12975,781.972,54.0,-258.55729999999994,12.085899999999999,8.317999999999998,0.6947733804045259,0.3860996751424511,-0.2112800322384217,-0.06446471646530072,0.6166212130956382,-0.7872599821916922,False
EVR_02,2025,2025-05-25,19.6535,25.195,16.2255,58.1328,248.71154,15.710250000000002,797.68225,38.699999999999996,-290.3087,8.9695,4.607500000000002,0.7032561972988125,0.37924681745732275,-0.2261292482804902,-0.05714022273848873,0.6029878670694714,-0.7977503570459932,False
EVR_02,2025,2025-05-26,16.0304,20.6007,11.6725,112.532,228.68557,11.136600000000001,808.81885,52.0,-182.04659999999998,8.9282,6.723800000000001,0.7244541358693092,0.39514621081842255,-0.15802717218681675,-0.03477548595021107,0.5891760872322963,-0.8080046647350754,False
EVR_02,2025,2025-05-27,17.7297,22.8563,10.9507,7.0871,244.8954,11.903500000000001,820.72235,43.7,-170.27689999999998,11.905600000000002,7.0009000000000015,0.697298082030187,0.37881212123725416,-0.1929715355259488,-0.018999399450089882,0.5751899607119775,-0.8180198708443174,False
EVR_02,2025,2025-05-28,19.1256,23.538,12.8747,6.178,280.76266,13.20635,833.9287,48.4,-160.04859999999996,10.6633,7.726899999999999,0.6658306048230201,0.36626953761451614,-0.21686900370471626,-0.056712601404029894,0.5610336262283677,-0.8277930117131022,False
EVR_02,2025,2025-05-29,18.9002,23.9185,13.1756,4.8011,298.5387,13.547049999999999,847.47575,50.3,-152.28159999999997,10.742900000000002,6.968600000000002,0.698143716485037,0.3882918729960712,-0.21787217621400318,-0.005910731149516235,0.5467112728685939,-0.8373211953118121,False
EVR_02,2025,2025-05-30,17.8902,22.0817,12.9819,110.8988,256.19968,12.5318,860.00755,40.9,-27.942099999999982,9.099800000000002,4.0168,0.696894886253144,0.35539767401486083,-0.2042914261436369,-0.0016864907218120395,0.5322271388474397,-0.8466016020976267,False
EVR_02,2025,2025-05-31,18.3246,22.8413,13.8286,13.45,279.10112,13.33495,873.3425,50.1,-11.020199999999988,9.0127,6.423500000000001,0.6539047634691574,0.35703621068684266,-0.2204963370989806,-0.040868616935368474,0.5175855102531889,-0.8556314858488706,False
EVR_02,2025,2025-06-01,19.4581,25.0497,12.409,1.0087,285.20262,13.72935,887.07185,52.1,-81.54429999999999,12.6407,8.342700000000002,0.6475132546035035,0.3462188947954553,-0.21850789646878047,-0.055742942695308995,0.5027907197793043,-0.8644081744776648,False
EVR_02,2025,2025-06-02,21.0213,26.678,13.4827,0.3764,306.67994,15.08035,902.1522,53.699999999999996,-195.3999,13.195300000000001,8.4926,0.6368947024095702,0.3589814568367292,-0.2722553041066061,-0.08755943345973893,0.4878471454423119,-0.8729290708206411,False
EVR_02,2025,2025-06-03,22.8087,27.9365,17.2089,0.0882,323.16368,17.572699999999998,919.7248999999999,55.199999999999996,-213.8988,10.727599999999999,8.065500000000002,0.6511344852174049,0.3476540377448819,-0.27886600225667196,-0.04616359681278204,0.47275920928627757,-0.881191653407483,False
EVR_02,2025,2025-06-04,24.8707,30.489,18.3342,0.1692,305.22045,19.4116,939.1365,54.6,-226.1076,12.154800000000002,8.424299999999999,0.6306944559724806,0.34349736257726865,-0.24842065757801118,-0.035136148850539506,0.4575313760742512,-0.8891934772070711,False
EVR_02,2025,2025-06-05,24.7544,31.0603,17.9035,0.024,321.19494,19.481900000000003,958.6184,59.8,-240.38469999999998,13.1568,10.9829,0.6273478761452425,0.350228404990836,-0.2782007327582243,-0.07079584033979458,0.44216815196707204,-0.8969321743510065,False
EVR_02,2025,2025-06-06,23.3125,30.1514,17.2777,0.001,332.8172,18.71455,977.33295,54.199999999999996,-364.5825,12.8737,9.0068,0.6346767530869035,0.3523337309078719,-0.24649378585581955,-0.062218133166240475,0.42667408318992467,-0.9044054548343001,False
EVR_02,2025,2025-06-07,21.7334,28.4453,15.9715,0.0065,336.05002,17.2084,994.54135,46.6,-374.526,12.473799999999999,7.802899999999999,0.6029176992236204,0.33010272459416307,-0.30928355883397407,-0.050987064245537006,0.4110537546870351,-0.9116111071930239,False
EVR_02,2025,2025-06-08,21.8646,29.0713,15.2951,0.0064,340.91274,17.1832,1011.72455,45.699999999999996,-369.12829999999997,13.776200000000001,8.0641,0.603120416657483,0.32681561373335904,-0.3020581629465784,-0.04439283794602056,0.3953117887649151,-0.9185469991587165,False
EVR_02,2025,2025-06-09,22.4779,30.8042,13.8061,0.0137,337.78403,17.30515,1029.0297,42.9,-358.6909999999999,16.9981,7.971100000000002,0.5959257875283293,0.31523548683991354,-0.2822871364386625,-0.04096891488124099,0.37945284372454435,-0.925211078289358,False
EVR_02,2025,2025-06-10,22.5768,28.0669,17.4945,0.6171,320.08458,17.7807,1046.8104,35.5,-338.46209999999996,10.572400000000002,8.572799999999999,0.5672302026998367,0.29969545840463474,-0.28787999850591184,-0.08390428251756821,0.36348161248290634,-0.9316013725767187,False
EVR_02,2025,2025-06-11,23.299,29.765,17.2586,0.0487,322.42822,18.5118,1065.3222,38.9,-322.88259999999997,12.5064,10.3315,0.5657423837617491,0.30412354937159464,-0.30962584509085217,-0.06495207221073152,0.3474028211842774,-0.9377159910299093,False
EVR_02,2025,2025-06-12,23.6128,30.5002,16.2326,0.002,332.21293,18.3664,1083.6886,40.5,-303.60459999999995,14.267599999999998,8.9398,0.5491796546996032,0.3046717297704429,-0.3415053510617167,-0.07816822144563929,0.3312212278016865,-0.9435531242349544,False
EVR_02,2025,2025-06-13,22.6441,28.1267,17.4971,0.0164,324.92134,17.8119,1101.5005,34.3,-283.68919999999997,10.6296,9.233200000000002,0.531650239124326,0.2756192747776851,-0.35618383036223045,-0.10302651396257756,0.31494162072895193,-0.9491110448902284,False
EVR_02,2025,2025-06-14,21.5621,26.1847,17.2491,1.6055,287.2012,16.7169,1118.2174,28.0,-263.49019999999996,8.9356,8.914200000000001,0.5383445986736672,0.2814663038257497,-0.3626156302860006,-0.06457310054995313,0.2985688173637202,-0.9543881083175908,False
EVR_02,2025,2025-06-15,21.3745,26.6017,15.4793,1.088,289.6145,16.0405,1134.2579,28.5,-245.20859999999996,11.1224,9.795100000000001,0.5216305457499415,0.30724628513689434,-0.34813594255863817,-0.08148987090754145,0.2821076626819194,-0.9593827529490743,False
EVR_02,2025,2025-06-16,22.4613,28.5597,14.2679,0.0832,322.41437,16.4138,1150.6717,32.9,-235.13909999999996,14.2918,10.6132,0.5174915644098315,0.30579305063673484,-0.354886903664769,-0.07843422311849779,0.26556302780405594,-0.9640935007889755,False
EVR_02,2025,2025-06-17,24.8915,30.7764,18.037,0.0168,326.63843,19.4067,1170.0784,34.7,-234.93939999999995,12.7394,11.5752,0.4981002926339121,0.274604799799142,-0.39676584895264194,-0.06912991006592462,0.24893980855376657,-0.9685189578512204,False
EVR_02,2025,2025-06-18,24.7183,31.0513,17.0594,0.1201,327.22886,19.05535,1189.13375,32.800000000000004,-228.76799999999994,13.991900000000001,10.558,0.46500528970188504,0.2708923343885351,-0.40510040608791203,-0.10073709405986409,0.23224292400907015,-0.9726578145718654,False
EVR_02,2025,2025-06-19,25.2043,30.6866,18.662,0.0704,320.75104,19.6743,1208.80805,31.4,-219.59959999999995,12.0246,9.7287,0.4491555883552657,0.24661577281165542,-0.4391951333884223,-0.10002406634433747,0.21547731504673012,-0.976508846196619,False
EVR_02,2025,2025-06-20,24.6663,31.2311,19.4927,17.4103,284.74982,20.3619,1229.16995,28.8,-196.70569999999998,11.738400000000002,8.4158,0.480548091568624,0.28082496003024376,-0.37658926217983213,-0.05110214755570197,0.19864794288017112,-0.9800709131432666,False
EVR_02,2025,2025-06-21,22.1235,26.6252,17.958,1.5821,286.8773,17.2916,1246.46155,24.9,-193.62909999999997,8.667200000000001,9.8221,0.44657887768824084,0.24754052006451369,-0.3961591852033329,-0.0917657209854264,0.18175978759137534,-0.9833429613388902,False
EVR_02,2025,2025-06-22,21.6487,26.522,16.2533,0.0183,295.40707,16.38765,1262.8491999999999,23.2,-189.39879999999994,10.268699999999999,10.893900000000002,0.4322941288497471,0.25120864219386096,-0.41201402221722194,-0.0893364169001944,0.16481784665719793,-0.9863240225317866,False
EVR_02,2025,2025-06-23,24.4625,31.191,16.4956,0.0067,339.03728,18.8433,1281.6924999999999,31.4,-187.97529999999995,14.6954,12.140699999999999,0.44417968238231187,0.237870084595241,-0.41958867030944363,-0.07331188202751959,0.14782713347053048,-0.9890132145779883,False
EVR_02,2025,2025-06-24,26.434,32.3891,18.7178,0.018,342.7116,20.553449999999998,1302.24595,34.2,-187.47409999999996,13.671299999999999,13.582600000000001,0.42310495823583844,0.2395615322685461,-0.4435324216519071,-0.07499533439807365,0.13079267585675922,-0.9914097417023038,False
EVR_02,2025,2025-06-25,28.174,34.9853,22.0284,0.0124,336.72698,23.50685,1325.7528,33.2,-187.98179999999996,12.956900000000001,13.8988,0.38996083921243796,0.22028274089588254,-0.45853843583412596,-0.07504445048944708,0.11371951458594969,-0.9935128947338007,False
EVR_02,2025,2025-06-26,28.5848,35.8756,18.9508,0.0009,337.55533,22.4132,1348.166,33.2,-189.85129999999995,16.924799999999998,14.728100000000001,0.34988533454836057,0.20304448033056757,-0.47171466822118796,-0.09927025380690513,0.0966127018812031,-0.9953220513156602,False
EVR_02,2025,2025-06-27,28.7667,34.8871,22.2137,0.0,331.14115,23.550399999999996,1371.7164,30.599999999999998,-209.06159999999997,12.673399999999997,14.9709,0.41073503438392645,0.23454603174784502,-0.4321978785476165,-0.06981305718469755,0.07947729992362097,-0.9968366760893436,False
EVR_02,2025,2025-06-28,25.4832,30.3151,21.8145,17.309,283.762,21.064799999999998,1392.7812,22.700000000000003,-191.13469999999995,8.500600000000002,9.5869,0.3788454447635568,0.2078350591902188,-0.452809089431669,-0.06773343292468403,0.062318379354325076,-0.998056320853012,False
EVR_02,2025,2025-06-29,23.5329,26.9345,20.09,1.6305,305.71696,18.51225,1411.29345,21.1,-187.42249999999996,6.8445,11.9296,0.36794896486082856,0.2056582502415902,-0.48299314449672986,-0.06434516398891854,0.04514101777397193,-0.9989806246941579,False
EVR_02,2025,2025-06-30,25.5818,30.7511,17.923,0.2108,274.5983,19.337049999999998,1430.6305,21.5,-177.31839999999997,12.828100000000003,10.763700000000002,0.37485025844531716,0.20327446933989265,-0.45317185413107625,-0.0693294239369947,0.02795029824021032,-0.999609314096404,False
EVR_02,2025,2025-07-01,24.8357,30.4429,19.8228,42.7716,274.4213,20.13285,1450.76335,23.8,-124.16479999999996,10.6201,7.726299999999998,0.33476911519871,0.20086427770380522,-0.513470123680675,-0.08833584303712844,0.01075130776352193,-0.9999422030204416,False
EVR_02,2025,2025-07-02,23.3542,28.4169,17.9229,3.5386,298.74634,18.1699,1468.93325,26.1,-113.53859999999996,10.494,10.0017,0.3233055986910036,0.18194429787751595,-0.4888695399288377,-0.06665524052143434,-0.00645086419810515,-0.9999791929590823,False
EVR_02,2025,2025-07-03,23.8513,30.7578,15.695,0.0382,334.2566,18.226399999999998,1487.15965,28.1,-108.40129999999996,15.0628,11.682599999999999,0.3537985245970672,0.18292787064430208,-0.49290254088805363,0.003913190048706605,-0.023651127245231586,-0.9997202729664083,False
EVR_02,2025,2025-07-04,24.5339,30.7881,17.1995,0.0051,332.39203,18.9938,1506.15345,25.2,-102.99619999999997,13.5886,10.541699999999999,0.32477662027248666,0.18359883778427805,-0.5014263852003171,-0.08595841411143978,-0.04084439154329611,-0.9991655196610109,False
EVR_02,2025,2025-07-05,25.3529,32.1612,17.27,0.0078,336.77533,19.715600000000002,1525.86905,25.4,-122.99739999999997,14.891200000000001,11.932100000000002,0.3288632689870302,0.18473046744333935,-0.5092054894168914,-0.04998217577652658,-0.05802556932878035,-0.9983150972033183,False
EVR_02,2025,2025-07-06,26.3066,33.6176,19.3001,0.0026,333.53606,21.45885,1547.3279,23.2,-126.72529999999996,14.317500000000003,11.5717,0.2910100276689477,0.14570294522150803,-0.5251715181614585,-0.07693893719188089,-0.07518957641475855,-0.9971692572470178,False
EVR_02,2025,2025-07-07,27.2772,34.8079,19.3214,0.0004,332.8333,22.06465,1569.39255,24.2,-129.63569999999996,15.486499999999996,11.1936,0.27755672045483626,0.16033154656000428,-0.5358449739667029,-0.0972935379904809,-0.09233133369539122,-0.9957283388645872,False
EVR_02,2025,2025-07-08,27.3331,34.4632,19.5806,0.0,332.004,22.021900000000002,1591.41445,23.599999999999998,-172.20729999999995,14.8826,10.886300000000002,0.25136781825738197,0.12044104193068361,-0.6053844535858004,-0.08340129694132803,-0.10944576864891556,-0.993992768446958,False
EVR_02,2025,2025-07-09,28.4336,36.4032,19.764,0.0262,331.33174,23.083599999999997,1614.49805,23.2,-172.81969999999995,16.6392,12.618999999999998,0.21308505471109285,0.12386916362551427,-0.5573715314726732,-0.11022054397991077,-0.12652781683868314,-0.9919630595773397,False
EVR_02,2025,2025-07-10,24.4268,29.6821,19.9057,0.0098,297.90784,19.7939,1634.29195,17.0,-161.74809999999997,9.776399999999999,12.8951,0.27674582301614775,0.15228827495300548,-0.5430762093918866,-0.07705270158091942,-0.1435724234118113,-0.9896398128792412,False
EVR_02,2025,2025-07-11,24.6824,30.1759,19.9496,0.0017,287.51818,20.06275,1654.3547,15.0,-151.55149999999998,10.226299999999998,10.868400000000001,0.23156904570098766,0.1416148651267771,-0.5920379116626598,-0.093207574571499,-0.16057454459499376,-0.9870237158387383,False
EVR_02,2025,2025-07-12,24.9115,30.9244,19.1894,0.0132,319.7253,20.0569,1674.4116,15.8,-141.94609999999997,11.735,10.0775,0.2471389825398432,0.11615507948420378,-0.5781928369872166,-0.08172428644718702,-0.17752914918703497,-0.984115542601034,False
EVR_02,2025,2025-07-13,25.9457,32.5748,18.5128,0.0086,330.26928,20.5438,1694.9554,16.8,-135.54009999999997,14.062000000000005,12.9005,0.2234399485845473,0.13757618834127144,-0.5964862521737536,-0.06757007908440038,-0.19443122004766195,-0.9809161537413774,False
EVR_02,2025,2025-07-14,26.4538,33.2906,18.4572,0.0009,331.62883,20.8739,1715.8292999999999,17.2,-128.53959999999995,14.833399999999997,14.556700000000001,0.2596983800517035,0.14174692523412213,-0.5481499312605931,-0.017858340403132777,-0.2112757555821793,-0.9774264960104055,False
EVR_02,2025,2025-07-15,27.2894,33.1195,21.4676,0.0034,325.58858,22.293550000000003,1738.12285,15.8,-120.73619999999997,11.651900000000001,13.339400000000001,0.254573235076386,0.1263781015962866,-0.5732949161270574,0.0032054168190040477,-0.2280577712215198,-0.9736476020539838,False
EVR_02,2025,2025-07-16,28.2607,34.2928,21.5253,0.0052,322.91565,22.90905,1761.0319,17.5,-115.05719999999997,12.767499999999998,15.7924,0.2661779559271565,0.13624636449118102,-0.5709585616356049,0.05309290121606364,-0.24477230089725957,-0.9695805901076308,False
EVR_02,2025,2025-07-17,28.2452,34.4956,21.0209,0.0185,316.31258,22.758250000000004,1783.79015,17.9,-115.94849999999997,13.474700000000002,12.9589,0.2374705056764297,0.15325195192554608,-0.5791145571039612,-0.03927531733971806,-0.2614143985111562,-0.965226663665613,False
EVR_02,2025,2025-07-18,26.0275,30.8287,22.0835,0.4126,294.0542,21.4561,1805.24625,13.899999999999999,-114.43759999999996,8.7452,9.7821,0.2426643618747472,0.12196001715977194,-0.6072091543486836,0.011095316173759528,-0.2779791393987801,-0.9605871111248129,False
EVR_02,2025,2025-07-19,26.0808,31.0231,21.4319,5.5167,262.26634,21.2275,1826.4737499999999,13.6,-106.73409999999996,9.5912,10.2596,0.23752095999168327,0.12646769034385288,-0.5687293096488327,-0.009618022548159938,-0.2944616217868012,-0.9556633054034704,False
EVR_02,2025,2025-07-20,27.3829,33.5088,19.3886,0.4006,315.54768,21.448700000000002,1847.92245,17.8,-107.34209999999995,14.1202,13.293099999999999,0.23347805351866552,0.12650983306962857,-0.5826431219816381,0.01003810493411822,-0.3108569682435036,-0.9504567035349151,False
EVR_02,2025,2025-07-21,28.7194,34.0351,21.9263,0.0004,315.65152,22.9807,1870.90315,17.5,-107.64259999999996,12.108799999999999,13.526,0.23075721683078798,0.10116702988506088,-0.590896987334354,-0.0289411632209155,-0.3271603271220951,-0.9449688462364056,False
EVR_02,2025,2025-07-22,30.5343,37.1279,22.8126,0.0,315.04074,24.97025,1895.8734,17.7,-109.54599999999995,14.315299999999997,13.8381,0.1856699791760527,0.09873466854590883,-0.6278106157428192,-0.0689032559003333,-0.34336687399638804,-0.939201357453208,False
EVR_02,2025,2025-07-23,31.3134,38.7404,25.1099,0.0098,316.62502,26.925150000000002,1922.79855,18.8,-110.84139999999995,13.630500000000001,14.349,0.20291941810691888,0.1195739022840206,-0.5757334661335523,-0.0632585378202376,-0.3594718130884232,-0.9331559438780432,False
EVR_02,2025,2025-07-24,28.7413,35.1906,23.6281,0.0129,315.527,24.409350000000003,1947.2079,12.9,-105.84699999999995,11.562500000000004,11.0338,0.21275969470112954,0.11734416456266246,-0.6111947517724918,-0.024710810975300146,-0.3754703786876202,-0.9268343944460494,False
EVR_02,2025,2025-07-25,28.5206,35.3185,22.3186,0.0013,313.73162,23.818550000000002,1971.02645,12.9,-105.25829999999996,12.9999,11.006700000000002,0.17845928787201132,0.10900388929704077,-0.6312589732611812,-0.06420507400273587,-0.3913578365610259,-0.9202385798054075,False
EVR_02,2025,2025-07-26,28.5467,34.936,22.4518,0.0,316.641,23.6939,1994.72035,12.4,-109.57499999999996,12.484200000000001,13.121200000000002,0.2220738043657046,0.1294021684783487,-0.6243555933552238,-0.015447155625978676,-0.4071294853542516,-0.9133704517637858,False
EVR_02,2025,2025-07-27,28.7665,35.6946,22.9581,0.0,317.4831,24.32635,2019.0467,12.6,-104.77559999999997,12.7365,11.077000000000002,0.19426413063693354,0.11366519049764712,-0.6422332791372517,-0.03921392288173198,-0.4227806579826773,-0.9062320427107697,False
EVR_02,2025,2025-07-28,28.8137,35.1498,20.9096,0.0,308.7963,23.0297,2042.0764,12.9,-100.17599999999996,14.240199999999998,9.384,0.18065251251573616,0.09277614258809944,-0.6255327657906522,-0.05010470431505182,-0.4383067230125192,-0.898825465016444,False
EVR_02,2025,2025-07-29,29.1809,35.5092,23.011,0.0,308.54173,24.2601,2066.3365,12.8,-95.27599999999995,12.4982,10.578,0.1684834263030366,0.08216722373702334,-0.6486714217704703,-0.017186552873016125,-0.45370308603134424,-0.8911529104063088,False
EVR_02,2025,2025-07-30,26.8308,30.7529,23.5522,5.7745,225.96024,22.152549999999998,2088.48905,10.0,-80.71129999999997,7.200700000000001,7.416,0.19223805737537986,0.10255889921099115,-0.6504436139231472,-0.010681360731539025,-0.46896519100763184,-0.8832166493127127,False
EVR_02,2025,2025-07-31,25.9316,30.659,21.979,4.0875,258.29302,21.319,2109.80805,8.8,-72.53669999999995,8.68,7.846299999999999,0.23361880692064343,0.10800222333588672,-0.5604991432782542,0.020859112219513892,-0.48408852163897587,-0.8750190302029955,False
EVR_02,2025,2025-08-01,25.2756,29.9629,21.0234,5.5981,250.6764,20.49315,2130.3012,9.5,-63.53989999999996,8.939500000000002,9.1109,0.23499422593162683,0.12733271631834636,-0.5730708530571192,0.056534938059615514,-0.4990686026885319,-0.8665624788845385,False
EVR_02,2025,2025-08-02,25.5442,29.6299,22.0077,3.2209,209.64653,20.8188,2151.12,7.5,-55.418999999999954,7.622199999999999,8.661999999999999,0.21405464088618054,0.11223528060882518,-0.5701585311423792,-0.008019163479524055,-0.5139010013093103,-0.8578494977869301,False
EVR_02,2025,2025-08-03,26.0796,31.589,20.739,0.9651,272.2287,21.164,2172.284,9.4,-51.25389999999996,10.849999999999998,8.933799999999998,0.22031015456678962,0.10808809365994185,-0.5712538663182481,0.026046023929856083,-0.5285813283559292,-0.8488826652214553,False
EVR_02,2025,2025-08-04,26.3052,32.2194,20.4315,0.1607,283.9079,21.32545,2193.60945,9.700000000000001,-47.89319999999996,11.7879,9.113199999999999,0.2066448490507548,0.11741075335825589,-0.5737772251235372,0.025992336535018645,-0.5431052396834317,-0.8396646346181327,False
EVR_02,2025,2025-08-05,26.4857,32.0905,21.2881,0.0298,297.5253,21.6893,2215.29875,8.8,-43.86339999999996,10.802399999999999,9.242700000000003,0.196744387357258,0.10841085370006631,-0.5910078181907534,0.028260961054221406,-0.5574684374327892,-0.8301981337405212,False
EVR_02,2025,2025-08-06,26.5033,31.1383,22.5374,5.598,219.58712,21.837850000000003,2237.1366,7.6,-41.639899999999955,8.6009,8.174299999999999,0.21886731521308384,0.12347010969479698,-0.6052449549927028,0.02662925783770398,-0.5716666713027052,-0.8204859638785327,False
EVR_02,2025,2025-08-07,26.3523,31.6251,22.0003,2.9842,268.862,21.8127,2258.9493,12.200000000000001,-46.143199999999965,9.6248,8.698799999999999,0.22736256300692642,0.1136316317609061,-0.6026039978185715,-0.006256243913717013,-0.5856957398073508,-0.8105309990194823,False
EVR_02,2025,2025-08-08,25.9007,29.9538,21.8681,1.1084,247.08939,20.91095,2279.86025,7.6,-48.732899999999965,8.085700000000003,8.168800000000001,0.22076697570962286,0.13667072981654316,-0.6056424859390458,-0.014227250222003968,-0.5995514915196489,-0.8003361849976323,False
EVR_02,2025,2025-08-09,25.4066,31.5157,20.1055,0.0844,295.33216,20.8106,2300.67085,8.8,-53.16939999999997,11.4102,9.6813,0.22365274337688978,0.1390793067061094,-0.574348110774739,0.009598102490709248,-0.6132298262997502,-0.7899045386224707,False
EVR_02,2025,2025-08-10,26.6657,32.7224,21.2572,0.0116,304.7646,21.989800000000002,2322.66065,9.299999999999999,-54.022899999999964,11.4652,11.984200000000001,0.2061835052091203,0.11809919744169162,-0.6336743866648946,-0.01412664935766933,-0.6267266965083301,-0.7792391467859886,False
EVR_02,2025,2025-08-11,26.9107,33.7353,21.3336,0.0009,303.27456,22.53445,2345.1951,9.299999999999999,-53.78269999999996,12.401700000000002,11.576399999999998,0.18891029336995124,0.10215114383025777,-0.628466326771681,-0.017734555680803565,-0.6400381082043503,-0.7683431655492202,False
EVR_02,2025,2025-08-12,25.8397,31.5917,21.4585,0.0077,297.04182,21.525100000000002,2366.7202,7.7,-52.704799999999956,10.133199999999999,10.2132,0.19192410941755586,0.10544189174426694,-0.6223897470001764,-0.004820277939702133,-0.65316012232693,-0.7572198192083127,False
EVR_02,2025,2025-08-13,24.7215,29.5024,20.7512,0.0013,276.90256,20.126800000000003,2386.847,6.3,-57.001499999999965,8.7512,9.0941,0.24849268745458142,0.1205205206257646,-0.5767124301473967,0.029625372241497583,-0.666088855860977,-0.7458723993404063,False
EVR_02,2025,2025-08-14,24.9713,29.8656,21.0515,0.0047,281.82765,20.458550000000002,2407.30555,6.0,-53.78099999999996,8.8141,9.5025,0.2083937598300402,0.11426549151198308,-0.6268487825805921,-0.018968803176886234,-0.6788204829862355,-0.734304263829602,False
EVR_02,2025,2025-08-15,25.507,30.2351,22.0327,0.0283,273.57574,21.133899999999997,2428.43945,6.1000000000000005,-53.36109999999996,8.2024,10.962900000000001,0.2045731640870675,0.11086409820603886,-0.653851333315839,-0.01619381162255537,-0.6913512362094071,-0.722518835873311,False
EVR_02,2025,2025-08-16,24.7396,29.4896,20.8217,0.0159,279.78144,20.15565,2448.5951,5.8,-50.42959999999995,8.6679,10.521799999999999,0.22389693402994032,0.12419010381923536,-0.5803735854498949,0.00024419065305053556,-0.7036774074790128,-0.7105196029692745,False
EVR_02,2025,2025-08-17,24.5669,30.0132,19.6352,0.0156,271.85306,19.8242,2468.4193,6.2,-47.32559999999996,10.378,10.0725,0.23652910047180797,0.12883436845118523,-0.5649501620007086,0.03034559526268768,-0.7157953492826642,-0.6983101158835584,False
EVR_02,2025,2025-08-18,25.3754,32.0289,18.5296,0.0012,289.11107,20.279249999999998,2488.69855,8.1,-46.12529999999995,13.499300000000002,9.841299999999999,0.19221787159905304,0.08479800708660123,-0.636450214057988,0.0033075782291017986,-0.7277014757264236,-0.6858939875998223,False
EVR_02,2025,2025-08-19,23.9531,29.11,20.4333,56.4627,244.39683,19.77165,2508.4702,11.2,6.829700000000038,8.6767,6.3706,0.19620952543579281,0.07641576331670943,-0.5882305586048114,0.004285416018236954,-0.7393922635959241,-0.673274892250183,False
EVR_02,2025,2025-08-20,23.7382,28.0287,19.3238,7.3351,241.15302,18.67625,2527.14645,16.0,4.463500000000039,8.704900000000002,8.050099999999999,0.22457813399624546,0.14109634309263622,-0.6156952945959427,-0.023914553458335958,-0.7508642533989489,-0.6604565640279754,False
EVR_02,2025,2025-08-21,25.1386,31.1868,18.7604,0.2316,287.6636,19.9736,2547.12005,17.9,-7.209599999999959,12.426400000000001,10.5629,0.2062948572787662,0.11684059835791805,-0.600367672689376,-0.0020989025512739845,-0.7621140503891487,-0.6474427960827475,False
EVR_02,2025,2025-08-22,27.1431,34.6826,19.2768,0.0026,286.25053,21.9797,2569.09975,15.9,-17.035299999999957,15.4058,11.8117,0.19253086697496716,0.09179930063043151,-0.600691423993651,-0.012042297112100336,-0.7731383255706026,-0.6342374393978054,False
EVR_02,2025,2025-08-23,25.8563,30.9372,21.8442,0.0555,269.3443,21.390700000000002,2590.4904500000002,12.5,-23.69569999999996,9.093,10.674900000000001,0.19186971481586318,0.08997858451631971,-0.6074874239328834,-0.03202721921407714,-0.7839338166829201,-0.620844401650647,False
EVR_02,2025,2025-08-24,24.7818,29.7079,20.5817,0.432,277.36672,20.1448,2610.63525,10.6,-27.67929999999996,9.126199999999997,13.163300000000001,0.20841554263754858,0.1141170035514454,-0.596178643212399,-0.028113557834259395,-0.7944973291665992,-0.6072676460566135,False
EVR_02,2025,2025-08-25,23.2517,28.2459,19.2577,2.0175,249.70349,18.7518,2629.38705,8.200000000000001,-25.76299999999996,8.988199999999999,9.8797,0.19876457196641878,0.10872664627398476,-0.6156980165208432,0.006546700367365738,-0.8048257371083452,-0.593511190196115,False
EVR_02,2025,2025-08-26,22.7432,27.9753,17.9826,0.173,245.55,17.97895,2647.366,7.0,-77.85269999999996,9.9927,10.223100000000002,0.19190999004428116,0.09573180136860088,-0.6599625248874658,-0.00429953539151165,-0.8149159841660791,-0.5795791048257612,False
EVR_02,2025,2025-08-27,22.734,28.3564,18.2287,0.0009,265.78266,18.29255,2665.65855,6.2,-75.38689999999995,10.1277,9.615800000000002,0.18066786529556428,0.07800760324404202,-0.6243412933652961,-0.04391026870068118,-0.8247650844733614,-0.5654755126737576,False
EVR_02,2025,2025-08-28,23.036,28.4865,18.4584,0.0026,272.34557,18.472450000000002,2684.131,6.0,-63.71589999999996,10.028099999999998,9.584600000000002,0.16307252311148418,0.08380385642103069,-0.6554811321954379,-0.04322233416728202,-0.8343701235229538,-0.5512045872199277,False
EVR_02,2025,2025-08-29,24.1718,30.3896,18.1794,0.0716,254.03773,19.2845,2703.4155,6.1000000000000005,-53.84689999999996,12.2102,8.3321,0.18328846643909466,0.09873938308638278,-0.6636481097582543,-0.009242400535872497,-0.8437282590292712,-0.5367705514607103,False
EVR_02,2025,2025-08-30,25.0601,31.0695,18.7046,0.0598,262.94678,19.887050000000002,2723.30255,7.2,-48.542599999999965,12.364900000000002,7.942,0.1932788512235683,0.11651451216327384,-0.6104554669852619,0.001409136407705125,-0.8528367217694595,-0.522177676659508,False
EVR_02,2025,2025-08-31,26.2848,31.8877,21.3151,0.0328,243.25067,21.601399999999998,2744.90395,6.4,-44.74179999999996,10.572599999999998,9.877600000000001,0.16726378035696557,0.09293256913499338,-0.6307651118100793,-0.04115176228058301,-0.8616928164028522,-0.5074302810827518,False
EVR_02,2025,2025-09-01,25.0447,30.2512,18.6639,0.0087,245.23658,19.45755,2764.3615,6.6,-45.150599999999955,11.587299999999999,10.301599999999999,0.211395123701149,0.10778669954341003,-0.6007468796028216,0.012630551734730211,-0.8702939222685674,-0.49253272872205434,False
EVR_02,2025,2025-09-02,26.0197,31.8987,19.2277,0.0141,228.71707,20.563200000000002,2784.9247,5.8,-44.10949999999996,12.671000000000003,10.4108,0.21129998804638772,0.10609140793601117,-0.6140746033536808,0.019389998002106557,-0.8786374941610001,-0.4774894280028391,False
EVR_02,2025,2025-09-03,25.7827,32.2416,19.6256,0.003,257.56248,20.9336,2805.8583,5.8999999999999995,-43.80739999999996,12.616,9.483799999999999,0.19324366531958195,0.10960039811701537,-0.6269914834193896,0.012575800024017675,-0.886721063082993,-0.46230483047981086,False
EVR_02,2025,2025-09-04,24.9758,30.1242,20.9368,0.4868,231.15451,20.5305,2826.3888,4.5,-41.82319999999996,9.187399999999997,7.528299999999998,0.22220566445347226,0.12638625674830553,-0.6050051864385071,0.05913314134198808,-0.8945422369764496,-0.4469834295196741,False
EVR_02,2025,2025-09-05,24.5821,29.3517,21.1925,0.0279,235.19861,20.272100000000002,2846.6609,4.1000000000000005,-39.86689999999996,8.159200000000002,8.456400000000002,0.20066961769669217,0.08883535544908876,-0.6243218059268508,0.01738115125759751,-0.9020987014301837,-0.43152975897147144,False
EVR_02,2025,2025-09-06,21.4908,24.7024,19.2026,52.0114,101.04717,16.9525,2863.6134,9.700000000000001,9.584700000000034,5.4998000000000005,4.2402000000000015,0.17037109539676162,0.09967027771353906,-0.6605369133475042,-0.02290775582680668,-0.9093882203647925,-0.4159483918249421,False
EVR_02,2025,2025-09-07,21.5179,25.1739,18.0779,10.422,128.95319,16.6259,2880.2393,10.0,16.373900000000038,7.096,6.1137000000000015,0.15895351003119493,0.09909256684563657,-0.6530336431287216,-0.008310270325770641,-0.9164086366943458,-0.4002439388573056,False
EVR_02,2025,2025-09-08,21.9734,27.0602,18.0696,4.7949,193.0582,17.5649,2897.8042,11.6,16.16010000000004,8.990599999999997,7.0710000000000015,0.17459352239851955,0.09912572581103853,-0.6295713213960457,-0.03680160130262944,-0.9231578729647039,-0.38442104726885545,False
EVR_02,2025,2025-09-09,22.6365,28.5161,16.878,0.9664,233.7798,17.69705,2915.50125,11.5,11.412400000000037,11.638100000000001,6.832700000000001,0.15900153778259404,0.08239589547854412,-0.6712452856532616,-0.05229845026379368,-0.9296339319682695,-0.3684843993077793,False
EVR_02,2025,2025-09-10,23.8187,29.7926,18.0169,0.4745,237.20155,18.90475,2934.406,11.299999999999999,6.4839000000000375,11.7757,8.6351,0.16218870063666743,0.09317656163445907,-0.6831452734803916,-0.03105496468291452,-0.9358348973349941,-0.35243871088460327,False
EVR_02,2025,2025-09-11,24.0061,29.0543,19.4271,0.0228,236.63886,19.2407,2953.6467000000002,8.8,1.7199000000000382,9.627200000000002,6.8903,0.21112127175337025,0.12062469564331486,-0.607245835430364,-0.011084392700102003,-0.9417589340994617,-0.33628873017668287,False
EVR_02,2025,2025-09-12,23.9313,29.4896,19.8212,5.8561,222.30517,19.6554,2973.3021,8.9,2.748100000000038,9.668399999999998,5.858799999999999,0.19774894489200906,0.11190293184732103,-0.5904948850374204,-0.002920672804683111,-0.9474042892438845,-0.32003923622313857,False
EVR_02,2025,2025-09-13,23.0298,27.6012,19.8629,0.7312,205.21134,18.73205,2992.03415,6.7,-45.532099999999964,7.738299999999999,7.447900000000002,0.19948324684737137,0.09890129368973685,-0.6154164897031844,0.029112151450609747,-0.9527692922168511,-0.30369503751065885,False
EVR_02,2025,2025-09-14,21.0506,25.6187,17.5529,0.0165,227.42134,16.5858,3008.6199500000002,6.0,-51.93759999999997,8.0658,8.4931,0.20646244990175955,0.11350263789067055,-0.6033490418174231,0.04750893987056462,-0.9578523554276669,-0.28726097055059635,False
EVR_02,2025,2025-09-15,20.8952,26.6839,15.6868,0.0501,223.30341,16.18535,3024.8053,5.7,-50.78239999999997,10.997100000000001,8.7595,0.21582730976845052,0.11557359680715215,-0.5855069664858291,0.04123378736993097,-0.9626519747161487,-0.2707418984477642,False
EVR_02,2025,2025-09-16,21.8905,28.2753,15.1375,0.0037,230.25598,16.706400000000002,3041.5117,6.1000000000000005,-46.34509999999997,13.137800000000002,7.5723,0.19684329191548952,0.1168812113700277,-0.6153717688621329,0.03784175413289548,-0.9671667297977312,-0.2541427094613622,False
EVR_02,2025,2025-09-17,21.5921,28.5314,16.0178,11.2742,200.58728,17.2746,3058.7863,6.1000000000000005,-30.345399999999966,12.5136,7.495099999999999,0.20701139421599796,0.10234907909031726,-0.5811936639605502,0.044822693579330525,-0.97139528468375,-0.23746831555846842,False
EVR_02,2025,2025-09-18,19.3816,24.1234,15.2488,2.7843,208.62133,14.6861,3073.4724,9.9,-28.683899999999966,8.874600000000001,11.4287,0.22454112995881592,0.13595720401539146,-0.5986778744334205,0.013419858205445667,-0.9753363880767837,-0.2207236509605022,False
EVR_02,2025,2025-09-19,18.8365,24.5153,13.0515,0.0072,234.99402,13.7834,3087.2558,8.4,-34.032799999999966,11.463799999999999,11.0104,0.19517580860978337,0.09616041594523247,-0.6140147869809001,-0.002573136282225691,-0.9789888737409319,-0.20391367068311472,False
EVR_02,2025,2025-09-20,19.7816,25.6631,13.4468,0.183,197.02509,14.554949999999998,3101.81075,6.5,-34.380999999999965,12.2163,7.907100000000002,0.22655754009889498,0.12346076463177728,-0.598426693451781,0.027074293251523607,-0.9823516608469237,-0.18704334906991657,False
EVR_02,2025,2025-09-21,20.6419,25.9396,16.4511,0.0207,215.56466,16.195349999999998,3118.0061,6.3,-34.676799999999965,9.488499999999998,7.3529,0.18550661032015303,0.11184768227171764,-0.5874119356235111,-0.020955839581606517,-0.9854237542919524,-0.17011767832049052,False
EVR_02,2025,2025-09-22,20.7902,26.8633,16.292,0.0253,224.22875,16.57765,3134.5837500000002,5.8999999999999995,-34.901599999999966,10.571299999999997,7.107599999999998,0.2112512344522187,0.12292580442384413,-0.6033852624335051,-0.004576075316231831,-0.9882042449941422,-0.15314166701312007,False
EVR_02,2025,2025-09-23,20.392,27.0598,13.6628,0.0017,224.21586,15.3613,3149.94505,6.2,-35.00359999999997,13.396999999999998,6.620899999999999,0.17924889749478912,0.09387021753609824,-0.6229527105625521,-0.017594394420700404,-0.9906923101615609,-0.13612033862266704,False
EVR_02,2025,2025-09-24,20.3754,26.7539,14.0388,0.0,222.4388,15.396350000000002,3165.3414000000002,5.6,-45.777799999999964,12.715100000000001,6.256399999999999,0.20853716830675512,0.09666689375207238,-0.5982753715836489,0.0015257740907571593,-0.9928872135356962,-0.11905873003404988,False
EVR_02,2025,2025-09-25,19.8853,25.5656,15.3723,0.0703,173.117,15.46895,3180.81035,3.7,-42.29179999999996,10.1933,6.118500000000001,0.20993772145138304,0.1122665747037663,-0.5819660238405051,-0.014603408507432886,-0.994788305609327,-0.10196189005174576,False
EVR_02,2025,2025-09-26,18.397,21.3184,15.7556,7.5353,113.037736,13.536999999999999,3194.34735,5.7,-32.06369999999996,5.562800000000001,5.565499999999998,0.2316791284456095,0.14624389678309893,-0.608121653212822,0.03650331983582614,-0.9963950238187231,-0.08483487790576538,False
EVR_02,2025,2025-09-27,16.938,20.2187,14.6571,0.539,139.235,12.437899999999999,3206.78525,3.2,-28.407699999999963,5.5615999999999985,8.929499999999999,0.24693605776041647,0.13135596164828503,-0.5317486108801683,0.02037851766152149,-0.9977068927101168,-0.06768276175455162,False
EVR_02,2025,2025-09-28,17.3474,20.7047,14.2847,0.0759,120.22009,12.494700000000002,3219.27995,2.7,-24.752499999999966,6.419999999999998,9.1705,0.22190257262853652,0.12182158087633738,-0.6102604233014415,0.03639596230838349,-0.9987235240803972,-0.050510617185222886,False
EVR_02,2025,2025-09-29,16.3045,19.8139,12.5852,48.9177,86.67181,11.199550000000002,3230.4795,10.9,19.13990000000004,7.2287,4.971100000000002,0.19201784839456387,0.0935371161245166,-0.6280975836192436,-0.019233386057654817,-0.9994446170919858,-0.033323525711631344,False
EVR_02,2025,2025-09-30,16.6618,21.619,10.6346,2.7144,183.15634,11.1268,3241.6063,7.3,20.75260000000004,10.984399999999999,7.6563,0.19934465154565134,0.11564990942951849,-0.6248986959037518,0.020095754050862225,-0.9998699583618592,-0.016126573270657762,False
EVR_02,2025,2025-10-01,16.6974,21.7248,11.8124,0.7482,185.537,11.7686,3253.3749,7.1000000000000005,20.00080000000004,9.912399999999998,7.279199999999998,0.20003041939926255,0.11326552036036071,-0.6060786529002088,-0.008506748907492562,-0.9999994220246925,0.001075151282798226,False
EVR_02,2025,2025-10-02,17.5701,20.6587,14.0783,7.1328,104.05534,12.368500000000001,3265.7434,4.5,26.26330000000004,6.580399999999999,5.7392,0.2007538713434812,0.12062589348476198,-0.6085165352769478,-0.009183850107901848,-0.999832969770105,0.018276557681691223,False
EVR_02,2025,2025-10-03,16.5637,19.278,12.2657,248.3877,87.63327,10.77185,3276.51525,26.0,246.81570000000005,7.012299999999998,1.9109000000000016,0.2028996153606243,0.13641787718905882,-0.6143464890604877,-0.028779513084985192,-0.9993706508539969,0.03547255575312556,False
EVR_02,2025,2025-10-04,14.3599,18.1593,10.9976,48.8126,148.16198,9.57845,3286.0937,17.9,280.38930000000005,7.1617000000000015,4.1584,0.22351769114778255,0.11858572331639095,-0.5938168298797486,-0.023418366612633912,-0.9986126020839734,0.052658056924614005,False
EVR_02,2025,2025-10-05,16.3204,20.558,12.4129,3.1152,148.7657,11.48545,3297.57915,13.4,272.72860000000003,8.1451,5.3735,0.2234038382051229,0.1147695017921902,-0.6061358844657654,0.0015012655765863914,-0.9975590477788613,0.06982797572987089,False
EVR_02,2025,2025-10-06,17.6263,22.3304,12.3967,15.9902,141.78275,12.36355,3309.9427,12.5,238.20110000000005,9.933700000000002,4.760200000000001,0.2269118737566637,0.13108808659140325,-0.5889630370100764,0.03489402536209982,-0.9962102997023297,0.0869772313136861,False
EVR_02,2025,2025-10-07,12.8845,15.3302,11.0733,390.2622,44.621148,8.20175,3318.1444500000002,19.3,613.7489,4.2569,1.1357999999999997,0.21994168501752506,0.1101114888090877,-0.5661233385526026,0.02059703347187372,-0.9945667569706337,0.1041007489354256,False
EVR_02,2025,2025-10-08,12.8091,14.8811,11.0139,23.3533,75.92053,7.9475,3326.09195,11.799999999999999,631.6540000000001,3.8672000000000004,4.611700000000001,0.2599333540474438,0.14618119537729918,-0.5671401042191728,0.05990293464818122,-0.9926289059345095,0.121193461470736,False
EVR_02,2025,2025-10-09,14.7115,18.8371,11.9669,37.7328,107.619976,10.402000000000001,3336.49395,21.9,644.854,6.870199999999999,4.5489999999999995,0.23291346831046603,0.1125106981191148,-0.5693301849726752,0.03215959696698484,-0.9903973200352558,0.1382503109109819,False
EVR_02,2025,2025-10-10,15.1421,20.0737,10.7314,2.0631,172.12654,10.40255,3346.8965,20.0,404.52940000000007,9.342299999999998,4.83,0.23149499176032515,0.12647007198150031,-0.640680990505276,0.028595376399700834,-0.9878726596350429,0.15526624985999563,False
EVR_02,2025,2025-10-11,12.688,16.9966,9.0603,8.9093,77.1992,8.02845,3354.92495,10.3,372.22610000000003,7.936300000000001,3.452400000000001,0.2819618045969099,0.16498648452014683,-0.5302353999109735,0.05844411344912734,-0.9850556718215013,0.172236243027682,False
EVR_02,2025,2025-10-12,13.7857,18.4881,7.5244,2.0437,145.01827,8.00625,3362.9312,14.5,370.05460000000005,10.9637,4.7265999999999995,0.24234756494840357,0.12848147119438935,-0.5663073682929658,0.018943726743280653,-0.981947190186646,0.18915526872004093,False
EVR_02,2025,2025-10-13,15.6734,19.8593,11.5534,1.5954,144.59795,10.70635,3373.63755,15.0,353.1598000000001,8.305900000000001,4.939,0.25627011424734325,0.14248086389849793,-0.5853369589641516,0.02935824049067956,-0.9785481345802031,0.20601832032517084,False
EVR_02,2025,2025-10-14,14.8245,19.6297,9.9452,0.6839,150.8156,9.78745,3383.425,15.9,-33.018499999999946,9.6845,4.9976,0.2760699078090581,0.14727665785994312,-0.5598860872423457,0.05612822279153304,-0.9748595108374125,0.22282040779479959,False
EVR_02,2025,2025-10-15,14.5042,17.8683,11.7763,0.411,100.94482,9.822300000000002,3393.2473,10.6,-54.760799999999946,6.0920000000000005,4.142900000000001,0.3062823349521125,0.16317583926694307,-0.5258963892307232,0.04634898090466871,-0.9708824104813836,0.23955655912092708,False
EVR_02,2025,2025-10-16,14.3875,17.885,11.427,8.329,130.36859,9.656,3402.9033,14.3,-76.56459999999996,6.458000000000002,4.138399999999999,0.28718374362258997,0.17259247314132725,-0.5696123797264071,0.054270275312123945,-0.9666180104000972,0.2562218218071163,False
EVR_02,2025,2025-10-17,15.5224,18.7224,12.5601,9.2448,95.78506,10.64125,3413.54455,11.5,-60.88289999999995,6.1623,4.1731,0.29475857303544944,0.15236286495913984,-0.512281517365929,0.0632635812751243,-0.9620675724981452,0.27281126433401914,False
EVR_02,2025,2025-10-18,16.4466,20.0726,13.5549,32.0811,106.76956,11.813749999999999,3425.3583,13.4,-40.81109999999994,6.517700000000001,3.2464999999999993,0.29733409261621124,0.18683284295478253,-0.5363673079213814,0.01537228801930135,-0.957232443323312,0.28931997761869527,False
EVR_02,2025,2025-10-19,14.4375,17.5377,10.214,46.3139,100.34699,8.87585,3434.23415,16.2,1.7591000000000534,7.3237000000000005,5.371499999999999,0.29718134970688487,0.17489177225093475,-0.5580366034531881,0.0548337847584813,-0.9521140536681102,0.3057430764672831,False
EVR_02,2025,2025-10-20,12.8393,17.4615,8.4145,2.2488,158.84034,7.938000000000001,3442.17215,14.4,3.0125000000000544,9.047,4.129199999999999,0.2770379598060595,0.14025394901041485,-0.5593648758561673,0.020767845558716247,-0.9467139181463862,0.3220757010206104,False
EVR_02,2025,2025-10-21,13.3679,18.0623,8.2137,0.0017,158.89622,8.138,3450.3101500000002,14.1,4.130300000000057,9.848600000000001,4.722900000000001,0.3317629014689797,0.18809474572822735,-0.48799585556376807,0.055692993659921586,-0.9410336347451197,0.3383130181923076,False
EVR_02,2025,2025-10-22,16.27,20.9569,12.5794,0.0086,149.96362,11.768149999999999,3462.0783,13.700000000000001,0.6279000000000536,8.377500000000001,3.878499999999999,0.34627582726631795,0.17975207378921154,-0.48825240406248266,0.03999349231420546,-0.9350748843515574,0.3544502230989869,False
EVR_02,2025,2025-10-23,16.9553,21.4881,13.5383,93.0695,126.82094,12.513199999999998,3474.5915,13.5,86.16840000000006,7.9498,1.883700000000001,0.27796089424771764,0.14748117369613184,-0.5174165615766907,-0.009222849374872333,-0.9288394302558068,0.3704825404820963,False
EVR_02,2025,2025-10-24,19.1581,23.1896,16.157,21.8643,130.09068,14.673299999999998,3489.2648,17.0,93.28790000000006,7.032599999999999,3.0888000000000027,0.2854347459319734,0.1538612371250827,-0.5517555188137643,-0.009323827103476068,-0.9223291176290545,0.3864052261209853,False
EVR_02,2025,2025-10-25,16.0687,19.2172,11.8062,27.1706,118.802216,10.5117,3499.7765,17.1,84.67740000000006,7.410999999999998,3.9679,0.26641858524291695,0.1479786428596926,-0.5380143824355504,-0.030915507373294293,-0.9155458729775467,0.40221356823680365,False
EVR_02,2025,2025-10-26,16.3777,20.9538,11.0346,2.1158,105.96967,10.9942,3510.7707,12.1,44.57930000000006,9.919200000000002,3.643700000000001,0.2606630996786634,0.15580039845362,-0.5496677743002317,-0.036518250028221455,-0.9084917035725082,0.41790288888678667,False
EVR_02,2025,2025-10-27,17.6439,24.334,11.9083,215.9416,122.73916,13.12115,3523.89185,17.3,255.37210000000005,12.425699999999999,3.7369999999999983,0.28560214237676673,0.13783263188639283,-0.5586032672179957,0.008564182570707235,-0.9011686968561569,0.4334685453485363,False
EVR_02,2025,2025-10-28,13.5656,17.7531,10.6986,24.2085,114.17131,9.225850000000001,3533.1177000000002,14.7,278.97890000000007,7.054499999999999,2.9604999999999997,0.3009238873470218,0.17314447565913912,-0.5338935090351266,-0.030839014121957886,-0.8935790198239952,0.4489059314938798,False
EVR_02,2025,2025-10-29,12.9958,17.5085,9.4786,0.1044,152.84517,8.49355,3541.61125,16.299999999999997,276.47470000000004,8.029900000000001,4.529,0.3073275992342539,0.16872330229417193,-0.5286115828730921,-0.03894822803206405,-0.8857249183835637,0.4642104791518923,False
EVR_02,2025,2025-10-30,12.9341,18.7943,8.2635,0.3022,149.44669,8.5289,3550.14015,14.6,182.60740000000004,10.5308,3.268700000000001,0.3116094878918665,0.17664482396652478,-0.5341685400605632,0.03364859364414885,-0.8776087166898392,0.4793776594606945,False
EVR_02,2025,2025-10-31,13.5822,18.8531,8.5389,0.0423,117.98784,8.696000000000002,3558.83615,10.4,167.38540000000003,10.314200000000001,2.3765,0.3085710567208857,0.1589786520273763,-0.5178920396182132,0.023136310788912318,-0.8692328164574792,0.49440298420761813,False
EVR_02,2025,2025-11-01,13.5628,19.0849,10.47,0.9323,114.90518,9.777450000000002,3568.6136,11.5,146.74710000000005,8.6149,2.1121,0.3072800088338572,0.16756214762980606,-0.5608085148676116,0.04086142359094025,-0.8605996962501181,0.5092820071573356,False
EVR_02,2025,2025-11-02,14.33,20.075,10.3736,0.1122,131.80755,10.2243,3578.8379,13.299999999999999,143.54350000000005,9.7014,3.2253000000000007,0.30452608227485223,0.15433298345899776,-0.5023862949754013,0.043862982596188815,-0.8517119107469189,0.5240103253675756,False
EVR_02,2025,2025-11-03,13.8827,19.0345,10.2583,0.0096,126.01862,9.6464,3588.4843,11.6,-66.68849999999993,8.776200000000001,2.3188999999999993,0.33958154395182183,0.17412891297826286,-0.5005648817160818,0.0539794015750551,-0.8425720899866032,0.5385835804920232,False
EVR_02,2025,2025-11-04,14.4991,18.5565,11.2998,40.2814,96.94023,9.928149999999999,3598.41245,12.4,-48.31559999999994,7.2567,1.8261000000000003,0.3090137317693947,0.1649414143703288,-0.5291863946661775,0.008089844422372872,-0.8331829385891785,0.5529974600700271,False
EVR_02,2025,2025-11-05,12.737,14.1947,12.0498,76.8677,37.282056,8.12225,3606.5347,12.3,32.447700000000054,2.1449,2.0944000000000003,0.31852074106689765,0.16188320017169433,-0.5352066753790082,0.01119314183264375,-0.8235472349556007,0.5672476988027229,False
EVR_02,2025,2025-11-06,13.3322,14.6693,11.932,100.391,28.6156,8.300650000000001,3614.83535,14.1,133.03650000000007,2.7372999999999994,1.319700000000001,0.3127350043207663,0.18761463136100714,-0.5381695487176849,0.0011255164288997976,-0.8136678304455991,0.5813300798152042,False
EVR_02,2025,2025-11-07,14.9241,17.8252,12.913,43.6685,68.6955,10.3691,3625.20445,12.6,174.46270000000004,4.912199999999999,1.580499999999999,0.3069154094757459,0.18016084776559207,-0.5181694879646659,-0.0016556472451397797,-0.8035476485339116,0.5952404359043674,False
EVR_02,2025,2025-11-08,15.2767,18.8571,13.3508,2.912,91.28634,11.103949999999998,3636.3084,9.799999999999999,178.14240000000007,5.5062999999999995,1.2973,0.31422924233587524,0.16913624344182046,-0.5332756107458643,0.006949233502018037,-0.7931896839451843,0.6089746507720486,False
EVR_02,2025,2025-11-09,16.1591,20.4908,13.1627,37.2551,81.54622,11.82675,3648.13515,10.1,218.48530000000005,7.328100000000001,1.5289999999999981,0.33268415659122896,0.18596937648685277,-0.5176456032398749,0.028158074316376736,-0.7825970017677834,0.6225286602431057,False
EVR_02,2025,2025-11-10,15.5405,20.1721,12.0636,5.623,79.30907,11.11785,3659.253,8.8,226.89870000000005,8.108500000000001,2.1799,0.32399752793503267,0.177865969085723,-0.5098088601399108,-0.01558401601678916,-0.7717727365467836,0.6358984534680745,False
EVR_02,2025,2025-11-11,14.2658,16.6068,11.7053,197.1219,49.410696,9.15605,3668.40905,10.200000000000001,385.9392000000001,4.9015,1.4294000000000011,0.27490711668692924,0.14623401305578332,-0.5227002040584864,-0.03410661508246543,-0.7607200913564104,0.6490800741100398,False
EVR_02,2025,2025-11-12,12.3356,15.6699,9.945,13.5617,87.81057,7.807449999999999,3676.2165,11.9,323.0332000000001,5.7249,3.3247999999999998,0.31441724943214033,0.18571746668231554,-0.5150096489004832,-0.004103491634757317,-0.7494423368521954,0.6620696215153815,False
EVR_02,2025,2025-11-13,11.1484,15.4165,7.2953,0.0381,115.737544,6.3559,3682.5724,10.9,225.8803000000001,8.121199999999998,2.905100000000001,0.28018590609350646,0.15604688675092315,-0.5496050280490679,-0.03254909822725982,-0.7379428103031386,0.6748632518680403,False
EVR_02,2025,2025-11-14,10.8278,14.8486,7.0135,0.2821,98.09932,5.931049999999999,3688.50345,8.9,186.19390000000004,7.8351,2.1115999999999993,0.2942178281404425,0.15626208845433762,-0.5284964963103915,-0.01269758133530341,-0.7262249146041543,0.6874571793269664,False
EVR_02,2025,2025-11-15,10.8821,15.4945,7.3116,0.2164,94.65605,6.40305,3694.9065,8.4,184.89830000000006,8.1829,2.099,0.3183100763729164,0.17800039680948676,-0.5265954782981579,0.004080834037041181,-0.7142921172691032,0.699847677146407,False
EVR_02,2025,2025-11-16,12.086,16.8127,8.5532,0.0401,88.838056,7.68295,3702.58945,6.8999999999999995,150.88330000000005,8.2595,1.7615999999999996,0.3318839333410766,0.17315239295338852,-0.5021667988767573,-0.0008002232501523876,-0.7021479494046978,0.7120310787787131,False
EVR_02,2025,2025-11-17,15.8087,19.4312,11.9065,0.0088,112.73535,10.668849999999999,3713.2583,10.9,143.16910000000007,7.524700000000001,3.7776999999999994,0.31629049636508744,0.166779245823771,-0.5078406934816465,-0.007707031569945233,-0.6897960046655887,0.7240037789593305,False
EVR_02,2025,2025-11-18,17.7973,20.5052,16.3268,2.6056,88.18027,13.415999999999997,3726.6743,12.3,-53.447199999999945,4.1784,4.7197,0.3585773064572359,0.1879576883073425,-0.5095858017386111,0.08367018977030666,-0.6772399381909491,0.7357622347736527,False
EVR_02,2025,2025-11-19,17.7168,21.1508,14.2686,0.5222,99.8194,12.709699999999998,3739.384,12.9,-67.48669999999996,6.882200000000001,4.7691,0.3412343087604533,0.19469260149745454,-0.5007543634435541,0.026817059328312964,-0.6644834655228552,0.7473029667054296,False
EVR_02,2025,2025-11-20,16.222,20.3559,13.7244,2.2667,97.05563,12.040149999999997,3751.42415,10.4,-64.75809999999994,6.631499999999999,3.092600000000001,0.339088725048707,0.18218793312584303,-0.4911246288210944,0.05890281895520055,-0.6515303615068021,0.75862255966641,False
EVR_02,2025,2025-11-21,16.1785,21.5291,12.4178,0.3568,104.27973,11.97345,3763.3976,10.0,-65.78339999999994,9.1113,2.9132999999999996,0.32439826219073103,0.17948656626327603,-0.48730484044638567,0.03018043405028853,-0.6383844591746642,0.7697176640069211,False
EVR_02,2025,2025-11-22,16.8087,21.0496,13.4953,0.0247,108.51053,12.27245,3775.67005,11.5,-69.07509999999995,7.554300000000001,4.629500000000002,0.35504251529204234,0.1917239725723087,-0.47493255438657855,0.03673243891912592,-0.6250496486104377,0.7805849965070866,False
EVR_02,2025,2025-11-23,15.3161,18.8911,12.0331,63.921,76.36586,10.4621,3786.13215,11.1,-9.394199999999948,6.858000000000002,3.1668000000000003,0.33265356698166765,0.17911418610329652,-0.5237060020468215,0.000769633640591072,-0.6115298757991053,0.7912213413483807,False
EVR_02,2025,2025-11-24,11.0516,14.6106,7.328,16.7855,96.03402,5.9693000000000005,3792.10145,9.1,9.182500000000049,7.2825999999999995,2.4749,0.32232977011240416,0.1777478950377133,-0.5177283472918938,0.00603927374731672,-0.5978291414589552,0.801623551065242,False
EVR_02,2025,2025-11-25,10.9177,14.9684,6.4933,1.0571,105.78615,5.73085,3797.8323,9.4,10.534000000000049,8.475100000000001,3.2379999999999995,0.31850418306819905,0.16343057533078986,-0.5245838345381308,-0.04007312338903685,-0.5839514998576998,0.8117885474764613,False
EVR_02,2025,2025-11-26,14.5918,18.2825,11.7017,1.3828,89.40038,9.9921,3807.8244,8.7,15.59460000000005,6.580799999999998,3.5221999999999998,0.31940314771033507,0.17347470495682596,-0.49171260552908247,-0.02183116105011823,-0.5699010576127624,0.8217133225960589,False
EVR_02,2025,2025-11-27,14.7778,19.0348,11.37,2.0927,103.92025,10.2024,3818.0268,10.3,15.520600000000051,7.664800000000001,4.029299999999999,0.29622953886698256,0.1472524619445495,-0.5401085307420522,-0.04285918618172446,-0.5556819724760489,0.8313949395234058,False
EVR_02,2025,2025-11-28,13.2462,16.1865,11.3314,146.945,65.29996,8.758949999999999,3826.78575,8.5,163.60880000000003,4.855099999999998,2.0116999999999994,0.3041952762222725,0.15468755484062902,-0.534972725393711,-0.020202985968458542,-0.5412984521036173,0.8408305333122887,False
EVR_02,2025,2025-11-29,11.6555,13.1518,9.3175,278.3008,26.397834,6.23465,3833.0204,7.6,445.7849,3.834299999999999,1.4720999999999993,0.2823607560153687,0.14222762507334263,-0.5748045927514601,-0.07268175927667364,-0.5267547528105542,0.8500173118187018,False
EVR_02,2025,2025-11-30,10.0671,12.7671,7.9558,23.427,64.930604,5.36145,3838.38185,8.3,408.0909,4.811299999999999,2.5218,0.32672622159491005,0.1828198132047635,-0.5087169895971557,-0.005927345386757599,-0.5120551783114646,0.8589525565270845,False
EVR_02,2025,2025-12-01,9.3425,12.0773,7.5177,9.8303,88.369864,4.797499999999999,3843.17935,9.700000000000001,400.53569999999996,4.5596,3.3664999999999994,0.309874164814654,0.16694935038909597,-0.5291872995330466,-0.012455605297750139,-0.4972040784469378,0.8676336233547726,False
EVR_02,2025,2025-12-02,8.7715,12.3476,5.6621,0.4291,93.61714,4.004849999999999,3847.1842,7.3,402.0077,6.6855,2.7515,0.325489549573428,0.18887729799508127,-0.5001311522704006,0.006985366505228963,-0.4822058478963526,0.8760579434344281,False
EVR_02,2025,2025-12-03,8.9375,13.1992,5.9734,0.0259,76.225176,4.5863,3851.7705,5.6,403.75079999999997,7.2258,1.5058999999999996,0.3055216482913582,0.1701527063664265,-0.4827423407579299,-0.013881499418976873,-0.46706492487743034,0.8842230238742036,False
EVR_02,2025,2025-12-04,10.3745,14.555,5.6007,0.0556,81.43552,5.07785,3856.84835,7.0,405.01370000000003,8.9543,2.1579999999999995,0.3238691291862852,0.17030670478175325,-0.5233264033799018,0.02763959031930263,-0.451785789832884,0.8921264484954345,False
EVR_02,2025,2025-12-05,12.4408,16.713,9.0422,8.3732,88.54339,7.877600000000001,3864.72595,9.5,265.44190000000003,7.670800000000002,2.9082999999999988,0.3203711730816947,0.1783730207513916,-0.5036719362114371,0.016175896859422223,-0.4363729641045924,0.8997658785476209,False
EVR_02,2025,2025-12-06,13.6342,17.8389,11.5067,1.0788,91.521256,9.672799999999999,3874.39875,9.6,-13.780099999999944,6.3321999999999985,2.8942999999999994,0.34560259858892567,0.21130823023937167,-0.5168558434588723,0.06324184257355697,-0.42083100859565564,0.9071390534005044,False
EVR_02,2025,2025-12-07,8.9117,12.155,5.3841,16.8985,55.37898,3.769549999999999,3878.1683,10.3,-22.308599999999945,6.770899999999999,2.3026,0.3450578738909553,0.20962741408546592,-0.5016870597013674,0.018331652296045275,-0.4051645224207563,0.9142437912130223,False
EVR_02,2025,2025-12-08,6.4258,8.9391,5.1056,1.6563,82.82893,2.0223499999999994,3880.19065,9.6,-30.382599999999943,3.8335,4.2898,0.3559281861954976,0.202641464906044,-0.48864017754812167,0.04605402138084358,-0.3893781415452015,0.9210779895789526,False
EVR_02,2025,2025-12-09,6.0741,8.6764,3.7471,0.0727,50.5184,1.2117499999999994,3881.4024,5.6,-29.038999999999945,4.9293,3.8568,0.35915360076748004,0.183812590277872,-0.44499313435431304,0.033664051194052025,-0.37347653741307074,0.9276396261490467,False
EVR_02,2025,2025-12-10,6.7725,10.8062,3.7561,0.0188,79.43864,2.2811500000000002,3883.68355,5.5,-28.946099999999944,7.0501000000000005,2.6627,0.3611078997861079,0.1994305970992076,-0.5058405977490478,0.05558625149474972,-0.3574644155648614,0.9339267592294762,False
EVR_02,2025,2025-12-11,8.931,12.9979,4.6741,0.0896,73.61432,3.8360000000000003,3887.51955,5.2,-27.112099999999945,8.323799999999999,1.9673999999999996,0.3611719367598472,0.21062776282986873,-0.5136847619796098,0.037302807573562025,-0.34134651424503615,0.9399375283564133,False
EVR_02,2025,2025-12-12,8.4297,12.5706,5.7396,5.5059,64.51987,4.155100000000001,3891.67465,5.1000000000000005,-25.579399999999946,6.831,1.2626000000000008,0.355490031481012,0.18948638307876775,-0.45497481220622155,0.035118858399317276,-0.3251276029999093,0.9456701548465688,False
EVR_02,2025,2025-12-13,8.1449,11.3956,5.8195,0.3924,79.34716,3.60755,3895.2822,6.7,-23.365799999999947,5.5761,3.0027999999999997,0.35794230010995076,0.19684564434613913,-0.5010476561352619,0.012339701521025093,-0.30881248126625377,0.9511229423235357,False
EVR_02,2025,2025-12-14,6.7841,10.8415,3.7751,0.0277,91.746936,2.3083,3897.5905,6.7,-36.636599999999945,7.0664,3.2134999999999994,0.3433958048907221,0.19896942649315347,-0.516497089716774,-0.001662069000233246,-0.29240597695107734,0.9562942772197719,False
EVR_02,2025,2025-12-15,5.9242,9.6725,2.723,0.0315,96.33412,1.1977499999999992,3898.78825,6.7,-35.361399999999946,6.9495,3.484,0.3294488101483279,0.19229346535882985,-0.49662107868991684,-0.02647937604716971,-0.27591294500296043,0.9611826292540837,False
EVR_02,2025,2025-12-16,5.9075,10.4229,2.4313,0.0027,91.447784,1.4271000000000003,3900.21535,5.6,-35.43139999999994,7.9916,2.4732,0.3305227410260481,0.1723522578912461,-0.5066190062993773,-0.028630859741431924,-0.2593382659754056,0.9657865518844574,False
EVR_02,2025,2025-12-17,6.5829,11.9959,2.274,0.0088,96.26416,2.13495,3902.3503,5.4,-35.34139999999994,9.721900000000002,2.158200000000001,0.35428866110204177,0.20582691449292195,-0.4657877212632466,-0.006819238684066142,-0.2426868445825954,0.9701046827361175,False
EVR_02,2025,2025-12-18,5.7014,9.9981,2.2437,0.1324,77.24922,1.1209000000000007,3903.4712,5.2,-35.298599999999944,7.7544,2.1885999999999997,0.3411341980865936,0.17280351235999633,-0.49728633333014105,-0.02003773867325359,-0.22596360824801906,0.974135744004672,False
EVR_02,2025,2025-12-19,6.5078,12.7549,1.2923,0.0303,89.35868,2.0236,3905.4948,6.1000000000000005,-41.77419999999994,11.462599999999998,2.3034999999999997,0.35302745349954656,0.1925307796183221,-0.4714442242290282,-0.0024625779814654303,-0.20917350564635637,0.9778785428342386,False
EVR_02,2025,2025-12-20,8.491,12.2153,3.9341,0.6663,54.66672,3.0747,3908.5695,4.1000000000000005,-38.900299999999945,8.281199999999998,2.0702,0.34363911993888085,0.20173670463765994,-0.5252751367150835,-0.014303180171069907,-0.19232150523909483,0.9813319716704275,False
EVR_02,2025,2025-12-21,9.3487,11.7367,7.3277,12.2738,32.56474,4.5322,3913.1017,4.2,-24.154199999999946,4.409000000000001,1.3938999999999995,0.3221071440894963,0.17459013020220554,-0.539886174317597,-0.021288660801225767,-0.17541259380427843,0.9844950085880858,False
EVR_02,2025,2025-12-22,8.9651,11.6971,6.0929,3.1192,52.65285,3.8949999999999996,3916.9967,6.8999999999999995,-21.266499999999944,5.6042000000000005,2.0753999999999992,0.35006252922033143,0.18933981929688642,-0.449812453365296,0.020613719072003545,-0.15845177496083632,0.9873667175937016,False
EVR_02,2025,2025-12-23,7.1867,11.3504,4.5452,0.2014,87.89191,2.947800000000001,3919.9445,6.3,-21.767799999999944,6.8052,2.5838,0.32524228190455196,0.191683500510132,-0.5206732434650135,-0.005280459121496162,-0.14144406768794202,0.9899462489023779,False
EVR_02,2025,2025-12-24,8.7755,11.9284,5.2877,4.3689,51.11347,3.6080500000000004,3923.55255,4.1000000000000005,-16.107699999999944,6.6407,1.946699999999999,0.3328693058969566,0.19778966311826218,-0.4890186339154641,-0.021419355205085144,-0.12439450483979998,0.9922328391893008,False
EVR_02,2025,2025-12-25,9.4673,10.5919,6.8855,123.3309,22.45216,3.7387000000000015,3927.29125,10.3,101.99080000000006,3.7064000000000004,1.279,0.3245411321155395,0.18132950702016026,-0.5119355679925421,-0.016593065971054144,-0.10730813165636247,0.9942258118156161,False
EVR_02,2025,2025-12-26,5.1968,7.8034,2.0293,11.0649,85.42385,0.0,3927.29125,12.4,106.72540000000006,5.7741,3.7279999999999998,0.3138030798969025,0.17009025344371875,-0.5257513222266611,-0.03922437360264408,-0.09019000427034513,0.9959245770286599,False
EVR_02,2025,2025-12-27,2.9781,5.5318,-0.2267,0.4981,78.00315,0.0,3927.29125,6.6,104.05720000000007,5.7585,4.7389,0.3130662224877919,0.16157306505666866,-0.544988681334396,-0.030572897451088932,-0.07304518821104743,0.9973286321364752,False
EVR_02,2025,2025-12-28,4.1145,9.1772,-0.1747,4.1957,53.674496,0.0,3927.29125,5.5,94.67910000000008,9.351899999999999,3.6911999999999994,0.3051422586125293,0.15554485054889494,-0.4989371525661839,-0.016964885476967007,-0.05587875690537313,0.9984375616565666,False
EVR_02,2025,2025-12-29,3.3649,7.2444,-1.6264,0.3454,100.76953,0.0,3927.29125,7.4,91.40530000000007,8.8708,5.523,0.3461592304481509,0.20208474380040545,-0.48429465016818174,-0.0039032987721805412,-0.03869579017652689,0.9992510374388481,False
EVR_02,2025,2025-12-30,8.0202,13.946,1.4724,60.547,81.799176,2.7092,3930.00045,9.700000000000001,148.35090000000005,12.4736,4.480500000000001,0.31778535368454475,0.18816369393326995,-0.5364951477874261,-0.0074569282200072085,-0.021501372740813793,0.999768818762748,False
EVR_02,2025,2025-12-31,0.0956,3.0423,-3.9597,7.2677,90.75046,0.0,3930.00045,9.299999999999999,146.04970000000006,7.002000000000001,8.4178,0.32094965563195277,0.18717174798823655,-0.5301080849944683,-0.011919650265003856,-0.004300592702981974,0.9999907524084426,False
EVR_03,2025,2025-01-01,4.33,9.662,0.3202,0.0334,82.37325,0.0,0.0,4.8,-4.7665999999999995,9.341800000000001,1.0519000000000003,0.22576526435529792,0.11791065195039171,-0.565471178458728,0.0,0.017201575418260506,0.9998520419557735,False
EVR_03,2025,2025-01-02,7.7305,12.3559,2.6505,0.0402,79.19848,2.5031999999999996,2.5031999999999996,6.0,-10.7264,9.705400000000001,2.0794000000000006,0.2004186669865528,0.1452694617676965,-0.6037775789457438,-0.025346597368745116,0.03439806061360801,0.9994082116062598,False
EVR_03,2025,2025-01-03,10.8148,14.1319,8.4102,0.3683,91.58554,6.271049999999999,8.774249999999999,7.7,-18.0581,5.7217,3.1555999999999997,0.22754107022651698,0.1232368802929761,-0.5904754672714766,0.0017758058712190605,0.051584366869408364,0.9986686402879997,False
EVR_03,2025,2025-01-04,8.2575,11.1498,4.9229,17.1114,46.01374,3.0363500000000005,11.810599999999999,9.1,-10.046700000000001,6.2269000000000005,3.7623000000000006,0.2302288006437811,0.10952508597574623,-0.6067550744026932,0.004463536288483172,0.06875540848113941,0.9976335468520451,False
EVR_03,2025,2025-01-05,5.8725,8.5183,3.2108,1.1613,57.50934,0.8645499999999995,12.675149999999999,6.0,-14.8854,5.3075,3.8924999999999996,0.23901003990453484,0.137073717093408,-0.607796951111597,0.01324477554923692,0.08590610426133272,0.9963032375991965,False
EVR_03,2025,2025-01-06,7.6964,11.0711,2.3107,0.0243,68.23545,1.6909,14.366049999999998,5.0,-19.8611,8.760399999999999,2.4806,0.2266046801412941,0.13516816976970844,-0.598324375458305,0.0008394157859961671,0.10303137904317879,0.9946781061893646,False
EVR_03,2025,2025-01-07,12.3155,15.9713,8.9914,0.3748,81.34434,7.481349999999999,21.847399999999997,6.7,-26.186300000000003,6.979899999999999,2.980600000000001,0.2345074344851284,0.13024184399018274,-0.5939506501581345,0.008742170129830473,0.1201261651823505,0.9927586335250793,False
EVR_03,2025,2025-01-08,13.4029,16.9612,11.6994,0.4698,88.41047,9.330300000000001,31.177699999999998,7.9,-28.8499,5.261800000000001,2.2901000000000007,0.20863696001433435,0.13811443014634692,-0.6183985936853718,-0.017128304340963574,0.13718540405660057,0.9905453876091833,False
EVR_03,2025,2025-01-09,12.529,15.891,10.7975,1.2773,75.5726,8.344249999999999,39.52195,5.4,-27.012800000000006,5.093500000000001,1.8316,0.22412270359869738,0.11506091022379605,-0.5863646636814904,0.02370403661214457,0.1542040475626894,0.988039023376751,False
EVR_03,2025,2025-01-10,12.3534,15.4442,11.037,4.4843,70.83109,8.2406,47.76255,7.9,-23.0968,4.4072,1.8375000000000004,0.2329601890091444,0.12246741076058534,-0.5982093762203277,0.005419118782627408,0.17117705961019986,0.985240282501282,False
EVR_03,2025,2025-01-11,7.2411,10.9639,4.2984,166.8063,18.288292,2.63115,50.393699999999995,6.8,128.89809999999997,6.665500000000001,1.2529000000000003,0.20245873497732497,0.09214594157618203,-0.6346184727502705,-0.027770065666456123,0.18809941761179758,0.9821499931752291,False
EVR_03,2025,2025-01-12,3.9911,6.4099,1.1674,48.0138,14.497866,0.0,50.393699999999995,6.8999999999999995,174.85059999999996,5.242500000000001,1.6437999999999997,0.18738816156777396,0.1109307277491215,-0.610759427545081,-0.05162187833676088,0.20496611396949532,0.9787690698649216,False
EVR_03,2025,2025-01-13,2.1669,3.4377,0.9684,205.4352,16.569523,0.0,50.393699999999995,8.6,376.6615,2.4693,0.8145,0.2107783181945066,0.12604323894082006,-0.6153013508955026,-0.015826361946787493,0.22177215755648186,0.975098513039961,False
EVR_03,2025,2025-01-14,3.7162,5.4274,1.7866,75.9506,35.79267,0.0,50.393699999999995,12.4,446.53729999999996,3.6407999999999996,2.2335000000000003,0.20333802121790642,0.11551672406724192,-0.5755106124610281,-0.031169413267221974,0.23851257519407648,0.9711394088771653,False
EVR_03,2025,2025-01-15,3.3262,4.3609,2.598,167.5296,15.04689,0.0,50.393699999999995,10.1,611.3971,1.7629000000000001,1.1556000000000002,0.18187196769258754,0.09825905033386009,-0.6250657763001488,-0.02676499232174681,0.2551824131233728,0.9668929289391521,False
EVR_03,2025,2025-01-16,3.6779,7.5479,-0.3164,9.8644,86.43577,0.0,50.393699999999995,10.0,615.3842,7.8643,3.3495,0.19844050914965772,0.10278639847163311,-0.6058103876713347,-0.025682194449039658,0.2717767384711357,0.9623603298276545,False
EVR_03,2025,2025-01-17,2.9479,7.8065,-1.208,0.0167,114.48129,0.0,50.393699999999995,8.4,610.4166,9.0145,3.6004,0.17740055729728244,0.09642584195705224,-0.6531051269883504,-0.055559631711861956,0.2882906407095177,0.9575429528116719,False
EVR_03,2025,2025-01-18,4.8953,9.8904,0.5859,0.0124,114.69943,0.23815000000000008,50.63185,8.0,442.4227,9.304499999999999,3.6925999999999997,0.17961909397314665,0.09702895575775962,-0.6029712284278289,-0.022839641004178318,0.3047192331091634,0.9524422234305676,False
EVR_03,2025,2025-01-19,5.3479,11.9049,0.3783,0.0155,115.11041,1.1415999999999995,51.77345,8.7,392.6244,11.5266,3.0461,0.19464122611742907,0.10965356255507441,-0.612680990842213,0.007253064549655103,0.321057654185271,0.9470596510722283,False
EVR_03,2025,2025-01-20,4.4664,9.6012,0.1355,0.0018,109.4708,0.0,51.77345,8.200000000000001,187.591,9.4657,2.6653000000000002,0.2055203393063458,0.10823078522470726,-0.6261746732948082,-0.005257978888160791,0.3373010691361842,0.9413968285264122,False
EVR_03,2025,2025-01-21,6.0802,11.2148,1.8388,0.0263,106.8004,1.5267999999999997,53.30025,7.6,116.46669999999999,9.376000000000001,1.8276999999999992,0.19470948087145254,0.10042506415812144,-0.6499400133754587,-0.008628540346453883,0.3534446712740877,0.9354554315134164,False
EVR_03,2025,2025-01-22,8.2108,12.6214,4.7588,0.0427,105.16127,3.6900999999999993,56.99034999999999,8.9,-49.8202,7.8626,2.916900000000001,0.21522603044571387,0.13431735322749863,-0.5968211041519946,0.03335406275312633,0.3694836834473831,0.9292372181882051,False
EVR_03,2025,2025-01-23,7.3715,12.82,3.9462,0.2625,91.5083,3.3831000000000007,60.37345,7.7,-57.1221,8.8738,1.8384999999999998,0.20983535957650593,0.13503180415673377,-0.5829818169266642,0.011394850426848208,0.38541335945432564,0.9227440286201427,False
EVR_03,2025,2025-01-24,9.4655,14.5518,4.5107,0.4468,94.00031,4.53125,64.90469999999999,6.8999999999999995,-55.192,10.0411,1.6795000000000009,0.21877820092032665,0.1160157331316073,-0.5808274913400349,0.04137764362304422,0.4012289854475009,0.9159777842484877,False
EVR_03,2025,2025-01-25,8.3062,12.127,4.3383,47.3158,113.13388,3.2326499999999996,68.13735,12.6,-12.488599999999998,7.7887,2.9861000000000004,0.21235425477729958,0.12276884112512877,-0.6256408207100871,0.032735160804152924,0.4169258813287287,0.908940487313808,False
EVR_03,2025,2025-01-26,5.7082,10.5412,1.9553,2.5452,108.4793,1.2482499999999996,69.3856,9.0,-10.258900000000002,8.5859,1.7979999999999996,0.212906977564935,0.11626953725646838,-0.5897031230856847,0.018265751447505946,0.4324994021339788,0.901634220265486,False
EVR_03,2025,2025-01-27,7.0153,12.2039,1.9915,0.0112,88.76445,2.0977000000000006,71.4833,7.0,-9.049500000000002,10.2124,1.6598999999999995,0.2171187398051938,0.13962722469742136,-0.5671867486580047,0.011598400498848,0.44794493940789115,0.8940611451454876,False
EVR_03,2025,2025-01-28,9.8262,15.1106,4.0121,0.0971,96.90113,4.561350000000001,76.04464999999999,7.9,-9.2787,11.0985,2.1615,0.23442333227556644,0.1296883363345332,-0.6312293090237189,0.0397138514041139,0.4632579225674917,0.88622350294858,False
EVR_03,2025,2025-01-29,13.0647,17.0975,9.9565,0.287,109.03599,8.527000000000001,84.57165,11.799999999999999,-11.934399999999998,7.141,2.895900000000001,0.22911004034958876,0.13800533850266933,-0.5460716512452968,0.013884009903874894,0.4784338202547012,0.8781236129591848,False
EVR_03,2025,2025-01-30,11.117,15.6544,7.5871,0.2377,84.77583,6.620750000000001,91.19239999999999,7.4,-11.659199999999998,8.0673,1.9466,0.22419139797074128,0.11214303900900824,-0.6095643977017302,0.014356038394235354,0.49346814167723735,0.8697638720650646,False
EVR_03,2025,2025-01-31,10.5545,15.8788,7.1355,4.8064,116.39405,6.507149999999999,97.69955,11.6,-11.999599999999997,8.7433,2.1732000000000014,0.22253791826400074,0.13542717020585926,-0.5948917193895672,0.003759717343674085,0.5083564379375122,0.8611467540480452,False
EVR_03,2025,2025-02-01,9.6654,14.6466,7.3824,1.5646,96.92926,6.0145,103.71405,9.5,-54.650800000000004,7.2642,1.6052999999999997,0.21074448867893514,0.10947381336831438,-0.6329580818252853,-0.0016097660983644402,0.5230943033491326,0.8522748088519838,False
EVR_03,2025,2025-02-02,8.0095,11.1793,4.4816,0.1804,65.24278,2.83045,106.5445,7.5,-55.515600000000006,6.697699999999999,2.3499999999999988,0.24187957659227896,0.12177281966487913,-0.5640795413606795,0.028972599027343948,0.5376773767406141,0.8431506618282,False
EVR_03,2025,2025-02-03,7.232,11.547,3.8251,1.7124,89.5328,2.68605,109.23055,8.8,-55.6144,7.721900000000001,2.6201,0.21634456813233063,0.10494010220897954,-0.5775378720306681,-0.000774171672863172,0.5521013427459208,0.8337770129585915,False
EVR_03,2025,2025-02-04,3.5871,5.9395,1.2262,0.4267,100.88256,0.0,109.23055,11.1,-58.48480000000001,4.7133,6.1983,0.23595137732248972,0.14231144091077125,-0.5572602816285184,0.0015280450469232765,0.5663619330814524,0.8241566360566663,False
EVR_03,2025,2025-02-05,2.0329,5.3983,-1.0971,0.0334,125.96083,0.0,109.23055,12.3,-59.2384,6.4954,8.0059,0.23466329648615894,0.135767563276036,-0.5737128978648098,0.005553256136570178,0.580454927809098,0.8142923779467267,False
EVR_03,2025,2025-02-06,0.9585,4.5424,-1.5136,0.0334,147.38992,0.0,109.23055,12.7,-64.74270000000001,6.056,8.1094,0.23683468985841827,0.13742341107845787,-0.5765504104796229,0.012643291887676988,0.5943761565849831,0.804187157621448,False
EVR_03,2025,2025-02-07,0.7827,4.7154,-2.3871,0.0692,126.85726,0.0,109.23055,9.799999999999999,-67.6799,7.1025,5.7137,0.25202013645525706,0.12029210586838478,-0.5397734214548205,0.02948221819125632,0.6081214998935418,0.7938439653781019,False
EVR_03,2025,2025-02-08,1.0332,4.0808,-0.9458,2.8176,80.3735,0.0,109.23055,7.2,-64.1269,5.0266,4.5486,0.24113466671386666,0.12836754335261746,-0.5783698385362047,0.03039017803493152,0.6216868902665479,0.7832658619336791,False
EVR_03,2025,2025-02-09,0.4624,3.3566,-1.1697,2.3673,77.46536,0.0,109.23055,7.1000000000000005,-61.540000000000006,4.5263,4.9315,0.21856748176740876,0.11129362429802594,-0.5826324443902897,-0.023312094824870205,0.6350683134867438,0.7724559775191742,False
EVR_03,2025,2025-02-10,0.9006,4.9914,-1.8131,1.258,112.910424,0.0,109.23055,9.2,-62.394400000000005,6.804499999999999,4.8802,0.23608916057628718,0.12397560665463472,-0.6058064677054666,0.019744592443956543,0.6482618097757122,0.7614175109532997,False
EVR_03,2025,2025-02-11,0.1458,4.727,-3.5273,0.3346,139.74147,0.0,109.23055,9.799999999999999,-61.1865,8.2543,5.2159,0.25370039711004555,0.13599968082377115,-0.5346397166946026,0.01774901978755583,0.6612634749656386,0.7501537286959042,False
EVR_03,2025,2025-02-12,1.1004,6.2644,-2.0954,4.8063,126.872136,0.0,109.23055,9.9,-54.0136,8.3598,3.8304,0.24556053011693116,0.1279638023861213,-0.5910867747838444,0.010897233630772218,0.6740694616546161,0.7386679638813748,False
EVR_03,2025,2025-02-13,2.6516,7.3549,-2.2052,0.3787,156.35366,0.0,109.23055,10.0,-50.968300000000006,9.5601,3.8120000000000003,0.24212207394081725,0.14734879664976272,-0.5872413823510185,0.005287384082398983,0.6866759803451553,0.726963615332308,False
EVR_03,2025,2025-02-14,7.393,12.3811,1.0064,0.1355,116.13307,1.6937499999999996,110.9243,10.5,-51.602000000000004,11.3747,4.1623,0.2066307651335627,0.11073838348172395,-0.5742309867292651,-0.04538937132169435,0.6990793005655562,0.7150441465537444,False
EVR_03,2025,2025-02-15,9.1676,13.9177,5.6554,74.803,105.0673,4.78655,115.71085,13.0,14.58339999999999,8.2623,1.9377000000000004,0.22890648582003018,0.13362949279801148,-0.6031910622634292,-0.012228180893836482,0.7112757519738152,0.7029130847082615,False
EVR_03,2025,2025-02-16,6.9148,8.6393,5.6612,18.6259,40.37955,2.1502499999999998,117.8611,8.200000000000001,29.74199999999999,2.9781000000000004,1.5652999999999997,0.20550031700579127,0.12403573564386502,-0.6139076144502806,-0.013067164761617484,0.7232617254437388,0.6905740195722293,False
EVR_03,2025,2025-02-17,4.958,5.9775,4.4597,257.7149,19.964686,0.21860000000000035,118.0797,8.8,286.59889999999996,1.5178000000000003,1.1626000000000003,0.2128226037682614,0.11435082878964416,-0.6045255722598535,-0.02326655680802578,0.7350336741329413,0.6780306024735382,False
EVR_03,2025,2025-02-18,4.3964,6.9998,0.4264,22.9442,62.22905,0.0,118.0797,13.2,305.8085,6.5733999999999995,3.2984,0.2350407232392013,0.1179095159201298,-0.5885145589468115,-0.018659673870844246,0.746588114532413,0.6652865452111116,False
EVR_03,2025,2025-02-19,0.6098,3.4414,-2.026,21.3989,105.75907,0.0,118.0797,9.5,322.80109999999996,5.4674,3.2929999999999997,0.20557715415612673,0.11427967585969309,-0.6238191797613336,-0.039983375960804424,0.7579216274973472,0.6523456189565257,False
EVR_03,2025,2025-02-20,-0.8797,3.5072,-3.9111,2.2137,147.1097,0.0,118.0797,14.0,320.6361,7.4183,6.7896,0.20742020212568588,0.11149293322159153,-0.6116133093224357,-0.034701871815131374,0.7690308592589181,0.6392116531380588,False
EVR_03,2025,2025-02-21,-1.9925,1.9179,-4.987,0.038,168.27349,0.0,118.0797,14.4,316.6386,6.9049,7.403600000000001,0.2096435871640405,0.10064228274332433,-0.5676523761906779,0.0030128220304777853,0.7799125224167177,0.6258885343075018,False
EVR_03,2025,2025-02-22,-1.9492,3.0092,-5.5175,0.2244,160.26515,0.0,118.0797,11.6,243.45999999999998,8.5267,7.0697,0.22323102291141053,0.1272193522120626,-0.5765418698680091,-0.005675462908619644,0.7905633969115482,0.612380204990065,False
EVR_03,2025,2025-02-23,-1.0404,3.6534,-5.0989,1.5461,147.79958,0.0,118.0797,9.4,225.18019999999999,8.7523,4.9882,0.21480681597623408,0.1220235431755905,-0.5736679361187943,0.009306498970442806,0.8009803309782905,0.5986906625177214,False
EVR_03,2025,2025-02-24,0.2341,5.0652,-3.9167,0.1548,171.55499,0.0,118.0797,11.1,-34.6799,8.9819,4.5961,0.2174978740566468,0.12782240315327947,-0.5579167871206683,0.004675270288385408,0.8111602420785621,0.5848239578463322,False
EVR_03,2025,2025-02-25,4.1815,8.9665,-1.1405,4.2624,115.33209,0.0,118.0797,7.8,-47.9617,10.107,2.798,0.23928767267870626,0.12229241542230236,-0.5762280772336786,0.00424694943950496,0.8211001178128892,0.5707841943569036,False
EVR_03,2025,2025-02-26,5.7651,10.5837,0.5252,0.5222,131.679256,0.5544500000000001,118.63415,11.700000000000001,-71.03840000000001,10.0585,2.0472,0.2456971062732427,0.13080862461662524,-0.5633304567546895,0.04011995211711597,0.8307970168121247,0.5565755266413303,False
EVR_03,2025,2025-02-27,8.5452,13.4968,4.3247,3.4086,114.792344,3.91075,122.5449,11.2,-67.0435,9.1721,2.313299999999999,0.23476034807742172,0.14982454333640924,-0.5886399724284441,0.02734014595173584,0.8402480696078469,0.5422021592729844,False
EVR_03,2025,2025-02-28,8.1937,13.2359,4.781,5.7089,125.09995,4.00845,126.55335,13.799999999999999,-60.7726,8.454900000000002,2.3786999999999994,0.25160437264590996,0.14909640684869896,-0.5743970088842384,0.04196078548186946,0.8494504794814806,0.527668345562516,False
EVR_03,2025,2025-03-01,7.4103,11.9382,3.7142,0.3881,166.66154,2.8262,129.37955,17.4,-66.40889999999999,8.224,3.1558,0.2650474144461488,0.1455556491336565,-0.5472856004283345,0.04181639153473829,0.8584015232918917,0.512978386299228,False
EVR_03,2025,2025-03-02,7.3584,13.2946,1.9795,34.1904,145.95437,2.6370500000000003,132.0166,15.9,-40.264599999999994,11.315100000000001,2.5749999999999993,0.24215537875321091,0.14694139127481265,-0.5678617040889719,0.027348562776976837,0.8670985522812081,0.4981366284784055,False
EVR_03,2025,2025-03-03,5.1263,8.6723,1.6316,9.2988,152.14813,0.15195000000000025,132.16855,20.5,-40.5206,7.0407,4.9886,0.23331918371714594,0.13518096089327622,-0.5898758506010158,0.015821309660499133,0.8755389928586302,0.4831474640149687,False
EVR_03,2025,2025-03-04,4.299,8.5139,0.5805,0.3292,148.43312,0.0,132.16855,16.2,-52.8538,7.9334,4.9801,0.250406784987001,0.1389427751928483,-0.5804621565085522,0.01111911230829471,0.8837203473619977,0.4680153284438345,False
EVR_03,2025,2025-03-05,5.6591,12.9385,-0.607,0.0069,198.8109,1.16575,133.33429999999998,19.7,-61.36909999999999,13.545499999999999,4.5603,0.2540122607201158,0.12751045258749044,-0.5744577071354838,0.008315154446873085,0.8916401947968874,0.45274469960737107,False
EVR_03,2025,2025-03-06,8.06,16.132,0.5732,0.0004,207.78864,3.3526000000000007,136.6869,23.5,-77.0773,15.558800000000002,6.7029000000000005,0.2570547894431844,0.1413328632133695,-0.5358865377409349,0.02229444136576267,0.8992961915530253,0.4373400963303323,False
EVR_03,2025,2025-03-07,8.0105,16.077,0.9178,0.0,214.84098,3.4974000000000007,140.1843,26.599999999999998,-95.58619999999999,15.159200000000002,9.0083,0.2337025561387845,0.11471024161503644,-0.631832292371037,-0.017901816507125468,0.9066860720977985,0.4218060770826634,False
EVR_03,2025,2025-03-08,8.0368,15.52,1.9253,0.0291,206.22646,3.72265,143.90695,24.8,-103.3452,13.5947,7.679099999999999,0.23882115923521527,0.10791813821644594,-0.5582740735358711,-0.026226255210933552,0.9138076496466615,0.4061472386305789,False
EVR_03,2025,2025-03-09,8.2322,15.4068,1.5137,0.0108,207.81763,3.4602500000000003,147.3672,23.400000000000002,-145.0248,13.8931,5.1854000000000005,0.2642552769701735,0.15097777623396802,-0.5635283509524176,0.022099898216962566,0.9206588168102428,0.3903682146763026,False
EVR_03,2025,2025-03-10,10.7611,17.6301,2.8656,0.0111,215.88808,5.24785,152.61505,25.6,-159.4125,14.764499999999998,5.2437000000000005,0.21835764503868127,0.11366691236094491,-0.6211694760022123,-0.01496153867846467,0.9272375462179537,0.374473674486883,False
EVR_03,2025,2025-03-11,13.4336,18.7726,7.855,0.0309,205.95246,8.3138,160.92885,25.9,-169.4108,10.9176,4.844799999999999,0.22733183623161968,0.132400301095776,-0.5798773833501927,-0.023074948755381297,0.9335418911179212,0.35846832151248087,False
EVR_03,2025,2025-03-12,15.5112,21.202,9.4604,0.2835,174.05592,10.3312,171.26005,27.3,-176.73420000000002,11.741600000000002,7.4778,0.2709139533997514,0.1517668435237604,-0.5438975331333371,0.016901692679635594,0.9395699859530622,0.342356891994542,False
EVR_03,2025,2025-03-13,16.1588,21.606,10.9886,1.6859,177.14995,11.2973,182.55735,32.4,-183.9487,10.617400000000002,10.2135,0.2450365797986368,0.15082989965048327,-0.5571498010707738,-0.012018209644547584,0.945320046913132,0.3261441535642696,False
EVR_03,2025,2025-03-14,17.1536,22.3365,13.6361,0.1122,214.82776,12.9863,195.54365,34.0,-191.23649999999998,8.7004,6.9375,0.2530778696157615,0.14208337101096033,-0.5477723389477016,0.01937531347697702,0.9507903724625832,0.3098349038318025,False
EVR_03,2025,2025-03-15,17.3028,24.3587,10.7271,0.0171,202.05813,12.5429,208.08655,32.7,-199.1485,13.631599999999999,8.447300000000002,0.2431829945426612,0.13073514087765692,-0.5379498484762953,0.004361835307445938,0.9559793438440766,0.2934339689665273,False
EVR_03,2025,2025-03-16,17.4897,24.7027,10.9166,0.0189,201.46554,12.809650000000001,220.8962,36.8,-212.54039999999998,13.7861,9.585799999999999,0.25676693783151305,0.14619913464603249,-0.5695730715964302,-0.007488339138660427,0.9608854255574977,0.27694620226893646,False
EVR_03,2025,2025-03-17,13.821,19.4832,8.88,22.9706,187.3382,9.1816,230.0778,26.1,-190.08089999999999,10.6032,3.9841999999999995,0.24433977896867867,0.14219727131326604,-0.5734132092276147,0.025982133929997403,0.9655071658143364,0.2603764827344581,False
EVR_03,2025,2025-03-18,5.4914,8.8803,2.0678,64.3103,121.12546,0.4740500000000001,230.55185,23.8,-123.7015,6.8125,5.1475,0.2549106824693739,0.14967148206026626,-0.5368624971233362,0.027578846237754195,0.969843196967294,0.24372971360968387,False
EVR_03,2025,2025-03-19,3.6035,8.0644,0.2367,3.2038,198.01995,0.0,230.55185,24.299999999999997,-117.7812,7.827699999999999,10.7201,0.2566939674549877,0.1357938015038932,-0.562715341704366,-0.014219985944763702,0.9738922359149924,0.22701082094141847,False
EVR_03,2025,2025-03-20,5.6326,10.953,-0.1845,0.0033,179.37754,0.38424999999999976,230.9361,22.1,-109.1638,11.1375,7.7643,0.2664801098046943,0.13933183157587423,-0.574676282804061,0.021443530006057476,0.9776530844816641,0.2102247521189836,False
EVR_03,2025,2025-03-21,6.8076,12.8369,0.6067,0.0047,224.778,1.7218,232.6579,25.7,-100.9713,12.2302,6.5003,0.24154336216486494,0.15578661657024173,-0.5653516645911517,-0.01153450745089657,0.981124629771712,0.19337647441020586,False
EVR_03,2025,2025-03-22,7.777,13.123,2.7084,0.0091,242.79736,2.9156999999999993,235.5736,26.1,-94.3793,10.4146,5.775,0.2661740263505232,0.15009189146251192,-0.5413226084379436,0.022991031807861967,0.984305844499033,0.17647097349152166,False
EVR_03,2025,2025-03-23,11.1043,17.7517,3.6205,10.8604,212.61582,5.6861,241.2597,26.700000000000003,-73.43780000000001,14.1312,4.909400000000001,0.260457783540806,0.141347836877917,-0.5858765491709613,0.003690845709292956,0.9871957872910085,0.15951325197263655,False
EVR_03,2025,2025-03-24,14.7425,18.9259,10.7679,29.6846,148.57818,9.846899999999998,251.1066,28.2,-68.8238,8.158,6.613199999999999,0.262308680834515,0.14431930269364165,-0.5517651233537852,0.0179689018658363,0.9897936029670716,0.14250832791617088,False
EVR_03,2025,2025-03-25,15.0444,18.3757,12.8661,21.1515,110.00342,10.620899999999999,261.7275,22.4,-110.5826,5.509599999999999,5.725999999999999,0.2556734646383322,0.15639418198585162,-0.5748603439795495,0.0007627821689583092,0.992098522791769,0.12546123335273648,False
EVR_03,2025,2025-03-26,15.5205,21.1179,10.097,1.4817,200.11368,10.60745,272.33495,31.0,-119.00470000000001,11.0209,5.2806999999999995,0.27978866243620426,0.15247266332595757,-0.5597638198190309,0.02309469498121658,0.9941098647022418,0.10837701279187609,False
EVR_03,2025,2025-03-27,15.3441,21.4554,10.1296,0.0648,181.16029,10.7925,283.12745,29.9,-126.7432,11.325800000000001,7.3618999999999994,0.2702029332033474,0.15250550182258069,-0.5578018406483595,0.0037228233986530967,0.9958270335100595,0.09126072172931188,False
EVR_03,2025,2025-03-28,12.5779,16.8642,7.739,21.4085,114.10942,7.3016000000000005,290.42905,18.4,-98.0394,9.1252,4.039299999999999,0.26338150520555764,0.1303138904555632,-0.5718881283504323,0.021838143040692704,0.9972495210773451,0.07411742515094437,False
EVR_03,2025,2025-03-29,11.7319,17.3834,7.4325,18.0273,167.30216,7.407950000000001,297.837,24.5,-78.4212,9.9509,2.343499999999999,0.27556113495290213,0.15050977396309723,-0.5710773907694819,0.009387108602378957,0.998376906467142,0.056952196034039754,False
EVR_03,2025,2025-03-30,12.2535,17.5434,7.6723,38.2776,195.63163,7.607849999999999,305.44485,27.799999999999997,-52.104,9.871099999999998,2.2249,0.275153976765014,0.15498027096702047,-0.5392571374957805,0.01469619322420801,0.9992088560679753,0.03977011384605572,False
EVR_03,2025,2025-03-31,11.869,16.1563,8.5613,40.9402,146.13226,7.3588000000000005,312.80365,23.0,-35.648399999999995,7.595000000000002,2.216899999999999,0.2622625384999742,0.14636871615214225,-0.5731540078721119,-4.6142334540755225e-05,0.9997451236925734,0.022576263041545485,False
EVR_03,2025,2025-04-01,11.6001,14.9449,9.1851,52.6869,132.3317,7.065000000000001,319.86865,25.1,-6.812999999999999,5.7598,2.1173,0.26261188327579466,0.1523116506840941,-0.5574470797769607,0.0069384186374624734,0.9999855506507186,0.005375731557583884,False
EVR_03,2025,2025-04-02,10.0194,11.5865,8.9476,23.669,49.88176,5.267049999999999,325.1357,12.1,34.274300000000004,2.6388999999999996,1.6829,0.22822274833577946,0.1294042850908593,-0.5968111731972184,-0.0515659141004248,0.9999300657962057,-0.011826390691832589,False
EVR_03,2025,2025-04-03,11.6672,15.2022,8.7176,21.2529,179.2755,6.959899999999999,332.0956,28.299999999999997,57.062400000000004,6.4846,3.302299999999999,0.243778595879408,0.11400648114884643,-0.5682206747045309,-0.026424337323939368,0.9995786855478958,-0.029025013321975237,False
EVR_03,2025,2025-04-04,11.4211,15.5514,6.6506,20.0478,199.7071,6.100999999999999,338.1966,30.599999999999998,43.50170000000001,8.9008,3.347899999999999,0.22625983752788967,0.13344055605690963,-0.5884300134283614,-0.037121667677667974,0.9989315138848577,-0.046215046983708354,False
EVR_03,2025,2025-04-05,11.7215,16.0571,7.0336,34.8821,198.33354,6.545349999999999,344.74195,27.400000000000002,57.4565,9.023499999999999,2.694700000000001,0.23808301732159823,0.13116978110115068,-0.60974580477113,-0.0374781176313039,0.9979887423155984,-0.06339140486951038,False
EVR_03,2025,2025-04-06,10.5979,17.2635,4.8923,95.558,206.4481,6.0779,350.81985,34.3,108.2369,12.371200000000002,3.3511999999999995,0.2467121634017123,0.13630619807645178,-0.5437371076320341,-0.028441813363301732,0.9967506498213929,-0.08054900421874167,False
EVR_03,2025,2025-04-07,2.8,4.6693,0.8864,273.7018,54.03522,0.0,350.81985,18.8,345.19849999999997,3.7828999999999997,1.4757999999999998,0.23704317524000737,0.1462059819993466,-0.5890078760398917,-0.025219363259966848,0.9952176027737294,-0.09768276782171598,False
EVR_03,2025,2025-04-08,4.6054,9.4431,-1.1309,15.7993,192.7849,0.0,350.81985,26.599999999999998,306.8109,10.574,5.8997,0.24636875518787363,0.14939539907465496,-0.5716112261245372,-0.016243128087921027,0.9933900548258936,-0.11478762552212701,False
EVR_03,2025,2025-04-09,5.3736,10.4018,-0.7945,4.0119,198.38114,0.0,350.81985,28.0,271.25379999999996,11.196299999999999,6.4146,0.23794800029948973,0.13341425736105242,-0.5825074986678035,0.009725251963710269,0.9912685467787256,-0.13185851571739118,False
EVR_03,2025,2025-04-10,8.9075,14.1094,2.278,8.3797,236.12144,3.1936999999999998,354.01355,34.2,252.48059999999998,11.8314,5.538600000000001,0.23145696522244638,0.13780085773895107,-0.5868629530416283,-0.012321630656961624,0.9888537064205885,-0.1488903868564548,False
EVR_03,2025,2025-04-11,5.706,10.7272,-0.6364,2.2082,236.7692,0.045399999999999885,354.05895,35.3,229.941,11.3636,8.5394,0.2511268639067157,0.12838665789265516,-0.5824182864902032,0.024867026378826013,0.986146248341595,-0.16587819893463143,False
EVR_03,2025,2025-04-12,8.3843,12.1067,4.6447,93.088,140.0487,3.3757,357.43465,26.599999999999998,288.9469,7.462,4.0661,0.24500435929434758,0.1365980566819946,-0.5718695141834662,0.006921341972749351,0.9831469737221499,-0.1828169249850199,False
EVR_03,2025,2025-04-13,8.9583,13.7329,3.581,6.0063,230.15472,3.65695,361.09159999999997,31.6,202.09519999999998,10.151900000000001,5.4773,0.26201017081700484,0.16366258692048388,-0.5958993536286828,0.015298007415292553,0.9798567700958665,-0.1997015525660636,False
EVR_03,2025,2025-04-14,9.7482,13.722,4.2611,0.0396,214.64822,3.99155,365.08315,31.8,-84.567,9.460899999999999,5.8315,0.2663345471081463,0.14263459859760064,-0.5519452756697478,0.029291371868138932,0.9762766110869321,-0.21652708524481437,False
EVR_03,2025,2025-04-15,10.788,16.9436,3.8028,0.0137,267.15558,5.373200000000001,370.45635,38.800000000000004,-112.55260000000001,13.1408,5.0891,0.31388499633650147,0.1770689064891238,-0.5434309252999169,0.06751624114862784,0.9724075561219968,-0.23328854407545518,False
EVR_03,2025,2025-04-16,12.8481,19.9782,5.6151,0.0008,280.44688,7.79665,378.253,46.5,-135.0637,14.363100000000001,6.713400000000001,0.31398293248474035,0.1569190724584996,-0.5006623408386252,0.07603493218525062,0.9682507501166718,-0.2499809690726521,False
EVR_03,2025,2025-04-17,13.6561,21.1914,7.1642,0.0206,265.45077,9.177800000000001,387.4308,43.8,-153.0228,14.0272,5.276200000000001,0.28123764123490036,0.14991026005265562,-0.558466633434481,0.04978067601245398,0.9638074231367307,-0.26659942067929354,False
EVR_03,2025,2025-04-18,13.0051,19.6905,7.7234,0.2776,264.52982,8.706949999999999,396.13775,39.300000000000004,-158.9534,11.9671,3.6892000000000014,0.2938201657897952,0.16845382435873946,-0.5451678591560982,0.042693301883079515,0.9590788900341131,-0.28313898122818354,False
EVR_03,2025,2025-04-19,13.1604,18.5708,6.7278,3.1225,224.47114,7.6493,403.78705,32.5,-254.81889999999999,11.842999999999998,3.541599999999999,0.2825441780587269,0.14853959375220566,-0.5108796202782605,0.03753981876437931,0.9540665500578387,-0.2995947563972602,False
EVR_03,2025,2025-04-20,14.2087,20.231,9.2145,0.6502,250.52426,9.722750000000001,413.5098,38.3,-266.875,11.016500000000002,4.0001,0.3050936924463025,0.15961159441983414,-0.5262990544913219,0.04308352162929768,0.9487718864399473,-0.31596187665790293,False
EVR_03,2025,2025-04-21,15.7341,22.0792,8.9191,0.0607,281.59523,10.49915,424.00895,43.4,-278.4539,13.1601,4.984500000000001,0.2875780713535374,0.1580038517527473,-0.5128355007609458,0.02124352424539111,0.9431964659565866,-0.33223549871590435,False
EVR_03,2025,2025-04-22,14.9164,21.2507,8.6288,0.0161,289.8218,9.93975,433.9487,47.5,-287.1515,12.621899999999998,6.437099999999999,0.32227639191425356,0.16219877652958803,-0.5140541592350507,0.008391395577752092,0.9373419384643772,-0.3484108069446808,False
EVR_03,2025,2025-04-23,13.0899,20.0647,7.894,0.1779,278.82995,8.97935,442.92805,40.300000000000004,-280.7744,12.170699999999998,4.1464,0.29846083258682277,0.16610755359850723,-0.5080425854389421,-0.015522099897917585,0.9312100364121947,-0.3644830148102912,False
EVR_03,2025,2025-04-24,12.8398,18.393,8.9112,0.6847,207.74077,8.6521,451.58015,31.2,-267.5103,9.481800000000002,4.0394000000000005,0.3118219095276271,0.16039743652042743,-0.5188250324926178,0.030584268292726757,0.9248025743285089,-0.38044736628785164,False
EVR_03,2025,2025-04-25,14.1242,19.4536,8.8765,0.4407,237.38325,9.16505,460.7452,34.7,-262.7472,10.577100000000002,4.3414,0.32466243570783626,0.16932853467245218,-0.4798382015401785,0.030842269918041065,0.9181214482844364,-0.39629913726891813,False
EVR_03,2025,2025-04-26,16.3378,22.6165,10.2697,57.1659,261.95462,11.443100000000001,472.1883,43.9,-220.10379999999998,12.346799999999998,4.724900000000002,0.3157611168335579,0.17726707275675477,-0.47680483940053175,0.033216938774831006,0.9111686353326631,-0.41203363695942635,False
EVR_03,2025,2025-04-27,13.047,17.2687,8.0052,5.7769,251.57678,7.636949999999999,479.82525,40.800000000000004,-217.4771,9.263499999999999,5.990100000000001,0.3349422116161406,0.19346696787833448,-0.5121739463225784,0.02984851916983805,0.9039461929224011,-0.42764620926777464,False
EVR_03,2025,2025-04-28,10.5963,14.6904,7.532,0.0811,286.32637,6.1112,485.93645,41.8,-215.8567,7.1584,8.3135,0.3304186787498912,0.18265419274773412,-0.4849682562059234,0.042840607396353814,0.8964562582905575,-0.44313223418263453,False
EVR_03,2025,2025-04-29,9.5995,13.3987,6.6668,0.0819,264.89334,5.03275,490.9692,34.1,-202.3909,6.7318999999999996,6.728100000000001,0.32328857263498745,0.1624430641109007,-0.5147939282242183,0.0010121807207338906,0.8887010478292915,-0.45848712914008766,False
EVR_03,2025,2025-04-30,10.6891,16.2563,6.0791,0.0142,296.47872,6.1677,497.1369,39.0,-201.25459999999998,10.1772,7.2551,0.34662983199150194,0.17651687485445977,-0.4591698712278909,0.04816899940467917,0.8806828564301475,-0.47370635037968,False
EVR_03,2025,2025-05-01,12.0832,17.8323,7.4041,0.1059,266.3355,7.6182,504.7551,40.099999999999994,-210.7334,10.4282,8.9936,0.3441275831518571,0.19518304127883093,-0.4720710523123268,0.03230567362422998,0.8724040568049612,-0.48878539428899265,False
EVR_03,2025,2025-05-02,13.5548,20.9666,7.0743,1.2613,292.02893,9.02045,513.77555,41.0,-216.21279999999996,13.892299999999999,7.5051000000000005,0.36866818788395544,0.21271326986439928,-0.4683736346644471,0.044005752176119184,0.8638670987837349,-0.503719798736334,False
EVR_03,2025,2025-05-03,13.4537,20.4306,4.8857,0.1081,317.24045,7.658149999999999,521.4337,44.5,-273.87059999999997,15.544899999999998,7.5477,0.3853084875647489,0.2207875022587211,-0.4823350055727965,0.069547370731191,0.8550745085896932,-0.518505144391157,False
EVR_03,2025,2025-05-04,16.8875,24.2438,8.5759,0.012,305.67114,11.409849999999999,532.84355,48.7,-287.5355,15.6679,9.428999999999998,0.380325465310172,0.21358250208808088,-0.4701966905461835,0.0453832536940314,0.8460288880917339,-0.533137056031809,False
EVR_03,2025,2025-05-05,19.0305,26.1316,11.3317,0.0258,272.81488,13.731649999999998,546.5752,46.5,-292.2908,14.7999,9.3832,0.37051010904082726,0.1920001416538973,-0.48808661481132865,0.040091430290936036,0.8367329140344921,-0.5476112038402312,False
EVR_03,2025,2025-05-06,20.6301,26.8696,14.0013,0.2871,295.66445,15.43545,562.0106499999999,51.1,-309.0856,12.868299999999998,8.880099999999999,0.3875648010193685,0.22114847106409755,-0.4691568480979488,0.06427622838438107,0.8271893372462497,-0.5619233046832195,False
EVR_03,2025,2025-05-07,20.6685,26.8815,14.7435,3.481,291.08688,15.8125,577.8231499999999,51.9,-318.5188,12.138,9.354000000000001,0.3883470515087825,0.21713784334617808,-0.4514444144841356,0.04171721951728058,0.8174009818249189,-0.5760691233798758,False
EVR_03,2025,2025-05-08,19.3893,24.6451,13.3242,0.2222,288.95114,13.984649999999998,591.8078,42.3,-320.60249999999996,11.3209,6.192599999999999,0.3950203454841673,0.22579650775972596,-0.4685530111548831,0.050892762332310215,0.8073707443023492,-0.5900444739548627,False
EVR_03,2025,2025-05-09,19.3927,25.1543,14.3491,6.8018,262.80371,14.7517,606.5595,40.7,-314.762,10.8052,6.274800000000001,0.3847716635660634,0.20224639239537548,-0.507939454722745,0.01610347568210796,0.7971015927871943,-0.6038452208771035,False
EVR_03,2025,2025-05-10,12.9174,14.4406,10.3827,113.9669,90.63513,7.41165,613.97115,25.2,-181.60319999999996,4.0579,2.9216000000000015,0.41237380418622427,0.22102463523920982,-0.4530060597262107,0.027065316621475377,0.7865965660866021,-0.6174672802835514,False
EVR_03,2025,2025-05-11,13.9164,18.8582,8.5226,6.168,252.4397,8.6904,622.66155,35.9,-162.6472,10.3356,5.753399999999999,0.40122598486105726,0.21489861010690336,-0.4116359415926134,0.020900519550885288,0.7758587728069828,-0.6309066211876704,False
EVR_03,2025,2025-05-12,14.8907,19.8102,10.2854,10.749,244.26939,10.047799999999999,632.70935,35.4,-140.82399999999998,9.524799999999999,5.263400000000001,0.42049904330774907,0.22288397972616816,-0.4331977487665879,0.0499889342669218,0.7648913904341225,-0.6441592666722685,False
EVR_03,2025,2025-05-13,13.2825,17.4171,8.853,23.3384,219.78851,8.13505,640.8444,34.6,-101.27269999999999,8.564100000000002,5.646000000000001,0.4258370283468516,0.23434319735031356,-0.4227597832579526,0.03827222732748309,0.753697664392914,-0.6572212950663319,False
EVR_03,2025,2025-05-14,13.2527,17.8508,7.9643,5.0796,282.4591,7.9075500000000005,648.75195,38.699999999999996,-86.47409999999999,9.8865,7.286300000000001,0.41392616181433717,0.24043809725924187,-0.41705171478861797,0.025579110305554653,0.742280907086982,-0.6700888411055113,False
EVR_03,2025,2025-05-15,15.6729,21.2254,9.3457,0.3111,320.02736,10.28555,659.0375,43.6,-87.68519999999998,11.8797,8.2439,0.4326149033850363,0.23529247443946205,-0.44639566546348486,0.03759455790086896,0.7306444969184916,-0.6827580970759147,False
EVR_03,2025,2025-05-16,16.2197,20.2139,11.0044,16.4074,161.70914,10.60915,669.64665,27.7,-65.07959999999999,9.209499999999998,7.428099999999999,0.4458257811282327,0.23428197584244748,-0.42415687426057797,0.061054117562169274,0.7187918772884232,-0.6952253139408722,False
EVR_03,2025,2025-05-17,16.1136,18.847,11.886,255.5524,152.50883,10.3665,680.01315,33.2,68.5059,6.961000000000002,3.997600000000002,0.4148267158111807,0.23118385583663675,-0.5040919530058183,0.002452911624956422,0.7067265555776158,-0.7074868024503348,False
EVR_03,2025,2025-05-18,15.4719,20.4348,11.3639,95.6842,254.41846,10.899349999999998,690.9125,44.5,149.4221,9.0709,4.7188,0.4377210814985647,0.2428600000100408,-0.4293630516698229,0.03649509663750744,0.6944521021088763,-0.719538934232584,False
EVR_03,2025,2025-05-19,17.1581,22.8922,10.2539,4.5699,305.26474,11.573049999999999,702.48555,52.3,126.34300000000002,12.6383,7.6424,0.42991225920541487,0.23001043826860443,-0.4235624847600059,0.009413215897665805,0.6819721490904629,-0.7313781428679254,False
EVR_03,2025,2025-05-20,18.1845,23.493,12.3835,0.3174,277.40624,12.93825,715.4238,48.7,89.22200000000001,11.109499999999999,7.2988,0.4455636868270666,0.2581740240190359,-0.41590211944102556,0.019726658480214987,0.6692903895412567,-0.7430009249440493,False
EVR_03,2025,2025-05-21,20.0062,25.5753,13.7404,0.0497,314.48707,14.65785,730.08165,52.5,70.3921,11.8349,7.1622,0.44815787795836093,0.23993722875921095,-0.39244597676757825,0.03423171614402376,0.6564105761979381,-0.7544038410927472,False
EVR_03,2025,2025-05-22,21.3906,28.1546,15.3402,1.6341,311.49213,16.7474,746.8290499999999,54.9,60.41510000000001,12.8144,8.3102,0.4519601288858882,0.24793251367052538,-0.4095802152454421,0.019345225500851937,0.6433365204044917,-0.765583517007675,False
EVR_03,2025,2025-05-23,22.2899,28.2752,15.7512,0.1593,309.70176,17.0132,763.84225,54.5,17.367000000000004,12.524000000000001,9.4002,0.47275518707346,0.2586920896758395,-0.4000403441675951,0.026929405945227303,0.6300720909843687,-0.7765366444428655,False
EVR_03,2025,2025-05-24,22.7933,29.1727,17.0868,0.4281,306.86102,18.12975,781.972,54.0,-258.55729999999994,12.085899999999999,8.317999999999998,0.5108441028321722,0.29592198570179973,-0.35857438797372204,0.0960173870209915,0.6166212130956382,-0.7872599821916922,False
EVR_03,2025,2025-05-25,19.6535,25.195,16.2255,58.1328,248.71154,15.710250000000002,797.68225,38.699999999999996,-290.3087,8.9695,4.607500000000002,0.5026194222619473,0.2726608364866013,-0.3686466546045037,0.06489834076338263,0.6029878670694714,-0.7977503570459932,False
EVR_03,2025,2025-05-26,16.0304,20.6007,11.6725,112.532,228.68557,11.136600000000001,808.81885,52.0,-182.04659999999998,8.9282,6.723800000000001,0.5105305772762473,0.2788179271692856,-0.3912715818638138,0.08061831807083242,0.5891760872322963,-0.8080046647350754,False
EVR_03,2025,2025-05-27,17.7297,22.8563,10.9507,7.0871,244.8954,11.903500000000001,820.72235,43.7,-170.27689999999998,11.905600000000002,7.0009000000000015,0.5117977746923277,0.27787170276497614,-0.37407431018724674,0.06623408786526108,0.5751899607119775,-0.8180198708443174,False
EVR_03,2025,2025-05-28,19.1256,23.538,12.8747,6.178,280.76266,13.20635,833.9287,48.4,-160.04859999999996,10.6633,7.726899999999999,0.5118162894871728,0.2812606508795408,-0.3948471469177249,0.06365841152881191,0.5610336262283677,-0.8277930117131022,False
EVR_03,2025,2025-05-29,18.9002,23.9185,13.1756,4.8011,298.5387,13.547049999999999,847.47575,50.3,-152.28159999999997,10.742900000000002,6.968600000000002,0.5457874101924225,0.29815020933443626,-0.30397575193693754,0.09382728130653428,0.5467112728685939,-0.8373211953118121,False
EVR_03,2025,2025-05-30,17.8902,22.0817,12.9819,110.8988,256.19968,12.5318,860.00755,40.9,-27.942099999999982,9.099800000000002,4.0168,0.5493546452849432,0.2914055687839422,-0.31802958949478394,0.07659945821148317,0.5322271388474397,-0.8466016020976267,False
EVR_03,2025,2025-05-31,18.3246,22.8413,13.8286,13.45,279.10112,13.33495,873.3425,50.1,-11.020199999999988,9.0127,6.423500000000001,0.5734387638930951,0.3201304177730511,-0.3465088031885594,0.06259466106092293,0.5175855102531889,-0.8556314858488706,False
EVR_03,2025,2025-06-01,19.4581,25.0497,12.409,1.0087,285.20262,13.72935,887.07185,52.1,-81.54429999999999,12.6407,8.342700000000002,0.5537269228230776,0.30231241189791375,-0.3131590058353669,0.051107500561130226,0.5027907197793043,-0.8644081744776648,False
EVR_03,2025,2025-06-02,21.0213,26.678,13.4827,0.3764,306.67994,15.08035,902.1522,53.699999999999996,-195.3999,13.195300000000001,8.4926,0.5629571914494389,0.30968132967947615,-0.3361316387465692,0.05242661417319161,0.4878471454423119,-0.8729290708206411,False
EVR_03,2025,2025-06-03,22.8087,27.9365,17.2089,0.0882,323.16368,17.572699999999998,919.7248999999999,55.199999999999996,-213.8988,10.727599999999999,8.065500000000002,0.571451936806917,0.3164454280144412,-0.3209668368654648,0.05965416211458929,0.47275920928627757,-0.881191653407483,False
EVR_03,2025,2025-06-04,24.8707,30.489,18.3342,0.1692,305.22045,19.4116,939.1365,54.6,-226.1076,12.154800000000002,8.424299999999999,0.574996658023358,0.3359744707491495,-0.31949750492304246,0.06318036853618514,0.4575313760742512,-0.8891934772070711,False
EVR_03,2025,2025-06-05,24.7544,31.0603,17.9035,0.024,321.19494,19.481900000000003,958.6184,59.8,-240.38469999999998,13.1568,10.9829,0.6116828965685874,0.3411317411398371,-0.2654936210841279,0.06589548637616494,0.44216815196707204,-0.8969321743510065,False
EVR_03,2025,2025-06-06,23.3125,30.1514,17.2777,0.001,332.8172,18.71455,977.33295,54.199999999999996,-364.5825,12.8737,9.0068,0.601167893382169,0.3402691163102977,-0.31941560646442274,0.05181324809722587,0.42667408318992467,-0.9044054548343001,False
EVR_03,2025,2025-06-07,21.7334,28.4453,15.9715,0.0065,336.05002,17.2084,994.54135,46.6,-374.526,12.473799999999999,7.802899999999999,0.6200841949127989,0.3268646295991172,-0.2755418560246984,0.046645431019703754,0.4110537546870351,-0.9116111071930239,False
EVR_03,2025,2025-06-08,21.8646,29.0713,15.2951,0.0064,340.91274,17.1832,1011.72455,45.699999999999996,-369.12829999999997,13.776200000000001,8.0641,0.6324942660463895,0.3448258692919893,-0.2800963013232424,0.07876734322331191,0.3953117887649151,-0.9185469991587165,False
EVR_03,2025,2025-06-09,22.4779,30.8042,13.8061,0.0137,337.78403,17.30515,1029.0297,42.9,-358.6909999999999,16.9981,7.971100000000002,0.6401612736462362,0.3556757511235198,-0.27462479492755837,0.07720408219679731,0.37945284372454435,-0.925211078289358,False
EVR_03,2025,2025-06-10,22.5768,28.0669,17.4945,0.6171,320.08458,17.7807,1046.8104,35.5,-338.46209999999996,10.572400000000002,8.572799999999999,0.6368040174625312,0.35685634719199016,-0.27036116017007017,0.06535208065561426,0.36348161248290634,-0.9316013725767187,False
EVR_03,2025,2025-06-11,23.299,29.765,17.2586,0.0487,322.42822,18.5118,1065.3222,38.9,-322.88259999999997,12.5064,10.3315,0.6551492331542704,0.38088248669089014,-0.21281377489612396,0.08015257513091245,0.3474028211842774,-0.9377159910299093,False
EVR_03,2025,2025-06-12,23.6128,30.5002,16.2326,0.002,332.21293,18.3664,1083.6886,40.5,-303.60459999999995,14.267599999999998,8.9398,0.65919741534567,0.3618049216596789,-0.2579878068537324,0.04751451877708257,0.3312212278016865,-0.9435531242349544,False
EVR_03,2025,2025-06-13,22.6441,28.1267,17.4971,0.0164,324.92134,17.8119,1101.5005,34.3,-283.68919999999997,10.6296,9.233200000000002,0.6720433341994327,0.3705004822718067,-0.24528846680473274,0.07087544081726371,0.31494162072895193,-0.9491110448902284,False
EVR_03,2025,2025-06-14,21.5621,26.1847,17.2491,1.6055,287.2012,16.7169,1118.2174,28.0,-263.49019999999996,8.9356,8.914200000000001,0.6744017140733014,0.37106200100455405,-0.23343501726472987,0.054317519160502536,0.2985688173637202,-0.9543881083175908,False
EVR_03,2025,2025-06-15,21.3745,26.6017,15.4793,1.088,289.6145,16.0405,1134.2579,28.5,-245.20859999999996,11.1224,9.795100000000001,0.680016519000418,0.3947938492385582,-0.19290122590396577,0.047522252954028565,0.2821076626819194,-0.9593827529490743,False
EVR_03,2025,2025-06-16,22.4613,28.5597,14.2679,0.0832,322.41437,16.4138,1150.6717,32.9,-235.13909999999996,14.2918,10.6132,0.6901776115757309,0.36236247145805184,-0.2100511061513338,0.05001633792949467,0.26556302780405594,-0.9640935007889755,False
EVR_03,2025,2025-06-17,24.8915,30.7764,18.037,0.0168,326.63843,19.4067,1170.0784,34.7,-234.93939999999995,12.7394,11.5752,0.7261277130429287,0.38755914831470456,-0.20143258985473272,0.08932369558039743,0.24893980855376657,-0.9685189578512204,False
EVR_03,2025,2025-06-18,24.7183,31.0513,17.0594,0.1201,327.22886,19.05535,1189.13375,32.800000000000004,-228.76799999999994,13.991900000000001,10.558,0.6987285873895411,0.3730453791643089,-0.20106972987809946,0.043579354235270706,0.23224292400907015,-0.9726578145718654,False
EVR_03,2025,2025-06-19,25.2043,30.6866,18.662,0.0704,320.75104,19.6743,1208.80805,31.4,-219.59959999999995,12.0246,9.7287,0.7258099060180623,0.4062876713251807,-0.17568646610643235,0.06661249067239228,0.21547731504673012,-0.976508846196619,False
EVR_03,2025,2025-06-20,24.6663,31.2311,19.4927,17.4103,284.74982,20.3619,1229.16995,28.8,-196.70569999999998,11.738400000000002,8.4158,0.7207058113936687,0.40314631301357995,-0.18230546951654525,0.048662477194236,0.19864794288017112,-0.9800709131432666,False
EVR_03,2025,2025-06-21,22.1235,26.6252,17.958,1.5821,286.8773,17.2916,1246.46155,24.9,-193.62909999999997,8.667200000000001,9.8221,0.7150289781483056,0.38575824899216005,-0.18295415442413393,0.040627264075004166,0.18175978759137534,-0.9833429613388902,False
EVR_03,2025,2025-06-22,21.6487,26.522,16.2533,0.0183,295.40707,16.38765,1262.8491999999999,23.2,-189.39879999999994,10.268699999999999,10.893900000000002,0.7553363893267496,0.41849284586969066,-0.18447942000949216,0.07531987032633158,0.16481784665719793,-0.9863240225317866,False
EVR_03,2025,2025-06-23,24.4625,31.191,16.4956,0.0067,339.03728,18.8433,1281.6924999999999,31.4,-187.97529999999995,14.6954,12.140699999999999,0.7426201406885619,0.4088119470202276,-0.18978470516034088,0.05244252911283098,0.14782713347053048,-0.9890132145779883,False
EVR_03,2025,2025-06-24,26.434,32.3891,18.7178,0.018,342.7116,20.553449999999998,1302.24595,34.2,-187.47409999999996,13.671299999999999,13.582600000000001,0.7674977555989019,0.41543216694810564,-0.132724820131011,0.04137004255597321,0.13079267585675922,-0.9914097417023038,False
EVR_03,2025,2025-06-25,28.174,34.9853,22.0284,0.0124,336.72698,23.50685,1325.7528,33.2,-187.98179999999996,12.956900000000001,13.8988,0.8032740959148648,0.4339891590205264,-0.14826047493276284,0.10454550852532363,0.11371951458594969,-0.9935128947338007,False
EVR_03,2025,2025-06-26,28.5848,35.8756,18.9508,0.0009,337.55533,22.4132,1348.166,33.2,-189.85129999999995,16.924799999999998,14.728100000000001,0.7436331005703493,0.4112012190337506,-0.14489734392849818,0.01782319455228698,0.0966127018812031,-0.9953220513156602,False
EVR_03,2025,2025-06-27,28.7667,34.8871,22.2137,0.0,331.14115,23.550399999999996,1371.7164,30.599999999999998,-209.06159999999997,12.673399999999997,14.9709,0.7774759252941403,0.43166065499920164,-0.13477790185024768,0.0567701139004716,0.07947729992362097,-0.9968366760893436,False
EVR_03,2025,2025-06-28,25.4832,30.3151,21.8145,17.309,283.762,21.064799999999998,1392.7812,22.700000000000003,-191.13469999999995,8.500600000000002,9.5869,0.8304935292491202,0.4412539639556094,-0.06648473595436771,0.11546455110081466,0.062318379354325076,-0.998056320853012,False
EVR_03,2025,2025-06-29,23.5329,26.9345,20.09,1.6305,305.71696,18.51225,1411.29345,21.1,-187.42249999999996,6.8445,11.9296,0.8227498339641757,0.4628680778973752,-0.09476320262654268,0.06741344463742605,0.04514101777397193,-0.9989806246941579,False
EVR_03,2025,2025-06-30,25.5818,30.7511,17.923,0.2108,274.5983,19.337049999999998,1430.6305,21.5,-177.31839999999997,12.828100000000003,10.763700000000002,0.8350397080652043,0.46558170385551256,-0.08741222296910475,0.09241956737664248,0.02795029824021032,-0.999609314096404,False
EVR_03,2025,2025-07-01,24.8357,30.4429,19.8228,42.7716,274.4213,20.13285,1450.76335,23.8,-124.16479999999996,10.6201,7.726299999999998,0.8343228057342403,0.47268477717161905,-0.07594510751567798,0.06682505013533846,0.01075130776352193,-0.9999422030204416,False
EVR_03,2025,2025-07-02,23.3542,28.4169,17.9229,3.5386,298.74634,18.1699,1468.93325,26.1,-113.53859999999996,10.494,10.0017,0.8257972004458509,0.4633353695777336,-0.11127545238493693,0.02252310453098616,-0.00645086419810515,-0.9999791929590823,False
EVR_03,2025,2025-07-03,23.8513,30.7578,15.695,0.0382,334.2566,18.226399999999998,1487.15965,28.1,-108.40129999999996,15.0628,11.682599999999999,0.8293012705824697,0.47432141752886836,-0.136450275690239,0.08566817001212046,-0.023651127245231586,-0.9997202729664083,False
EVR_03,2025,2025-07-04,24.5339,30.7881,17.1995,0.0051,332.39203,18.9938,1506.15345,25.2,-102.99619999999997,13.5886,10.541699999999999,0.8525626981793248,0.48043958329978514,-0.11743925128592371,0.0750867728851845,-0.04084439154329611,-0.9991655196610109,False
EVR_03,2025,2025-07-05,25.3529,32.1612,17.27,0.0078,336.77533,19.715600000000002,1525.86905,25.4,-122.99739999999997,14.891200000000001,11.932100000000002,0.8249852066868295,0.44970640256669525,-0.11593159148288783,-0.005508322562290724,-0.05802556932878035,-0.9983150972033183,False
EVR_03,2025,2025-07-06,26.3066,33.6176,19.3001,0.0026,333.53606,21.45885,1547.3279,23.2,-126.72529999999996,14.317500000000003,11.5717,0.8529814895006677,0.47808165129345587,-0.14149062931423137,0.030231655536491986,-0.07518957641475855,-0.9971692572470178,False
EVR_03,2025,2025-07-07,27.2772,34.8079,19.3214,0.0004,332.8333,22.06465,1569.39255,24.2,-129.63569999999996,15.486499999999996,11.1936,0.8390236441617733,0.48366878592187734,-0.09360628483033143,0.003983936096568996,-0.09233133369539122,-0.9957283388645872,False
EVR_03,2025,2025-07-08,27.3331,34.4632,19.5806,0.0,332.004,22.021900000000002,1591.41445,23.599999999999998,-172.20729999999995,14.8826,10.886300000000002,0.8323460358317105,0.4634808004592629,-0.09465356512552361,-0.001976769902529818,-0.10944576864891556,-0.993992768446958,False
EVR_03,2025,2025-07-09,28.4336,36.4032,19.764,0.0262,331.33174,23.083599999999997,1614.49805,23.2,-172.81969999999995,16.6392,12.618999999999998,0.7868157113382843,0.4390802968074481,-0.13702137579740503,-0.0389814891075666,-0.12652781683868314,-0.9919630595773397,False
EVR_03,2025,2025-07-10,24.4268,29.6821,19.9057,0.0098,297.90784,19.7939,1634.29195,17.0,-161.74809999999997,9.776399999999999,12.8951,0.8432504803798551,0.46671685538293717,-0.09217407609538475,0.013949209797385342,-0.1435724234118113,-0.9896398128792412,False
EVR_03,2025,2025-07-11,24.6824,30.1759,19.9496,0.0017,287.51818,20.06275,1654.3547,15.0,-151.55149999999998,10.226299999999998,10.868400000000001,0.8391903648537563,0.45514519569871076,-0.11187597172500997,-0.01337233332556853,-0.16057454459499376,-0.9870237158387383,False
EVR_03,2025,2025-07-12,24.9115,30.9244,19.1894,0.0132,319.7253,20.0569,1674.4116,15.8,-141.94609999999997,11.735,10.0775,0.8714667950381367,0.4846790195134838,-0.06949032169803236,0.046481588351307224,-0.17752914918703497,-0.984115542601034,False
EVR_03,2025,2025-07-13,25.9457,32.5748,18.5128,0.0086,330.26928,20.5438,1694.9554,16.8,-135.54009999999997,14.062000000000005,12.9005,0.8616645993766311,0.471054165490241,-0.044040824816610466,0.008683109875963435,-0.19443122004766195,-0.9809161537413774,False
EVR_03,2025,2025-07-14,26.4538,33.2906,18.4572,0.0009,331.62883,20.8739,1715.8292999999999,17.2,-128.53959999999995,14.833399999999997,14.556700000000001,0.8357350627045962,0.4582228299424367,-0.09964740519948773,-0.003288581457177142,-0.2112757555821793,-0.9774264960104055,False
EVR_03,2025,2025-07-15,27.2894,33.1195,21.4676,0.0034,325.58858,22.293550000000003,1738.12285,15.8,-120.73619999999997,11.651900000000001,13.339400000000001,0.8541817370141763,0.477679136224128,-0.09481299199059982,0.021835701182465805,-0.2280577712215198,-0.9736476020539838,False
EVR_03,2025,2025-07-16,28.2607,34.2928,21.5253,0.0052,322.91565,22.90905,1761.0319,17.5,-115.05719999999997,12.767499999999998,15.7924,0.8417335525317968,0.4708523095765889,-0.05935335895567613,0.05491784119351251,-0.24477230089725957,-0.9695805901076308,False
EVR_03,2025,2025-07-17,28.2452,34.4956,21.0209,0.0185,316.31258,22.758250000000004,1783.79015,17.9,-115.94849999999997,13.474700000000002,12.9589,0.8272737136624363,0.47461250003554095,-0.07358934337133774,-0.015976766717418767,-0.2614143985111562,-0.965226663665613,False
EVR_03,2025,2025-07-18,26.0275,30.8287,22.0835,0.4126,294.0542,21.4561,1805.24625,13.899999999999999,-114.43759999999996,8.7452,9.7821,0.8399355157301095,0.4478338357461559,-0.1300790675719961,0.0007451508763531844,-0.2779791393987801,-0.9605871111248129,False
EVR_03,2025,2025-07-19,26.0808,31.0231,21.4319,5.5167,262.26634,21.2275,1826.4737499999999,13.6,-106.73409999999996,9.5912,10.2596,0.8482321989832666,0.4690089448926184,-0.1185059668288719,-0.023234596054870105,-0.2944616217868012,-0.9556633054034704,False
EVR_03,2025,2025-07-20,27.3829,33.5088,19.3886,0.4006,315.54768,21.448700000000002,1847.92245,17.8,-107.34209999999995,14.1202,13.293099999999999,0.8231250843533782,0.4468088464595747,-0.09723189896242017,-0.038539515023252924,-0.3108569682435036,-0.9504567035349151,False
EVR_03,2025,2025-07-21,28.7194,34.0351,21.9263,0.0004,315.65152,22.9807,1870.90315,17.5,-107.64259999999996,12.108799999999999,13.526,0.8414223717904502,0.463059511204642,-0.10002933770739722,0.00568730908585402,-0.3271603271220951,-0.9449688462364056,False
EVR_03,2025,2025-07-22,30.5343,37.1279,22.8126,0.0,315.04074,24.97025,1895.8734,17.7,-109.54599999999995,14.315299999999997,13.8381,0.7523087890870771,0.4207277107523503,-0.18489186156535714,-0.10187294792709922,-0.34336687399638804,-0.939201357453208,False
EVR_03,2025,2025-07-23,31.3134,38.7404,25.1099,0.0098,316.62502,26.925150000000002,1922.79855,18.8,-110.84139999999995,13.630500000000001,14.349,0.7579980329964171,0.42302437441875695,-0.15573528230124317,-0.08373551953537972,-0.3594718130884232,-0.9331559438780432,False
EVR_03,2025,2025-07-24,28.7413,35.1906,23.6281,0.0129,315.527,24.409350000000003,1947.2079,12.9,-105.84699999999995,11.562500000000004,11.0338,0.7598359084014227,0.4202360967993049,-0.1739215015556565,-0.06743780526101362,-0.3754703786876202,-0.9268343944460494,False
EVR_03,2025,2025-07-25,28.5206,35.3185,22.3186,0.0013,313.73162,23.818550000000002,1971.02645,12.9,-105.25829999999996,12.9999,11.006700000000002,0.726350864015332,0.4000191439642698,-0.19805319373012878,-0.1135846517147775,-0.3913578365610259,-0.9202385798054075,False
EVR_03,2025,2025-07-26,28.5467,34.936,22.4518,0.0,316.641,23.6939,1994.72035,12.4,-109.57499999999996,12.484200000000001,13.121200000000002,0.8057137352559279,0.4344645515060584,-0.12023290681315534,-0.042518463727338696,-0.4071294853542516,-0.9133704517637858,False
EVR_03,2025,2025-07-27,28.7665,35.6946,22.9581,0.0,317.4831,24.32635,2019.0467,12.6,-104.77559999999997,12.7365,11.077000000000002,0.7330873391723722,0.4092327394009911,-0.19567696823857916,-0.09003774518100593,-0.4227806579826773,-0.9062320427107697,False
EVR_03,2025,2025-07-28,28.8137,35.1498,20.9096,0.0,308.7963,23.0297,2042.0764,12.9,-100.17599999999996,14.240199999999998,9.384,0.741779940266136,0.3950299540853931,-0.20363105712583784,-0.09964243152431418,-0.4383067230125192,-0.898825465016444,False
EVR_03,2025,2025-07-29,29.1809,35.5092,23.011,0.0,308.54173,24.2601,2066.3365,12.8,-95.27599999999995,12.4982,10.578,0.7262192357854977,0.40080703878057417,-0.20941966232762277,-0.02608955330157936,-0.45370308603134424,-0.8911529104063088,False
EVR_03,2025,2025-07-30,26.8308,30.7529,23.5522,5.7745,225.96024,22.152549999999998,2088.48905,10.0,-80.71129999999997,7.200700000000001,7.416,0.7844217787786328,0.42589362925500956,-0.15492365850587692,0.026423745782215735,-0.46896519100763184,-0.8832166493127127,False
EVR_03,2025,2025-07-31,25.9316,30.659,21.979,4.0875,258.29302,21.319,2109.80805,8.8,-72.53669999999995,8.68,7.846299999999999,0.755348751156242,0.3952003549597953,-0.16692559842678661,-0.004487157245180673,-0.48408852163897587,-0.8750190302029955,False
EVR_03,2025,2025-08-01,25.2756,29.9629,21.0234,5.5981,250.6764,20.49315,2130.3012,9.5,-63.53989999999996,8.939500000000002,9.1109,0.7537181159725812,0.41666829711834347,-0.14190786625359614,0.027367251957249206,-0.4990686026885319,-0.8665624788845385,False
EVR_03,2025,2025-08-02,25.5442,29.6299,22.0077,3.2209,209.64653,20.8188,2151.12,7.5,-55.418999999999954,7.622199999999999,8.661999999999999,0.7350515125555465,0.4176939851933145,-0.1727851088291963,-0.07066222270038147,-0.5139010013093103,-0.8578494977869301,False
EVR_03,2025,2025-08-03,26.0796,31.589,20.739,0.9651,272.2287,21.164,2172.284,9.4,-51.25389999999996,10.849999999999998,8.933799999999998,0.7429307510832233,0.3989242593331205,-0.1492008551967211,0.00984341191085103,-0.5285813283559292,-0.8488826652214553,False
EVR_03,2025,2025-08-04,26.3052,32.2194,20.4315,0.1607,283.9079,21.32545,2193.60945,9.700000000000001,-47.89319999999996,11.7879,9.113199999999999,0.691148134564647,0.40044310272121963,-0.22055948474964465,-0.05063180570148906,-0.5431052396834317,-0.8396646346181327,False
EVR_03,2025,2025-08-05,26.4857,32.0905,21.2881,0.0298,297.5253,21.6893,2215.29875,8.8,-43.86339999999996,10.802399999999999,9.242700000000003,0.7175294619000478,0.39071044549629597,-0.18185468382141376,-0.008689773885449892,-0.5574684374327892,-0.8301981337405212,False
EVR_03,2025,2025-08-06,26.5033,31.1383,22.5374,5.598,219.58712,21.837850000000003,2237.1366,7.6,-41.639899999999955,8.6009,8.174299999999999,0.6903999018154926,0.3626312090006758,-0.2254759102063627,-0.09402187696314024,-0.5716666713027052,-0.8204859638785327,False
EVR_03,2025,2025-08-07,26.3523,31.6251,22.0003,2.9842,268.862,21.8127,2258.9493,12.200000000000001,-46.143199999999965,9.6248,8.698799999999999,0.687553240901168,0.3681111128957085,-0.1886562313313914,-0.06779551025507402,-0.5856957398073508,-0.8105309990194823,False
EVR_03,2025,2025-08-08,25.9007,29.9538,21.8681,1.1084,247.08939,20.91095,2279.86025,7.6,-48.732899999999965,8.085700000000003,8.168800000000001,0.6617574990769678,0.37275469249695153,-0.22847200308532634,-0.09196061689561341,-0.5995514915196489,-0.8003361849976323,False
EVR_03,2025,2025-08-09,25.4066,31.5157,20.1055,0.0844,295.33216,20.8106,2300.67085,8.8,-53.16939999999997,11.4102,9.6813,0.7003652041798115,0.3943655072639266,-0.21154471115951412,-0.03468630837573494,-0.6132298262997502,-0.7899045386224707,False
EVR_03,2025,2025-08-10,26.6657,32.7224,21.2572,0.0116,304.7646,21.989800000000002,2322.66065,9.299999999999999,-54.022899999999964,11.4652,11.984200000000001,0.7004552417995443,0.37739523006739967,-0.20319786121450273,-0.042475509283678936,-0.6267266965083301,-0.7792391467859886,False
EVR_03,2025,2025-08-11,26.9107,33.7353,21.3336,0.0009,303.27456,22.53445,2345.1951,9.299999999999999,-53.78269999999996,12.401700000000002,11.576399999999998,0.6407186045086919,0.3300925588029449,-0.28114900275274135,-0.050429530055955074,-0.6400381082043503,-0.7683431655492202,False
EVR_03,2025,2025-08-12,25.8397,31.5917,21.4585,0.0077,297.04182,21.525100000000002,2366.7202,7.7,-52.704799999999956,10.133199999999999,10.2132,0.6163019559505497,0.3555150134885139,-0.3079153715479222,-0.10122750594949814,-0.65316012232693,-0.7572198192083127,False
EVR_03,2025,2025-08-13,24.7215,29.5024,20.7512,0.0013,276.90256,20.126800000000003,2386.847,6.3,-57.001499999999965,8.7512,9.0941,0.6342415625374049,0.34394740214048397,-0.23884101378772174,-0.056158339278087666,-0.666088855860977,-0.7458723993404063,False
EVR_03,2025,2025-08-14,24.9713,29.8656,21.0515,0.0047,281.82765,20.458550000000002,2407.30555,6.0,-53.78099999999996,8.8141,9.5025,0.619395107436867,0.339796135988024,-0.28720760179268007,-0.068158133464301,-0.6788204829862355,-0.734304263829602,False
EVR_03,2025,2025-08-15,25.507,30.2351,22.0327,0.0283,273.57574,21.133899999999997,2428.43945,6.1000000000000005,-53.36109999999996,8.2024,10.962900000000001,0.6122609662233477,0.33207247652871325,-0.23045807706226665,-0.0494965328536201,-0.6913512362094071,-0.722518835873311,False
EVR_03,2025,2025-08-16,24.7396,29.4896,20.8217,0.0159,279.78144,20.15565,2448.5951,5.8,-50.42959999999995,8.6679,10.521799999999999,0.5857920827087222,0.3214154363515248,-0.2971911049216274,-0.11457312147108933,-0.7036774074790128,-0.7105196029692745,False
EVR_03,2025,2025-08-17,24.5669,30.0132,19.6352,0.0156,271.85306,19.8242,2468.4193,6.2,-47.32559999999996,10.378,10.0725,0.5891266119624707,0.3246505017895568,-0.2853600740220539,-0.11132862983707359,-0.7157953492826642,-0.6983101158835584,False
EVR_03,2025,2025-08-18,25.3754,32.0289,18.5296,0.0012,289.11107,20.279249999999998,2488.69855,8.1,-46.12529999999995,13.499300000000002,9.841299999999999,0.5732894729369084,0.33313920294701266,-0.3187692965087414,-0.06742913157178354,-0.7277014757264236,-0.6858939875998223,False
EVR_03,2025,2025-08-19,23.9531,29.11,20.4333,56.4627,244.39683,19.77165,2508.4702,11.2,6.829700000000038,8.6767,6.3706,0.5130588505109205,0.28340578802639915,-0.3287434728336687,-0.10324310543962922,-0.7393922635959241,-0.673274892250183,False
EVR_03,2025,2025-08-20,23.7382,28.0287,19.3238,7.3351,241.15302,18.67625,2527.14645,16.0,4.463500000000039,8.704900000000002,8.050099999999999,0.5647762680406235,0.30682651535672145,-0.31948761115501717,-0.0694652944967814,-0.7508642533989489,-0.6604565640279754,False
EVR_03,2025,2025-08-21,25.1386,31.1868,18.7604,0.2316,287.6636,19.9736,2547.12005,17.9,-7.209599999999959,12.426400000000001,10.5629,0.551037831897627,0.3076157993291786,-0.3583639692782532,-0.06835727553923998,-0.7621140503891487,-0.6474427960827475,False
EVR_03,2025,2025-08-22,27.1431,34.6826,19.2768,0.0026,286.25053,21.9797,2569.09975,15.9,-17.035299999999957,15.4058,11.8117,0.5353990911452652,0.27772965743586286,-0.33761917887298526,-0.07686187507808251,-0.7731383255706026,-0.6342374393978054,False
EVR_03,2025,2025-08-23,25.8563,30.9372,21.8442,0.0555,269.3443,21.390700000000002,2590.4904500000002,12.5,-23.69569999999996,9.093,10.674900000000001,0.5348748368757452,0.29304144834099494,-0.33605561514920973,-0.050917245832976965,-0.7839338166829201,-0.620844401650647,False
EVR_03,2025,2025-08-24,24.7818,29.7079,20.5817,0.432,277.36672,20.1448,2610.63525,10.6,-27.67929999999996,9.126199999999997,13.163300000000001,0.5252804436180762,0.2934966256136981,-0.35948263156522237,-0.0638461683443945,-0.7944973291665992,-0.6072676460566135,False
EVR_03,2025,2025-08-25,23.2517,28.2459,19.2577,2.0175,249.70349,18.7518,2629.38705,8.200000000000001,-25.76299999999996,8.988199999999999,9.8797,0.5036520651112412,0.2810699457252716,-0.3671560087091746,-0.06963740782566719,-0.8048257371083452,-0.593511190196115,False
EVR_03,2025,2025-08-26,22.7432,27.9753,17.9826,0.173,245.55,17.97895,2647.366,7.0,-77.85269999999996,9.9927,10.223100000000002,0.45864768075522194,0.26223909883051155,-0.4310687107393519,-0.05441116975569854,-0.8149159841660791,-0.5795791048257612,False
EVR_03,2025,2025-08-27,22.734,28.3564,18.2287,0.0009,265.78266,18.29255,2665.65855,6.2,-75.38689999999995,10.1277,9.615800000000002,0.48914698535773404,0.26500071477223414,-0.3737051003497141,-0.07562928268288949,-0.8247650844733614,-0.5654755126737576,False
EVR_03,2025,2025-08-28,23.036,28.4865,18.4584,0.0026,272.34557,18.472450000000002,2684.131,6.0,-63.71589999999996,10.028099999999998,9.584600000000002,0.4564426001439666,0.2674438799038004,-0.38649734248759665,-0.09459523175366041,-0.8343701235229538,-0.5512045872199277,False
EVR_03,2025,2025-08-29,24.1718,30.3896,18.1794,0.0716,254.03773,19.2845,2703.4155,6.1000000000000005,-53.84689999999996,12.2102,8.3321,0.4767225670833237,0.2581556320927798,-0.3568723359952391,-0.05867652406194146,-0.8437282590292712,-0.5367705514607103,False
EVR_03,2025,2025-08-30,25.0601,31.0695,18.7046,0.0598,262.94678,19.887050000000002,2723.30255,7.2,-48.542599999999965,12.364900000000002,7.942,0.4221975014380571,0.23527454308467705,-0.4181681982933682,-0.1126773354376881,-0.8528367217694595,-0.522177676659508,False
EVR_03,2025,2025-08-31,26.2848,31.8877,21.3151,0.0328,243.25067,21.601399999999998,2744.90395,6.4,-44.74179999999996,10.572599999999998,9.877600000000001,0.466919694978886,0.2650600250078014,-0.4599468856744645,-0.05836074863919022,-0.8616928164028522,-0.5074302810827518,False
EVR_03,2025,2025-09-01,25.0447,30.2512,18.6639,0.0087,245.23658,19.45755,2764.3615,6.6,-45.150599999999955,11.587299999999999,10.301599999999999,0.4203806717995344,0.24268592957178067,-0.44240230467594505,-0.08327139331170674,-0.8702939222685674,-0.49253272872205434,False
EVR_03,2025,2025-09-02,26.0197,31.8987,19.2277,0.0141,228.71707,20.563200000000002,2784.9247,5.8,-44.10949999999996,12.671000000000003,10.4108,0.4353007744151949,0.24609418032350236,-0.40976810272681724,-0.023346906340027063,-0.8786374941610001,-0.4774894280028391,False
EVR_03,2025,2025-09-03,25.7827,32.2416,19.6256,0.003,257.56248,20.9336,2805.8583,5.8999999999999995,-43.80739999999996,12.616,9.483799999999999,0.40513756704893344,0.23953360139813806,-0.4319266168635224,-0.0840094183088006,-0.886721063082993,-0.46230483047981086,False
EVR_03,2025,2025-09-04,24.9758,30.1242,20.9368,0.4868,231.15451,20.5305,2826.3888,4.5,-41.82319999999996,9.187399999999997,7.528299999999998,0.37795144129546676,0.2033104299916894,-0.4720667905743306,-0.07849115884849983,-0.8945422369764496,-0.4469834295196741,False
EVR_03,2025,2025-09-05,24.5821,29.3517,21.1925,0.0279,235.19861,20.272100000000002,2846.6609,4.1000000000000005,-39.86689999999996,8.159200000000002,8.456400000000002,0.3895366151549293,0.2393750676992545,-0.4480027941044776,-0.0871859519283944,-0.9020987014301837,-0.43152975897147144,False
EVR_03,2025,2025-09-06,21.4908,24.7024,19.2026,52.0114,101.04717,16.9525,2863.6134,9.700000000000001,9.584700000000034,5.4998000000000005,4.2402000000000015,0.34589256072163665,0.18884080956252305,-0.5198044626838322,-0.07630494071642047,-0.9093882203647925,-0.4159483918249421,False
EVR_03,2025,2025-09-07,21.5179,25.1739,18.0779,10.422,128.95319,16.6259,2880.2393,10.0,16.373900000000038,7.096,6.1137000000000015,0.3494143182880022,0.19069991639226047,-0.464058091789417,-0.11750537669088384,-0.9164086366943458,-0.4002439388573056,False
EVR_03,2025,2025-09-08,21.9734,27.0602,18.0696,4.7949,193.0582,17.5649,2897.8042,11.6,16.16010000000004,8.990599999999997,7.0710000000000015,0.35167836974924216,0.18636718988260073,-0.44950795440259367,-0.06870230205029226,-0.9231578729647039,-0.38442104726885545,False
EVR_03,2025,2025-09-09,22.6365,28.5161,16.878,0.9664,233.7798,17.69705,2915.50125,11.5,11.412400000000037,11.638100000000001,6.832700000000001,0.3559624356209782,0.19516199143986498,-0.4615948618474894,-0.0793383387942167,-0.9296339319682695,-0.3684843993077793,False
EVR_03,2025,2025-09-10,23.8187,29.7926,18.0169,0.4745,237.20155,18.90475,2934.406,11.299999999999999,6.4839000000000375,11.7757,8.6351,0.32074391682583103,0.18912772330559785,-0.5465866983331085,-0.08439365022310241,-0.9358348973349941,-0.35243871088460327,False
EVR_03,2025,2025-09-11,24.0061,29.0543,19.4271,0.0228,236.63886,19.2407,2953.6467000000002,8.8,1.7199000000000382,9.627200000000002,6.8903,0.34960268479379863,0.20754681895252663,-0.5157546777026191,-0.028348756501668126,-0.9417589340994617,-0.33628873017668287,False
EVR_03,2025,2025-09-12,23.9313,29.4896,19.8212,5.8561,222.30517,19.6554,2973.3021,8.9,2.748100000000038,9.668399999999998,5.858799999999999,0.3461773293350083,0.18221077011888442,-0.5043619429657327,-0.043359285819921045,-0.9474042892438845,-0.32003923622313857,False
EVR_03,2025,2025-09-13,23.0298,27.6012,19.8629,0.7312,205.21134,18.73205,2992.03415,6.7,-45.532099999999964,7.738299999999999,7.447900000000002,0.3616548665753674,0.21178087766890052,-0.4526615263421837,0.01576230585373073,-0.9527692922168511,-0.30369503751065885,False
EVR_03,2025,2025-09-14,21.0506,25.6187,17.5529,0.0165,227.42134,16.5858,3008.6199500000002,6.0,-51.93759999999997,8.0658,8.4931,0.3224757268697729,0.1756747108286781,-0.49407908812105306,-0.026938591418229296,-0.9578523554276669,-0.28726097055059635,False
EVR_03,2025,2025-09-15,20.8952,26.6839,15.6868,0.0501,223.30341,16.18535,3024.8053,5.7,-50.78239999999997,10.997100000000001,8.7595,0.3414039898187989,0.17707974350367486,-0.45897057616195597,-0.010274379930443278,-0.9626519747161487,-0.2707418984477642,False
EVR_03,2025,2025-09-16,21.8905,28.2753,15.1375,0.0037,230.25598,16.706400000000002,3041.5117,6.1000000000000005,-46.34509999999997,13.137800000000002,7.5723,0.30086447020779605,0.16123919091866726,-0.5626343683958298,-0.055097965413182126,-0.9671667297977312,-0.2541427094613622,False
EVR_03,2025,2025-09-17,21.5921,28.5314,16.0178,11.2742,200.58728,17.2746,3058.7863,6.1000000000000005,-30.345399999999966,12.5136,7.495099999999999,0.29865228312001446,0.1777579126164413,-0.5350957775393126,-0.02209163370581657,-0.97139528468375,-0.23746831555846842,False
EVR_03,2025,2025-09-18,19.3816,24.1234,15.2488,2.7843,208.62133,14.6861,3073.4724,9.9,-28.683899999999966,8.874600000000001,11.4287,0.2948821867242866,0.15473835211124576,-0.5227605931777095,-0.054720498069512014,-0.9753363880767837,-0.2207236509605022,False
EVR_03,2025,2025-09-19,18.8365,24.5153,13.0515,0.0072,234.99402,13.7834,3087.2558,8.4,-34.032799999999966,11.463799999999999,11.0104,0.30000658694679366,0.15806383991099768,-0.5474900316091021,-0.046170742388214614,-0.9789888737409319,-0.20391367068311472,False
EVR_03,2025,2025-09-20,19.7816,25.6631,13.4468,0.183,197.02509,14.554949999999998,3101.81075,6.5,-34.380999999999965,12.2163,7.907100000000002,0.315227544480285,0.16982137822384333,-0.5116010376325852,-0.04642732209508238,-0.9823516608469237,-0.18704334906991657,False
EVR_03,2025,2025-09-21,20.6419,25.9396,16.4511,0.0207,215.56466,16.195349999999998,3118.0061,6.3,-34.676799999999965,9.488499999999998,7.3529,0.3018878336635055,0.16705183428633674,-0.5024069207662838,-0.02058789320626736,-0.9854237542919524,-0.17011767832049052,False
EVR_03,2025,2025-09-22,20.7902,26.8633,16.292,0.0253,224.22875,16.57765,3134.5837500000002,5.8999999999999995,-34.901599999999966,10.571299999999997,7.107599999999998,0.260349591165995,0.12713133001206564,-0.5423701303369304,-0.0810543986528039,-0.9882042449941422,-0.15314166701312007,False
EVR_03,2025,2025-09-23,20.392,27.0598,13.6628,0.0017,224.21586,15.3613,3149.94505,6.2,-35.00359999999997,13.396999999999998,6.620899999999999,0.26960828033832623,0.15319510305066847,-0.5559328675457523,-0.03125618986946982,-0.9906923101615609,-0.13612033862266704,False
EVR_03,2025,2025-09-24,20.3754,26.7539,14.0388,0.0,222.4388,15.396350000000002,3165.3414000000002,5.6,-45.777799999999964,12.715100000000001,6.256399999999999,0.24291129219417704,0.1374581352799966,-0.5759562630473395,-0.055740990925837425,-0.9928872135356962,-0.11905873003404988,False
EVR_03,2025,2025-09-25,19.8853,25.5656,15.3723,0.0703,173.117,15.46895,3180.81035,3.7,-42.29179999999996,10.1933,6.118500000000001,0.24523982413284434,0.14506096836137966,-0.5718410468329003,-0.04964236259144228,-0.994788305609327,-0.10196189005174576,False
EVR_03,2025,2025-09-26,18.397,21.3184,15.7556,7.5353,113.037736,13.536999999999999,3194.34735,5.7,-32.06369999999996,5.562800000000001,5.565499999999998,0.22645108774741823,0.09681555592552253,-0.5796258900143161,-0.07355549919937543,-0.9963950238187231,-0.08483487790576538,False
EVR_03,2025,2025-09-27,16.938,20.2187,14.6571,0.539,139.235,12.437899999999999,3206.78525,3.2,-28.407699999999963,5.5615999999999985,8.929499999999999,0.2420768197926461,0.12502896362334992,-0.5634591820931395,-0.07315072468763892,-0.9977068927101168,-0.06768276175455162,False
EVR_03,2025,2025-09-28,17.3474,20.7047,14.2847,0.0759,120.22009,12.494700000000002,3219.27995,2.7,-24.752499999999966,6.419999999999998,9.1705,0.23426687406824107,0.1305361203674382,-0.5952433702587351,-0.06762095959526446,-0.9987235240803972,-0.050510617185222886,False
EVR_03,2025,2025-09-29,16.3045,19.8139,12.5852,48.9177,86.67181,11.199550000000002,3230.4795,10.9,19.13990000000004,7.2287,4.971100000000002,0.20158993859998164,0.11909805024220294,-0.6345476825848071,-0.05875965256601334,-0.9994446170919858,-0.033323525711631344,False
EVR_03,2025,2025-09-30,16.6618,21.619,10.6346,2.7144,183.15634,11.1268,3241.6063,7.3,20.75260000000004,10.984399999999999,7.6563,0.21956614017940135,0.12563775044514292,-0.5722970287818918,-0.050042140158924886,-0.9998699583618592,-0.016126573270657762,False
EVR_03,2025,2025-10-01,16.6974,21.7248,11.8124,0.7482,185.537,11.7686,3253.3749,7.1000000000000005,20.00080000000004,9.912399999999998,7.279199999999998,0.1983013530150776,0.10692618117842888,-0.5996214300444075,-0.044609939179099445,-0.9999994220246925,0.001075151282798226,False
EVR_03,2025,2025-10-02,17.5701,20.6587,14.0783,7.1328,104.05534,12.368500000000001,3265.7434,4.5,26.26330000000004,6.580399999999999,5.7392,0.20884733896774538,0.09654784634578648,-0.5737317782624317,-0.036392485165098964,-0.999832969770105,0.018276557681691223,False
EVR_03,2025,2025-10-03,16.5637,19.278,12.2657,248.3877,87.63327,10.77185,3276.51525,26.0,246.81570000000005,7.012299999999998,1.9109000000000016,0.1988681939011975,0.10139415664070167,-0.6390972023990231,-0.02758289384622073,-0.9993706508539969,0.03547255575312556,False
EVR_03,2025,2025-10-04,14.3599,18.1593,10.9976,48.8126,148.16198,9.57845,3286.0937,17.9,280.38930000000005,7.1617000000000015,4.1584,0.19269141591075878,0.10451049520243437,-0.6203736098406211,-0.04938540388188731,-0.9986126020839734,0.052658056924614005,False
EVR_03,2025,2025-10-05,16.3204,20.558,12.4129,3.1152,148.7657,11.48545,3297.57915,13.4,272.72860000000003,8.1451,5.3735,0.19078035098378035,0.11208449068641023,-0.6272931485163258,-0.043486523084460715,-0.9975590477788613,0.06982797572987089,False
EVR_03,2025,2025-10-06,17.6263,22.3304,12.3967,15.9902,141.78275,12.36355,3309.9427,12.5,238.20110000000005,9.933700000000002,4.760200000000001,0.19255646006063185,0.09864420817621468,-0.5940442629994392,-0.009033478539349798,-0.9962102997023297,0.0869772313136861,False
EVR_03,2025,2025-10-07,12.8845,15.3302,11.0733,390.2622,44.621148,8.20175,3318.1444500000002,19.3,613.7489,4.2569,1.1357999999999997,0.21054671847605164,0.11937916842510413,-0.6102531587033896,-0.009019421703349711,-0.9945667569706337,0.1041007489354256,False
EVR_03,2025,2025-10-08,12.8091,14.8811,11.0139,23.3533,75.92053,7.9475,3326.09195,11.799999999999999,631.6540000000001,3.8672000000000004,4.611700000000001,0.19679816864127195,0.10813777092555335,-0.6113901966761524,-0.0015031843738056438,-0.9926289059345095,0.121193461470736,False
EVR_03,2025,2025-10-09,14.7115,18.8371,11.9669,37.7328,107.619976,10.402000000000001,3336.49395,21.9,644.854,6.870199999999999,4.5489999999999995,0.20810818180180476,0.11267117636332807,-0.5866329619582694,-0.0007391571659406126,-0.9903973200352558,0.1382503109109819,False
EVR_03,2025,2025-10-10,15.1421,20.0737,10.7314,2.0631,172.12654,10.40255,3346.8965,20.0,404.52940000000007,9.342299999999998,4.83,0.16757028310120728,0.08127295302669735,-0.6677270534637614,-0.031297910799990225,-0.9878726596350429,0.15526624985999563,False
EVR_03,2025,2025-10-11,12.688,16.9966,9.0603,8.9093,77.1992,8.02845,3354.92495,10.3,372.22610000000003,7.936300000000001,3.452400000000001,0.1905359012829242,0.12498000972992936,-0.625464114466815,-0.002155514627834587,-0.9850556718215013,0.172236243027682,False
EVR_03,2025,2025-10-12,13.7857,18.4881,7.5244,2.0437,145.01827,8.00625,3362.9312,14.5,370.05460000000005,10.9637,4.7265999999999995,0.19147938234212808,0.11322075259471182,-0.6223128314618223,0.0006990313583477292,-0.981947190186646,0.18915526872004093,False
EVR_03,2025,2025-10-13,15.6734,19.8593,11.5534,1.5954,144.59795,10.70635,3373.63755,15.0,353.1598000000001,8.305900000000001,4.939,0.15446799667739694,0.0896106707147112,-0.6945900421962657,-0.038088463383234905,-0.9785481345802031,0.20601832032517084,False
EVR_03,2025,2025-10-14,14.8245,19.6297,9.9452,0.6839,150.8156,9.78745,3383.425,15.9,-33.018499999999946,9.6845,4.9976,0.2187594479188351,0.128594888218306,-0.623132468589759,0.00821272944278345,-0.9748595108374125,0.22282040779479959,False
EVR_03,2025,2025-10-15,14.5042,17.8683,11.7763,0.411,100.94482,9.822300000000002,3393.2473,10.6,-54.760799999999946,6.0920000000000005,4.142900000000001,0.21833805008832732,0.1163149579342877,-0.6039295669882394,0.021539881447055376,-0.9708824104813836,0.23955655912092708,False
EVR_03,2025,2025-10-16,14.3875,17.885,11.427,8.329,130.36859,9.656,3402.9033,14.3,-76.56459999999996,6.458000000000002,4.138399999999999,0.19575423864100305,0.10251437978380298,-0.628867316587358,-0.012353943160801711,-0.9666180104000972,0.2562218218071163,False
EVR_03,2025,2025-10-17,15.5224,18.7224,12.5601,9.2448,95.78506,10.64125,3413.54455,11.5,-60.88289999999995,6.1623,4.1731,0.22522343719264326,0.11261186480239414,-0.5953560933875807,0.05765315409143598,-0.9620675724981452,0.27281126433401914,False
EVR_03,2025,2025-10-18,16.4466,20.0726,13.5549,32.0811,106.76956,11.813749999999999,3425.3583,13.4,-40.81109999999994,6.517700000000001,3.2464999999999993,0.2079297044938143,0.09623132402964929,-0.6163140857612522,0.017393803210890096,-0.957232443323312,0.28931997761869527,False
EVR_03,2025,2025-10-19,14.4375,17.5377,10.214,46.3139,100.34699,8.87585,3434.23415,16.2,1.7591000000000534,7.3237000000000005,5.371499999999999,0.199610806266113,0.11366582259234644,-0.5405059119343347,0.008131423923984915,-0.9521140536681102,0.3057430764672831,False
EVR_03,2025,2025-10-20,12.8393,17.4615,8.4145,2.2488,158.84034,7.938000000000001,3442.17215,14.4,3.0125000000000544,9.047,4.129199999999999,0.19664534555422344,0.10861008034248451,-0.6110451690183603,0.042177348876826504,-0.9467139181463862,0.3220757010206104,False
EVR_03,2025,2025-10-21,13.3679,18.0623,8.2137,0.0017,158.89622,8.138,3450.3101500000002,14.1,4.130300000000057,9.848600000000001,4.722900000000001,0.23413441629136478,0.12167310599703896,-0.6071118909327504,0.01537496837252969,-0.9410336347451197,0.3383130181923076,False
EVR_03,2025,2025-10-22,16.27,20.9569,12.5794,0.0086,149.96362,11.768149999999999,3462.0783,13.700000000000001,0.6279000000000536,8.377500000000001,3.878499999999999,0.21438489545008224,0.11193945416070815,-0.6014423901789702,-0.003953154638245082,-0.9350748843515574,0.3544502230989869,False
EVR_03,2025,2025-10-23,16.9553,21.4881,13.5383,93.0695,126.82094,12.513199999999998,3474.5915,13.5,86.16840000000006,7.9498,1.883700000000001,0.17571175868483896,0.08559190564804542,-0.6021521031516678,-0.020042479956164094,-0.9288394302558068,0.3704825404820963,False
EVR_03,2025,2025-10-24,19.1581,23.1896,16.157,21.8643,130.09068,14.673299999999998,3489.2648,17.0,93.28790000000006,7.032599999999999,3.0888000000000027,0.17182310941781806,0.11126015968638661,-0.6363442576678092,-0.0534003277748252,-0.9223291176290545,0.3864052261209853,False
EVR_03,2025,2025-10-25,16.0687,19.2172,11.8062,27.1706,118.802216,10.5117,3499.7765,17.1,84.67740000000006,7.410999999999998,3.9679,0.18581335414090608,0.12146773824093607,-0.6124664898367718,-0.02211635035290821,-0.9155458729775467,0.40221356823680365,False
EVR_03,2025,2025-10-26,16.3777,20.9538,11.0346,2.1158,105.96967,10.9942,3510.7707,12.1,44.57930000000006,9.919200000000002,3.643700000000001,0.17438622277729715,0.10227916034729267,-0.6398645406781176,-0.025224583488815844,-0.9084917035725082,0.41790288888678667,False
EVR_03,2025,2025-10-27,17.6439,24.334,11.9083,215.9416,122.73916,13.12115,3523.89185,17.3,255.37210000000005,12.425699999999999,3.7369999999999983,0.17931029032475215,0.102686042630759,-0.6285795771894782,-0.01733505522947129,-0.9011686968561569,0.4334685453485363,False
EVR_03,2025,2025-10-28,13.5656,17.7531,10.6986,24.2085,114.17131,9.225850000000001,3533.1177000000002,14.7,278.97890000000007,7.054499999999999,2.9604999999999997,0.1473568845393509,0.07038688675958228,-0.6720092841041854,-0.08677753175201389,-0.8935790198239952,0.4489059314938798,False
EVR_03,2025,2025-10-29,12.9958,17.5085,9.4786,0.1044,152.84517,8.49355,3541.61125,16.299999999999997,276.47470000000004,8.029900000000001,4.529,0.14108588370376754,0.09908661876466926,-0.6626678977315079,-0.0732990117463147,-0.8857249183835637,0.4642104791518923,False
EVR_03,2025,2025-10-30,12.9341,18.7943,8.2635,0.3022,149.44669,8.5289,3550.14015,14.6,182.60740000000004,10.5308,3.268700000000001,0.15376724484783294,0.07498113393880611,-0.6211079824347343,-0.02194451383700602,-0.8776087166898392,0.4793776594606945,False
EVR_03,2025,2025-10-31,13.5822,18.8531,8.5389,0.0423,117.98784,8.696000000000002,3558.83615,10.4,167.38540000000003,10.314200000000001,2.3765,0.17948355897510512,0.10221781848459338,-0.5959250675948857,0.0076604495572870634,-0.8692328164574792,0.49440298420761813,False
EVR_03,2025,2025-11-01,13.5628,19.0849,10.47,0.9323,114.90518,9.777450000000002,3568.6136,11.5,146.74710000000005,8.6149,2.1121,0.15276641454655818,0.08191469740015934,-0.6459740057036278,-0.0330469395943479,-0.8605996962501181,0.5092820071573356,False
EVR_03,2025,2025-11-02,14.33,20.075,10.3736,0.1122,131.80755,10.2243,3578.8379,13.299999999999999,143.54350000000005,9.7014,3.2253000000000007,0.16991494682722955,0.08598005845711411,-0.6111273119823709,-0.004471275950067605,-0.8517119107469189,0.5240103253675756,False
EVR_03,2025,2025-11-03,13.8827,19.0345,10.2583,0.0096,126.01862,9.6464,3588.4843,11.6,-66.68849999999993,8.776200000000001,2.3188999999999993,0.20765820799396004,0.10752416216334679,-0.6234030406428624,0.028347917669207884,-0.8425720899866032,0.5385835804920232,False
EVR_03,2025,2025-11-04,14.4991,18.5565,11.2998,40.2814,96.94023,9.928149999999999,3598.41245,12.4,-48.31559999999994,7.2567,1.8261000000000003,0.19980516690370065,0.10111899913663945,-0.6055360523110571,0.05244828236434976,-0.8331829385891785,0.5529974600700271,False
EVR_03,2025,2025-11-05,12.737,14.1947,12.0498,76.8677,37.282056,8.12225,3606.5347,12.3,32.447700000000054,2.1449,2.0944000000000003,0.1534928709142127,0.08726570830470486,-0.6542653423879362,0.01240698721044517,-0.8235472349556007,0.5672476988027229,False
EVR_03,2025,2025-11-06,13.3322,14.6693,11.932,100.391,28.6156,8.300650000000001,3614.83535,14.1,133.03650000000007,2.7372999999999994,1.319700000000001,0.18330413001830045,0.10531271602486736,-0.6098768585091403,0.029536885170467514,-0.8136678304455991,0.5813300798152042,False
EVR_03,2025,2025-11-07,14.9241,17.8252,12.913,43.6685,68.6955,10.3691,3625.20445,12.6,174.46270000000004,4.912199999999999,1.580499999999999,0.17642670885886705,0.0935410723473601,-0.6398652687556468,-0.0030568501162380746,-0.8035476485339116,0.5952404359043674,False
EVR_03,2025,2025-11-08,15.2767,18.8571,13.3508,2.912,91.28634,11.103949999999998,3636.3084,9.799999999999999,178.14240000000007,5.5062999999999995,1.2973,0.15663384297466695,0.10880224127160958,-0.6496541650348182,0.0038674284281087767,-0.7931896839451843,0.6089746507720486,False
EVR_03,2025,2025-11-09,16.1591,20.4908,13.1627,37.2551,81.54622,11.82675,3648.13515,10.1,218.48530000000005,7.328100000000001,1.5289999999999981,0.14185193834286014,0.07020977791228249,-0.6781777560874475,-0.028063008484369406,-0.7825970017677834,0.6225286602431057,False
EVR_03,2025,2025-11-10,15.5405,20.1721,12.0636,5.623,79.30907,11.11785,3659.253,8.8,226.89870000000005,8.108500000000001,2.1799,0.17643778413410766,0.1005659359124706,-0.6056329426043354,-0.03122042385985238,-0.7717727365467836,0.6358984534680745,False
EVR_03,2025,2025-11-11,14.2658,16.6068,11.7053,197.1219,49.410696,9.15605,3668.40905,10.200000000000001,385.9392000000001,4.9015,1.4294000000000011,0.2046222292649189,0.1296144869696564,-0.5991158802616299,0.004817062361218261,-0.7607200913564104,0.6490800741100398,False
EVR_03,2025,2025-11-12,12.3356,15.6699,9.945,13.5617,87.81057,7.807449999999999,3676.2165,11.9,323.0332000000001,5.7249,3.3247999999999998,0.16850885138819208,0.09884960039671889,-0.6246423683378497,0.015015980473979368,-0.7494423368521954,0.6620696215153815,False
EVR_03,2025,2025-11-13,11.1484,15.4165,7.2953,0.0381,115.737544,6.3559,3682.5724,10.9,225.8803000000001,8.121199999999998,2.905100000000001,0.18181492501652632,0.10216680460276746,-0.6090562638408499,-0.0014892050017741298,-0.7379428103031386,0.6748632518680403,False
EVR_03,2025,2025-11-14,10.8278,14.8486,7.0135,0.2821,98.09932,5.931049999999999,3688.50345,8.9,186.19390000000004,7.8351,2.1115999999999993,0.17988192875000567,0.09085114216269267,-0.6149611993761994,0.0034552198911386167,-0.7262249146041543,0.6874571793269664,False
EVR_03,2025,2025-11-15,10.8821,15.4945,7.3116,0.2164,94.65605,6.40305,3694.9065,8.4,184.89830000000006,8.1829,2.099,0.19437541292955768,0.10240346051488322,-0.5899463613667721,0.037741569954890725,-0.7142921172691032,0.699847677146407,False
EVR_03,2025,2025-11-16,12.086,16.8127,8.5532,0.0401,88.838056,7.68295,3702.58945,6.8999999999999995,150.88330000000005,8.2595,1.7615999999999996,0.19094814799286838,0.09163934568939933,-0.6116411455567254,0.04909620965000824,-0.7021479494046978,0.7120310787787131,False
EVR_03,2025,2025-11-17,15.8087,19.4312,11.9065,0.0088,112.73535,10.668849999999999,3713.2583,10.9,143.16910000000007,7.524700000000001,3.7776999999999994,0.1920173137485481,0.1106381113187463,-0.6081538348616149,0.015579529614440452,-0.6897960046655887,0.7240037789593305,False
EVR_03,2025,2025-11-18,17.7973,20.5052,16.3268,2.6056,88.18027,13.415999999999997,3726.6743,12.3,-53.447199999999945,4.1784,4.7197,0.19878454145984725,0.11412124658910308,-0.609895277190375,-0.005837687805071656,-0.6772399381909491,0.7357622347736527,False
EVR_03,2025,2025-11-19,17.7168,21.1508,14.2686,0.5222,99.8194,12.709699999999998,3739.384,12.9,-67.48669999999996,6.882200000000001,4.7691,0.226653731342301,0.13971356277462116,-0.582962918994721,0.05814487995410891,-0.6644834655228552,0.7473029667054296,False
EVR_03,2025,2025-11-20,16.222,20.3559,13.7244,2.2667,97.05563,12.040149999999997,3751.42415,10.4,-64.75809999999994,6.631499999999999,3.092600000000001,0.25673939034857185,0.1398137945555277,-0.5809241435541369,0.07492446533204553,-0.6515303615068021,0.75862255966641,False
EVR_03,2025,2025-11-21,16.1785,21.5291,12.4178,0.3568,104.27973,11.97345,3763.3976,10.0,-65.78339999999994,9.1113,2.9132999999999996,0.22226359065205123,0.13762545604210846,-0.5780278134496791,0.042381661902045564,-0.6383844591746642,0.7697176640069211,False
EVR_03,2025,2025-11-22,16.8087,21.0496,13.4953,0.0247,108.51053,12.27245,3775.67005,11.5,-69.07509999999995,7.554300000000001,4.629500000000002,0.1966660676275735,0.11685979227193931,-0.6185538251629769,0.002290654698015815,-0.6250496486104377,0.7805849965070866,False
EVR_03,2025,2025-11-23,15.3161,18.8911,12.0331,63.921,76.36586,10.4621,3786.13215,11.1,-9.394199999999948,6.858000000000002,3.1668000000000003,0.2058709799527508,0.10352837498598622,-0.6019151434769522,0.014922831959882421,-0.6115298757991053,0.7912213413483807,False
EVR_03,2025,2025-11-24,11.0516,14.6106,7.328,16.7855,96.03402,5.9693000000000005,3792.10145,9.1,9.182500000000049,7.2825999999999995,2.4749,0.20906282510081878,0.12212939279281237,-0.5750269814561867,0.01704551135227067,-0.5978291414589552,0.801623551065242,False
EVR_03,2025,2025-11-25,10.9177,14.9684,6.4933,1.0571,105.78615,5.73085,3797.8323,9.4,10.534000000000049,8.475100000000001,3.2379999999999995,0.2050079621486645,0.0995140745582109,-0.574862172044329,0.0062234206888172605,-0.5839514998576998,0.8117885474764613,False
EVR_03,2025,2025-11-26,14.5918,18.2825,11.7017,1.3828,89.40038,9.9921,3807.8244,8.7,15.59460000000005,6.580799999999998,3.5221999999999998,0.1806600234783203,0.1066817530269713,-0.6096865549132768,-0.04599370786398069,-0.5699010576127624,0.8217133225960589,False
EVR_03,2025,2025-11-27,14.7778,19.0348,11.37,2.0927,103.92025,10.2024,3818.0268,10.3,15.520600000000051,7.664800000000001,4.029299999999999,0.1967239709649935,0.09616481930323979,-0.5664267035434465,-0.06001541938357835,-0.5556819724760489,0.8313949395234058,False
EVR_03,2025,2025-11-28,13.2462,16.1865,11.3314,146.945,65.29996,8.758949999999999,3826.78575,8.5,163.60880000000003,4.855099999999998,2.0116999999999994,0.18590314701552293,0.10700736269403417,-0.6317770064908742,-0.036360443636528295,-0.5412984521036173,0.8408305333122887,False
EVR_03,2025,2025-11-29,11.6555,13.1518,9.3175,278.3008,26.397834,6.23465,3833.0204,7.6,445.7849,3.834299999999999,1.4720999999999993,0.19763553876489345,0.10849799755020867,-0.5968934005551484,0.0009694711373199605,-0.5267547528105542,0.8500173118187018,False
EVR_03,2025,2025-11-30,10.0671,12.7671,7.9558,23.427,64.930604,5.36145,3838.38185,8.3,408.0909,4.811299999999999,2.5218,0.19844145666633708,0.116377628061807,-0.592119728358519,-0.0074295232864137195,-0.5120551783114646,0.8589525565270845,False
EVR_03,2025,2025-12-01,9.3425,12.0773,7.5177,9.8303,88.369864,4.797499999999999,3843.17935,9.700000000000001,400.53569999999996,4.5596,3.3664999999999994,0.1641597863281516,0.08964844017369511,-0.6365140408551704,-0.044903038772667186,-0.4972040784469378,0.8676336233547726,False
EVR_03,2025,2025-12-02,8.7715,12.3476,5.6621,0.4291,93.61714,4.004849999999999,3847.1842,7.3,402.0077,6.6855,2.7515,0.19656942909206973,0.09333840237095303,-0.6172669397500754,-0.008438533056594782,-0.4822058478963526,0.8760579434344281,False
EVR_03,2025,2025-12-03,8.9375,13.1992,5.9734,0.0259,76.225176,4.5863,3851.7705,5.6,403.75079999999997,7.2258,1.5058999999999996,0.20090150771380347,0.11054544250943898,-0.606044315064302,0.020241484235483165,-0.46706492487743034,0.8842230238742036,False
EVR_03,2025,2025-12-04,10.3745,14.555,5.6007,0.0556,81.43552,5.07785,3856.84835,7.0,405.01370000000003,8.9543,2.1579999999999995,0.20957395141178894,0.1191560346068143,-0.5770769527382565,0.012849980446795445,-0.451785789832884,0.8921264484954345,False
EVR_03,2025,2025-12-05,12.4408,16.713,9.0422,8.3732,88.54339,7.877600000000001,3864.72595,9.5,265.44190000000003,7.670800000000002,2.9082999999999988,0.1845928470910586,0.10014571106982639,-0.6436315503801243,-0.0013102999244643254,-0.4363729641045924,0.8997658785476209,False
EVR_03,2025,2025-12-06,13.6342,17.8389,11.5067,1.0788,91.521256,9.672799999999999,3874.39875,9.6,-13.780099999999944,6.3321999999999985,2.8942999999999994,0.22917974574124902,0.13004391231112195,-0.5590541427434403,0.03154420697635557,-0.42083100859565564,0.9071390534005044,False
EVR_03,2025,2025-12-07,8.9117,12.155,5.3841,16.8985,55.37898,3.769549999999999,3878.1683,10.3,-22.308599999999945,6.770899999999999,2.3026,0.23943120083442537,0.14799057148043235,-0.5910526329117449,0.04098974416808829,-0.4051645224207563,0.9142437912130223,False
EVR_03,2025,2025-12-08,6.4258,8.9391,5.1056,1.6563,82.82893,2.0223499999999994,3880.19065,9.6,-30.382599999999943,3.8335,4.2898,0.22772790229798254,0.11118337206063918,-0.581087173599246,0.06356811596983095,-0.3893781415452015,0.9210779895789526,False
EVR_03,2025,2025-12-09,6.0741,8.6764,3.7471,0.0727,50.5184,1.2117499999999994,3881.4024,5.6,-29.038999999999945,4.9293,3.8568,0.22887399485952675,0.11341550400190989,-0.5965060556553627,0.03230456576745702,-0.37347653741307074,0.9276396261490467,False
EVR_03,2025,2025-12-10,6.7725,10.8062,3.7561,0.0188,79.43864,2.2811500000000002,3883.68355,5.5,-28.946099999999944,7.0501000000000005,2.6627,0.23528014468275307,0.11343362415994533,-0.5849136255818702,0.034378636968949605,-0.3574644155648614,0.9339267592294762,False
EVR_03,2025,2025-12-11,8.931,12.9979,4.6741,0.0896,73.61432,3.8360000000000003,3887.51955,5.2,-27.112099999999945,8.323799999999999,1.9673999999999996,0.22392805367173166,0.1297077160396588,-0.6210479875620473,0.014354102259942714,-0.34134651424503615,0.9399375283564133,False
EVR_03,2025,2025-12-12,8.4297,12.5706,5.7396,5.5059,64.51987,4.155100000000001,3891.67465,5.1000000000000005,-25.579399999999946,6.831,1.2626000000000008,0.19996688215826908,0.11830546618136908,-0.6003965179977262,0.015374035067210468,-0.3251276029999093,0.9456701548465688,False
EVR_03,2025,2025-12-13,8.1449,11.3956,5.8195,0.3924,79.34716,3.60755,3895.2822,6.7,-23.365799999999947,5.5761,3.0027999999999997,0.22117772410381153,0.1088724066513571,-0.6014369202648582,-0.00800202163743749,-0.30881248126625377,0.9511229423235357,False
EVR_03,2025,2025-12-14,6.7841,10.8415,3.7751,0.0277,91.746936,2.3083,3897.5905,6.7,-36.636599999999945,7.0664,3.2134999999999994,0.22181116598387915,0.13330650947055483,-0.5936765937456031,-0.017620034850546223,-0.29240597695107734,0.9562942772197719,False
EVR_03,2025,2025-12-15,5.9242,9.6725,2.723,0.0315,96.33412,1.1977499999999992,3898.78825,6.7,-35.361399999999946,6.9495,3.484,0.22200417191559177,0.12413197956552051,-0.58541432940642,-0.005723730382390768,-0.27591294500296043,0.9611826292540837,False
EVR_03,2025,2025-12-16,5.9075,10.4229,2.4313,0.0027,91.447784,1.4271000000000003,3900.21535,5.6,-35.43139999999994,7.9916,2.4732,0.2614042688455087,0.14157446822306888,-0.549861022976808,0.03253027398598196,-0.2593382659754056,0.9657865518844574,False
EVR_03,2025,2025-12-17,6.5829,11.9959,2.274,0.0088,96.26416,2.13495,3902.3503,5.4,-35.34139999999994,9.721900000000002,2.158200000000001,0.20194204493094126,0.09635349702192245,-0.6191112149858465,-0.03333809975181182,-0.2426868445825954,0.9701046827361175,False
EVR_03,2025,2025-12-18,5.7014,9.9981,2.2437,0.1324,77.24922,1.1209000000000007,3903.4712,5.2,-35.298599999999944,7.7544,2.1885999999999997,0.23352583966539062,0.131418933188912,-0.6047872086844286,0.009597785993658958,-0.22596360824801906,0.974135744004672,False
EVR_03,2025,2025-12-19,6.5078,12.7549,1.2923,0.0303,89.35868,2.0236,3905.4948,6.1000000000000005,-41.77419999999994,11.462599999999998,2.3034999999999997,0.20048732964557095,0.10474287218767955,-0.5996151786340636,0.0005204474873018727,-0.20917350564635637,0.9778785428342386,False
EVR_03,2025,2025-12-20,8.491,12.2153,3.9341,0.6663,54.66672,3.0747,3908.5695,4.1000000000000005,-38.900299999999945,8.281199999999998,2.0702,0.20530498363874572,0.12186373372624726,-0.6206116842700581,-0.015872740465065815,-0.19232150523909483,0.9813319716704275,False
EVR_03,2025,2025-12-21,9.3487,11.7367,7.3277,12.2738,32.56474,4.5322,3913.1017,4.2,-24.154199999999946,4.409000000000001,1.3938999999999995,0.1978216326488917,0.11700127646153027,-0.6135280337820753,-0.023989533334987462,-0.17541259380427843,0.9844950085880858,False
EVR_03,2025,2025-12-22,8.9651,11.6971,6.0929,3.1192,52.65285,3.8949999999999996,3916.9967,6.8999999999999995,-21.266499999999944,5.6042000000000005,2.0753999999999992,0.2104472816768861,0.11905995049206942,-0.6099365290100859,-0.01155689023870568,-0.15845177496083632,0.9873667175937016,False
EVR_03,2025,2025-12-23,7.1867,11.3504,4.5452,0.2014,87.89191,2.947800000000001,3919.9445,6.3,-21.767799999999944,6.8052,2.5838,0.22241194964017533,0.1314401367248745,-0.5913420951765057,-0.03899231920533339,-0.14144406768794202,0.9899462489023779,False
EVR_03,2025,2025-12-24,8.7755,11.9284,5.2877,4.3689,51.11347,3.6080500000000004,3923.55255,4.1000000000000005,-16.107699999999944,6.6407,1.946699999999999,0.21159863006350121,0.11138903211012427,-0.6082776473802932,0.009656585132559958,-0.12439450483979998,0.9922328391893008,False
EVR_03,2025,2025-12-25,9.4673,10.5919,6.8855,123.3309,22.45216,3.7387000000000015,3927.29125,10.3,101.99080000000006,3.7064000000000004,1.279,0.1991366477417497,0.09923593136454839,-0.6041463123123768,-0.03438919192364093,-0.10730813165636247,0.9942258118156161,False
EVR_03,2025,2025-12-26,5.1968,7.8034,2.0293,11.0649,85.42385,0.0,3927.29125,12.4,106.72540000000006,5.7741,3.7279999999999998,0.1792555973262275,0.09813850948169534,-0.6252114056745527,-0.021231732319343444,-0.09019000427034513,0.9959245770286599,False
EVR_03,2025,2025-12-27,2.9781,5.5318,-0.2267,0.4981,78.00315,0.0,3927.29125,6.6,104.05720000000007,5.7585,4.7389,0.1952411062461402,0.09561846444287,-0.6042836407763745,-0.01006387739260553,-0.07304518821104743,0.9973286321364752,False
EVR_03,2025,2025-12-28,4.1145,9.1772,-0.1747,4.1957,53.674496,0.0,3927.29125,5.5,94.67910000000008,9.351899999999999,3.6911999999999994,0.18090003278353203,0.08399210291265592,-0.6006357329261546,-0.016921599865359654,-0.05587875690537313,0.9984375616565666,False
EVR_03,2025,2025-12-29,3.3649,7.2444,-1.6264,0.3454,100.76953,0.0,3927.29125,7.4,91.40530000000007,8.8708,5.523,0.20218039114027067,0.1175074828003452,-0.6072270705361182,-0.008266890536615418,-0.03869579017652689,0.9992510374388481,False
EVR_03,2025,2025-12-30,8.0202,13.946,1.4724,60.547,81.799176,2.7092,3930.00045,9.700000000000001,148.35090000000005,12.4736,4.480500000000001,0.18580294561145785,0.10978546369824096,-0.615764425353517,-0.03660900402871747,-0.021501372740813793,0.999768818762748,False
EVR_03,2025,2025-12-31,0.0956,3.0423,-3.9597,7.2677,90.75046,0.0,3930.00045,9.299999999999999,146.04970000000006,7.002000000000001,8.4178,0.21856616257297093,0.13332949467093486,-0.5837246452679106,0.006967532509469715,-0.004300592702981974,0.9999907524084426,False
EVR_04,2025,2025-01-01,4.33,9.662,0.3202,0.0334,82.37325,0.0,0.0,4.8,-4.7665999999999995,9.341800000000001,1.0519000000000003,0.2686793440969702,0.1588199697645812,-0.5439320660410654,0.0,0.017201575418260506,0.9998520419557735,False
EVR_04,2025,2025-01-02,7.7305,12.3559,2.6505,0.0402,79.19848,2.5031999999999996,2.5031999999999996,6.0,-10.7264,9.705400000000001,2.0794000000000006,0.2519137606774271,0.15016120556211413,-0.5699130368202662,-0.016765583419543095,0.03439806061360801,0.9994082116062598,False
EVR_04,2025,2025-01-03,10.8148,14.1319,8.4102,0.3683,91.58554,6.271049999999999,8.774249999999999,7.7,-18.0581,5.7217,3.1555999999999997,0.2582825123672426,0.14789623979994734,-0.542586820050685,-0.010396831729727607,0.051584366869408364,0.9986686402879997,False
EVR_04,2025,2025-01-04,8.2575,11.1498,4.9229,17.1114,46.01374,3.0363500000000005,11.810599999999999,9.1,-10.046700000000001,6.2269000000000005,3.7623000000000006,0.28380710984473906,0.17524133549043425,-0.521665153319195,0.015127765747768862,0.06875540848113941,0.9976335468520451,False
EVR_04,2025,2025-01-05,5.8725,8.5183,3.2108,1.1613,57.50934,0.8645499999999995,12.675149999999999,6.0,-14.8854,5.3075,3.8924999999999996,0.2914377132196574,0.1632634562930355,-0.5312898265956268,0.022758369122687194,0.08590610426133272,0.9963032375991965,False
EVR_04,2025,2025-01-06,7.6964,11.0711,2.3107,0.0243,68.23545,1.6909,14.366049999999998,5.0,-19.8611,8.760399999999999,2.4806,0.2862702725098984,0.15419131907696274,-0.5317100539364571,0.017590928412928197,0.10303137904317879,0.9946781061893646,False
EVR_04,2025,2025-01-07,12.3155,15.9713,8.9914,0.3748,81.34434,7.481349999999999,21.847399999999997,6.7,-26.186300000000003,6.979899999999999,2.980600000000001,0.2935146430026429,0.16773430330681588,-0.5206444344262654,0.02483529890567271,0.1201261651823505,0.9927586335250793,False
EVR_04,2025,2025-01-08,13.4029,16.9612,11.6994,0.4698,88.41047,9.330300000000001,31.177699999999998,7.9,-28.8499,5.261800000000001,2.2901000000000007,0.2776726456317989,0.15612266241405787,-0.5425508684846839,0.00899330153482869,0.13718540405660057,0.9905453876091833,False
EVR_04,2025,2025-01-09,12.529,15.891,10.7975,1.2773,75.5726,8.344249999999999,39.52195,5.4,-27.012800000000006,5.093500000000001,1.8316,0.2793527665521508,0.16443813832657758,-0.5805010872494544,0.0274390058747237,0.1542040475626894,0.988039023376751,False
EVR_04,2025,2025-01-10,12.3534,15.4442,11.037,4.4843,70.83109,8.2406,47.76255,7.9,-23.0968,4.4072,1.8375000000000004,0.2815057116360975,0.1585430836252747,-0.5578295459411237,0.02322319926885491,0.17117705961019986,0.985240282501282,False
EVR_04,2025,2025-01-11,7.2411,10.9639,4.2984,166.8063,18.288292,2.63115,50.393699999999995,6.8,128.89809999999997,6.665500000000001,1.2529000000000003,0.23904381892321744,0.1339620011916327,-0.5641025951315144,-0.04476329092152162,0.18809941761179758,0.9821499931752291,False
EVR_04,2025,2025-01-12,3.9911,6.4099,1.1674,48.0138,14.497866,0.0,50.393699999999995,6.8999999999999995,174.85059999999996,5.242500000000001,1.6437999999999997,0.2297440841607419,0.1371045090076124,-0.5926061192556564,-0.06169362905891548,0.20496611396949532,0.9787690698649216,False
EVR_04,2025,2025-01-13,2.1669,3.4377,0.9684,205.4352,16.569523,0.0,50.393699999999995,8.6,376.6615,2.4693,0.8145,0.22503235710159017,0.12484288299115885,-0.5818659920183086,-0.061237915408308224,0.22177215755648186,0.975098513039961,False
EVR_04,2025,2025-01-14,3.7162,5.4274,1.7866,75.9506,35.79267,0.0,50.393699999999995,12.4,446.53729999999996,3.6407999999999996,2.2335000000000003,0.23328157884769188,0.1274474360767806,-0.5679534932783536,-0.06023306415495103,0.23851257519407648,0.9711394088771653,False
EVR_04,2025,2025-01-15,3.3262,4.3609,2.598,167.5296,15.04689,0.0,50.393699999999995,10.1,611.3971,1.7629000000000001,1.1556000000000002,0.231678085484167,0.11403360250981895,-0.5728480870250128,-0.0459945601476319,0.2551824131233728,0.9668929289391521,False
EVR_04,2025,2025-01-16,3.6779,7.5479,-0.3164,9.8644,86.43577,0.0,50.393699999999995,10.0,615.3842,7.8643,3.3495,0.26311190081658564,0.159230079015004,-0.5693940729849672,-0.016240865735565158,0.2717767384711357,0.9623603298276545,False
EVR_04,2025,2025-01-17,2.9479,7.8065,-1.208,0.0167,114.48129,0.0,50.393699999999995,8.4,610.4166,9.0145,3.6004,0.24370375227329985,0.13201194528205581,-0.5344282221229139,-0.03780195936279765,0.2882906407095177,0.9575429528116719,False
EVR_04,2025,2025-01-18,4.8953,9.8904,0.5859,0.0124,114.69943,0.23815000000000008,50.63185,8.0,442.4227,9.304499999999999,3.6925999999999997,0.2505624208741464,0.135376595746065,-0.5666418811227739,0.011518601950928936,0.3047192331091634,0.9524422234305676,False
EVR_04,2025,2025-01-19,5.3479,11.9049,0.3783,0.0155,115.11041,1.1415999999999995,51.77345,8.7,392.6244,11.5266,3.0461,0.28086266843689967,0.15098879346678842,-0.5528989823174854,0.05111858427615776,0.321057654185271,0.9470596510722283,False
EVR_04,2025,2025-01-20,4.4664,9.6012,0.1355,0.0018,109.4708,0.0,51.77345,8.200000000000001,187.591,9.4657,2.6653000000000002,0.25660550345529776,0.1409620272147089,-0.5606338121999904,0.03157314635370759,0.3373010691361842,0.9413968285264122,False
EVR_04,2025,2025-01-21,6.0802,11.2148,1.8388,0.0263,106.8004,1.5267999999999997,53.30025,7.6,116.46669999999999,9.376000000000001,1.8276999999999992,0.27234437445344106,0.13341087608772634,-0.5633388149397516,0.039062795605749184,0.3534446712740877,0.9354554315134164,False
EVR_04,2025,2025-01-22,8.2108,12.6214,4.7588,0.0427,105.16127,3.6900999999999993,56.99034999999999,8.9,-49.8202,7.8626,2.916900000000001,0.3146249916992827,0.16607276121010905,-0.5392598893679051,0.08294690621511572,0.3694836834473831,0.9292372181882051,False
EVR_04,2025,2025-01-23,7.3715,12.82,3.9462,0.2625,91.5083,3.3831000000000007,60.37345,7.7,-57.1221,8.8738,1.8384999999999998,0.2899487306094235,0.18993076108066967,-0.5334237922581725,0.026836829792837857,0.38541335945432564,0.9227440286201427,False
EVR_04,2025,2025-01-24,9.4655,14.5518,4.5107,0.4468,94.00031,4.53125,64.90469999999999,6.8999999999999995,-55.192,10.0411,1.6795000000000009,0.30921008753333473,0.17553688303350518,-0.5094725254181511,0.06550633526003488,0.4012289854475009,0.9159777842484877,False
EVR_04,2025,2025-01-25,8.3062,12.127,4.3383,47.3158,113.13388,3.2326499999999996,68.13735,12.6,-12.488599999999998,7.7887,2.9861000000000004,0.28806861257140665,0.15986033015249704,-0.5490336739993924,0.03750619169726027,0.4169258813287287,0.908940487313808,False
EVR_04,2025,2025-01-26,5.7082,10.5412,1.9553,2.5452,108.4793,1.2482499999999996,69.3856,9.0,-10.258900000000002,8.5859,1.7979999999999996,0.2978011138678073,0.17712591821669088,-0.5072636841155943,0.01693844543090761,0.4324994021339788,0.901634220265486,False
EVR_04,2025,2025-01-27,7.0153,12.2039,1.9915,0.0112,88.76445,2.0977000000000006,71.4833,7.0,-9.049500000000002,10.2124,1.6598999999999995,0.2891398673179564,0.1621978990368518,-0.5201345560705761,0.03253436386265862,0.44794493940789115,0.8940611451454876,False
EVR_04,2025,2025-01-28,9.8262,15.1106,4.0121,0.0971,96.90113,4.561350000000001,76.04464999999999,7.9,-9.2787,11.0985,2.1615,0.2893797360195233,0.15553633890013746,-0.5349042567161694,0.017035361566082263,0.4632579225674917,0.88622350294858,False
EVR_04,2025,2025-01-29,13.0647,17.0975,9.9565,0.287,109.03599,8.527000000000001,84.57165,11.799999999999999,-11.934399999999998,7.141,2.895900000000001,0.30813183249677245,0.17557815620699635,-0.5347647268529908,-0.006493159202510257,0.4784338202547012,0.8781236129591848,False
EVR_04,2025,2025-01-30,11.117,15.6544,7.5871,0.2377,84.77583,6.620750000000001,91.19239999999999,7.4,-11.659199999999998,8.0673,1.9466,0.2768040243649527,0.14930871407016136,-0.5443688362049792,-0.013144706244470783,0.49346814167723735,0.8697638720650646,False
EVR_04,2025,2025-01-31,10.5545,15.8788,7.1355,4.8064,116.39405,6.507149999999999,97.69955,11.6,-11.999599999999997,8.7433,2.1732000000000014,0.3102211215227134,0.19262465999701273,-0.5154716749855689,0.0010110339893786846,0.5083564379375122,0.8611467540480452,False
EVR_04,2025,2025-02-01,9.6654,14.6466,7.3824,1.5646,96.92926,6.0145,103.71405,9.5,-54.650800000000004,7.2642,1.6052999999999997,0.2979964675332363,0.15899982294036036,-0.5182625963557054,0.00992785496182963,0.5230943033491326,0.8522748088519838,False
EVR_04,2025,2025-02-02,8.0095,11.1793,4.4816,0.1804,65.24278,2.83045,106.5445,7.5,-55.515600000000006,6.697699999999999,2.3499999999999988,0.2910857591868296,0.1568825830071047,-0.5477948037354189,-0.00671535468097767,0.5376773767406141,0.8431506618282,False
EVR_04,2025,2025-02-03,7.232,11.547,3.8251,1.7124,89.5328,2.68605,109.23055,8.8,-55.6144,7.721900000000001,2.6201,0.2903923391080918,0.1736771890830081,-0.5716682697027007,0.0012524717901354343,0.5521013427459208,0.8337770129585915,False
EVR_04,2025,2025-02-04,3.5871,5.9395,1.2262,0.4267,100.88256,0.0,109.23055,11.1,-58.48480000000001,4.7133,6.1983,0.3155430377705451,0.17784550362317045,-0.5131700432074738,0.026163301751021772,0.5663619330814524,0.8241566360566663,False
EVR_04,2025,2025-02-05,2.0329,5.3983,-1.0971,0.0334,125.96083,0.0,109.23055,12.3,-59.2384,6.4954,8.0059,0.3113155287541605,0.16149353152017654,-0.5508819958204523,0.003183696257388069,0.580454927809098,0.8142923779467267,False
EVR_04,2025,2025-02-06,0.9585,4.5424,-1.5136,0.0334,147.38992,0.0,109.23055,12.7,-64.74270000000001,6.056,8.1094,0.30426578684242656,0.17767298117202537,-0.5146041552947072,0.02746176247747384,0.5943761565849831,0.804187157621448,False
EVR_04,2025,2025-02-07,0.7827,4.7154,-2.3871,0.0692,126.85726,0.0,109.23055,9.799999999999999,-67.6799,7.1025,5.7137,0.308883585366702,0.1644024307107921,-0.5364758087707777,-0.0013375361560113985,0.6081214998935418,0.7938439653781019,False
EVR_04,2025,2025-02-08,1.0332,4.0808,-0.9458,2.8176,80.3735,0.0,109.23055,7.2,-64.1269,5.0266,4.5486,0.31469970865671415,0.16116450776415667,-0.5144668929983306,0.016703241123477874,0.6216868902665479,0.7832658619336791,False
EVR_04,2025,2025-02-09,0.4624,3.3566,-1.1697,2.3673,77.46536,0.0,109.23055,7.1000000000000005,-61.540000000000006,4.5263,4.9315,0.3346247887760782,0.1791988429140616,-0.5221756838535762,0.0435390295892486,0.6350683134867438,0.7724559775191742,False
EVR_04,2025,2025-02-10,0.9006,4.9914,-1.8131,1.258,112.910424,0.0,109.23055,9.2,-62.394400000000005,6.804499999999999,4.8802,0.29832356506475594,0.15971552275820267,-0.5441817596459588,0.007931225956664123,0.6482618097757122,0.7614175109532997,False
EVR_04,2025,2025-02-11,0.1458,4.727,-3.5273,0.3346,139.74147,0.0,109.23055,9.799999999999999,-61.1865,8.2543,5.2159,0.34957700382509455,0.1902719672870464,-0.4820182970514697,0.03403396605454945,0.6612634749656386,0.7501537286959042,False
EVR_04,2025,2025-02-12,1.1004,6.2644,-2.0954,4.8063,126.872136,0.0,109.23055,9.9,-54.0136,8.3598,3.8304,0.29036272275200936,0.16145683590650525,-0.5436206791032973,-0.02095280600215116,0.6740694616546161,0.7386679638813748,False
EVR_04,2025,2025-02-13,2.6516,7.3549,-2.2052,0.3787,156.35366,0.0,109.23055,10.0,-50.968300000000006,9.5601,3.8120000000000003,0.340721444168705,0.18396460270019205,-0.4804852127359133,0.03645565732627842,0.6866759803451553,0.726963615332308,False
EVR_04,2025,2025-02-14,7.393,12.3811,1.0064,0.1355,116.13307,1.6937499999999996,110.9243,10.5,-51.602000000000004,11.3747,4.1623,0.2952658440601264,0.16874537362687514,-0.5152957599328362,-0.013617741306575615,0.6990793005655562,0.7150441465537444,False
EVR_04,2025,2025-02-15,9.1676,13.9177,5.6554,74.803,105.0673,4.78655,115.71085,13.0,14.58339999999999,8.2623,1.9377000000000004,0.2823233599576007,0.15285359992312123,-0.5819273695011151,-0.03237634869911343,0.7112757519738152,0.7029130847082615,False
EVR_04,2025,2025-02-16,6.9148,8.6393,5.6612,18.6259,40.37955,2.1502499999999998,117.8611,8.200000000000001,29.74199999999999,2.9781000000000004,1.5652999999999997,0.2949058446732197,0.1641398144927729,-0.5333343569485592,-0.03971894410285853,0.7232617254437388,0.6905740195722293,False
EVR_04,2025,2025-02-17,4.958,5.9775,4.4597,257.7149,19.964686,0.21860000000000035,118.0797,8.8,286.59889999999996,1.5178000000000003,1.1626000000000003,0.2907805785953185,0.14827808935379383,-0.5421520370052566,-0.007542986469437463,0.7350336741329413,0.6780306024735382,False
EVR_04,2025,2025-02-18,4.3964,6.9998,0.4264,22.9442,62.22905,0.0,118.0797,13.2,305.8085,6.5733999999999995,3.2984,0.32700428424320827,0.1686978159478404,-0.5219638356694887,-0.02257271958188628,0.746588114532413,0.6652865452111116,False
EVR_04,2025,2025-02-19,0.6098,3.4414,-2.026,21.3989,105.75907,0.0,118.0797,9.5,322.80109999999996,5.4674,3.2929999999999997,0.28741886488203283,0.17230492695487493,-0.548866437622089,-0.0029438578699765294,0.7579216274973472,0.6523456189565257,False
EVR_04,2025,2025-02-20,-0.8797,3.5072,-3.9111,2.2137,147.1097,0.0,118.0797,14.0,320.6361,7.4183,6.7896,0.27741978149216473,0.1532677541575285,-0.5415583412511935,-0.06330166267654025,0.7690308592589181,0.6392116531380588,False
EVR_04,2025,2025-02-21,-1.9925,1.9179,-4.987,0.038,168.27349,0.0,118.0797,14.4,316.6386,6.9049,7.403600000000001,0.3021194234652308,0.16724805711606555,-0.5441138732370415,0.006853579405104393,0.7799125224167177,0.6258885343075018,False
EVR_04,2025,2025-02-22,-1.9492,3.0092,-5.5175,0.2244,160.26515,0.0,118.0797,11.6,243.45999999999998,8.5267,7.0697,0.29953800501152583,0.15489490566256262,-0.5258633816076027,0.017214645053925115,0.7905633969115482,0.612380204990065,False
EVR_04,2025,2025-02-23,-1.0404,3.6534,-5.0989,1.5461,147.79958,0.0,118.0797,9.4,225.18019999999999,8.7523,4.9882,0.28933879415072294,0.1658792418994867,-0.5226488072250532,-0.00556705052249673,0.8009803309782905,0.5986906625177214,False
EVR_04,2025,2025-02-24,0.2341,5.0652,-3.9167,0.1548,171.55499,0.0,118.0797,11.1,-34.6799,8.9819,4.5961,0.3371699638925449,0.18739597379353595,-0.5392164646229362,0.046389385297226415,0.8111602420785621,0.5848239578463322,False
EVR_04,2025,2025-02-25,4.1815,8.9665,-1.1405,4.2624,115.33209,0.0,118.0797,7.8,-47.9617,10.107,2.798,0.3481766546838136,0.19866780873966303,-0.48957531396165554,0.021172370440605326,0.8211001178128892,0.5707841943569036,False
EVR_04,2025,2025-02-26,5.7651,10.5837,0.5252,0.5222,131.679256,0.5544500000000001,118.63415,11.700000000000001,-71.03840000000001,10.0585,2.0472,0.34550572041899674,0.20577052425586648,-0.5110254436383533,0.05808685553696391,0.8307970168121247,0.5565755266413303,False
EVR_04,2025,2025-02-27,8.5452,13.4968,4.3247,3.4086,114.792344,3.91075,122.5449,11.2,-67.0435,9.1721,2.313299999999999,0.34041202909339524,0.18968766475279358,-0.4827549549975257,0.06299224760123051,0.8402480696078469,0.5422021592729844,False
EVR_04,2025,2025-02-28,8.1937,13.2359,4.781,5.7089,125.09995,4.00845,126.55335,13.799999999999999,-60.7726,8.454900000000002,2.3786999999999994,0.3234302821836365,0.1686156001545055,-0.47637855061598566,0.021310858718405712,0.8494504794814806,0.527668345562516,False
EVR_04,2025,2025-03-01,7.4103,11.9382,3.7142,0.3881,166.66154,2.8262,129.37955,17.4,-66.40889999999999,8.224,3.1558,0.3510262876194725,0.20703496892970122,-0.4779228967678591,0.05148828260794669,0.8584015232918917,0.512978386299228,False
EVR_04,2025,2025-03-02,7.3584,13.2946,1.9795,34.1904,145.95437,2.6370500000000003,132.0166,15.9,-40.264599999999994,11.315100000000001,2.5749999999999993,0.35379796050146084,0.18573519373670375,-0.5174534717056241,0.0644591663507379,0.8670985522812081,0.4981366284784055,False
EVR_04,2025,2025-03-03,5.1263,8.6723,1.6316,9.2988,152.14813,0.15195000000000025,132.16855,20.5,-40.5206,7.0407,4.9886,0.3537690292847745,0.19860451184129635,-0.5227678234086044,0.016599065392229606,0.8755389928586302,0.4831474640149687,False
EVR_04,2025,2025-03-04,4.299,8.5139,0.5805,0.3292,148.43312,0.0,132.16855,16.2,-52.8538,7.9334,4.9801,0.37056633333210315,0.20811602853141756,-0.4762291824584455,0.022389678648289557,0.8837203473619977,0.4680153284438345,False
EVR_04,2025,2025-03-05,5.6591,12.9385,-0.607,0.0069,198.8109,1.16575,133.33429999999998,19.7,-61.36909999999999,13.545499999999999,4.5603,0.3703302587235089,0.22227094780517967,-0.4898327762835522,0.024824538304512145,0.8916401947968874,0.45274469960737107,False
EVR_04,2025,2025-03-06,8.06,16.132,0.5732,0.0004,207.78864,3.3526000000000007,136.6869,23.5,-77.0773,15.558800000000002,6.7029000000000005,0.36624399633428384,0.20474261567287896,-0.46111299223451085,0.025831967240888598,0.8992961915530253,0.4373400963303323,False
EVR_04,2025,2025-03-07,8.0105,16.077,0.9178,0.0,214.84098,3.4974000000000007,140.1843,26.599999999999998,-95.58619999999999,15.159200000000002,9.0083,0.3759781565655765,0.20778725901941017,-0.4472972282135686,0.052547874381939974,0.9066860720977985,0.4218060770826634,False
EVR_04,2025,2025-03-08,8.0368,15.52,1.9253,0.0291,206.22646,3.72265,143.90695,24.8,-103.3452,13.5947,7.679099999999999,0.387656442862158,0.21301567398969595,-0.4629348567169037,0.03663015524268548,0.9138076496466615,0.4061472386305789,False
EVR_04,2025,2025-03-09,8.2322,15.4068,1.5137,0.0108,207.81763,3.4602500000000003,147.3672,23.400000000000002,-145.0248,13.8931,5.1854000000000005,0.36797418922818903,0.21360453534835575,-0.47487749958772024,0.01417622872672819,0.9206588168102428,0.3903682146763026,False
EVR_04,2025,2025-03-10,10.7611,17.6301,2.8656,0.0111,215.88808,5.24785,152.61505,25.6,-159.4125,14.764499999999998,5.2437000000000005,0.369164682821397,0.19929286053568993,-0.47225862288572185,0.015395653536622533,0.9272375462179537,0.374473674486883,False
EVR_04,2025,2025-03-11,13.4336,18.7726,7.855,0.0309,205.95246,8.3138,160.92885,25.9,-169.4108,10.9176,4.844799999999999,0.37956849784225805,0.21433362218373858,-0.4558465869836271,0.009002164510154897,0.9335418911179212,0.35846832151248087,False
EVR_04,2025,2025-03-12,15.5112,21.202,9.4604,0.2835,174.05592,10.3312,171.26005,27.3,-176.73420000000002,11.741600000000002,7.4778,0.38890552085973956,0.22111051918516447,-0.4497399555041556,0.018575262136230675,0.9395699859530622,0.342356891994542,False
EVR_04,2025,2025-03-13,16.1588,21.606,10.9886,1.6859,177.14995,11.2973,182.55735,32.4,-183.9487,10.617400000000002,10.2135,0.3694830220600494,0.21288955188541273,-0.4638435612102411,0.0032390257257655652,0.945320046913132,0.3261441535642696,False
EVR_04,2025,2025-03-14,17.1536,22.3365,13.6361,0.1122,214.82776,12.9863,195.54365,34.0,-191.23649999999998,8.7004,6.9375,0.4207081087662315,0.24276373710710178,-0.4293394351792603,0.04472995220065501,0.9507903724625832,0.3098349038318025,False
EVR_04,2025,2025-03-15,17.3028,24.3587,10.7271,0.0171,202.05813,12.5429,208.08655,32.7,-199.1485,13.631599999999999,8.447300000000002,0.41657481442747335,0.21005650911753776,-0.46149580349432207,0.02891837156531535,0.9559793438440766,0.2934339689665273,False
EVR_04,2025,2025-03-16,17.4897,24.7027,10.9166,0.0189,201.46554,12.809650000000001,220.8962,36.8,-212.54039999999998,13.7861,9.585799999999999,0.3980889509755039,0.2166383886924882,-0.4320147330484182,0.030114761747314867,0.9608854255574977,0.27694620226893646,False
EVR_04,2025,2025-03-17,13.821,19.4832,8.88,22.9706,187.3382,9.1816,230.0778,26.1,-190.08089999999999,10.6032,3.9841999999999995,0.4169012972832503,0.2226890975538156,-0.42133707188444863,0.04773661446185329,0.9655071658143364,0.2603764827344581,False
EVR_04,2025,2025-03-18,5.4914,8.8803,2.0678,64.3103,121.12546,0.4740500000000001,230.55185,23.8,-123.7015,6.8125,5.1475,0.4006215963294985,0.2162795545322984,-0.4484684008667434,0.021053098487240463,0.969843196967294,0.24372971360968387,False
EVR_04,2025,2025-03-19,3.6035,8.0644,0.2367,3.2038,198.01995,0.0,230.55185,24.299999999999997,-117.7812,7.827699999999999,10.7201,0.4262512851219109,0.24286014845802675,-0.4327526820994877,0.037345764262171344,0.9738922359149924,0.22701082094141847,False
EVR_04,2025,2025-03-20,5.6326,10.953,-0.1845,0.0033,179.37754,0.38424999999999976,230.9361,22.1,-109.1638,11.1375,7.7643,0.42671234340030534,0.2336930146253599,-0.42367344959093334,0.057229321340255934,0.9776530844816641,0.2102247521189836,False
EVR_04,2025,2025-03-21,6.8076,12.8369,0.6067,0.0047,224.778,1.7218,232.6579,25.7,-100.9713,12.2302,6.5003,0.4227652259684855,0.21648077923165818,-0.41553948898539916,0.0020571172022539885,0.981124629771712,0.19337647441020586,False
EVR_04,2025,2025-03-22,7.777,13.123,2.7084,0.0091,242.79736,2.9156999999999993,235.5736,26.1,-94.3793,10.4146,5.775,0.4389109917450503,0.24005688983672108,-0.4597897612626898,0.022336177317576977,0.984305844499033,0.17647097349152166,False
EVR_04,2025,2025-03-23,11.1043,17.7517,3.6205,10.8604,212.61582,5.6861,241.2597,26.700000000000003,-73.43780000000001,14.1312,4.909400000000001,0.4614903616127031,0.22890508846603988,-0.37735776382086267,0.06340141063719923,0.9871957872910085,0.15951325197263655,False
EVR_04,2025,2025-03-24,14.7425,18.9259,10.7679,29.6846,148.57818,9.846899999999998,251.1066,28.2,-68.8238,8.158,6.613199999999999,0.44797919314229556,0.2431862455246911,-0.3942582286135553,0.031077895859045246,0.9897936029670716,0.14250832791617088,False
EVR_04,2025,2025-03-25,15.0444,18.3757,12.8661,21.1515,110.00342,10.620899999999999,261.7275,22.4,-110.5826,5.509599999999999,5.725999999999999,0.43536327883822246,0.24086297799402878,-0.43558336460754654,0.03474168250872395,0.992098522791769,0.12546123335273648,False
EVR_04,2025,2025-03-26,15.5205,21.1179,10.097,1.4817,200.11368,10.60745,272.33495,31.0,-119.00470000000001,11.0209,5.2806999999999995,0.4831835295869979,0.2764420821077705,-0.3955440839368322,0.05693224446508699,0.9941098647022418,0.10837701279187609,False
EVR_04,2025,2025-03-27,15.3441,21.4554,10.1296,0.0648,181.16029,10.7925,283.12745,29.9,-126.7432,11.325800000000001,7.3618999999999994,0.4532933479135093,0.25993657741266535,-0.42630244249792093,0.026581004513203943,0.9958270335100595,0.09126072172931188,False
EVR_04,2025,2025-03-28,12.5779,16.8642,7.739,21.4085,114.10942,7.3016000000000005,290.42905,18.4,-98.0394,9.1252,4.039299999999999,0.4692239840291744,0.2633887954319442,-0.41063136950515855,0.04645875806068894,0.9972495210773451,0.07411742515094437,False
EVR_04,2025,2025-03-29,11.7319,17.3834,7.4325,18.0273,167.30216,7.407950000000001,297.837,24.5,-78.4212,9.9509,2.343499999999999,0.4592722524948158,0.2591664883979722,-0.38971718564771085,0.020361260749765464,0.998376906467142,0.056952196034039754,False
EVR_04,2025,2025-03-30,12.2535,17.5434,7.6723,38.2776,195.63163,7.607849999999999,305.44485,27.799999999999997,-52.104,9.871099999999998,2.2249,0.46554134998583724,0.24787165778936052,-0.4320761571869594,0.004050988373134112,0.9992088560679753,0.03977011384605572,False
EVR_04,2025,2025-03-31,11.869,16.1563,8.5613,40.9402,146.13226,7.3588000000000005,312.80365,23.0,-35.648399999999995,7.595000000000002,2.216899999999999,0.4773144977250135,0.26486426435313837,-0.3744940971907222,0.029335304582717936,0.9997451236925734,0.022576263041545485,False
EVR_04,2025,2025-04-01,11.6001,14.9449,9.1851,52.6869,132.3317,7.065000000000001,319.86865,25.1,-6.812999999999999,5.7598,2.1173,0.4790493362652847,0.2579970205122308,-0.3994397265353259,0.04368605742706222,0.9999855506507186,0.005375731557583884,False
EVR_04,2025,2025-04-02,10.0194,11.5865,8.9476,23.669,49.88176,5.267049999999999,325.1357,12.1,34.274300000000004,2.6388999999999996,1.6829,0.4449705271652932,0.2349661511745509,-0.40014578435122194,-0.03821300242170472,0.9999300657962057,-0.011826390691832589,False
EVR_04,2025,2025-04-03,11.6672,15.2022,8.7176,21.2529,179.2755,6.959899999999999,332.0956,28.299999999999997,57.062400000000004,6.4846,3.302299999999999,0.4721848444962049,0.27416476091492603,-0.43619032551691017,0.01889149658269562,0.9995786855478958,-0.029025013321975237,False
EVR_04,2025,2025-04-04,11.4211,15.5514,6.6506,20.0478,199.7071,6.100999999999999,338.1966,30.599999999999998,43.50170000000001,8.9008,3.347899999999999,0.46412821979499586,0.25449879161440414,-0.40231620329749707,-0.005095764234178568,0.9989315138848577,-0.046215046983708354,False
EVR_04,2025,2025-04-05,11.7215,16.0571,7.0336,34.8821,198.33354,6.545349999999999,344.74195,27.400000000000002,57.4565,9.023499999999999,2.694700000000001,0.4667743571444303,0.2730808925059977,-0.4292618058977481,0.007502104649614483,0.9979887423155984,-0.06339140486951038,False
EVR_04,2025,2025-04-06,10.5979,17.2635,4.8923,95.558,206.4481,6.0779,350.81985,34.3,108.2369,12.371200000000002,3.3511999999999995,0.45799917546618374,0.24153197186986913,-0.4063092562715354,-0.0075421745196534995,0.9967506498213929,-0.08054900421874167,False
EVR_04,2025,2025-04-07,2.8,4.6693,0.8864,273.7018,54.03522,0.0,350.81985,18.8,345.19849999999997,3.7828999999999997,1.4757999999999998,0.4969285137935291,0.26944446625866125,-0.3819986812226237,0.019614016068515594,0.9952176027737294,-0.09768276782171598,False
EVR_04,2025,2025-04-08,4.6054,9.4431,-1.1309,15.7993,192.7849,0.0,350.81985,26.599999999999998,306.8109,10.574,5.8997,0.48206082360432734,0.26253402468374903,-0.37717964642452917,0.003011487339042662,0.9933900548258936,-0.11478762552212701,False
EVR_04,2025,2025-04-09,5.3736,10.4018,-0.7945,4.0119,198.38114,0.0,350.81985,28.0,271.25379999999996,11.196299999999999,6.4146,0.5154223126676789,0.2814598493936466,-0.36683494138155864,0.07045178550238573,0.9912685467787256,-0.13185851571739118,False
EVR_04,2025,2025-04-10,8.9075,14.1094,2.278,8.3797,236.12144,3.1936999999999998,354.01355,34.2,252.48059999999998,11.8314,5.538600000000001,0.5133933037674747,0.28582349790117995,-0.36544385858732137,0.041208459271269815,0.9888537064205885,-0.1488903868564548,False
EVR_04,2025,2025-04-11,5.706,10.7272,-0.6364,2.2082,236.7692,0.045399999999999885,354.05895,35.3,229.941,11.3636,8.5394,0.5327764730421434,0.27732684163972865,-0.354361650142028,0.06864825324714752,0.986146248341595,-0.16587819893463143,False
EVR_04,2025,2025-04-12,8.3843,12.1067,4.6447,93.088,140.0487,3.3757,357.43465,26.599999999999998,288.9469,7.462,4.0661,0.5412609615496821,0.2967625009772734,-0.3576532005852123,0.07448660440525179,0.9831469737221499,-0.1828169249850199,False
EVR_04,2025,2025-04-13,8.9583,13.7329,3.581,6.0063,230.15472,3.65695,361.09159999999997,31.6,202.09519999999998,10.151900000000001,5.4773,0.5252874267099074,0.28481982290918395,-0.35791750249465887,0.06728825124372362,0.9798567700958665,-0.1997015525660636,False
EVR_04,2025,2025-04-14,9.7482,13.722,4.2611,0.0396,214.64822,3.99155,365.08315,31.8,-84.567,9.460899999999999,5.8315,0.5751951507901111,0.31664937858934855,-0.329866955389847,0.07826663699658198,0.9762766110869321,-0.21652708524481437,False
EVR_04,2025,2025-04-15,10.788,16.9436,3.8028,0.0137,267.15558,5.373200000000001,370.45635,38.800000000000004,-112.55260000000001,13.1408,5.0891,0.5918127067306314,0.3124350741551689,-0.32440618554318934,0.10975188312630402,0.9724075561219968,-0.23328854407545518,False
EVR_04,2025,2025-04-16,12.8481,19.9782,5.6151,0.0008,280.44688,7.79665,378.253,46.5,-135.0637,14.363100000000001,6.713400000000001,0.5809831869843227,0.32302481323271637,-0.30807910780993625,0.06556087431664381,0.9682507501166718,-0.2499809690726521,False
EVR_04,2025,2025-04-17,13.6561,21.1914,7.1642,0.0206,265.45077,9.177800000000001,387.4308,43.8,-153.0228,14.0272,5.276200000000001,0.606522421525833,0.32400823614578045,-0.29297814722310117,0.0931291177583583,0.9638074231367307,-0.26659942067929354,False
EVR_04,2025,2025-04-18,13.0051,19.6905,7.7234,0.2776,264.52982,8.706949999999999,396.13775,39.300000000000004,-158.9534,11.9671,3.6892000000000014,0.6171709472010604,0.32089793815779966,-0.2900673988776631,0.08439447415891699,0.9590788900341131,-0.28313898122818354,False
EVR_04,2025,2025-04-19,13.1604,18.5708,6.7278,3.1225,224.47114,7.6493,403.78705,32.5,-254.81889999999999,11.842999999999998,3.541599999999999,0.5972707268620198,0.3284438213404954,-0.27824892709957566,0.0560097653123377,0.9540665500578387,-0.2995947563972602,False
EVR_04,2025,2025-04-20,14.2087,20.231,9.2145,0.6502,250.52426,9.722750000000001,413.5098,38.3,-266.875,11.016500000000002,4.0001,0.6124802178287252,0.3360802237142985,-0.2714919926256874,0.08719279111881784,0.9487718864399473,-0.31596187665790293,False
EVR_04,2025,2025-04-21,15.7341,22.0792,8.9191,0.0607,281.59523,10.49915,424.00895,43.4,-278.4539,13.1601,4.984500000000001,0.6081418083560312,0.3339136797740484,-0.28971194022990415,0.03294665756592008,0.9431964659565866,-0.33223549871590435,False
EVR_04,2025,2025-04-22,14.9164,21.2507,8.6288,0.0161,289.8218,9.93975,433.9487,47.5,-287.1515,12.621899999999998,6.437099999999999,0.6318726230971994,0.3470287779906206,-0.278444033641017,0.04005991636656803,0.9373419384643772,-0.3484108069446808,False
EVR_04,2025,2025-04-23,13.0899,20.0647,7.894,0.1779,278.82995,8.97935,442.92805,40.300000000000004,-280.7744,12.170699999999998,4.1464,0.6248168306782196,0.3465434085065702,-0.25830642370947393,0.04383364369389686,0.9312100364121947,-0.3644830148102912,False
EVR_04,2025,2025-04-24,12.8398,18.393,8.9112,0.6847,207.74077,8.6521,451.58015,31.2,-267.5103,9.481800000000002,4.0394000000000005,0.6532014319409959,0.35382611730872526,-0.22706226155916873,0.04667901041516287,0.9248025743285089,-0.38044736628785164,False
EVR_04,2025,2025-04-25,14.1242,19.4536,8.8765,0.4407,237.38325,9.16505,460.7452,34.7,-262.7472,10.577100000000002,4.3414,0.6525222491800503,0.36179753140664916,-0.21907831854594853,0.035351301978989946,0.9181214482844364,-0.39629913726891813,False
EVR_04,2025,2025-04-26,16.3378,22.6165,10.2697,57.1659,261.95462,11.443100000000001,472.1883,43.9,-220.10379999999998,12.346799999999998,4.724900000000002,0.6446735887529254,0.3603336297240938,-0.23936409537625283,0.04740286189090559,0.9111686353326631,-0.41203363695942635,False
EVR_04,2025,2025-04-27,13.047,17.2687,8.0052,5.7769,251.57678,7.636949999999999,479.82525,40.800000000000004,-217.4771,9.263499999999999,5.990100000000001,0.6736620859697406,0.3589800663196473,-0.255107094840356,0.06118186814101545,0.9039461929224011,-0.42764620926777464,False
EVR_04,2025,2025-04-28,10.5963,14.6904,7.532,0.0811,286.32637,6.1112,485.93645,41.8,-215.8567,7.1584,8.3135,0.6741097139435421,0.3810666448488525,-0.22090847584108703,0.06596790558751098,0.8964562582905575,-0.44313223418263453,False
EVR_04,2025,2025-04-29,9.5995,13.3987,6.6668,0.0819,264.89334,5.03275,490.9692,34.1,-202.3909,6.7318999999999996,6.728100000000001,0.6840611821769298,0.37294536854970917,-0.2255013451157366,0.05218855907973041,0.8887010478292915,-0.45848712914008766,False
EVR_04,2025,2025-04-30,10.6891,16.2563,6.0791,0.0142,296.47872,6.1677,497.1369,39.0,-201.25459999999998,10.1772,7.2551,0.6698453614437451,0.35907513067808605,-0.2528644459790125,0.04502853076552549,0.8806828564301475,-0.47370635037968,False
EVR_04,2025,2025-05-01,12.0832,17.8323,7.4041,0.1059,266.3355,7.6182,504.7551,40.099999999999994,-210.7334,10.4282,8.9936,0.6996101759385093,0.37957406067081434,-0.2223981847711659,0.04640874399751338,0.8724040568049612,-0.48878539428899265,False
EVR_04,2025,2025-05-02,13.5548,20.9666,7.0743,1.2613,292.02893,9.02045,513.77555,41.0,-216.21279999999996,13.892299999999999,7.5051000000000005,0.711532793159075,0.3758578948404653,-0.19373583666298755,0.05901054397902472,0.8638670987837349,-0.503719798736334,False
EVR_04,2025,2025-05-03,13.4537,20.4306,4.8857,0.1081,317.24045,7.658149999999999,521.4337,44.5,-273.87059999999997,15.544899999999998,7.5477,0.691929825064339,0.3787724469053579,-0.2477444127374986,0.047256236311413624,0.8550745085896932,-0.518505144391157,False
EVR_04,2025,2025-05-04,16.8875,24.2438,8.5759,0.012,305.67114,11.409849999999999,532.84355,48.7,-287.5355,15.6679,9.428999999999998,0.7018527011546765,0.3732311913442343,-0.1951969842156939,0.02819061518493582,0.8460288880917339,-0.533137056031809,False
EVR_04,2025,2025-05-05,19.0305,26.1316,11.3317,0.0258,272.81488,13.731649999999998,546.5752,46.5,-292.2908,14.7999,9.3832,0.714305813072994,0.39756947845194573,-0.21474341465405422,0.04019609912945188,0.8367329140344921,-0.5476112038402312,False
EVR_04,2025,2025-05-06,20.6301,26.8696,14.0013,0.2871,295.66445,15.43545,562.0106499999999,51.1,-309.0856,12.868299999999998,8.880099999999999,0.7405887848772061,0.4149874727306729,-0.17665062405083176,0.05652760270027635,0.8271893372462497,-0.5619233046832195,False
EVR_04,2025,2025-05-07,20.6685,26.8815,14.7435,3.481,291.08688,15.8125,577.8231499999999,51.9,-318.5188,12.138,9.354000000000001,0.727786225165831,0.39414014586951956,-0.1888327024839465,0.057940863722085956,0.8174009818249189,-0.5760691233798758,False
EVR_04,2025,2025-05-08,19.3893,24.6451,13.3242,0.2222,288.95114,13.984649999999998,591.8078,42.3,-320.60249999999996,11.3209,6.192599999999999,0.7143257044604492,0.37999561847865415,-0.20544990806310728,0.014715528521939913,0.8073707443023492,-0.5900444739548627,False
EVR_04,2025,2025-05-09,19.3927,25.1543,14.3491,6.8018,262.80371,14.7517,606.5595,40.7,-314.762,10.8052,6.274800000000001,0.7246357448239392,0.3798350279389864,-0.2192706828847579,0.013102951664864193,0.7971015927871943,-0.6038452208771035,False
EVR_04,2025,2025-05-10,12.9174,14.4406,10.3827,113.9669,90.63513,7.41165,613.97115,25.2,-181.60319999999996,4.0579,2.9216000000000015,0.7021944998388532,0.39033655430940745,-0.22442411053966557,0.010264674774514204,0.7865965660866021,-0.6174672802835514,False
EVR_04,2025,2025-05-11,13.9164,18.8582,8.5226,6.168,252.4397,8.6904,622.66155,35.9,-162.6472,10.3356,5.753399999999999,0.715501304961018,0.4134932076719404,-0.20507173580204047,0.013648603806341586,0.7758587728069828,-0.6309066211876704,False
EVR_04,2025,2025-05-12,14.8907,19.8102,10.2854,10.749,244.26939,10.047799999999999,632.70935,35.4,-140.82399999999998,9.524799999999999,5.263400000000001,0.7009205139470478,0.37307497041436777,-0.22565853420598933,-0.013385299125946215,0.7648913904341225,-0.6441592666722685,False
EVR_04,2025,2025-05-13,13.2825,17.4171,8.853,23.3384,219.78851,8.13505,640.8444,34.6,-101.27269999999999,8.564100000000002,5.646000000000001,0.6915134643651529,0.3866410078685715,-0.23875688514730406,-0.04907532051205321,0.753697664392914,-0.6572212950663319,False
EVR_04,2025,2025-05-14,13.2527,17.8508,7.9643,5.0796,282.4591,7.9075500000000005,648.75195,38.699999999999996,-86.47409999999999,9.8865,7.286300000000001,0.7139865009965932,0.37814159929555907,-0.1830307878257028,-0.013799724169237804,0.742280907086982,-0.6700888411055113,False
EVR_04,2025,2025-05-15,15.6729,21.2254,9.3457,0.3111,320.02736,10.28555,659.0375,43.6,-87.68519999999998,11.8797,8.2439,0.7249230175816779,0.39006868244683623,-0.21740245851348083,0.01059731312122869,0.7306444969184916,-0.6827580970759147,False
EVR_04,2025,2025-05-16,16.2197,20.2139,11.0044,16.4074,161.70914,10.60915,669.64665,27.7,-65.07959999999999,9.209499999999998,7.428099999999999,0.6868883889796262,0.3827176733602926,-0.2225582002758634,-0.03774735584431299,0.7187918772884232,-0.6952253139408722,False
EVR_04,2025,2025-05-17,16.1136,18.847,11.886,255.5524,152.50883,10.3665,680.01315,33.2,68.5059,6.961000000000002,3.997600000000002,0.6472194225495458,0.3475073666849671,-0.24427994001287484,-0.054975077289307395,0.7067265555776158,-0.7074868024503348,False
EVR_04,2025,2025-05-18,15.4719,20.4348,11.3639,95.6842,254.41846,10.899349999999998,690.9125,44.5,149.4221,9.0709,4.7188,0.6448549037284841,0.3596242330952118,-0.23504301613977766,-0.07064640123253396,0.6944521021088763,-0.719538934232584,False
EVR_04,2025,2025-05-19,17.1581,22.8922,10.2539,4.5699,305.26474,11.573049999999999,702.48555,52.3,126.34300000000002,12.6383,7.6424,0.661714748457644,0.36614548972537553,-0.21664539768552482,-0.0392057654894038,0.6819721490904629,-0.7313781428679254,False
EVR_04,2025,2025-05-20,18.1845,23.493,12.3835,0.3174,277.40624,12.93825,715.4238,48.7,89.22200000000001,11.109499999999999,7.2988,0.658519838417574,0.37932332965303234,-0.22075391886953144,-0.03299362594757893,0.6692903895412567,-0.7430009249440493,False
EVR_04,2025,2025-05-21,20.0062,25.5753,13.7404,0.0497,314.48707,14.65785,730.08165,52.5,70.3921,11.8349,7.1622,0.6835686664121771,0.3781900466602947,-0.25961579489816317,-0.03041783458441616,0.6564105761979381,-0.7544038410927472,False
EVR_04,2025,2025-05-22,21.3906,28.1546,15.3402,1.6341,311.49213,16.7474,746.8290499999999,54.9,60.41510000000001,12.8144,8.3102,0.6251077233357092,0.33225539196110154,-0.2628523615383399,-0.09981529424596869,0.6433365204044917,-0.765583517007675,False
EVR_04,2025,2025-05-23,22.2899,28.2752,15.7512,0.1593,309.70176,17.0132,763.84225,54.5,17.367000000000004,12.524000000000001,9.4002,0.6220265681317662,0.3530946881417536,-0.25345651953423304,-0.06486182084786007,0.6300720909843687,-0.7765366444428655,False
EVR_04,2025,2025-05-24,22.7933,29.1727,17.0868,0.4281,306.86102,18.12975,781.972,54.0,-258.55729999999994,12.085899999999999,8.317999999999998,0.662751623947037,0.3550172672478938,-0.25465034189504304,0.01553220139749123,0.6166212130956382,-0.7872599821916922,False
EVR_04,2025,2025-05-25,19.6535,25.195,16.2255,58.1328,248.71154,15.710250000000002,797.68225,38.699999999999996,-290.3087,8.9695,4.607500000000002,0.6397154097051093,0.3566340614794339,-0.2770920707624452,-0.005139494023374769,0.6029878670694714,-0.7977503570459932,False
EVR_04,2025,2025-05-26,16.0304,20.6007,11.6725,112.532,228.68557,11.136600000000001,808.81885,52.0,-182.04659999999998,8.9282,6.723800000000001,0.6327016572570946,0.34751131105080063,-0.24111307748555305,-0.0290130912005494,0.5891760872322963,-0.8080046647350754,False
EVR_04,2025,2025-05-27,17.7297,22.8563,10.9507,7.0871,244.8954,11.903500000000001,820.72235,43.7,-170.27689999999998,11.905600000000002,7.0009000000000015,0.6186671079325576,0.36037829041060077,-0.2611854590617548,-0.03985273048501636,0.5751899607119775,-0.8180198708443174,False
EVR_04,2025,2025-05-28,19.1256,23.538,12.8747,6.178,280.76266,13.20635,833.9287,48.4,-160.04859999999996,10.6633,7.726899999999999,0.6308190477728319,0.3442251120762583,-0.2581900150351331,-0.05274961863934513,0.5610336262283677,-0.8277930117131022,False
EVR_04,2025,2025-05-29,18.9002,23.9185,13.1756,4.8011,298.5387,13.547049999999999,847.47575,50.3,-152.28159999999997,10.742900000000002,6.968600000000002,0.6365087721248596,0.35439167711038294,-0.259522736549953,0.011401048789150381,0.5467112728685939,-0.8373211953118121,False
EVR_04,2025,2025-05-30,17.8902,22.0817,12.9819,110.8988,256.19968,12.5318,860.00755,40.9,-27.942099999999982,9.099800000000002,4.0168,0.6060852585140081,0.34548183365375895,-0.26806260215867045,-0.01594130961775808,0.5322271388474397,-0.8466016020976267,False
EVR_04,2025,2025-05-31,18.3246,22.8413,13.8286,13.45,279.10112,13.33495,873.3425,50.1,-11.020199999999988,9.0127,6.423500000000001,0.5754163524354237,0.32666857783720826,-0.3288633650073522,-0.08733527151161335,0.5175855102531889,-0.8556314858488706,False
EVR_04,2025,2025-06-01,19.4581,25.0497,12.409,1.0087,285.20262,13.72935,887.07185,52.1,-81.54429999999999,12.6407,8.342700000000002,0.5659758031250662,0.30932592091256594,-0.32864414989625146,-0.07373960658004308,0.5027907197793043,-0.8644081744776648,False
EVR_04,2025,2025-06-02,21.0213,26.678,13.4827,0.3764,306.67994,15.08035,902.1522,53.699999999999996,-195.3999,13.195300000000001,8.4926,0.5670158637681615,0.3214625966512969,-0.3083200582713772,-0.06568579348893311,0.4878471454423119,-0.8729290708206411,False
EVR_04,2025,2025-06-03,22.8087,27.9365,17.2089,0.0882,323.16368,17.572699999999998,919.7248999999999,55.199999999999996,-213.8988,10.727599999999999,8.065500000000002,0.5548228938976975,0.3009510243412112,-0.33032693597149265,-0.06384421403486018,0.47275920928627757,-0.881191653407483,False
EVR_04,2025,2025-06-04,24.8707,30.489,18.3342,0.1692,305.22045,19.4116,939.1365,54.6,-226.1076,12.154800000000002,8.424299999999999,0.559461653213548,0.3434645956985419,-0.29674515350486774,-0.07135739455928392,0.4575313760742512,-0.8891934772070711,False
EVR_04,2025,2025-06-05,24.7544,31.0603,17.9035,0.024,321.19494,19.481900000000003,958.6184,59.8,-240.38469999999998,13.1568,10.9829,0.5513603081029596,0.30614212952329767,-0.32619165363572916,-0.08514846402190002,0.44216815196707204,-0.8969321743510065,False
EVR_04,2025,2025-06-06,23.3125,30.1514,17.2777,0.001,332.8172,18.71455,977.33295,54.199999999999996,-364.5825,12.8737,9.0068,0.5283797036608231,0.29384997127700613,-0.3597361199869509,-0.07770555485318498,0.42667408318992467,-0.9044054548343001,False
EVR_04,2025,2025-06-07,21.7334,28.4453,15.9715,0.0065,336.05002,17.2084,994.54135,46.6,-374.526,12.473799999999999,7.802899999999999,0.5654073566447032,0.3128620001351361,-0.3378657815871712,-0.010008995790720454,0.4110537546870351,-0.9116111071930239,False
EVR_04,2025,2025-06-08,21.8646,29.0713,15.2951,0.0064,340.91274,17.1832,1011.72455,45.699999999999996,-369.12829999999997,13.776200000000001,8.0641,0.5445232512833091,0.2943174853776572,-0.38724157731798475,-0.021452551841757095,0.3953117887649151,-0.9185469991587165,False
EVR_04,2025,2025-06-09,22.4779,30.8042,13.8061,0.0137,337.78403,17.30515,1029.0297,42.9,-358.6909999999999,16.9981,7.971100000000002,0.5084421627051701,0.2629577825456486,-0.3582659950641543,-0.05857370106299142,0.37945284372454435,-0.925211078289358,False
EVR_04,2025,2025-06-10,22.5768,28.0669,17.4945,0.6171,320.08458,17.7807,1046.8104,35.5,-338.46209999999996,10.572400000000002,8.572799999999999,0.4831402748866434,0.27002219614125983,-0.3985508378709053,-0.07168261901105405,0.36348161248290634,-0.9316013725767187,False
EVR_04,2025,2025-06-11,23.299,29.765,17.2586,0.0487,322.42822,18.5118,1065.3222,38.9,-322.88259999999997,12.5064,10.3315,0.495412282242357,0.2752808372318043,-0.3586170712424933,-0.06404937097119101,0.3474028211842774,-0.9377159910299093,False
EVR_04,2025,2025-06-12,23.6128,30.5002,16.2326,0.002,332.21293,18.3664,1083.6886,40.5,-303.60459999999995,14.267599999999998,8.9398,0.48389212550257144,0.2746209899207757,-0.3536051844737192,-0.06746818260038812,0.3312212278016865,-0.9435531242349544,False
EVR_04,2025,2025-06-13,22.6441,28.1267,17.4971,0.0164,324.92134,17.8119,1101.5005,34.3,-283.68919999999997,10.6296,9.233200000000002,0.48296867889861117,0.2478778136305206,-0.3844504317909221,-0.04541102476221193,0.31494162072895193,-0.9491110448902284,False
EVR_04,2025,2025-06-14,21.5621,26.1847,17.2491,1.6055,287.2012,16.7169,1118.2174,28.0,-263.49019999999996,8.9356,8.914200000000001,0.4546661586062306,0.25453728929316827,-0.4117127520300881,-0.1107411980384726,0.2985688173637202,-0.9543881083175908,False
EVR_04,2025,2025-06-15,21.3745,26.6017,15.4793,1.088,289.6145,16.0405,1134.2579,28.5,-245.20859999999996,11.1224,9.795100000000001,0.4608064181097616,0.2592690678628794,-0.40056267796166667,-0.08371683317354756,0.2821076626819194,-0.9593827529490743,False
EVR_04,2025,2025-06-16,22.4613,28.5597,14.2679,0.0832,322.41437,16.4138,1150.6717,32.9,-235.13909999999996,14.2918,10.6132,0.42304548520709634,0.23465859292988167,-0.4345487201803537,-0.08539667749807373,0.26556302780405594,-0.9640935007889755,False
EVR_04,2025,2025-06-17,24.8915,30.7764,18.037,0.0168,326.63843,19.4067,1170.0784,34.7,-234.93939999999995,12.7394,11.5752,0.4374331363715664,0.2252888628152029,-0.41231631408168923,-0.04570713851507702,0.24893980855376657,-0.9685189578512204,False
EVR_04,2025,2025-06-18,24.7183,31.0513,17.0594,0.1201,327.22886,19.05535,1189.13375,32.800000000000004,-228.76799999999994,13.991900000000001,10.558,0.4400691050679548,0.25555375389661167,-0.40501021128416226,-0.05534317717440218,0.23224292400907015,-0.9726578145718654,False
EVR_04,2025,2025-06-19,25.2043,30.6866,18.662,0.0704,320.75104,19.6743,1208.80805,31.4,-219.59959999999995,12.0246,9.7287,0.41587102343098775,0.22247350441473956,-0.41515776016487443,-0.06802110207158368,0.21547731504673012,-0.976508846196619,False
EVR_04,2025,2025-06-20,24.6663,31.2311,19.4927,17.4103,284.74982,20.3619,1229.16995,28.8,-196.70569999999998,11.738400000000002,8.4158,0.4175132277697339,0.23190731888699057,-0.41591689604767085,-0.0654554511288773,0.19864794288017112,-0.9800709131432666,False
EVR_04,2025,2025-06-21,22.1235,26.6252,17.958,1.5821,286.8773,17.2916,1246.46155,24.9,-193.62909999999997,8.667200000000001,9.8221,0.40304649322876696,0.24039661899008097,-0.4309959028543354,-0.05161966537746365,0.18175978759137534,-0.9833429613388902,False
EVR_04,2025,2025-06-22,21.6487,26.522,16.2533,0.0183,295.40707,16.38765,1262.8491999999999,23.2,-189.39879999999994,10.268699999999999,10.893900000000002,0.37861678928308545,0.20634893567374973,-0.45886719180478297,-0.08218962882667613,0.16481784665719793,-0.9863240225317866,False
EVR_04,2025,2025-06-23,24.4625,31.191,16.4956,0.0067,339.03728,18.8433,1281.6924999999999,31.4,-187.97529999999995,14.6954,12.140699999999999,0.3585932790804877,0.191183193180861,-0.5332066262794387,-0.06445220612660862,0.14782713347053048,-0.9890132145779883,False
EVR_04,2025,2025-06-24,26.434,32.3891,18.7178,0.018,342.7116,20.553449999999998,1302.24595,34.2,-187.47409999999996,13.671299999999999,13.582600000000001,0.36013597663823166,0.21140100249594493,-0.46284877457175017,-0.07729715973333473,0.13079267585675922,-0.9914097417023038,False
EVR_04,2025,2025-06-25,28.174,34.9853,22.0284,0.0124,336.72698,23.50685,1325.7528,33.2,-187.98179999999996,12.956900000000001,13.8988,0.32123368194384255,0.1756661354863683,-0.5027758973285671,-0.11883542312411227,0.11371951458594969,-0.9935128947338007,False
EVR_04,2025,2025-06-26,28.5848,35.8756,18.9508,0.0009,337.55533,22.4132,1348.166,33.2,-189.85129999999995,16.924799999999998,14.728100000000001,0.26115173863452457,0.14114330677322334,-0.5406840888196741,-0.15471928479646319,0.0966127018812031,-0.9953220513156602,False
EVR_04,2025,2025-06-27,28.7667,34.8871,22.2137,0.0,331.14115,23.550399999999996,1371.7164,30.599999999999998,-209.06159999999997,12.673399999999997,14.9709,0.2979203260089303,0.1859386897022101,-0.560788368472214,-0.11959290176080356,0.07947729992362097,-0.9968366760893436,False
EVR_04,2025,2025-06-28,25.4832,30.3151,21.8145,17.309,283.762,21.064799999999998,1392.7812,22.700000000000003,-191.13469999999995,8.500600000000002,9.5869,0.29666836783474954,0.16377400611360282,-0.5075430204233565,-0.10637812539401742,0.062318379354325076,-0.998056320853012,False
EVR_04,2025,2025-06-29,23.5329,26.9345,20.09,1.6305,305.71696,18.51225,1411.29345,21.1,-187.42249999999996,6.8445,11.9296,0.29149373148203533,0.15725175521855203,-0.5146551459586322,-0.08712305780105012,0.04514101777397193,-0.9989806246941579,False
EVR_04,2025,2025-06-30,25.5818,30.7511,17.923,0.2108,274.5983,19.337049999999998,1430.6305,21.5,-177.31839999999997,12.828100000000003,10.763700000000002,0.2946951130840012,0.15908500100719913,-0.5524151256829639,-0.06389816599648651,0.02795029824021032,-0.999609314096404,False
EVR_04,2025,2025-07-01,24.8357,30.4429,19.8228,42.7716,274.4213,20.13285,1450.76335,23.8,-124.16479999999996,10.6201,7.726299999999998,0.28982353009002104,0.1610491974171237,-0.5436374667080189,-0.07031244654821062,0.01075130776352193,-0.9999422030204416,False
EVR_04,2025,2025-07-02,23.3542,28.4169,17.9229,3.5386,298.74634,18.1699,1468.93325,26.1,-113.53859999999996,10.494,10.0017,0.26948165965814924,0.1529610899562334,-0.564305021757705,-0.05175202228569331,-0.00645086419810515,-0.9999791929590823,False
EVR_04,2025,2025-07-03,23.8513,30.7578,15.695,0.0382,334.2566,18.226399999999998,1487.15965,28.1,-108.40129999999996,15.0628,11.682599999999999,0.25501835048725235,0.12946332665558963,-0.5727004573579949,-0.006133388147272212,-0.023651127245231586,-0.9997202729664083,False
EVR_04,2025,2025-07-04,24.5339,30.7881,17.1995,0.0051,332.39203,18.9938,1506.15345,25.2,-102.99619999999997,13.5886,10.541699999999999,0.25863044808136393,0.13384241912193898,-0.5647349169836633,-0.039289877927566386,-0.04084439154329611,-0.9991655196610109,False
EVR_04,2025,2025-07-05,25.3529,32.1612,17.27,0.0078,336.77533,19.715600000000002,1525.86905,25.4,-122.99739999999997,14.891200000000001,11.932100000000002,0.20946574882038219,0.1293883777526925,-0.6093924282404605,-0.08720261901436735,-0.05802556932878035,-0.9983150972033183,False
EVR_04,2025,2025-07-06,26.3066,33.6176,19.3001,0.0026,333.53606,21.45885,1547.3279,23.2,-126.72529999999996,14.317500000000003,11.5717,0.2334201056050046,0.12503824386310053,-0.5754006397335155,-0.05807362587703074,-0.07518957641475855,-0.9971692572470178,False
EVR_04,2025,2025-07-07,27.2772,34.8079,19.3214,0.0004,332.8333,22.06465,1569.39255,24.2,-129.63569999999996,15.486499999999996,11.1936,0.21646854316554576,0.10907239471186814,-0.6074425859012803,-0.07822656991845545,-0.09233133369539122,-0.9957283388645872,False
EVR_04,2025,2025-07-08,27.3331,34.4632,19.5806,0.0,332.004,22.021900000000002,1591.41445,23.599999999999998,-172.20729999999995,14.8826,10.886300000000002,0.19826378287182123,0.1197399270252883,-0.6197941410595531,-0.09155974721819982,-0.10944576864891556,-0.993992768446958,False
EVR_04,2025,2025-07-09,28.4336,36.4032,19.764,0.0262,331.33174,23.083599999999997,1614.49805,23.2,-172.81969999999995,16.6392,12.618999999999998,0.1398695530752727,0.055906795811900015,-0.6466341508087062,-0.12961210658287653,-0.12652781683868314,-0.9919630595773397,False
EVR_04,2025,2025-07-10,24.4268,29.6821,19.9057,0.0098,297.90784,19.7939,1634.29195,17.0,-161.74809999999997,9.776399999999999,12.8951,0.2227652328682725,0.12731671065015931,-0.6028795197776906,-0.032253117618979865,-0.1435724234118113,-0.9896398128792412,False
EVR_04,2025,2025-07-11,24.6824,30.1759,19.9496,0.0017,287.51818,20.06275,1654.3547,15.0,-151.55149999999998,10.226299999999998,10.868400000000001,0.1979389544841784,0.10060159052431591,-0.5897800168018204,-0.060691493597185536,-0.16057454459499376,-0.9870237158387383,False
EVR_04,2025,2025-07-12,24.9115,30.9244,19.1894,0.0132,319.7253,20.0569,1674.4116,15.8,-141.94609999999997,11.735,10.0775,0.193947473657021,0.1189918270651905,-0.5714942208276503,-0.015518275163361184,-0.17752914918703497,-0.984115542601034,False
EVR_04,2025,2025-07-13,25.9457,32.5748,18.5128,0.0086,330.26928,20.5438,1694.9554,16.8,-135.54009999999997,14.062000000000005,12.9005,0.19460341202209253,0.10469492396674637,-0.6253754469609516,-0.038816693582912065,-0.19443122004766195,-0.9809161537413774,False
EVR_04,2025,2025-07-14,26.4538,33.2906,18.4572,0.0009,331.62883,20.8739,1715.8292999999999,17.2,-128.53959999999995,14.833399999999997,14.556700000000001,0.20732541070711513,0.11126111890002084,-0.615476196311539,-0.009143132458430625,-0.2112757555821793,-0.9774264960104055,False
EVR_04,2025,2025-07-15,27.2894,33.1195,21.4676,0.0034,325.58858,22.293550000000003,1738.12285,15.8,-120.73619999999997,11.651900000000001,13.339400000000001,0.16707102256433806,0.08939953622494323,-0.6170261627554968,-0.031192760307483164,-0.2280577712215198,-0.9736476020539838,False
EVR_04,2025,2025-07-16,28.2607,34.2928,21.5253,0.0052,322.91565,22.90905,1761.0319,17.5,-115.05719999999997,12.767499999999998,15.7924,0.15907536634765387,0.07637320715700349,-0.6162752724872962,0.01920581327238116,-0.24477230089725957,-0.9695805901076308,False
EVR_04,2025,2025-07-17,28.2452,34.4956,21.0209,0.0185,316.31258,22.758250000000004,1783.79015,17.9,-115.94849999999997,13.474700000000002,12.9589,0.17237840262620216,0.08763981688437843,-0.6292081318670509,-0.05038683024207033,-0.2614143985111562,-0.965226663665613,False
EVR_04,2025,2025-07-18,26.0275,30.8287,22.0835,0.4126,294.0542,21.4561,1805.24625,13.899999999999999,-114.43759999999996,8.7452,9.7821,0.18316039461722103,0.09453679970105938,-0.6322094639076126,-0.014778559866957364,-0.2779791393987801,-0.9605871111248129,False
EVR_04,2025,2025-07-19,26.0808,31.0231,21.4319,5.5167,262.26634,21.2275,1826.4737499999999,13.6,-106.73409999999996,9.5912,10.2596,0.19760724562846704,0.11038913314740936,-0.6193942666978607,0.003659771971446041,-0.2944616217868012,-0.9556633054034704,False
EVR_04,2025,2025-07-20,27.3829,33.5088,19.3886,0.4006,315.54768,21.448700000000002,1847.92245,17.8,-107.34209999999995,14.1202,13.293099999999999,0.16481923036267046,0.09500264912324238,-0.6406043307748507,-0.029784181659422065,-0.3108569682435036,-0.9504567035349151,False
EVR_04,2025,2025-07-21,28.7194,34.0351,21.9263,0.0004,315.65152,22.9807,1870.90315,17.5,-107.64259999999996,12.108799999999999,13.526,0.16768483823511682,0.09944549237903781,-0.6234062522859649,-0.039640572471998314,-0.3271603271220951,-0.9449688462364056,False
EVR_04,2025,2025-07-22,30.5343,37.1279,22.8126,0.0,315.04074,24.97025,1895.8734,17.7,-109.54599999999995,14.315299999999997,13.8381,0.13434294087422566,0.09470112972551414,-0.6709579408307729,-0.032728081690112404,-0.34336687399638804,-0.939201357453208,False
EVR_04,2025,2025-07-23,31.3134,38.7404,25.1099,0.0098,316.62502,26.925150000000002,1922.79855,18.8,-110.84139999999995,13.630500000000001,14.349,0.13246782486675218,0.06507306967846382,-0.654817345142311,-0.026607541480901692,-0.3594718130884232,-0.9331559438780432,False
EVR_04,2025,2025-07-24,28.7413,35.1906,23.6281,0.0129,315.527,24.409350000000003,1947.2079,12.9,-105.84699999999995,11.562500000000004,11.0338,0.12899721808871834,0.08009710031539434,-0.6668500009165896,-0.043381184537483825,-0.3754703786876202,-0.9268343944460494,False
EVR_04,2025,2025-07-25,28.5206,35.3185,22.3186,0.0013,313.73162,23.818550000000002,1971.02645,12.9,-105.25829999999996,12.9999,11.006700000000002,0.10502550691326541,0.05933432990080016,-0.6915607785915203,-0.07813488770395562,-0.3913578365610259,-0.9202385798054075,False
EVR_04,2025,2025-07-26,28.5467,34.936,22.4518,0.0,316.641,23.6939,1994.72035,12.4,-109.57499999999996,12.484200000000001,13.121200000000002,0.1773164663582732,0.10523287154278857,-0.6683983079205936,-0.02029077927019385,-0.4071294853542516,-0.9133704517637858,False
EVR_04,2025,2025-07-27,28.7665,35.6946,22.9581,0.0,317.4831,24.32635,2019.0467,12.6,-104.77559999999997,12.7365,11.077000000000002,0.09807623281060836,0.0487525876147879,-0.677751374691918,-0.0667429975520621,-0.4227806579826773,-0.9062320427107697,False
EVR_04,2025,2025-07-28,28.8137,35.1498,20.9096,0.0,308.7963,23.0297,2042.0764,12.9,-100.17599999999996,14.240199999999998,9.384,0.105572236662712,0.06061200193797602,-0.6774606346938552,-0.06211260157240482,-0.4383067230125192,-0.898825465016444,False
EVR_04,2025,2025-07-29,29.1809,35.5092,23.011,0.0,308.54173,24.2601,2066.3365,12.8,-95.27599999999995,12.4982,10.578,0.12678447340971238,0.07178277165135043,-0.6712747616995973,-0.007558467464513274,-0.45370308603134424,-0.8911529104063088,False
EVR_04,2025,2025-07-30,26.8308,30.7529,23.5522,5.7745,225.96024,22.152549999999998,2088.48905,10.0,-80.71129999999997,7.200700000000001,7.416,0.13617208751248405,0.09052702541083814,-0.6652083424595505,0.0037042626457318706,-0.46896519100763184,-0.8832166493127127,False
EVR_04,2025,2025-07-31,25.9316,30.659,21.979,4.0875,258.29302,21.319,2109.80805,8.8,-72.53669999999995,8.68,7.846299999999999,0.13141351543441734,0.06821833398154602,-0.6470971053357268,0.002416297345699009,-0.48408852163897587,-0.8750190302029955,False
EVR_04,2025,2025-08-01,25.2756,29.9629,21.0234,5.5981,250.6764,20.49315,2130.3012,9.5,-63.53989999999996,8.939500000000002,9.1109,0.1564264617223779,0.0809068479322603,-0.6543127482901986,0.051400954809112484,-0.4990686026885319,-0.8665624788845385,False
EVR_04,2025,2025-08-02,25.5442,29.6299,22.0077,3.2209,209.64653,20.8188,2151.12,7.5,-55.418999999999954,7.622199999999999,8.661999999999999,0.17469356346147666,0.08298458471052583,-0.6192795373936936,-0.002622902896796536,-0.5139010013093103,-0.8578494977869301,False
EVR_04,2025,2025-08-03,26.0796,31.589,20.739,0.9651,272.2287,21.164,2172.284,9.4,-51.25389999999996,10.849999999999998,8.933799999999998,0.12856841390975904,0.07666651473556309,-0.6906580116626018,0.03049218109915068,-0.5285813283559292,-0.8488826652214553,False
EVR_04,2025,2025-08-04,26.3052,32.2194,20.4315,0.1607,283.9079,21.32545,2193.60945,9.700000000000001,-47.89319999999996,11.7879,9.113199999999999,0.15279236555508716,0.06717025249547402,-0.6053008075532129,0.04722012889237516,-0.5431052396834317,-0.8396646346181327,False
EVR_04,2025,2025-08-05,26.4857,32.0905,21.2881,0.0298,297.5253,21.6893,2215.29875,8.8,-43.86339999999996,10.802399999999999,9.242700000000003,0.13325246676075067,0.08250600733703137,-0.6707470769669852,0.006467993351038287,-0.5574684374327892,-0.8301981337405212,False
EVR_04,2025,2025-08-06,26.5033,31.1383,22.5374,5.598,219.58712,21.837850000000003,2237.1366,7.6,-41.639899999999955,8.6009,8.174299999999999,0.13621740134645793,0.07311740923641494,-0.6924282213141981,4.5313833973881223e-05,-0.5716666713027052,-0.8204859638785327,False
EVR_04,2025,2025-08-07,26.3523,31.6251,22.0003,2.9842,268.862,21.8127,2258.9493,12.200000000000001,-46.143199999999965,9.6248,8.698799999999999,0.17276867009774272,0.11001232033039389,-0.6403050819655112,0.04135515466332537,-0.5856957398073508,-0.8105309990194823,False
EVR_04,2025,2025-08-08,25.9007,29.9538,21.8681,1.1084,247.08939,20.91095,2279.86025,7.6,-48.732899999999965,8.085700000000003,8.168800000000001,0.10958186665224104,0.04938296363839798,-0.6714373273975592,-0.04684459507013686,-0.5995514915196489,-0.8003361849976323,False
EVR_04,2025,2025-08-09,25.4066,31.5157,20.1055,0.0844,295.33216,20.8106,2300.67085,8.8,-53.16939999999997,11.4102,9.6813,0.12804112866662742,0.07831747524305892,-0.6830315514674256,-0.046652434794849235,-0.6132298262997502,-0.7899045386224707,False
EVR_04,2025,2025-08-10,26.6657,32.7224,21.2572,0.0116,304.7646,21.989800000000002,2322.66065,9.299999999999999,-54.022899999999964,11.4652,11.984200000000001,0.1318967634192231,0.06960365968960845,-0.7,0.0033283495094640625,-0.6267266965083301,-0.7792391467859886,False
EVR_04,2025,2025-08-11,26.9107,33.7353,21.3336,0.0009,303.27456,22.53445,2345.1951,9.299999999999999,-53.78269999999996,12.401700000000002,11.576399999999998,0.136867355045774,0.06597477357560722,-0.652876077372391,-0.015925010509313164,-0.6400381082043503,-0.7683431655492202,False
EVR_04,2025,2025-08-12,25.8397,31.5917,21.4585,0.0077,297.04182,21.525100000000002,2366.7202,7.7,-52.704799999999956,10.133199999999999,10.2132,0.16543322246117576,0.09471698971044414,-0.6268967026324499,0.032180755700425084,-0.65316012232693,-0.7572198192083127,False
EVR_04,2025,2025-08-13,24.7215,29.5024,20.7512,0.0013,276.90256,20.126800000000003,2386.847,6.3,-57.001499999999965,8.7512,9.0941,0.1672157240086564,0.09709149586237052,-0.6297248395886877,0.030998322662198458,-0.666088855860977,-0.7458723993404063,False
EVR_04,2025,2025-08-14,24.9713,29.8656,21.0515,0.0047,281.82765,20.458550000000002,2407.30555,6.0,-53.78099999999996,8.8141,9.5025,0.14389180428477888,0.09314936837070928,-0.6674844488140006,-0.028876865812963837,-0.6788204829862355,-0.734304263829602,False
EVR_04,2025,2025-08-15,25.507,30.2351,22.0327,0.0283,273.57574,21.133899999999997,2428.43945,6.1000000000000005,-53.36109999999996,8.2024,10.962900000000001,0.153115940469572,0.09152564780748512,-0.6532723472934795,0.04353407381733096,-0.6913512362094071,-0.722518835873311,False
EVR_04,2025,2025-08-16,24.7396,29.4896,20.8217,0.0159,279.78144,20.15565,2448.5951,5.8,-50.42959999999995,8.6679,10.521799999999999,0.12024126655770637,0.060504982722913124,-0.6522975606855852,-0.007799862108921057,-0.7036774074790128,-0.7105196029692745,False
EVR_04,2025,2025-08-17,24.5669,30.0132,19.6352,0.0156,271.85306,19.8242,2468.4193,6.2,-47.32559999999996,10.378,10.0725,0.1456739007875792,0.08208658898962476,-0.6590182753151936,0.01377713736835609,-0.7157953492826642,-0.6983101158835584,False
EVR_04,2025,2025-08-18,25.3754,32.0289,18.5296,0.0012,289.11107,20.279249999999998,2488.69855,8.1,-46.12529999999995,13.499300000000002,9.841299999999999,0.09782632093422274,0.06046229425151501,-0.6950544645560381,-0.03904103411155126,-0.7277014757264236,-0.6858939875998223,False
EVR_04,2025,2025-08-19,23.9531,29.11,20.4333,56.4627,244.39683,19.77165,2508.4702,11.2,6.829700000000038,8.6767,6.3706,0.10736333268736134,0.06433844417676637,-0.6894411873491312,-0.058069889773814415,-0.7393922635959241,-0.673274892250183,False
EVR_04,2025,2025-08-20,23.7382,28.0287,19.3238,7.3351,241.15302,18.67625,2527.14645,16.0,4.463500000000039,8.704900000000002,8.050099999999999,0.1143624996629414,0.06437998403720335,-0.6700341890243057,-0.05285322434571499,-0.7508642533989489,-0.6604565640279754,False
EVR_04,2025,2025-08-21,25.1386,31.1868,18.7604,0.2316,287.6636,19.9736,2547.12005,17.9,-7.209599999999959,12.426400000000001,10.5629,0.13013289468207284,0.06417487158549116,-0.6841028537608016,-0.013758909602706038,-0.7621140503891487,-0.6474427960827475,False
EVR_04,2025,2025-08-22,27.1431,34.6826,19.2768,0.0026,286.25053,21.9797,2569.09975,15.9,-17.035299999999957,15.4058,11.8117,0.14985065403373038,0.08601827460305549,-0.6569567493651172,-0.003265286435841619,-0.7731383255706026,-0.6342374393978054,False
EVR_04,2025,2025-08-23,25.8563,30.9372,21.8442,0.0555,269.3443,21.390700000000002,2590.4904500000002,12.5,-23.69569999999996,9.093,10.674900000000001,0.13654625029200354,0.06684725640248636,-0.6845550794027033,0.016304983734297174,-0.7839338166829201,-0.620844401650647,False
EVR_04,2025,2025-08-24,24.7818,29.7079,20.5817,0.432,277.36672,20.1448,2610.63525,10.6,-27.67929999999996,9.126199999999997,13.163300000000001,0.1371171400201066,0.06373309026388968,-0.6987762734053151,-0.008556760767472582,-0.7944973291665992,-0.6072676460566135,False
EVR_04,2025,2025-08-25,23.2517,28.2459,19.2577,2.0175,249.70349,18.7518,2629.38705,8.200000000000001,-25.76299999999996,8.988199999999999,9.8797,0.12265059014404232,0.054084040832284644,-0.6755807675620059,0.02482426920981959,-0.8048257371083452,-0.593511190196115,False
EVR_04,2025,2025-08-26,22.7432,27.9753,17.9826,0.173,245.55,17.97895,2647.366,7.0,-77.85269999999996,9.9927,10.223100000000002,0.1354812186157566,0.07263408632736493,-0.6585116613280741,0.02811788592839526,-0.8149159841660791,-0.5795791048257612,False
EVR_04,2025,2025-08-27,22.734,28.3564,18.2287,0.0009,265.78266,18.29255,2665.65855,6.2,-75.38689999999995,10.1277,9.615800000000002,0.118154672137434,0.06707845550051564,-0.66116748331724,0.0037921724744925944,-0.8247650844733614,-0.5654755126737576,False
EVR_04,2025,2025-08-28,23.036,28.4865,18.4584,0.0026,272.34557,18.472450000000002,2684.131,6.0,-63.71589999999996,10.028099999999998,9.584600000000002,0.09208354286111398,0.06480912977338027,-0.6668992875979705,-0.038049351820958865,-0.8343701235229538,-0.5512045872199277,False
EVR_04,2025,2025-08-29,24.1718,30.3896,18.1794,0.0716,254.03773,19.2845,2703.4155,6.1000000000000005,-53.84689999999996,12.2102,8.3321,0.146397071516495,0.07073271766462455,-0.6370771579251368,-0.0034535825172353762,-0.8437282590292712,-0.5367705514607103,False
EVR_04,2025,2025-08-30,25.0601,31.0695,18.7046,0.0598,262.94678,19.887050000000002,2723.30255,7.2,-48.542599999999965,12.364900000000002,7.942,0.12251351797286077,0.07699747655143459,-0.6607436677954514,-0.014032732319142774,-0.8528367217694595,-0.522177676659508,False
EVR_04,2025,2025-08-31,26.2848,31.8877,21.3151,0.0328,243.25067,21.601399999999998,2744.90395,6.4,-44.74179999999996,10.572599999999998,9.877600000000001,0.10602817348970675,0.04840480117115175,-0.6967888218729232,-0.03108896653039986,-0.8616928164028522,-0.5074302810827518,False
EVR_04,2025,2025-09-01,25.0447,30.2512,18.6639,0.0087,245.23658,19.45755,2764.3615,6.6,-45.150599999999955,11.587299999999999,10.301599999999999,0.113616718565767,0.05436220638240563,-0.6637689587959359,-0.00903387157827533,-0.8702939222685674,-0.49253272872205434,False
EVR_04,2025,2025-09-02,26.0197,31.8987,19.2277,0.0141,228.71707,20.563200000000002,2784.9247,5.8,-44.10949999999996,12.671000000000003,10.4108,0.1376070118285295,0.0654330518391158,-0.6828406908108949,0.0021257932127728973,-0.8786374941610001,-0.4774894280028391,False
EVR_04,2025,2025-09-03,25.7827,32.2416,19.6256,0.003,257.56248,20.9336,2805.8583,5.8999999999999995,-43.80739999999996,12.616,9.483799999999999,0.14291243599927883,0.07956150677300702,-0.6461142253116087,0.024757763861844834,-0.886721063082993,-0.46230483047981086,False
EVR_04,2025,2025-09-04,24.9758,30.1242,20.9368,0.4868,231.15451,20.5305,2826.3888,4.5,-41.82319999999996,9.187399999999997,7.528299999999998,0.12046513518585918,0.07489156787640888,-0.6898327122690615,0.0283815923247452,-0.8945422369764496,-0.4469834295196741,False
EVR_04,2025,2025-09-05,24.5821,29.3517,21.1925,0.0279,235.19861,20.272100000000002,2846.6609,4.1000000000000005,-39.86689999999996,8.159200000000002,8.456400000000002,0.13882335507726593,0.09451341691465523,-0.6474783073947776,-0.007573716439229078,-0.9020987014301837,-0.43152975897147144,False
EVR_04,2025,2025-09-06,21.4908,24.7024,19.2026,52.0114,101.04717,16.9525,2863.6134,9.700000000000001,9.584700000000034,5.4998000000000005,4.2402000000000015,0.10466609151581535,0.0628590280135787,-0.7,-0.017847426457045415,-0.9093882203647925,-0.4159483918249421,False
EVR_04,2025,2025-09-07,21.5179,25.1739,18.0779,10.422,128.95319,16.6259,2880.2393,10.0,16.373900000000038,7.096,6.1137000000000015,0.09192403965609618,0.039136631039016975,-0.6967372770233204,-0.014104133833610574,-0.9164086366943458,-0.4002439388573056,False
EVR_04,2025,2025-09-08,21.9734,27.0602,18.0696,4.7949,193.0582,17.5649,2897.8042,11.6,16.16010000000004,8.990599999999997,7.0710000000000015,0.1091226165903166,0.06427983343058856,-0.6868397196027612,-0.0044941019754503875,-0.9231578729647039,-0.38442104726885545,False
EVR_04,2025,2025-09-09,22.6365,28.5161,16.878,0.9664,233.7798,17.69705,2915.50125,11.5,11.412400000000037,11.638100000000001,6.832700000000001,0.11941237896202461,0.06598990466261516,-0.667807581914763,-0.018194632866504884,-0.9296339319682695,-0.3684843993077793,False
EVR_04,2025,2025-09-10,23.8187,29.7926,18.0169,0.4745,237.20155,18.90475,2934.406,11.299999999999999,6.4839000000000375,11.7757,8.6351,0.11171202213598497,0.06937298098116246,-0.7,-0.031200413863293863,-0.9358348973349941,-0.35243871088460327,False
EVR_04,2025,2025-09-11,24.0061,29.0543,19.4271,0.0228,236.63886,19.2407,2953.6467000000002,8.8,1.7199000000000382,9.627200000000002,6.8903,0.1333829198168721,0.06953395605272378,-0.6892988004508076,0.01291778463101291,-0.9417589340994617,-0.33628873017668287,False
EVR_04,2025,2025-09-12,23.9313,29.4896,19.8212,5.8561,222.30517,19.6554,2973.3021,8.9,2.748100000000038,9.668399999999998,5.858799999999999,0.15717761616558507,0.08947202241451638,-0.6582548805505775,0.01835426108831914,-0.9474042892438845,-0.32003923622313857,False
EVR_04,2025,2025-09-13,23.0298,27.6012,19.8629,0.7312,205.21134,18.73205,2992.03415,6.7,-45.532099999999964,7.738299999999999,7.447900000000002,0.11419713265278757,0.07788379670520319,-0.6765668544421487,0.009531041136972215,-0.9527692922168511,-0.30369503751065885,False
EVR_04,2025,2025-09-14,21.0506,25.6187,17.5529,0.0165,227.42134,16.5858,3008.6199500000002,6.0,-51.93759999999997,8.0658,8.4931,0.14672935558939948,0.0797654020623709,-0.652652730269416,0.0548053159333033,-0.9578523554276669,-0.28726097055059635,False
EVR_04,2025,2025-09-15,20.8952,26.6839,15.6868,0.0501,223.30341,16.18535,3024.8053,5.7,-50.78239999999997,10.997100000000001,8.7595,0.1248831400693807,0.07375735045579138,-0.698745383116321,0.015760523479064092,-0.9626519747161487,-0.2707418984477642,False
EVR_04,2025,2025-09-16,21.8905,28.2753,15.1375,0.0037,230.25598,16.706400000000002,3041.5117,6.1000000000000005,-46.34509999999997,13.137800000000002,7.5723,0.12666099892377033,0.06610404147362946,-0.6246423727472399,0.0072486199617457225,-0.9671667297977312,-0.2541427094613622,False
EVR_04,2025,2025-09-17,21.5921,28.5314,16.0178,11.2742,200.58728,17.2746,3058.7863,6.1000000000000005,-30.345399999999966,12.5136,7.495099999999999,0.13691496883309562,0.07752706746447892,-0.6707818207154363,0.02520294669711065,-0.97139528468375,-0.23746831555846842,False
EVR_04,2025,2025-09-18,19.3816,24.1234,15.2488,2.7843,208.62133,14.6861,3073.4724,9.9,-28.683899999999966,8.874600000000001,11.4287,0.1630246870247064,0.09552927839080548,-0.6495016627565459,0.02964176720783432,-0.9753363880767837,-0.2207236509605022,False
EVR_04,2025,2025-09-19,18.8365,24.5153,13.0515,0.0072,234.99402,13.7834,3087.2558,8.4,-34.032799999999966,11.463799999999999,11.0104,0.14210836812957348,0.0803912194127799,-0.6273820372749986,-0.01506924803601159,-0.9789888737409319,-0.20391367068311472,False
EVR_04,2025,2025-09-20,19.7816,25.6631,13.4468,0.183,197.02509,14.554949999999998,3101.81075,6.5,-34.380999999999965,12.2163,7.907100000000002,0.1595827340135726,0.09143991970431177,-0.6216089493675498,0.045385601360785024,-0.9823516608469237,-0.18704334906991657,False
EVR_04,2025,2025-09-21,20.6419,25.9396,16.4511,0.0207,215.56466,16.195349999999998,3118.0061,6.3,-34.676799999999965,9.488499999999998,7.3529,0.16101983973660455,0.0660041884424076,-0.6167669392190218,0.014290484147205074,-0.9854237542919524,-0.17011767832049052,False
EVR_04,2025,2025-09-22,20.7902,26.8633,16.292,0.0253,224.22875,16.57765,3134.5837500000002,5.8999999999999995,-34.901599999999966,10.571299999999997,7.107599999999998,0.1500043475249832,0.08583918451520302,-0.6417908868143171,0.025121207455602507,-0.9882042449941422,-0.15314166701312007,False
EVR_04,2025,2025-09-23,20.392,27.0598,13.6628,0.0017,224.21586,15.3613,3149.94505,6.2,-35.00359999999997,13.396999999999998,6.620899999999999,0.1681995013231387,0.09435979230119863,-0.6498353766617473,0.04153850239936838,-0.9906923101615609,-0.13612033862266704,False
EVR_04,2025,2025-09-24,20.3754,26.7539,14.0388,0.0,222.4388,15.396350000000002,3165.3414000000002,5.6,-45.777799999999964,12.715100000000001,6.256399999999999,0.11026703678919272,0.0655071381710498,-0.7,-0.026647932043902894,-0.9928872135356962,-0.11905873003404988,False
EVR_04,2025,2025-09-25,19.8853,25.5656,15.3723,0.0703,173.117,15.46895,3180.81035,3.7,-42.29179999999996,10.1933,6.118500000000001,0.15237239763982163,0.08533784025996408,-0.6192077291853528,-0.010652289384884772,-0.994788305609327,-0.10196189005174576,False
EVR_04,2025,2025-09-26,18.397,21.3184,15.7556,7.5353,113.037736,13.536999999999999,3194.34735,5.7,-32.06369999999996,5.562800000000001,5.565499999999998,0.1254803102967495,0.0664474483514565,-0.6732426134756461,-0.016628057832823978,-0.9963950238187231,-0.08483487790576538,False
EVR_04,2025,2025-09-27,16.938,20.2187,14.6571,0.539,139.235,12.437899999999999,3206.78525,3.2,-28.407699999999963,5.5615999999999985,8.929499999999999,0.133281771051453,0.07282682362192465,-0.6728738299326641,-0.02630096296211959,-0.9977068927101168,-0.06768276175455162,False
EVR_04,2025,2025-09-28,17.3474,20.7047,14.2847,0.0759,120.22009,12.494700000000002,3219.27995,2.7,-24.752499999999966,6.419999999999998,9.1705,0.14411983327138525,0.08018832028092909,-0.6698282532758792,-0.016900006465219303,-0.9987235240803972,-0.050510617185222886,False
EVR_04,2025,2025-09-29,16.3045,19.8139,12.5852,48.9177,86.67181,11.199550000000002,3230.4795,10.9,19.13990000000004,7.2287,4.971100000000002,0.1344458356034022,0.0691631869741631,-0.6434801632769702,-0.015558511921581003,-0.9994446170919858,-0.033323525711631344,False
EVR_04,2025,2025-09-30,16.6618,21.619,10.6346,2.7144,183.15634,11.1268,3241.6063,7.3,20.75260000000004,10.984399999999999,7.6563,0.13560841396221837,0.06811395101614187,-0.6325387202043604,-0.03259108736092034,-0.9998699583618592,-0.016126573270657762,False
EVR_04,2025,2025-10-01,16.6974,21.7248,11.8124,0.7482,185.537,11.7686,3253.3749,7.1000000000000005,20.00080000000004,9.912399999999998,7.279199999999998,0.13830682963736615,0.08334401811005714,-0.6797468649647158,0.028039792848173428,-0.9999994220246925,0.001075151282798226,False
EVR_04,2025,2025-10-02,17.5701,20.6587,14.0783,7.1328,104.05534,12.368500000000001,3265.7434,4.5,26.26330000000004,6.580399999999999,5.7392,0.1305189747726106,0.09308081340966942,-0.6689042819429665,-0.021853422867211036,-0.999832969770105,0.018276557681691223,False
EVR_04,2025,2025-10-03,16.5637,19.278,12.2657,248.3877,87.63327,10.77185,3276.51525,26.0,246.81570000000005,7.012299999999998,1.9109000000000016,0.15392592622011764,0.0883202397684164,-0.6745755726500704,0.02844561592336814,-0.9993706508539969,0.03547255575312556,False
EVR_04,2025,2025-10-04,14.3599,18.1593,10.9976,48.8126,148.16198,9.57845,3286.0937,17.9,280.38930000000005,7.1617000000000015,4.1584,0.15182509480423098,0.07814888077452785,-0.6621983243883273,0.01854332375277798,-0.9986126020839734,0.052658056924614005,False
EVR_04,2025,2025-10-05,16.3204,20.558,12.4129,3.1152,148.7657,11.48545,3297.57915,13.4,272.72860000000003,8.1451,5.3735,0.11252965935321446,0.06874015750722023,-0.6823374466270268,-0.03159017391817079,-0.9975590477788613,0.06982797572987089,False
EVR_04,2025,2025-10-06,17.6263,22.3304,12.3967,15.9902,141.78275,12.36355,3309.9427,12.5,238.20110000000005,9.933700000000002,4.760200000000001,0.17618516755621644,0.099887264776447,-0.609506929095831,0.041739331952814235,-0.9962102997023297,0.0869772313136861,False
EVR_04,2025,2025-10-07,12.8845,15.3302,11.0733,390.2622,44.621148,8.20175,3318.1444500000002,19.3,613.7489,4.2569,1.1357999999999997,0.18416618364305382,0.10955266590691948,-0.6147312015252404,0.048557769680835444,-0.9945667569706337,0.1041007489354256,False
EVR_04,2025,2025-10-08,12.8091,14.8811,11.0139,23.3533,75.92053,7.9475,3326.09195,11.799999999999999,631.6540000000001,3.8672000000000004,4.611700000000001,0.13222625296748447,0.06295302777732657,-0.6509186668451136,-0.006080576669881682,-0.9926289059345095,0.121193461470736,False
EVR_04,2025,2025-10-09,14.7115,18.8371,11.9669,37.7328,107.619976,10.402000000000001,3336.49395,21.9,644.854,6.870199999999999,4.5489999999999995,0.192358093001067,0.12268280488467137,-0.6476983893578678,0.06183911822845639,-0.9903973200352558,0.1382503109109819,False
EVR_04,2025,2025-10-10,15.1421,20.0737,10.7314,2.0631,172.12654,10.40255,3346.8965,20.0,404.52940000000007,9.342299999999998,4.83,0.21027207038615783,0.09714287009896358,-0.6139817323093241,0.056346144166040196,-0.9878726596350429,0.15526624985999563,False
EVR_04,2025,2025-10-11,12.688,16.9966,9.0603,8.9093,77.1992,8.02845,3354.92495,10.3,372.22610000000003,7.936300000000001,3.452400000000001,0.21818509997507896,0.10816765203620578,-0.6045575181789988,0.06636000517084797,-0.9850556718215013,0.172236243027682,False
EVR_04,2025,2025-10-12,13.7857,18.4881,7.5244,2.0437,145.01827,8.00625,3362.9312,14.5,370.05460000000005,10.9637,4.7265999999999995,0.19578159978829066,0.12282354810232829,-0.6227435516930424,0.0832519404350762,-0.981947190186646,0.18915526872004093,False
EVR_04,2025,2025-10-13,15.6734,19.8593,11.5534,1.5954,144.59795,10.70635,3373.63755,15.0,353.1598000000001,8.305900000000001,4.939,0.20058523734528413,0.10709502191760753,-0.6322596930050183,0.024400069789067697,-0.9785481345802031,0.20601832032517084,False
EVR_04,2025,2025-10-14,14.8245,19.6297,9.9452,0.6839,150.8156,9.78745,3383.425,15.9,-33.018499999999946,9.6845,4.9976,0.22857272911480508,0.12653493451648296,-0.5799813630164475,0.04440654547175127,-0.9748595108374125,0.22282040779479959,False
EVR_04,2025,2025-10-15,14.5042,17.8683,11.7763,0.411,100.94482,9.822300000000002,3393.2473,10.6,-54.760799999999946,6.0920000000000005,4.142900000000001,0.2166739563641941,0.11863656740957934,-0.6214884731073063,0.08444770339670962,-0.9708824104813836,0.23955655912092708,False
EVR_04,2025,2025-10-16,14.3875,17.885,11.427,8.329,130.36859,9.656,3402.9033,14.3,-76.56459999999996,6.458000000000002,4.138399999999999,0.22445440226380337,0.1261316946234984,-0.571636589272777,0.03209630926273638,-0.9666180104000972,0.2562218218071163,False
EVR_04,2025,2025-10-17,15.5224,18.7224,12.5601,9.2448,95.78506,10.64125,3413.54455,11.5,-60.88289999999995,6.1623,4.1731,0.2538817321838997,0.13143882626487308,-0.5898743693292349,0.04360966179774187,-0.9620675724981452,0.27281126433401914,False
EVR_04,2025,2025-10-18,16.4466,20.0726,13.5549,32.0811,106.76956,11.813749999999999,3425.3583,13.4,-40.81109999999994,6.517700000000001,3.2464999999999993,0.2499716891680086,0.13344161392538026,-0.5444694076145901,0.03178658919292965,-0.957232443323312,0.28931997761869527,False
EVR_04,2025,2025-10-19,14.4375,17.5377,10.214,46.3139,100.34699,8.87585,3434.23415,16.2,1.7591000000000534,7.3237000000000005,5.371499999999999,0.2500117936899887,0.12437048648742725,-0.575041629938174,0.05423019390169806,-0.9521140536681102,0.3057430764672831,False
EVR_04,2025,2025-10-20,12.8393,17.4615,8.4145,2.2488,158.84034,7.938000000000001,3442.17215,14.4,3.0125000000000544,9.047,4.129199999999999,0.24478214589839528,0.1414824619194035,-0.5659442077559046,0.04419690855311115,-0.9467139181463862,0.3220757010206104,False
EVR_04,2025,2025-10-21,13.3679,18.0623,8.2137,0.0017,158.89622,8.138,3450.3101500000002,14.1,4.130300000000057,9.848600000000001,4.722900000000001,0.24723974171660149,0.13327538953226753,-0.5637563416894394,0.0186670126017964,-0.9410336347451197,0.3383130181923076,False
EVR_04,2025,2025-10-22,16.27,20.9569,12.5794,0.0086,149.96362,11.768149999999999,3462.0783,13.700000000000001,0.6279000000000536,8.377500000000001,3.878499999999999,0.222169862789336,0.15854372090502408,-0.5906507205096357,0.0054959064251419165,-0.9350748843515574,0.3544502230989869,False
EVR_04,2025,2025-10-23,16.9553,21.4881,13.5383,93.0695,126.82094,12.513199999999998,3474.5915,13.5,86.16840000000006,7.9498,1.883700000000001,0.21890995907589061,0.1357966585559389,-0.6127124525544204,-0.005544443187912751,-0.9288394302558068,0.3704825404820963,False
EVR_04,2025,2025-10-24,19.1581,23.1896,16.157,21.8643,130.09068,14.673299999999998,3489.2648,17.0,93.28790000000006,7.032599999999999,3.0888000000000027,0.21934270836799832,0.10745757452365952,-0.6100973184442493,-0.034539023815901376,-0.9223291176290545,0.3864052261209853,False
EVR_04,2025,2025-10-25,16.0687,19.2172,11.8062,27.1706,118.802216,10.5117,3499.7765,17.1,84.67740000000006,7.410999999999998,3.9679,0.20760295871843612,0.10047749568075973,-0.6213089286316178,-0.042368730449572484,-0.9155458729775467,0.40221356823680365,False
EVR_04,2025,2025-10-26,16.3777,20.9538,11.0346,2.1158,105.96967,10.9942,3510.7707,12.1,44.57930000000006,9.919200000000002,3.643700000000001,0.21559543487633484,0.11829900855446208,-0.622244537512386,-0.034416358813653875,-0.9084917035725082,0.41790288888678667,False
EVR_04,2025,2025-10-27,17.6439,24.334,11.9083,215.9416,122.73916,13.12115,3523.89185,17.3,255.37210000000005,12.425699999999999,3.7369999999999983,0.22071024217949023,0.11687037884896495,-0.5825360069681429,-0.024071903718905052,-0.9011686968561569,0.4334685453485363,False
EVR_04,2025,2025-10-28,13.5656,17.7531,10.6986,24.2085,114.17131,9.225850000000001,3533.1177000000002,14.7,278.97890000000007,7.054499999999999,2.9604999999999997,0.19501084224884532,0.09884698279084247,-0.6298558526173886,-0.05222889946775616,-0.8935790198239952,0.4489059314938798,False
EVR_04,2025,2025-10-29,12.9958,17.5085,9.4786,0.1044,152.84517,8.49355,3541.61125,16.299999999999997,276.47470000000004,8.029900000000001,4.529,0.23588148313923027,0.1469838125033397,-0.616055948042167,0.01371162034989426,-0.8857249183835637,0.4642104791518923,False
EVR_04,2025,2025-10-30,12.9341,18.7943,8.2635,0.3022,149.44669,8.5289,3550.14015,14.6,182.60740000000004,10.5308,3.268700000000001,0.25379372543609535,0.16093911747686582,-0.5694965308045052,0.03488376636020474,-0.8776087166898392,0.4793776594606945,False
EVR_04,2025,2025-10-31,13.5822,18.8531,8.5389,0.0423,117.98784,8.696000000000002,3558.83615,10.4,167.38540000000003,10.314200000000001,2.3765,0.20516477932330085,0.11557511146900477,-0.6341797026789305,-0.014177929044697474,-0.8692328164574792,0.49440298420761813,False
EVR_04,2025,2025-11-01,13.5628,19.0849,10.47,0.9323,114.90518,9.777450000000002,3568.6136,11.5,146.74710000000005,8.6149,2.1121,0.22395690494486906,0.1365906908295173,-0.5992641976805327,0.016353946226432936,-0.8605996962501181,0.5092820071573356,False
EVR_04,2025,2025-11-02,14.33,20.075,10.3736,0.1122,131.80755,10.2243,3578.8379,13.299999999999999,143.54350000000005,9.7014,3.2253000000000007,0.2394941308082462,0.1303656807453456,-0.5611499510837544,0.02389869593191135,-0.8517119107469189,0.5240103253675756,False
EVR_04,2025,2025-11-03,13.8827,19.0345,10.2583,0.0096,126.01862,9.6464,3588.4843,11.6,-66.68849999999993,8.776200000000001,2.3188999999999993,0.27658078034613093,0.15944730091102563,-0.5611905443159476,0.0558705381666407,-0.8425720899866032,0.5385835804920232,False
EVR_04,2025,2025-11-04,14.4991,18.5565,11.2998,40.2814,96.94023,9.928149999999999,3598.41245,12.4,-48.31559999999994,7.2567,1.8261000000000003,0.2555190342580304,0.15529186644057574,-0.5588779533569971,0.060508192009185086,-0.8331829385891785,0.5529974600700271,False
EVR_04,2025,2025-11-05,12.737,14.1947,12.0498,76.8677,37.282056,8.12225,3606.5347,12.3,32.447700000000054,2.1449,2.0944000000000003,0.2536957735776424,0.14146831527252468,-0.5764575351587969,0.017814290438412123,-0.8235472349556007,0.5672476988027229,False
EVR_04,2025,2025-11-06,13.3322,14.6693,11.932,100.391,28.6156,8.300650000000001,3614.83535,14.1,133.03650000000007,2.7372999999999994,1.319700000000001,0.2585627250355741,0.1310139527551496,-0.5509326704222001,0.00476899959947874,-0.8136678304455991,0.5813300798152042,False
EVR_04,2025,2025-11-07,14.9241,17.8252,12.913,43.6685,68.6955,10.3691,3625.20445,12.6,174.46270000000004,4.912199999999999,1.580499999999999,0.2587862041060879,0.13822692034216386,-0.5766096211190215,0.05362142478278703,-0.8035476485339116,0.5952404359043674,False
EVR_04,2025,2025-11-08,15.2767,18.8571,13.3508,2.912,91.28634,11.103949999999998,3636.3084,9.799999999999999,178.14240000000007,5.5062999999999995,1.2973,0.23013135622240702,0.12498376417604042,-0.6263114703553857,0.006174451277537962,-0.7931896839451843,0.6089746507720486,False
EVR_04,2025,2025-11-09,16.1591,20.4908,13.1627,37.2551,81.54622,11.82675,3648.13515,10.1,218.48530000000005,7.328100000000001,1.5289999999999981,0.24029832344898325,0.1361323261468884,-0.5554334360571863,0.0008041926407370559,-0.7825970017677834,0.6225286602431057,False
EVR_04,2025,2025-11-10,15.5405,20.1721,12.0636,5.623,79.30907,11.11785,3659.253,8.8,226.89870000000005,8.108500000000001,2.1799,0.24356738097234057,0.14865734265719135,-0.5806156511729907,-0.03301339937379036,-0.7717727365467836,0.6358984534680745,False
EVR_04,2025,2025-11-11,14.2658,16.6068,11.7053,197.1219,49.410696,9.15605,3668.40905,10.200000000000001,385.9392000000001,4.9015,1.4294000000000011,0.24698966846617945,0.12804595528252302,-0.583639529128266,-0.008529365791850957,-0.7607200913564104,0.6490800741100398,False
EVR_04,2025,2025-11-12,12.3356,15.6699,9.945,13.5617,87.81057,7.807449999999999,3676.2165,11.9,323.0332000000001,5.7249,3.3247999999999998,0.23613181349450849,0.13131660249144048,-0.5774330189084875,-0.017563960083133906,-0.7494423368521954,0.6620696215153815,False
EVR_04,2025,2025-11-13,11.1484,15.4165,7.2953,0.0381,115.737544,6.3559,3682.5724,10.9,225.8803000000001,8.121199999999998,2.905100000000001,0.24122717123248225,0.1368937857360741,-0.5718477694105162,-0.017335553803091847,-0.7379428103031386,0.6748632518680403,False
EVR_04,2025,2025-11-14,10.8278,14.8486,7.0135,0.2821,98.09932,5.931049999999999,3688.50345,8.9,186.19390000000004,7.8351,2.1115999999999993,0.25751628168256724,0.11619503628796826,-0.5671017134015539,-0.0012699224235206419,-0.7262249146041543,0.6874571793269664,False
EVR_04,2025,2025-11-15,10.8821,15.4945,7.3116,0.2164,94.65605,6.40305,3694.9065,8.4,184.89830000000006,8.1829,2.099,0.26986862180560744,0.1554914200920622,-0.5464503782723487,0.039737265583200426,-0.7142921172691032,0.699847677146407,False
EVR_04,2025,2025-11-16,12.086,16.8127,8.5532,0.0401,88.838056,7.68295,3702.58945,6.8999999999999995,150.88330000000005,8.2595,1.7615999999999996,0.2474609785062137,0.14202091639335485,-0.5575961889784065,0.00716265505723046,-0.7021479494046978,0.7120310787787131,False
EVR_04,2025,2025-11-17,15.8087,19.4312,11.9065,0.0088,112.73535,10.668849999999999,3713.2583,10.9,143.16910000000007,7.524700000000001,3.7776999999999994,0.25156500141742877,0.1324841577768499,-0.5595254012337006,0.0079976204450882,-0.6897960046655887,0.7240037789593305,False
EVR_04,2025,2025-11-18,17.7973,20.5052,16.3268,2.6056,88.18027,13.415999999999997,3726.6743,12.3,-53.447199999999945,4.1784,4.7197,0.26701635235504684,0.15365479803601403,-0.5064934963036123,0.020026683888867386,-0.6772399381909491,0.7357622347736527,False
EVR_04,2025,2025-11-19,17.7168,21.1508,14.2686,0.5222,99.8194,12.709699999999998,3739.384,12.9,-67.48669999999996,6.882200000000001,4.7691,0.28726763431912866,0.1565032460753543,-0.5495570986051922,0.051135820824620176,-0.6644834655228552,0.7473029667054296,False
EVR_04,2025,2025-11-20,16.222,20.3559,13.7244,2.2667,97.05563,12.040149999999997,3751.42415,10.4,-64.75809999999994,6.631499999999999,3.092600000000001,0.3082975554282984,0.1841331998481463,-0.5386846287535298,0.06707038419581615,-0.6515303615068021,0.75862255966641,False
EVR_04,2025,2025-11-21,16.1785,21.5291,12.4178,0.3568,104.27973,11.97345,3763.3976,10.0,-65.78339999999994,9.1113,2.9132999999999996,0.2500803576912796,0.13149323436700508,-0.5303653762735245,-0.0074359239912876185,-0.6383844591746642,0.7697176640069211,False
EVR_04,2025,2025-11-22,16.8087,21.0496,13.4953,0.0247,108.51053,12.27245,3775.67005,11.5,-69.07509999999995,7.554300000000001,4.629500000000002,0.2782868925849001,0.14104622977411194,-0.5713482531060102,0.008418270779292636,-0.6250496486104377,0.7805849965070866,False
EVR_04,2025,2025-11-23,15.3161,18.8911,12.0331,63.921,76.36586,10.4621,3786.13215,11.1,-9.394199999999948,6.858000000000002,3.1668000000000003,0.2701346261915573,0.14918599346367595,-0.582135230065263,0.022673647685343606,-0.6115298757991053,0.7912213413483807,False
EVR_04,2025,2025-11-24,11.0516,14.6106,7.328,16.7855,96.03402,5.9693000000000005,3792.10145,9.1,9.182500000000049,7.2825999999999995,2.4749,0.2590319454859614,0.1483469630229069,-0.5748295350010446,0.007466944068532655,-0.5978291414589552,0.801623551065242,False
EVR_04,2025,2025-11-25,10.9177,14.9684,6.4933,1.0571,105.78615,5.73085,3797.8323,9.4,10.534000000000049,8.475100000000001,3.2379999999999995,0.26691505346341193,0.14222521696637538,-0.5501279308751549,-0.00010129889163490446,-0.5839514998576998,0.8117885474764613,False
EVR_04,2025,2025-11-26,14.5918,18.2825,11.7017,1.3828,89.40038,9.9921,3807.8244,8.7,15.59460000000005,6.580799999999998,3.5221999999999998,0.2465392160453788,0.14478893967878953,-0.570468474633818,-0.04072841827374987,-0.5699010576127624,0.8217133225960589,False
EVR_04,2025,2025-11-27,14.7778,19.0348,11.37,2.0927,103.92025,10.2024,3818.0268,10.3,15.520600000000051,7.664800000000001,4.029299999999999,0.24793124486547594,0.13530467609982855,-0.5796998989152905,-0.06036631056282246,-0.5556819724760489,0.8313949395234058,False
EVR_04,2025,2025-11-28,13.2462,16.1865,11.3314,146.945,65.29996,8.758949999999999,3826.78575,8.5,163.60880000000003,4.855099999999998,2.0116999999999994,0.2488817243654152,0.13711340700341754,-0.5734794008742776,-0.0011986333258644233,-0.5412984521036173,0.8408305333122887,False
EVR_04,2025,2025-11-29,11.6555,13.1518,9.3175,278.3008,26.397834,6.23465,3833.0204,7.6,445.7849,3.834299999999999,1.4720999999999993,0.23907534861138216,0.13097440404749533,-0.5564030291006415,-0.03921154397351792,-0.5267547528105542,0.8500173118187018,False
EVR_04,2025,2025-11-30,10.0671,12.7671,7.9558,23.427,64.930604,5.36145,3838.38185,8.3,408.0909,4.811299999999999,2.5218,0.2565632697693192,0.13838643489582447,-0.5390857899804944,-0.013571356422238112,-0.5120551783114646,0.8589525565270845,False
EVR_04,2025,2025-12-01,9.3425,12.0773,7.5177,9.8303,88.369864,4.797499999999999,3843.17935,9.700000000000001,400.53569999999996,4.5596,3.3664999999999994,0.2458254620966243,0.1218818883112846,-0.5934431779212603,-0.013206483389337137,-0.4972040784469378,0.8676336233547726,False
EVR_04,2025,2025-12-02,8.7715,12.3476,5.6621,0.4291,93.61714,4.004849999999999,3847.1842,7.3,402.0077,6.6855,2.7515,0.25995693157127353,0.15024725942778708,-0.5609172004899329,-0.0069581218921384025,-0.4822058478963526,0.8760579434344281,False
EVR_04,2025,2025-12-03,8.9375,13.1992,5.9734,0.0259,76.225176,4.5863,3851.7705,5.6,403.75079999999997,7.2258,1.5058999999999996,0.23760856122730936,0.11889641068115847,-0.6018022821968155,-0.008930654818069428,-0.46706492487743034,0.8842230238742036,False
EVR_04,2025,2025-12-04,10.3745,14.555,5.6007,0.0556,81.43552,5.07785,3856.84835,7.0,405.01370000000003,8.9543,2.1579999999999995,0.2315280633362933,0.1276692835691177,-0.5795098062853755,-0.01640318152918263,-0.451785789832884,0.8921264484954345,False
EVR_04,2025,2025-12-05,12.4408,16.713,9.0422,8.3732,88.54339,7.877600000000001,3864.72595,9.5,265.44190000000003,7.670800000000002,2.9082999999999988,0.2142729536788098,0.10985586563372492,-0.6124267390530943,-0.034608770686605395,-0.4363729641045924,0.8997658785476209,False
EVR_04,2025,2025-12-06,13.6342,17.8389,11.5067,1.0788,91.521256,9.672799999999999,3874.39875,9.6,-13.780099999999944,6.3321999999999985,2.8942999999999994,0.29265801137998526,0.16912745915396163,-0.5245739615113846,0.0535826627686031,-0.42083100859565564,0.9071390534005044,False
EVR_04,2025,2025-12-07,8.9117,12.155,5.3841,16.8985,55.37898,3.769549999999999,3878.1683,10.3,-22.308599999999945,6.770899999999999,2.3026,0.28798234208615614,0.1657190547758873,-0.5409447197526138,0.03141907231683694,-0.4051645224207563,0.9142437912130223,False
EVR_04,2025,2025-12-08,6.4258,8.9391,5.1056,1.6563,82.82893,2.0223499999999994,3880.19065,9.6,-30.382599999999943,3.8335,4.2898,0.2963042044849131,0.1615720056898281,-0.5443923563458335,0.05047874238828884,-0.3893781415452015,0.9210779895789526,False
EVR_04,2025,2025-12-09,6.0741,8.6764,3.7471,0.0727,50.5184,1.2117499999999994,3881.4024,5.6,-29.038999999999945,4.9293,3.8568,0.27998971154584956,0.15327240293917896,-0.5575370825476567,0.02003277997457603,-0.37347653741307074,0.9276396261490467,False
EVR_04,2025,2025-12-10,6.7725,10.8062,3.7561,0.0188,79.43864,2.2811500000000002,3883.68355,5.5,-28.946099999999944,7.0501000000000005,2.6627,0.2849144863229348,0.15029537970386633,-0.5466323462850052,0.04730592509562545,-0.3574644155648614,0.9339267592294762,False
EVR_04,2025,2025-12-11,8.931,12.9979,4.6741,0.0896,73.61432,3.8360000000000003,3887.51955,5.2,-27.112099999999945,8.323799999999999,1.9673999999999996,0.2781137067394919,0.15111766169175003,-0.5646343848238885,0.04658564340319857,-0.34134651424503615,0.9399375283564133,False
EVR_04,2025,2025-12-12,8.4297,12.5706,5.7396,5.5059,64.51987,4.155100000000001,3891.67465,5.1000000000000005,-25.579399999999946,6.831,1.2626000000000008,0.2775547032602272,0.15330180625641218,-0.541685082137092,0.06328174958141738,-0.3251276029999093,0.9456701548465688,False
EVR_04,2025,2025-12-13,8.1449,11.3956,5.8195,0.3924,79.34716,3.60755,3895.2822,6.7,-23.365799999999947,5.5761,3.0027999999999997,0.2576289646054317,0.1348613366590416,-0.5316633587559373,-0.03502904677455354,-0.30881248126625377,0.9511229423235357,False
EVR_04,2025,2025-12-14,6.7841,10.8415,3.7751,0.0277,91.746936,2.3083,3897.5905,6.7,-36.636599999999945,7.0664,3.2134999999999994,0.26037347783438464,0.14272395229551707,-0.560896526508872,-0.027608864251771503,-0.29240597695107734,0.9562942772197719,False
EVR_04,2025,2025-12-15,5.9242,9.6725,2.723,0.0315,96.33412,1.1977499999999992,3898.78825,6.7,-35.361399999999946,6.9495,3.484,0.2757411684712334,0.1529542764178331,-0.5543153400300617,-0.020563036013679703,-0.27591294500296043,0.9611826292540837,False
EVR_04,2025,2025-12-16,5.9075,10.4229,2.4313,0.0027,91.447784,1.4271000000000003,3900.21535,5.6,-35.43139999999994,7.9916,2.4732,0.2854218805853326,0.14297573651656786,-0.5668763803776384,0.005432169039483015,-0.2593382659754056,0.9657865518844574,False
EVR_04,2025,2025-12-17,6.5829,11.9959,2.274,0.0088,96.26416,2.13495,3902.3503,5.4,-35.34139999999994,9.721900000000002,2.158200000000001,0.2619513781476337,0.14129235088555778,-0.5521081643241895,-0.022963108175301117,-0.2426868445825954,0.9701046827361175,False
EVR_04,2025,2025-12-18,5.7014,9.9981,2.2437,0.1324,77.24922,1.1209000000000007,3903.4712,5.2,-35.298599999999944,7.7544,2.1885999999999997,0.2698403973565809,0.12430665511931602,-0.558014503759453,-0.008273309382910987,-0.22596360824801906,0.974135744004672,False
EVR_04,2025,2025-12-19,6.5078,12.7549,1.2923,0.0303,89.35868,2.0236,3905.4948,6.1000000000000005,-41.77419999999994,11.462599999999998,2.3034999999999997,0.25927711245825785,0.14289003061168642,-0.5826208779612557,-0.018277590801969334,-0.20917350564635637,0.9778785428342386,False
EVR_04,2025,2025-12-20,8.491,12.2153,3.9341,0.6663,54.66672,3.0747,3908.5695,4.1000000000000005,-38.900299999999945,8.281199999999998,2.0702,0.2670588176652165,0.14283919145867754,-0.5846998194025785,0.009429853059784776,-0.19232150523909483,0.9813319716704275,False
EVR_04,2025,2025-12-21,9.3487,11.7367,7.3277,12.2738,32.56474,4.5322,3913.1017,4.2,-24.154199999999946,4.409000000000001,1.3938999999999995,0.25647927472855564,0.1562476003687741,-0.5775179260189821,-0.003894203105828997,-0.17541259380427843,0.9844950085880858,False
EVR_04,2025,2025-12-22,8.9651,11.6971,6.0929,3.1192,52.65285,3.8949999999999996,3916.9967,6.8999999999999995,-21.266499999999944,5.6042000000000005,2.0753999999999992,0.2584454492919134,0.12493643380419434,-0.564823703503518,-0.017295719179320046,-0.15845177496083632,0.9873667175937016,False
EVR_04,2025,2025-12-23,7.1867,11.3504,4.5452,0.2014,87.89191,2.947800000000001,3919.9445,6.3,-21.767799999999944,6.8052,2.5838,0.2526584147218749,0.15502267267531877,-0.5912883963454447,-0.032763465863457686,-0.14144406768794202,0.9899462489023779,False
EVR_04,2025,2025-12-24,8.7755,11.9284,5.2877,4.3689,51.11347,3.6080500000000004,3923.55255,4.1000000000000005,-16.107699999999944,6.6407,1.946699999999999,0.2503678405922186,0.14151635559382178,-0.5831191817201139,-0.01158353755541508,-0.12439450483979998,0.9922328391893008,False
EVR_04,2025,2025-12-25,9.4673,10.5919,6.8855,123.3309,22.45216,3.7387000000000015,3927.29125,10.3,101.99080000000006,3.7064000000000004,1.279,0.25360768386938337,0.12294673497518413,-0.5566687724444022,-0.016232713487197514,-0.10730813165636247,0.9942258118156161,False
EVR_04,2025,2025-12-26,5.1968,7.8034,2.0293,11.0649,85.42385,0.0,3927.29125,12.4,106.72540000000006,5.7741,3.7279999999999998,0.23845972101891535,0.11666739935791598,-0.5784645715874469,-0.020817391439342497,-0.09019000427034513,0.9959245770286599,False
EVR_04,2025,2025-12-27,2.9781,5.5318,-0.2267,0.4981,78.00315,0.0,3927.29125,6.6,104.05720000000007,5.7585,4.7389,0.2532884528136592,0.14372997420178818,-0.5646033063376609,-0.013770364851557304,-0.07304518821104743,0.9973286321364752,False
EVR_04,2025,2025-12-28,4.1145,9.1772,-0.1747,4.1957,53.674496,0.0,3927.29125,5.5,94.67910000000008,9.351899999999999,3.6911999999999994,0.2281719988067009,0.1251425085816012,-0.5772045994434627,-0.028307275921854752,-0.05587875690537313,0.9984375616565666,False
EVR_04,2025,2025-12-29,3.3649,7.2444,-1.6264,0.3454,100.76953,0.0,3927.29125,7.4,91.40530000000007,8.8708,5.523,0.242573426505982,0.13875918536773785,-0.5849476183892154,-0.01587202278593139,-0.03869579017652689,0.9992510374388481,False
EVR_04,2025,2025-12-30,8.0202,13.946,1.4724,60.547,81.799176,2.7092,3930.00045,9.700000000000001,148.35090000000005,12.4736,4.480500000000001,0.22438821440583853,0.13279658445032375,-0.5884748634762348,-0.02827020031603636,-0.021501372740813793,0.999768818762748,False
EVR_04,2025,2025-12-31,0.0956,3.0423,-3.9597,7.2677,90.75046,0.0,3930.00045,9.299999999999999,146.04970000000006,7.002000000000001,8.4178,0.2326611756285907,0.12749370816657335,-0.5854187072085577,-0.01770666496362791,-0.004300592702981974,0.9999907524084426,False
EVR_05,2025,2025-01-01,4.33,9.662,0.3202,0.0334,82.37325,0.0,0.0,4.8,-4.7665999999999995,9.341800000000001,1.0519000000000003,0.29290887144367894,0.15492917749906648,-0.5477230373925889,0.0,0.017201575418260506,0.9998520419557735,False
EVR_05,2025,2025-01-02,7.7305,12.3559,2.6505,0.0402,79.19848,2.5031999999999996,2.5031999999999996,6.0,-10.7264,9.705400000000001,2.0794000000000006,0.2739700221855086,0.15698671882427986,-0.5320582719730074,-0.018938849258170354,0.03439806061360801,0.9994082116062598,False
EVR_05,2025,2025-01-03,10.8148,14.1319,8.4102,0.3683,91.58554,6.271049999999999,8.774249999999999,7.7,-18.0581,5.7217,3.1555999999999997,0.24858745281715758,0.1374989497579696,-0.6110096081910837,-0.044321418626521364,0.051584366869408364,0.9986686402879997,False
EVR_05,2025,2025-01-04,8.2575,11.1498,4.9229,17.1114,46.01374,3.0363500000000005,11.810599999999999,9.1,-10.046700000000001,6.2269000000000005,3.7623000000000006,0.27082280808607756,0.15224823314465408,-0.5392254161098354,-0.022086063357601382,0.06875540848113941,0.9976335468520451,False
EVR_05,2025,2025-01-05,5.8725,8.5183,3.2108,1.1613,57.50934,0.8645499999999995,12.675149999999999,6.0,-14.8854,5.3075,3.8924999999999996,0.23008721495830092,0.1345747462140254,-0.587004617915706,-0.06282165648537802,0.08590610426133272,0.9963032375991965,False
EVR_05,2025,2025-01-06,7.6964,11.0711,2.3107,0.0243,68.23545,1.6909,14.366049999999998,5.0,-19.8611,8.760399999999999,2.4806,0.26308771505087125,0.13935934568739342,-0.5367626374319012,-0.02982115639280769,0.10303137904317879,0.9946781061893646,False
EVR_05,2025,2025-01-07,12.3155,15.9713,8.9914,0.3748,81.34434,7.481349999999999,21.847399999999997,6.7,-26.186300000000003,6.979899999999999,2.980600000000001,0.24117527033124578,0.1414318314436043,-0.5962065823694279,-0.051733601112433164,0.1201261651823505,0.9927586335250793,False
EVR_05,2025,2025-01-08,13.4029,16.9612,11.6994,0.4698,88.41047,9.330300000000001,31.177699999999998,7.9,-28.8499,5.261800000000001,2.2901000000000007,0.27301092153505624,0.15110178201107793,-0.5373678759256876,-0.019897949908622703,0.13718540405660057,0.9905453876091833,False
EVR_05,2025,2025-01-09,12.529,15.891,10.7975,1.2773,75.5726,8.344249999999999,39.52195,5.4,-27.012800000000006,5.093500000000001,1.8316,0.2628983386915958,0.13307947063563966,-0.5606836010579312,-0.011071683493912798,0.1542040475626894,0.988039023376751,False
EVR_05,2025,2025-01-10,12.3534,15.4442,11.037,4.4843,70.83109,8.2406,47.76255,7.9,-23.0968,4.4072,1.8375000000000004,0.2456390069824055,0.1415543019699429,-0.5923410994683936,-0.002948445834752067,0.17117705961019986,0.985240282501282,False
EVR_05,2025,2025-01-11,7.2411,10.9639,4.2984,166.8063,18.288292,2.63115,50.393699999999995,6.8,128.89809999999997,6.665500000000001,1.2529000000000003,0.2236830509341939,0.11328151205252253,-0.5877321015422494,-0.04713975715188365,0.18809941761179758,0.9821499931752291,False
EVR_05,2025,2025-01-12,3.9911,6.4099,1.1674,48.0138,14.497866,0.0,50.393699999999995,6.8999999999999995,174.85059999999996,5.242500000000001,1.6437999999999997,0.2592695313335691,0.14970353922572235,-0.5981396605844119,0.02918231637526819,0.20496611396949532,0.9787690698649216,False
EVR_05,2025,2025-01-13,2.1669,3.4377,0.9684,205.4352,16.569523,0.0,50.393699999999995,8.6,376.6615,2.4693,0.8145,0.2279977993238075,0.12627330356430175,-0.5857559514227965,-0.03508991572706374,0.22177215755648186,0.975098513039961,False
EVR_05,2025,2025-01-14,3.7162,5.4274,1.7866,75.9506,35.79267,0.0,50.393699999999995,12.4,446.53729999999996,3.6407999999999996,2.2335000000000003,0.22709779601140698,0.10653309296211205,-0.5270084013329415,-0.0140774743198388,0.23851257519407648,0.9711394088771653,False
EVR_05,2025,2025-01-15,3.3262,4.3609,2.598,167.5296,15.04689,0.0,50.393699999999995,10.1,611.3971,1.7629000000000001,1.1556000000000002,0.2590319297906055,0.14351020973428902,-0.5205325041863701,-0.01397899174445072,0.2551824131233728,0.9668929289391521,False
EVR_05,2025,2025-01-16,3.6779,7.5479,-0.3164,9.8644,86.43577,0.0,50.393699999999995,10.0,615.3842,7.8643,3.3495,0.21308881417695175,0.11222614141807713,-0.6059765141483272,-0.049809524514644044,0.2717767384711357,0.9623603298276545,False
EVR_05,2025,2025-01-17,2.9479,7.8065,-1.208,0.0167,114.48129,0.0,50.393699999999995,8.4,610.4166,9.0145,3.6004,0.25040397239366163,0.1428237116044069,-0.5402318793973255,0.004764965411256122,0.2882906407095177,0.9575429528116719,False
EVR_05,2025,2025-01-18,4.8953,9.8904,0.5859,0.0124,114.69943,0.23815000000000008,50.63185,8.0,442.4227,9.304499999999999,3.6925999999999997,0.2476566640162459,0.14098493499130718,-0.5871950583635657,0.02397361308205198,0.3047192331091634,0.9524422234305676,False
EVR_05,2025,2025-01-19,5.3479,11.9049,0.3783,0.0155,115.11041,1.1415999999999995,51.77345,8.7,392.6244,11.5266,3.0461,0.24611768041630042,0.13078509155731544,-0.5753603416038247,-0.013151850917268698,0.321057654185271,0.9470596510722283,False
EVR_05,2025,2025-01-20,4.4664,9.6012,0.1355,0.0018,109.4708,0.0,51.77345,8.200000000000001,187.591,9.4657,2.6653000000000002,0.22005110439292366,0.10957297726537069,-0.5845920652688987,-0.007946694930883846,0.3373010691361842,0.9413968285264122,False
EVR_05,2025,2025-01-21,6.0802,11.2148,1.8388,0.0263,106.8004,1.5267999999999997,53.30025,7.6,116.46669999999999,9.376000000000001,1.8276999999999992,0.25126280668257284,0.15133990555707177,-0.5653730493910536,0.02416501067116586,0.3534446712740877,0.9354554315134164,False
EVR_05,2025,2025-01-22,8.2108,12.6214,4.7588,0.0427,105.16127,3.6900999999999993,56.99034999999999,8.9,-49.8202,7.8626,2.916900000000001,0.2941583907971726,0.16873730905532966,-0.5579161142474116,0.03512646100656708,0.3694836834473831,0.9292372181882051,False
EVR_05,2025,2025-01-23,7.3715,12.82,3.9462,0.2625,91.5083,3.3831000000000007,60.37345,7.7,-57.1221,8.8738,1.8384999999999998,0.2682657668718034,0.14756146212921942,-0.5503230712006272,0.05517695269485168,0.38541335945432564,0.9227440286201427,False
EVR_05,2025,2025-01-24,9.4655,14.5518,4.5107,0.4468,94.00031,4.53125,64.90469999999999,6.8999999999999995,-55.192,10.0411,1.6795000000000009,0.2703135726429858,0.15855693916768185,-0.5041441252225743,0.019909600249324144,0.4012289854475009,0.9159777842484877,False
EVR_05,2025,2025-01-25,8.3062,12.127,4.3383,47.3158,113.13388,3.2326499999999996,68.13735,12.6,-12.488599999999998,7.7887,2.9861000000000004,0.26108456812435576,0.1583799561898214,-0.5657139691668708,0.013427904108109873,0.4169258813287287,0.908940487313808,False
EVR_05,2025,2025-01-26,5.7082,10.5412,1.9553,2.5452,108.4793,1.2482499999999996,69.3856,9.0,-10.258900000000002,8.5859,1.7979999999999996,0.26035665797430374,0.1275432002798714,-0.5474740973694118,0.014238977558003324,0.4324994021339788,0.901634220265486,False
EVR_05,2025,2025-01-27,7.0153,12.2039,1.9915,0.0112,88.76445,2.0977000000000006,71.4833,7.0,-9.049500000000002,10.2124,1.6598999999999995,0.2741983755434597,0.13921330862875847,-0.5534868232395803,0.05414727115053605,0.44794493940789115,0.8940611451454876,False
EVR_05,2025,2025-01-28,9.8262,15.1106,4.0121,0.0971,96.90113,4.561350000000001,76.04464999999999,7.9,-9.2787,11.0985,2.1615,0.2835768616268094,0.16274159112305117,-0.5519211207796303,0.03231405494423656,0.4632579225674917,0.88622350294858,False
EVR_05,2025,2025-01-29,13.0647,17.0975,9.9565,0.287,109.03599,8.527000000000001,84.57165,11.799999999999999,-11.934399999999998,7.141,2.895900000000001,0.2756097585897946,0.1615033088900846,-0.5887910912250138,-0.018548632207378013,0.4784338202547012,0.8781236129591848,False
EVR_05,2025,2025-01-30,11.117,15.6544,7.5871,0.2377,84.77583,6.620750000000001,91.19239999999999,7.4,-11.659199999999998,8.0673,1.9466,0.26920485164284585,0.15698987606838702,-0.5281536318196779,0.000939084771042431,0.49346814167723735,0.8697638720650646,False
EVR_05,2025,2025-01-31,10.5545,15.8788,7.1355,4.8064,116.39405,6.507149999999999,97.69955,11.6,-11.999599999999997,8.7433,2.1732000000000014,0.24547889596635472,0.1241867394035282,-0.5713436406730087,-0.024834676676631057,0.5083564379375122,0.8611467540480452,False
EVR_05,2025,2025-02-01,9.6654,14.6466,7.3824,1.5646,96.92926,6.0145,103.71405,9.5,-54.650800000000004,7.2642,1.6052999999999997,0.2639438478021141,0.15012681824891827,-0.5627379577624843,0.002859279677758342,0.5230943033491326,0.8522748088519838,False
EVR_05,2025,2025-02-02,8.0095,11.1793,4.4816,0.1804,65.24278,2.83045,106.5445,7.5,-55.515600000000006,6.697699999999999,2.3499999999999988,0.26323058470811805,0.15467992137156197,-0.589590697043638,0.0028739267338143137,0.5376773767406141,0.8431506618282,False
EVR_05,2025,2025-02-03,7.232,11.547,3.8251,1.7124,89.5328,2.68605,109.23055,8.8,-55.6144,7.721900000000001,2.6201,0.2758886240284204,0.1513899784696791,-0.5479345122099017,0.001690248484960688,0.5521013427459208,0.8337770129585915,False
EVR_05,2025,2025-02-04,3.5871,5.9395,1.2262,0.4267,100.88256,0.0,109.23055,11.1,-58.48480000000001,4.7133,6.1983,0.29375842025805193,0.1668451198609649,-0.5248470012141786,0.010181558631242538,0.5663619330814524,0.8241566360566663,False
EVR_05,2025,2025-02-05,2.0329,5.3983,-1.0971,0.0334,125.96083,0.0,109.23055,12.3,-59.2384,6.4954,8.0059,0.26706189158396254,0.15889448683164178,-0.5606020576077917,-0.008547867005832044,0.580454927809098,0.8142923779467267,False
EVR_05,2025,2025-02-06,0.9585,4.5424,-1.5136,0.0334,147.38992,0.0,109.23055,12.7,-64.74270000000001,6.056,8.1094,0.267223074730607,0.14321816608040402,-0.5772722626280316,-0.0019817769122388307,0.5943761565849831,0.804187157621448,False
EVR_05,2025,2025-02-07,0.7827,4.7154,-2.3871,0.0692,126.85726,0.0,109.23055,9.799999999999999,-67.6799,7.1025,5.7137,0.27902126723682374,0.1402316838034509,-0.5408056204408533,0.033542371270469024,0.6081214998935418,0.7938439653781019,False
EVR_05,2025,2025-02-08,1.0332,4.0808,-0.9458,2.8176,80.3735,0.0,109.23055,7.2,-64.1269,5.0266,4.5486,0.2621368127305617,0.15436719658325132,-0.566263686315214,-0.0018070350715523875,0.6216868902665479,0.7832658619336791,False
EVR_05,2025,2025-02-09,0.4624,3.3566,-1.1697,2.3673,77.46536,0.0,109.23055,7.1000000000000005,-61.540000000000006,4.5263,4.9315,0.29178779519159426,0.1703784453462158,-0.5408594909244732,0.028557210483476203,0.6350683134867438,0.7724559775191742,False
EVR_05,2025,2025-02-10,0.9006,4.9914,-1.8131,1.258,112.910424,0.0,109.23055,9.2,-62.394400000000005,6.804499999999999,4.8802,0.284708466027199,0.1832863139374395,-0.5302925766853499,0.00881984199877861,0.6482618097757122,0.7614175109532997,False
EVR_05,2025,2025-02-11,0.1458,4.727,-3.5273,0.3346,139.74147,0.0,109.23055,9.799999999999999,-61.1865,8.2543,5.2159,0.24708937198202702,0.12074826611852953,-0.5600563234218914,-0.046669048276024916,0.6612634749656386,0.7501537286959042,False
EVR_05,2025,2025-02-12,1.1004,6.2644,-2.0954,4.8063,126.872136,0.0,109.23055,9.9,-54.0136,8.3598,3.8304,0.25282812506371366,0.13599069648276366,-0.561891000111058,-0.01423376652024888,0.6740694616546161,0.7386679638813748,False
EVR_05,2025,2025-02-13,2.6516,7.3549,-2.2052,0.3787,156.35366,0.0,109.23055,10.0,-50.968300000000006,9.5601,3.8120000000000003,0.25792303983869763,0.14814173007555453,-0.5625734559376532,-0.009300034891909392,0.6866759803451553,0.726963615332308,False
EVR_05,2025,2025-02-14,7.393,12.3811,1.0064,0.1355,116.13307,1.6937499999999996,110.9243,10.5,-51.602000000000004,11.3747,4.1623,0.28297360155220286,0.16591731944947558,-0.6037280695627318,0.0039523343153791135,0.6990793005655562,0.7150441465537444,False
EVR_05,2025,2025-02-15,9.1676,13.9177,5.6554,74.803,105.0673,4.78655,115.71085,13.0,14.58339999999999,8.2623,1.9377000000000004,0.22669042264017872,0.1248400662008238,-0.6143421942234775,-0.035446390090383,0.7112757519738152,0.7029130847082615,False
EVR_05,2025,2025-02-16,6.9148,8.6393,5.6612,18.6259,40.37955,2.1502499999999998,117.8611,8.200000000000001,29.74199999999999,2.9781000000000004,1.5652999999999997,0.23926237119460977,0.13509033654419159,-0.5629150351070543,-0.05252542399698448,0.7232617254437388,0.6905740195722293,False
EVR_05,2025,2025-02-17,4.958,5.9775,4.4597,257.7149,19.964686,0.21860000000000035,118.0797,8.8,286.59889999999996,1.5178000000000003,1.1626000000000003,0.2352745382425245,0.12174196597799668,-0.6133216416250294,-0.04943392778467451,0.7350336741329413,0.6780306024735382,False
EVR_05,2025,2025-02-18,4.3964,6.9998,0.4264,22.9442,62.22905,0.0,118.0797,13.2,305.8085,6.5733999999999995,3.2984,0.2620533466154664,0.13021847441507295,-0.5951390091835898,0.014963974633439403,0.746588114532413,0.6652865452111116,False
EVR_05,2025,2025-02-19,0.6098,3.4414,-2.026,21.3989,105.75907,0.0,118.0797,9.5,322.80109999999996,5.4674,3.2929999999999997,0.23161885714426148,0.11562019969340015,-0.5927000925742785,-0.021209267919452185,0.7579216274973472,0.6523456189565257,False
EVR_05,2025,2025-02-20,-0.8797,3.5072,-3.9111,2.2137,147.1097,0.0,118.0797,14.0,320.6361,7.4183,6.7896,0.26611039660369873,0.16286783714439618,-0.5889023770468399,0.008187356765001097,0.7690308592589181,0.6392116531380588,False
EVR_05,2025,2025-02-21,-1.9925,1.9179,-4.987,0.038,168.27349,0.0,118.0797,14.4,316.6386,6.9049,7.403600000000001,0.22093073551220901,0.12294959442389616,-0.6575518781457054,-0.062042866039993844,0.7799125224167177,0.6258885343075018,False
EVR_05,2025,2025-02-22,-1.9492,3.0092,-5.5175,0.2244,160.26515,0.0,118.0797,11.6,243.45999999999998,8.5267,7.0697,0.24053586107303357,0.11875058547934894,-0.586658852035547,0.01384543843285485,0.7905633969115482,0.612380204990065,False
EVR_05,2025,2025-02-23,-1.0404,3.6534,-5.0989,1.5461,147.79958,0.0,118.0797,9.4,225.18019999999999,8.7523,4.9882,0.2447309164162891,0.12870396490947678,-0.5874425194432762,0.005468545221679333,0.8009803309782905,0.5986906625177214,False
EVR_05,2025,2025-02-24,0.2341,5.0652,-3.9167,0.1548,171.55499,0.0,118.0797,11.1,-34.6799,8.9819,4.5961,0.27791731332526776,0.14459774678172538,-0.550403033938948,0.04264277508274325,0.8111602420785621,0.5848239578463322,False
EVR_05,2025,2025-02-25,4.1815,8.9665,-1.1405,4.2624,115.33209,0.0,118.0797,7.8,-47.9617,10.107,2.798,0.2916099103739994,0.16141799058279013,-0.5395782184449381,0.029556563758532994,0.8211001178128892,0.5707841943569036,False
EVR_05,2025,2025-02-26,5.7651,10.5837,0.5252,0.5222,131.679256,0.5544500000000001,118.63415,11.700000000000001,-71.03840000000001,10.0585,2.0472,0.2349000851530497,0.12834648714379698,-0.5748236503360823,0.0032812280087882173,0.8307970168121247,0.5565755266413303,False
EVR_05,2025,2025-02-27,8.5452,13.4968,4.3247,3.4086,114.792344,3.91075,122.5449,11.2,-67.0435,9.1721,2.313299999999999,0.2902290006302548,0.1554378353101467,-0.51291372089232,0.02411860402655608,0.8402480696078469,0.5422021592729844,False
EVR_05,2025,2025-02-28,8.1937,13.2359,4.781,5.7089,125.09995,4.00845,126.55335,13.799999999999999,-60.7726,8.454900000000002,2.3786999999999994,0.2763237515207082,0.14640756155982043,-0.5745189723668516,0.05539301600849919,0.8494504794814806,0.527668345562516,False
EVR_05,2025,2025-03-01,7.4103,11.9382,3.7142,0.3881,166.66154,2.8262,129.37955,17.4,-66.40889999999999,8.224,3.1558,0.30678840795256307,0.17430362591321216,-0.5465828350137067,0.0662525468795295,0.8584015232918917,0.512978386299228,False
EVR_05,2025,2025-03-02,7.3584,13.2946,1.9795,34.1904,145.95437,2.6370500000000003,132.0166,15.9,-40.264599999999994,11.315100000000001,2.5749999999999993,0.26849520790238446,0.1546885360940797,-0.60502754559092,0.02376429148609535,0.8670985522812081,0.4981366284784055,False
EVR_05,2025,2025-03-03,5.1263,8.6723,1.6316,9.2988,152.14813,0.15195000000000025,132.16855,20.5,-40.5206,7.0407,4.9886,0.2816340443625461,0.16590963093324912,-0.5666656451677295,0.00371673103727832,0.8755389928586302,0.4831474640149687,False
EVR_05,2025,2025-03-04,4.299,8.5139,0.5805,0.3292,148.43312,0.0,132.16855,16.2,-52.8538,7.9334,4.9801,0.29638492514673603,0.1666688161082967,-0.5638834264967119,0.004775014772736619,0.8837203473619977,0.4680153284438345,False
EVR_05,2025,2025-03-05,5.6591,12.9385,-0.607,0.0069,198.8109,1.16575,133.33429999999998,19.7,-61.36909999999999,13.545499999999999,4.5603,0.30030471347122834,0.1724427960788199,-0.5164463233487766,0.06540462831817864,0.8916401947968874,0.45274469960737107,False
EVR_05,2025,2025-03-06,8.06,16.132,0.5732,0.0004,207.78864,3.3526000000000007,136.6869,23.5,-77.0773,15.558800000000002,6.7029000000000005,0.3046535147691137,0.16452436914997418,-0.5715646780364396,0.014424514138858868,0.8992961915530253,0.4373400963303323,False
EVR_05,2025,2025-03-07,8.0105,16.077,0.9178,0.0,214.84098,3.4974000000000007,140.1843,26.599999999999998,-95.58619999999999,15.159200000000002,9.0083,0.2733156621176078,0.16302859502302233,-0.536916629657864,-0.003008089403100378,0.9066860720977985,0.4218060770826634,False
EVR_05,2025,2025-03-08,8.0368,15.52,1.9253,0.0291,206.22646,3.72265,143.90695,24.8,-103.3452,13.5947,7.679099999999999,0.2615967982983797,0.14555599843148165,-0.5582810163485471,-0.045191609654183396,0.9138076496466615,0.4061472386305789,False
EVR_05,2025,2025-03-09,8.2322,15.4068,1.5137,0.0108,207.81763,3.4602500000000003,147.3672,23.400000000000002,-145.0248,13.8931,5.1854000000000005,0.2785297412452225,0.15032512578927554,-0.5526722515853512,0.010034533342838048,0.9206588168102428,0.3903682146763026,False
EVR_05,2025,2025-03-10,10.7611,17.6301,2.8656,0.0111,215.88808,5.24785,152.61505,25.6,-159.4125,14.764499999999998,5.2437000000000005,0.28672921554530767,0.15837972159094807,-0.4987944220360802,0.005095171182761593,0.9272375462179537,0.374473674486883,False
EVR_05,2025,2025-03-11,13.4336,18.7726,7.855,0.0309,205.95246,8.3138,160.92885,25.9,-169.4108,10.9176,4.844799999999999,0.2731168961531501,0.14734829881531294,-0.602834780604885,-0.023268028993585932,0.9335418911179212,0.35846832151248087,False
EVR_05,2025,2025-03-12,15.5112,21.202,9.4604,0.2835,174.05592,10.3312,171.26005,27.3,-176.73420000000002,11.741600000000002,7.4778,0.31275953706740806,0.17247861960507793,-0.5145480468437099,0.01245482359617972,0.9395699859530622,0.342356891994542,False
EVR_05,2025,2025-03-13,16.1588,21.606,10.9886,1.6859,177.14995,11.2973,182.55735,32.4,-183.9487,10.617400000000002,10.2135,0.29811566424321384,0.16612803332037415,-0.5110696298504185,-0.006537850525899835,0.945320046913132,0.3261441535642696,False
EVR_05,2025,2025-03-14,17.1536,22.3365,13.6361,0.1122,214.82776,12.9863,195.54365,34.0,-191.23649999999998,8.7004,6.9375,0.2749356649400362,0.16237515882882514,-0.5853860269922452,0.001620002822428357,0.9507903724625832,0.3098349038318025,False
EVR_05,2025,2025-03-15,17.3028,24.3587,10.7271,0.0171,202.05813,12.5429,208.08655,32.7,-199.1485,13.631599999999999,8.447300000000002,0.2849161338956713,0.1469881624640927,-0.5748925137327204,0.0233193355972916,0.9559793438440766,0.2934339689665273,False
EVR_05,2025,2025-03-16,17.4897,24.7027,10.9166,0.0189,201.46554,12.809650000000001,220.8962,36.8,-212.54039999999998,13.7861,9.585799999999999,0.2999787772271966,0.16370123545705018,-0.5069616935306984,0.02144903598197412,0.9608854255574977,0.27694620226893646,False
EVR_05,2025,2025-03-17,13.821,19.4832,8.88,22.9706,187.3382,9.1816,230.0778,26.1,-190.08089999999999,10.6032,3.9841999999999995,0.2849862440108344,0.13784338637874655,-0.5477751006327248,-0.001742971534473281,0.9655071658143364,0.2603764827344581,False
EVR_05,2025,2025-03-18,5.4914,8.8803,2.0678,64.3103,121.12546,0.4740500000000001,230.55185,23.8,-123.7015,6.8125,5.1475,0.2747021703620166,0.15173735297491828,-0.539199531697605,0.001585274208866505,0.969843196967294,0.24372971360968387,False
EVR_05,2025,2025-03-19,3.6035,8.0644,0.2367,3.2038,198.01995,0.0,230.55185,24.299999999999997,-117.7812,7.827699999999999,10.7201,0.2740309442011027,0.16092227550526758,-0.5596085386178754,-0.03872859286630537,0.9738922359149924,0.22701082094141847,False
EVR_05,2025,2025-03-20,5.6326,10.953,-0.1845,0.0033,179.37754,0.38424999999999976,230.9361,22.1,-109.1638,11.1375,7.7643,0.2948721802269237,0.14478747238620154,-0.5553341452319177,-0.0032434840162901546,0.9776530844816641,0.2102247521189836,False
EVR_05,2025,2025-03-21,6.8076,12.8369,0.6067,0.0047,224.778,1.7218,232.6579,25.7,-100.9713,12.2302,6.5003,0.2886417266230325,0.16197174788312438,-0.5437763817775707,0.013706061682996318,0.981124629771712,0.19337647441020586,False
EVR_05,2025,2025-03-22,7.777,13.123,2.7084,0.0091,242.79736,2.9156999999999993,235.5736,26.1,-94.3793,10.4146,5.775,0.2922328890849296,0.16483064081907225,-0.5545097819703754,0.007316755189258339,0.984305844499033,0.17647097349152166,False
EVR_05,2025,2025-03-23,11.1043,17.7517,3.6205,10.8604,212.61582,5.6861,241.2597,26.700000000000003,-73.43780000000001,14.1312,4.909400000000001,0.2944442705552905,0.1831163430860425,-0.5486517783009994,-0.005534506671906136,0.9871957872910085,0.15951325197263655,False
EVR_05,2025,2025-03-24,14.7425,18.9259,10.7679,29.6846,148.57818,9.846899999999998,251.1066,28.2,-68.8238,8.158,6.613199999999999,0.28373430161284374,0.1493996629919674,-0.5541363964118382,-0.0012519423979906463,0.9897936029670716,0.14250832791617088,False
EVR_05,2025,2025-03-25,15.0444,18.3757,12.8661,21.1515,110.00342,10.620899999999999,261.7275,22.4,-110.5826,5.509599999999999,5.725999999999999,0.30464452413052917,0.16242301414898871,-0.5557733528319335,0.029942353768512564,0.992098522791769,0.12546123335273648,False
EVR_05,2025,2025-03-26,15.5205,21.1179,10.097,1.4817,200.11368,10.60745,272.33495,31.0,-119.00470000000001,11.0209,5.2806999999999995,0.28554065014248536,0.17938820556837187,-0.5007421242230996,0.011509705941382675,0.9941098647022418,0.10837701279187609,False
EVR_05,2025,2025-03-27,15.3441,21.4554,10.1296,0.0648,181.16029,10.7925,283.12745,29.9,-126.7432,11.325800000000001,7.3618999999999994,0.323140184458529,0.1824614635720223,-0.5152369451038877,0.028268004231605304,0.9958270335100595,0.09126072172931188,False
EVR_05,2025,2025-03-28,12.5779,16.8642,7.739,21.4085,114.10942,7.3016000000000005,290.42905,18.4,-98.0394,9.1252,4.039299999999999,0.27803688780184543,0.1448056913863773,-0.5467779463504914,-0.010604838821187068,0.9972495210773451,0.07411742515094437,False
EVR_05,2025,2025-03-29,11.7319,17.3834,7.4325,18.0273,167.30216,7.407950000000001,297.837,24.5,-78.4212,9.9509,2.343499999999999,0.3181074037668751,0.16033958846348148,-0.545145676741144,0.02587451468194546,0.998376906467142,0.056952196034039754,False
EVR_05,2025,2025-03-30,12.2535,17.5434,7.6723,38.2776,195.63163,7.607849999999999,305.44485,27.799999999999997,-52.104,9.871099999999998,2.2249,0.30583358805388033,0.16579787854937716,-0.5043495046674009,0.011389317498589846,0.9992088560679753,0.03977011384605572,False
EVR_05,2025,2025-03-31,11.869,16.1563,8.5613,40.9402,146.13226,7.3588000000000005,312.80365,23.0,-35.648399999999995,7.595000000000002,2.216899999999999,0.30896575521961994,0.1645991657050057,-0.5144595008783043,0.0252314536067762,0.9997451236925734,0.022576263041545485,False
EVR_05,2025,2025-04-01,11.6001,14.9449,9.1851,52.6869,132.3317,7.065000000000001,319.86865,25.1,-6.812999999999999,5.7598,2.1173,0.3043160885084741,0.16409648474139382,-0.5266968073679472,-0.0003284356220550899,0.9999855506507186,0.005375731557583884,False
EVR_05,2025,2025-04-02,10.0194,11.5865,8.9476,23.669,49.88176,5.267049999999999,325.1357,12.1,34.274300000000004,2.6388999999999996,1.6829,0.26410453431441816,0.15350755402651461,-0.557097478131162,-0.021436115828067204,0.9999300657962057,-0.011826390691832589,False
EVR_05,2025,2025-04-03,11.6672,15.2022,8.7176,21.2529,179.2755,6.959899999999999,332.0956,28.299999999999997,57.062400000000004,6.4846,3.302299999999999,0.3068622158075883,0.18517595309643198,-0.5433377318836488,-0.016277968650940666,0.9995786855478958,-0.029025013321975237,False
EVR_05,2025,2025-04-04,11.4211,15.5514,6.6506,20.0478,199.7071,6.100999999999999,338.1966,30.599999999999998,43.50170000000001,8.9008,3.347899999999999,0.26487014296806,0.1375555485483926,-0.5735019735916939,-0.013166744833785438,0.9989315138848577,-0.046215046983708354,False
EVR_05,2025,2025-04-05,11.7215,16.0571,7.0336,34.8821,198.33354,6.545349999999999,344.74195,27.400000000000002,57.4565,9.023499999999999,2.694700000000001,0.2575559804130807,0.1154490395449846,-0.5673425058578335,-0.060551423353794376,0.9979887423155984,-0.06339140486951038,False
EVR_05,2025,2025-04-06,10.5979,17.2635,4.8923,95.558,206.4481,6.0779,350.81985,34.3,108.2369,12.371200000000002,3.3511999999999995,0.2838746910515699,0.15134964738555118,-0.5591599117209817,-0.021958897002310407,0.9967506498213929,-0.08054900421874167,False
EVR_05,2025,2025-04-07,2.8,4.6693,0.8864,273.7018,54.03522,0.0,350.81985,18.8,345.19849999999997,3.7828999999999997,1.4757999999999998,0.2749298737096325,0.14121498397966,-0.5441454598304438,-0.03403588150998743,0.9952176027737294,-0.09768276782171598,False
EVR_05,2025,2025-04-08,4.6054,9.4431,-1.1309,15.7993,192.7849,0.0,350.81985,26.599999999999998,306.8109,10.574,5.8997,0.29244786367792763,0.15858939053266297,-0.5177332896713511,-0.011868224830546448,0.9933900548258936,-0.11478762552212701,False
EVR_05,2025,2025-04-09,5.3736,10.4018,-0.7945,4.0119,198.38114,0.0,350.81985,28.0,271.25379999999996,11.196299999999999,6.4146,0.27646275111185736,0.1510399438388139,-0.5410303889371262,0.012358216797439203,0.9912685467787256,-0.13185851571739118,False
EVR_05,2025,2025-04-10,8.9075,14.1094,2.278,8.3797,236.12144,3.1936999999999998,354.01355,34.2,252.48059999999998,11.8314,5.538600000000001,0.26882065279387246,0.15371858919682657,-0.5476051486640741,-0.03804156301371586,0.9888537064205885,-0.1488903868564548,False
EVR_05,2025,2025-04-11,5.706,10.7272,-0.6364,2.2082,236.7692,0.045399999999999885,354.05895,35.3,229.941,11.3636,8.5394,0.2904715339599929,0.17873331565165165,-0.5452327091534593,0.025601390991932926,0.986146248341595,-0.16587819893463143,False
EVR_05,2025,2025-04-12,8.3843,12.1067,4.6447,93.088,140.0487,3.3757,357.43465,26.599999999999998,288.9469,7.462,4.0661,0.2780120501772303,0.14273486580769543,-0.5667871128236835,0.020456069764149598,0.9831469737221499,-0.1828169249850199,False
EVR_05,2025,2025-04-13,8.9583,13.7329,3.581,6.0063,230.15472,3.65695,361.09159999999997,31.6,202.09519999999998,10.151900000000001,5.4773,0.27102143947544877,0.14962953667891238,-0.5418719602604556,-0.01285325157612116,0.9798567700958665,-0.1997015525660636,False
EVR_05,2025,2025-04-14,9.7482,13.722,4.2611,0.0396,214.64822,3.99155,365.08315,31.8,-84.567,9.460899999999999,5.8315,0.3004587253894913,0.14752108523691418,-0.5210948199992202,0.0255288516798588,0.9762766110869321,-0.21652708524481437,False
EVR_05,2025,2025-04-15,10.788,16.9436,3.8028,0.0137,267.15558,5.373200000000001,370.45635,38.800000000000004,-112.55260000000001,13.1408,5.0891,0.3219726835219885,0.1852916734189696,-0.548590910010157,0.029524819844060857,0.9724075561219968,-0.23328854407545518,False
EVR_05,2025,2025-04-16,12.8481,19.9782,5.6151,0.0008,280.44688,7.79665,378.253,46.5,-135.0637,14.363100000000001,6.713400000000001,0.340202770682333,0.2014029642720952,-0.49203577767306794,0.06374001957047565,0.9682507501166718,-0.2499809690726521,False
EVR_05,2025,2025-04-17,13.6561,21.1914,7.1642,0.0206,265.45077,9.177800000000001,387.4308,43.8,-153.0228,14.0272,5.276200000000001,0.30755730666130476,0.1615184772143526,-0.5530567720401438,0.0387366538674323,0.9638074231367307,-0.26659942067929354,False
EVR_05,2025,2025-04-18,13.0051,19.6905,7.7234,0.2776,264.52982,8.706949999999999,396.13775,39.300000000000004,-158.9534,11.9671,3.6892000000000014,0.32202808316946224,0.18019627759816115,-0.5260815853064207,0.03155654920946932,0.9590788900341131,-0.28313898122818354,False
EVR_05,2025,2025-04-19,13.1604,18.5708,6.7278,3.1225,224.47114,7.6493,403.78705,32.5,-254.81889999999999,11.842999999999998,3.541599999999999,0.31688228212793645,0.17895746473129204,-0.523825068516096,0.03887023195070616,0.9540665500578387,-0.2995947563972602,False
EVR_05,2025,2025-04-20,14.2087,20.231,9.2145,0.6502,250.52426,9.722750000000001,413.5098,38.3,-266.875,11.016500000000002,4.0001,0.2986986534887784,0.16926767315055902,-0.5394072883224493,0.02767721401332962,0.9487718864399473,-0.31596187665790293,False
EVR_05,2025,2025-04-21,15.7341,22.0792,8.9191,0.0607,281.59523,10.49915,424.00895,43.4,-278.4539,13.1601,4.984500000000001,0.3155296902790663,0.18013908331971068,-0.5244532621060534,0.01507096488957499,0.9431964659565866,-0.33223549871590435,False
EVR_05,2025,2025-04-22,14.9164,21.2507,8.6288,0.0161,289.8218,9.93975,433.9487,47.5,-287.1515,12.621899999999998,6.437099999999999,0.334066735575343,0.16673415562772786,-0.46185613486751625,0.01209405205335451,0.9373419384643772,-0.3484108069446808,False
EVR_05,2025,2025-04-23,13.0899,20.0647,7.894,0.1779,278.82995,8.97935,442.92805,40.300000000000004,-280.7744,12.170699999999998,4.1464,0.3818817717546417,0.22134138204706172,-0.43302177736460606,0.04167900107230871,0.9312100364121947,-0.3644830148102912,False
EVR_05,2025,2025-04-24,12.8398,18.393,8.9112,0.6847,207.74077,8.6521,451.58015,31.2,-267.5103,9.481800000000002,4.0394000000000005,0.3411762746811584,0.18786811728256955,-0.4850886647353278,0.033618968019853646,0.9248025743285089,-0.38044736628785164,False
EVR_05,2025,2025-04-25,14.1242,19.4536,8.8765,0.4407,237.38325,9.16505,460.7452,34.7,-262.7472,10.577100000000002,4.3414,0.36027811996495207,0.19235849675474714,-0.4417941888497729,0.03825003679548983,0.9181214482844364,-0.39629913726891813,False
EVR_05,2025,2025-04-26,16.3378,22.6165,10.2697,57.1659,261.95462,11.443100000000001,472.1883,43.9,-220.10379999999998,12.346799999999998,4.724900000000002,0.37196611785883854,0.22713572743687924,-0.4523857231837236,0.055083835730902087,0.9111686353326631,-0.41203363695942635,False
EVR_05,2025,2025-04-27,13.047,17.2687,8.0052,5.7769,251.57678,7.636949999999999,479.82525,40.800000000000004,-217.4771,9.263499999999999,5.990100000000001,0.3663632805818923,0.20342828721584982,-0.4690586772803047,0.06766462709311394,0.9039461929224011,-0.42764620926777464,False
EVR_05,2025,2025-04-28,10.5963,14.6904,7.532,0.0811,286.32637,6.1112,485.93645,41.8,-215.8567,7.1584,8.3135,0.35447493771119315,0.18229030665037282,-0.49101449933236235,0.03894524743212685,0.8964562582905575,-0.44313223418263453,False
EVR_05,2025,2025-04-29,9.5995,13.3987,6.6668,0.0819,264.89334,5.03275,490.9692,34.1,-202.3909,6.7318999999999996,6.728100000000001,0.3932892910965754,0.20528891118849754,-0.4465480523976958,0.0592225555212324,0.8887010478292915,-0.45848712914008766,False
EVR_05,2025,2025-04-30,10.6891,16.2563,6.0791,0.0142,296.47872,6.1677,497.1369,39.0,-201.25459999999998,10.1772,7.2551,0.39383527653775274,0.20867916468973596,-0.4613980450346129,0.011953504783111024,0.8806828564301475,-0.47370635037968,False
EVR_05,2025,2025-05-01,12.0832,17.8323,7.4041,0.1059,266.3355,7.6182,504.7551,40.099999999999994,-210.7334,10.4282,8.9936,0.4135312320449809,0.2107714566028601,-0.43260023391139507,0.07235495736382247,0.8724040568049612,-0.48878539428899265,False
EVR_05,2025,2025-05-02,13.5548,20.9666,7.0743,1.2613,292.02893,9.02045,513.77555,41.0,-216.21279999999996,13.892299999999999,7.5051000000000005,0.3752298524907879,0.219474250751187,-0.4641586857690833,0.014951732525835815,0.8638670987837349,-0.503719798736334,False
EVR_05,2025,2025-05-03,13.4537,20.4306,4.8857,0.1081,317.24045,7.658149999999999,521.4337,44.5,-273.87059999999997,15.544899999999998,7.5477,0.39824210958757206,0.21425597063920787,-0.4612222866214607,0.026275991728733517,0.8550745085896932,-0.518505144391157,False
EVR_05,2025,2025-05-04,16.8875,24.2438,8.5759,0.012,305.67114,11.409849999999999,532.84355,48.7,-287.5355,15.6679,9.428999999999998,0.44155722757717064,0.2487399109840158,-0.4230460509440618,0.07519394699527832,0.8460288880917339,-0.533137056031809,False
EVR_05,2025,2025-05-05,19.0305,26.1316,11.3317,0.0258,272.81488,13.731649999999998,546.5752,46.5,-292.2908,14.7999,9.3832,0.4043139160143595,0.2274538437270356,-0.41855331857487016,0.04983897830316636,0.8367329140344921,-0.5476112038402312,False
EVR_05,2025,2025-05-06,20.6301,26.8696,14.0013,0.2871,295.66445,15.43545,562.0106499999999,51.1,-309.0856,12.868299999999998,8.880099999999999,0.42809626981923893,0.23493056393438175,-0.41201008371342573,0.03480697872266353,0.8271893372462497,-0.5619233046832195,False
EVR_05,2025,2025-05-07,20.6685,26.8815,14.7435,3.481,291.08688,15.8125,577.8231499999999,51.9,-318.5188,12.138,9.354000000000001,0.4136920466197195,0.22072164789184215,-0.42305479124005996,0.019856770081966735,0.8174009818249189,-0.5760691233798758,False
EVR_05,2025,2025-05-08,19.3893,24.6451,13.3242,0.2222,288.95114,13.984649999999998,591.8078,42.3,-320.60249999999996,11.3209,6.192599999999999,0.43077199568412233,0.2217604538835129,-0.396152164853398,0.017240763639141454,0.8073707443023492,-0.5900444739548627,False
EVR_05,2025,2025-05-09,19.3927,25.1543,14.3491,6.8018,262.80371,14.7517,606.5595,40.7,-314.762,10.8052,6.274800000000001,0.42568369902708975,0.23174979734968423,-0.44078026672570175,0.05045384653630186,0.7971015927871943,-0.6038452208771035,False
EVR_05,2025,2025-05-10,12.9174,14.4406,10.3827,113.9669,90.63513,7.41165,613.97115,25.2,-181.60319999999996,4.0579,2.9216000000000015,0.4561095666093163,0.24517332789292606,-0.386222758429091,0.05786745702174423,0.7865965660866021,-0.6174672802835514,False
EVR_05,2025,2025-05-11,13.9164,18.8582,8.5226,6.168,252.4397,8.6904,622.66155,35.9,-162.6472,10.3356,5.753399999999999,0.447224404746044,0.23788783529529664,-0.42290888355391393,0.005667177168873383,0.7758587728069828,-0.6309066211876704,False
EVR_05,2025,2025-05-12,14.8907,19.8102,10.2854,10.749,244.26939,10.047799999999999,632.70935,35.4,-140.82399999999998,9.524799999999999,5.263400000000001,0.4721173242805761,0.27559966767853333,-0.41588188152502054,0.06780340826621661,0.7648913904341225,-0.6441592666722685,False
EVR_05,2025,2025-05-13,13.2825,17.4171,8.853,23.3384,219.78851,8.13505,640.8444,34.6,-101.27269999999999,8.564100000000002,5.646000000000001,0.4698193111385798,0.25585700424815877,-0.3999749954697489,0.04172304131934085,0.753697664392914,-0.6572212950663319,False
EVR_05,2025,2025-05-14,13.2527,17.8508,7.9643,5.0796,282.4591,7.9075500000000005,648.75195,38.699999999999996,-86.47409999999999,9.8865,7.286300000000001,0.48473615595486025,0.2712063756637395,-0.3879741845685172,0.07104410933514077,0.742280907086982,-0.6700888411055113,False
EVR_05,2025,2025-05-15,15.6729,21.2254,9.3457,0.3111,320.02736,10.28555,659.0375,43.6,-87.68519999999998,11.8797,8.2439,0.46887348443030064,0.23993383719363093,-0.41108095301967734,0.0381014887461783,0.7306444969184916,-0.6827580970759147,False
EVR_05,2025,2025-05-16,16.2197,20.2139,11.0044,16.4074,161.70914,10.60915,669.64665,27.7,-65.07959999999999,9.209499999999998,7.428099999999999,0.4776449783241101,0.24703275176819495,-0.4008122300275946,0.05196127929702038,0.7187918772884232,-0.6952253139408722,False
EVR_05,2025,2025-05-17,16.1136,18.847,11.886,255.5524,152.50883,10.3665,680.01315,33.2,68.5059,6.961000000000002,3.997600000000002,0.4507085016165471,0.2393545224330026,-0.42064050407857967,-0.005401064992769211,0.7067265555776158,-0.7074868024503348,False
EVR_05,2025,2025-05-18,15.4719,20.4348,11.3639,95.6842,254.41846,10.899349999999998,690.9125,44.5,149.4221,9.0709,4.7188,0.4605141493377981,0.26657131966435765,-0.40886094450848465,0.013289744591754082,0.6944521021088763,-0.719538934232584,False
EVR_05,2025,2025-05-19,17.1581,22.8922,10.2539,4.5699,305.26474,11.573049999999999,702.48555,52.3,126.34300000000002,12.6383,7.6424,0.4982145150647108,0.2663529897624708,-0.40648321275900257,0.026097190784134694,0.6819721490904629,-0.7313781428679254,False
EVR_05,2025,2025-05-20,18.1845,23.493,12.3835,0.3174,277.40624,12.93825,715.4238,48.7,89.22200000000001,11.109499999999999,7.2988,0.5073230979360923,0.2762867561129173,-0.3694792733128725,0.03750378679751254,0.6692903895412567,-0.7430009249440493,False
EVR_05,2025,2025-05-21,20.0062,25.5753,13.7404,0.0497,314.48707,14.65785,730.08165,52.5,70.3921,11.8349,7.1622,0.5022317405126764,0.2495871857900136,-0.3670894326590644,0.017495584557816135,0.6564105761979381,-0.7544038410927472,False
EVR_05,2025,2025-05-22,21.3906,28.1546,15.3402,1.6341,311.49213,16.7474,746.8290499999999,54.9,60.41510000000001,12.8144,8.3102,0.475703292555271,0.27177600753892844,-0.34747493615996794,0.00682980812497036,0.6433365204044917,-0.765583517007675,False
EVR_05,2025,2025-05-23,22.2899,28.2752,15.7512,0.1593,309.70176,17.0132,763.84225,54.5,17.367000000000004,12.524000000000001,9.4002,0.530457709235889,0.28623680569128024,-0.32132804039070406,0.05281273091177885,0.6300720909843687,-0.7765366444428655,False
EVR_05,2025,2025-05-24,22.7933,29.1727,17.0868,0.4281,306.86102,18.12975,781.972,54.0,-258.55729999999994,12.085899999999999,8.317999999999998,0.5444380181298276,0.295796266860459,-0.3027926533788194,0.09372951651328054,0.6166212130956382,-0.7872599821916922,False
EVR_05,2025,2025-05-25,19.6535,25.195,16.2255,58.1328,248.71154,15.710250000000002,797.68225,38.699999999999996,-290.3087,8.9695,4.607500000000002,0.546543716813051,0.28571041654571105,-0.3172852498241146,0.08602956747525292,0.6029878670694714,-0.7977503570459932,False
EVR_05,2025,2025-05-26,16.0304,20.6007,11.6725,112.532,228.68557,11.136600000000001,808.81885,52.0,-182.04659999999998,8.9282,6.723800000000001,0.5740159004415424,0.3204298613844643,-0.28568284994834553,0.07580138537683156,0.5891760872322963,-0.8080046647350754,False
EVR_05,2025,2025-05-27,17.7297,22.8563,10.9507,7.0871,244.8954,11.903500000000001,820.72235,43.7,-170.27689999999998,11.905600000000002,7.0009000000000015,0.5679104643994207,0.3204376177607521,-0.3201992630012123,0.06058736646332841,0.5751899607119775,-0.8180198708443174,False
EVR_05,2025,2025-05-28,19.1256,23.538,12.8747,6.178,280.76266,13.20635,833.9287,48.4,-160.04859999999996,10.6633,7.726899999999999,0.5903465145833743,0.3142600536297013,-0.2737377344854945,0.0881147740706979,0.5610336262283677,-0.8277930117131022,False
EVR_05,2025,2025-05-29,18.9002,23.9185,13.1756,4.8011,298.5387,13.547049999999999,847.47575,50.3,-152.28159999999997,10.742900000000002,6.968600000000002,0.5841423186881688,0.3201446108059291,-0.2830897431755636,0.1084390261328978,0.5467112728685939,-0.8373211953118121,False
EVR_05,2025,2025-05-30,17.8902,22.0817,12.9819,110.8988,256.19968,12.5318,860.00755,40.9,-27.942099999999982,9.099800000000002,4.0168,0.6100275946448876,0.32861156178432527,-0.3011457519889381,0.07956988540899868,0.5322271388474397,-0.8466016020976267,False
EVR_05,2025,2025-05-31,18.3246,22.8413,13.8286,13.45,279.10112,13.33495,873.3425,50.1,-11.020199999999988,9.0127,6.423500000000001,0.6030134188381149,0.32587708365537166,-0.3161880022719881,0.05857540070828726,0.5175855102531889,-0.8556314858488706,False
EVR_05,2025,2025-06-01,19.4581,25.0497,12.409,1.0087,285.20262,13.72935,887.07185,52.1,-81.54429999999999,12.6407,8.342700000000002,0.6156278206638438,0.3398615158859013,-0.23582503470334448,0.06908410385079278,0.5027907197793043,-0.8644081744776648,False
EVR_05,2025,2025-06-02,21.0213,26.678,13.4827,0.3764,306.67994,15.08035,902.1522,53.699999999999996,-195.3999,13.195300000000001,8.4926,0.6317368582704213,0.36245791376755165,-0.2541304876108895,0.05772095782887887,0.4878471454423119,-0.8729290708206411,False
EVR_05,2025,2025-06-03,22.8087,27.9365,17.2089,0.0882,323.16368,17.572699999999998,919.7248999999999,55.199999999999996,-213.8988,10.727599999999999,8.065500000000002,0.6205426936282736,0.3433216706553417,-0.27360781030877773,0.05263222922885291,0.47275920928627757,-0.881191653407483,False
EVR_05,2025,2025-06-04,24.8707,30.489,18.3342,0.1692,305.22045,19.4116,939.1365,54.6,-226.1076,12.154800000000002,8.424299999999999,0.6199202869040196,0.35262575163287674,-0.2860022851749643,0.029573772320645286,0.4575313760742512,-0.8891934772070711,False
EVR_05,2025,2025-06-05,24.7544,31.0603,17.9035,0.024,321.19494,19.481900000000003,958.6184,59.8,-240.38469999999998,13.1568,10.9829,0.6257494659036872,0.34784206710497667,-0.2846376164168884,0.04160714721551839,0.44216815196707204,-0.8969321743510065,False
EVR_05,2025,2025-06-06,23.3125,30.1514,17.2777,0.001,332.8172,18.71455,977.33295,54.199999999999996,-364.5825,12.8737,9.0068,0.650928839540829,0.3615010053019241,-0.23248138964878884,0.04090124489594138,0.42667408318992467,-0.9044054548343001,False
EVR_05,2025,2025-06-07,21.7334,28.4453,15.9715,0.0065,336.05002,17.2084,994.54135,46.6,-374.526,12.473799999999999,7.802899999999999,0.6394053042334529,0.34763234494959905,-0.2500811508479401,0.036391885395338,0.4110537546870351,-0.9116111071930239,False
EVR_05,2025,2025-06-08,21.8646,29.0713,15.2951,0.0064,340.91274,17.1832,1011.72455,45.699999999999996,-369.12829999999997,13.776200000000001,8.0641,0.6811415256669647,0.35835628198594704,-0.2220203218998749,0.06551370500312093,0.3953117887649151,-0.9185469991587165,False
EVR_05,2025,2025-06-09,22.4779,30.8042,13.8061,0.0137,337.78403,17.30515,1029.0297,42.9,-358.6909999999999,16.9981,7.971100000000002,0.6709968133368542,0.3666068674958467,-0.21049280642450197,0.03925995506643298,0.37945284372454435,-0.925211078289358,False
EVR_05,2025,2025-06-10,22.5768,28.0669,17.4945,0.6171,320.08458,17.7807,1046.8104,35.5,-338.46209999999996,10.572400000000002,8.572799999999999,0.6769678506039989,0.39738281957070826,-0.22445314374988373,0.056425156975725255,0.36348161248290634,-0.9316013725767187,False
EVR_05,2025,2025-06-11,23.299,29.765,17.2586,0.0487,322.42822,18.5118,1065.3222,38.9,-322.88259999999997,12.5064,10.3315,0.6845114042658739,0.3753296421733104,-0.22517293959571166,0.0645911173618543,0.3474028211842774,-0.9377159910299093,False
EVR_05,2025,2025-06-12,23.6128,30.5002,16.2326,0.002,332.21293,18.3664,1083.6886,40.5,-303.60459999999995,14.267599999999998,8.9398,0.7216592092543094,0.40241562307239903,-0.17633830786079197,0.09590974335062219,0.3312212278016865,-0.9435531242349544,False
EVR_05,2025,2025-06-13,22.6441,28.1267,17.4971,0.0164,324.92134,17.8119,1101.5005,34.3,-283.68919999999997,10.6296,9.233200000000002,0.7130607483206802,0.3855628591491749,-0.1781499849644444,0.0621319087798512,0.31494162072895193,-0.9491110448902284,False
EVR_05,2025,2025-06-14,21.5621,26.1847,17.2491,1.6055,287.2012,16.7169,1118.2174,28.0,-263.49019999999996,8.9356,8.914200000000001,0.7018452123502281,0.40114648000886477,-0.17670957717262897,0.062439908116775245,0.2985688173637202,-0.9543881083175908,False
EVR_05,2025,2025-06-15,21.3745,26.6017,15.4793,1.088,289.6145,16.0405,1134.2579,28.5,-245.20859999999996,11.1224,9.795100000000001,0.7414088302109223,0.4179715215131279,-0.1806167882378037,0.06026730454395757,0.2821076626819194,-0.9593827529490743,False
EVR_05,2025,2025-06-16,22.4613,28.5597,14.2679,0.0832,322.41437,16.4138,1150.6717,32.9,-235.13909999999996,14.2918,10.6132,0.7276482888218792,0.40918608192944433,-0.1936531389865638,0.056651475485024916,0.26556302780405594,-0.9640935007889755,False
EVR_05,2025,2025-06-17,24.8915,30.7764,18.037,0.0168,326.63843,19.4067,1170.0784,34.7,-234.93939999999995,12.7394,11.5752,0.7140491072617408,0.40375051501216497,-0.17297392289057945,0.03708125665774187,0.24893980855376657,-0.9685189578512204,False
EVR_05,2025,2025-06-18,24.7183,31.0513,17.0594,0.1201,327.22886,19.05535,1189.13375,32.800000000000004,-228.76799999999994,13.991900000000001,10.558,0.7323995341951609,0.41420496391439765,-0.1805733009281279,0.04788812992928704,0.23224292400907015,-0.9726578145718654,False
EVR_05,2025,2025-06-19,25.2043,30.6866,18.662,0.0704,320.75104,19.6743,1208.80805,31.4,-219.59959999999995,12.0246,9.7287,0.7819489335684353,0.4438610309655977,-0.17171616726189257,0.060289724314125936,0.21547731504673012,-0.976508846196619,False
EVR_05,2025,2025-06-20,24.6663,31.2311,19.4927,17.4103,284.74982,20.3619,1229.16995,28.8,-196.70569999999998,11.738400000000002,8.4158,0.7729611955977391,0.4117042182806907,-0.12415903565213827,0.0599004472770589,0.19864794288017112,-0.9800709131432666,False
EVR_05,2025,2025-06-21,22.1235,26.6252,17.958,1.5821,286.8773,17.2916,1246.46155,24.9,-193.62909999999997,8.667200000000001,9.8221,0.7888089183142756,0.4280982078445659,-0.1309207200941637,0.08696370596404746,0.18175978759137534,-0.9833429613388902,False
EVR_05,2025,2025-06-22,21.6487,26.522,16.2533,0.0183,295.40707,16.38765,1262.8491999999999,23.2,-189.39879999999994,10.268699999999999,10.893900000000002,0.7844405724665519,0.44661569049046607,-0.16374401009740147,0.04303174225562956,0.16481784665719793,-0.9863240225317866,False
EVR_05,2025,2025-06-23,24.4625,31.191,16.4956,0.0067,339.03728,18.8433,1281.6924999999999,31.4,-187.97529999999995,14.6954,12.140699999999999,0.7766017212900305,0.422248134113035,-0.14562305893283442,0.048953432468151314,0.14782713347053048,-0.9890132145779883,False
EVR_05,2025,2025-06-24,26.434,32.3891,18.7178,0.018,342.7116,20.553449999999998,1302.24595,34.2,-187.47409999999996,13.671299999999999,13.582600000000001,0.8051746727505142,0.4464418039491109,-0.12334549118829297,0.09112556548877349,0.13079267585675922,-0.9914097417023038,False
EVR_05,2025,2025-06-25,28.174,34.9853,22.0284,0.0124,336.72698,23.50685,1325.7528,33.2,-187.98179999999996,12.956900000000001,13.8988,0.7976382230269732,0.44248512311899335,-0.13531218049998253,0.06523868883181227,0.11371951458594969,-0.9935128947338007,False
EVR_05,2025,2025-06-26,28.5848,35.8756,18.9508,0.0009,337.55533,22.4132,1348.166,33.2,-189.85129999999995,16.924799999999998,14.728100000000001,0.7650077556366024,0.43250868574042906,-0.16721064735105245,-0.016941177931832918,0.0966127018812031,-0.9953220513156602,False
EVR_05,2025,2025-06-27,28.7667,34.8871,22.2137,0.0,331.14115,23.550399999999996,1371.7164,30.599999999999998,-209.06159999999997,12.673399999999997,14.9709,0.8426244143022357,0.4701154984570035,-0.08834249809223323,0.06966321870449654,0.07947729992362097,-0.9968366760893436,False
EVR_05,2025,2025-06-28,25.4832,30.3151,21.8145,17.309,283.762,21.064799999999998,1392.7812,22.700000000000003,-191.13469999999995,8.500600000000002,9.5869,0.8578266626992166,0.4678499014588938,-0.11303016694496434,0.06901774438494102,0.062318379354325076,-0.998056320853012,False
EVR_05,2025,2025-06-29,23.5329,26.9345,20.09,1.6305,305.71696,18.51225,1411.29345,21.1,-187.42249999999996,6.8445,11.9296,0.8587719985320429,0.48345706011989886,-0.08084411205277145,0.07433142606549104,0.04514101777397193,-0.9989806246941579,False
EVR_05,2025,2025-06-30,25.5818,30.7511,17.923,0.2108,274.5983,19.337049999999998,1430.6305,21.5,-177.31839999999997,12.828100000000003,10.763700000000002,0.8581920111517778,0.4868365361759494,-0.08674904025641585,0.08159028986174732,0.02795029824021032,-0.999609314096404,False
EVR_05,2025,2025-07-01,24.8357,30.4429,19.8228,42.7716,274.4213,20.13285,1450.76335,23.8,-124.16479999999996,10.6201,7.726299999999998,0.881666908574226,0.5139720530500852,-0.05528666991338338,0.07649223582371178,0.01075130776352193,-0.9999422030204416,False
EVR_05,2025,2025-07-02,23.3542,28.4169,17.9229,3.5386,298.74634,18.1699,1468.93325,26.1,-113.53859999999996,10.494,10.0017,0.8825588017544027,0.4694944607946754,-0.0880816915855805,0.08492057872742953,-0.00645086419810515,-0.9999791929590823,False
EVR_05,2025,2025-07-03,23.8513,30.7578,15.695,0.0382,334.2566,18.226399999999998,1487.15965,28.1,-108.40129999999996,15.0628,11.682599999999999,0.8907162721410902,0.489480715469878,-0.10823977108398247,0.12570851650448778,-0.023651127245231586,-0.9997202729664083,False
EVR_05,2025,2025-07-04,24.5339,30.7881,17.1995,0.0051,332.39203,18.9938,1506.15345,25.2,-102.99619999999997,13.5886,10.541699999999999,0.8696543687790751,0.4857814088855105,-0.046547215813005666,0.027029954476839424,-0.04084439154329611,-0.9991655196610109,False
EVR_05,2025,2025-07-05,25.3529,32.1612,17.27,0.0078,336.77533,19.715600000000002,1525.86905,25.4,-122.99739999999997,14.891200000000001,11.932100000000002,0.8835878031775216,0.4988934986754671,-0.055685179219231815,0.025761140478305022,-0.05802556932878035,-0.9983150972033183,False
EVR_05,2025,2025-07-06,26.3066,33.6176,19.3001,0.0026,333.53606,21.45885,1547.3279,23.2,-126.72529999999996,14.317500000000003,11.5717,0.881611594794157,0.47356125193951326,-0.07621831033271435,0.02283959626211407,-0.07518957641475855,-0.9971692572470178,False
EVR_05,2025,2025-07-07,27.2772,34.8079,19.3214,0.0004,332.8333,22.06465,1569.39255,24.2,-129.63569999999996,15.486499999999996,11.1936,0.8817759033577457,0.4862102253195537,-0.06402458490002712,0.023583892205967905,-0.09233133369539122,-0.9957283388645872,False
EVR_05,2025,2025-07-08,27.3331,34.4632,19.5806,0.0,332.004,22.021900000000002,1591.41445,23.599999999999998,-172.20729999999995,14.8826,10.886300000000002,0.9002615793430472,0.48652308129957655,-0.02684385289650702,0.018594670768821153,-0.10944576864891556,-0.993992768446958,False
EVR_05,2025,2025-07-09,28.4336,36.4032,19.764,0.0262,331.33174,23.083599999999997,1614.49805,23.2,-172.81969999999995,16.6392,12.618999999999998,0.8431842977892547,0.4533862970364323,-0.07819643338759535,-0.03937450396514797,-0.12652781683868314,-0.9919630595773397,False
EVR_05,2025,2025-07-10,24.4268,29.6821,19.9057,0.0098,297.90784,19.7939,1634.29195,17.0,-161.74809999999997,9.776399999999999,12.8951,0.9013671243869417,0.5032881436292992,-0.04021381965747263,0.010650852245851494,-0.1435724234118113,-0.9896398128792412,False
EVR_05,2025,2025-07-11,24.6824,30.1759,19.9496,0.0017,287.51818,20.06275,1654.3547,15.0,-151.55149999999998,10.226299999999998,10.868400000000001,0.8789818587925466,0.49427292222236835,-0.04631591233274947,0.009327490013471551,-0.16057454459499376,-0.9870237158387383,False
EVR_05,2025,2025-07-12,24.9115,30.9244,19.1894,0.0132,319.7253,20.0569,1674.4116,15.8,-141.94609999999997,11.735,10.0775,0.9069865705329813,0.5176161577281811,-0.06294076606466836,0.02339876735545965,-0.17752914918703497,-0.984115542601034,False
EVR_05,2025,2025-07-13,25.9457,32.5748,18.5128,0.0086,330.26928,20.5438,1694.9554,16.8,-135.54009999999997,14.062000000000005,12.9005,0.8988378922130978,0.48929203917494,-0.07503616937379023,0.017226297418940884,-0.19443122004766195,-0.9809161537413774,False
EVR_05,2025,2025-07-14,26.4538,33.2906,18.4572,0.0009,331.62883,20.8739,1715.8292999999999,17.2,-128.53959999999995,14.833399999999997,14.556700000000001,0.8907616725028115,0.4923451777411219,-0.0656689185091517,0.00898576914506577,-0.2112757555821793,-0.9774264960104055,False
EVR_05,2025,2025-07-15,27.2894,33.1195,21.4676,0.0034,325.58858,22.293550000000003,1738.12285,15.8,-120.73619999999997,11.651900000000001,13.339400000000001,0.8873892237062465,0.49112731506634105,-0.06273878116632686,-0.01287235563680067,-0.2280577712215198,-0.9736476020539838,False
EVR_05,2025,2025-07-16,28.2607,34.2928,21.5253,0.0052,322.91565,22.90905,1761.0319,17.5,-115.05719999999997,12.767499999999998,15.7924,0.8729584166683522,0.46648969677025504,-0.0726440407364517,0.029774118879097422,-0.24477230089725957,-0.9695805901076308,False
EVR_05,2025,2025-07-17,28.2452,34.4956,21.0209,0.0185,316.31258,22.758250000000004,1783.79015,17.9,-115.94849999999997,13.474700000000002,12.9589,0.8615225387519201,0.453804032190531,-0.0815911875550733,-0.03984458563502158,-0.2614143985111562,-0.965226663665613,False
EVR_05,2025,2025-07-18,26.0275,30.8287,22.0835,0.4126,294.0542,21.4561,1805.24625,13.899999999999999,-114.43759999999996,8.7452,9.7821,0.8834714649184794,0.5016705990965976,-0.05307312148602987,0.0044896061259327436,-0.2779791393987801,-0.9605871111248129,False
EVR_05,2025,2025-07-19,26.0808,31.0231,21.4319,5.5167,262.26634,21.2275,1826.4737499999999,13.6,-106.73409999999996,9.5912,10.2596,0.8612439300978189,0.4807464973614471,-0.10634058799990624,-0.04574264043516241,-0.2944616217868012,-0.9556633054034704,False
EVR_05,2025,2025-07-20,27.3829,33.5088,19.3886,0.4006,315.54768,21.448700000000002,1847.92245,17.8,-107.34209999999995,14.1202,13.293099999999999,0.8684043026219335,0.4775528010799159,-0.09254314662789884,-0.03043358959116438,-0.3108569682435036,-0.9504567035349151,False
EVR_05,2025,2025-07-21,28.7194,34.0351,21.9263,0.0004,315.65152,22.9807,1870.90315,17.5,-107.64259999999996,12.108799999999999,13.526,0.8450822610339576,0.4696910181655283,-0.0780975474719293,-0.0456794114688539,-0.3271603271220951,-0.9449688462364056,False
EVR_05,2025,2025-07-22,30.5343,37.1279,22.8126,0.0,315.04074,24.97025,1895.8734,17.7,-109.54599999999995,14.315299999999997,13.8381,0.8071460398549783,0.42797953741645445,-0.12090754501071159,-0.08024318385126816,-0.34336687399638804,-0.939201357453208,False
EVR_05,2025,2025-07-23,31.3134,38.7404,25.1099,0.0098,316.62502,26.925150000000002,1922.79855,18.8,-110.84139999999995,13.630500000000001,14.349,0.8125142444759693,0.440636033651256,-0.125837696337436,-0.06044417219238285,-0.3594718130884232,-0.9331559438780432,False
EVR_05,2025,2025-07-24,28.7413,35.1906,23.6281,0.0129,315.527,24.409350000000003,1947.2079,12.9,-105.84699999999995,11.562500000000004,11.0338,0.7687671076739326,0.43749073807998107,-0.129050575410131,-0.09275543107798745,-0.3754703786876202,-0.9268343944460494,False
EVR_05,2025,2025-07-25,28.5206,35.3185,22.3186,0.0013,313.73162,23.818550000000002,1971.02645,12.9,-105.25829999999996,12.9999,11.006700000000002,0.7984210694346253,0.44538741626029626,-0.13271100506180772,-0.08505039548385407,-0.3913578365610259,-0.9202385798054075,False
EVR_05,2025,2025-07-26,28.5467,34.936,22.4518,0.0,316.641,23.6939,1994.72035,12.4,-109.57499999999996,12.484200000000001,13.121200000000002,0.8378231022087981,0.4558027226712876,-0.1337786937742517,-0.02342082788902078,-0.4071294853542516,-0.9133704517637858,False
EVR_05,2025,2025-07-27,28.7665,35.6946,22.9581,0.0,317.4831,24.32635,2019.0467,12.6,-104.77559999999997,12.7365,11.077000000000002,0.7753763992035984,0.439197268140266,-0.15952311885508502,-0.09302790341833511,-0.4227806579826773,-0.9062320427107697,False
EVR_05,2025,2025-07-28,28.8137,35.1498,20.9096,0.0,308.7963,23.0297,2042.0764,12.9,-100.17599999999996,14.240199999999998,9.384,0.7675302093152152,0.4233737879897072,-0.1679116629516525,-0.07755205171874235,-0.4383067230125192,-0.898825465016444,False
EVR_05,2025,2025-07-29,29.1809,35.5092,23.011,0.0,308.54173,24.2601,2066.3365,12.8,-95.27599999999995,12.4982,10.578,0.7762827369760585,0.4220366894418921,-0.14269421227793475,-0.030863302878919807,-0.45370308603134424,-0.8911529104063088,False
EVR_05,2025,2025-07-30,26.8308,30.7529,23.5522,5.7745,225.96024,22.152549999999998,2088.48905,10.0,-80.71129999999997,7.200700000000001,7.416,0.8282076291673687,0.44997223786159807,-0.12414391288332297,0.01569338469139936,-0.46896519100763184,-0.8832166493127127,False
EVR_05,2025,2025-07-31,25.9316,30.659,21.979,4.0875,258.29302,21.319,2109.80805,8.8,-72.53669999999995,8.68,7.846299999999999,0.7995596107065804,0.438274757705445,-0.14260837207010846,0.0307925030326478,-0.48408852163897587,-0.8750190302029955,False
EVR_05,2025,2025-08-01,25.2756,29.9629,21.0234,5.5981,250.6764,20.49315,2130.3012,9.5,-63.53989999999996,8.939500000000002,9.1109,0.7862761727223934,0.4240345606080008,-0.1445554914641748,-0.012144896712231956,-0.4990686026885319,-0.8665624788845385,False
EVR_05,2025,2025-08-02,25.5442,29.6299,22.0077,3.2209,209.64653,20.8188,2151.12,7.5,-55.418999999999954,7.622199999999999,8.661999999999999,0.7554802506251203,0.41593406162109714,-0.15610377575258777,-0.08234285158367782,-0.5139010013093103,-0.8578494977869301,False
EVR_05,2025,2025-08-03,26.0796,31.589,20.739,0.9651,272.2287,21.164,2172.284,9.4,-51.25389999999996,10.849999999999998,8.933799999999998,0.7728268697637828,0.4235895485663447,-0.18178232916477263,-0.0025495294398155677,-0.5285813283559292,-0.8488826652214553,False
EVR_05,2025,2025-08-04,26.3052,32.2194,20.4315,0.1607,283.9079,21.32545,2193.60945,9.700000000000001,-47.89319999999996,11.7879,9.113199999999999,0.7562207931852816,0.4023272373490339,-0.1894589043983111,-0.011309416129933636,-0.5431052396834317,-0.8396646346181327,False
EVR_05,2025,2025-08-05,26.4857,32.0905,21.2881,0.0298,297.5253,21.6893,2215.29875,8.8,-43.86339999999996,10.802399999999999,9.242700000000003,0.7435412177416632,0.4358772932255265,-0.19047751852833483,-0.03274151923439539,-0.5574684374327892,-0.8301981337405212,False
EVR_05,2025,2025-08-06,26.5033,31.1383,22.5374,5.598,219.58712,21.837850000000003,2237.1366,7.6,-41.639899999999955,8.6009,8.174299999999999,0.7310296894132265,0.40182946916044954,-0.18050166968271053,-0.09717793975414213,-0.5716666713027052,-0.8204859638785327,False
EVR_05,2025,2025-08-07,26.3523,31.6251,22.0003,2.9842,268.862,21.8127,2258.9493,12.200000000000001,-46.143199999999965,9.6248,8.698799999999999,0.6955272678839782,0.3764159693366644,-0.23244672995271037,-0.10403234282260221,-0.5856957398073508,-0.8105309990194823,False
EVR_05,2025,2025-08-08,25.9007,29.9538,21.8681,1.1084,247.08939,20.91095,2279.86025,7.6,-48.732899999999965,8.085700000000003,8.168800000000001,0.7248870842072977,0.41236658229982415,-0.1686369080343408,-0.06138908851509561,-0.5995514915196489,-0.8003361849976323,False
EVR_05,2025,2025-08-09,25.4066,31.5157,20.1055,0.0844,295.33216,20.8106,2300.67085,8.8,-53.16939999999997,11.4102,9.6813,0.7063112435610176,0.3956764607807859,-0.21527806860574691,-0.049169007064102654,-0.6132298262997502,-0.7899045386224707,False
EVR_05,2025,2025-08-10,26.6657,32.7224,21.2572,0.0116,304.7646,21.989800000000002,2322.66065,9.299999999999999,-54.022899999999964,11.4652,11.984200000000001,0.7015489417840938,0.39556680596138294,-0.21285563084340925,-0.07127792797968902,-0.6267266965083301,-0.7792391467859886,False
EVR_05,2025,2025-08-11,26.9107,33.7353,21.3336,0.0009,303.27456,22.53445,2345.1951,9.299999999999999,-53.78269999999996,12.401700000000002,11.576399999999998,0.6916306255417968,0.3838532764584242,-0.22212887532351763,-0.0645901676434848,-0.6400381082043503,-0.7683431655492202,False
EVR_05,2025,2025-08-12,25.8397,31.5917,21.4585,0.0077,297.04182,21.525100000000002,2366.7202,7.7,-52.704799999999956,10.133199999999999,10.2132,0.6706781210063929,0.3742326936870618,-0.26837989385575844,-0.07286309673527025,-0.65316012232693,-0.7572198192083127,False
EVR_05,2025,2025-08-13,24.7215,29.5024,20.7512,0.0013,276.90256,20.126800000000003,2386.847,6.3,-57.001499999999965,8.7512,9.0941,0.6937533878811897,0.3730700858457209,-0.22254358116333253,-0.03727630153203687,-0.666088855860977,-0.7458723993404063,False
EVR_05,2025,2025-08-14,24.9713,29.8656,21.0515,0.0047,281.82765,20.458550000000002,2407.30555,6.0,-53.78099999999996,8.8141,9.5025,0.6727297390166339,0.3683177935832437,-0.24932310598829624,-0.02279752886734432,-0.6788204829862355,-0.734304263829602,False
EVR_05,2025,2025-08-15,25.507,30.2351,22.0327,0.0283,273.57574,21.133899999999997,2428.43945,6.1000000000000005,-53.36109999999996,8.2024,10.962900000000001,0.6634693423448151,0.354536520011617,-0.275215035022729,-0.06141774186248261,-0.6913512362094071,-0.722518835873311,False
EVR_05,2025,2025-08-16,24.7396,29.4896,20.8217,0.0159,279.78144,20.15565,2448.5951,5.8,-50.42959999999995,8.6679,10.521799999999999,0.6097298952043276,0.31786086304139805,-0.26669622963178047,-0.09658134835668997,-0.7036774074790128,-0.7105196029692745,False
EVR_05,2025,2025-08-17,24.5669,30.0132,19.6352,0.0156,271.85306,19.8242,2468.4193,6.2,-47.32559999999996,10.378,10.0725,0.6524055072569723,0.3695648168410285,-0.2664797759105292,-0.04914343452712144,-0.7157953492826642,-0.6983101158835584,False
EVR_05,2025,2025-08-18,25.3754,32.0289,18.5296,0.0012,289.11107,20.279249999999998,2488.69855,8.1,-46.12529999999995,13.499300000000002,9.841299999999999,0.5945644456781897,0.33840075011187093,-0.3109793119622796,-0.0970661798636071,-0.7277014757264236,-0.6858939875998223,False
EVR_05,2025,2025-08-19,23.9531,29.11,20.4333,56.4627,244.39683,19.77165,2508.4702,11.2,6.829700000000038,8.6767,6.3706,0.599645880373317,0.3149526653895147,-0.2935964501414893,-0.0710322406330759,-0.7393922635959241,-0.673274892250183,False
EVR_05,2025,2025-08-20,23.7382,28.0287,19.3238,7.3351,241.15302,18.67625,2527.14645,16.0,4.463500000000039,8.704900000000002,8.050099999999999,0.5921956816622683,0.3068101909445086,-0.31532772898720374,-0.10155770621892135,-0.7508642533989489,-0.6604565640279754,False
EVR_05,2025,2025-08-21,25.1386,31.1868,18.7604,0.2316,287.6636,19.9736,2547.12005,17.9,-7.209599999999959,12.426400000000001,10.5629,0.5745482191588397,0.3200868959841458,-0.3175333791057785,-0.09818151985779422,-0.7621140503891487,-0.6474427960827475,False
EVR_05,2025,2025-08-22,27.1431,34.6826,19.2768,0.0026,286.25053,21.9797,2569.09975,15.9,-17.035299999999957,15.4058,11.8117,0.566508523944875,0.30751554848265233,-0.29811356261139216,-0.09696081839994009,-0.7731383255706026,-0.6342374393978054,False
EVR_05,2025,2025-08-23,25.8563,30.9372,21.8442,0.0555,269.3443,21.390700000000002,2590.4904500000002,12.5,-23.69569999999996,9.093,10.674900000000001,0.560871438689639,0.29409494455356117,-0.31324945443257723,-0.048858456514688675,-0.7839338166829201,-0.620844401650647,False
EVR_05,2025,2025-08-24,24.7818,29.7079,20.5817,0.432,277.36672,20.1448,2610.63525,10.6,-27.67929999999996,9.126199999999997,13.163300000000001,0.5341824427848083,0.3041018496167509,-0.2991721596850548,-0.11822306447216402,-0.7944973291665992,-0.6072676460566135,False
EVR_05,2025,2025-08-25,23.2517,28.2459,19.2577,2.0175,249.70349,18.7518,2629.38705,8.200000000000001,-25.76299999999996,8.988199999999999,9.8797,0.546130947685493,0.3073342171120052,-0.32563226441877574,-0.048433497992696695,-0.8048257371083452,-0.593511190196115,False
EVR_05,2025,2025-08-26,22.7432,27.9753,17.9826,0.173,245.55,17.97895,2647.366,7.0,-77.85269999999996,9.9927,10.223100000000002,0.5594646071423083,0.3213910888168209,-0.31907445558027947,-0.04018127323100873,-0.8149159841660791,-0.5795791048257612,False
EVR_05,2025,2025-08-27,22.734,28.3564,18.2287,0.0009,265.78266,18.29255,2665.65855,6.2,-75.38689999999995,10.1277,9.615800000000002,0.5167938889009991,0.2750351106865187,-0.35212726976169834,-0.07540179276126924,-0.8247650844733614,-0.5654755126737576,False
EVR_05,2025,2025-08-28,23.036,28.4865,18.4584,0.0026,272.34557,18.472450000000002,2684.131,6.0,-63.71589999999996,10.028099999999998,9.584600000000002,0.5524618044843427,0.2792228027994178,-0.32773851231639956,-0.022086414674497012,-0.8343701235229538,-0.5512045872199277,False
EVR_05,2025,2025-08-29,24.1718,30.3896,18.1794,0.0716,254.03773,19.2845,2703.4155,6.1000000000000005,-53.84689999999996,12.2102,8.3321,0.5093449998113174,0.27828890159915914,-0.35298108952195284,-0.05716352413355763,-0.8437282590292712,-0.5367705514607103,False
EVR_05,2025,2025-08-30,25.0601,31.0695,18.7046,0.0598,262.94678,19.887050000000002,2723.30255,7.2,-48.542599999999965,12.364900000000002,7.942,0.5227176475475891,0.2844407230811111,-0.35924581147731777,-0.038153791142049864,-0.8528367217694595,-0.522177676659508,False
EVR_05,2025,2025-08-31,26.2848,31.8877,21.3151,0.0328,243.25067,21.601399999999998,2744.90395,6.4,-44.74179999999996,10.572599999999998,9.877600000000001,0.4780701175965626,0.24389006347533507,-0.42135957285169445,-0.056112325188245715,-0.8616928164028522,-0.5074302810827518,False
EVR_05,2025,2025-09-01,25.0447,30.2512,18.6639,0.0087,245.23658,19.45755,2764.3615,6.6,-45.150599999999955,11.587299999999999,10.301599999999999,0.49147516680814995,0.2762476489875516,-0.38052503143513106,-0.05465578087734302,-0.8702939222685674,-0.49253272872205434,False
EVR_05,2025,2025-09-02,26.0197,31.8987,19.2277,0.0141,228.71707,20.563200000000002,2784.9247,5.8,-44.10949999999996,12.671000000000003,10.4108,0.46468671577283394,0.24877701323662374,-0.4327676406275141,-0.09477789136947434,-0.8786374941610001,-0.4774894280028391,False
EVR_05,2025,2025-09-03,25.7827,32.2416,19.6256,0.003,257.56248,20.9336,2805.8583,5.8999999999999995,-43.80739999999996,12.616,9.483799999999999,0.4534489205786027,0.2428420038767777,-0.39425565448731165,-0.06334496832239639,-0.886721063082993,-0.46230483047981086,False
EVR_05,2025,2025-09-04,24.9758,30.1242,20.9368,0.4868,231.15451,20.5305,2826.3888,4.5,-41.82319999999996,9.187399999999997,7.528299999999998,0.4550901390671907,0.24092601766390828,-0.40946322680121494,-0.09737166541715198,-0.8945422369764496,-0.4469834295196741,False
EVR_05,2025,2025-09-05,24.5821,29.3517,21.1925,0.0279,235.19861,20.272100000000002,2846.6609,4.1000000000000005,-39.86689999999996,8.159200000000002,8.456400000000002,0.42851569605180045,0.24826732060156612,-0.4240472496697472,-0.08082930375951697,-0.9020987014301837,-0.43152975897147144,False
EVR_05,2025,2025-09-06,21.4908,24.7024,19.2026,52.0114,101.04717,16.9525,2863.6134,9.700000000000001,9.584700000000034,5.4998000000000005,4.2402000000000015,0.3924086547184156,0.2124782664977084,-0.4476344283029254,-0.13030899282917352,-0.9093882203647925,-0.4159483918249421,False
EVR_05,2025,2025-09-07,21.5179,25.1739,18.0779,10.422,128.95319,16.6259,2880.2393,10.0,16.373900000000038,7.096,6.1137000000000015,0.38213171026014714,0.21997872285476536,-0.46415062154436504,-0.09593840733641545,-0.9164086366943458,-0.4002439388573056,False
EVR_05,2025,2025-09-08,21.9734,27.0602,18.0696,4.7949,193.0582,17.5649,2897.8042,11.6,16.16010000000004,8.990599999999997,7.0710000000000015,0.38003516922955183,0.20205020872178522,-0.49970269166770237,-0.11143999757859813,-0.9231578729647039,-0.38442104726885545,False
EVR_05,2025,2025-09-09,22.6365,28.5161,16.878,0.9664,233.7798,17.69705,2915.50125,11.5,11.412400000000037,11.638100000000001,6.832700000000001,0.3771000529896441,0.20718083527216619,-0.47959167648383316,-0.08758666278318983,-0.9296339319682695,-0.3684843993077793,False
EVR_05,2025,2025-09-10,23.8187,29.7926,18.0169,0.4745,237.20155,18.90475,2934.406,11.299999999999999,6.4839000000000375,11.7757,8.6351,0.3717077644480632,0.20893084843746193,-0.47171441485967264,-0.0817411561305395,-0.9358348973349941,-0.35243871088460327,False
EVR_05,2025,2025-09-11,24.0061,29.0543,19.4271,0.0228,236.63886,19.2407,2953.6467000000002,8.8,1.7199000000000382,9.627200000000002,6.8903,0.4107627581176453,0.22374127736808042,-0.4597433933763987,-0.044327380949545414,-0.9417589340994617,-0.33628873017668287,False
EVR_05,2025,2025-09-12,23.9313,29.4896,19.8212,5.8561,222.30517,19.6554,2973.3021,8.9,2.748100000000038,9.668399999999998,5.858799999999999,0.37059011240623585,0.21092187156323491,-0.4539249593099569,-0.057925583645564604,-0.9474042892438845,-0.32003923622313857,False
EVR_05,2025,2025-09-13,23.0298,27.6012,19.8629,0.7312,205.21134,18.73205,2992.03415,6.7,-45.532099999999964,7.738299999999999,7.447900000000002,0.384588794632913,0.20689895218558982,-0.4656693443712399,-0.007819860085502561,-0.9527692922168511,-0.30369503751065885,False
EVR_05,2025,2025-09-14,21.0506,25.6187,17.5529,0.0165,227.42134,16.5858,3008.6199500000002,6.0,-51.93759999999997,8.0658,8.4931,0.35421558623820987,0.1795114854638607,-0.47341375131007063,-0.027916124021937272,-0.9578523554276669,-0.28726097055059635,False
EVR_05,2025,2025-09-15,20.8952,26.6839,15.6868,0.0501,223.30341,16.18535,3024.8053,5.7,-50.78239999999997,10.997100000000001,8.7595,0.35929169516804044,0.19597505247261146,-0.45999756289861743,-0.02074347406151139,-0.9626519747161487,-0.2707418984477642,False
EVR_05,2025,2025-09-16,21.8905,28.2753,15.1375,0.0037,230.25598,16.706400000000002,3041.5117,6.1000000000000005,-46.34509999999997,13.137800000000002,7.5723,0.3510602878902364,0.18478683472519464,-0.5128926553033439,-0.026039765099407697,-0.9671667297977312,-0.2541427094613622,False
EVR_05,2025,2025-09-17,21.5921,28.5314,16.0178,11.2742,200.58728,17.2746,3058.7863,6.1000000000000005,-30.345399999999966,12.5136,7.495099999999999,0.3539598155526973,0.18527865272548824,-0.4591862852811973,-0.017747948895365906,-0.97139528468375,-0.23746831555846842,False
EVR_05,2025,2025-09-18,19.3816,24.1234,15.2488,2.7843,208.62133,14.6861,3073.4724,9.9,-28.683899999999966,8.874600000000001,11.4287,0.3279134286135431,0.1905780262731728,-0.506346015752537,-0.08284932950410218,-0.9753363880767837,-0.2207236509605022,False
EVR_05,2025,2025-09-19,18.8365,24.5153,13.0515,0.0072,234.99402,13.7834,3087.2558,8.4,-34.032799999999966,11.463799999999999,11.0104,0.33530457993028345,0.18747679216774804,-0.5176083369108215,-0.0352855324759524,-0.9789888737409319,-0.20391367068311472,False
EVR_05,2025,2025-09-20,19.7816,25.6631,13.4468,0.183,197.02509,14.554949999999998,3101.81075,6.5,-34.380999999999965,12.2163,7.907100000000002,0.3262022720771081,0.17343196853022966,-0.4956940100024405,-0.0583865225558049,-0.9823516608469237,-0.18704334906991657,False
EVR_05,2025,2025-09-21,20.6419,25.9396,16.4511,0.0207,215.56466,16.195349999999998,3118.0061,6.3,-34.676799999999965,9.488499999999998,7.3529,0.32804437322499236,0.1963291643617876,-0.516653804101703,-0.02617121301321751,-0.9854237542919524,-0.17011767832049052,False
EVR_05,2025,2025-09-22,20.7902,26.8633,16.292,0.0253,224.22875,16.57765,3134.5837500000002,5.8999999999999995,-34.901599999999966,10.571299999999997,7.107599999999998,0.3138572963718098,0.17316522977922694,-0.5438701136165143,-0.045434398796230624,-0.9882042449941422,-0.15314166701312007,False
EVR_05,2025,2025-09-23,20.392,27.0598,13.6628,0.0017,224.21586,15.3613,3149.94505,6.2,-35.00359999999997,13.396999999999998,6.620899999999999,0.29995818363459814,0.1592940410178637,-0.564201884696826,-0.05110210425563827,-0.9906923101615609,-0.13612033862266704,False
EVR_05,2025,2025-09-24,20.3754,26.7539,14.0388,0.0,222.4388,15.396350000000002,3165.3414000000002,5.6,-45.777799999999964,12.715100000000001,6.256399999999999,0.28393607399773224,0.15003873782732777,-0.544064146416416,-0.07002374155496505,-0.9928872135356962,-0.11905873003404988,False
EVR_05,2025,2025-09-25,19.8853,25.5656,15.3723,0.0703,173.117,15.46895,3180.81035,3.7,-42.29179999999996,10.1933,6.118500000000001,0.26839629459278086,0.13678003946367315,-0.5437920600260879,-0.05951713402076225,-0.994788305609327,-0.10196189005174576,False
EVR_05,2025,2025-09-26,18.397,21.3184,15.7556,7.5353,113.037736,13.536999999999999,3194.34735,5.7,-32.06369999999996,5.562800000000001,5.565499999999998,0.25707698282745794,0.14371384422214,-0.5681566858196632,-0.07822759710282551,-0.9963950238187231,-0.08483487790576538,False
EVR_05,2025,2025-09-27,16.938,20.2187,14.6571,0.539,139.235,12.437899999999999,3206.78525,3.2,-28.407699999999963,5.5615999999999985,8.929499999999999,0.2748442948000865,0.15524485468808216,-0.5518904491032923,-0.05135797727702163,-0.9977068927101168,-0.06768276175455162,False
EVR_05,2025,2025-09-28,17.3474,20.7047,14.2847,0.0759,120.22009,12.494700000000002,3219.27995,2.7,-24.752499999999966,6.419999999999998,9.1705,0.28541565665399016,0.12974146167461975,-0.5529831428939113,-0.0426287165710022,-0.9987235240803972,-0.050510617185222886,False
EVR_05,2025,2025-09-29,16.3045,19.8139,12.5852,48.9177,86.67181,11.199550000000002,3230.4795,10.9,19.13990000000004,7.2287,4.971100000000002,0.256263675345645,0.14008407695662478,-0.5609624657346333,-0.05759362102616483,-0.9994446170919858,-0.033323525711631344,False
EVR_05,2025,2025-09-30,16.6618,21.619,10.6346,2.7144,183.15634,11.1268,3241.6063,7.3,20.75260000000004,10.984399999999999,7.6563,0.26415092700494325,0.15317468353123617,-0.5528289441440519,-0.03580725662965489,-0.9998699583618592,-0.016126573270657762,False
EVR_05,2025,2025-10-01,16.6974,21.7248,11.8124,0.7482,185.537,11.7686,3253.3749,7.1000000000000005,20.00080000000004,9.912399999999998,7.279199999999998,0.26038387558421927,0.1316016663181958,-0.5654880431595649,-0.02355219841351297,-0.9999994220246925,0.001075151282798226,False
EVR_05,2025,2025-10-02,17.5701,20.6587,14.0783,7.1328,104.05534,12.368500000000001,3265.7434,4.5,26.26330000000004,6.580399999999999,5.7392,0.23874464543161603,0.12821317756762468,-0.5783045171165725,-0.029651649161164834,-0.999832969770105,0.018276557681691223,False
EVR_05,2025,2025-10-03,16.5637,19.278,12.2657,248.3877,87.63327,10.77185,3276.51525,26.0,246.81570000000005,7.012299999999998,1.9109000000000016,0.25446756347496624,0.14087465018689363,-0.5576695795922662,-0.002609419352491704,-0.9993706508539969,0.03547255575312556,False
EVR_05,2025,2025-10-04,14.3599,18.1593,10.9976,48.8126,148.16198,9.57845,3286.0937,17.9,280.38930000000005,7.1617000000000015,4.1584,0.228170583326994,0.12309144845147717,-0.6227113894333679,-0.04667371147309249,-0.9986126020839734,0.052658056924614005,False
EVR_05,2025,2025-10-05,16.3204,20.558,12.4129,3.1152,148.7657,11.48545,3297.57915,13.4,272.72860000000003,8.1451,5.3735,0.23241632083386485,0.1320586808879291,-0.5663964843040892,-0.05299933582012531,-0.9975590477788613,0.06982797572987089,False
EVR_05,2025,2025-10-06,17.6263,22.3304,12.3967,15.9902,141.78275,12.36355,3309.9427,12.5,238.20110000000005,9.933700000000002,4.760200000000001,0.24549260146423693,0.12485223800162941,-0.6080463177066293,-0.01077107388140805,-0.9962102997023297,0.0869772313136861,False
EVR_05,2025,2025-10-07,12.8845,15.3302,11.0733,390.2622,44.621148,8.20175,3318.1444500000002,19.3,613.7489,4.2569,1.1357999999999997,0.24213410465198668,0.11834065279394886,-0.6047053305094917,-0.022016822352956572,-0.9945667569706337,0.1041007489354256,False
EVR_05,2025,2025-10-08,12.8091,14.8811,11.0139,23.3533,75.92053,7.9475,3326.09195,11.799999999999999,631.6540000000001,3.8672000000000004,4.611700000000001,0.22601974405873573,0.12265653073070726,-0.5915163825992454,-0.03436413152548354,-0.9926289059345095,0.121193461470736,False
EVR_05,2025,2025-10-09,14.7115,18.8371,11.9669,37.7328,107.619976,10.402000000000001,3336.49395,21.9,644.854,6.870199999999999,4.5489999999999995,0.22044163505478434,0.12340678629891387,-0.5965329806947087,-0.018303010376831685,-0.9903973200352558,0.1382503109109819,False
EVR_05,2025,2025-10-10,15.1421,20.0737,10.7314,2.0631,172.12654,10.40255,3346.8965,20.0,404.52940000000007,9.342299999999998,4.83,0.2581544565639081,0.16324311732259916,-0.5357323931075177,0.0036868930889418783,-0.9878726596350429,0.15526624985999563,False
EVR_05,2025,2025-10-11,12.688,16.9966,9.0603,8.9093,77.1992,8.02845,3354.92495,10.3,372.22610000000003,7.936300000000001,3.452400000000001,0.2145523514419766,0.11199420563680079,-0.6089249265978667,-0.013618231885017401,-0.9850556718215013,0.172236243027682,False
EVR_05,2025,2025-10-12,13.7857,18.4881,7.5244,2.0437,145.01827,8.00625,3362.9312,14.5,370.05460000000005,10.9637,4.7265999999999995,0.22173311874568194,0.11520523922565618,-0.6022857700474987,-0.010683202088182908,-0.981947190186646,0.18915526872004093,False
EVR_05,2025,2025-10-13,15.6734,19.8593,11.5534,1.5954,144.59795,10.70635,3373.63755,15.0,353.1598000000001,8.305900000000001,4.939,0.21433357611673703,0.12277167920837237,-0.5839095651436189,-0.031159025347499897,-0.9785481345802031,0.20601832032517084,False
EVR_05,2025,2025-10-14,14.8245,19.6297,9.9452,0.6839,150.8156,9.78745,3383.425,15.9,-33.018499999999946,9.6845,4.9976,0.2558933343430485,0.1316531957925378,-0.552887032453156,0.01375922969106183,-0.9748595108374125,0.22282040779479959,False
EVR_05,2025,2025-10-15,14.5042,17.8683,11.7763,0.411,100.94482,9.822300000000002,3393.2473,10.6,-54.760799999999946,6.0920000000000005,4.142900000000001,0.2687913251978572,0.15226475988220675,-0.5713718967156577,0.04277158113912147,-0.9708824104813836,0.23955655912092708,False
EVR_05,2025,2025-10-16,14.3875,17.885,11.427,8.329,130.36859,9.656,3402.9033,14.3,-76.56459999999996,6.458000000000002,4.138399999999999,0.26363312475524203,0.1344811386784894,-0.556759323141084,0.04319148970045769,-0.9666180104000972,0.2562218218071163,False
EVR_05,2025,2025-10-17,15.5224,18.7224,12.5601,9.2448,95.78506,10.64125,3413.54455,11.5,-60.88289999999995,6.1623,4.1731,0.2409830139611634,0.13345991472232005,-0.5930378074914049,-0.017171442602744724,-0.9620675724981452,0.27281126433401914,False
EVR_05,2025,2025-10-18,16.4466,20.0726,13.5549,32.0811,106.76956,11.813749999999999,3425.3583,13.4,-40.81109999999994,6.517700000000001,3.2464999999999993,0.2559990822440069,0.13420082957354112,-0.5580442466412755,0.04144673080203032,-0.957232443323312,0.28931997761869527,False
EVR_05,2025,2025-10-19,14.4375,17.5377,10.214,46.3139,100.34699,8.87585,3434.23415,16.2,1.7591000000000534,7.3237000000000005,5.371499999999999,0.2570243883996882,0.1411479892065326,-0.530083070503592,0.03529126965400628,-0.9521140536681102,0.3057430764672831,False
EVR_05,2025,2025-10-20,12.8393,17.4615,8.4145,2.2488,158.84034,7.938000000000001,3442.17215,14.4,3.0125000000000544,9.047,4.129199999999999,0.2503457745239091,0.12004423463274948,-0.5662802957752987,0.03601219840717207,-0.9467139181463862,0.3220757010206104,False
EVR_05,2025,2025-10-21,13.3679,18.0623,8.2137,0.0017,158.89622,8.138,3450.3101500000002,14.1,4.130300000000057,9.848600000000001,4.722900000000001,0.26391071459810556,0.14698912012601986,-0.573187508968374,0.00801738025505705,-0.9410336347451197,0.3383130181923076,False
EVR_05,2025,2025-10-22,16.27,20.9569,12.5794,0.0086,149.96362,11.768149999999999,3462.0783,13.700000000000001,0.6279000000000536,8.377500000000001,3.878499999999999,0.23344086960419738,0.1258627515052285,-0.5568069762396397,-0.03535045559365982,-0.9350748843515574,0.3544502230989869,False
EVR_05,2025,2025-10-23,16.9553,21.4881,13.5383,93.0695,126.82094,12.513199999999998,3474.5915,13.5,86.16840000000006,7.9498,1.883700000000001,0.21513465530231965,0.12151511271440874,-0.6041976605191146,-0.04849846945292238,-0.9288394302558068,0.3704825404820963,False
EVR_05,2025,2025-10-24,19.1581,23.1896,16.157,21.8643,130.09068,14.673299999999998,3489.2648,17.0,93.28790000000006,7.032599999999999,3.0888000000000027,0.2272979181637059,0.1295705569225722,-0.5885812343384248,-0.013685095797457497,-0.9223291176290545,0.3864052261209853,False
EVR_05,2025,2025-10-25,16.0687,19.2172,11.8062,27.1706,118.802216,10.5117,3499.7765,17.1,84.67740000000006,7.410999999999998,3.9679,0.20774106807070128,0.10300533476052734,-0.5999356405576735,-0.048258014173305636,-0.9155458729775467,0.40221356823680365,False
EVR_05,2025,2025-10-26,16.3777,20.9538,11.0346,2.1158,105.96967,10.9942,3510.7707,12.1,44.57930000000006,9.919200000000002,3.643700000000001,0.23680590886673727,0.15330018830002098,-0.5773876391466597,-0.020218479532950945,-0.9084917035725082,0.41790288888678667,False
EVR_05,2025,2025-10-27,17.6439,24.334,11.9083,215.9416,122.73916,13.12115,3523.89185,17.3,255.37210000000005,12.425699999999999,3.7369999999999983,0.23085886975253148,0.133187898109796,-0.6100993901966164,-0.019486904771377628,-0.9011686968561569,0.4334685453485363,False
EVR_05,2025,2025-10-28,13.5656,17.7531,10.6986,24.2085,114.17131,9.225850000000001,3533.1177000000002,14.7,278.97890000000007,7.054499999999999,2.9604999999999997,0.20614699348785764,0.10334818927998055,-0.570607978651053,-0.05776372111024791,-0.8935790198239952,0.4489059314938798,False
EVR_05,2025,2025-10-29,12.9958,17.5085,9.4786,0.1044,152.84517,8.49355,3541.61125,16.299999999999997,276.47470000000004,8.029900000000001,4.529,0.21777109308942305,0.127106114491508,-0.6241727570066364,-0.01566977651477433,-0.8857249183835637,0.4642104791518923,False
EVR_05,2025,2025-10-30,12.9341,18.7943,8.2635,0.3022,149.44669,8.5289,3550.14015,14.6,182.60740000000004,10.5308,3.268700000000001,0.19402567853714675,0.11025820199305039,-0.5835397167511859,-0.0211089767651729,-0.8776087166898392,0.4793776594606945,False
EVR_05,2025,2025-10-31,13.5822,18.8531,8.5389,0.0423,117.98784,8.696000000000002,3558.83615,10.4,167.38540000000003,10.314200000000001,2.3765,0.19707913380625883,0.10270148529258505,-0.6252338719603351,-0.03021878435744707,-0.8692328164574792,0.49440298420761813,False
EVR_05,2025,2025-11-01,13.5628,19.0849,10.47,0.9323,114.90518,9.777450000000002,3568.6136,11.5,146.74710000000005,8.6149,2.1121,0.19967405728213036,0.11457219155667095,-0.6418187832558295,-0.008067010788570916,-0.8605996962501181,0.5092820071573356,False
EVR_05,2025,2025-11-02,14.33,20.075,10.3736,0.1122,131.80755,10.2243,3578.8379,13.299999999999999,143.54350000000005,9.7014,3.2253000000000007,0.2120987643852491,0.11663728897767635,-0.6205489366100181,-0.02470714448148817,-0.8517119107469189,0.5240103253675756,False
EVR_05,2025,2025-11-03,13.8827,19.0345,10.2583,0.0096,126.01862,9.6464,3588.4843,11.6,-66.68849999999993,8.776200000000001,2.3188999999999993,0.2581575634705372,0.14297499119499688,-0.5470400694444435,0.027298693718005723,-0.8425720899866032,0.5385835804920232,False
EVR_05,2025,2025-11-04,14.4991,18.5565,11.2998,40.2814,96.94023,9.928149999999999,3598.41245,12.4,-48.31559999999994,7.2567,1.8261000000000003,0.25262762834366564,0.1192588904312123,-0.5726803036197418,0.046480634855808,-0.8331829385891785,0.5529974600700271,False
EVR_05,2025,2025-11-05,12.737,14.1947,12.0498,76.8677,37.282056,8.12225,3606.5347,12.3,32.447700000000054,2.1449,2.0944000000000003,0.20887364407097816,0.1207140350651491,-0.6182742268299966,-0.008897449018444886,-0.8235472349556007,0.5672476988027229,False
EVR_05,2025,2025-11-06,13.3322,14.6693,11.932,100.391,28.6156,8.300650000000001,3614.83535,14.1,133.03650000000007,2.7372999999999994,1.319700000000001,0.19725086336825215,0.11032440035357872,-0.5908959986215646,0.0032251848311053988,-0.8136678304455991,0.5813300798152042,False
EVR_05,2025,2025-11-07,14.9241,17.8252,12.913,43.6685,68.6955,10.3691,3625.20445,12.6,174.46270000000004,4.912199999999999,1.580499999999999,0.20188821250825698,0.09843322295881901,-0.602244839751928,0.0048090787019981485,-0.8035476485339116,0.5952404359043674,False
EVR_05,2025,2025-11-08,15.2767,18.8571,13.3508,2.912,91.28634,11.103949999999998,3636.3084,9.799999999999999,178.14240000000007,5.5062999999999995,1.2973,0.21084486976761643,0.1269336773195495,-0.5728901159246496,0.01117081248548607,-0.7931896839451843,0.6089746507720486,False
EVR_05,2025,2025-11-09,16.1591,20.4908,13.1627,37.2551,81.54622,11.82675,3648.13515,10.1,218.48530000000005,7.328100000000001,1.5289999999999981,0.2519122675246557,0.13283443792326868,-0.588395190003565,0.03981350313940657,-0.7825970017677834,0.6225286602431057,False
EVR_05,2025,2025-11-10,15.5405,20.1721,12.0636,5.623,79.30907,11.11785,3659.253,8.8,226.89870000000005,8.108500000000001,2.1799,0.21234521261661832,0.12046209737338257,-0.6113116101214058,-0.04581235085391888,-0.7717727365467836,0.6358984534680745,False
EVR_05,2025,2025-11-11,14.2658,16.6068,11.7053,197.1219,49.410696,9.15605,3668.40905,10.200000000000001,385.9392000000001,4.9015,1.4294000000000011,0.2276929829760391,0.12546740592742825,-0.5561687567218719,-0.024934645367626546,-0.7607200913564104,0.6490800741100398,False
EVR_05,2025,2025-11-12,12.3356,15.6699,9.945,13.5617,87.81057,7.807449999999999,3676.2165,11.9,323.0332000000001,5.7249,3.3247999999999998,0.2269289708739868,0.11904661957431566,-0.6417479561644253,0.018055326803008642,-0.7494423368521954,0.6620696215153815,False
EVR_05,2025,2025-11-13,11.1484,15.4165,7.2953,0.0381,115.737544,6.3559,3682.5724,10.9,225.8803000000001,8.121199999999998,2.905100000000001,0.1812389366434706,0.09467676183707158,-0.6052549823649628,-0.01601192672478155,-0.7379428103031386,0.6748632518680403,False
EVR_05,2025,2025-11-14,10.8278,14.8486,7.0135,0.2821,98.09932,5.931049999999999,3688.50345,8.9,186.19390000000004,7.8351,2.1115999999999993,0.2324459965066664,0.12180371642415035,-0.5674009923273096,0.030557783998409416,-0.7262249146041543,0.6874571793269664,False
EVR_05,2025,2025-11-15,10.8821,15.4945,7.3116,0.2164,94.65605,6.40305,3694.9065,8.4,184.89830000000006,8.1829,2.099,0.22661942254107395,0.14267715524083024,-0.5774439307731448,0.015774552773457517,-0.7142921172691032,0.699847677146407,False
EVR_05,2025,2025-11-16,12.086,16.8127,8.5532,0.0401,88.838056,7.68295,3702.58945,6.8999999999999995,150.88330000000005,8.2595,1.7615999999999996,0.22647557236898566,0.12297897241221593,-0.5879204523015692,-0.025436695155670014,-0.7021479494046978,0.7120310787787131,False
EVR_05,2025,2025-11-17,15.8087,19.4312,11.9065,0.0088,112.73535,10.668849999999999,3713.2583,10.9,143.16910000000007,7.524700000000001,3.7776999999999994,0.2145477068769004,0.10520563646853093,-0.5683072946628838,0.002202494260282073,-0.6897960046655887,0.7240037789593305,False
EVR_05,2025,2025-11-18,17.7973,20.5052,16.3268,2.6056,88.18027,13.415999999999997,3726.6743,12.3,-53.447199999999945,4.1784,4.7197,0.22623909836843853,0.13428911801246454,-0.6058192303667931,-0.0014538846076005696,-0.6772399381909491,0.7357622347736527,False
EVR_05,2025,2025-11-19,17.7168,21.1508,14.2686,0.5222,99.8194,12.709699999999998,3739.384,12.9,-67.48669999999996,6.882200000000001,4.7691,0.25323638400523535,0.15135017883887655,-0.5337619539643859,0.02630741313124854,-0.6644834655228552,0.7473029667054296,False
EVR_05,2025,2025-11-20,16.222,20.3559,13.7244,2.2667,97.05563,12.040149999999997,3751.42415,10.4,-64.75809999999994,6.631499999999999,3.092600000000001,0.25332148915434766,0.12994220921202596,-0.5879427708132166,0.07208255251087706,-0.6515303615068021,0.75862255966641,False
EVR_05,2025,2025-11-21,16.1785,21.5291,12.4178,0.3568,104.27973,11.97345,3763.3976,10.0,-65.78339999999994,9.1113,2.9132999999999996,0.26802244854376633,0.1658800098395196,-0.5379992693689528,0.03557645203709994,-0.6383844591746642,0.7697176640069211,False
EVR_05,2025,2025-11-22,16.8087,21.0496,13.4953,0.0247,108.51053,12.27245,3775.67005,11.5,-69.07509999999995,7.554300000000001,4.629500000000002,0.2675644774201717,0.17163390921631885,-0.5617293228168035,0.04094505487909775,-0.6250496486104377,0.7805849965070866,False
EVR_05,2025,2025-11-23,15.3161,18.8911,12.0331,63.921,76.36586,10.4621,3786.13215,11.1,-9.394199999999948,6.858000000000002,3.1668000000000003,0.24079967711915554,0.12367475062722987,-0.5890952183764739,0.014324104750169875,-0.6115298757991053,0.7912213413483807,False
EVR_05,2025,2025-11-24,11.0516,14.6106,7.328,16.7855,96.03402,5.9693000000000005,3792.10145,9.1,9.182500000000049,7.2825999999999995,2.4749,0.24657792371723122,0.13689304285285983,-0.5754820728204314,0.03203021684033083,-0.5978291414589552,0.801623551065242,False
EVR_05,2025,2025-11-25,10.9177,14.9684,6.4933,1.0571,105.78615,5.73085,3797.8323,9.4,10.534000000000049,8.475100000000001,3.2379999999999995,0.2141351558998383,0.10368315409845898,-0.6029195561262829,-0.01210394246860022,-0.5839514998576998,0.8117885474764613,False
EVR_05,2025,2025-11-26,14.5918,18.2825,11.7017,1.3828,89.40038,9.9921,3807.8244,8.7,15.59460000000005,6.580799999999998,3.5221999999999998,0.20341420372238728,0.12577822933051044,-0.6155562938971102,-0.04982218028284807,-0.5699010576127624,0.8217133225960589,False
EVR_05,2025,2025-11-27,14.7778,19.0348,11.37,2.0927,103.92025,10.2024,3818.0268,10.3,15.520600000000051,7.664800000000001,4.029299999999999,0.22141132088201318,0.12998762276050166,-0.6194550626000266,-0.03191016827233448,-0.5556819724760489,0.8313949395234058,False
EVR_05,2025,2025-11-28,13.2462,16.1865,11.3314,146.945,65.29996,8.758949999999999,3826.78575,8.5,163.60880000000003,4.855099999999998,2.0116999999999994,0.2499088605620721,0.1353376566220991,-0.5711196734591267,-0.01811358798169424,-0.5412984521036173,0.8408305333122887,False
EVR_05,2025,2025-11-29,11.6555,13.1518,9.3175,278.3008,26.397834,6.23465,3833.0204,7.6,445.7849,3.834299999999999,1.4720999999999993,0.22914575125978923,0.12979960513532474,-0.5507130443128802,-0.03841872616038247,-0.5267547528105542,0.8500173118187018,False
EVR_05,2025,2025-11-30,10.0671,12.7671,7.9558,23.427,64.930604,5.36145,3838.38185,8.3,408.0909,4.811299999999999,2.5218,0.19697653986404454,0.09801584806456914,-0.6044187379100051,-0.043823137255111,-0.5120551783114646,0.8589525565270845,False
EVR_05,2025,2025-12-01,9.3425,12.0773,7.5177,9.8303,88.369864,4.797499999999999,3843.17935,9.700000000000001,400.53569999999996,4.5596,3.3664999999999994,0.2276552271745416,0.11752362967195149,-0.5906756606405653,-0.018922696542689632,-0.4972040784469378,0.8676336233547726,False
EVR_05,2025,2025-12-02,8.7715,12.3476,5.6621,0.4291,93.61714,4.004849999999999,3847.1842,7.3,402.0077,6.6855,2.7515,0.23066304164672138,0.133584459156793,-0.6130080860096491,0.016527885746883075,-0.4822058478963526,0.8760579434344281,False
EVR_05,2025,2025-12-03,8.9375,13.1992,5.9734,0.0259,76.225176,4.5863,3851.7705,5.6,403.75079999999997,7.2258,1.5058999999999996,0.21407973798252616,0.11597653484842048,-0.5855165411724058,0.010665534260138887,-0.46706492487743034,0.8842230238742036,False
EVR_05,2025,2025-12-04,10.3745,14.555,5.6007,0.0556,81.43552,5.07785,3856.84835,7.0,405.01370000000003,8.9543,2.1579999999999995,0.22588576830897963,0.13935175357859314,-0.582724673702651,0.004474447426966455,-0.451785789832884,0.8921264484954345,False
EVR_05,2025,2025-12-05,12.4408,16.713,9.0422,8.3732,88.54339,7.877600000000001,3864.72595,9.5,265.44190000000003,7.670800000000002,2.9082999999999988,0.22287204214253745,0.1301002198302397,-0.5814833319170886,-0.027036818419534647,-0.4363729641045924,0.8997658785476209,False
EVR_05,2025,2025-12-06,13.6342,17.8389,11.5067,1.0788,91.521256,9.672799999999999,3874.39875,9.6,-13.780099999999944,6.3321999999999985,2.8942999999999994,0.26162111531130455,0.1476797357172482,-0.5503591593389883,0.032475364051515326,-0.42083100859565564,0.9071390534005044,False
EVR_05,2025,2025-12-07,8.9117,12.155,5.3841,16.8985,55.37898,3.769549999999999,3878.1683,10.3,-22.308599999999945,6.770899999999999,2.3026,0.23282439013422218,0.12145207434630627,-0.5968477456663981,0.035847850270177645,-0.4051645224207563,0.9142437912130223,False
EVR_05,2025,2025-12-08,6.4258,8.9391,5.1056,1.6563,82.82893,2.0223499999999994,3880.19065,9.6,-30.382599999999943,3.8335,4.2898,0.23441557103773228,0.1399251155114913,-0.5968469583017838,0.006760343863190688,-0.3893781415452015,0.9210779895789526,False
EVR_05,2025,2025-12-09,6.0741,8.6764,3.7471,0.0727,50.5184,1.2117499999999994,3881.4024,5.6,-29.038999999999945,4.9293,3.8568,0.24298229637227114,0.1546975182303762,-0.5510988272383743,0.01231925472554976,-0.37347653741307074,0.9276396261490467,False
EVR_05,2025,2025-12-10,6.7725,10.8062,3.7561,0.0188,79.43864,2.2811500000000002,3883.68355,5.5,-28.946099999999944,7.0501000000000005,2.6627,0.24449237514289743,0.13854963788002625,-0.582877752820158,0.030412637160371264,-0.3574644155648614,0.9339267592294762,False
EVR_05,2025,2025-12-11,8.931,12.9979,4.6741,0.0896,73.61432,3.8360000000000003,3887.51955,5.2,-27.112099999999945,8.323799999999999,1.9673999999999996,0.2776547982581873,0.16744246334048277,-0.5369460946083983,0.05176902994920765,-0.34134651424503615,0.9399375283564133,False
EVR_05,2025,2025-12-12,8.4297,12.5706,5.7396,5.5059,64.51987,4.155100000000001,3891.67465,5.1000000000000005,-25.579399999999946,6.831,1.2626000000000008,0.24968725329493338,0.1281666540009161,-0.5741073306487444,0.026815211152395935,-0.3251276029999093,0.9456701548465688,False
EVR_05,2025,2025-12-13,8.1449,11.3956,5.8195,0.3924,79.34716,3.60755,3895.2822,6.7,-23.365799999999947,5.5761,3.0027999999999997,0.2388169786724025,0.12406932970758158,-0.5593675285957675,-0.022804136638902045,-0.30881248126625377,0.9511229423235357,False
EVR_05,2025,2025-12-14,6.7841,10.8415,3.7751,0.0277,91.746936,2.3083,3897.5905,6.7,-36.636599999999945,7.0664,3.2134999999999994,0.25513008965792927,0.13576697930824927,-0.5584764230317949,0.02230569952370709,-0.29240597695107734,0.9562942772197719,False
EVR_05,2025,2025-12-15,5.9242,9.6725,2.723,0.0315,96.33412,1.1977499999999992,3898.78825,6.7,-35.361399999999946,6.9495,3.484,0.2714542522646487,0.1791308717402931,-0.5274976455594756,0.03703868122691642,-0.27591294500296043,0.9611826292540837,False
EVR_05,2025,2025-12-16,5.9075,10.4229,2.4313,0.0027,91.447784,1.4271000000000003,3900.21535,5.6,-35.43139999999994,7.9916,2.4732,0.26174230510354657,0.14324422322360103,-0.5694996123378067,0.018760008731275424,-0.2593382659754056,0.9657865518844574,False
EVR_05,2025,2025-12-17,6.5829,11.9959,2.274,0.0088,96.26416,2.13495,3902.3503,5.4,-35.34139999999994,9.721900000000002,2.158200000000001,0.27211275880728314,0.15838368816231996,-0.5280818702117729,0.02762038366438571,-0.2426868445825954,0.9701046827361175,False
EVR_05,2025,2025-12-18,5.7014,9.9981,2.2437,0.1324,77.24922,1.1209000000000007,3903.4712,5.2,-35.298599999999944,7.7544,2.1885999999999997,0.2744914074245953,0.13233029887330205,-0.5783383387226446,-0.0031633908335919614,-0.22596360824801906,0.974135744004672,False
EVR_05,2025,2025-12-19,6.5078,12.7549,1.2923,0.0303,89.35868,2.0236,3905.4948,6.1000000000000005,-41.77419999999994,11.462599999999998,2.3034999999999997,0.26873692050860637,0.140589825926144,-0.5590631438648167,0.01904966721367299,-0.20917350564635637,0.9778785428342386,False
EVR_05,2025,2025-12-20,8.491,12.2153,3.9341,0.6663,54.66672,3.0747,3908.5695,4.1000000000000005,-38.900299999999945,8.281199999999998,2.0702,0.2601307692706242,0.1614001980021027,-0.5613268692643081,0.021313790598221666,-0.19232150523909483,0.9813319716704275,False
EVR_05,2025,2025-12-21,9.3487,11.7367,7.3277,12.2738,32.56474,4.5322,3913.1017,4.2,-24.154199999999946,4.409000000000001,1.3938999999999995,0.2973840291200036,0.15357412480422697,-0.5150455093049701,0.04225393946207434,-0.17541259380427843,0.9844950085880858,False
EVR_05,2025,2025-12-22,8.9651,11.6971,6.0929,3.1192,52.65285,3.8949999999999996,3916.9967,6.8999999999999995,-21.266499999999944,5.6042000000000005,2.0753999999999992,0.27303961770151713,0.15682706696975718,-0.555752954202384,0.0015853654368684356,-0.15845177496083632,0.9873667175937016,False
EVR_05,2025,2025-12-23,7.1867,11.3504,4.5452,0.2014,87.89191,2.947800000000001,3919.9445,6.3,-21.767799999999944,6.8052,2.5838,0.2454254944936528,0.12300182209522859,-0.6090007690419301,-0.01631681060989376,-0.14144406768794202,0.9899462489023779,False
EVR_05,2025,2025-12-24,8.7755,11.9284,5.2877,4.3689,51.11347,3.6080500000000004,3923.55255,4.1000000000000005,-16.107699999999944,6.6407,1.946699999999999,0.2731353543227206,0.14275213426828007,-0.5482071711183553,0.0010225955154374855,-0.12439450483979998,0.9922328391893008,False
EVR_05,2025,2025-12-25,9.4673,10.5919,6.8855,123.3309,22.45216,3.7387000000000015,3927.29125,10.3,101.99080000000006,3.7064000000000004,1.279,0.2220434732361453,0.12052165305885232,-0.5902425336459924,-0.052447934188450035,-0.10730813165636247,0.9942258118156161,False
EVR_05,2025,2025-12-26,5.1968,7.8034,2.0293,11.0649,85.42385,0.0,3927.29125,12.4,106.72540000000006,5.7741,3.7279999999999998,0.22546267645749765,0.1250793728264785,-0.5919172715415628,-0.04327424405110872,-0.09019000427034513,0.9959245770286599,False
EVR_05,2025,2025-12-27,2.9781,5.5318,-0.2267,0.4981,78.00315,0.0,3927.29125,6.6,104.05720000000007,5.7585,4.7389,0.24150306241627414,0.13720285377586833,-0.5893580885977009,-0.01862770685435003,-0.07304518821104743,0.9973286321364752,False
EVR_05,2025,2025-12-28,4.1145,9.1772,-0.1747,4.1957,53.674496,0.0,3927.29125,5.5,94.67910000000008,9.351899999999999,3.6911999999999994,0.21295999602513244,0.12021903818331792,-0.6161172088366847,-0.08442403309487118,-0.05587875690537313,0.9984375616565666,False
EVR_05,2025,2025-12-29,3.3649,7.2444,-1.6264,0.3454,100.76953,0.0,3927.29125,7.4,91.40530000000007,8.8708,5.523,0.2514430766061341,0.12250135020983742,-0.565339540174688,-0.02159654109538306,-0.03869579017652689,0.9992510374388481,False
EVR_05,2025,2025-12-30,8.0202,13.946,1.4724,60.547,81.799176,2.7092,3930.00045,9.700000000000001,148.35090000000005,12.4736,4.480500000000001,0.2080162471895581,0.10412621934951119,-0.5972745380146407,-0.0374092473040947,-0.021501372740813793,0.999768818762748,False
EVR_05,2025,2025-12-31,0.0956,3.0423,-3.9597,7.2677,90.75046,0.0,3930.00045,9.299999999999999,146.04970000000006,7.002000000000001,8.4178,0.23847929013664856,0.1220523755210308,-0.6240644771736003,-0.03465606418607206,-0.004300592702981974,0.9999907524084426,False
